date,open,high,low,close,volume,adjclose
2021-10-04,52.06999969482422,53.2599983215332,51.97999954223633,53.15999984741211,2718900,44.98814392089844
2021-10-05,53.720001220703125,53.939998626708984,52.9900016784668,53.599998474121094,1871900,45.36050033569336
2021-10-06,53.0,53.959999084472656,52.4900016784668,53.689998626708984,2259700,45.436668395996094
2021-10-07,53.470001220703125,54.439998626708984,52.77000045776367,52.959999084472656,3051700,44.818885803222656
2021-10-08,53.13999938964844,53.869998931884766,52.689998626708984,53.0,1804300,44.85273742675781
2021-10-11,53.28499984741211,54.32699966430664,52.33000183105469,52.439998626708984,2107500,44.378814697265625
2021-10-12,52.459999084472656,53.08000183105469,52.220001220703125,52.91999816894531,2001800,44.7850341796875
2021-10-13,53.22999954223633,53.2599983215332,52.13999938964844,52.41999816894531,2955100,44.36189270019531
2021-10-14,53.099998474121094,53.310001373291016,52.290000915527344,53.220001220703125,3190900,45.038917541503906
2021-10-15,53.869998931884766,55.470001220703125,53.779998779296875,54.900001525878906,2940100,46.460670471191406
2021-10-18,54.81999969482422,55.70000076293945,54.59000015258789,54.86000061035156,1941800,46.42681121826172
2021-10-19,54.939998626708984,55.22999954223633,54.380001068115234,54.65999984741211,1809600,46.2575569152832
2021-10-20,54.560001373291016,55.91999816894531,54.349998474121094,55.810001373291016,2334600,47.23078155517578
2021-10-21,55.40999984741211,56.279998779296875,52.54800033569336,52.970001220703125,5692500,44.82734680175781
2021-10-22,52.90999984741211,53.310001373291016,50.58000183105469,50.70000076293945,5975200,42.90629577636719
2021-10-25,51.04999923706055,52.31999969482422,50.75,51.36000061035156,3409900,43.46485137939453
2021-10-26,51.4900016784668,51.79999923706055,50.27000045776367,50.36000061035156,3741700,42.618560791015625
2021-10-27,50.0,50.15999984741211,47.22999954223633,47.29999923706055,8073200,40.02894973754883
2021-10-28,47.43000030517578,48.27000045776367,47.2599983215332,47.93000030517578,3435200,40.56210708618164
2021-10-29,47.529998779296875,48.099998474121094,47.31999969482422,47.7400016784668,3020900,40.613155364990234
2021-11-01,48.099998474121094,49.58000183105469,48.08000183105469,49.22999954223633,3096500,41.880714416503906
2021-11-02,49.08000183105469,49.2869987487793,48.56999969482422,49.099998474121094,2506200,41.7701301574707
2021-11-03,49.18000030517578,50.36000061035156,48.974998474121094,50.060001373291016,4048200,42.58681106567383
2021-11-04,49.849998474121094,50.54499816894531,48.869998931884766,49.15999984741211,2792500,41.82115936279297
2021-11-05,49.77000045776367,50.54999923706055,49.45000076293945,49.45000076293945,2685500,42.067874908447266
2021-11-08,50.040000915527344,50.619998931884766,49.040000915527344,49.31999969482422,3309700,41.95728302001953
2021-11-09,48.9900016784668,49.29999923706055,48.41999816894531,49.08000183105469,4067500,41.75311279296875
2021-11-10,49.279998779296875,50.29999923706055,49.13999938964844,49.459999084472656,2480300,42.076377868652344
2021-11-11,49.720001220703125,50.720001220703125,49.720001220703125,50.4900016784668,2180800,42.9526252746582
2021-11-12,50.61000061035156,50.93600082397461,50.290000915527344,50.58000183105469,2664300,43.0291862487793
2021-11-15,50.5,50.810001373291016,49.90999984741211,49.93000030517578,2630200,42.476219177246094
2021-11-16,49.79999923706055,50.029998779296875,48.540000915527344,48.720001220703125,4195400,41.44684982299805
2021-11-17,48.47999954223633,48.68000030517578,47.869998931884766,48.0,3357000,40.83434295654297
2021-11-18,47.939998626708984,48.709999084472656,47.560001373291016,48.5099983215332,4025100,41.268192291259766
2021-11-19,47.970001220703125,48.29999923706055,47.16999816894531,47.93000030517578,3410800,40.774784088134766
2021-11-22,48.54999923706055,49.619998931884766,48.27000045776367,49.0099983215332,4325500,41.69355010986328
2021-11-23,49.099998474121094,50.20000076293945,48.90999984741211,50.04999923706055,2799900,42.57830047607422
2021-11-24,49.619998931884766,50.560001373291016,49.61000061035156,49.93000030517578,2267700,42.476219177246094
2021-11-26,47.9900016784668,48.959999084472656,47.439998626708984,48.380001068115234,1971100,41.15760803222656
2021-11-29,48.81999969482422,49.18600082397461,47.36000061035156,47.709999084472656,2915800,40.587623596191406
2021-11-30,47.0099983215332,47.619998931884766,45.720001220703125,45.83000183105469,6874700,38.98828887939453
2021-12-01,46.66999816894531,47.31999969482422,44.959999084472656,44.970001220703125,3262100,38.25667190551758
2021-12-02,45.970001220703125,47.474998474121094,45.56999969482422,47.22999954223633,3589200,40.17927932739258
2021-12-03,47.220001220703125,47.409000396728516,45.91999816894531,46.310001373291016,3330700,39.396636962890625
2021-12-06,47.040000915527344,47.93000030517578,46.630001068115234,47.029998779296875,4453400,40.00914001464844
2021-12-07,47.790000915527344,48.75,47.5099983215332,48.34000015258789,2814400,41.12358474731445
2021-12-08,48.119998931884766,48.70500183105469,47.470001220703125,48.439998626708984,2474800,41.20866012573242
2021-12-09,48.150001525878906,48.849998474121094,48.04999923706055,48.310001373291016,1869800,41.098052978515625
2021-12-10,48.81999969482422,48.959999084472656,47.82500076293945,48.630001068115234,2379500,41.37028503417969
2021-12-13,48.40999984741211,48.470001220703125,47.099998474121094,47.18000030517578,2254900,40.13674545288086
2021-12-14,47.02000045776367,48.59000015258789,46.900001525878906,48.08000183105469,3360500,40.90239715576172
2021-12-15,47.790000915527344,48.040000915527344,46.790000915527344,47.84000015258789,2951100,40.69822311401367
2021-12-16,48.61000061035156,48.84000015258789,47.279998779296875,47.36000061035156,2909100,40.28988265991211
2021-12-17,46.810001373291016,46.89500045776367,45.52000045776367,46.2400016784668,6247000,39.33707809448242
2021-12-20,45.27000045776367,45.404998779296875,44.17499923706055,45.029998779296875,3547000,38.307708740234375
2021-12-21,45.61000061035156,46.689998626708984,45.540000915527344,46.459999084472656,2534200,39.524227142333984
2021-12-22,46.33000183105469,47.7599983215332,46.25,47.2400016784668,3083700,40.18780517578125
2021-12-23,47.619998931884766,48.0890007019043,47.439998626708984,47.58000183105469,2047100,40.47704315185547
2021-12-27,47.650001525878906,48.060001373291016,47.380001068115234,47.630001068115234,1025200,40.519569396972656
2021-12-28,47.439998626708984,48.4900016784668,47.38999938964844,47.900001525878906,1338200,40.749271392822266
2021-12-29,47.97999954223633,48.5,47.85499954223633,47.95000076293945,1336300,40.791805267333984
2021-12-30,47.939998626708984,48.400001525878906,47.540000915527344,47.59000015258789,1235500,40.48554611206055
2021-12-31,47.5099983215332,48.040000915527344,47.400001525878906,47.61000061035156,1275100,40.5025520324707
2022-01-03,48.0,48.86000061035156,47.689998626708984,48.58000183105469,1713200,41.327754974365234
2022-01-04,49.27000045776367,49.95000076293945,49.08000183105469,49.7400016784668,2258600,42.314571380615234
2022-01-05,49.90999984741211,50.130001068115234,48.52000045776367,48.63999938964844,1868800,41.3787956237793
2022-01-06,49.33000183105469,49.630001068115234,48.45000076293945,49.459999084472656,1923500,42.076377868652344
2022-01-07,49.290000915527344,50.380001068115234,49.040000915527344,49.90999984741211,2110200,42.459205627441406
2022-01-10,50.689998626708984,50.81700134277344,49.22999954223633,50.15999984741211,1924500,42.671878814697266
2022-01-11,50.15999984741211,50.779998779296875,49.7400016784668,50.540000915527344,1961400,42.995155334472656
2022-01-12,52.91999816894531,53.040000915527344,51.290000915527344,52.040000915527344,5196300,44.2712287902832
2022-01-13,52.29999923706055,53.83000183105469,52.29999923706055,52.7599983215332,3993100,44.88373565673828
2022-01-14,51.83000183105469,52.66999816894531,51.2599983215332,52.63999938964844,2916100,44.78165817260742
2022-01-18,52.599998474121094,52.915000915527344,50.52000045776367,50.810001373291016,4839900,43.22484588623047
2022-01-19,50.369998931884766,50.810001373291016,48.9900016784668,48.9900016784668,3902600,41.676551818847656
2022-01-20,49.099998474121094,50.31999969482422,48.7130012512207,48.97999954223633,3933700,41.668033599853516
2022-01-21,47.41999816894531,48.439998626708984,46.619998931884766,47.060001373291016,7044800,40.03466033935547
2022-01-24,46.150001525878906,46.93000030517578,44.439998626708984,46.68000030517578,8444700,39.71139907836914
2022-01-25,45.790000915527344,48.98500061035156,45.790000915527344,48.40999984741211,6177200,41.183135986328125
2022-01-26,49.0,49.40999984741211,47.70000076293945,48.22999954223633,5511800,41.03000259399414
2022-01-27,49.06999969482422,49.349998474121094,46.69499969482422,47.119998931884766,4563700,40.0857048034668
2022-01-28,46.81999969482422,47.209999084472656,45.65999984741211,46.77000045776367,3799100,39.787967681884766
2022-01-31,46.22999954223633,47.7400016784668,46.0,47.720001220703125,4482100,40.85822677612305
2022-02-01,47.779998779296875,49.084999084472656,47.540000915527344,49.029998779296875,4214400,41.9798469543457
2022-02-02,48.84000015258789,49.119998931884766,47.81999969482422,48.970001220703125,3542400,41.92847442626953
2022-02-03,48.86000061035156,49.29999923706055,48.224998474121094,48.33000183105469,2792200,41.380496978759766
2022-02-04,48.349998474121094,48.869998931884766,47.56999969482422,48.56999969482422,3309200,41.58599853515625
2022-02-07,48.54999923706055,48.90999984741211,48.060001373291016,48.18000030517578,2738900,41.252071380615234
2022-02-08,48.459999084472656,49.20000076293945,48.19499969482422,49.130001068115234,3926500,42.06547546386719
2022-02-09,49.45000076293945,50.220001220703125,49.209999084472656,49.97999954223633,4015500,42.79323959350586
2022-02-10,49.95000076293945,50.91999816894531,49.11000061035156,49.279998779296875,2957500,42.19389343261719
2022-02-11,49.0,49.91999816894531,48.189998626708984,48.5,3283100,41.526058197021484
2022-02-14,48.7400016784668,49.33000183105469,47.86000061035156,48.34000015258789,3036900,41.389068603515625
2022-02-15,48.970001220703125,49.970001220703125,48.83000183105469,49.84000015258789,2767100,42.673377990722656
2022-02-16,49.810001373291016,51.04999923706055,49.810001373291016,50.439998626708984,2267800,43.18710708618164
2022-02-17,50.0,50.459999084472656,49.029998779296875,49.34000015258789,2639400,42.24527359008789
2022-02-18,49.0099983215332,50.35499954223633,49.0099983215332,49.7599983215332,2864900,42.604888916015625
2022-02-22,49.2400016784668,50.43000030517578,48.939998626708984,49.279998779296875,5107100,42.19389343261719
2022-02-23,49.529998779296875,49.970001220703125,47.970001220703125,48.11000061035156,2989100,41.19213104248047
2022-02-24,46.494998931884766,48.56999969482422,45.939998626708984,48.279998779296875,4878200,41.33768844604492
2022-02-25,48.65999984741211,50.630001068115234,48.65999984741211,50.470001220703125,2531200,43.21278381347656
2022-02-28,49.189998626708984,50.505001068115234,49.189998626708984,49.900001525878906,4161100,42.72475051879883
2022-03-01,49.209999084472656,49.599998474121094,46.220001220703125,46.310001373291016,5001200,39.65096664428711
2022-03-02,46.720001220703125,47.54999923706055,46.29999923706055,47.13999938964844,3587500,40.361610412597656
2022-03-03,47.119998931884766,47.59000015258789,45.220001220703125,46.61000061035156,3765700,39.90782165527344
2022-03-04,45.54999923706055,45.59000015258789,44.060001373291016,44.790000915527344,4201500,38.34952926635742
2022-03-07,44.22999954223633,44.36000061035156,40.72999954223633,40.810001373291016,7099400,34.94182586669922
2022-03-08,40.810001373291016,43.02000045776367,39.849998474121094,41.20000076293945,5747300,35.2757453918457
2022-03-09,42.869998931884766,44.060001373291016,42.630001068115234,42.88999938964844,3153000,36.72272872924805
2022-03-10,41.959999084472656,42.459999084472656,41.130001068115234,41.97999954223633,4229600,35.94359588623047
2022-03-11,42.599998474121094,42.935001373291016,41.349998474121094,41.380001068115234,3828400,35.42985916137695
2022-03-14,41.5,42.369998931884766,41.0,41.650001525878906,7427100,35.66103744506836
2022-03-15,41.900001525878906,42.84000015258789,41.005001068115234,41.439998626708984,5807600,35.481231689453125
2022-03-16,42.15999984741211,44.084999084472656,42.0099983215332,43.369998931884766,4794800,37.13371276855469
2022-03-17,42.189998626708984,44.16999816894531,42.0099983215332,44.150001525878906,3696600,37.801551818847656
2022-03-18,43.63999938964844,44.97999954223633,43.16999816894531,44.959999084472656,11738800,38.495079040527344
2022-03-21,45.029998779296875,45.459999084472656,43.43000030517578,43.79999923706055,3113200,37.50188446044922
2022-03-22,44.349998474121094,45.59000015258789,44.29399871826172,45.34000015258789,3535500,38.820438385009766
2022-03-23,44.95000076293945,45.08000183105469,43.81999969482422,44.18000030517578,3651900,37.827239990234375
2022-03-24,44.40999984741211,44.810001373291016,44.130001068115234,44.77000045776367,3154400,38.33240509033203
2022-03-25,44.93000030517578,45.2400016784668,44.59000015258789,44.83000183105469,2913700,38.3837776184082
2022-03-28,43.970001220703125,44.209999084472656,42.93000030517578,43.810001373291016,3469000,37.51044845581055
2022-03-29,44.529998779296875,45.22999954223633,44.369998931884766,45.150001525878906,5305400,38.657772064208984
2022-03-30,45.16999816894531,45.650001525878906,44.255001068115234,44.560001373291016,3290000,38.15260314941406
2022-03-31,44.59000015258789,44.78499984741211,43.47999954223633,43.47999954223633,4171500,37.2278938293457
2022-04-01,44.08000183105469,44.63999938964844,43.72999954223633,43.97999954223633,3221900,37.6559944152832
2022-04-04,44.0,44.31999969482422,43.349998474121094,43.439998626708984,4250700,37.19364547729492
2022-04-05,43.38999938964844,44.09000015258789,42.720001220703125,42.959999084472656,4799400,36.782657623291016
2022-04-06,42.7400016784668,43.11000061035156,42.310001373291016,42.779998779296875,4306100,36.62854766845703
2022-04-07,42.7599983215332,42.959999084472656,41.400001525878906,42.209999084472656,3607100,36.14051055908203
2022-04-08,42.2400016784668,43.470001220703125,42.02000045776367,42.88999938964844,4420700,36.72272872924805
2022-04-11,42.45000076293945,43.7599983215332,42.45000076293945,42.61000061035156,4185600,36.482994079589844
2022-04-12,42.7599983215332,43.900001525878906,42.560001373291016,42.970001220703125,3320300,36.79123306274414
2022-04-13,42.45000076293945,43.52000045776367,42.400001525878906,43.369998931884766,3458600,37.13371276855469
2022-04-14,42.5,42.970001220703125,40.79999923706055,41.220001220703125,7316800,35.29286575317383
2022-04-18,41.0,44.2400016784668,40.900001525878906,43.7599983215332,5208700,37.46763229370117
2022-04-19,43.779998779296875,45.21500015258789,43.779998779296875,44.810001373291016,4937800,38.36665344238281
2022-04-20,44.81999969482422,45.06999969482422,43.93000030517578,44.25,9755300,37.887176513671875
2022-04-21,44.95000076293945,45.41999816894531,42.722999572753906,43.11000061035156,5009300,36.911094665527344
2022-04-22,43.005001068115234,43.125,41.540000915527344,41.59000015258789,4124300,35.60966110229492
2022-04-25,41.209999084472656,42.150001525878906,40.91999816894531,42.040000915527344,3283600,35.994956970214844
2022-04-26,41.5,41.939998626708984,40.54999923706055,40.59000015258789,4263900,34.75345993041992
2022-04-27,40.20000076293945,40.93000030517578,39.7599983215332,40.209999084472656,4108600,34.428104400634766
2022-04-28,40.58000183105469,41.70500183105469,40.19499969482422,41.54999923706055,3552200,35.57542037963867
2022-04-29,41.040000915527344,41.79999923706055,39.86000061035156,39.959999084472656,4178100,34.46288299560547
2022-05-02,40.0,40.709999084472656,39.619998931884766,40.599998474121094,3382900,35.01483154296875
2022-05-03,40.779998779296875,41.939998626708984,40.59000015258789,41.34000015258789,4645100,35.653038024902344
2022-05-04,41.47999954223633,43.72999954223633,41.15999984741211,43.59000015258789,4202300,37.593502044677734
2022-05-05,43.0,43.599998474121094,42.13999938964844,43.18000030517578,4062000,37.23991012573242
2022-05-06,43.16999816894531,43.275001525878906,41.470001220703125,41.81999969482422,3167200,36.06700134277344
2022-05-09,41.16999816894531,41.84000015258789,40.31999969482422,40.599998474121094,3204900,35.01483154296875
2022-05-10,40.790000915527344,41.33000183105469,39.130001068115234,40.189998626708984,4450100,34.661231994628906
2022-05-11,40.189998626708984,41.22999954223633,38.66999816894531,38.720001220703125,5107800,33.39345932006836
2022-05-12,38.20000076293945,38.96500015258789,37.04999923706055,38.150001525878906,5941600,32.90187454223633
2022-05-13,38.880001068115234,40.279998779296875,38.7400016784668,39.58000183105469,3019400,34.13515090942383
2022-05-16,39.209999084472656,39.439998626708984,38.150001525878906,38.72999954223633,2424000,33.40208053588867
2022-05-17,40.61000061035156,41.27000045776367,40.209999084472656,41.13999938964844,3931100,35.48054122924805
2022-05-18,40.310001373291016,40.75,38.849998474121094,39.0,3069200,33.634944915771484
2022-05-19,38.400001525878906,39.44499969482422,38.369998931884766,38.65999984741211,3861600,33.341705322265625
2022-05-20,39.08000183105469,39.5,37.209999084472656,38.66999816894531,3526600,33.35033416748047
2022-05-23,39.58000183105469,40.88999938964844,39.439998626708984,40.38999938964844,3702400,34.83372497558594
2022-05-24,40.029998779296875,40.0620002746582,38.72999954223633,39.2599983215332,2880900,33.85917282104492
2022-05-25,38.9900016784668,40.58000183105469,38.77000045776367,40.29999923706055,2847900,34.756107330322266
2022-05-26,40.84000015258789,42.06100082397461,40.84000015258789,41.81999969482422,3166100,36.06700134277344
2022-05-27,42.04999923706055,43.16999816894531,41.77000045776367,43.15999984741211,3225900,37.222660064697266
2022-05-31,42.790000915527344,44.27000045776367,42.529998779296875,44.040000915527344,6809000,37.981605529785156
2022-06-01,44.279998779296875,44.33000183105469,41.724998474121094,42.33000183105469,3398200,36.5068473815918
2022-06-02,42.369998931884766,43.18000030517578,42.15999984741211,43.15999984741211,1842800,37.222660064697266
2022-06-03,42.560001373291016,42.90999984741211,42.09000015258789,42.349998474121094,1591200,36.52408981323242
2022-06-06,42.66999816894531,43.22999954223633,42.310001373291016,42.56999969482422,2208900,36.71383285522461
2022-06-07,42.06999969482422,43.055999755859375,42.06999969482422,42.880001068115234,2445900,36.98118209838867
2022-06-08,42.369998931884766,42.814998626708984,41.47999954223633,41.709999084472656,1825300,35.97214126586914
2022-06-09,41.58000183105469,41.72999954223633,40.400001525878906,40.459999084472656,2106500,34.89409255981445
2022-06-10,39.04999923706055,39.66999816894531,37.5099983215332,37.54999923706055,6330400,32.3844108581543
2022-06-13,36.15999984741211,36.5099983215332,34.189998626708984,34.380001068115234,6283700,29.650497436523438
2022-06-14,34.470001220703125,34.97999954223633,33.849998474121094,34.08000183105469,5789400,29.39176368713379
2022-06-15,34.599998474121094,35.369998931884766,34.08000183105469,34.83000183105469,4699400,30.038585662841797
2022-06-16,33.77000045776367,33.83000183105469,32.04999923706055,32.2400016784668,5855600,27.804882049560547
2022-06-17,31.969999313354492,33.29999923706055,31.65999984741211,32.81999969482422,8700500,28.305095672607422
2022-06-21,34.29999923706055,34.415000915527344,32.95500183105469,33.20000076293945,3931000,28.6328182220459
2022-06-22,32.58000183105469,33.40999984741211,32.4900016784668,33.11000061035156,3472900,28.55520248413086
2022-06-23,33.150001525878906,33.525001525878906,32.52000045776367,33.4900016784668,3143400,28.882930755615234
2022-06-24,34.040000915527344,35.78499984741211,33.900001525878906,35.150001525878906,4966600,30.3145694732666
2022-06-27,35.40999984741211,35.72999954223633,34.720001220703125,34.79999923706055,3275100,30.012710571289062
2022-06-28,35.400001525878906,36.029998779296875,34.400001525878906,34.5,2939800,29.75397491455078
2022-06-29,34.310001373291016,34.43000030517578,33.529998779296875,34.08000183105469,3217500,29.39176368713379
2022-06-30,33.279998779296875,34.0,32.79999923706055,33.5099983215332,3364500,28.900171279907227
2022-07-01,33.18000030517578,34.54999923706055,33.18000030517578,34.20000076293945,2304700,29.495258331298828
2022-07-05,33.189998626708984,34.56999969482422,32.81999969482422,34.54999923706055,3023600,29.797100067138672
2022-07-06,34.540000915527344,35.154998779296875,33.83000183105469,34.13999938964844,4156700,29.44350814819336
2022-07-07,34.630001068115234,35.04999923706055,34.29999923706055,34.9900016784668,2404500,30.176584243774414
2022-07-08,34.959999084472656,35.2400016784668,34.39500045776367,34.7400016784668,2318700,29.96097183227539
2022-07-11,34.13999938964844,34.68000030517578,34.040000915527344,34.11000061035156,2547500,29.417634963989258
2022-07-12,33.689998626708984,34.97999954223633,33.6150016784668,34.060001373291016,3425500,29.374509811401367
2022-07-13,33.29999923706055,33.900001525878906,33.04999923706055,33.63999938964844,3362500,29.01228904724121
2022-07-14,32.68000030517578,33.165000915527344,32.08000183105469,33.13999938964844,4228200,28.581073760986328
2022-07-15,34.04999923706055,34.53499984741211,33.2599983215332,34.43000030517578,3052700,29.6936092376709
2022-07-18,35.08000183105469,35.47999954223633,34.369998931884766,34.56999969482422,4606900,29.814353942871094
2022-07-19,33.0,34.16999816894531,32.43000030517578,33.31999969482422,8490900,28.736310958862305
2022-07-20,33.0,33.91999816894531,32.95000076293945,33.880001068115234,4503800,29.219276428222656
2022-07-21,33.599998474121094,34.029998779296875,33.08000183105469,34.0099983215332,3774000,29.331390380859375
2022-07-22,34.16999816894531,34.63999938964844,33.20000076293945,33.47999954223633,3169800,28.874296188354492
2022-07-25,32.97999954223633,33.36000061035156,32.06999969482422,33.08000183105469,4944400,28.529329299926758
2022-07-26,32.72999954223633,32.88999938964844,31.68000030517578,31.790000915527344,3316300,27.41678810119629
2022-07-27,32.0099983215332,33.06999969482422,31.959999084472656,32.93000030517578,2796200,28.39996337890625
2022-07-28,32.95000076293945,33.060001373291016,31.959999084472656,32.599998474121094,3341800,28.1153564453125
2022-07-29,32.5,33.36000061035156,32.349998474121094,33.06999969482422,3244100,28.78559684753418
2022-08-01,32.939998626708984,33.869998931884766,32.65999984741211,33.43000030517578,3597100,29.098966598510742
2022-08-02,33.150001525878906,33.2400016784668,32.13999938964844,32.13999938964844,2942800,27.976089477539062
2022-08-03,32.709999084472656,33.185001373291016,32.560001373291016,33.0,3271900,28.724674224853516
2022-08-04,32.79999923706055,33.06999969482422,32.52000045776367,32.7599983215332,2459900,28.515762329101562
2022-08-05,32.599998474121094,33.119998931884766,32.40999984741211,32.58000183105469,2764800,28.359086990356445
2022-08-08,32.970001220703125,34.650001525878906,32.959999084472656,33.470001220703125,5002000,29.13378143310547
2022-08-09,33.47999954223633,33.59000015258789,32.56999969482422,32.959999084472656,2541300,28.689851760864258
2022-08-10,33.849998474121094,35.310001373291016,33.849998474121094,34.86000061035156,3493000,30.343700408935547
2022-08-11,35.459999084472656,36.270999908447266,35.459999084472656,35.689998626708984,3933200,31.066162109375
2022-08-12,36.0,36.11000061035156,35.314998626708984,35.810001373291016,2147500,31.170618057250977
2022-08-15,35.2599983215332,35.82899856567383,34.900001525878906,35.66999816894531,2977500,31.048755645751953
2022-08-16,37.77000045776367,37.880001068115234,35.54999923706055,36.900001525878906,9896400,32.119407653808594
2022-08-17,36.150001525878906,36.41999816894531,35.529998779296875,35.95000076293945,5705900,31.292478561401367
2022-08-18,36.0,36.38999938964844,35.7400016784668,36.29999923706055,3778600,31.597135543823242
2022-08-19,35.79999923706055,36.119998931884766,35.099998474121094,35.15999984741211,4287100,30.604825973510742
2022-08-22,34.72999954223633,34.81999969482422,34.119998931884766,34.220001220703125,4028200,29.786619186401367
2022-08-23,34.310001373291016,35.099998474121094,34.2599983215332,34.36000061035156,3265100,29.908475875854492
2022-08-24,34.31999969482422,35.0,34.119998931884766,34.7599983215332,3144500,30.256650924682617
2022-08-25,35.0,35.939998626708984,34.869998931884766,35.90999984741211,3688200,31.25766372680664
2022-08-26,35.91999816894531,36.20000076293945,34.310001373291016,34.38999938964844,3811800,29.934589385986328
2022-08-29,34.0,34.13999938964844,33.150001525878906,33.189998626708984,4882600,28.890056610107422
2022-08-30,33.459999084472656,33.70000076293945,33.0099983215332,33.36000061035156,3347000,29.038028717041016
2022-08-31,33.529998779296875,33.83000183105469,33.06999969482422,33.20000076293945,4778500,28.89875602722168
2022-09-01,33.0,33.08000183105469,32.18000030517578,32.790000915527344,4307300,28.541879653930664
2022-09-02,33.470001220703125,33.70000076293945,32.415000915527344,32.689998626708984,4088600,28.454833984375
2022-09-06,32.93000030517578,33.06999969482422,31.834999084472656,32.13999938964844,3628000,27.976089477539062
2022-09-07,31.989999771118164,32.94499969482422,31.959999084472656,32.849998474121094,2574700,28.594104766845703
2022-09-08,32.5,33.48500061035156,32.18000030517578,33.45000076293945,3222200,29.11637306213379
2022-09-09,33.79999923706055,34.040000915527344,33.529998779296875,33.869998931884766,3033000,29.48195457458496
2022-09-12,34.20000076293945,34.83000183105469,34.150001525878906,34.400001525878906,2980300,29.943294525146484
2022-09-13,33.34000015258789,33.34000015258789,31.954999923706055,31.989999771118164,5118000,27.845523834228516
2022-09-14,32.150001525878906,32.20000076293945,31.170000076293945,31.780000686645508,5200600,27.662729263305664
2022-09-15,31.90999984741211,33.15999984741211,31.90999984741211,32.650001525878906,4557900,28.420021057128906
2022-09-16,32.04999923706055,32.6150016784668,31.600000381469727,32.47999954223633,7183700,28.27203941345215
2022-09-19,32.09000015258789,33.27000045776367,32.08000183105469,33.02000045776367,3767100,28.74207878112793
2022-09-20,32.56999969482422,32.650001525878906,31.809999465942383,32.15999984741211,4494300,27.99349594116211
2022-09-21,32.52000045776367,32.75,31.5,31.530000686645508,2986400,27.445114135742188
2022-09-22,31.5,31.739999771118164,30.44499969482422,30.68000030517578,3680600,26.70524024963379
2022-09-23,30.0,30.260000228881836,29.15999984741211,29.850000381469727,5998500,25.982772827148438
2022-09-26,29.420000076293945,30.049999237060547,28.395000457763672,28.510000228881836,5922400,24.816370010375977
2022-09-27,29.010000228881836,29.209999084472656,28.0049991607666,28.100000381469727,5584500,24.459495544433594
2022-09-28,28.229999542236328,29.40999984741211,28.0,29.290000915527344,4947000,25.495319366455078
2022-09-29,28.68000030517578,28.920000076293945,27.96500015258789,28.530000686645508,4667200,24.833782196044922
2022-09-30,28.440000534057617,28.760000228881836,27.770000457763672,27.829999923706055,5212800,24.22447395324707
2022-10-03,28.420000076293945,29.420000076293945,27.959999084472656,29.229999542236328,4299800,25.443092346191406
2022-10-04,29.920000076293945,30.81999969482422,29.920000076293945,30.81999969482422,5146400,26.827102661132812
2022-10-05,30.100000381469727,30.90999984741211,29.979999542236328,30.690000534057617,3581100,26.71394157409668
2022-10-06,30.18000030517578,30.68000030517578,29.8700008392334,30.299999237060547,3491500,26.37447166442871
2022-10-07,29.8700008392334,29.979999542236328,28.979999542236328,29.110000610351562,4616400,25.33864402770996
2022-10-10,29.360000610351562,29.6299991607666,28.469999313354492,28.75,3738700,25.025279998779297
2022-10-11,28.549999237060547,29.920000076293945,28.479999542236328,28.790000915527344,4687300,25.06009864807129
2022-10-12,28.729999542236328,29.440000534057617,28.43000030517578,29.049999237060547,3263600,25.28641128540039
2022-10-13,28.3799991607666,30.360000610351562,27.84000015258789,30.170000076293945,4369600,26.261314392089844
2022-10-14,30.450000762939453,30.700000762939453,29.200000762939453,29.25,3926800,25.460506439208984
2022-10-17,30.299999237060547,30.510000228881836,29.969999313354492,30.110000610351562,3779900,26.209087371826172
2022-10-18,28.110000610351562,29.049999237060547,27.90999984741211,28.709999084472656,14258500,24.99045753479004
2022-10-19,26.0,27.700000762939453,25.641000747680664,26.43000030517578,17740100,23.005849838256836
2022-10-20,25.790000915527344,26.979999542236328,25.329999923706055,26.260000228881836,9372600,22.857877731323242
2022-10-21,26.06999969482422,26.46500015258789,25.489999771118164,26.06999969482422,8372800,22.692487716674805
2022-10-24,26.43000030517578,26.764999389648438,25.90999984741211,26.579999923706055,6028500,23.136415481567383
2022-10-25,26.479999542236328,27.6200008392334,26.479999542236328,27.1200008392334,6399900,23.606456756591797
2022-10-26,26.760000228881836,27.59000015258789,26.610000610351562,27.18000030517578,3765400,23.658681869506836
2022-10-27,27.6299991607666,27.920000076293945,26.780000686645508,27.190000534057617,5009000,23.66739273071289
2022-10-28,27.5,28.329999923706055,27.229999542236328,28.290000915527344,3214700,24.624879837036133
2022-10-31,27.93000030517578,28.09000015258789,27.510000228881836,27.559999465942383,3788100,24.246572494506836
2022-11-01,28.059999465942383,28.219999313354492,27.399999618530273,27.670000076293945,3522200,24.34334945678711
2022-11-02,27.34000015258789,28.059999465942383,26.65999984741211,26.65999984741211,6038800,23.454776763916016
2022-11-03,26.1200008392334,26.229999542236328,25.1299991607666,25.190000534057617,5191500,22.161514282226562
2022-11-04,25.690000534057617,26.170000076293945,25.270000457763672,25.68000030517578,4484200,22.59259605407715
2022-11-07,26.020000457763672,26.18000030517578,25.25,25.81999969482422,3807600,22.715768814086914
2022-11-08,25.799999237060547,26.364999771118164,25.43000030517578,25.799999237060547,3632800,22.698171615600586
2022-11-09,25.389999389648438,25.56999969482422,24.829999923706055,24.84000015258789,6664100,21.853588104248047
2022-11-10,26.239999771118164,29.07900047302246,26.239999771118164,28.68000030517578,9013000,25.231918334960938
2022-11-11,28.899999618530273,29.8799991607666,28.790000915527344,29.5,5493500,25.95333480834961
2022-11-14,29.100000381469727,29.34000015258789,28.010000228881836,28.020000457763672,4696300,24.65126609802246
2022-11-15,28.700000762939453,28.864999771118164,27.209999084472656,27.290000915527344,5172400,24.00904083251953
2022-11-16,27.200000762939453,27.579999923706055,26.600000381469727,27.049999237060547,5560800,23.797887802124023
2022-11-17,26.479999542236328,26.514999389648438,25.5,26.219999313354492,5355700,23.067676544189453
2022-11-18,26.860000610351562,26.950000762939453,25.584999084472656,26.010000228881836,3682200,22.882925033569336
2022-11-21,25.829999923706055,26.141000747680664,25.809999465942383,25.889999389648438,3369100,22.77735137939453
2022-11-22,26.170000076293945,26.5,25.950000762939453,26.239999771118164,2492000,23.08527183532715
2022-11-23,26.15999984741211,26.665000915527344,25.950000762939453,26.530000686645508,2423500,23.340404510498047
2022-11-25,26.399999618530273,26.78499984741211,26.399999618530273,26.670000076293945,982400,23.46357536315918
2022-11-28,26.200000762939453,26.393999099731445,25.915000915527344,26.079999923706055,3003400,22.94451141357422
2022-11-29,26.15999984741211,26.69499969482422,26.010000228881836,26.510000228881836,3945000,23.322811126708984
2022-11-30,26.450000762939453,27.010000228881836,25.485000610351562,27.010000228881836,7014400,23.762697219848633
2022-12-01,26.049999237060547,26.5,25.350000381469727,25.920000076293945,7530900,22.80374526977539
2022-12-02,25.600000381469727,26.25,25.579999923706055,26.1200008392334,4900500,22.979700088500977
2022-12-05,25.700000762939453,25.86199951171875,24.940000534057617,25.100000381469727,5506400,22.08233070373535
2022-12-06,24.989999771118164,25.389999389648438,24.56999969482422,25.360000610351562,6197500,22.311071395874023
2022-12-07,25.1200008392334,25.510000228881836,24.920000076293945,25.0,4218400,21.994356155395508
2022-12-08,25.209999084472656,25.290000915527344,24.649999618530273,24.829999923706055,3833100,21.844789505004883
2022-12-09,24.649999618530273,25.079999923706055,24.450000762939453,25.010000228881836,3927300,22.003154754638672
2022-12-12,24.920000076293945,25.799999237060547,24.75,25.729999542236328,6334300,22.6365909576416
2022-12-13,26.799999237060547,27.844999313354492,25.7450008392334,25.940000534057617,6051500,22.821334838867188
2022-12-14,25.799999237060547,26.09000015258789,25.139999389648438,25.479999542236328,5671300,22.416641235351562
2022-12-15,24.969999313354492,25.114999771118164,24.5,24.93000030517578,6404300,21.932769775390625
2022-12-16,24.579999923706055,24.989999771118164,24.059999465942383,24.549999237060547,9447600,21.598453521728516
2022-12-19,24.469999313354492,24.65999984741211,23.31999969482422,23.469999313354492,6724000,20.648300170898438
2022-12-20,23.360000610351562,23.969999313354492,23.209999084472656,23.479999542236328,6068700,20.657094955444336
2022-12-21,23.790000915527344,24.334999084472656,23.76799964904785,24.030000686645508,4262200,21.140972137451172
2022-12-22,23.299999237060547,23.5049991607666,22.34000015258789,23.479999542236328,6116100,20.657094955444336
2022-12-23,23.479999542236328,23.979999542236328,23.270000457763672,23.93000030517578,3060800,21.052993774414062
2022-12-27,23.93000030517578,23.958999633789062,23.530000686645508,23.68000030517578,2712200,20.833045959472656
2022-12-28,23.75,23.875,23.170000076293945,23.520000457763672,3040500,20.69228744506836
2022-12-29,23.649999618530273,24.469999313354492,23.645000457763672,24.360000610351562,3780600,21.43130111694336
2022-12-30,24.0,24.540000915527344,23.989999771118164,24.450000762939453,3154400,21.510475158691406
2023-01-03,24.25,24.829999923706055,23.979999542236328,24.420000076293945,5278600,21.484085083007812
2023-01-04,24.940000534057617,25.549999237060547,24.610000610351562,25.239999771118164,6177200,22.20549774169922
2023-01-05,24.31999969482422,25.139999389648438,24.209999084472656,25.110000610351562,5281200,22.091129302978516
2023-01-06,25.25,26.159000396728516,25.06999969482422,26.06999969482422,6249600,22.935710906982422
2023-01-09,26.540000915527344,26.690000534057617,26.15999984741211,26.200000762939453,8136000,23.050081253051758
2023-01-10,25.799999237060547,26.709999084472656,25.75,26.709999084472656,5002000,23.498764038085938
2023-01-11,26.940000534057617,27.6299991607666,26.875,27.229999542236328,7420700,23.956249237060547
2023-01-12,27.440000534057617,27.579999923706055,26.43000030517578,27.040000915527344,7257400,23.789093017578125
2023-01-13,26.59000015258789,27.184999465942383,26.395000457763672,27.059999465942383,4446200,23.806684494018555
2023-01-17,27.059999465942383,27.614999771118164,26.940000534057617,27.040000915527344,4467700,23.789093017578125
2023-01-18,27.0,27.405000686645508,26.790000915527344,27.010000228881836,4656000,23.762697219848633
2023-01-19,26.1200008392334,26.44499969482422,25.229999542236328,26.190000534057617,12431600,23.041284561157227
2023-01-20,28.809999465942383,31.610000610351562,28.799999237060547,31.43000030517578,33633300,27.651296615600586
2023-01-23,31.639999389648438,32.63999938964844,31.399999618530273,32.29999923706055,12039300,28.416702270507812
2023-01-24,32.5,32.83000183105469,31.299999237060547,31.360000610351562,6832200,27.5897159576416
2023-01-25,30.860000610351562,32.91999816894531,30.799999237060547,32.66999816894531,8352400,28.742218017578125
2023-01-26,32.790000915527344,32.95000076293945,31.639999389648438,32.279998779296875,6192600,28.399105072021484
2023-01-27,32.5,32.83000183105469,32.099998474121094,32.33000183105469,4868300,28.443098068237305
2023-01-30,31.889999389648438,32.21799850463867,31.56999969482422,31.600000381469727,4744500,27.800859451293945
2023-01-31,31.420000076293945,32.525001525878906,31.1200008392334,32.4900016784668,5112300,28.857826232910156
2023-02-01,31.8799991607666,34.32500076293945,31.59000015258789,33.84000015258789,8290200,30.056900024414062
2023-02-02,34.18000030517578,35.779998779296875,34.18000030517578,35.20000076293945,10466600,31.26486587524414
2023-02-03,34.290000915527344,35.237998962402344,33.97999954223633,34.7599983215332,4617800,30.874053955078125
2023-02-06,34.099998474121094,34.380001068115234,33.22999954223633,33.439998626708984,7026900,29.701623916625977
2023-02-07,33.279998779296875,34.75,33.279998779296875,34.560001373291016,5161200,30.696409225463867
2023-02-08,34.02000045776367,34.279998779296875,33.209999084472656,33.63999938964844,4962800,29.879261016845703
2023-02-09,33.560001373291016,33.709999084472656,32.599998474121094,32.689998626708984,5137900,29.03546714782715
2023-02-10,32.47999954223633,32.819000244140625,32.220001220703125,32.540000915527344,2919800,28.902238845825195
2023-02-13,32.310001373291016,33.369998931884766,32.220001220703125,33.209999084472656,4625400,29.497333526611328
2023-02-14,32.939998626708984,33.29999923706055,31.863000869750977,32.61000061035156,6565200,28.96441078186035
2023-02-15,32.369998931884766,32.54999923706055,31.950000762939453,32.2400016784668,4573400,28.63577651977539
2023-02-16,31.579999923706055,31.899999618530273,31.170000076293945,31.290000915527344,5062400,27.79197883605957
2023-02-17,31.200000762939453,31.260000228881836,30.479999542236328,31.049999237060547,4377200,27.578807830810547
2023-02-21,30.489999771118164,30.600000381469727,29.760000228881836,29.799999237060547,4792900,26.468549728393555
2023-02-22,29.860000610351562,30.325000762939453,29.530000686645508,30.059999465942383,4799700,26.69948387145996
2023-02-23,30.34000015258789,30.56999969482422,29.78499984741211,30.489999771118164,3533200,27.08141326904297
2023-02-24,29.8700008392334,30.25,29.549999237060547,30.219999313354492,3449100,26.841596603393555
2023-02-27,30.719999313354492,30.799999237060547,29.565000534057617,29.610000610351562,3640600,26.29979133605957
2023-02-28,29.690000534057617,30.260000228881836,29.610000610351562,30.049999237060547,5544400,26.690601348876953
2023-03-01,30.1200008392334,30.440000534057617,29.950000762939453,30.06999969482422,4028200,26.7083683013916
2023-03-02,29.639999389648438,30.350000381469727,29.43000030517578,30.200000762939453,3307900,26.823829650878906
2023-03-03,30.520000457763672,30.68000030517578,30.1200008392334,30.530000686645508,3316900,27.116943359375
2023-03-06,30.56999969482422,30.799999237060547,29.89699935913086,30.059999465942383,3706400,26.69948387145996
2023-03-07,30.010000228881836,30.325000762939453,29.350000381469727,29.420000076293945,3309800,26.13103485107422
2023-03-08,29.440000534057617,29.7549991607666,29.18000030517578,29.440000534057617,2745000,26.14879608154297
2023-03-09,29.309999465942383,29.454999923706055,27.34000015258789,27.3799991607666,8593400,24.319091796875
2023-03-10,26.719999313354492,26.850000381469727,25.1299991607666,25.81999969482422,13768900,22.933488845825195
2023-03-13,24.579999923706055,24.639999389648438,22.020000457763672,23.049999237060547,27704500,20.473159790039062
2023-03-14,24.989999771118164,26.1299991607666,22.68000030517578,23.049999237060547,18571000,20.473159790039062
2023-03-15,22.25,23.56999969482422,21.584999084472656,23.530000686645508,15155800,20.89949607849121
2023-03-16,22.8799991607666,24.1200008392334,22.309999465942383,23.440000534057617,10790100,20.819557189941406
2023-03-17,22.899999618530273,22.969999313354492,22.014999389648438,22.290000915527344,10479500,19.79812240600586
2023-03-20,22.719999313354492,24.729999542236328,22.700000762939453,23.5,19236400,20.87285041809082
2023-03-21,24.5,25.795000076293945,24.5,25.299999237060547,12690300,22.471620559692383
2023-03-22,25.209999084472656,26.0,24.469999313354492,24.549999237060547,9200000,21.80546760559082
2023-03-23,24.549999237060547,25.239999771118164,23.489999771118164,24.010000228881836,7406000,21.325836181640625
2023-03-24,23.670000076293945,24.274999618530273,23.295000076293945,24.219999313354492,6691500,21.512361526489258
2023-03-27,25.174999237060547,25.325000762939453,24.125,24.219999313354492,6610800,21.512361526489258
2023-03-28,24.235000610351562,24.469999313354492,23.975000381469727,24.229999542236328,5787500,21.521238327026367
2023-03-29,24.559999465942383,24.9950008392334,24.450000762939453,24.940000534057617,3045300,22.15186882019043
2023-03-30,25.270000457763672,25.549999237060547,24.71500015258789,25.139999389648438,5577600,22.329509735107422
2023-03-31,25.325000762939453,25.540000915527344,25.030000686645508,25.489999771118164,3093200,22.640378952026367
2023-04-03,25.610000610351562,25.864999771118164,24.972000122070312,25.360000610351562,4125300,22.52491569519043
2023-04-04,25.850000381469727,25.93000030517578,25.174999237060547,25.860000610351562,7406300,22.969017028808594
2023-04-05,25.31999969482422,25.711999893188477,25.1299991607666,25.549999237060547,4561800,22.693675994873047
2023-04-06,25.790000915527344,26.389999389648438,25.559999465942383,26.059999465942383,4970800,23.146656036376953
2023-04-10,25.93000030517578,26.4950008392334,25.68000030517578,26.299999237060547,4189600,23.359830856323242
2023-04-11,26.670000076293945,27.295000076293945,26.43000030517578,27.190000534057617,4967600,24.15033721923828
2023-04-12,27.40999984741211,27.559999465942383,26.030000686645508,26.3700008392334,6792700,23.42200469970703
2023-04-13,26.3799991607666,26.635000228881836,26.1299991607666,26.520000457763672,4536200,23.555234909057617
2023-04-14,27.209999084472656,27.459999084472656,26.440000534057617,26.84000015258789,3866200,23.839458465576172
2023-04-17,26.43000030517578,27.190000534057617,26.31999969482422,27.09000015258789,4965800,24.061511993408203
2023-04-18,26.979999542236328,27.135000228881836,26.614999771118164,26.850000381469727,10135000,23.84834098815918
2023-04-19,26.889999389648438,27.8700008392334,26.101999282836914,27.450000762939453,7629600,24.381267547607422
2023-04-20,26.90999984741211,26.98200035095215,25.90999984741211,26.3799991607666,7683200,23.430885314941406
2023-04-21,26.09000015258789,26.25,25.489999771118164,25.860000610351562,7063600,22.969017028808594
2023-04-24,26.209999084472656,26.309999465942383,25.479999542236328,26.110000610351562,4278800,23.191072463989258
2023-04-25,25.729999542236328,26.219999313354492,25.549999237060547,25.579999923706055,4689600,22.720321655273438
2023-04-26,25.829999923706055,26.170000076293945,25.510000228881836,25.84000015258789,2826000,22.951251983642578
2023-04-27,26.110000610351562,26.200000762939453,25.600000381469727,26.0,4238400,23.09337043762207
2023-04-28,25.56999969482422,26.520000457763672,25.420000076293945,26.3799991607666,3269500,23.704397201538086
2023-05-01,26.329999923706055,26.56999969482422,26.0,26.030000686645508,2345900,23.389896392822266
2023-05-02,25.950000762939453,25.954999923706055,24.479999542236328,25.09000015258789,5221200,22.545236587524414
2023-05-03,25.270000457763672,25.760000228881836,24.795000076293945,24.90999984741211,4620600,22.383493423461914
2023-05-04,24.450000762939453,24.68000030517578,23.719999313354492,24.329999923706055,6320500,21.862316131591797
2023-05-05,25.09000015258789,25.364999771118164,24.69499969482422,25.31999969482422,4806800,22.751907348632812
2023-05-08,25.5,25.540000915527344,24.90999984741211,25.059999465942383,3836000,22.518281936645508
2023-05-09,24.600000381469727,25.44499969482422,24.575000762939453,25.280000686645508,2777400,22.715965270996094
2023-05-10,25.8799991607666,26.010000228881836,25.03499984741211,25.309999465942383,4929300,22.742923736572266
2023-05-11,24.959999084472656,25.389999389648438,24.790000915527344,25.290000915527344,3176400,22.724950790405273
2023-05-12,25.489999771118164,25.5,24.774999618530273,25.06999969482422,2941800,22.52726173400879
2023-05-15,25.219999313354492,25.739999771118164,25.049999237060547,25.559999465942383,2877700,22.967567443847656
2023-05-16,25.450000762939453,25.799999237060547,25.020000457763672,25.06999969482422,3851800,22.52726173400879
2023-05-17,25.459999084472656,26.334999084472656,25.274999618530273,26.1299991607666,3580000,23.47974967956543
2023-05-18,26.170000076293945,27.299999237060547,26.100000381469727,27.280000686645508,4850900,24.51311492919922
2023-05-19,27.139999389648438,27.209999084472656,26.190000534057617,26.43000030517578,5551100,23.74932289123535
2023-05-22,26.639999389648438,26.969999313354492,26.264999389648438,26.8799991607666,2916500,24.153682708740234
2023-05-23,26.920000076293945,27.479999542236328,26.829999923706055,26.940000534057617,3667300,24.207597732543945
2023-05-24,26.6299991607666,26.93000030517578,26.25,26.489999771118164,2213300,23.803239822387695
2023-05-25,26.40999984741211,26.649999618530273,25.989999771118164,26.299999237060547,2693000,23.63251304626465
2023-05-26,26.3700008392334,26.719999313354492,26.059999465942383,26.6200008392334,2063800,23.920053482055664
2023-05-30,26.84000015258789,27.155000686645508,26.469999313354492,27.049999237060547,4704200,24.306440353393555
2023-05-31,26.670000076293945,27.079999923706055,26.200000762939453,26.670000076293945,6735800,23.964981079101562
2023-06-01,26.90999984741211,27.420000076293945,26.360000610351562,27.1200008392334,3086700,24.369338989257812
2023-06-02,27.690000534057617,28.575000762939453,27.559999465942383,28.219999313354492,6679500,25.35777473449707
2023-06-05,28.219999313354492,28.290000915527344,27.46500015258789,27.639999389648438,3634800,24.836599349975586
2023-06-06,27.670000076293945,28.549999237060547,27.56100082397461,28.18000030517578,3319900,25.32183074951172
2023-06-07,28.34000015258789,28.739999771118164,28.139999389648438,28.530000686645508,4430600,25.636333465576172
2023-06-08,28.5,28.71500015258789,28.239999771118164,28.399999618530273,3834400,25.519515991210938
2023-06-09,28.489999771118164,28.530000686645508,27.950000762939453,28.0,2959600,25.16008758544922
2023-06-12,27.700000762939453,28.290000915527344,27.600000381469727,27.959999084472656,3391500,25.124143600463867
2023-06-13,28.15999984741211,29.069000244140625,28.059999465942383,28.920000076293945,4357800,25.986778259277344
2023-06-14,28.959999084472656,29.25,28.0,28.3700008392334,5023000,25.492565155029297
2023-06-15,28.079999923706055,28.8799991607666,27.829999923706055,28.68000030517578,4442500,25.7711181640625
2023-06-16,28.770000457763672,28.780000686645508,28.219999313354492,28.3700008392334,5950700,25.492565155029297
2023-06-20,28.059999465942383,28.190000534057617,27.6299991607666,27.799999237060547,6000800,24.98037338256836
2023-06-21,27.75,27.790000915527344,27.360000610351562,27.440000534057617,4869500,24.65688705444336
2023-06-22,27.219999313354492,27.280000686645508,26.489999771118164,26.8799991607666,3820700,24.153682708740234
2023-06-23,26.450000762939453,26.698999404907227,26.225000381469727,26.3700008392334,7048800,23.69541358947754
2023-06-26,26.420000076293945,26.93000030517578,25.7549991607666,25.780000686645508,4985100,23.165254592895508
2023-06-27,25.780000686645508,26.579999923706055,25.735000610351562,26.579999923706055,3677500,23.884111404418945
2023-06-28,26.280000686645508,27.049999237060547,26.110000610351562,27.010000228881836,5362500,24.270498275756836
2023-06-29,27.25,27.280000686645508,26.7450008392334,26.920000076293945,4262100,24.18962860107422
2023-06-30,27.3799991607666,27.3799991607666,26.770000457763672,27.010000228881836,2688000,24.270498275756836
2023-07-03,27.110000610351562,27.594999313354492,27.040000915527344,27.3799991607666,1517500,24.60297203063965
2023-07-05,27.040000915527344,27.450000762939453,26.825000762939453,26.889999389648438,1982500,24.162668228149414
2023-07-06,26.450000762939453,26.510000228881836,25.850000381469727,26.290000915527344,3178300,23.623525619506836
2023-07-07,26.290000915527344,27.0,26.290000915527344,26.6299991607666,3371900,23.929039001464844
2023-07-10,26.600000381469727,27.155000686645508,26.56999969482422,26.889999389648438,3118500,24.162668228149414
2023-07-11,27.190000534057617,27.684999465942383,26.969999313354492,27.479999542236328,4497700,24.692827224731445
2023-07-12,28.1299991607666,28.614999771118164,27.924999237060547,28.059999465942383,3807100,25.213998794555664
2023-07-13,28.0,28.420000076293945,27.709999084472656,28.399999618530273,3572200,25.519515991210938
2023-07-14,28.65999984741211,28.670000076293945,27.479999542236328,27.489999771118164,2913500,24.701812744140625
2023-07-17,27.260000228881836,27.725000381469727,27.170000076293945,27.600000381469727,4756300,24.800657272338867
2023-07-18,27.799999237060547,28.674999237060547,27.739999771118164,28.139999389648438,6336500,25.285886764526367
2023-07-19,28.200000762939453,29.795000076293945,27.25,29.65999984741211,9420700,26.65172004699707
2023-07-20,29.25,29.420000076293945,28.274999618530273,28.969999313354492,7098900,26.031705856323242
2023-07-21,29.219999313354492,29.31999969482422,28.3700008392334,28.700000762939453,3667600,25.789091110229492
2023-07-24,28.8700008392334,29.610000610351562,28.69499969482422,29.610000610351562,3460400,26.606792449951172
2023-07-25,29.520000457763672,29.6200008392334,28.844999313354492,28.889999389648438,2919800,25.959821701049805
2023-07-26,28.959999084472656,29.545000076293945,28.889999389648438,29.219999313354492,3338600,26.25634765625
2023-07-27,29.5,30.079999923706055,29.264999389648438,29.329999923706055,3635100,26.35519027709961
2023-07-28,29.860000610351562,30.229999542236328,29.469999313354492,29.950000762939453,3702700,26.912309646606445
2023-07-31,29.8700008392334,30.549999237060547,29.850000381469727,30.540000915527344,3842500,27.720130920410156
2023-08-01,30.290000915527344,30.489999771118164,29.684999465942383,30.420000076293945,3548800,27.6112117767334
2023-08-02,29.940000534057617,29.940000534057617,28.625,29.149999618530273,3872000,26.458471298217773
2023-08-03,29.020000457763672,29.100000381469727,28.459999084472656,28.6299991607666,2846000,25.986486434936523
2023-08-04,28.610000610351562,29.719999313354492,28.540000915527344,29.260000228881836,3972400,26.558319091796875
2023-08-07,29.31999969482422,29.700000762939453,29.049999237060547,29.299999237060547,2972300,26.594619750976562
2023-08-08,28.459999084472656,29.649999618530273,28.420000076293945,29.520000457763672,3585700,26.794313430786133
2023-08-09,29.389999389648438,29.469999313354492,28.899999618530273,28.899999618530273,1890600,26.231557846069336
2023-08-10,29.219999313354492,29.5049991607666,28.565000534057617,28.729999542236328,3353600,26.077255249023438
2023-08-11,28.510000228881836,28.959999084472656,28.5,28.81999969482422,1728200,26.158945083618164
2023-08-14,28.5,28.559999465942383,28.06999969482422,28.299999237060547,2427400,25.68695640563965
2023-08-15,27.790000915527344,27.83099937438965,27.31999969482422,27.3700008392334,3464700,24.84282684326172
2023-08-16,27.31999969482422,27.610000610351562,26.875,26.93000030517578,2377700,24.443456649780273
2023-08-17,27.15999984741211,27.389999389648438,26.790000915527344,26.90999984741211,2633900,24.42530059814453
2023-08-18,26.5,27.270000457763672,26.3799991607666,27.229999542236328,2685900,24.715755462646484
2023-08-21,27.280000686645508,27.469999313354492,26.739999771118164,27.149999618530273,2069800,24.643142700195312
2023-08-22,27.149999618530273,27.360000610351562,25.989999771118164,26.010000228881836,3391900,23.60840606689453
2023-08-23,26.139999389648438,26.3700008392334,25.90999984741211,26.280000686645508,1562300,23.853473663330078
2023-08-24,25.979999542236328,26.579999923706055,25.8799991607666,26.459999084472656,3359600,24.016849517822266
2023-08-25,26.43000030517578,26.600000381469727,25.809999465942383,25.920000076293945,2288700,23.52671241760254
2023-08-28,26.18000030517578,26.6299991607666,25.899999618530273,26.0,2641200,23.599328994750977
2023-08-29,26.079999923706055,26.475000381469727,25.899999618530273,26.270000457763672,1923400,23.844396591186523
2023-08-30,26.25,27.260000228881836,26.155000686645508,26.950000762939453,3806200,24.461606979370117
2023-08-31,26.8799991607666,28.19499969482422,26.829999923706055,27.690000534057617,6442900,25.133281707763672
2023-09-01,28.170000076293945,29.094999313354492,28.110000610351562,28.940000534057617,5226800,26.267864227294922
2023-09-05,29.540000915527344,30.049999237060547,28.315000534057617,28.440000534057617,7260700,25.81403350830078
2023-09-06,28.190000534057617,28.760000228881836,27.635000228881836,28.0,4967500,25.414657592773438
2023-09-07,27.690000534057617,27.8700008392334,27.084999084472656,27.329999923706055,5296900,24.806522369384766
2023-09-08,27.43000030517578,28.3700008392334,27.149999618530273,27.979999542236328,4345200,25.396503448486328
2023-09-11,28.25,28.579999923706055,28.094999313354492,28.360000610351562,4419400,25.741416931152344
2023-09-12,28.6299991607666,29.09000015258789,28.290000915527344,28.709999084472656,5115400,26.059101104736328
2023-09-13,28.93000030517578,29.030000686645508,28.079999923706055,28.350000381469727,5471300,25.73233985900879
2023-09-14,28.829999923706055,29.040000915527344,28.344999313354492,28.5,5517900,25.868494033813477
2023-09-15,28.329999923706055,29.46500015258789,28.290000915527344,29.100000381469727,43181700,26.413089752197266
2023-09-18,28.6299991607666,28.790000915527344,28.299999237060547,28.56999969482422,4286800,25.932031631469727
2023-09-19,28.700000762939453,28.81999969482422,28.27199935913086,28.389999389648438,3103600,25.768648147583008
2023-09-20,28.6299991607666,28.690000534057617,27.579999923706055,27.610000610351562,3325200,25.060670852661133
2023-09-21,27.3700008392334,27.46500015258789,27.030000686645508,27.049999237060547,5331700,24.5523738861084
2023-09-22,27.040000915527344,27.229999542236328,26.68000030517578,26.860000610351562,3562300,24.37991714477539
2023-09-25,26.65999984741211,26.920000076293945,26.440000534057617,26.709999084472656,3503200,24.243764877319336
2023-09-26,26.510000228881836,26.834999084472656,26.131999969482422,26.239999771118164,3342300,23.81716537475586
2023-09-27,26.40999984741211,26.55500030517578,25.94499969482422,26.440000534057617,3962500,23.998701095581055
2023-09-28,26.40999984741211,26.770000457763672,26.190000534057617,26.6299991607666,3539700,24.171154022216797
2023-09-29,26.790000915527344,27.15999984741211,26.600000381469727,26.68000030517578,3207600,24.21653938293457
2023-10-02,26.579999923706055,26.68000030517578,25.530000686645508,25.65999984741211,5381000,23.29071807861328
2023-10-03,25.459999084472656,25.579999923706055,24.764999389648438,24.84000015258789,4838400,22.546432495117188
2023-10-04,24.940000534057617,25.110000610351562,24.3700008392334,24.860000610351562,3564300,22.56458854675293
2023-10-05,24.639999389648438,25.25,24.540000915527344,25.1299991607666,4534300,22.80965232849121
2023-10-06,24.770000457763672,25.44499969482422,24.360000610351562,25.239999771118164,3959900,22.909496307373047
2023-10-09,24.979999542236328,25.639999389648438,24.959999084472656,25.459999084472656,2756900,23.109188079833984
2023-10-10,25.770000457763672,26.325000762939453,25.700000762939453,25.959999084472656,4318700,23.563018798828125
2023-10-11,24.989999771118164,25.639999389648438,24.5,25.40999984741211,8069900,23.06380271911621
2023-10-12,25.5,25.530000686645508,24.520000457763672,24.68000030517578,5375700,22.401203155517578
2023-10-13,24.84000015258789,25.09000015258789,24.334999084472656,24.579999923706055,3261200,22.31043815612793
2023-10-16,24.899999618530273,25.280000686645508,24.625,25.1299991607666,4036800,22.80965232849121
2023-10-17,24.81999969482422,25.7450008392334,24.81999969482422,25.399999618530273,8248000,23.054725646972656
2023-10-18,25.329999923706055,26.450000762939453,24.579999923706055,25.6200008392334,8211200,23.254413604736328
2023-10-19,25.34000015258789,25.43000030517578,24.59000015258789,24.6200008392334,7596200,22.34674644470215
2023-10-20,24.360000610351562,24.530000686645508,23.924999237060547,24.049999237060547,5285000,21.829376220703125
2023-10-23,23.829999923706055,24.139999389648438,23.290000915527344,23.299999237060547,6588900,21.148624420166016
2023-10-24,23.40999984741211,23.68000030517578,22.760000228881836,22.760000228881836,4588900,20.658485412597656
2023-10-25,22.540000915527344,23.475000381469727,22.540000915527344,23.440000534057617,5715300,21.275697708129883
2023-10-26,23.450000762939453,23.799999237060547,23.260000228881836,23.549999237060547,4322600,21.37554359436035
2023-10-27,23.65999984741211,24.03499984741211,23.420000076293945,23.530000686645508,4267600,21.357389450073242
2023-10-30,23.760000228881836,24.065000534057617,23.46500015258789,23.889999389648438,3434000,21.68414878845215
2023-10-31,23.639999389648438,24.375,23.520000457763672,24.190000534057617,5707400,22.235675811767578
2023-11-01,24.139999389648438,24.540000915527344,23.959999084472656,24.299999237060547,5234600,22.33678436279297
2023-11-02,24.719999313354492,26.014999389648438,24.71500015258789,25.959999084472656,4964800,23.862674713134766
2023-11-03,26.579999923706055,27.469999313354492,26.559999465942383,27.139999389648438,5629300,24.947343826293945
2023-11-06,27.149999618530273,27.290000915527344,26.239999771118164,26.530000686645508,3168000,24.386625289916992
2023-11-07,26.34000015258789,26.420000076293945,26.114999771118164,26.34000015258789,3677300,24.21197509765625
2023-11-08,26.290000915527344,26.360000610351562,25.940000534057617,26.15999984741211,4742100,24.046518325805664
2023-11-09,26.229999542236328,26.280000686645508,25.604999542236328,25.670000076293945,3989400,23.596101760864258
2023-11-10,25.790000915527344,25.790000915527344,25.155000686645508,25.530000686645508,3381300,23.467416763305664
2023-11-13,25.440000534057617,25.760000228881836,25.229999542236328,25.459999084472656,3187700,23.403074264526367
2023-11-14,26.43000030517578,27.665000915527344,26.43000030517578,27.040000915527344,5619600,24.855424880981445
2023-11-15,27.100000381469727,27.934999465942383,27.059999465942383,27.690000534057617,3869900,25.452909469604492
2023-11-16,27.649999618530273,27.792999267578125,26.985000610351562,27.15999984741211,3055900,24.965728759765625
2023-11-17,27.459999084472656,27.6200008392334,27.170000076293945,27.510000228881836,2988800,25.28744888305664
2023-11-20,27.450000762939453,27.71500015258789,27.239999771118164,27.6200008392334,1966500,25.38856315612793
2023-11-21,27.40999984741211,27.5,26.825000762939453,26.93000030517578,3571400,24.754310607910156
2023-11-22,27.1299991607666,27.344999313354492,26.905000686645508,27.100000381469727,2445500,24.91057586669922
2023-11-24,27.15999984741211,27.34000015258789,26.969999313354492,27.209999084472656,944400,25.01168441772461
2023-11-27,26.8799991607666,27.0,26.71500015258789,26.760000228881836,2711900,24.598041534423828
2023-11-28,26.780000686645508,27.920000076293945,26.5,27.899999618530273,5516500,25.64594078063965
2023-11-29,28.170000076293945,28.950000762939453,28.0,28.639999389648438,5335000,26.32615852355957
2023-11-30,29.010000228881836,29.6299991607666,28.985000610351562,29.219999313354492,6008400,26.859296798706055
2023-12-01,29.209999084472656,30.90999984741211,29.149999618530273,30.860000610351562,5271800,28.366802215576172
2023-12-04,30.530000686645508,31.229999542236328,30.360000610351562,30.780000686645508,3877600,28.29326629638672
2023-12-05,30.399999618530273,30.979999542236328,30.09000015258789,30.809999465942383,3669200,28.32084083557129
2023-12-06,31.100000381469727,31.709999084472656,29.450000762939453,29.549999237060547,8178500,27.162635803222656
2023-12-07,29.760000228881836,29.760000228881836,29.184999465942383,29.3700008392334,6813800,26.997180938720703
2023-12-08,29.399999618530273,30.19499969482422,29.049999237060547,30.079999923706055,5396000,27.64982032775879
2023-12-11,29.829999923706055,30.309999465942383,29.700000762939453,30.020000457763672,3495800,27.59466552734375
2023-12-12,29.93000030517578,30.334999084472656,29.684999465942383,30.0,2888200,27.576282501220703
2023-12-13,30.270000457763672,32.560001373291016,30.100000381469727,32.5,6526900,29.87430763244629
2023-12-14,33.599998474121094,34.90999984741211,33.540000915527344,34.779998779296875,8557800,31.97010612487793
2023-12-15,34.630001068115234,35.16999816894531,34.30500030517578,34.880001068115234,7438900,32.06202697753906
2023-12-18,34.93000030517578,34.93000030517578,34.0099983215332,34.040000915527344,4213100,31.289884567260742
2023-12-19,34.04999923706055,34.84000015258789,33.810001373291016,34.75,4630700,31.942522048950195
2023-12-20,34.529998779296875,35.435001373291016,33.7599983215332,33.880001068115234,6419000,31.1428165435791
2023-12-21,34.43000030517578,34.83000183105469,34.095001220703125,34.27000045776367,3730400,31.501304626464844
2023-12-22,34.38999938964844,34.630001068115234,33.98500061035156,34.31999969482422,1809900,31.54726791381836
2023-12-26,34.34000015258789,34.80500030517578,34.15599822998047,34.689998626708984,1827200,31.887371063232422
2023-12-27,34.68000030517578,34.869998931884766,34.415000915527344,34.86000061035156,2245500,32.04364013671875
2023-12-28,34.79999923706055,35.13999938964844,34.66999816894531,35.119998931884766,1724600,32.282630920410156
2023-12-29,34.939998626708984,35.064998626708984,34.66999816894531,34.91999816894531,3631900,32.09879684448242
2024-01-02,34.70000076293945,35.505001068115234,34.599998474121094,35.36000061035156,4701200,32.503238677978516
2024-01-03,34.650001525878906,35.19499969482422,34.209999084472656,34.650001525878906,4718300,31.850605010986328
2024-01-04,34.849998474121094,35.060001373291016,34.14500045776367,34.27000045776367,3736800,31.501304626464844
2024-01-05,33.650001525878906,35.44499969482422,33.33000183105469,35.18000030517578,5646900,32.33778762817383
2024-01-08,34.900001525878906,35.34000015258789,34.630001068115234,34.720001220703125,4122000,31.914955139160156
2024-01-09,34.22999954223633,34.58000183105469,34.03499984741211,34.119998931884766,4068400,31.363426208496094
2024-01-10,34.0,34.17499923706055,33.619998931884766,33.959999084472656,3416800,31.216344833374023
2024-01-11,33.77000045776367,33.77000045776367,33.209999084472656,33.58000183105469,3018300,30.86705207824707
2024-01-12,33.65999984741211,33.849998474121094,32.8650016784668,33.029998779296875,3364100,30.361486434936523
2024-01-16,32.70000076293945,33.11000061035156,32.375,33.040000915527344,3012500,30.37067985534668
2024-01-17,32.45000076293945,32.72999954223633,32.310001373291016,32.54999923706055,3791100,29.92026710510254
2024-01-18,32.56999969482422,32.61000061035156,31.774999618530273,32.130001068115234,7479400,29.534198760986328
2024-01-19,33.0,35.880001068115234,32.79999923706055,35.56999969482422,12418100,32.69628143310547
2024-01-22,36.0,36.720001220703125,35.89500045776367,36.31999969482422,9067300,33.38568878173828
2024-01-23,36.5,36.77000045776367,35.97999954223633,36.54999923706055,4594100,33.59710693359375
2024-01-24,36.95000076293945,37.10499954223633,36.25,36.47999954223633,3940400,33.53276062011719
2024-01-25,36.75,37.02000045776367,36.34000015258789,36.900001525878906,4442100,33.91883087158203
2024-01-26,37.0,37.88999938964844,36.970001220703125,37.619998931884766,3147600,34.580657958984375
2024-01-29,37.58000183105469,37.779998779296875,37.07500076293945,37.7400016784668,2799300,34.69096374511719
2024-01-30,37.68000030517578,38.029998779296875,37.54100036621094,37.58000183105469,2095600,34.54389572143555
2024-01-31,36.650001525878906,37.69499969482422,36.349998474121094,36.68000030517578,4303700,33.9879264831543
2024-02-01,37.279998779296875,37.439998626708984,36.435001373291016,37.09000015258789,4648900,34.367828369140625
2024-02-02,36.75,36.75,35.95000076293945,36.400001525878906,4232000,33.72848129272461
2024-02-05,35.970001220703125,35.970001220703125,35.150001525878906,35.7599983215332,3939200,33.13544845581055
2024-02-06,35.58000183105469,36.029998779296875,35.40999984741211,35.869998931884766,4761700,33.23737335205078
2024-02-07,36.0,36.18000030517578,34.880001068115234,35.68000030517578,4481900,33.06132125854492
2024-02-08,36.25,36.52000045776367,35.66999816894531,36.189998626708984,3041800,33.53388595581055
2024-02-09,36.18000030517578,36.435001373291016,35.744998931884766,36.09000015258789,2936200,33.441226959228516
2024-02-12,36.189998626708984,37.21500015258789,36.060001373291016,37.029998779296875,3113600,34.31223678588867
2024-02-13,35.93000030517578,35.93000030517578,34.849998474121094,35.34000015258789,4950500,32.746273040771484
2024-02-14,35.84000015258789,36.14500045776367,35.505001068115234,36.040000915527344,3121100,33.3948974609375
2024-02-15,36.439998626708984,37.16999816894531,36.39500045776367,36.810001373291016,3578700,34.1083869934082
2024-02-16,36.439998626708984,36.599998474121094,35.94499969482422,35.97999954223633,2456200,33.33930206298828
2024-02-20,35.54999923706055,37.19499969482422,35.5099983215332,36.689998626708984,6384900,33.997188568115234
2024-02-21,36.16999816894531,36.44499969482422,35.70000076293945,36.29999923706055,2892100,33.63581466674805
2024-02-22,36.31999969482422,36.65999984741211,35.72999954223633,36.0,3855100,33.35783386230469
2024-02-23,36.130001068115234,36.41999816894531,35.81999969482422,36.209999084472656,3047200,33.55241394042969
2024-02-26,36.0,37.029998779296875,35.959999084472656,36.040000915527344,3679200,33.3948974609375
2024-02-27,36.31999969482422,36.63999938964844,36.220001220703125,36.599998474121094,2282700,33.913795471191406
2024-02-28,36.290000915527344,36.72999954223633,36.15999984741211,36.22999954223633,1681700,33.57095718383789
2024-02-29,36.720001220703125,37.22999954223633,36.380001068115234,36.9900016784668,4096700,34.275169372558594
2024-03-01,37.02000045776367,37.4900016784668,36.27000045776367,37.33000183105469,3973000,34.590213775634766
2024-03-04,37.54999923706055,37.88999938964844,36.70000076293945,36.869998931884766,3349800,34.16398239135742
2024-03-05,36.56999969482422,37.34000015258789,36.180999755859375,36.5,4582100,33.821136474609375
2024-03-06,36.099998474121094,36.29999923706055,35.36000061035156,36.060001373291016,4588800,33.413429260253906
2024-03-07,36.099998474121094,36.72999954223633,36.099998474121094,36.540000915527344,2730900,33.85820388793945
2024-03-08,36.95000076293945,37.82500076293945,36.84000015258789,37.43000030517578,4764100,34.682884216308594
2024-03-11,36.959999084472656,37.70000076293945,36.90999984741211,37.470001220703125,3203300,34.71994400024414
2024-03-12,37.5099983215332,38.310001373291016,37.380001068115234,38.119998931884766,4978700,35.322235107421875
2024-03-13,38.08000183105469,38.439998626708984,37.95000076293945,38.369998931884766,3381200,35.55388641357422
2024-03-14,38.75,38.935001373291016,37.5,37.59000015258789,4869900,34.83113479614258
2024-03-15,37.2599983215332,37.93000030517578,37.029998779296875,37.619998931884766,6807200,34.85893630981445
2024-03-18,37.619998931884766,38.018001556396484,37.32500076293945,37.97999954223633,2782400,35.192508697509766
2024-03-19,37.88999938964844,38.279998779296875,37.72999954223633,37.869998931884766,4225700,35.09058380126953
2024-03-20,37.84000015258789,39.994998931884766,37.790000915527344,39.95000076293945,3445500,37.01792907714844
2024-03-21,40.09000015258789,41.560001373291016,40.04999923706055,40.599998474121094,6351800,37.620216369628906
2024-03-22,40.29999923706055,40.56999969482422,39.22999954223633,39.290000915527344,2704700,36.4063720703125
2024-03-25,39.25,39.790000915527344,39.21699905395508,39.43000030517578,2200600,36.536094665527344
2024-03-26,39.599998474121094,39.63999938964844,39.11000061035156,39.18000030517578,1533200,36.304443359375
2024-03-27,39.560001373291016,39.83000183105469,39.3849983215332,39.810001373291016,2218300,36.888206481933594
2024-03-28,39.810001373291016,40.70500183105469,39.810001373291016,40.59000015258789,3562300,37.610958099365234
2024-04-01,40.52000045776367,40.54499816894531,39.415000915527344,39.59000015258789,2411700,36.68435287475586
2024-04-02,39.119998931884766,39.345001220703125,38.630001068115234,39.02000045776367,3775200,36.15618133544922
2024-04-03,38.20000076293945,39.209999084472656,38.09000015258789,39.040000915527344,2212200,36.17472457885742
2024-04-04,39.4900016784668,39.900001525878906,38.415000915527344,38.47999954223633,3167400,35.655818939208984
2024-04-05,38.25,38.869998931884766,38.060001373291016,38.380001068115234,2109300,35.56315612792969
2024-04-08,38.470001220703125,38.880001068115234,38.31999969482422,38.56999969482422,2673100,35.73921203613281
2024-04-09,39.72999954223633,39.790000915527344,38.77000045776367,39.150001525878906,3481200,36.276641845703125
2024-04-10,37.959999084472656,38.02000045776367,37.06999969482422,37.88999938964844,4304700,35.10911560058594
2024-04-11,38.0099983215332,38.5099983215332,37.08000183105469,38.0,3322800,35.211055755615234
2024-04-12,37.4900016784668,37.9900016784668,37.01499938964844,37.22999954223633,3156200,34.49755859375
2024-04-15,37.720001220703125,37.880001068115234,36.435001373291016,36.59000015258789,3918100,33.9045295715332
2024-04-16,36.31999969482422,36.400001525878906,35.6150016784668,35.959999084472656,3100200,33.32076644897461
2024-04-17,36.369998931884766,36.834999084472656,36.025001525878906,36.27000045776367,4402900,33.60801696777344
2024-04-18,37.4900016784668,39.47999954223633,37.400001525878906,38.709999084472656,8370200,35.868934631347656
2024-04-19,38.970001220703125,39.334999084472656,38.75,39.04999923706055,7236100,36.183990478515625
2024-04-22,39.2400016784668,39.875,38.79999923706055,39.7400016784668,4131200,36.823341369628906
2024-04-23,39.7400016784668,40.28499984741211,39.59000015258789,39.709999084472656,3969900,36.79553985595703
2024-04-24,39.439998626708984,39.959999084472656,39.099998474121094,39.7599983215332,3367000,36.84186935424805
2024-04-25,39.29999923706055,39.57500076293945,38.36000061035156,39.13999938964844,3433100,36.26737976074219
2024-04-26,39.220001220703125,39.689998626708984,39.18000030517578,39.29999923706055,2147800,36.4156379699707
2024-04-29,39.400001525878906,39.625,38.900001525878906,39.15999984741211,2698500,36.28590774536133
2024-04-30,38.58000183105469,38.98500061035156,38.21500015258789,38.349998474121094,3898500,35.8096923828125
2024-05-01,38.290000915527344,39.36000061035156,38.25,38.560001373291016,3633400,36.00578308105469
2024-05-02,39.150001525878906,39.2400016784668,38.43000030517578,38.79999923706055,1912500,36.22988510131836
2024-05-03,39.630001068115234,39.93000030517578,39.22999954223633,39.369998931884766,2608000,36.762123107910156
2024-05-06,39.849998474121094,40.029998779296875,39.27000045776367,39.900001525878906,2848800,37.25701904296875
2024-05-07,40.0,40.08000183105469,39.38999938964844,39.400001525878906,2213600,36.79014205932617
2024-05-08,39.11000061035156,39.51499938964844,38.90999984741211,39.47999954223633,1789400,36.86484146118164
2024-05-09,39.36000061035156,39.77000045776367,39.36000061035156,39.75,1326300,37.11695098876953
2024-05-10,39.869998931884766,40.025001525878906,39.21500015258789,39.40999984741211,1334000,36.799476623535156
2024-05-13,39.75,40.0,39.4900016784668,39.65999984741211,2053000,37.03291702270508
2024-05-14,39.97999954223633,40.88999938964844,39.91999816894531,40.779998779296875,4653400,38.07872772216797
2024-05-15,41.27000045776367,41.77000045776367,40.619998931884766,41.099998474121094,2813200,38.37752914428711
2024-05-16,40.880001068115234,41.09000015258789,40.29999923706055,40.380001068115234,2656100,37.705230712890625
2024-05-17,40.54999923706055,40.61000061035156,40.04999923706055,40.119998931884766,1389400,37.46244430541992
2024-05-20,40.02000045776367,40.255001068115234,39.34000015258789,39.439998626708984,1857600,36.82748794555664
2024-05-21,39.279998779296875,39.61000061035156,39.130001068115234,39.36000061035156,2024600,36.75278854370117
2024-05-22,39.099998474121094,39.47999954223633,38.0,39.099998474121094,2253400,36.510013580322266
2024-05-23,39.20000076293945,39.20000076293945,37.880001068115234,38.36000061035156,2975900,35.819026947021484
2024-05-24,38.61000061035156,39.15999984741211,38.47800064086914,38.79999923706055,1844600,36.22988510131836
2024-05-28,38.95000076293945,39.0099983215332,37.90999984741211,38.119998931884766,1641800,35.59492111206055
2024-05-29,37.349998474121094,38.06999969482422,37.22999954223633,37.88999938964844,1215000,35.38016128540039
2024-05-30,38.099998474121094,38.349998474121094,37.79999923706055,38.29999923706055,1153000,35.76300048828125
2024-05-31,38.40999984741211,38.97999954223633,38.2599983215332,38.970001220703125,2665200,36.38861846923828
2024-06-03,39.18000030517578,39.27000045776367,38.05500030517578,38.65999984741211,1759800,36.099159240722656
2024-06-04,38.040000915527344,38.58000183105469,37.7599983215332,37.939998626708984,2161200,35.42684555053711
2024-06-05,38.18000030517578,38.314998626708984,37.70500183105469,38.25,1416700,35.716312408447266
2024-06-06,38.349998474121094,38.66999816894531,38.099998474121094,38.459999084472656,1958000,35.91240310668945
2024-06-07,38.2599983215332,38.709999084472656,38.040000915527344,38.63999938964844,2127400,36.080474853515625
2024-06-10,38.380001068115234,38.779998779296875,38.06999969482422,38.560001373291016,2201400,36.00578308105469
2024-06-11,39.79999923706055,39.79999923706055,38.52000045776367,38.56999969482422,3567400,36.01511764526367
2024-06-12,39.90999984741211,40.72999954223633,39.72999954223633,39.939998626708984,3490900,37.29436492919922
2024-06-13,39.7599983215332,39.88999938964844,39.16999816894531,39.77000045776367,2587600,37.13562774658203
2024-06-14,39.18000030517578,39.5,38.599998474121094,38.779998779296875,1769200,36.21120834350586
2024-06-17,38.7599983215332,39.77000045776367,38.5,39.75,2019300,37.11695098876953
2024-06-18,39.77000045776367,40.25,39.65999984741211,40.04999923706055,1547600,37.3970832824707
2024-06-20,39.90999984741211,40.0099983215332,39.56999969482422,39.9900016784668,1592000,37.341060638427734
2024-06-21,40.11000061035156,40.119998931884766,39.560001373291016,39.81999969482422,2776600,37.182315826416016
2024-06-24,40.04999923706055,41.130001068115234,39.81999969482422,40.400001525878906,2721800,37.723899841308594
2024-06-25,40.38999938964844,40.38999938964844,39.64500045776367,39.689998626708984,2133200,37.0609245300293
2024-06-26,39.439998626708984,39.880001068115234,39.095001220703125,39.83000183105469,2374700,37.19165802001953
2024-06-27,39.560001373291016,39.93000030517578,39.26499938964844,39.59000015258789,1894500,36.967559814453125
2024-06-28,39.970001220703125,40.59000015258789,39.5,39.66999816894531,6201700,37.04225158691406
2024-07-01,39.709999084472656,40.05500030517578,39.20000076293945,39.2599983215332,2777800,36.6594123840332
2024-07-02,39.16999816894531,40.400001525878906,39.040000915527344,40.310001373291016,2916500,37.639862060546875
2024-07-03,40.4900016784668,41.099998474121094,40.13999938964844,40.45000076293945,1143000,37.77058410644531
2024-07-05,40.209999084472656,40.650001525878906,39.470001220703125,39.84000015258789,5184700,37.200992584228516
2024-07-08,40.529998779296875,41.02000045776367,40.380001068115234,40.5,2289600,37.8172721862793
2024-07-09,40.34000015258789,41.68000030517578,40.220001220703125,41.029998779296875,3481000,38.31216812133789
2024-07-10,41.04999923706055,41.439998626708984,40.744998931884766,41.25,2468400,38.5175895690918
2024-07-11,42.11000061035156,42.63999938964844,41.900001525878906,42.29999923706055,3182900,39.498043060302734
2024-07-12,42.43000030517578,42.92499923706055,42.165000915527344,42.880001068115234,2397500,40.03962707519531
2024-07-15,43.2599983215332,44.14500045776367,43.25,43.779998779296875,3510500,40.880008697509766
2024-07-16,43.70000076293945,44.5,43.5,44.459999084472656,3943600,41.51496505737305
2024-07-17,42.51499938964844,44.209999084472656,41.893001556396484,43.43000030517578,6654400,40.553192138671875
2024-07-18,43.43000030517578,43.86000061035156,42.40999984741211,42.439998626708984,4861700,39.62876892089844
2024-07-19,42.43000030517578,42.65999984741211,41.77000045776367,41.86000061035156,2248700,39.087188720703125
2024-07-22,41.88999938964844,42.220001220703125,41.130001068115234,41.93000030517578,2032400,39.15255355834961
2024-07-23,41.790000915527344,42.790000915527344,41.599998474121094,42.279998779296875,2262900,39.47936248779297
2024-07-24,42.04999923706055,42.84000015258789,41.970001220703125,42.2400016784668,1956100,39.4420166015625
2024-07-25,42.34000015258789,43.959999084472656,42.16999816894531,43.349998474121094,3023900,40.47848892211914
2024-07-26,43.93000030517578,44.2400016784668,43.63999938964844,43.9900016784668,1988200,41.07609939575195
2024-07-29,44.220001220703125,44.310001373291016,43.689998626708984,44.15999984741211,1455900,41.234840393066406
2024-07-30,44.47999954223633,45.25,44.220001220703125,44.529998779296875,2053700,41.580322265625
2024-07-31,44.880001068115234,45.459999084472656,44.4900016784668,45.0099983215332,2952500,42.02853012084961
2024-08-01,44.88999938964844,45.099998474121094,42.099998474121094,42.54999923706055,3011700,39.99807357788086
2024-08-02,41.540000915527344,41.689998626708984,40.130001068115234,40.66999816894531,4032300,38.230831146240234
2024-08-05,38.41999816894531,40.18000030517578,37.89799880981445,39.52000045776367,3289200,37.14979553222656
2024-08-06,39.41999816894531,40.77000045776367,39.06999969482422,40.02000045776367,3299000,37.61981201171875
2024-08-07,40.83000183105469,41.33000183105469,39.54999923706055,39.560001373291016,2292500,37.187400817871094
2024-08-08,40.0,40.599998474121094,39.720001220703125,40.41999816894531,1602300,37.99582290649414
2024-08-09,40.56999969482422,40.79999923706055,40.189998626708984,40.54999923706055,1322700,38.11802291870117
2024-08-12,40.77000045776367,41.025001525878906,40.189998626708984,40.310001373291016,1577800,37.89242172241211
2024-08-13,40.63999938964844,41.138999938964844,40.13999938964844,40.86000061035156,1590900,38.40943145751953
2024-08-14,41.34000015258789,41.4900016784668,40.529998779296875,41.060001373291016,1535400,38.59743881225586
2024-08-15,41.84000015258789,42.33000183105469,41.060001373291016,41.61000061035156,2371700,39.11445617675781
2024-08-16,41.34000015258789,42.060001373291016,41.34000015258789,42.029998779296875,1925400,39.50926208496094
2024-08-19,42.029998779296875,43.0099983215332,42.029998779296875,42.77000045776367,2061300,40.20487976074219
2024-08-20,42.58000183105469,42.77000045776367,41.98500061035156,42.040000915527344,1663400,39.51865768432617
2024-08-21,42.25,42.38999938964844,41.40999984741211,41.77000045776367,1522200,39.26485824584961
2024-08-22,41.77000045776367,42.18000030517578,41.52000045776367,41.88999938964844,1357100,39.37765884399414
2024-08-23,42.34000015258789,43.59000015258789,42.02000045776367,43.58000183105469,2043600,40.96630096435547
2024-08-26,43.77000045776367,43.86000061035156,42.790000915527344,42.880001068115234,2483800,40.308284759521484
2024-08-27,42.68000030517578,43.18000030517578,42.52000045776367,42.93000030517578,2303900,40.35528564453125
2024-08-28,42.630001068115234,42.95000076293945,42.209999084472656,42.5,2415900,39.95107650756836
2024-08-29,42.7599983215332,42.86000061035156,41.81999969482422,42.459999084472656,3884600,39.91347122192383
2024-08-30,42.619998931884766,43.220001220703125,42.45000076293945,43.189998626708984,3637200,40.59968948364258
2024-09-03,42.81999969482422,43.119998931884766,41.73500061035156,41.90999984741211,3342100,39.39646530151367
2024-09-04,41.86000061035156,42.40999984741211,41.3650016784668,41.58000183105469,3272000,39.08625411987305
2024-09-05,41.90999984741211,41.90999984741211,40.58000183105469,40.939998626708984,2649200,38.48463439941406
2024-09-06,40.900001525878906,41.27000045776367,39.060001373291016,39.560001373291016,6049200,37.187400817871094
2024-09-09,39.81999969482422,40.119998931884766,39.470001220703125,39.65999984741211,3676400,37.28140640258789
2024-09-10,35.40999984741211,36.0,31.950000762939453,32.66999816894531,27135000,30.71062660217285
2024-09-11,32.31999969482422,33.290000915527344,31.979999542236328,32.869998931884766,10088000,30.898632049560547
2024-09-12,32.689998626708984,33.19499969482422,32.28499984741211,32.849998474121094,5786000,30.879831314086914
2024-09-13,33.0,33.709999084472656,32.63999938964844,32.970001220703125,5233200,30.992633819580078
2024-09-16,32.5099983215332,33.58000183105469,32.5099983215332,33.029998779296875,5514100,31.049034118652344
2024-09-17,33.22999954223633,34.689998626708984,33.22999954223633,33.7599983215332,5275900,31.735252380371094
2024-09-18,33.7400016784668,34.86000061035156,33.70000076293945,34.04999923706055,6085900,32.00786590576172
2024-09-19,34.61000061035156,35.220001220703125,34.189998626708984,34.959999084472656,5480800,32.86328887939453
2024-09-20,34.91999816894531,35.04999923706055,34.2400016784668,34.47999954223633,4588600,32.412071228027344
2024-09-23,34.5099983215332,35.119998931884766,33.970001220703125,33.9900016784668,3925300,31.95146369934082
2024-09-24,34.130001068115234,34.290000915527344,33.7400016784668,34.18000030517578,3554100,32.13006591796875
2024-09-25,34.20000076293945,34.779998779296875,34.06100082397461,34.619998931884766,3993700,32.543678283691406
2024-09-26,34.47999954223633,34.880001068115234,34.029998779296875,34.81999969482422,3265000,32.73168182373047
2024-09-27,35.2400016784668,35.474998474121094,34.86000061035156,34.970001220703125,2410100,32.872684478759766
2024-09-30,34.93000030517578,35.59000015258789,34.70199966430664,35.59000015258789,3169800,33.455501556396484
2024-10-01,35.310001373291016,35.47999954223633,34.369998931884766,34.709999084472656,3043100,32.62827682495117
2024-10-02,34.65999984741211,35.060001373291016,34.36000061035156,34.540000915527344,1843400,32.468475341796875
2024-10-03,34.25,34.65999984741211,34.04999923706055,34.459999084472656,2139300,32.393272399902344
2024-10-04,35.279998779296875,35.5,34.82500076293945,35.119998931884766,2563100,33.013694763183594
2024-10-07,35.11000061035156,35.481998443603516,34.880001068115234,35.20000076293945,3600800,33.088890075683594
2024-10-08,35.13999938964844,35.290000915527344,34.45000076293945,34.880001068115234,2046400,32.7880859375
2024-10-09,34.880001068115234,35.349998474121094,34.70000076293945,35.310001373291016,2782600,33.19229507446289
2024-10-10,35.08000183105469,35.7400016784668,34.869998931884766,35.11000061035156,4025100,33.00428771972656
2024-10-11,35.2599983215332,35.814998626708984,35.2599983215332,35.65999984741211,4719500,33.52130126953125
2024-10-14,35.540000915527344,36.025001525878906,35.220001220703125,35.790000915527344,4189100,33.64350509643555
2024-10-15,36.0,36.279998779296875,34.90999984741211,34.970001220703125,7670300,32.872684478759766
2024-10-16,35.560001373291016,36.0,35.20000076293945,35.939998626708984,5597100,33.784507751464844
2024-10-17,35.849998474121094,36.064998626708984,35.650001525878906,35.84000015258789,5118000,33.69050979614258
2024-10-18,32.900001525878906,35.58000183105469,32.86000061035156,35.0099983215332,9150000,32.91028594970703
2024-10-21,35.220001220703125,35.77000045776367,34.400001525878906,34.66999816894531,5848600,32.59067916870117
2024-10-22,34.52000045776367,35.08000183105469,34.52000045776367,34.720001220703125,3151800,32.63768005371094
2024-10-23,34.5,34.84000015258789,34.2599983215332,34.439998626708984,2815400,32.37446975708008
2024-10-24,34.630001068115234,34.6349983215332,34.060001373291016,34.4900016784668,2285700,32.421470642089844
2024-10-25,34.66999816894531,35.369998931884766,34.369998931884766,34.41999816894531,2541400,32.35567092895508
2024-10-28,34.59000015258789,35.209999084472656,34.459999084472656,35.119998931884766,2122800,33.013694763183594
2024-10-29,34.849998474121094,35.34000015258789,34.599998474121094,35.099998474121094,2157900,32.99488830566406
2024-10-30,35.27000045776367,36.625,35.224998474121094,36.099998474121094,3332100,33.93490982055664
2024-10-31,36.15999984741211,36.15999984741211,35.040000915527344,35.04999923706055,2065200,32.9478874206543
2024-11-01,34.810001373291016,35.130001068115234,34.52000045776367,34.56999969482422,2380400,32.7772216796875
2024-11-04,34.56999969482422,34.709999084472656,34.209999084472656,34.25,2025500,32.473819732666016
2024-11-05,34.34000015258789,35.32899856567383,34.314998626708984,35.220001220703125,2189400,33.393516540527344
2024-11-06,36.86000061035156,37.869998931884766,36.040000915527344,37.869998931884766,6700700,35.90608596801758
2024-11-07,37.459999084472656,38.220001220703125,37.06999969482422,38.02000045776367,3972000,36.048309326171875
2024-11-08,38.040000915527344,38.13999938964844,37.32500076293945,37.560001373291016,2714100,35.61216735839844
2024-11-11,38.099998474121094,38.31999969482422,37.4900016784668,37.54999923706055,2431700,35.60267639160156
2024-11-12,37.119998931884766,37.66400146484375,36.630001068115234,36.65999984741211,2602100,34.75883483886719
2024-11-13,36.900001525878906,37.18000030517578,36.470001220703125,36.58000183105469,2182600,34.682987213134766
2024-11-14,36.70000076293945,36.814998626708984,35.040000915527344,36.220001220703125,5088500,34.34165573120117
2024-11-15,36.380001068115234,36.70000076293945,35.93000030517578,36.220001220703125,2165800,34.34165573120117
2024-11-18,36.27000045776367,36.39500045776367,35.61000061035156,35.709999084472656,2958600,33.85810089111328
2024-11-19,35.279998779296875,35.709999084472656,35.18000030517578,35.56999969482422,2601300,33.72536087036133
2024-11-20,35.540000915527344,35.84000015258789,35.29999923706055,35.529998779296875,2041000,33.687435150146484
2024-11-21,35.65999984741211,37.459999084472656,35.560001373291016,37.189998626708984,3772000,35.261348724365234
2024-11-22,37.02000045776367,39.119998931884766,37.02000045776367,37.849998474121094,4469100,35.88712692260742
2024-11-25,38.279998779296875,39.40999984741211,38.209999084472656,38.97999954223633,4352400,36.958526611328125
2024-11-26,38.68000030517578,39.439998626708984,38.42499923706055,39.41999816894531,2988700,37.375701904296875
2024-11-27,39.5,39.849998474121094,38.95500183105469,39.4900016784668,2939600,37.442073822021484
2024-11-29,39.90999984741211,40.189998626708984,39.77000045776367,39.97999954223633,1866600,37.90666198730469
2024-12-02,39.90999984741211,39.90999984741211,39.040000915527344,39.20000076293945,3772100,37.16712188720703
2024-12-03,39.47999954223633,39.5,38.77000045776367,39.11000061035156,2353700,37.081783294677734
2024-12-04,39.099998474121094,39.209999084472656,38.36000061035156,38.84000015258789,2167300,36.825782775878906
2024-12-05,38.36000061035156,39.04999923706055,38.16999816894531,38.369998931884766,2499800,36.38015365600586
2024-12-06,38.599998474121094,38.75,37.80500030517578,38.54999923706055,3374900,36.550819396972656
2024-12-09,39.36000061035156,39.63999938964844,38.25,38.369998931884766,3594700,36.38015365600586
2024-12-10,38.68000030517578,38.91999816894531,38.1349983215332,38.54999923706055,2415200,36.550819396972656
2024-12-11,38.790000915527344,38.84000015258789,37.650001525878906,38.41999816894531,6531300,36.42755889892578
2024-12-12,38.209999084472656,38.71699905395508,37.5099983215332,37.52000045776367,3422700,35.57423400878906
2024-12-13,37.560001373291016,37.900001525878906,37.25,37.68000030517578,2415000,35.7259407043457
2024-12-16,37.56999969482422,37.83000183105469,37.369998931884766,37.59000015258789,2090100,35.64060592651367
2024-12-17,37.310001373291016,37.439998626708984,36.59000015258789,36.59000015258789,3706400,34.69246292114258
2024-12-18,36.900001525878906,37.119998931884766,34.540000915527344,34.61000061035156,3399400,32.81514358520508
2024-12-19,35.15999984741211,35.459999084472656,34.2599983215332,34.630001068115234,3700400,32.8341178894043
2024-12-20,34.4900016784668,35.36000061035156,34.25,34.86000061035156,5073700,33.052181243896484
2024-12-23,34.70000076293945,35.290000915527344,34.56999969482422,35.2599983215332,2875400,33.43144226074219
2024-12-24,35.279998779296875,35.779998779296875,35.11000061035156,35.75,905500,33.89603042602539
2024-12-26,35.5099983215332,36.09000015258789,35.470001220703125,36.0099983215332,1071200,34.142547607421875
2024-12-27,35.66999816894531,36.25699996948242,35.5,35.650001525878906,1286800,33.801212310791016
2024-12-30,35.31999969482422,35.91999816894531,35.08000183105469,35.70000076293945,1291500,33.8486213684082
2024-12-31,35.83000183105469,36.380001068115234,35.810001373291016,36.0099983215332,1207500,34.142547607421875
2025-01-02,36.40999984741211,36.77000045776367,35.59000015258789,35.7599983215332,2466100,33.9055061340332
2025-01-03,36.0,36.119998931884766,34.93000030517578,35.849998474121094,2093300,33.990840911865234
2025-01-06,36.630001068115234,36.849998474121094,36.06999969482422,36.209999084472656,2799500,34.332176208496094
2025-01-07,36.66999816894531,36.779998779296875,35.525001525878906,35.779998779296875,3689500,33.924468994140625
2025-01-08,35.15999984741211,36.18000030517578,35.119998931884766,35.61000061035156,3967400,33.76328659057617
2025-01-10,35.119998931884766,35.20000076293945,34.1150016784668,34.189998626708984,2371300,32.416927337646484
2025-01-13,33.95000076293945,35.04999923706055,33.70000076293945,34.959999084472656,2465900,33.146995544433594
2025-01-14,35.16999816894531,35.439998626708984,34.880001068115234,35.31999969482422,1749500,33.48832702636719
2025-01-15,36.720001220703125,37.16999816894531,36.5099983215332,37.130001068115234,2820000,35.204463958740234
2025-01-16,37.06999969482422,37.540000915527344,36.939998626708984,37.369998931884766,4392600,35.43201446533203
2025-01-17,37.38999938964844,37.7400016784668,36.88999938964844,36.93000030517578,5100200,35.01483917236328
2025-01-21,37.13999938964844,38.2400016784668,36.849998474121094,38.18000030517578,7981300,36.200008392333984
2025-01-22,41.380001068115234,41.4900016784668,39.130001068115234,39.650001525878906,11371700,37.593780517578125
2025-01-23,38.81999969482422,40.32500076293945,38.439998626708984,40.09000015258789,5699900,38.010955810546875
2025-01-24,40.029998779296875,40.029998779296875,38.83000183105469,39.0099983215332,6020800,36.98696517944336
2025-01-27,38.97999954223633,39.529998779296875,38.75,39.22999954223633,3095600,37.195556640625
2025-01-28,39.709999084472656,40.0,38.599998474121094,39.060001373291016,2923300,37.03437423706055
2025-01-29,38.95000076293945,39.59000015258789,38.65999984741211,38.90999984741211,2328500,36.89215850830078
2025-01-30,40.0,40.5,39.58000183105469,39.84000015258789,3363500,37.773921966552734
2025-01-31,39.54999923706055,39.81999969482422,38.78499984741211,38.970001220703125,3225700,37.2293815612793
2025-02-03,37.81999969482422,38.630001068115234,37.529998779296875,38.11000061035156,4720400,36.40779495239258
2025-02-04,38.02000045776367,38.540000915527344,38.02000045776367,38.18000030517578,2183900,36.474666595458984
2025-02-05,38.43000030517578,38.54199981689453,37.8120002746582,38.220001220703125,3526900,36.512882232666016
2025-02-06,38.5,38.5,37.93000030517578,38.25,3019200,36.541542053222656
2025-02-07,38.349998474121094,38.88999938964844,38.25,38.29999923706055,2602100,36.58930587768555
2025-02-10,38.459999084472656,38.689998626708984,37.29999923706055,37.79999923706055,4530800,36.11164093017578
2025-02-11,37.599998474121094,38.16999816894531,37.599998474121094,38.0,2067700,36.30270767211914
2025-02-12,37.66999816894531,37.66999816894531,36.75,37.22999954223633,2483800,35.567100524902344
2025-02-13,37.29999923706055,37.6150016784668,37.0,37.29999923706055,2869200,35.63397216796875
2025-02-14,37.439998626708984,38.52000045776367,37.275001525878906,38.380001068115234,2503900,36.66573715209961
2025-02-18,38.529998779296875,39.2400016784668,38.40999984741211,39.220001220703125,3104200,37.46821594238281
2025-02-19,38.95000076293945,39.45000076293945,38.560001373291016,39.099998474121094,2661500,37.353572845458984
2025-02-20,39.119998931884766,39.154998779296875,38.16999816894531,38.91999816894531,3633200,37.181610107421875
2025-02-21,39.0099983215332,39.130001068115234,37.4900016784668,37.4900016784668,2622900,35.815486907958984
2025-02-24,37.70000076293945,37.790000915527344,36.73400115966797,36.900001525878906,2933600,35.2518424987793
2025-02-25,36.97999954223633,37.439998626708984,36.45500183105469,36.470001220703125,3945100,34.8410530090332
2025-02-26,36.72999954223633,37.2599983215332,36.51499938964844,36.88999938964844,2977200,35.242286682128906
2025-02-27,36.95000076293945,37.310001373291016,36.400001525878906,36.709999084472656,2284400,35.0703239440918
2025-02-28,36.689998626708984,37.2599983215332,36.540000915527344,37.099998474121094,3037700,35.44290542602539
2025-03-03,37.310001373291016,37.4900016784668,34.959999084472656,35.209999084472656,3255500,33.637325286865234
2025-03-04,34.619998931884766,35.4900016784668,33.2599983215332,34.849998474121094,7152800,33.29340362548828
2025-03-05,34.95000076293945,35.70000076293945,34.5,35.5,5680400,33.91437530517578
2025-03-06,34.849998474121094,35.90999984741211,34.40999984741211,35.0099983215332,3797200,33.446258544921875
2025-03-07,34.91999816894531,34.91999816894531,33.27000045776367,34.650001525878906,4762900,33.10233688354492
2025-03-10,33.88999938964844,33.970001220703125,32.79499816894531,33.5,5375000,32.00370407104492
2025-03-11,33.08000183105469,34.05500030517578,32.970001220703125,33.45000076293945,3913200,31.955936431884766
2025-03-12,33.790000915527344,34.18000030517578,33.25,33.900001525878906,4145900,32.385841369628906
2025-03-13,34.040000915527344,34.25,32.65999984741211,32.9900016784668,2778800,31.51648712158203
2025-03-14,33.58000183105469,34.209999084472656,33.2599983215332,34.08000183105469,3095800,32.557796478271484
2025-03-17,33.86000061035156,34.65999984741211,33.7400016784668,34.45000076293945,4221600,32.91127014160156
2025-03-18,34.459999084472656,34.82500076293945,34.099998474121094,34.70000076293945,4559500,33.150108337402344
2025-03-19,34.790000915527344,35.68000030517578,34.61000061035156,35.459999084472656,3346600,33.876155853271484
2025-03-20,35.02000045776367,36.49800109863281,35.02000045776367,36.119998931884766,5225500,34.50667953491211
2025-03-21,35.90999984741211,36.75,35.54999923706055,36.439998626708984,13527700,34.812381744384766
2025-03-24,37.45000076293945,38.040000915527344,36.974998474121094,37.880001068115234,4030000,36.18806838989258
2025-03-25,37.349998474121094,37.939998626708984,37.130001068115234,37.439998626708984,5049800,35.76771545410156
2025-03-26,37.54999923706055,37.63999938964844,36.34400177001953,36.779998779296875,4056900,35.1371955871582
2025-03-27,36.4900016784668,37.560001373291016,36.209999084472656,37.31999969482422,4132600,35.653079986572266
2025-03-28,37.11000061035156,38.18000030517578,36.810001373291016,37.45000076293945,6160300,35.77727508544922
2025-03-31,36.72999954223633,37.150001525878906,36.06999969482422,36.470001220703125,5317700,34.8410530090332
2025-04-01,36.599998474121094,37.25,36.06999969482422,36.689998626708984,3943700,35.05121994018555
2025-04-02,36.11000061035156,37.290000915527344,36.02000045776367,37.02000045776367,2749400,35.36648178100586
2025-04-03,35.20000076293945,35.220001220703125,32.882999420166016,33.0,7592100,31.52603530883789
2025-04-04,31.3700008392334,32.5099983215332,30.059999465942383,32.119998931884766,9357100,30.685338973999023
2025-04-07,30.299999237060547,33.16999816894531,30.200000762939453,31.34000015258789,9190100,29.940181732177734
2025-04-08,32.810001373291016,33.290000915527344,30.1200008392334,30.56999969482422,6393600,29.204570770263672
2025-04-09,29.950000762939453,34.20000076293945,29.520000457763672,33.72999954223633,7774800,32.223426818847656
2025-04-10,32.900001525878906,33.0,30.979999542236328,31.989999771118164,4090300,30.561147689819336
2025-04-11,31.790000915527344,31.940000534057617,30.260000228881836,31.799999237060547,6339000,30.3796329498291
2025-04-14,32.720001220703125,32.720001220703125,31.739999771118164,32.209999084472656,2636700,30.771320343017578
2025-04-15,32.29999923706055,32.83000183105469,32.15999984741211,32.33000183105469,3098600,30.885963439941406
2025-04-16,32.040000915527344,32.814998626708984,31.770000457763672,32.18000030517578,5114100,30.742660522460938
2025-04-17,32.56999969482422,32.86000061035156,31.049999237060547,31.6299991607666,8043900,30.217226028442383
2025-04-21,31.200000762939453,31.6299991607666,29.90999984741211,30.09000015258789,5039700,28.746013641357422
2025-04-22,30.489999771118164,31.6299991607666,30.3799991607666,31.40999984741211,4123700,30.00705337524414
2025-04-23,32.72999954223633,33.7599983215332,31.889999389648438,32.060001373291016,6501700,30.628023147583008
2025-04-24,32.459999084472656,33.34000015258789,32.150001525878906,33.189998626708984,4726900,31.707548141479492
2025-04-25,32.900001525878906,33.29999923706055,32.86000061035156,32.91999816894531,4238100,31.44960594177246
2025-04-28,32.959999084472656,33.599998474121094,32.93000030517578,33.209999084472656,2917600,31.726654052734375
2025-04-29,32.97999954223633,33.189998626708984,32.40999984741211,32.900001525878906,3685100,31.430505752563477
2025-04-30,32.040000915527344,32.709999084472656,31.454999923706055,32.65999984741211,4300700,31.201221466064453
2025-05-01,32.459999084472656,32.810001373291016,32.073001861572266,32.290000915527344,2513200,31.133729934692383
2025-05-02,32.790000915527344,33.400001525878906,32.52000045776367,33.209999084472656,2263500,32.020782470703125
2025-05-05,32.84000015258789,33.599998474121094,32.5099983215332,33.02000045776367,2681800,31.83759117126465
2025-05-06,32.5099983215332,32.880001068115234,32.35499954223633,32.540000915527344,3076000,31.37477684020996
2025-05-07,32.709999084472656,33.04999923706055,32.28099822998047,32.5099983215332,2170000,31.345848083496094
2025-05-08,32.95000076293945,33.762001037597656,32.72999954223633,33.5,2519400,32.3004035949707
2025-05-09,33.65999984741211,34.68000030517578,33.56999969482422,34.61000061035156,4654700,33.37065124511719
2025-05-12,36.599998474121094,37.189998626708984,35.91999816894531,36.400001525878906,4355200,35.0965576171875
2025-05-13,36.650001525878906,36.88999938964844,36.16999816894531,36.650001525878906,2462700,35.33760452270508
2025-05-14,36.5,36.63999938964844,35.75,35.779998779296875,3216200,34.49875259399414
2025-05-15,35.529998779296875,35.777000427246094,35.22999954223633,35.75,2431400,34.46983337402344
2025-05-16,35.900001525878906,36.2400016784668,35.369998931884766,36.029998779296875,2399400,34.73979949951172
2025-05-19,35.529998779296875,36.2400016784668,35.40999984741211,36.09000015258789,1692600,34.79765701293945
2025-05-20,35.900001525878906,36.029998779296875,35.57500076293945,35.65999984741211,2303500,34.383052825927734
2025-05-21,35.279998779296875,35.380001068115234,33.900001525878906,33.93000030517578,3758500,32.715003967285156
2025-05-22,33.869998931884766,34.130001068115234,33.61000061035156,33.93000030517578,3218900,32.715003967285156
2025-05-23,32.970001220703125,33.77000045776367,32.50199890136719,33.58000183105469,2828400,32.37753677368164
2025-05-27,34.0,34.790000915527344,33.810001373291016,34.779998779296875,3572900,33.53456115722656
2025-05-28,34.7599983215332,35.05500030517578,34.400001525878906,34.900001525878906,3653400,33.6502685546875
2025-05-29,35.279998779296875,35.43000030517578,34.869998931884766,35.279998779296875,4042700,34.016658782958984
2025-05-30,35.099998474121094,35.529998779296875,34.619998931884766,35.0,23889900,33.74668884277344
2025-06-02,34.900001525878906,35.2599983215332,34.29999923706055,35.2400016784668,4122600,33.97808837890625
2025-06-03,35.2400016784668,35.790000915527344,34.709999084472656,35.66999816894531,5536300,34.392696380615234
2025-06-04,35.689998626708984,35.904998779296875,35.2400016784668,35.34000015258789,6260400,34.07451248168945
2025-06-05,35.31999969482422,35.52000045776367,34.73500061035156,35.20000076293945,2835000,33.93952560424805
2025-06-06,35.79999923706055,36.33000183105469,35.709999084472656,36.29999923706055,3036400,35.00013732910156
2025-06-09,36.79999923706055,36.97999954223633,36.29999923706055,36.599998474121094,3267200,35.289390563964844
2025-06-10,36.66999816894531,36.88999938964844,36.279998779296875,36.790000915527344,3135800,35.47258377075195
2025-06-11,37.0099983215332,38.04999923706055,36.95000076293945,37.400001525878906,5846400,36.06074905395508
2025-06-12,37.040000915527344,37.09000015258789,36.52000045776367,36.790000915527344,3993200,35.47258377075195
2025-06-13,36.25,36.7400016784668,35.900001525878906,36.02000045776367,2836400,34.73016357421875
2025-06-16,36.380001068115234,36.70000076293945,36.119998931884766,36.619998931884766,2318300,35.308677673339844
2025-06-17,36.33000183105469,36.57500076293945,35.935001373291016,36.130001068115234,3503400,34.83622360229492
2025-06-18,36.150001525878906,37.15999984741211,36.0,36.84000015258789,2865100,35.52079772949219
2025-06-20,37.13999938964844,37.290000915527344,36.880001068115234,36.939998626708984,3170100,35.61721420288086
2025-06-23,36.650001525878906,37.04499816894531,36.099998474121094,37.0099983215332,2135700,35.68471145629883
2025-06-24,37.470001220703125,37.98500061035156,37.14500045776367,37.95000076293945,4277900,36.59104919433594
2025-06-25,37.939998626708984,38.17499923706055,37.66999816894531,38.150001525878906,2152900,36.78389358520508
2025-06-26,38.380001068115234,39.040000915527344,38.119998931884766,38.779998779296875,3436100,37.39133071899414
2025-06-27,38.869998931884766,39.31999969482422,38.60499954223633,38.90999984741211,4134200,37.51667404174805
2025-06-30,39.060001373291016,39.349998474121094,38.7400016784668,38.95000076293945,2839200,37.555240631103516
2025-07-01,38.90999984741211,40.36000061035156,38.66999816894531,40.209999084472656,4166700,38.77012252807617
2025-07-02,40.400001525878906,40.90999984741211,40.060001373291016,40.900001525878906,2679000,39.4354133605957
2025-07-03,41.0,41.26499938964844,40.974998474121094,41.209999084472656,1977600,39.73431396484375
2025-07-07,40.79999923706055,41.279998779296875,40.040000915527344,40.40999984741211,2752100,38.96295928955078
2025-07-08,40.77000045776367,41.099998474121094,40.314998626708984,40.349998474121094,2917200,38.90510559082031
2025-07-09,40.779998779296875,40.880001068115234,40.21500015258789,40.369998931884766,2594000,38.92439270019531
2025-07-10,40.58000183105469,40.7599983215332,40.28499984741211,40.52000045776367,3781400,39.06901931762695
2025-07-11,40.220001220703125,40.59000015258789,39.935001373291016,40.439998626708984,2608300,38.99188232421875
2025-07-14,40.54999923706055,40.880001068115234,40.34000015258789,40.650001525878906,2853700,39.19436264038086
2025-07-15,40.630001068115234,40.790000915527344,39.02000045776367,39.040000915527344,2982400,37.64202117919922
2025-07-16,39.22999954223633,39.47999954223633,38.709999084472656,39.33000183105469,2562100,37.921634674072266
2025-07-17,39.25,40.29499816894531,39.20000076293945,40.2400016784668,3702300,38.799049377441406
2025-07-18,39.97999954223633,40.43000030517578,38.5099983215332,39.880001068115234,5850500,38.451942443847656
2025-07-21,39.72999954223633,39.970001220703125,38.38999938964844,38.849998474121094,6676200,37.458824157714844
2025-07-22,38.689998626708984,39.349998474121094,38.5,38.84000015258789,4156800,37.44917678833008
2025-07-23,39.310001373291016,39.505001068115234,38.869998931884766,39.439998626708984,4673100,38.02769088745117
2025-07-24,39.45000076293945,39.45000076293945,38.34000015258789,38.380001068115234,3172800,37.005653381347656
2025-07-25,38.5099983215332,38.599998474121094,37.83000183105469,38.540000915527344,2691700,37.1599235534668
2025-07-28,38.58000183105469,38.849998474121094,38.26499938964844,38.81999969482422,2743200,37.429893493652344
2025-07-29,39.11000061035156,39.18000030517578,38.349998474121094,38.5099983215332,2976000,37.1309928894043
2025-07-30,38.65999984741211,38.779998779296875,37.900001525878906,38.2599983215332,2904100,36.88994598388672
2025-07-31,38.38999938964844,38.459999084472656,37.709999084472656,37.849998474121094,2625200,36.494632720947266
2025-08-01,37.0099983215332,37.154998779296875,36.11000061035156,37.029998779296875,3526200,35.98924255371094
2025-08-04,37.22999954223633,37.45000076293945,36.88999938964844,37.439998626708984,3788700,36.38772201538086
2025-08-05,37.58000183105469,37.72999954223633,36.83000183105469,37.2400016784668,1988600,36.1933479309082
2025-08-06,37.36000061035156,37.724998474121094,37.20500183105469,37.220001220703125,2390700,36.17390441894531
2025-08-07,37.619998931884766,37.70000076293945,36.70500183105469,36.95000076293945,2333100,35.9114990234375
2025-08-08,37.29999923706055,37.53499984741211,36.7859992980957,37.47999954223633,1813300,36.42660140991211
2025-08-11,37.52000045776367,37.724998474121094,37.220001220703125,37.220001220703125,2021400,36.17390441894531
2025-08-12,37.599998474121094,38.38999938964844,37.540000915527344,38.310001373291016,2339300,37.2332763671875
2025-08-13,38.5,38.93000030517578,38.415000915527344,38.88999938964844,3398400,37.796966552734375
2025-08-14,38.5,38.904998779296875,38.13999938964844,38.88999938964844,2252200,37.796966552734375
2025-08-15,39.0,39.20100021362305,38.47999954223633,38.849998474121094,3697800,37.758094787597656
2025-08-18,38.779998779296875,38.8849983215332,38.279998779296875,38.400001525878906,2435300,37.320743560791016
2025-08-19,38.41999816894531,38.79999923706055,38.165000915527344,38.27000045776367,1775900,37.194393157958984
2025-08-20,38.209999084472656,38.38999938964844,37.79999923706055,38.2400016784668,2047500,37.16524124145508
2025-08-21,38.0,38.5,37.619998931884766,38.45000076293945,1737900,37.36933898925781
2025-08-22,38.70000076293945,40.790000915527344,38.63999938964844,40.58000183105469,4048300,39.43947219848633
2025-08-25,40.5099983215332,40.84000015258789,40.2599983215332,40.720001220703125,3028200,39.575538635253906
2025-08-26,40.540000915527344,40.9900016784668,40.43000030517578,40.7599983215332,1934900,39.614410400390625
2025-08-27,40.56999969482422,41.2599983215332,40.560001373291016,41.060001373291016,2575700,39.905982971191406
2025-08-28,41.25,41.290000915527344,40.904998779296875,41.04999923706055,2721500,39.896263122558594
2025-08-29,41.209999084472656,41.45500183105469,40.79999923706055,41.04999923706055,2233100,39.896263122558594
2025-09-02,40.970001220703125,40.97800064086914,40.09000015258789,40.7599983215332,2049800,39.614410400390625
2025-09-03,40.59000015258789,41.08000183105469,40.38999938964844,40.869998931884766,1967100,39.721317291259766
2025-09-04,41.09000015258789,41.59000015258789,40.380001068115234,41.56999969482422,1909500,40.40164566040039
2025-09-05,41.880001068115234,42.459999084472656,41.27000045776367,41.36000061035156,3612100,40.19755172729492
2025-09-08,41.41999816894531,41.47999954223633,40.93000030517578,41.34000015258789,2054400,40.1781120300293
2025-09-09,41.27000045776367,41.970001220703125,41.224998474121094,41.40999984741211,2533200,40.24614334106445
2025-09-10,41.279998779296875,41.779998779296875,40.83000183105469,41.11000061035156,2246200,39.95457458496094
2025-09-11,41.209999084472656,42.119998931884766,40.97999954223633,42.099998474121094,2439600,40.916748046875
2025-09-12,41.939998626708984,42.3650016784668,41.849998474121094,42.220001220703125,3082300,41.03337860107422
2025-09-15,42.5,43.1150016784668,42.38999938964844,43.06999969482422,3061300,41.85948944091797
2025-09-16,43.279998779296875,43.42499923706055,42.77000045776367,43.29999923706055,3793600,42.08302307128906
2025-09-17,43.33000183105469,44.709999084472656,43.33000183105469,43.95000076293945,4044400,42.71475601196289
2025-09-18,44.25,44.755001068115234,43.93000030517578,44.58000183105469,3068600,43.327049255371094
2025-09-19,44.790000915527344,44.83000183105469,44.09000015258789,44.209999084472656,5340000,42.96744918823242
2025-09-22,43.849998474121094,44.0099983215332,43.119998931884766,43.47999954223633,4897000,42.25796127319336
2025-09-23,43.59000015258789,44.060001373291016,42.52000045776367,42.68000030517578,4737200,41.48044967651367
2025-09-24,42.689998626708984,42.95000076293945,41.84000015258789,41.970001220703125,4120800,40.7904052734375
2025-09-25,40.16999816894531,41.349998474121094,39.650001525878906,40.83000183105469,5659900,39.68244934082031
2025-09-26,41.0,41.084999084472656,40.150001525878906,40.15999984741211,3245100,39.03127670288086
2025-09-29,40.5,40.55500030517578,39.5,39.86000061035156,4214300,38.739707946777344
2025-09-30,40.029998779296875,40.47999954223633,38.32500076293945,39.20000076293945,5802400,38.09825897216797
2025-10-01,38.880001068115234,39.720001220703125,38.685001373291016,38.75,4042000,37.66090774536133
2025-10-02,38.68000030517578,38.9900016784668,38.189998626708984,38.849998474121094,2958400,37.758094787597656
2025-10-03,38.810001373291016,39.630001068115234,38.77000045776367,39.630001068115234,3789600,38.51617431640625
2025-10-06,39.900001525878906,40.36000061035156,38.709999084472656,39.790000915527344,4195600,38.67167663574219
2025-10-07,39.560001373291016,40.3650016784668,39.435001373291016,39.91999816894531,4488100,38.79801940917969
2025-10-08,40.11000061035156,40.290000915527344,39.08000183105469,39.08000183105469,3291200,37.98163604736328
2025-10-09,39.08000183105469,39.5,38.790000915527344,39.189998626708984,2874000,38.088539123535156
2025-10-10,39.58000183105469,39.58000183105469,36.939998626708984,36.959999084472656,3959000,35.92121124267578
2025-10-13,37.459999084472656,38.20000076293945,37.459999084472656,37.869998931884766,2851200,36.805633544921875
2025-10-14,37.52000045776367,40.41999816894531,37.5099983215332,39.939998626708984,5186400,38.81745529174805
2025-10-15,40.189998626708984,40.41999816894531,39.29999923706055,39.70000076293945,2972600,38.584205627441406
2025-10-16,39.650001525878906,39.994998931884766,38.310001373291016,38.45000076293945,5972300,37.36933898925781
2025-10-17,40.0,41.2599983215332,38.70000076293945,39.81999969482422,8977600,38.70083236694336
2025-10-20,40.81999969482422,40.90999984741211,39.790000915527344,40.5,4155800,39.361717224121094
2025-10-21,40.63999938964844,41.93000030517578,40.560001373291016,40.97999954223633,2995100,39.82822799682617
2025-10-22,41.150001525878906,41.150001525878906,39.970001220703125,40.599998474121094,3952900,39.45890426635742
2025-10-23,40.86000061035156,41.185001373291016,40.529998779296875,41.02000045776367,2255700,39.867103576660156
2025-10-24,41.63999938964844,42.154998779296875,41.20000076293945,41.810001373291016,2598700,40.63490295410156
2025-10-27,42.25,42.40999984741211,41.279998779296875,41.290000915527344,2516300,40.129520416259766
2025-10-28,41.400001525878906,41.48500061035156,40.5099983215332,40.83000183105469,1879400,39.68244934082031
2025-10-29,40.349998474121094,40.83000183105469,39.709999084472656,39.970001220703125,3579400,38.846614837646484
2025-10-30,39.88999938964844,40.119998931884766,39.084999084472656,39.20000076293945,2987000,38.09825897216797
2025-10-31,38.84000015258789,39.040000915527344,38.5,38.970001220703125,2474100,38.166812896728516
2025-11-03,38.68000030517578,39.81999969482422,38.22999954223633,39.380001068115234,2965500,38.56836700439453
2025-11-04,38.90999984741211,40.25,38.599998474121094,39.619998931884766,4082100,38.80341720581055
2025-11-05,39.66999816894531,40.27000045776367,39.150001525878906,39.95000076293945,3384800,39.126617431640625
2025-11-06,40.02000045776367,40.321998596191406,38.560001373291016,38.630001068115234,4448600,37.833824157714844
2025-11-07,38.380001068115234,39.290000915527344,38.060001373291016,39.27000045776367,2772300,38.460628509521484
2025-11-10,39.5,39.88999938964844,39.01499938964844,39.27000045776367,2997000,38.460628509521484
2025-11-11,39.38999938964844,39.72999954223633,38.849998474121094,39.470001220703125,1785600,38.65650939941406
2025-11-12,39.529998779296875,40.380001068115234,39.529998779296875,40.290000915527344,2582800,39.45960998535156
2025-11-13,39.88999938964844,40.224998474121094,38.95899963378906,39.209999084472656,2801700,38.4018669128418
2025-11-14,38.72999954223633,39.310001373291016,38.470001220703125,39.290000915527344,2580100,38.480220794677734
2025-11-17,39.09000015258789,39.09000015258789,37.4900016784668,37.709999084472656,2506800,36.93278121948242
2025-11-18,37.349998474121094,37.935001373291016,37.18000030517578,37.650001525878906,3652800,36.8740234375
2025-11-19,37.7599983215332,38.525001525878906,37.65999984741211,38.400001525878906,2368400,37.60856628417969
2025-11-20,38.900001525878906,39.5,37.5099983215332,37.56999969482422,3025400,36.79566955566406
2025-11-21,37.779998779296875,39.470001220703125,37.6349983215332,38.47999954223633,3655100,37.686912536621094
2025-11-24,38.66999816894531,39.73500061035156,38.5,39.63999938964844,3295200,38.823001861572266
2025-11-25,39.869998931884766,40.93000030517578,39.70000076293945,40.7400016784668,3795700,39.900333404541016
2025-11-26,40.91999816894531,41.525001525878906,40.81999969482422,41.150001525878906,1905200,40.301883697509766
2025-11-28,41.290000915527344,41.45000076293945,41.040000915527344,41.29999923706055,824800,40.448787689208984
2025-12-01,41.06999969482422,41.76499938964844,40.974998474121094,41.439998626708984,2461600,40.58590316772461
2025-12-02,41.61000061035156,41.689998626708984,40.974998474121094,41.18000030517578,3978200,40.331268310546875
2025-12-03,41.20000076293945,41.83000183105469,41.189998626708984,41.7599983215332,2356800,40.89931106567383
2025-12-04,41.72999954223633,42.70000076293945,41.59000015258789,42.41999816894531,2582100,41.54570388793945
2025-12-05,42.349998474121094,42.73500061035156,42.15999984741211,42.38999938964844,2594600,41.516326904296875
2025-12-08,42.470001220703125,43.22999954223633,41.810001373291016,42.650001525878906,4307200,41.77096939086914
2025-12-09,42.56999969482422,42.959999084472656,42.290000915527344,42.34000015258789,2244900,41.46735763549805
2025-12-10,43.91999816894531,45.09000015258789,43.40999984741211,44.4900016784668,9207300,43.57304763793945
2025-12-11,44.529998779296875,45.97999954223633,44.529998779296875,45.81999969482422,4141500,44.875633239746094
2025-12-12,46.0099983215332,46.2400016784668,44.86000061035156,45.189998626708984,3172900,44.25861740112305
2025-12-15,45.61000061035156,45.61000061035156,44.53499984741211,44.849998474121094,2874800,43.92562484741211
2025-12-16,45.0099983215332,45.189998626708984,44.119998931884766,44.33000183105469,2142600,43.41633987426758
2025-12-17,44.970001220703125,45.22999954223633,44.45000076293945,44.63999938964844,2606300,43.71995544433594
2025-12-18,45.0,45.90999984741211,44.900001525878906,45.439998626708984,2919500,44.50346755981445
2025-12-19,45.5,45.880001068115234,45.2599983215332,45.689998626708984,3776800,44.748313903808594
2025-12-22,45.90999984741211,46.59000015258789,45.8849983215332,46.40999984741211,2303700,45.45347213745117
2025-12-23,46.41999816894531,46.78499984741211,46.25,46.43000030517578,2623000,45.473060607910156
2025-12-24,46.45000076293945,46.689998626708984,46.2599983215332,46.290000915527344,736800,45.3359489440918
2025-12-26,46.290000915527344,46.439998626708984,46.0099983215332,46.2599983215332,1014300,45.30656433105469
2025-12-29,46.099998474121094,46.17900085449219,45.68000030517578,45.77000045776367,1240600,44.826663970947266
2025-12-30,45.7400016784668,45.847999572753906,45.5,45.59000015258789,2023300,44.65037536621094
2025-12-31,45.66999816894531,45.75,45.2400016784668,45.290000915527344,1368700,44.35655975341797
2026-01-02,45.459999084472656,45.83000183105469,44.959999084472656,45.7599983215332,2145900,44.816871643066406
2026-01-05,45.63999938964844,47.130001068115234,45.63999938964844,46.630001068115234,2275500,45.668941497802734
2026-01-06,46.84000015258789,47.27000045776367,46.08000183105469,47.060001373291016,3360300,46.0900764465332
2026-01-07,47.0,47.0,45.83000183105469,46.54999923706055,2962800,45.5905876159668
2026-01-08,46.599998474121094,46.869998931884766,45.88999938964844,45.90999984741211,3800100,44.96377944946289
2026-01-09,46.130001068115234,46.47999954223633,45.349998474121094,45.720001220703125,3076500,44.77769470214844
2026-01-12,44.70000076293945,45.04999923706055,44.0,44.369998931884766,4439500,43.45551681518555
2026-01-13,44.34000015258789,44.52000045776367,43.654998779296875,43.7400016784668,2680500,42.838504791259766
2026-01-14,43.59000015258789,43.90999984741211,43.08000183105469,43.869998931884766,2810600,42.965824127197266
2026-01-15,44.400001525878906,44.40399932861328,43.595001220703125,43.650001525878906,2814700,42.75035858154297
2026-01-16,43.689998626708984,44.10499954223633,43.540000915527344,43.61000061035156,4545700,42.711185455322266
2026-01-20,42.529998779296875,43.33000183105469,42.19499969482422,42.41999816894531,5286000,41.54570388793945
2026-01-21,40.48500061035156,43.119998931884766,39.698001861572266,42.43000030517578,9225500,41.55550765991211
2026-01-22,42.70000076293945,43.31999969482422,41.6150016784668,41.9900016784668,5412500,41.12457275390625
2026-01-23,41.65999984741211,41.904998779296875,41.11000061035156,41.11000061035156,3801400,40.26271057128906
2026-01-26,41.779998779296875,42.29999923706055,41.36000061035156,42.209999084472656,3896200,41.34003829956055
2026-01-27,42.16999816894531,43.244998931884766,42.0,42.88999938964844,5783000,42.006019592285156
2026-01-28,42.970001220703125,43.150001525878906,41.93000030517578,42.29999923706055,5496000,41.42817687988281
2026-01-29,42.93000030517578,43.36000061035156,42.29999923706055,42.959999084472656,2995800,42.07457733154297
2026-01-30,42.7599983215332,43.13999938964844,42.060001373291016,42.279998779296875,4023000,41.40859603881836
2026-02-02,41.939998626708984,42.41999816894531,41.25,42.15999984741211,3490600,41.58614730834961
2026-02-03,42.279998779296875,42.9900016784668,41.63999938964844,42.060001373291016,3709000,41.48750686645508
2026-02-04,42.15999984741211,43.65999984741211,42.15999984741211,43.34000015258789,3922700,42.750083923339844
2026-02-05,42.66999816894531,42.939998626708984,41.07500076293945,42.130001068115234,3851100,41.556556701660156
2026-02-06,42.599998474121094,42.88999938964844,42.255001068115234,42.310001373291016,3717900,41.73410415649414
2026-02-09,42.099998474121094,42.689998626708984,41.939998626708984,42.040000915527344,3955900,41.467777252197266
2026-02-10,42.099998474121094,42.900001525878906,41.8650016784668,42.38999938964844,3117700,41.81301498413086
2026-02-11,42.5099983215332,42.904998779296875,41.15999984741211,41.68000030517578,3192000,41.11267852783203
2026-02-12,41.9900016784668,42.23500061035156,39.630001068115234,40.83000183105469,5578800,40.27425003051758
2026-02-13,40.72999954223633,40.9900016784668,40.15599822998047,40.79999923706055,3047300,40.24465560913086
2026-02-17,41.18000030517578,41.880001068115234,40.63999938964844,41.290000915527344,3807600,40.727989196777344
2026-02-18,41.38999938964844,42.404998779296875,41.369998931884766,42.099998474121094,3826400,41.52696228027344
2026-02-19,41.70000076293945,41.97999954223633,41.14799880981445,41.900001525878906,2638000,41.32968521118164
2026-02-20,41.790000915527344,42.1349983215332,41.150001525878906,42.119998931884766,3064000,41.546688079833984
2026-02-23,41.869998931884766,42.220001220703125,39.599998474121094,39.970001220703125,3884000,39.42595672607422
2026-02-24,39.849998474121094,41.369998931884766,39.630001068115234,40.5099983215332,4272800,39.95860290527344
2026-02-25,40.88999938964844,41.654998779296875,40.61000061035156,41.4900016784668,2218400,40.92526626586914
2026-02-26,41.70000076293945,42.29999923706055,41.6150016784668,41.939998626708984,3808500,41.369136810302734
2026-02-27,41.06999969482422,41.31999969482422,38.775001525878906,39.439998626708984,6488500,38.90316390991211
2026-03-02,38.310001373291016,39.92499923706055,37.849998474121094,39.75,3089700,39.208946228027344
2026-03-03,38.66999816894531,40.31999969482422,38.29999923706055,39.880001068115234,2885200,39.337181091308594
2026-03-04,40.150001525878906,40.619998931884766,39.91999816894531,40.40999984741211,3693900,39.85996627807617
2026-03-05,40.0,40.56800079345703,39.52000045776367,39.900001525878906,3107600,39.356910705566406
2026-03-06,38.84000015258789,38.875,37.83000183105469,38.06999969482422,5195800,37.551815032958984
2026-03-09,37.290000915527344,38.58000183105469,36.560001373291016,38.439998626708984,5402900,37.916778564453125
2026-03-10,38.72999954223633,38.93000030517578,37.380001068115234,37.380001068115234,4554600,36.87120819091797
2026-03-11,37.29999923706055,37.540000915527344,36.47999954223633,36.849998474121094,4051000,36.348419189453125
2026-03-12,36.0099983215332,36.880001068115234,35.91999816894531,36.84000015258789,4310200,36.338558197021484
2026-03-13,37.099998474121094,37.34000015258789,36.08000183105469,36.13999938964844,3737100,35.64808654785156
2026-03-16,36.470001220703125,37.0,35.95000076293945,35.959999084472656,3801400,35.47053527832031
2026-03-17,36.560001373291016,37.564998626708984,36.54999923706055,37.36000061035156,4888700,36.85148239135742
2026-03-18,37.130001068115234,38.025001525878906,37.130001068115234,37.59000015258789,5248800,37.07835006713867
2026-03-19,37.130001068115234,38.25,36.970001220703125,38.09000015258789,4481600,37.5715446472168
2026-03-20,38.0,38.86000061035156,37.82500076293945,38.43000030517578,5266100,37.906917572021484
2026-03-23,39.0,39.85499954223633,38.83000183105469,39.220001220703125,3782800,38.686161041259766
2026-03-24,38.63999938964844,39.8650016784668,38.63999938964844,39.52000045776367,3316700,38.98208236694336
2026-03-25,39.959999084472656,40.23500061035156,38.92499923706055,39.22999954223633,2763800,38.69602966308594
2026-03-26,38.9900016784668,39.560001373291016,38.849998474121094,39.13999938964844,2535100,38.60725021362305
2026-03-27,38.779998779296875,38.814998626708984,37.685001373291016,37.790000915527344,2855800,37.27562713623047
2026-03-30,38.0099983215332,38.632999420166016,37.650001525878906,37.90999984741211,3631400,37.39399337768555
2026-03-31,38.65999984741211,39.5099983215332,38.2599983215332,39.22999954223633,3822400,38.69602966308594
2026-04-01,39.75,39.9900016784668,39.27000045776367,39.77000045776367,2825500,39.228675842285156
2026-04-02,39.09000015258789,40.37900161743164,38.619998931884766,39.84000015258789,2310700,39.297725677490234
2026-04-06,39.880001068115234,40.40999984741211,39.79999923706055,40.31999969482422,2738800,39.77118682861328
2026-04-07,40.119998931884766,40.41999816894531,39.63999938964844,40.290000915527344,2786700,39.741600036621094
2026-04-08,41.81999969482422,42.36000061035156,41.41999816894531,41.709999084472656,4090600,41.142269134521484
2026-04-09,41.560001373291016,41.97999954223633,41.209999084472656,41.79999923706055,3034000,41.23104476928711
2026-04-10,41.77000045776367,41.775001525878906,41.13999938964844,41.27000045776367,2622100,40.70825958251953
2026-04-13,40.90999984741211,41.97999954223633,40.849998474121094,41.939998626708984,1927500,41.369136810302734
2026-04-14,42.060001373291016,42.779998779296875,41.9900016784668,42.56999969482422,2870900,41.990562438964844
2026-04-15,42.849998474121094,43.130001068115234,42.16999816894531,42.2400016784668,3423400,41.66505813598633
2026-04-16,42.2599983215332,42.7400016784668,41.790000915527344,41.959999084472656,5217000,41.38886642456055
2026-04-17,44.150001525878906,45.84000015258789,43.56999969482422,45.36000061035156,7596100,44.74258804321289
2026-04-20,45.130001068115234,46.79499816894531,45.119998931884766,46.29999923706055,4623300,45.66979217529297
2026-04-21,46.45000076293945,47.02000045776367,45.3849983215332,45.70000076293945,5519900,45.07796096801758
2026-04-22,45.95000076293945,46.349998474121094,45.349998474121094,45.720001220703125,6310700,45.09769058227539
2026-04-23,45.52000045776367,45.93000030517578,44.529998779296875,45.02000045776367,3082900,44.40721893310547
2026-04-24,45.0099983215332,45.0099983215332,43.904998779296875,44.18000030517578,2922500,43.578651428222656
2026-04-27,44.15999984741211,44.8849983215332,44.15999984741211,44.400001525878906,2739000,43.795658111572266
2026-04-28,44.95000076293945,45.209999084472656,44.119998931884766,44.40999984741211,2038100,43.805519104003906
2026-04-29,44.41999816894531,44.689998626708984,43.470001220703125,43.810001373291016,2383100,43.213687896728516
2026-04-30,43.72999954223633,44.5,43.67499923706055,44.38999938964844,2775100,43.78579330444336
2026-05-01,44.15999984741211,44.21500015258789,43.30500030517578,43.40999984741211,2075300,43.1104850769043
2026-05-04,43.290000915527344,43.880001068115234,42.970001220703125,43.029998779296875,2741500,42.73310470581055
2026-05-05,43.150001525878906,43.79999923706055,43.150001525878906,43.209999084472656,3090300,42.911861419677734
2026-05-06,44.11000061035156,44.790000915527344,44.11000061035156,44.29999923706055,3565900,43.99434280395508
2026-05-07,44.33000183105469,44.560001373291016,43.310001373291016,43.790000915527344,3291900,43.48786163330078
2026-05-08,43.91999816894531,44.2599983215332,43.404998779296875,44.2400016784668,4656800,43.934757232666016
2026-05-11,44.25,44.5,42.55500030517578,42.7400016784668,3339600,42.445106506347656
2026-05-12,42.79999923706055,42.89500045776367,42.14500045776367,42.84000015258789,2795800,42.54441452026367
2026-05-13,42.650001525878906,42.650001525878906,41.61000061035156,41.709999084472656,2823500,41.422210693359375
2026-05-14,42.150001525878906,42.7400016784668,42.119998931884766,42.369998931884766,1997400,42.077659606933594
2026-05-15,42.380001068115234,42.500999450683594,41.56999969482422,41.9900016784668,2629000,41.70028305053711
2026-05-18,42.09000015258789,42.724998474121094,41.939998626708984,42.11000061035156,1943900,41.819454193115234
2026-05-19,42.11000061035156,42.20000076293945,40.720001220703125,40.849998474121094,3505300,40.568145751953125
2026-05-20,41.20000076293945,42.77000045776367,40.619998931884766,42.619998931884766,2517700,42.325931549072266
2026-05-21,42.38999938964844,43.189998626708984,41.88100051879883,42.75,2778900,42.45503616333008
2026-05-22,42.810001373291016,42.939998626708984,42.22999954223633,42.349998474121094,2566000,42.057796478271484
2026-05-26,42.56999969482422,43.2400016784668,42.56999969482422,42.7400016784668,3124200,42.445106506347656
2026-05-27,43.0,43.41999816894531,42.71500015258789,42.939998626708984,2952000,42.64372634887695
2026-05-28,42.689998626708984,43.130001068115234,42.08000183105469,42.79999923706055,4820100,42.50469207763672
2026-05-29,42.84000015258789,43.36000061035156,42.64500045776367,42.810001373291016,5012400,42.514625549316406
2026-06-01,42.52000045776367,42.61000061035156,41.994998931884766,42.04999923706055,2827500,41.759864807128906
2026-06-02,41.66999816894531,42.599998474121094,41.58000183105469,42.16999816894531,2977000,41.87903594970703
2026-06-03,41.5099983215332,41.84000015258789,40.93000030517578,40.93000030517578,2989600,40.6475944519043
2026-06-04,41.47999954223633,42.83000183105469,41.34299850463867,42.40999984741211,2722600,42.11738204956055
2026-06-05,42.400001525878906,42.78499984741211,42.20000076293945,42.77000045776367,3276000,42.47489929199219
2026-06-08,42.36000061035156,42.900001525878906,41.90999984741211,42.380001068115234,3997000,42.087589263916016
2026-06-09,42.869998931884766,43.900001525878906,42.849998474121094,43.349998474121094,5509600,43.05089569091797
2026-06-10,43.209999084472656,43.310001373291016,41.849998474121094,41.880001068115234,3993500,41.591041564941406
2026-06-11,42.08000183105469,43.65999984741211,41.599998474121094,43.4900016784668,3688700,43.18993377685547
2026-06-12,43.88999938964844,44.529998779296875,43.51499938964844,44.369998931884766,3410500,44.06385803222656
2026-06-15,45.209999084472656,46.165000915527344,45.17499923706055,45.439998626708984,3416400,45.1264762878418
2026-06-16,45.779998779296875,45.970001220703125,45.540000915527344,45.65999984741211,3005600,45.3449592590332
2026-06-17,45.75,47.189998626708984,45.099998474121094,45.5,3803800,45.18606185913086
2026-06-18,46.0099983215332,46.459999084472656,45.43000030517578,45.4900016784668,4230200,45.17613220214844
2026-06-22,45.27000045776367,46.13999938964844,45.22999954223633,45.56999969482422,2634100,45.25558090209961
2026-06-23,45.06999969482422,45.551998138427734,44.84000015258789,45.22999954223633,2193800,44.91792678833008
2026-06-24,45.16999816894531,46.099998474121094,45.16999816894531,45.560001373291016,1903400,45.24565124511719
2026-06-25,46.0,47.13999938964844,45.845001220703125,46.31999969482422,2630800,46.000404357910156
2026-06-26,46.459999084472656,47.2400016784668,45.974998474121094,47.16999816894531,5098100,46.844539642333984
2026-06-29,47.029998779296875,47.290000915527344,46.5099983215332,47.25,3032500,46.923988342285156
2026-06-30,47.150001525878906,47.18000030517578,45.90999984741211,45.95000076293945,3409600,45.632957458496094
2026-07-01,46.11000061035156,46.54999923706055,45.599998474121094,46.08000183105469,3015700,45.762062072753906
2026-07-02,46.529998779296875,46.66999816894531,44.685001373291016,45.31999969482422,3329700,45.00730514526367
2026-07-06,45.40999984741211,46.255001068115234,45.40999984741211,46.22999954223633,1702100,45.91102600097656
2026-07-07,46.58000183105469,46.58000183105469,45.25,45.400001525878906,2364600,45.086753845214844
2026-07-08,44.95000076293945,45.13999938964844,43.65999984741211,44.47999954223633,3523800,44.173099517822266
2026-07-09,44.68000030517578,45.41999816894531,44.486000061035156,45.11000061035156,1974800,44.79875564575195
2026-07-10,45.7400016784668,46.0099983215332,45.279998779296875,45.59000015258789,2008100,45.27544403076172
2026-07-13,45.689998626708984,45.900001525878906,44.849998474121094,45.119998931884766,2433400,44.808685302734375
2026-07-14,45.16999816894531,45.68000030517578,45.01499938964844,45.349998474121094,2704400,45.0370979309082
2026-07-15,45.630001068115234,46.724998474121094,45.59000015258789,46.34000015258789,3315100,46.020267486572266
2026-07-16,46.459999084472656,46.810001373291016,46.119998931884766,46.79999923706055,3023700,46.47709274291992
2026-07-17,46.189998626708984,46.779998779296875,45.35499954223633,45.63999938964844,3148600,45.325096130371094
2026-07-20,45.77000045776367,45.89500045776367,45.244998931884766,45.52000045776367,3546500,45.20592498779297
2026-07-21,44.72999954223633,45.709999084472656,43.72999954223633,44.43000030517578,6703800,44.12344741821289
2026-07-22,44.29999923706055,44.7599983215332,43.56999969482422,44.66999816894531,4818900,44.36178970336914
2026-07-23,44.0,44.06999969482422,43.369998931884766,43.970001220703125,2372300,43.666622161865234
2026-07-24,43.900001525878906,44.630001068115234,42.209999084472656,42.91999816894531,5923100,42.623863220214844
2026-07-27,43.439998626708984,43.97999954223633,43.310001373291016,43.68000030517578,3378100,43.37862014770508
2026-07-28,43.709999084472656,44.39500045776367,43.34000015258789,44.11000061035156,3561500,43.8056526184082
2026-07-29,43.709999084472656,44.459999084472656,42.93000030517578,42.95000076293945,3272700,42.65365982055664
2026-07-30,43.34000015258789,43.720001220703125,42.75,43.47999954223633,2157800,43.18000030517578
2026-07-31,43.290000915527344,43.540000915527344,42.72999954223633,43.33000183105469,1809300,43.33000183105469
2026-08-03,43.459999084472656,44.560001373291016,43.3849983215332,44.06999969482422,2353200,44.06999969482422
2026-08-04,44.060001373291016,45.17499923706055,44.060001373291016,44.9900016784668,3291900,44.9900016784668
2026-08-05,45.040000915527344,45.279998779296875,44.650001525878906,44.7400016784668,2157500,44.7400016784668
2026-08-06,44.68000030517578,44.869998931884766,44.025001525878906,44.060001373291016,2259100,44.060001373291016
2026-08-07,44.029998779296875,44.26499938964844,43.525001525878906,43.720001220703125,3204500,43.720001220703125
2026-08-10,43.43000030517578,44.22999954223633,43.220001220703125,43.790000915527344,4260900,43.790000915527344
2026-08-11,43.790000915527344,44.42499923706055,43.790000915527344,43.95000076293945,2018600,43.95000076293945
2026-08-12,44.029998779296875,44.380001068115234,43.61000061035156,44.25,2931500,44.25
2026-08-13,44.56999969482422,44.83000183105469,44.15999984741211,44.599998474121094,2190300,44.599998474121094
2026-08-14,44.54999923706055,45.150001525878906,44.369998931884766,44.90999984741211,2210600,44.90999984741211
2026-08-17,44.540000915527344,44.68000030517578,43.59000015258789,43.61000061035156,2989600,43.61000061035156
2026-08-18,43.56999969482422,43.96500015258789,43.505001068115234,43.630001068115234,1958800,43.630001068115234
2026-08-19,43.939998626708984,43.939998626708984,43.099998474121094,43.11000061035156,2733400,43.11000061035156
2026-08-20,42.84000015258789,43.099998474121094,41.97600173950195,42.290000915527344,3006600,42.290000915527344
2026-08-21,42.619998931884766,43.130001068115234,42.58300018310547,42.93000030517578,2504200,42.93000030517578
2026-08-24,43.0,43.33000183105469,42.42499923706055,42.45000076293945,2530500,42.45000076293945
2026-08-25,42.63999938964844,42.70000076293945,42.2400016784668,42.599998474121094,5373200,42.599998474121094
2026-08-26,42.810001373291016,42.904998779296875,42.46500015258789,42.540000915527344,2333000,42.540000915527344
2026-08-27,42.380001068115234,43.08000183105469,42.09000015258789,42.7400016784668,3737000,42.7400016784668
2026-08-28,42.7599983215332,42.974998474121094,42.04999923706055,42.18000030517578,2235300,42.18000030517578
2026-08-31,41.970001220703125,42.26499938964844,41.459999084472656,42.209999084472656,3430700,42.209999084472656
2026-09-01,41.83000183105469,42.41999816894531,41.72999954223633,41.849998474121094,3182700,41.849998474121094
2026-09-02,42.25,43.61000061035156,42.25,42.65999984741211,3145900,42.65999984741211
2026-09-03,43.15999984741211,43.630001068115234,42.994998931884766,43.59000015258789,2710900,43.59000015258789
2026-09-04,43.08000183105469,43.92499923706055,43.08000183105469,43.72999954223633,1560300,43.72999954223633
2026-09-08,43.150001525878906,43.29999923706055,42.2599983215332,42.279998779296875,2126900,42.279998779296875
2026-09-09,42.099998474121094,42.35499954223633,41.6349983215332,41.83000183105469,3452600,41.83000183105469
2026-09-10,41.790000915527344,42.18000030517578,41.36000061035156,42.16999816894531,3787800,42.16999816894531
2026-09-11,42.720001220703125,42.72999954223633,41.380001068115234,42.06999969482422,3543300,42.06999969482422
2026-09-14,41.81999969482422,42.3849983215332,41.70500183105469,41.939998626708984,2607900,41.939998626708984
2026-09-15,41.59000015258789,41.814998626708984,39.84000015258789,41.58000183105469,6263800,41.58000183105469
2026-09-16,41.459999084472656,41.619998931884766,39.98500061035156,40.310001373291016,5682500,40.310001373291016
2026-09-17,40.900001525878906,40.970001220703125,40.529998779296875,40.599998474121094,3483600,40.599998474121094
2026-09-18,40.470001220703125,40.486000061035156,39.849998474121094,40.0,5420000,40.0
2026-09-21,40.38999938964844,40.400001525878906,39.869998931884766,39.88999938964844,2537200,39.88999938964844
2026-09-22,40.310001373291016,40.46200180053711,39.060001373291016,39.06999969482422,3665100,39.06999969482422
2026-09-23,38.869998931884766,39.02000045776367,38.459999084472656,38.58000183105469,3885300,38.58000183105469
2026-09-24,38.68000030517578,38.875,38.189998626708984,38.7400016784668,3911500,38.7400016784668
2026-09-25,38.75,38.97999954223633,38.189998626708984,38.790000915527344,2917100,38.790000915527344
2026-09-28,38.75,38.75,38.060001373291016,38.189998626708984,3381800,38.189998626708984
2026-09-29,38.20000076293945,38.3849983215332,37.5,37.810001373291016,3586900,37.810001373291016
2026-09-30,37.35499954223633,37.65399932861328,37.05500030517578,37.619998931884766,4861400,37.619998931884766
2026-10-01,37.25,37.650001525878906,36.650001525878906,37.650001525878906,5166500,37.650001525878906
