date,open,high,low,close,volume,adjclose
2021-10-04,73.9800033569336,75.0199966430664,72.93099975585938,73.25,664000,62.37692642211914
2021-10-05,73.87999725341797,74.88999938964844,72.98999786376953,74.69000244140625,693300,63.60319900512695
2021-10-06,73.9000015258789,76.4800033569336,73.75,75.76000213623047,652000,64.51435089111328
2021-10-07,76.36000061035156,78.2699966430664,76.2300033569336,77.2300033569336,606800,65.76614379882812
2021-10-08,77.55000305175781,78.41000366210938,77.0999984741211,77.7300033569336,449400,66.19194793701172
2021-10-11,77.83000183105469,78.18000030517578,75.9800033569336,76.48999786376953,328800,65.13599395751953
2021-10-12,77.12000274658203,77.41999816894531,76.26000213623047,76.62000274658203,253000,65.24669647216797
2021-10-13,76.8499984741211,77.6500015258789,76.28500366210938,77.33999633789062,373200,65.85983276367188
2021-10-14,78.25,78.83000183105469,77.03500366210938,78.80000305175781,469900,67.10309600830078
2021-10-15,79.30999755859375,79.58999633789062,76.41000366210938,76.7300033569336,509200,65.34036254882812
2021-10-18,76.95999908447266,77.80000305175781,76.41999816894531,76.55000305175781,461200,65.18707275390625
2021-10-19,77.0,78.63999938964844,76.75,78.55999755859375,643600,66.89871978759766
2021-10-20,78.94999694824219,80.0999984741211,78.0,79.66999816894531,363800,67.8439712524414
2021-10-21,79.76000213623047,81.0199966430664,79.41500091552734,81.0199966430664,487300,68.99357604980469
2021-10-22,81.37999725341797,81.77999877929688,80.41999816894531,81.66999816894531,509500,69.54708099365234
2021-10-25,82.20999908447266,83.98999786376953,82.125,83.58999633789062,622300,71.18208312988281
2021-10-26,83.95999908447266,85.9000015258789,83.83999633789062,84.5,1138300,71.95702362060547
2021-10-27,82.45999908447266,85.19499969482422,81.91999816894531,82.81999969482422,526400,70.5263900756836
2021-10-28,83.44999694824219,86.33999633789062,83.44999694824219,86.2300033569336,479300,73.43021392822266
2021-10-29,86.02999877929688,86.19000244140625,84.38999938964844,84.73999786376953,639800,72.16138458251953
2021-11-01,85.20999908447266,85.38999938964844,83.69999694824219,83.98999786376953,618600,71.522705078125
2021-11-02,83.94000244140625,84.91000366210938,83.25,84.80000305175781,876300,72.21247100830078
2021-11-03,84.43000030517578,86.92400360107422,84.30999755859375,86.61000061035156,636200,73.75379943847656
2021-11-04,87.05000305175781,87.33000183105469,85.52999877929688,86.30999755859375,531700,73.4983139038086
2021-11-05,86.36000061035156,86.88999938964844,85.05999755859375,85.66000366210938,443600,72.94482421875
2021-11-08,85.80999755859375,86.11000061035156,84.86499786376953,86.11000061035156,533700,73.3280258178711
2021-11-09,86.0,88.16000366210938,86.0,87.47000122070312,523600,74.48615264892578
2021-11-10,87.05000305175781,87.73999786376953,86.44499969482422,86.94999694824219,758800,74.0433349609375
2021-11-11,87.5199966430664,87.73999786376953,85.87000274658203,86.02999877929688,638400,73.25989532470703
2021-11-12,86.33000183105469,87.23999786376953,85.66999816894531,86.52999877929688,397400,73.68568420410156
2021-11-15,86.87000274658203,86.95600128173828,86.0199966430664,86.4800033569336,235300,73.64310455322266
2021-11-16,86.23999786376953,87.33000183105469,86.0199966430664,87.20999908447266,329800,74.26473236083984
2021-11-17,87.25,89.3499984741211,86.12999725341797,88.83999633789062,984800,75.65277862548828
2021-11-18,89.5,90.08000183105469,88.08999633789062,88.83000183105469,534100,75.6442642211914
2021-11-19,88.91999816894531,89.0,87.91500091552734,88.30000305175781,350300,75.19293212890625
2021-11-22,89.0199966430664,89.25,87.31999969482422,87.5,522600,74.5116958618164
2021-11-23,87.33999633789062,87.81999969482422,84.38999938964844,85.58000183105469,1587600,72.876708984375
2021-11-24,84.7699966430664,85.30999755859375,84.01000213623047,84.36000061035156,398600,71.83778381347656
2021-11-26,82.91000366210938,83.73999786376953,81.22000122070312,82.16999816894531,509300,69.97286987304688
2021-11-29,83.2699966430664,83.70999908447266,82.05000305175781,82.2300033569336,545400,70.02395629882812
2021-11-30,81.61499786376953,82.66000366210938,80.76000213623047,81.16000366210938,740100,69.11278533935547
2021-12-01,82.5,84.52999877929688,81.05000305175781,81.05000305175781,623100,69.01913452148438
2021-12-02,80.8499984741211,84.41999816894531,80.81500244140625,83.22000122070312,576100,70.86700439453125
2021-12-03,83.62999725341797,84.66999816894531,79.0,79.88999938964844,665600,68.03131866455078
2021-12-06,80.4000015258789,81.0199966430664,78.16999816894531,80.69000244140625,698900,68.71253967285156
2021-12-07,82.16000366210938,83.12999725341797,80.37000274658203,80.5999984741211,506600,68.63591766357422
2021-12-08,80.4000015258789,81.11000061035156,79.12000274658203,80.25,547200,68.33787536621094
2021-12-09,79.7699966430664,80.69999694824219,79.5,79.94999694824219,518200,68.08238220214844
2021-12-10,80.88999938964844,81.13999938964844,78.05999755859375,78.69000244140625,454300,67.0094223022461
2021-12-13,78.26000213623047,78.36000061035156,77.30000305175781,77.70999908447266,562800,66.17489624023438
2021-12-14,76.68000030517578,77.55999755859375,76.0,76.66999816894531,1152500,65.2892837524414
2021-12-15,77.0999984741211,77.88999938964844,75.70999908447266,77.72000122070312,718600,66.18340301513672
2021-12-16,78.70999908447266,79.27999877929688,75.12999725341797,75.3499984741211,890700,64.55560302734375
2021-12-17,74.5999984741211,77.37000274658203,74.38999938964844,76.69000244140625,1345100,65.70365142822266
2021-12-20,75.33000183105469,75.52999877929688,72.83499908447266,73.61000061035156,874400,63.06486892700195
2021-12-21,74.43000030517578,77.31999969482422,73.61000061035156,76.94000244140625,746600,65.9178466796875
2021-12-22,76.7300033569336,79.12000274658203,76.61000061035156,79.0,469300,67.6827163696289
2021-12-23,78.9800033569336,81.94000244140625,78.9000015258789,81.36000061035156,468100,69.70463562011719
2021-12-27,82.54000091552734,83.68000030517578,82.02999877929688,82.80000305175781,473400,70.93834686279297
2021-12-28,82.97000122070312,84.0999984741211,82.0,82.04000091552734,353100,70.28722381591797
2021-12-29,82.44000244140625,82.80999755859375,80.72000122070312,80.91999816894531,310100,69.32766723632812
2021-12-30,80.94999694824219,82.55000305175781,80.94999694824219,81.05000305175781,322700,69.43903350830078
2021-12-31,81.19999694824219,81.73400115966797,80.41000366210938,81.2699966430664,447200,69.62751770019531
2022-01-03,81.08000183105469,81.47000122070312,78.6500015258789,79.19000244140625,361800,67.84549713134766
2022-01-04,79.45999908447266,80.87000274658203,77.52999877929688,78.98999786376953,567800,67.67415618896484
2022-01-05,79.13999938964844,79.69000244140625,74.04000091552734,74.0999984741211,640300,63.484683990478516
2022-01-06,74.0,74.54000091552734,72.75,73.94000244140625,1023100,63.34760665893555
2022-01-07,74.08999633789062,75.95999908447266,73.83000183105469,75.0,688300,64.25574493408203
2022-01-10,74.11000061035156,75.0199966430664,72.68000030517578,74.69000244140625,615600,63.99014663696289
2022-01-11,75.08999633789062,78.56999969482422,74.77999877929688,78.48999786376953,618500,67.24579620361328
2022-01-12,79.31999969482422,79.87000274658203,77.94000244140625,78.05000305175781,517500,66.8687973022461
2022-01-13,78.41999816894531,78.91999816894531,76.24400329589844,76.56999969482422,591800,65.600830078125
2022-01-14,75.27999877929688,77.22000122070312,74.83000183105469,77.12000274658203,752700,66.07203674316406
2022-01-18,76.29000091552734,76.41000366210938,75.13999938964844,75.86000061035156,770200,64.9925308227539
2022-01-19,76.16999816894531,76.23500061035156,74.66999816894531,74.80999755859375,765800,64.09294891357422
2022-01-20,75.19999694824219,76.17500305175781,73.97000122070312,74.12000274658203,671100,63.501800537109375
2022-01-21,73.29000091552734,74.0999984741211,71.9000015258789,72.75,702800,62.328067779541016
2022-01-24,70.93000030517578,72.9800033569336,69.20999908447266,72.63999938964844,1402400,62.23381805419922
2022-01-25,72.37999725341797,73.3499984741211,71.06999969482422,71.98999786376953,731200,61.67695999145508
2022-01-26,73.12999725341797,74.20999908447266,71.3499984741211,71.81999969482422,517000,61.531280517578125
2022-01-27,72.91999816894531,75.13999938964844,72.08000183105469,72.95999908447266,901300,62.507999420166016
2022-01-28,72.54000091552734,74.23999786376953,71.62000274658203,74.16000366210938,832000,63.53608703613281
2022-01-31,74.48999786376953,79.73999786376953,74.2300033569336,79.72000122070312,804900,68.29956817626953
2022-02-01,79.87999725341797,80.2300033569336,77.5999984741211,77.61000061035156,994800,66.49185943603516
2022-02-02,78.05000305175781,80.9000015258789,76.98999786376953,80.70999908447266,1910700,69.14775848388672
2022-02-03,78.58999633789062,80.19000244140625,77.94000244140625,78.2699966430664,1058600,67.05728912353516
2022-02-04,77.95999908447266,80.04000091552734,77.05000305175781,79.38999938964844,707000,68.016845703125
2022-02-07,79.11000061035156,80.19000244140625,77.77999877929688,78.9000015258789,529900,67.5970458984375
2022-02-08,78.61000061035156,79.12999725341797,77.66000366210938,78.44000244140625,763000,67.20293426513672
2022-02-09,79.44000244140625,81.3499984741211,79.44000244140625,81.2699966430664,1003800,69.62751770019531
2022-02-10,79.72000122070312,82.97000122070312,78.69000244140625,80.45999908447266,1265700,68.93356323242188
2022-02-11,82.12999725341797,83.7300033569336,79.7300033569336,79.9000015258789,1285500,68.45379638671875
2022-02-14,80.11000061035156,81.80000305175781,78.12000274658203,78.63999938964844,1199300,67.37429809570312
2022-02-15,80.38999938964844,82.22000122070312,79.5,80.81999969482422,1043100,69.2419662475586
2022-02-16,80.05000305175781,82.80999755859375,80.05000305175781,82.41000366210938,812000,70.60420227050781
2022-02-17,81.70999908447266,82.55000305175781,78.47000122070312,79.01000213623047,775600,67.6912841796875
2022-02-18,78.94000244140625,79.5199966430664,76.76000213623047,76.94999694824219,511500,65.92639923095703
2022-02-22,75.93000030517578,76.74500274658203,75.19999694824219,75.5199966430664,662200,64.70123291015625
2022-02-23,76.36000061035156,77.13999938964844,73.33000183105469,73.38999938964844,463100,62.87639236450195
2022-02-24,71.29000091552734,75.94000244140625,70.36000061035156,75.52999877929688,1149600,64.70982360839844
2022-02-25,75.88999938964844,79.93000030517578,75.88999938964844,79.72000122070312,794200,68.29956817626953
2022-02-28,78.80000305175781,81.66000366210938,78.80000305175781,81.08999633789062,1080500,69.47330474853516
2022-03-01,80.61000061035156,81.69999694824219,78.87000274658203,79.18000030517578,989400,67.83692169189453
2022-03-02,80.63999938964844,82.75,79.26000213623047,82.20999908447266,809700,70.432861328125
2022-03-03,81.1500015258789,81.1500015258789,76.1050033569336,77.41999816894531,1388100,66.32905578613281
2022-03-04,76.80999755859375,77.2699966430664,74.12999725341797,74.66000366210938,806400,63.964454650878906
2022-03-07,74.13999938964844,74.72000122070312,67.81999969482422,67.93000030517578,1164700,58.19856643676758
2022-03-08,67.87000274658203,68.6500015258789,65.61000061035156,66.37000274658203,1361700,56.8620491027832
2022-03-09,68.73999786376953,71.98999786376953,68.5999984741211,70.94000244140625,554100,60.777366638183594
2022-03-10,69.27999877929688,71.69999694824219,69.19999694824219,71.37000274658203,735500,61.145782470703125
2022-03-11,72.56999969482422,73.11000061035156,70.73999786376953,71.25,632100,61.04296112060547
2022-03-14,71.25,72.20999908447266,69.3499984741211,69.95999908447266,719000,59.937740325927734
2022-03-15,70.83000183105469,72.09500122070312,70.0250015258789,71.26000213623047,516900,61.051517486572266
2022-03-16,71.76000213623047,75.69999694824219,71.76000213623047,75.45999908447266,1427300,65.20803833007812
2022-03-17,74.76000213623047,77.7699966430664,74.72000122070312,77.05999755859375,1197900,66.59066009521484
2022-03-18,76.54000091552734,80.88999938964844,76.54000091552734,80.5999984741211,1403800,69.64971160888672
2022-03-21,80.30000305175781,81.19999694824219,77.83999633789062,78.43000030517578,1118900,67.77452087402344
2022-03-22,79.04000091552734,81.66000366210938,78.48999786376953,80.29000091552734,1217400,69.3818359375
2022-03-23,79.81999969482422,80.52999877929688,78.43000030517578,78.66999816894531,390900,67.98192596435547
2022-03-24,79.06999969482422,79.5459976196289,77.83000183105469,79.13999938964844,547500,68.3880844116211
2022-03-25,79.2300033569336,80.13999938964844,77.87999725341797,79.08999633789062,678500,68.3448715209961
2022-03-28,79.18000030517578,80.08999633789062,78.12999725341797,79.62999725341797,383300,68.81150817871094
2022-03-29,80.76000213623047,83.4800033569336,80.75,82.70999908447266,678100,71.47306823730469
2022-03-30,82.11000061035156,83.25,81.19000244140625,81.69000244140625,815300,70.59164428710938
2022-03-31,82.0,82.86499786376953,81.16000366210938,81.2300033569336,716500,70.19412231445312
2022-04-01,82.2300033569336,83.41999816894531,81.55999755859375,83.04000091552734,471600,71.75820922851562
2022-04-04,83.37999725341797,85.4800033569336,83.37999725341797,84.37999725341797,771100,72.91616821289062
2022-04-05,84.08000183105469,84.69000244140625,79.93000030517578,81.37999725341797,1113300,70.32373809814453
2022-04-06,80.48999786376953,80.7300033569336,77.71499633789062,79.44999694824219,719100,68.65596008300781
2022-04-07,78.62999725341797,80.41999816894531,77.95999908447266,80.0,641900,69.1312255859375
2022-04-08,79.68000030517578,81.55500030517578,79.58000183105469,80.37000274658203,666500,69.45097351074219
2022-04-11,79.29000091552734,79.38999938964844,76.94000244140625,77.05000305175781,1032100,66.58203887939453
2022-04-12,77.83999633789062,79.2300033569336,75.48999786376953,76.0,721100,65.6746826171875
2022-04-13,76.4000015258789,78.80000305175781,76.4000015258789,78.6500015258789,588200,67.96464538574219
2022-04-14,78.81999969482422,79.61000061035156,77.27999877929688,77.30000305175781,546700,66.79804992675781
2022-04-18,76.58999633789062,77.2699966430664,75.80000305175781,76.66999816894531,587500,66.25364685058594
2022-04-19,76.51000213623047,80.7300033569336,76.42500305175781,80.20999908447266,676400,69.31270599365234
2022-04-20,79.77999877929688,82.44999694824219,79.77999877929688,82.01000213623047,668100,70.86817169189453
2022-04-21,82.25,83.41999816894531,77.25,77.61000061035156,879900,67.06594848632812
2022-04-22,77.22000122070312,77.63999938964844,74.75,75.62000274658203,961100,65.34630584716797
2022-04-25,74.70999908447266,76.79199981689453,73.20500183105469,76.54000091552734,785600,66.14131164550781
2022-04-26,75.6500015258789,75.6500015258789,71.5199966430664,71.69000244140625,1274200,61.950218200683594
2022-04-27,71.73999786376953,72.88999938964844,70.23999786376953,70.27999877929688,800000,60.73178482055664
2022-04-28,70.70999908447266,71.57499694824219,67.38999938964844,71.0,1096800,61.353973388671875
2022-04-29,70.38999938964844,70.91999816894531,66.08000183105469,66.22000122070312,1170400,57.223384857177734
2022-05-02,66.22000122070312,68.58999633789062,65.5999984741211,67.62000274658203,1360300,58.43318557739258
2022-05-03,67.5199966430664,69.62999725341797,66.52999877929688,69.30000305175781,879800,59.884944915771484
2022-05-04,69.38999938964844,72.23200225830078,67.63999938964844,72.0,926900,62.21811294555664
2022-05-05,70.69999694824219,71.61000061035156,68.01000213623047,69.20999908447266,862100,59.80716323852539
2022-05-06,68.72000122070312,68.84500122070312,66.41000366210938,67.88999938964844,858700,58.66648864746094
2022-05-09,65.75,67.73999786376953,62.9900016784668,63.290000915527344,894900,54.691444396972656
2022-05-10,64.83999633789062,65.73999786376953,61.77000045776367,64.44999694824219,979200,55.693851470947266
2022-05-11,64.31999969482422,66.0199966430664,62.849998474121094,63.029998779296875,1477900,54.4667854309082
2022-05-12,62.33000183105469,64.66999816894531,61.619998931884766,63.849998474121094,1022400,55.17537307739258
2022-05-13,65.06999969482422,68.75,65.06999969482422,68.52999877929688,928700,59.219547271728516
2022-05-16,67.86000061035156,68.73500061035156,67.19000244140625,67.26000213623047,586400,58.12209701538086
2022-05-17,69.20999908447266,70.12000274658203,67.2699966430664,69.79000091552734,455000,60.30836486816406
2022-05-18,68.0199966430664,69.3499984741211,66.0999984741211,66.79000091552734,525700,57.715938568115234
2022-05-19,66.58999633789062,68.0,65.75,66.68000030517578,516000,57.62088394165039
2022-05-20,67.63999938964844,68.05000305175781,65.04000091552734,66.76000213623047,946800,57.69002151489258
2022-05-23,67.69999694824219,68.55000305175781,66.62999725341797,68.19000244140625,806200,58.92573547363281
2022-05-24,67.11000061035156,67.83999633789062,64.69000244140625,66.4000015258789,440600,57.37893295288086
2022-05-25,65.54000091552734,68.33000183105469,65.54000091552734,67.77999877929688,466100,58.571434020996094
2022-05-26,67.68000030517578,70.68000030517578,67.68000030517578,70.45999908447266,659800,60.8873405456543
2022-05-27,71.29000091552734,72.91500091552734,70.9800033569336,72.70999908447266,444600,62.83164978027344
2022-05-31,72.2300033569336,72.44999694824219,70.19999694824219,71.16999816894531,887200,61.50087356567383
2022-06-01,71.16999816894531,72.25,68.76000213623047,69.83999633789062,613400,60.3515625
2022-06-02,70.0,72.80999755859375,69.33000183105469,72.4000015258789,773500,62.56377029418945
2022-06-03,71.0199966430664,73.75,70.82499694824219,73.31999969482422,978500,63.35877227783203
2022-06-06,74.1500015258789,75.44000244140625,73.08000183105469,73.37000274658203,663500,63.402000427246094
2022-06-07,72.6500015258789,73.81500244140625,72.02999877929688,73.18000030517578,591000,63.237815856933594
2022-06-08,72.25,73.7249984741211,71.94000244140625,72.51000213623047,416500,62.658809661865234
2022-06-09,72.01000213623047,72.05999755859375,70.47000122070312,70.47000122070312,494000,60.89598083496094
2022-06-10,68.68000030517578,68.93000030517578,65.6500015258789,65.75,1082100,56.817230224609375
2022-06-13,62.790000915527344,63.34000015258789,58.439998626708984,58.88999938964844,2210900,50.88922882080078
2022-06-14,59.0099983215332,59.9900016784668,58.099998474121094,59.09000015258789,1500900,51.06205749511719
2022-06-15,59.279998779296875,59.7599983215332,57.5099983215332,58.65999984741211,1595500,51.21923065185547
2022-06-16,56.95000076293945,57.380001068115234,53.150001525878906,53.709999084472656,2570000,46.89710998535156
2022-06-17,53.79999923706055,55.71500015258789,53.75,54.52000045776367,2793300,47.60435485839844
2022-06-21,55.7400016784668,56.880001068115234,55.2599983215332,56.08000183105469,1601300,48.966487884521484
2022-06-22,55.04999923706055,56.939998626708984,55.04999923706055,56.36000061035156,2098400,49.21097183227539
2022-06-23,56.97999954223633,57.83000183105469,55.88999938964844,57.619998931884766,679800,50.3111457824707
2022-06-24,58.5,59.97999954223633,58.10499954223633,59.93000030517578,1430200,52.328128814697266
2022-06-27,60.31999969482422,60.834999084472656,58.7599983215332,60.41999816894531,542900,52.7559814453125
2022-06-28,60.84000015258789,61.939998626708984,58.70000076293945,58.900001525878906,647700,51.42879104614258
2022-06-29,58.959999084472656,59.380001068115234,56.91999816894531,57.43000030517578,970000,50.1452522277832
2022-06-30,56.34000015258789,57.58000183105469,55.452999114990234,56.86000061035156,1041900,49.64754867553711
2022-07-01,56.7400016784668,58.75,56.43000030517578,58.54999923706055,750000,51.12317657470703
2022-07-05,57.130001068115234,60.029998779296875,56.4900016784668,60.029998779296875,814300,52.41544723510742
2022-07-06,60.0,60.810001373291016,58.915000915527344,59.380001068115234,1214000,51.847896575927734
2022-07-07,59.97999954223633,61.58000183105469,59.83000183105469,61.20000076293945,903300,53.437042236328125
2022-07-08,61.0,61.70500183105469,60.06999969482422,60.849998474121094,501900,53.13143539428711
2022-07-11,60.15999984741211,60.68000030517578,59.459999084472656,59.75,984800,52.17096710205078
2022-07-12,59.40999984741211,61.84700012207031,59.20000076293945,60.34000015258789,592200,52.686126708984375
2022-07-13,59.0,59.98500061035156,57.790000915527344,59.209999084472656,834300,51.699462890625
2022-07-14,57.95000076293945,59.06999969482422,57.150001525878906,58.61000061035156,452700,51.17556381225586
2022-07-15,59.66999816894531,60.86000061035156,58.84000015258789,60.689998626708984,409600,52.991729736328125
2022-07-18,61.720001220703125,62.189998626708984,60.18000030517578,60.52000045776367,561300,52.84329605102539
2022-07-19,61.4900016784668,62.709999084472656,61.22999954223633,62.66999816894531,694000,54.7205810546875
2022-07-20,62.83000183105469,64.75,62.529998779296875,64.2300033569336,566500,56.08270263671875
2022-07-21,64.08999633789062,65.77999877929688,62.59000015258789,65.55000305175781,670000,57.23526382446289
2022-07-22,65.9000015258789,66.96399688720703,64.20999908447266,65.13999938964844,422200,56.87726974487305
2022-07-25,65.2300033569336,65.27999877929688,64.01000213623047,65.2300033569336,765600,56.95585632324219
2022-07-26,65.0999984741211,65.19000244140625,63.470001220703125,64.0999984741211,700900,55.96918487548828
2022-07-27,65.2300033569336,66.22000122070312,64.3949966430664,66.0199966430664,964700,57.64563751220703
2022-07-28,66.29000091552734,71.83000183105469,65.81600189208984,71.27999877929688,1622900,62.238426208496094
2022-07-29,71.54000091552734,73.44999694824219,71.44000244140625,71.6500015258789,1374300,62.56150817871094
2022-08-01,71.36000061035156,74.0999984741211,71.0,72.7699966430664,871200,63.53944396972656
2022-08-02,72.08000183105469,73.36000061035156,70.97000122070312,72.63999938964844,1126400,63.42591094970703
2022-08-03,73.58999633789062,74.19999694824219,72.91000366210938,73.58000183105469,467200,64.2466812133789
2022-08-04,73.72000122070312,74.19000244140625,72.76000213623047,73.94000244140625,621300,64.56102752685547
2022-08-05,72.66000366210938,74.52999877929688,72.66000366210938,73.33000183105469,356100,64.02839660644531
2022-08-08,73.94000244140625,74.86000061035156,72.9209976196289,73.33000183105469,487000,64.02839660644531
2022-08-09,72.66999816894531,73.25,71.75,72.0999984741211,618100,62.95441818237305
2022-08-10,73.55999755859375,75.56999969482422,72.72000122070312,74.63999938964844,664700,65.1722183227539
2022-08-11,75.62999725341797,76.0199966430664,74.56999969482422,74.94000244140625,656900,65.43417358398438
2022-08-12,75.45999908447266,76.16999816894531,74.73500061035156,75.12000274658203,821200,65.59136199951172
2022-08-15,74.98999786376953,76.83000183105469,74.98999786376953,75.4800033569336,907900,65.90568542480469
2022-08-16,74.80999755859375,75.9749984741211,74.0199966430664,75.58000183105469,1608300,65.99298858642578
2022-08-17,74.13999938964844,76.58000183105469,73.95500183105469,76.48999786376953,809100,66.78754425048828
2022-08-18,76.83999633789062,78.55000305175781,76.83999633789062,77.54000091552734,1156600,67.70439910888672
2022-08-19,76.0199966430664,76.1500015258789,74.52999877929688,74.87999725341797,923300,65.38178253173828
2022-08-22,73.43000030517578,74.04499816894531,72.68499755859375,73.83999633789062,815900,64.47371673583984
2022-08-23,73.87999725341797,75.83999633789062,73.87999725341797,75.51000213623047,882900,65.93189239501953
2022-08-24,75.4000015258789,76.83000183105469,74.80799865722656,75.73999786376953,806000,66.13269805908203
2022-08-25,76.4800033569336,78.13999938964844,76.04000091552734,78.12999725341797,596200,68.21953582763672
2022-08-26,78.12999725341797,78.48999786376953,75.0199966430664,75.06999969482422,877000,65.54768371582031
2022-08-29,74.06999969482422,74.48999786376953,73.1500015258789,73.33000183105469,758100,64.02839660644531
2022-08-30,74.08999633789062,74.11499786376953,72.32499694824219,73.52999877929688,1002300,64.20303344726562
2022-08-31,74.63999938964844,75.93000030517578,73.80000305175781,74.13999938964844,788200,64.73565673828125
2022-09-01,73.2699966430664,73.32499694824219,72.16000366210938,73.12000274658203,1026200,63.84503173828125
2022-09-02,74.2300033569336,74.80500030517578,72.30999755859375,72.75,840000,63.521976470947266
2022-09-06,72.73999786376953,73.3499984741211,70.56999969482422,73.08000183105469,875600,63.81011199951172
2022-09-07,73.33999633789062,75.42500305175781,72.7699966430664,75.2300033569336,667500,65.68740844726562
2022-09-08,74.37000274658203,77.68000030517578,74.30000305175781,77.58000183105469,734200,67.73931121826172
2022-09-09,77.86000061035156,79.19000244140625,77.48999786376953,78.73999786376953,769900,68.75215148925781
2022-09-12,79.2300033569336,79.5,77.5999984741211,78.81999969482422,900100,68.82201385498047
2022-09-13,76.62999725341797,77.37000274658203,75.4800033569336,76.11000061035156,756600,66.45575714111328
2022-09-14,76.63999938964844,77.04000091552734,75.63999938964844,76.80000305175781,847300,67.05824279785156
2022-09-15,76.23999786376953,77.42500305175781,75.63999938964844,76.20999908447266,976900,67.07585144042969
2022-09-16,75.0,75.16999816894531,73.56999969482422,74.66000366210938,2120100,65.71163940429688
2022-09-19,73.61000061035156,76.02999877929688,73.61000061035156,75.95999908447266,801600,66.85581970214844
2022-09-20,75.3499984741211,75.4800033569336,73.20999908447266,73.72000122070312,718900,64.8843002319336
2022-09-21,74.41999816894531,74.72100067138672,71.0999984741211,71.16999816894531,645700,62.63990783691406
2022-09-22,71.13999938964844,71.13999938964844,67.1500015258789,67.18000030517578,1698500,59.128143310546875
2022-09-23,65.83999633789062,65.91999816894531,63.54999923706055,65.22000122070312,2289900,57.40306091308594
2022-09-26,64.62999725341797,66.56999969482422,63.63999938964844,63.7400016784668,1668500,56.10044860839844
2022-09-27,65.08999633789062,65.5999984741211,63.599998474121094,64.08000183105469,1239000,56.39968490600586
2022-09-28,64.56999969482422,65.7699966430664,63.439998626708984,65.2300033569336,1467500,57.411861419677734
2022-09-29,63.83000183105469,64.0,61.59000015258789,62.45000076293945,1456600,54.96505355834961
2022-09-30,62.779998779296875,63.63999938964844,61.75,61.95000076293945,1419200,54.52498245239258
2022-10-03,62.66999816894531,64.36000061035156,61.209999084472656,64.0199966430664,1934900,56.34688186645508
2022-10-04,65.61000061035156,68.77999877929688,65.47000122070312,68.66999816894531,1003500,60.43955612182617
2022-10-05,67.30000305175781,68.66999816894531,66.4000015258789,68.19999694824219,614600,60.025875091552734
2022-10-06,67.95999908447266,68.85600280761719,66.5999984741211,67.22000122070312,1052000,59.163360595703125
2022-10-07,66.11000061035156,66.41999816894531,64.74500274658203,65.19000244140625,703400,57.37664794921875
2022-10-10,65.38999938964844,65.4000015258789,62.970001220703125,63.77000045776367,679000,56.1268424987793
2022-10-11,63.29999923706055,63.86000061035156,60.40999984741211,61.459999084472656,1641300,54.093711853027344
2022-10-12,61.439998626708984,62.095001220703125,60.29999923706055,61.66999816894531,1278000,54.27854537963867
2022-10-13,59.95000076293945,63.41999816894531,58.599998474121094,62.84000015258789,984300,55.30830764770508
2022-10-14,63.22999954223633,64.12999725341797,60.77000045776367,61.08000183105469,598000,53.75925827026367
2022-10-17,62.88999938964844,64.61000061035156,62.869998931884766,64.44000244140625,788200,56.716548919677734
2022-10-18,66.81999969482422,68.13999938964844,65.94999694824219,66.91999816894531,1436500,58.8993034362793
2022-10-19,65.9800033569336,66.61000061035156,65.01000213623047,65.8499984741211,1999500,57.95755386352539
2022-10-20,65.88999938964844,68.8499984741211,65.45999908447266,66.3499984741211,1936800,58.39761734008789
2022-10-21,66.37000274658203,68.48999786376953,65.29000091552734,68.37000274658203,950600,60.17551803588867
2022-10-24,68.86000061035156,69.51000213623047,66.98999786376953,68.93000030517578,1292100,60.66838836669922
2022-10-25,69.47000122070312,71.87000274658203,69.47000122070312,71.87000274658203,1602000,63.25603103637695
2022-10-26,71.79000091552734,74.08000183105469,71.48500061035156,72.16999816894531,1632500,63.52006912231445
2022-10-27,71.80000305175781,74.88500213623047,69.79000091552734,74.12000274658203,2257000,65.23636627197266
2022-10-28,74.55000305175781,77.11499786376953,73.83000183105469,76.88999938964844,1432300,67.67434692382812
2022-10-31,76.75,77.36000061035156,75.81999969482422,75.83000183105469,1125300,66.74139404296875
2022-11-01,77.16999816894531,78.63999938964844,76.27999877929688,78.08999633789062,1288300,68.73052215576172
2022-11-02,77.62999725341797,79.58499908447266,76.20999908447266,76.62999725341797,1198600,67.44552612304688
2022-11-03,75.9800033569336,78.19999694824219,75.44000244140625,77.0,1390000,67.77117156982422
2022-11-04,78.43000030517578,79.68000030517578,77.36000061035156,78.44999694824219,780600,69.04737854003906
2022-11-07,79.95999908447266,79.95999908447266,78.22000122070312,79.5999984741211,688500,70.05953979492188
2022-11-08,80.0,80.5,78.7699966430664,80.01000213623047,1605200,70.42041015625
2022-11-09,79.04000091552734,80.6500015258789,78.56999969482422,79.1500015258789,1084300,69.66346740722656
2022-11-10,83.4000015258789,85.05000305175781,82.72000122070312,85.05000305175781,2503000,74.85633087158203
2022-11-11,85.55999755859375,86.05999755859375,82.2699966430664,84.0999984741211,1900800,74.02019500732422
2022-11-14,83.88999938964844,83.88999938964844,78.20999908447266,79.52999877929688,1886000,69.99794006347656
2022-11-15,81.51000213623047,82.29000091552734,79.47000122070312,80.26000213623047,1124200,70.64042663574219
2022-11-16,79.55999755859375,79.62000274658203,77.94999694824219,78.93000030517578,1053600,69.4698257446289
2022-11-17,77.29000091552734,78.93000030517578,76.7699966430664,77.88999938964844,1018500,68.55448913574219
2022-11-18,79.02999877929688,79.23799896240234,76.25,76.91000366210938,931700,67.69195556640625
2022-11-21,76.66000366210938,78.38999938964844,76.3740005493164,77.63999938964844,1231300,68.3344497680664
2022-11-22,77.62999725341797,78.74500274658203,77.48500061035156,78.45999908447266,1350800,69.0561752319336
2022-11-23,78.56999969482422,79.5999984741211,78.30999755859375,79.0,706600,69.53144836425781
2022-11-25,78.37999725341797,79.44999694824219,77.9800033569336,78.47000122070312,504800,69.06497192382812
2022-11-28,77.51000213623047,78.0999984741211,76.58000183105469,77.20999908447266,1163500,67.95597839355469
2022-11-29,77.47000122070312,78.27999877929688,77.01000213623047,77.33999633789062,1349800,68.07039642333984
2022-11-30,77.94000244140625,78.72000122070312,76.11000061035156,78.38999938964844,8507900,68.99455261230469
2022-12-01,78.0,78.62000274658203,74.50499725341797,78.0,2394000,68.65130615234375
2022-12-02,76.70999908447266,77.69000244140625,75.56999969482422,75.97000122070312,1790000,66.86460876464844
2022-12-05,75.43000030517578,75.73999786376953,71.9800033569336,72.41999816894531,1588500,63.74010467529297
2022-12-06,72.27999877929688,72.8550033569336,70.93000030517578,72.25,1403900,63.59046936035156
2022-12-07,72.27999877929688,72.54000091552734,70.94999694824219,71.08000183105469,1209600,62.56070327758789
2022-12-08,71.18000030517578,71.54000091552734,69.97000122070312,70.16000366210938,1357300,61.750972747802734
2022-12-09,69.16000366210938,69.79000091552734,68.11000061035156,69.16000366210938,1233100,60.87083053588867
2022-12-12,69.11000061035156,71.1500015258789,68.61000061035156,71.0999984741211,1472100,62.578304290771484
2022-12-13,73.79000091552734,75.45999908447266,72.8499984741211,73.43000030517578,1687700,64.62904357910156
2022-12-14,73.08000183105469,74.0199966430664,71.62000274658203,72.45999908447266,1372300,63.775291442871094
2022-12-15,70.31999969482422,71.18000030517578,68.5,68.98999786376953,2046700,61.236717224121094
2022-12-16,67.97000122070312,69.12000274658203,67.31999969482422,68.13999938964844,1562900,60.48225021362305
2022-12-19,67.47000122070312,67.9000015258789,66.08499908447266,66.56999969482422,1166900,59.08869171142578
2022-12-20,66.2699966430664,68.04000091552734,66.05999755859375,67.41999816894531,1225100,59.8431510925293
2022-12-21,67.94999694824219,69.12999725341797,67.55000305175781,68.79000091552734,970300,61.059200286865234
2022-12-22,67.83999633789062,68.12999725341797,66.04000091552734,67.2699966430664,859500,59.71001434326172
2022-12-23,66.63999938964844,67.94000244140625,66.55999755859375,67.69000244140625,527300,60.08281707763672
2022-12-27,68.0,68.18499755859375,66.80999755859375,66.93000030517578,846600,59.408226013183594
2022-12-28,66.62999725341797,67.0999984741211,66.12999725341797,66.31999969482422,699000,58.86677932739258
2022-12-29,66.93000030517578,68.69999694824219,66.51499938964844,68.66999816894531,692000,60.952674865722656
2022-12-30,67.86000061035156,68.96900177001953,67.3499984741211,68.44000244140625,844800,60.74853515625
2023-01-03,69.44000244140625,70.0199966430664,67.4749984741211,68.3499984741211,813000,60.66864776611328
2023-01-04,68.79000091552734,69.87000274658203,68.1500015258789,69.4000015258789,1005700,61.60064697265625
2023-01-05,68.83999633789062,69.0199966430664,67.29000091552734,67.45999908447266,1165700,59.878658294677734
2023-01-06,68.26000213623047,69.62000274658203,67.41000366210938,69.12999725341797,1077800,61.36098861694336
2023-01-09,69.9000015258789,72.41000366210938,69.44000244140625,71.80999755859375,820600,63.73978805541992
2023-01-10,71.63999938964844,72.62999725341797,71.27999877929688,72.43000030517578,889300,64.29011535644531
2023-01-11,72.69999694824219,74.11499786376953,72.47000122070312,74.05999755859375,900700,65.73693084716797
2023-01-12,74.69999694824219,77.08000183105469,73.94499969482422,76.75,1331300,68.1246337890625
2023-01-13,76.33999633789062,77.68000030517578,75.41999816894531,77.47000122070312,751300,68.76372528076172
2023-01-17,77.30000305175781,78.44999694824219,77.30000305175781,78.06999969482422,818000,69.2962875366211
2023-01-18,78.5999984741211,79.27999877929688,77.77999877929688,77.97000122070312,915700,69.20751953125
2023-01-19,77.1500015258789,77.41999816894531,74.97000122070312,75.93000030517578,954500,67.39678955078125
2023-01-20,76.41999816894531,78.69000244140625,76.16999816894531,78.62999725341797,885200,69.79334259033203
2023-01-23,79.16000366210938,80.33999633789062,78.5999984741211,79.63999938964844,939900,70.68984985351562
2023-01-24,79.0199966430664,79.66999816894531,78.19999694824219,78.55999755859375,410400,69.7312240600586
2023-01-25,77.47000122070312,78.48999786376953,76.44000244140625,78.4000015258789,518300,69.58920288085938
2023-01-26,79.08999633789062,81.61499786376953,78.64399719238281,81.20999908447266,803900,72.0833969116211
2023-01-27,80.86000061035156,83.12000274658203,80.79000091552734,82.9000015258789,1137200,73.58348083496094
2023-01-30,81.88999938964844,82.7300033569336,81.16999816894531,81.18000030517578,806100,72.05679321289062
2023-01-31,81.26000213623047,83.01000213623047,80.79000091552734,82.98999786376953,692700,73.66337585449219
2023-02-01,82.62999725341797,85.38999938964844,82.56999969482422,84.66000366210938,855900,75.14569091796875
2023-02-02,85.76000213623047,86.13300323486328,83.5999984741211,84.62999725341797,1919600,75.11904907226562
2023-02-03,83.06999969482422,85.66999816894531,83.06999969482422,85.02999877929688,1124800,75.4740982055664
2023-02-06,83.55000305175781,84.87000274658203,83.04000091552734,84.62000274658203,1094500,75.11017608642578
2023-02-07,84.19000244140625,85.87000274658203,83.5999984741211,85.8499984741211,840700,76.20195007324219
2023-02-08,85.31999969482422,85.9000015258789,84.66000366210938,85.54000091552734,1330000,75.92680358886719
2023-02-09,87.5,87.5,82.7699966430664,83.37999725341797,1728700,74.00952911376953
2023-02-10,83.45999908447266,86.22000122070312,82.87000274658203,85.33999633789062,833000,75.749267578125
2023-02-13,86.19999694824219,86.43000030517578,84.79000091552734,84.95999908447266,1689200,75.4119644165039
2023-02-14,84.83999633789062,85.63999938964844,83.87999725341797,83.93000030517578,1276000,74.49771881103516
2023-02-15,83.2699966430664,84.0,82.72000122070312,83.6500015258789,1311100,74.24919891357422
2023-02-16,82.12999725341797,84.83000183105469,81.80000305175781,83.5,572100,74.11604309082031
2023-02-17,83.20999908447266,83.85800170898438,82.54499816894531,83.11000061035156,512400,73.7698745727539
2023-02-21,81.4800033569336,82.04000091552734,79.80000305175781,80.5199966430664,802700,71.47093200683594
2023-02-22,80.6500015258789,81.51000213623047,80.30000305175781,80.83000183105469,567100,71.74610137939453
2023-02-23,81.69999694824219,82.20999908447266,80.80000305175781,81.97000122070312,633900,72.75799560546875
2023-02-24,80.26000213623047,80.87000274658203,79.88500213623047,80.16999816894531,761000,71.16028594970703
2023-02-27,81.25,81.66000366210938,79.94499969482422,80.1500015258789,684100,71.14253997802734
2023-02-28,80.51000213623047,81.2699966430664,80.20999908447266,80.62999725341797,1203100,71.5685806274414
2023-03-01,80.19000244140625,81.05999755859375,80.0,80.7300033569336,891400,71.6573486328125
2023-03-02,79.8499984741211,81.16000366210938,79.6500015258789,81.16000366210938,747500,72.03901672363281
2023-03-03,81.1500015258789,83.38999938964844,80.5,83.12000274658203,966600,73.77877044677734
2023-03-06,83.08000183105469,85.01000213623047,83.08000183105469,83.7300033569336,930300,74.3201904296875
2023-03-07,83.31999969482422,83.7750015258789,81.75,82.30999755859375,688700,73.0597915649414
2023-03-08,82.37999725341797,83.61000061035156,82.17500305175781,83.29000091552734,567000,73.92965698242188
2023-03-09,83.29000091552734,83.91999816894531,79.80000305175781,79.93000030517578,950100,70.9472427368164
2023-03-10,79.36000061035156,79.36000061035156,74.06999969482422,74.51000213623047,2734400,66.1363525390625
2023-03-13,72.22000122070312,74.44499969482422,71.36000061035156,72.7300033569336,2595200,64.55641174316406
2023-03-14,75.02999877929688,76.2750015258789,73.94000244140625,75.66999816894531,1629300,67.16600036621094
2023-03-15,73.52999877929688,75.66000366210938,73.33999633789062,75.36000061035156,1669800,66.89085388183594
2023-03-16,73.80999755859375,77.12000274658203,73.22000122070312,76.2699966430664,1129700,68.39743041992188
2023-03-17,75.8499984741211,76.30999755859375,74.44000244140625,75.05000305175781,1816300,67.30335235595703
2023-03-20,75.56999969482422,75.98999786376953,73.96499633789062,74.73999786376953,835600,67.0253677368164
2023-03-21,75.16000366210938,78.69000244140625,75.02999877929688,78.5199966430664,783100,70.41519165039062
2023-03-22,78.81999969482422,81.59500122070312,78.2300033569336,78.98999786376953,1863100,70.83666229248047
2023-03-23,79.58999633789062,82.29000091552734,79.55999755859375,80.38999938964844,2044200,72.09215545654297
2023-03-24,79.12999725341797,80.9800033569336,77.5,80.4000015258789,1691600,72.10115051269531
2023-03-27,80.88999938964844,82.04000091552734,80.47000122070312,81.08999633789062,912900,72.71990203857422
2023-03-28,81.23999786376953,81.62000274658203,79.4800033569336,80.0999984741211,619300,71.83210754394531
2023-03-29,80.93000030517578,81.44000244140625,79.81999969482422,81.4000015258789,703200,72.99790954589844
2023-03-30,82.2699966430664,82.38500213623047,81.30000305175781,81.31999969482422,605900,72.92618560791016
2023-03-31,82.0999984741211,83.5199966430664,81.80500030517578,83.44000244140625,652100,74.82735443115234
2023-04-03,82.77999877929688,84.00499725341797,81.96499633789062,82.2699966430664,744200,73.77810668945312
2023-04-04,82.55000305175781,83.05000305175781,80.36000061035156,80.87000274658203,791100,72.52261352539062
2023-04-05,79.95999908447266,80.79000091552734,78.87999725341797,79.22000122070312,785900,71.0429458618164
2023-04-06,78.8499984741211,79.9000015258789,78.62999725341797,79.70999908447266,622300,71.48235321044922
2023-04-10,79.26000213623047,80.66999816894531,78.93000030517578,80.54000091552734,796700,72.22669219970703
2023-04-11,80.9000015258789,82.0250015258789,80.13999938964844,80.55000305175781,835900,72.23564910888672
2023-04-12,81.5199966430664,82.1500015258789,80.56999969482422,81.6500015258789,918700,73.22212219238281
2023-04-13,82.16999816894531,84.7300033569336,81.83499908447266,84.62999725341797,803400,75.89450073242188
2023-04-14,84.94999694824219,85.25,82.1500015258789,82.86000061035156,650300,74.30721282958984
2023-04-17,82.41000366210938,83.1500015258789,82.01000213623047,82.94999694824219,926400,74.3879165649414
2023-04-18,83.13999938964844,86.2699966430664,82.93000030517578,85.81999969482422,1573600,76.96168518066406
2023-04-19,85.12999725341797,87.04499816894531,85.12999725341797,86.88999938964844,1251700,77.92123413085938
2023-04-20,85.87999725341797,86.80999755859375,85.52999877929688,86.26000213623047,800000,77.35625457763672
2023-04-21,86.2699966430664,86.88999938964844,85.36000061035156,86.5999984741211,722200,77.66118621826172
2023-04-24,86.83000183105469,87.26000213623047,86.06999969482422,86.8499984741211,536600,77.88536834716797
2023-04-25,86.27999877929688,86.51000213623047,82.77999877929688,83.2699966430664,773600,74.67488861083984
2023-04-26,83.01000213623047,83.76000213623047,81.33000183105469,81.62999725341797,782500,73.20415496826172
2023-04-27,82.45999908447266,83.79000091552734,81.47000122070312,83.44999694824219,1097100,74.8363037109375
2023-04-28,82.18000030517578,88.00499725341797,81.33000183105469,87.58999633789062,1351700,78.54898834228516
2023-05-01,88.18000030517578,90.27999877929688,85.20999908447266,85.56999969482422,1974700,76.73748016357422
2023-05-02,84.80999755859375,84.9000015258789,81.62999725341797,82.45999908447266,1707100,73.94849395751953
2023-05-03,82.16999816894531,83.74500274658203,81.83999633789062,82.08999633789062,921400,73.61668395996094
2023-05-04,82.01000213623047,82.01000213623047,77.97000122070312,79.52999877929688,1406200,71.32095336914062
2023-05-05,80.7699966430664,82.16000366210938,80.41999816894531,81.94999694824219,846200,73.49114227294922
2023-05-08,82.19999694824219,83.86000061035156,81.5999984741211,81.95999908447266,1115900,73.50011444091797
2023-05-09,81.2300033569336,81.47000122070312,80.37000274658203,80.5,927600,72.19081115722656
2023-05-10,81.04000091552734,81.72000122070312,80.2300033569336,81.62000274658203,854900,73.19522857666016
2023-05-11,81.47000122070312,81.86000061035156,80.06999969482422,81.48999786376953,778400,73.07861328125
2023-05-12,81.81999969482422,82.0199966430664,80.44999694824219,82.0199966430664,653100,73.5539321899414
2023-05-15,82.06999969482422,83.4800033569336,81.76000213623047,83.2699966430664,641500,74.67488861083984
2023-05-16,82.72000122070312,82.80999755859375,81.0999984741211,81.41000366210938,503600,73.00688934326172
2023-05-17,82.29000091552734,83.6500015258789,81.70500183105469,83.19999694824219,779900,74.61212158203125
2023-05-18,83.2699966430664,83.54000091552734,81.78500366210938,83.11000061035156,936400,74.53140258789062
2023-05-19,83.30999755859375,83.94000244140625,82.52999877929688,83.63999938964844,610800,75.00669860839844
2023-05-22,83.55999755859375,85.1500015258789,83.34500122070312,85.12999725341797,826400,76.3428955078125
2023-05-23,85.58999633789062,86.45999908447266,84.06999969482422,84.73999786376953,966400,75.9931640625
2023-05-24,83.81999969482422,84.06999969482422,81.87999725341797,83.37000274658203,1219600,74.76457977294922
2023-05-25,84.0199966430664,84.80500030517578,82.88999938964844,84.27999877929688,799400,75.58063507080078
2023-05-26,84.72000122070312,85.58999633789062,83.75,85.19999694824219,1194000,76.40569305419922
2023-05-30,85.70999908447266,87.5199966430664,85.36000061035156,87.36000061035156,1192700,78.34274291992188
2023-05-31,86.97000122070312,87.5999984741211,85.3499984741211,87.08999633789062,1308800,78.10059356689453
2023-06-01,87.08999633789062,88.5999984741211,86.91400146484375,88.0,1242400,78.91666412353516
2023-06-02,88.80000305175781,90.05500030517578,88.80000305175781,89.29000091552734,1400100,80.0735092163086
2023-06-05,88.52999877929688,89.44000244140625,87.43000030517578,89.13999938964844,739300,79.93900299072266
2023-06-06,89.0,91.52999877929688,88.5,91.44999694824219,1628100,82.01055145263672
2023-06-07,91.29000091552734,91.91500091552734,89.7699966430664,90.55999755859375,1677400,81.21243286132812
2023-06-08,90.87000274658203,92.0,89.88999938964844,91.95999908447266,996000,82.4679183959961
2023-06-09,92.13999938964844,92.75,91.0199966430664,92.22000122070312,776700,82.70109558105469
2023-06-12,91.70999908447266,93.57499694824219,91.4800033569336,92.91999816894531,1172200,83.32881927490234
2023-06-13,93.61000061035156,95.12999725341797,92.55999755859375,94.81999969482422,4143300,85.03269958496094
2023-06-14,95.0,95.02999877929688,93.52999877929688,94.16999816894531,2068100,84.44979858398438
2023-06-15,92.86000061035156,95.30999755859375,92.51000213623047,95.2699966430664,1248500,86.1406021118164
2023-06-16,95.41999816894531,95.41999816894531,94.36000061035156,94.43000030517578,1798400,85.3810806274414
2023-06-20,93.25,94.05999755859375,92.66000366210938,93.37999725341797,800000,84.43170928955078
2023-06-21,93.12000274658203,93.69499969482422,92.41999816894531,93.13999938964844,758500,84.2146987915039
2023-06-22,92.75,93.38999938964844,91.83999633789062,92.5999984741211,766800,83.7264633178711
2023-06-23,91.5,92.20999908447266,90.29000091552734,90.41000366210938,1404100,81.74633026123047
2023-06-26,90.48999786376953,92.9000015258789,90.48999786376953,91.70999908447266,759500,82.92173767089844
2023-06-27,92.04000091552734,94.37000274658203,91.80999755859375,93.0199966430664,1182600,84.10620880126953
2023-06-28,92.76000213623047,94.48999786376953,92.43000030517578,94.23999786376953,522600,85.20931243896484
2023-06-29,94.41999816894531,95.69999694824219,94.23999786376953,95.62999725341797,1118600,86.46611022949219
2023-06-30,96.44000244140625,97.33999633789062,96.1500015258789,96.3499984741211,982700,87.11711120605469
2023-07-03,95.88999938964844,97.08000183105469,95.58999633789062,96.51000213623047,353000,87.26177978515625
2023-07-05,96.51000213623047,96.51000213623047,95.44000244140625,95.68000030517578,576400,86.51131439208984
2023-07-06,94.41999816894531,94.74500274658203,92.94999694824219,93.77999877929688,701100,84.79338073730469
2023-07-07,93.30000305175781,95.2300033569336,93.30000305175781,94.87999725341797,644100,85.78797912597656
2023-07-10,94.08999633789062,94.87999725341797,93.6500015258789,93.72000122070312,569000,84.73914337158203
2023-07-11,94.11000061035156,96.45999908447266,93.69000244140625,95.5,715200,86.34856414794922
2023-07-12,97.16999816894531,97.73999786376953,96.13999938964844,96.66000366210938,690300,87.39741516113281
2023-07-13,97.87000274658203,101.13999938964844,97.16500091552734,101.0999984741211,1095800,91.41193389892578
2023-07-14,101.45999908447266,102.04000091552734,99.7509994506836,101.04000091552734,789600,91.35768127441406
2023-07-17,100.75,101.69000244140625,100.33999633789062,100.94999694824219,641000,91.27632141113281
2023-07-18,102.08999633789062,102.95999908447266,101.62000274658203,101.75,1013700,91.99966430664062
2023-07-19,101.70999908447266,103.0199966430664,101.22000122070312,102.06999969482422,763200,92.28898620605469
2023-07-20,101.2699966430664,102.7699966430664,101.06999969482422,102.18000030517578,657100,92.38844299316406
2023-07-21,102.68000030517578,102.87999725341797,101.5199966430664,101.54000091552734,458300,91.80977630615234
2023-07-24,101.18000030517578,101.99500274658203,100.12000274658203,100.47000122070312,450000,90.84231567382812
2023-07-25,100.2300033569336,102.58000183105469,100.19000244140625,101.38999938964844,1014900,91.67413330078125
2023-07-26,101.18000030517578,101.6500015258789,100.33999633789062,100.58999633789062,913000,90.9508056640625
2023-07-27,101.11000061035156,101.30000305175781,98.63999938964844,98.80000305175781,565900,89.33232116699219
2023-07-28,99.9000015258789,100.2300033569336,98.58000183105469,99.04000091552734,662200,89.5493392944336
2023-07-31,99.29000091552734,100.0,98.16999816894531,99.22000122070312,1192600,89.71207427978516
2023-08-01,99.41000366210938,103.41000366210938,98.7300033569336,102.2699966430664,1594000,92.46981811523438
2023-08-02,100.8499984741211,101.56999969482422,99.58999633789062,100.44999694824219,1069500,90.82421875
2023-08-03,99.88999938964844,100.84500122070312,99.55999755859375,99.80000305175781,938600,90.23651123046875
2023-08-04,100.48999786376953,101.8499984741211,99.5,100.23999786376953,1276400,90.63435363769531
2023-08-07,101.36000061035156,102.19000244140625,100.1449966430664,102.19000244140625,815300,92.39749908447266
2023-08-08,100.81999969482422,100.81999969482422,98.94499969482422,100.19999694824219,1200900,90.59818267822266
2023-08-09,100.44999694824219,101.4800033569336,100.0199966430664,100.16999816894531,566800,90.57106018066406
2023-08-10,100.6500015258789,103.11000061035156,100.6500015258789,101.5,861700,91.77359771728516
2023-08-11,100.97000122070312,101.44000244140625,99.0,99.47000122070312,629500,89.9381332397461
2023-08-14,99.33000183105469,101.75,99.26000213623047,101.52999877929688,909400,91.80072021484375
2023-08-15,100.7699966430664,100.86499786376953,97.3010025024414,97.5,2108900,88.15690612792969
2023-08-16,97.54000091552734,97.91000366210938,97.12999725341797,97.4800033569336,745500,88.13883209228516
2023-08-17,98.08000183105469,98.29000091552734,96.98999786376953,97.55000305175781,902700,88.20211029052734
2023-08-18,97.0,99.29000091552734,96.11000061035156,99.19000244140625,857000,89.6849594116211
2023-08-21,99.26000213623047,99.68000030517578,97.55999755859375,98.20999908447266,647500,88.79886627197266
2023-08-22,98.94000244140625,99.20999908447266,98.06999969482422,98.5,601900,89.06107330322266
2023-08-23,98.69999694824219,99.7249984741211,98.18499755859375,99.62000274658203,858900,90.0737533569336
2023-08-24,100.0,100.73999786376953,99.0,99.68000030517578,720500,90.12801361083984
2023-08-25,100.06999969482422,100.48999786376953,98.7300033569336,99.97000122070312,657000,90.39022827148438
2023-08-28,100.5,101.47000122070312,100.48999786376953,100.79000091552734,519600,91.13164520263672
2023-08-29,100.47000122070312,102.30000305175781,100.08999633789062,101.94000244140625,735400,92.17144012451172
2023-08-30,102.0,103.70999908447266,101.7699966430664,102.91000366210938,820500,93.04847717285156
2023-08-31,103.2300033569336,103.74500274658203,102.8949966430664,103.44000244140625,846200,93.5277099609375
2023-09-01,104.0199966430664,104.48999786376953,103.16000366210938,103.18000030517578,746900,93.29261016845703
2023-09-05,103.19000244140625,104.12999725341797,102.0199966430664,103.33000183105469,1472200,93.4282455444336
2023-09-06,102.69999694824219,103.2300033569336,101.27999877929688,101.72000122070312,934800,91.97252655029297
2023-09-07,101.0,103.48999786376953,100.26000213623047,103.20999908447266,893200,93.3197250366211
2023-09-08,103.0,106.0199966430664,102.69499969482422,105.95999908447266,1238300,95.80622100830078
2023-09-11,106.44000244140625,106.7699966430664,105.05000305175781,105.5999984741211,1243300,95.480712890625
2023-09-12,105.13999938964844,106.4749984741211,105.13999938964844,105.62000274658203,1051600,95.49880981445312
2023-09-13,105.69000244140625,106.2300033569336,104.68000030517578,105.37000274658203,1254500,95.27275085449219
2023-09-14,105.13999938964844,105.26000213623047,104.11000061035156,104.97000122070312,976300,95.60977935791016
2023-09-15,104.44000244140625,105.37999725341797,103.69999694824219,105.0999984741211,1860500,95.7281723022461
2023-09-18,104.93000030517578,105.62000274658203,103.73999786376953,105.3499984741211,776100,95.95588684082031
2023-09-19,105.30000305175781,105.68000030517578,104.52999877929688,104.63999938964844,509500,95.3091812133789
2023-09-20,104.8499984741211,107.37000274658203,104.8499984741211,106.26000213623047,992800,96.78472900390625
2023-09-21,105.0,105.73999786376953,104.0199966430664,104.73999786376953,1442100,95.40026092529297
2023-09-22,105.16999816894531,105.8499984741211,103.94000244140625,104.55999755859375,807400,95.23634338378906
2023-09-25,104.11000061035156,105.94000244140625,104.05000305175781,105.69999694824219,835100,96.274658203125
2023-09-26,104.9000015258789,105.44999694824219,102.8499984741211,102.87999725341797,907400,93.70612335205078
2023-09-27,103.33999633789062,104.41999816894531,102.88999938964844,103.70999908447266,807700,94.46212005615234
2023-09-28,103.62999725341797,105.31999969482422,103.37999725341797,104.88999938964844,690700,95.53689575195312
2023-09-29,105.30999755859375,106.01000213623047,102.5199966430664,102.87000274658203,1075900,93.69702911376953
2023-10-02,103.54000091552734,103.69000244140625,101.94000244140625,102.44000244140625,810000,93.30535888671875
2023-10-03,102.0,102.19999694824219,98.83000183105469,100.0199966430664,1123600,91.10114288330078
2023-10-04,100.25,102.55999755859375,100.15499877929688,102.37000274658203,900400,93.24161529541016
2023-10-05,102.4800033569336,106.44999694824219,102.4800033569336,105.94000244140625,1766300,96.49327087402344
2023-10-06,105.37000274658203,109.57499694824219,105.37000274658203,108.41999816894531,1950500,98.75212097167969
2023-10-09,107.2699966430664,109.87000274658203,107.01000213623047,109.26000213623047,980500,99.51721954345703
2023-10-10,109.55999755859375,111.68000030517578,109.55999755859375,110.27999877929688,770300,100.44627380371094
2023-10-11,110.69000244140625,112.04000091552734,110.05999755859375,111.13999938964844,983800,101.2295913696289
2023-10-12,111.66999816894531,112.1500015258789,109.19999694824219,109.43000030517578,831000,99.67206573486328
2023-10-13,109.55000305175781,110.18499755859375,107.95999908447266,108.52999877929688,895300,98.8523178100586
2023-10-16,109.33999633789062,110.79000091552734,108.60600280761719,110.04000091552734,754500,100.22766876220703
2023-10-17,108.80999755859375,110.44999694824219,108.57499694824219,109.5199966430664,907400,99.75404357910156
2023-10-18,108.38999938964844,108.82499694824219,106.88999938964844,107.66000366210938,1147600,98.05989074707031
2023-10-19,107.58000183105469,108.37000274658203,104.70999908447266,105.12999725341797,929600,95.75550079345703
2023-10-20,104.91999816894531,105.37999725341797,101.76000213623047,102.19999694824219,919300,93.08675384521484
2023-10-23,101.25,103.08999633789062,100.77999877929688,100.98999786376953,765000,91.98466491699219
2023-10-24,102.0199966430664,105.2300033569336,101.12999725341797,104.4000015258789,857000,95.09059143066406
2023-10-25,103.58999633789062,104.19000244140625,101.08999633789062,101.2699966430664,769300,92.23969268798828
2023-10-26,101.20999908447266,103.0,101.20999908447266,101.58999633789062,866000,92.53115844726562
2023-10-27,101.4800033569336,102.24500274658203,99.2699966430664,100.83999633789062,933100,91.84803771972656
2023-10-30,102.13999938964844,102.66999816894531,100.83499908447266,101.41999816894531,1144100,92.37631225585938
2023-10-31,96.51000213623047,102.98999786376953,96.0,98.58999633789062,2663700,89.7986831665039
2023-11-01,98.68000030517578,101.79000091552734,97.96499633789062,101.70999908447266,1563800,92.64046478271484
2023-11-02,103.06999969482422,104.08999633789062,101.94000244140625,103.52999877929688,1115700,94.29817199707031
2023-11-03,104.44999694824219,107.58000183105469,104.44999694824219,107.06999969482422,1093700,97.52249908447266
2023-11-06,107.04000091552734,107.3550033569336,103.06500244140625,104.04000091552734,962400,94.76268768310547
2023-11-07,104.66999816894531,106.26000213623047,104.41500091552734,104.83000183105469,548400,95.48226165771484
2023-11-08,105.37000274658203,106.47000122070312,104.91500091552734,105.80000305175781,525600,96.36575317382812
2023-11-09,106.56999969482422,107.94000244140625,105.54000091552734,105.69000244140625,474600,96.26556396484375
2023-11-10,106.47000122070312,107.81999969482422,105.27999877929688,107.75,638800,98.14186096191406
2023-11-13,107.4800033569336,109.23999786376953,107.4800033569336,108.58000183105469,653500,98.8978500366211
2023-11-14,108.58999633789062,110.7300033569336,108.27999877929688,109.81999969482422,971100,100.02729034423828
2023-11-15,109.0,109.52999877929688,103.68000030517578,103.79000091552734,2327600,94.53498840332031
2023-11-16,103.73999786376953,104.27999877929688,101.44000244140625,101.9800033569336,1546500,92.8863754272461
2023-11-17,102.19999694824219,107.12999725341797,101.5,107.08000183105469,1500100,97.5316162109375
2023-11-20,107.29000091552734,109.0999984741211,106.69999694824219,108.38999938964844,930200,98.72479248046875
2023-11-21,107.73999786376953,108.74299621582031,105.88500213623047,107.87999725341797,691000,98.26028442382812
2023-11-22,108.69000244140625,109.23999786376953,107.88999938964844,108.81999969482422,568300,99.11644744873047
2023-11-24,108.9800033569336,110.02999877929688,108.75,109.22000122070312,427200,99.48078918457031
2023-11-27,108.7300033569336,110.0,107.9000015258789,108.93000030517578,1039400,99.2166519165039
2023-11-28,108.95999908447266,110.08999633789062,108.7699966430664,109.69000244140625,1373100,99.90887451171875
2023-11-29,110.5999984741211,111.87000274658203,109.95500183105469,111.1500015258789,1143200,101.23868560791016
2023-11-30,111.16000366210938,112.41000366210938,110.88999938964844,112.25,1044500,102.24059295654297
2023-12-01,111.83000183105469,112.37000274658203,110.7699966430664,111.80999755859375,1085900,101.83983612060547
2023-12-04,111.26000213623047,111.58999633789062,108.19999694824219,109.4000015258789,817300,99.64473724365234
2023-12-05,109.30000305175781,110.1449966430664,108.23999786376953,109.62000274658203,718800,99.84513092041016
2023-12-06,110.18000030517578,111.05999755859375,107.69000244140625,107.91999816894531,830800,98.29670715332031
2023-12-07,107.81999969482422,109.0,107.81999969482422,108.30000305175781,601500,98.6428451538086
2023-12-08,108.02999877929688,111.29000091552734,108.02999877929688,110.63999938964844,623800,100.77417755126953
2023-12-11,111.05999755859375,111.98999786376953,110.5199966430664,110.72000122070312,379700,100.84703826904297
2023-12-12,110.81999969482422,112.66000366210938,110.41000366210938,112.12000274658203,607200,102.1221923828125
2023-12-13,112.31999969482422,115.1500015258789,112.02999877929688,113.94999694824219,1603700,103.78900909423828
2023-12-14,114.58000183105469,115.73999786376953,113.19999694824219,114.0999984741211,1720700,104.6326904296875
2023-12-15,114.05999755859375,117.33000183105469,114.01000213623047,116.6500015258789,2162600,106.97109985351562
2023-12-18,116.27999877929688,117.70999908447266,115.52999877929688,117.4800033569336,808500,107.73223876953125
2023-12-19,117.55000305175781,118.5,116.52999877929688,117.19999694824219,1160300,107.47545623779297
2023-12-20,116.5999984741211,117.5,113.83999633789062,114.20999908447266,1018100,104.73353576660156
2023-12-21,115.01000213623047,115.7979965209961,114.41000366210938,115.18000030517578,559800,105.62306213378906
2023-12-22,115.75,116.80999755859375,115.52999877929688,115.80000305175781,415400,106.1916275024414
2023-12-26,116.19999694824219,118.4000015258789,115.47000122070312,118.30999755859375,579400,108.49336242675781
2023-12-27,118.54000091552734,119.11000061035156,117.95999908447266,119.02999877929688,384600,109.15361785888672
2023-12-28,120.18000030517578,120.98999786376953,118.80000305175781,119.87999725341797,449800,109.93309020996094
2023-12-29,119.87999725341797,120.37999725341797,118.80000305175781,118.91999816894531,374800,109.05274963378906
2024-01-02,117.80000305175781,117.94999694824219,114.70500183105469,115.45999908447266,953400,105.87983703613281
2024-01-03,114.6500015258789,116.51000213623047,113.0,115.55999755859375,835400,105.97151947021484
2024-01-04,115.94000244140625,118.75,115.94000244140625,116.4800033569336,696900,106.81519317626953
2024-01-05,116.0,118.88899993896484,116.0,117.05000305175781,602200,107.3379135131836
2024-01-08,117.91000366210938,118.97000122070312,117.33000183105469,118.94999694824219,501300,109.08023834228516
2024-01-09,116.98999786376953,117.29000091552734,114.68000030517578,115.77999877929688,1041500,106.17327880859375
2024-01-10,116.02999877929688,119.19000244140625,115.8949966430664,118.66999816894531,933900,108.82347106933594
2024-01-11,119.16000366210938,119.16000366210938,115.6500015258789,118.31999969482422,739200,108.50253295898438
2024-01-12,119.19999694824219,119.48999786376953,117.48999786376953,118.08999633789062,631700,108.2916030883789
2024-01-16,117.0999984741211,117.63999938964844,115.62999725341797,116.93000030517578,640700,107.22786712646484
2024-01-17,114.94000244140625,117.16000366210938,114.54000091552734,115.69000244140625,543900,106.09075164794922
2024-01-18,116.51000213623047,116.6449966430664,112.83000183105469,114.19000244140625,1210300,104.71522521972656
2024-01-19,114.87999725341797,116.5199966430664,113.66000366210938,116.43000030517578,826200,106.76934814453125
2024-01-22,117.3499984741211,118.76000213623047,117.20999908447266,118.69999694824219,680700,108.85099792480469
2024-01-23,118.9000015258789,119.2249984741211,117.05000305175781,117.52999877929688,726100,107.778076171875
2024-01-24,118.94999694824219,118.94999694824219,116.86499786376953,117.47000122070312,762700,107.72306060791016
2024-01-25,118.48999786376953,120.87000274658203,117.47000122070312,120.66999816894531,704300,110.65753936767578
2024-01-26,121.08000183105469,121.83999633789062,120.5999984741211,121.1500015258789,593200,111.09770965576172
2024-01-29,121.06999969482422,122.62999725341797,121.0,122.61000061035156,711200,112.43656158447266
2024-01-30,122.5999984741211,123.51000213623047,122.03600311279297,122.25,921900,112.1064453125
2024-01-31,121.93000030517578,123.76000213623047,121.12999725341797,121.4800033569336,671000,111.40032958984375
2024-02-01,121.76000213623047,122.88999938964844,119.76000213623047,122.62000274658203,574000,112.44573974609375
2024-02-02,122.0,127.33000183105469,122.0,126.13999938964844,911400,115.67366790771484
2024-02-05,125.38999938964844,125.98999786376953,123.8499984741211,124.5,604500,114.16973876953125
2024-02-06,125.43000030517578,127.12000274658203,124.11000061035156,126.98999786376953,830800,116.45313262939453
2024-02-07,127.5,130.14999389648438,127.0,128.85000610351562,1439700,118.15882873535156
2024-02-08,136.0399932861328,139.47999572753906,131.88999938964844,135.5500030517578,2186300,124.30288696289062
2024-02-09,136.22000122070312,137.8300018310547,135.0399932861328,136.7100067138672,1087200,125.36665344238281
2024-02-12,136.39999389648438,138.17999267578125,135.32000732421875,137.05999755859375,1057500,125.68758392333984
2024-02-13,134.74000549316406,138.0399932861328,134.1999969482422,134.91000366210938,1269200,123.71601867675781
2024-02-14,135.8800048828125,136.85000610351562,135.27999877929688,136.7100067138672,1007200,125.36665344238281
2024-02-15,137.66000366210938,137.66000366210938,134.60000610351562,135.17999267578125,1004900,123.96358489990234
2024-02-16,134.8699951171875,136.24000549316406,134.25999450683594,134.97000122070312,2040000,123.77099609375
2024-02-20,133.55999755859375,134.0500030517578,131.72999572753906,132.61000061035156,956700,121.60682678222656
2024-02-21,131.7100067138672,132.02000427246094,130.11000061035156,131.6199951171875,1388400,120.698974609375
2024-02-22,134.3800048828125,135.55999755859375,132.55499267578125,133.9499969482422,1077900,122.83566284179688
2024-02-23,134.47999572753906,134.47999572753906,130.67999267578125,131.89999389648438,1369300,120.95574951171875
2024-02-26,131.83999633789062,132.5500030517578,131.1699981689453,131.3000030517578,947700,120.40553283691406
2024-02-27,131.44000244140625,131.80999755859375,130.14500427246094,130.55999755859375,1153000,119.7269287109375
2024-02-28,130.33999633789062,131.92999267578125,129.2949981689453,131.25,1190000,120.35967254638672
2024-02-29,131.67999267578125,133.47000122070312,131.6699981689453,132.6300048828125,1108000,121.62518310546875
2024-03-01,133.1199951171875,134.0,131.5,133.1199951171875,861700,122.07450866699219
2024-03-04,133.1199951171875,136.125,132.5449981689453,135.8800048828125,1200500,124.60549926757812
2024-03-05,135.3800048828125,136.17999267578125,133.63999938964844,135.52000427246094,1176400,124.27537536621094
2024-03-06,136.8800048828125,137.47000122070312,135.0050048828125,135.72000122070312,800600,124.45878601074219
2024-03-07,134.0,135.85000610351562,133.82000732421875,135.5500030517578,1232000,124.30288696289062
2024-03-08,136.25999450683594,137.05999755859375,133.0399932861328,134.10000610351562,1149900,122.97321319580078
2024-03-11,133.16000366210938,133.5500030517578,131.85000610351562,132.58999633789062,917000,121.58848571777344
2024-03-12,133.5800018310547,134.97999572753906,132.64999389648438,134.0399932861328,690300,122.91818237304688
2024-03-13,134.4499969482422,135.2100067138672,133.77999877929688,134.72000122070312,737900,123.54176330566406
2024-03-14,133.88999938964844,134.2899932861328,131.85000610351562,132.77999877929688,900100,122.60911560058594
2024-03-15,133.0,134.41000366210938,131.88999938964844,132.11000061035156,2918000,121.9904556274414
2024-03-18,132.75999450683594,133.85000610351562,129.35000610351562,130.1699981689453,1302200,120.19905853271484
2024-03-19,129.7899932861328,132.99000549316406,129.42999267578125,132.1699981689453,989000,122.04586029052734
2024-03-20,132.1300048828125,133.6999969482422,131.08999633789062,133.5,875400,123.27396392822266
2024-03-21,135.0,137.8800048828125,134.05999755859375,136.5800018310547,1564400,126.1180419921875
2024-03-22,136.1699981689453,136.52999877929688,133.67999267578125,133.8699951171875,574000,123.61560821533203
2024-03-25,133.5399932861328,134.85000610351562,133.17999267578125,133.7899932861328,471100,123.54176330566406
2024-03-26,134.77000427246094,135.22999572753906,133.40499877929688,133.9600067138672,518000,123.69874572753906
2024-03-27,134.67999267578125,135.10000610351562,131.1699981689453,133.27999877929688,913200,123.0708236694336
2024-03-28,133.16000366210938,134.0449981689453,131.05999755859375,132.97999572753906,784500,122.79380798339844
2024-04-01,132.77000427246094,132.89999389648438,130.17999267578125,132.38999938964844,844800,122.24900817871094
2024-04-02,130.89999389648438,131.31500244140625,128.2899932861328,130.8000030517578,1424900,120.78079223632812
2024-04-03,130.9600067138672,133.03500366210938,130.5,131.97999572753906,962500,121.87040710449219
2024-04-04,133.0,133.88999938964844,131.52999877929688,132.1999969482422,1639900,122.07353973388672
2024-04-05,131.9499969482422,134.8000030517578,131.22000122070312,134.16000366210938,1218200,123.88343048095703
2024-04-08,134.55999755859375,135.66000366210938,133.6699981689453,135.16000366210938,1319000,124.80684661865234
2024-04-09,135.25,136.32000732421875,131.77999877929688,133.8000030517578,1809000,123.55099487304688
2024-04-10,131.94000244140625,135.60899353027344,131.0800018310547,134.0399932861328,1105000,123.7726058959961
2024-04-11,134.1199951171875,134.9600067138672,132.91000366210938,134.07000732421875,1589800,123.80033111572266
2024-04-12,133.14999389648438,133.8699951171875,131.32000732421875,131.35000610351562,976800,121.28865814208984
2024-04-15,132.52999877929688,133.3699951171875,127.97000122070312,129.3000030517578,1298000,119.39568328857422
2024-04-16,128.44000244140625,131.16000366210938,127.72100067138672,130.88999938964844,1256200,120.86388397216797
2024-04-17,131.82000732421875,132.61000061035156,130.47000122070312,131.6999969482422,1240400,121.61184692382812
2024-04-18,131.8300018310547,132.63999938964844,130.3300018310547,130.6999969482422,701500,120.68844604492188
2024-04-19,130.1300048828125,131.7899932861328,128.64999389648438,129.52999877929688,1193100,119.60807037353516
2024-04-22,131.08999633789062,132.50999450683594,129.27999877929688,132.00999450683594,674400,121.8980941772461
2024-04-23,132.8000030517578,136.61000061035156,132.2550048828125,136.5,671300,126.04417419433594
2024-04-24,137.75,138.4499969482422,134.66000366210938,135.9499969482422,1124800,125.53629302978516
2024-04-25,134.92999267578125,135.63999938964844,132.5800018310547,133.72999572753906,735300,123.4863510131836
2024-04-26,134.22999572753906,135.82000732421875,133.0500030517578,133.6199951171875,501200,123.38478088378906
2024-04-29,134.27000427246094,135.08999633789062,133.1529998779297,134.89999389648438,685900,124.56672668457031
2024-04-30,134.1199951171875,134.66000366210938,132.4600067138672,133.08999633789062,920000,122.89537811279297
2024-05-01,132.8800048828125,134.60000610351562,131.30999755859375,131.6999969482422,1216900,121.61184692382812
2024-05-02,129.0,135.64999389648438,125.2300033569336,134.63999938964844,2778000,124.32665252685547
2024-05-03,135.35000610351562,135.7449951171875,131.8000030517578,131.91000366210938,1085300,121.80577087402344
2024-05-06,132.30999755859375,136.22000122070312,132.2830047607422,136.1699981689453,1721800,125.73945617675781
2024-05-07,137.02999877929688,140.35000610351562,136.5399932861328,137.2899932861328,1393700,126.77365112304688
2024-05-08,136.25,138.75,135.4600067138672,138.6699981689453,729800,128.0479278564453
2024-05-09,138.33999633789062,143.1300048828125,138.33999633789062,142.44000244140625,1468300,131.52919006347656
2024-05-10,143.69000244140625,144.35000610351562,141.60000610351562,142.27000427246094,780400,131.3721923828125
2024-05-13,142.86000061035156,143.3000030517578,140.1300048828125,140.14999389648438,861400,129.41458129882812
2024-05-14,140.47000122070312,145.00999450683594,140.47000122070312,144.92999267578125,1410700,133.8284454345703
2024-05-15,146.6999969482422,149.97000122070312,145.97999572753906,149.82000732421875,2118700,138.34385681152344
2024-05-16,149.52999877929688,150.1199951171875,146.52999877929688,146.66000366210938,1618300,135.42593383789062
2024-05-17,147.00999450683594,147.88999938964844,145.07000732421875,145.60000610351562,873200,134.44712829589844
2024-05-20,145.13999938964844,145.6199951171875,143.05999755859375,144.55999755859375,1265400,133.4867706298828
2024-05-21,143.9600067138672,147.25999450683594,137.5399932861328,143.6199951171875,2587500,132.6187744140625
2024-05-22,145.05999755859375,147.0500030517578,143.22000122070312,144.75,1313700,133.6622314453125
2024-05-23,145.8800048828125,145.98500061035156,143.6999969482422,144.75,1109800,133.6622314453125
2024-05-24,145.5,146.75999450683594,145.1300048828125,146.00999450683594,614900,134.82569885253906
2024-05-28,146.25,147.99000549316406,144.25999450683594,144.33999633789062,1140100,133.2836151123047
2024-05-29,142.8699951171875,143.77000427246094,142.13600158691406,142.1699981689453,748200,131.27984619140625
2024-05-30,141.85000610351562,143.61000061035156,141.85000610351562,142.97999572753906,761900,132.02780151367188
2024-05-31,143.44000244140625,145.2779998779297,139.07000732421875,140.1699981689453,2689600,129.43304443359375
2024-06-03,141.4600067138672,141.64999389648438,136.30999755859375,138.1999969482422,1615500,127.61395263671875
2024-06-04,137.27999877929688,137.8699951171875,135.1199951171875,135.19000244140625,1605200,124.83452606201172
2024-06-05,136.3300018310547,139.94000244140625,135.74000549316406,139.55999755859375,1153600,128.86978149414062
2024-06-06,139.16000366210938,139.99000549316406,133.27999877929688,134.0,1206700,123.73566436767578
2024-06-07,133.52999877929688,135.33999633789062,132.05999755859375,132.92999267578125,967000,122.74762725830078
2024-06-10,132.44000244140625,137.8300018310547,132.0,136.83999633789062,1328900,126.35814666748047
2024-06-11,136.49000549316406,137.02999877929688,134.5,135.77999877929688,969900,125.37931823730469
2024-06-12,138.17999267578125,139.0800018310547,136.8300018310547,137.49000549316406,789600,126.95834350585938
2024-06-13,132.42999267578125,134.1300048828125,129.6999969482422,133.75999450683594,3758100,123.51404571533203
2024-06-14,131.50999450683594,133.24000549316406,130.94000244140625,132.6300048828125,1315500,123.3281021118164
2024-06-17,132.9199981689453,134.38999938964844,131.74000549316406,134.02999877929688,1208400,124.62989807128906
2024-06-18,134.0500030517578,135.1999969482422,133.0399932861328,135.0,1567600,125.53187561035156
2024-06-20,134.9600067138672,135.72999572753906,133.90499877929688,134.7100067138672,1539600,125.26221466064453
2024-06-21,134.2100067138672,134.2100067138672,130.67999267578125,131.7899932861328,2799100,122.5469970703125
2024-06-24,132.10000610351562,134.42999267578125,131.64999389648438,133.85000610351562,2027900,124.46251678466797
2024-06-25,133.1999969482422,135.44000244140625,132.61000061035156,135.35000610351562,1584800,125.8573226928711
2024-06-26,134.3699951171875,135.97999572753906,133.6300048828125,135.4499969482422,1227600,125.95030975341797
2024-06-27,135.05999755859375,136.49000549316406,134.52000427246094,135.9499969482422,1097100,126.41524505615234
2024-06-28,136.38999938964844,137.35000610351562,133.17999267578125,133.27999877929688,2650500,123.93250274658203
2024-07-01,134.3800048828125,136.64999389648438,133.22000122070312,136.1999969482422,1687100,126.6476821899414
2024-07-02,135.25999450683594,136.44000244140625,135.0,135.4499969482422,786900,125.95030975341797
2024-07-03,136.0,139.11000061035156,135.52000427246094,138.35000610351562,554700,128.64694213867188
2024-07-05,138.35000610351562,138.39999389648438,136.5,138.25999450683594,601900,128.56321716308594
2024-07-08,138.44000244140625,139.25999450683594,135.72000122070312,135.77000427246094,746400,126.24784851074219
2024-07-09,135.72999572753906,136.5,133.83999633789062,134.77999877929688,865100,125.32730865478516
2024-07-10,135.91000366210938,139.00999450683594,135.11000061035156,138.74000549316406,906400,129.0095672607422
2024-07-11,140.47999572753906,142.32000732421875,139.1999969482422,141.10000610351562,1457700,131.20407104492188
2024-07-12,143.25999450683594,143.8000030517578,141.8300018310547,142.5500030517578,887300,132.55235290527344
2024-07-15,143.30999755859375,145.99000549316406,141.1699981689453,145.97999572753906,1014500,135.74179077148438
2024-07-16,146.5,148.72000122070312,145.96499633789062,148.0,1740300,137.6201171875
2024-07-17,146.16000366210938,146.89500427246094,142.41000366210938,143.72000122070312,855500,133.64027404785156
2024-07-18,144.25999450683594,148.22999572753906,144.25999450683594,147.38999938964844,1748500,137.05288696289062
2024-07-19,147.33999633789062,149.4600067138672,146.91000366210938,147.3000030517578,708400,136.96920776367188
2024-07-22,148.47000122070312,150.8300018310547,147.4199981689453,150.7899932861328,998600,140.21446228027344
2024-07-23,151.0,152.6300048828125,150.00999450683594,150.7899932861328,741900,140.21446228027344
2024-07-24,149.10000610351562,149.77999877929688,144.0,144.50999450683594,1109000,134.3748779296875
2024-07-25,144.50999450683594,148.3780059814453,143.88999938964844,145.3000030517578,1056200,135.10946655273438
2024-07-26,147.60000610351562,148.42999267578125,145.61000061035156,147.10000610351562,664800,136.78326416015625
2024-07-29,147.8300018310547,147.8300018310547,145.1999969482422,145.35000610351562,1055600,135.15602111816406
2024-07-30,146.25,149.96499633789062,146.25,149.5800018310547,1787500,139.0893096923828
2024-07-31,152.69000244140625,155.52999877929688,152.0,153.1999969482422,1700700,142.45542907714844
2024-08-01,152.57000732421875,153.9199981689453,147.3699951171875,149.16000366210938,1430700,138.69876098632812
2024-08-02,143.69000244140625,144.9499969482422,137.61000061035156,139.25999450683594,2114000,129.49310302734375
2024-08-05,131.0,136.6699981689453,128.0,133.72999572753906,1875900,124.35091400146484
2024-08-06,133.44000244140625,138.77000427246094,133.2100067138672,135.75,1443600,126.22926330566406
2024-08-07,139.02999877929688,139.6750030517578,135.27999877929688,135.27999877929688,1170300,125.7922134399414
2024-08-08,137.0399932861328,139.61500549316406,135.86500549316406,138.9600067138672,806700,129.21412658691406
2024-08-09,139.3699951171875,142.0399932861328,138.42999267578125,141.5399932861328,639900,131.61318969726562
2024-08-12,141.5399932861328,141.89999389648438,139.3000030517578,140.33999633789062,689300,130.49734497070312
2024-08-13,141.10000610351562,142.36700439453125,141.08999633789062,141.5399932861328,634400,131.61318969726562
2024-08-14,142.24000549316406,144.16000366210938,142.24000549316406,143.8300018310547,866900,133.7425994873047
2024-08-15,145.36000061035156,146.47999572753906,144.07000732421875,145.60000610351562,988200,135.38844299316406
2024-08-16,145.02000427246094,146.02000427246094,144.0800018310547,145.0,1067100,134.83053588867188
2024-08-19,145.47999572753906,145.77999877929688,143.9199981689453,144.5800018310547,567300,134.43997192382812
2024-08-20,144.7899932861328,145.05999755859375,143.64999389648438,144.7100067138672,1027700,134.5608673095703
2024-08-21,144.44000244140625,145.14999389648438,143.00999450683594,144.5,802000,134.3656005859375
2024-08-22,144.72000122070312,145.11000061035156,143.3800048828125,143.5,806900,133.4357452392578
2024-08-23,144.49000549316406,147.53900146484375,143.5399932861328,147.0,1165500,136.69027709960938
2024-08-26,147.5,148.1300048828125,145.72000122070312,146.9600067138672,740300,136.65309143066406
2024-08-27,145.58999633789062,148.1999969482422,145.3300018310547,146.13999938964844,967500,135.8905487060547
2024-08-28,145.83999633789062,146.94000244140625,144.61000061035156,145.19000244140625,942100,135.0072021484375
2024-08-29,145.91000366210938,146.19000244140625,144.35000610351562,144.35000610351562,816100,134.2261199951172
2024-08-30,144.91000366210938,146.42999267578125,143.8800048828125,146.39999389648438,1607300,136.13232421875
2024-09-03,145.60000610351562,146.11000061035156,141.5399932861328,142.02000427246094,900900,132.0595245361328
2024-09-04,142.00999450683594,142.69000244140625,140.1699981689453,140.86000061035156,906100,130.98086547851562
2024-09-05,141.1999969482422,141.99000549316406,139.8300018310547,141.0500030517578,600000,131.1575469970703
2024-09-06,141.0500030517578,141.55999755859375,136.1199951171875,137.4499969482422,981200,127.81002807617188
2024-09-09,138.92999267578125,142.44000244140625,137.92999267578125,140.0800018310547,1098900,130.25559997558594
2024-09-10,140.07000732421875,141.0399932861328,137.8699951171875,140.08999633789062,1156500,130.264892578125
2024-09-11,140.11000061035156,141.58999633789062,137.5,141.4600067138672,573600,131.53880310058594
2024-09-12,141.69000244140625,143.99000549316406,140.47999572753906,143.83999633789062,717200,133.75189208984375
2024-09-13,144.39999389648438,147.47999572753906,143.0399932861328,147.39999389648438,989800,137.0621795654297
2024-09-16,146.66000366210938,149.41000366210938,146.5,149.38999938964844,614000,139.79466247558594
2024-09-17,150.0,153.7100067138672,149.02999877929688,152.8000030517578,1108400,142.98562622070312
2024-09-18,153.89999389648438,155.64999389648438,150.81100463867188,152.35000610351562,882200,142.5645294189453
2024-09-19,156.74000549316406,157.52999877929688,154.38999938964844,156.50999450683594,1118800,146.4573211669922
2024-09-20,155.5800018310547,157.2969970703125,153.27000427246094,156.66000366210938,1633700,146.59768676757812
2024-09-23,157.66000366210938,158.5,155.39500427246094,156.25,583700,146.2140350341797
2024-09-24,156.5,157.82000732421875,155.2899932861328,157.3300018310547,1004300,147.22467041015625
2024-09-25,157.6300048828125,158.38999938964844,157.16000366210938,158.0500030517578,733500,147.89840698242188
2024-09-26,158.82000732421875,159.9499969482422,155.72999572753906,156.0500030517578,661300,146.0269012451172
2024-09-27,158.33999633789062,158.38999938964844,156.3800048828125,156.91000366210938,513300,146.83164978027344
2024-09-30,156.39999389648438,156.85000610351562,153.92999267578125,155.83999633789062,1152200,145.83035278320312
2024-10-01,155.74000549316406,157.25999450683594,153.0,156.30999755859375,1129100,146.2701873779297
2024-10-02,155.83999633789062,159.86000061035156,155.83999633789062,158.0500030517578,556000,147.89840698242188
2024-10-03,157.97999572753906,159.3000030517578,156.52000427246094,157.0500030517578,674200,146.96266174316406
2024-10-04,159.19000244140625,160.38999938964844,157.88999938964844,160.38999938964844,1052700,150.08810424804688
2024-10-07,160.42999267578125,161.55999755859375,159.8000030517578,160.55999755859375,1141800,150.24717712402344
2024-10-08,155.0,158.47999572753906,152.7100067138672,153.3800048828125,5101100,143.5283660888672
2024-10-09,153.47999572753906,158.4600067138672,153.3000030517578,158.16000366210938,4636200,148.00135803222656
2024-10-10,158.5800018310547,159.33999633789062,156.38999938964844,157.80999755859375,1827900,147.673828125
2024-10-11,157.8300018310547,162.36500549316406,157.8300018310547,161.9499969482422,1196300,151.5479278564453
2024-10-14,163.0,164.5500030517578,161.69000244140625,163.35000610351562,596200,152.85800170898438
2024-10-15,164.27999877929688,164.60000610351562,162.00999450683594,162.6300048828125,1044600,152.18426513671875
2024-10-16,163.3000030517578,164.3300018310547,161.89999389648438,163.47999572753906,903700,152.97964477539062
2024-10-17,165.97000122070312,171.13999938964844,164.7949981689453,168.72999572753906,2114900,157.89242553710938
2024-10-18,168.52999877929688,170.52000427246094,168.16000366210938,169.88999938964844,1121300,158.97793579101562
2024-10-21,169.7100067138672,171.75999450683594,168.44000244140625,168.69000244140625,888000,157.8550262451172
2024-10-22,167.27999877929688,168.52000427246094,166.17999267578125,167.77999877929688,761900,157.0034637451172
2024-10-23,167.9600067138672,169.8699951171875,166.16000366210938,167.3800048828125,719600,156.62916564941406
2024-10-24,168.72999572753906,171.0500030517578,167.86500549316406,170.8300018310547,860700,159.85755920410156
2024-10-25,171.41000366210938,171.77999877929688,168.0500030517578,169.47000122070312,636000,158.5849151611328
2024-10-28,170.67999267578125,171.7740020751953,170.39999389648438,170.97999572753906,781500,159.99790954589844
2024-10-29,170.89999389648438,171.75900268554688,170.36000061035156,170.39999389648438,982300,159.45516967773438
2024-10-30,170.99000549316406,171.6699981689453,168.8800048828125,169.0,1264900,158.1450958251953
2024-10-31,168.6699981689453,170.5399932861328,166.22000122070312,167.67999267578125,2569100,156.9098663330078
2024-11-01,170.7100067138672,170.7100067138672,158.0,161.8699951171875,2488000,151.47305297851562
2024-11-04,160.25,161.13999938964844,158.3300018310547,159.67999267578125,1416500,149.42372131347656
2024-11-05,160.7899932861328,164.82000732421875,160.44000244140625,164.44000244140625,904000,153.8779754638672
2024-11-06,167.80999755859375,175.74000549316406,167.80999755859375,172.5,2848400,161.42030334472656
2024-11-07,171.63999938964844,172.55999755859375,167.38999938964844,168.27000427246094,1577400,157.4619903564453
2024-11-08,168.50999450683594,171.8209991455078,167.47999572753906,170.3800048828125,1118600,159.43646240234375
2024-11-11,172.1199951171875,175.07000732421875,170.94000244140625,171.3800048828125,1392200,160.3722381591797
2024-11-12,170.6699981689453,171.21499633789062,169.32000732421875,170.5,1037500,159.54873657226562
2024-11-13,170.22999572753906,171.5500030517578,166.80999755859375,167.4499969482422,1090100,156.6946563720703
2024-11-14,168.38999938964844,169.13999938964844,166.8800048828125,169.02000427246094,866400,158.163818359375
2024-11-15,168.33999633789062,168.60400390625,166.66000366210938,167.2100067138672,1182500,156.47007751464844
2024-11-18,167.5,168.38999938964844,165.80999755859375,167.42999267578125,975500,156.6759490966797
2024-11-19,166.27999877929688,170.45199584960938,165.44000244140625,170.35000610351562,723400,159.40838623046875
2024-11-20,171.52999877929688,172.9600067138672,169.43499755859375,171.88999938964844,1294000,160.8494873046875
2024-11-21,172.0,176.30999755859375,171.10000610351562,175.00999450683594,1114300,163.76905822753906
2024-11-22,176.0,176.8300018310547,174.25999450683594,175.52000427246094,940700,164.24630737304688
2024-11-25,177.0,178.49000549316406,173.74000549316406,176.02999877929688,2048300,164.7235565185547
2024-11-26,175.75999450683594,178.8800048828125,175.0,178.8300018310547,1586300,167.3437042236328
2024-11-27,179.77999877929688,180.3800048828125,174.52000427246094,174.77999877929688,1213100,163.55386352539062
2024-11-29,176.27000427246094,177.63999938964844,175.91400146484375,176.72999572753906,455300,165.3785858154297
2024-12-02,177.0800018310547,178.22000122070312,173.8300018310547,173.9499969482422,898500,162.7771453857422
2024-12-03,175.1199951171875,176.2899932861328,174.00999450683594,175.0500030517578,833800,163.80650329589844
2024-12-04,175.8800048828125,177.57000732421875,175.1750030517578,176.85000610351562,830800,165.49090576171875
2024-12-05,176.85000610351562,179.39999389648438,175.61000061035156,177.07000732421875,915400,165.69677734375
2024-12-06,176.91000366210938,178.72000122070312,175.77999877929688,178.07000732421875,1276900,166.6325225830078
2024-12-09,178.5,180.3300018310547,175.0399932861328,175.2899932861328,1615100,164.0310821533203
2024-12-10,176.08999633789062,178.0,174.4810028076172,176.11000061035156,1213400,164.7984161376953
2024-12-11,178.22999572753906,183.8699951171875,177.53500366210938,182.4499969482422,1619500,170.73118591308594
2024-12-12,184.38999938964844,184.47000122070312,181.25,182.74000549316406,1271700,171.00259399414062
2024-12-13,183.27999877929688,185.05999755859375,182.27000427246094,182.4499969482422,990700,170.73118591308594
2024-12-16,182.27999877929688,184.49000549316406,181.75,183.6999969482422,1244500,171.9009246826172
2024-12-17,181.10000610351562,182.2449951171875,177.17999267578125,178.3300018310547,1404400,167.72496032714844
2024-12-18,178.0500030517578,179.60000610351562,169.10000610351562,169.22000122070312,949400,159.15670776367188
2024-12-19,172.60000610351562,174.8300018310547,170.42999267578125,171.0800018310547,1412100,160.9060821533203
2024-12-20,170.25,177.50999450683594,169.00999450683594,176.0399932861328,2427200,165.57113647460938
2024-12-23,175.39999389648438,179.16000366210938,174.27000427246094,179.0,845200,168.35511779785156
2024-12-24,180.11000061035156,181.5,179.2899932861328,181.05999755859375,307500,170.29261779785156
2024-12-26,180.0800018310547,182.97799682617188,179.0399932861328,182.72000122070312,439500,171.8538818359375
2024-12-27,181.08999633789062,181.99000549316406,178.2270050048828,179.5,375400,168.82537841796875
2024-12-30,176.9199981689453,179.68499755859375,175.94000244140625,179.02000427246094,519700,168.37391662597656
2024-12-31,180.11000061035156,180.34500122070312,176.3800048828125,177.02999877929688,591600,166.50225830078125
2025-01-02,177.8300018310547,179.3000030517578,175.36399841308594,178.8300018310547,624700,168.1952362060547
2025-01-03,180.1300048828125,181.86900329589844,178.97000122070312,181.11000061035156,1189700,170.33963012695312
2025-01-06,183.27999877929688,184.72000122070312,180.08999633789062,180.3000030517578,1326200,169.57778930664062
2025-01-07,181.27999877929688,182.3699951171875,173.72500610351562,178.3699951171875,1556800,167.76255798339844
2025-01-08,177.50999450683594,182.7899932861328,177.50999450683594,182.3000030517578,960900,171.45887756347656
2025-01-10,179.67999267578125,180.02499389648438,174.8699951171875,175.0399932861328,942800,164.63059997558594
2025-01-13,172.77000427246094,176.5,171.47000122070312,175.49000549316406,934400,165.05384826660156
2025-01-14,176.14999389648438,180.3800048828125,176.05999755859375,179.1699981689453,791100,168.51498413085938
2025-01-15,184.10000610351562,185.49000549316406,182.24000549316406,184.5,786900,173.5280303955078
2025-01-16,185.3699951171875,190.14999389648438,185.05999755859375,187.89999389648438,971300,176.72584533691406
2025-01-17,189.5,192.00999450683594,188.52999877929688,191.32000732421875,721800,179.9424591064453
2025-01-21,192.5800018310547,195.22999572753906,191.55999755859375,194.72000122070312,984500,183.1402587890625
2025-01-22,196.36000061035156,196.75999450683594,192.22999572753906,193.80999755859375,1157200,182.2843780517578
2025-01-23,195.1699981689453,196.35000610351562,194.4600067138672,195.89999389648438,925500,184.2500762939453
2025-01-24,195.44000244140625,197.52999877929688,195.0800018310547,197.32000732421875,780300,185.58563232421875
2025-01-27,191.41000366210938,192.94000244140625,187.5800018310547,189.97999572753906,735300,178.68214416503906
2025-01-28,190.6699981689453,194.16000366210938,188.85499572753906,193.60000610351562,723000,182.08688354492188
2025-01-29,192.92999267578125,196.59800720214844,190.63299560546875,193.4199981689453,766200,181.91757202148438
2025-01-30,196.14999389648438,199.0399932861328,195.32000732421875,198.0800018310547,1247600,186.3004608154297
2025-01-31,199.19000244140625,199.94000244140625,197.74000549316406,198.22000122070312,1139700,186.43211364746094
2025-02-03,192.97999572753906,198.75,192.0500030517578,196.52000427246094,1095000,184.83323669433594
2025-02-04,200.0,200.48500061035156,192.41000366210938,195.36000061035156,1964600,183.74221801757812
2025-02-05,181.16000366210938,192.39999389648438,181.16000366210938,189.64999389648438,2501700,178.37176513671875
2025-02-06,188.07000732421875,191.82000732421875,186.3000030517578,191.6699981689453,1619600,180.27163696289062
2025-02-07,191.86000061035156,194.26800537109375,189.5,190.33999633789062,1163400,179.02073669433594
2025-02-10,191.3699951171875,191.39999389648438,187.3300018310547,189.97999572753906,790300,178.68214416503906
2025-02-11,187.97999572753906,188.24000549316406,183.47999572753906,186.3699951171875,798800,175.28680419921875
2025-02-12,183.8000030517578,185.22000122070312,182.60000610351562,182.80999755859375,761300,171.93853759765625
2025-02-13,183.07000732421875,185.0500030517578,182.3000030517578,184.38999938964844,981200,173.42457580566406
2025-02-14,185.02000427246094,187.0399932861328,183.9199981689453,186.17999267578125,784900,175.10812377929688
2025-02-18,187.42999267578125,189.25,186.07000732421875,187.6699981689453,999000,176.50953674316406
2025-02-19,186.97000122070312,187.75,183.6999969482422,186.74000549316406,1331600,175.63482666015625
2025-02-20,186.74000549316406,187.2899932861328,176.2899932861328,179.69000244140625,1383100,169.0040740966797
2025-02-21,180.82000732421875,181.03500366210938,172.64999389648438,174.08999633789062,1125400,163.73712158203125
2025-02-24,174.3300018310547,174.76499938964844,168.36500549316406,168.91000366210938,1866600,158.8651580810547
2025-02-25,168.9499969482422,169.78500366210938,163.38499450683594,167.36000061035156,1911600,157.40733337402344
2025-02-26,167.77000427246094,172.0500030517578,167.5,168.97000122070312,1076700,158.92160034179688
2025-02-27,170.7100067138672,171.69000244140625,166.3000030517578,167.1199951171875,1228500,157.1815948486328
2025-02-28,166.6699981689453,171.0,165.22000122070312,170.94000244140625,2118600,160.77444458007812
2025-03-03,174.6300048828125,175.64999389648438,168.08999633789062,169.75999450683594,2140200,159.6645965576172
2025-03-04,164.64999389648438,165.94000244140625,156.44000244140625,160.99000549316406,2907900,151.41615295410156
2025-03-05,160.99000549316406,163.0,157.76499938964844,163.0,1701400,153.30661010742188
2025-03-06,158.27999877929688,160.6300048828125,152.44000244140625,153.3699951171875,2113100,144.24928283691406
2025-03-07,154.9199981689453,156.16000366210938,147.6199951171875,154.9600067138672,3354100,145.74473571777344
2025-03-10,147.4600067138672,148.61000061035156,139.44000244140625,141.24000549316406,3161000,132.8406524658203
2025-03-11,142.2100067138672,145.99000549316406,139.82000732421875,143.00999450683594,2545500,134.50538635253906
2025-03-12,148.0800018310547,149.67999267578125,142.7899932861328,145.92999267578125,1735400,137.25173950195312
2025-03-13,145.80999755859375,146.77999877929688,138.27000427246094,140.19000244140625,1894300,131.85308837890625
2025-03-14,143.91000366210938,145.77999877929688,142.0,144.36000061035156,1565800,135.7751007080078
2025-03-17,142.89999389648438,148.2100067138672,142.52999877929688,147.11000061035156,1481700,139.4434051513672
2025-03-18,146.22000122070312,147.22500610351562,142.85000610351562,144.02000427246094,1292300,136.51446533203125
2025-03-19,145.05999755859375,149.19000244140625,142.72999572753906,147.61000061035156,1638000,139.9173583984375
2025-03-20,146.0,149.26300048828125,146.0,147.33999633789062,992900,139.66143798828125
2025-03-21,145.97999572753906,149.0449981689453,144.47999572753906,147.7100067138672,1749400,140.0121612548828
2025-03-24,151.0399932861328,154.1199951171875,150.5500030517578,153.75,1724900,145.73736572265625
2025-03-25,154.33999633789062,156.052001953125,151.5,155.6300048828125,3835800,147.51942443847656
2025-03-26,155.66000366210938,156.39999389648438,152.02000427246094,153.27999877929688,2110400,145.29188537597656
2025-03-27,150.8000030517578,152.7449951171875,144.9499969482422,148.39999389648438,1921800,140.6661834716797
2025-03-28,146.99000549316406,148.6699981689453,142.69000244140625,144.89999389648438,1654200,137.34860229492188
2025-03-31,142.0,147.3000030517578,139.5399932861328,146.61000061035156,2009700,138.96946716308594
2025-04-01,147.08999633789062,149.92999267578125,144.77000427246094,149.44000244140625,2170700,141.65199279785156
2025-04-02,146.02000427246094,154.85000610351562,146.02000427246094,154.5,2113600,146.4482879638672
2025-04-03,145.8300018310547,145.8300018310547,129.68499755859375,130.58999633789062,3035100,123.78434753417969
2025-04-04,121.5999984741211,124.19000244140625,113.23500061035156,118.04000091552734,7645200,111.88839721679688
2025-04-07,114.0,128.0,110.62999725341797,124.7300033569336,6475200,118.22975158691406
2025-04-08,131.3249969482422,134.5,120.69000244140625,123.20999908447266,4718900,116.7889633178711
2025-04-09,121.41000366210938,143.92999267578125,118.81999969482422,142.3699951171875,4616400,134.950439453125
2025-04-10,136.7899932861328,139.08999633789062,130.6999969482422,135.77000427246094,3935100,128.69439697265625
2025-04-11,133.58999633789062,138.72999572753906,130.17999267578125,137.74000549316406,3184500,130.5617218017578
2025-04-14,141.0399932861328,143.5290069580078,136.26499938964844,138.3800048828125,2297800,131.16836547851562
2025-04-15,139.6300048828125,142.55999755859375,138.4199981689453,141.32000732421875,1683500,133.95518493652344
2025-04-16,139.35000610351562,141.02999877929688,136.63999938964844,139.60000610351562,1783300,132.32481384277344
2025-04-17,140.97999572753906,142.82000732421875,139.61000061035156,141.24000549316406,1210000,133.87933349609375
2025-04-21,138.6999969482422,139.73500061035156,133.82000732421875,137.0800018310547,1532500,129.93612670898438
2025-04-22,139.82000732421875,142.86000061035156,139.27999877929688,141.72000122070312,1150300,134.3343048095703
2025-04-23,147.98500061035156,153.3300018310547,145.2949981689453,145.9499969482422,1523000,138.34385681152344
2025-04-24,146.35000610351562,153.9199981689453,145.15499877929688,152.97000122070312,1341600,144.99803161621094
2025-04-25,151.92999267578125,154.41000366210938,150.8260040283203,153.8800048828125,1290700,145.860595703125
2025-04-28,153.94000244140625,156.5399932861328,151.92999267578125,153.3800048828125,1294700,145.38665771484375
2025-04-29,153.0,153.6750030517578,150.82000732421875,152.7899932861328,1146300,144.82740783691406
2025-04-30,148.80999755859375,152.91000366210938,146.17999267578125,152.52999877929688,1722200,144.58094787597656
2025-05-01,153.69000244140625,156.25,152.0989990234375,152.27000427246094,1075500,144.3345184326172
2025-05-02,156.07000732421875,158.99000549316406,154.75999450683594,157.07000732421875,1942700,148.88436889648438
2025-05-05,156.4499969482422,163.156005859375,155.14999389648438,160.75999450683594,2157000,152.38204956054688
2025-05-06,159.07000732421875,163.63999938964844,156.7100067138672,159.6300048828125,1707600,151.31094360351562
2025-05-07,160.07000732421875,163.52000427246094,159.8000030517578,162.0800018310547,1478900,153.63327026367188
2025-05-08,164.8800048828125,168.7100067138672,164.32000732421875,165.85000610351562,1785300,157.20680236816406
2025-05-09,166.02000427246094,167.63999938964844,164.50999450683594,164.9499969482422,1659100,156.35369873046875
2025-05-12,173.50999450683594,174.6300048828125,169.1199951171875,172.57000732421875,1892500,163.5765838623047
2025-05-13,173.7100067138672,175.83999633789062,171.5399932861328,172.5,2291500,163.51023864746094
2025-05-14,173.33999633789062,176.38499450683594,172.25,175.8300018310547,1817900,166.6666717529297
2025-05-15,173.1199951171875,174.3800048828125,168.08999633789062,168.6999969482422,3115600,159.9082794189453
2025-05-16,168.75,170.8699951171875,168.4600067138672,170.14999389648438,1702100,161.28268432617188
2025-05-19,166.75,169.94000244140625,165.2899932861328,168.63999938964844,940100,159.8513946533203
2025-05-20,167.0399932861328,168.0,165.3000030517578,166.02999877929688,1984100,157.3773956298828
2025-05-21,163.25999450683594,164.86000061035156,158.8800048828125,158.97999572753906,1561000,150.69482421875
2025-05-22,158.83999633789062,160.90499877929688,158.2449951171875,159.8800048828125,961000,151.5479278564453
2025-05-23,156.1300048828125,161.7100067138672,155.52000427246094,160.2899932861328,1008800,151.93655395507812
2025-05-27,162.72999572753906,165.15499877929688,161.3800048828125,164.60000610351562,1079400,156.02195739746094
2025-05-28,165.5,165.5,163.47999572753906,163.99000549316406,999900,155.44374084472656
2025-05-29,165.39999389648438,165.39999389648438,163.0449981689453,164.89999389648438,1112100,156.30630493164062
2025-05-30,164.36000061035156,165.8800048828125,162.5800018310547,165.5,3004200,156.87501525878906
2025-06-02,164.6699981689453,167.0500030517578,163.1699981689453,166.7899932861328,1318900,158.09780883789062
2025-06-03,166.39999389648438,168.74000549316406,164.94000244140625,168.52999877929688,1279900,159.7471160888672
2025-06-04,168.82000732421875,170.75999450683594,168.69000244140625,169.00999450683594,1364700,160.20211791992188
2025-06-05,168.92999267578125,170.4600067138672,167.66000366210938,169.99000549316406,1163900,161.13104248046875
2025-06-06,172.5399932861328,174.8800048828125,172.33999633789062,173.8800048828125,1865200,164.8183135986328
2025-06-09,173.4199981689453,174.63999938964844,170.02000427246094,172.3000030517578,2359300,163.32064819335938
2025-06-10,171.91000366210938,172.302001953125,167.10000610351562,168.5800018310547,1450100,159.7945098876953
2025-06-11,169.16000366210938,170.3000030517578,168.05999755859375,168.77999877929688,1415300,159.9840850830078
2025-06-12,166.52999877929688,171.1699981689453,166.14999389648438,170.80999755859375,2457000,161.90830993652344
2025-06-13,168.4600067138672,169.47000122070312,164.88999938964844,166.55999755859375,1143300,157.87979125976562
2025-06-16,167.32000732421875,170.4600067138672,166.81500244140625,167.02999877929688,750300,159.39712524414062
2025-06-17,165.6699981689453,166.58999633789062,163.61000061035156,165.17999267578125,1086900,157.63165283203125
2025-06-18,165.50999450683594,169.30499267578125,165.44000244140625,167.33999633789062,1497200,159.69297790527344
2025-06-20,168.7100067138672,169.27999877929688,165.6300048828125,165.75999450683594,2491600,158.18516540527344
2025-06-23,165.52999877929688,166.4600067138672,160.82000732421875,165.35000610351562,1119400,157.7938995361328
2025-06-24,167.6300048828125,170.25999450683594,167.03500366210938,169.82000732421875,1099300,162.0596466064453
2025-06-25,170.47000122070312,171.0050048828125,168.1199951171875,168.8000030517578,1233300,161.08624267578125
2025-06-26,169.52999877929688,172.0850067138672,168.69900512695312,171.11000061035156,877700,163.2906951904297
2025-06-27,172.49000549316406,175.64999389648438,171.41000366210938,173.17999267578125,1591500,165.26609802246094
2025-06-30,174.8000030517578,174.9290008544922,172.32000732421875,173.1999969482422,1491700,165.28517150878906
2025-07-01,172.5500030517578,175.94000244140625,171.1199951171875,174.72999572753906,2485400,166.74525451660156
2025-07-02,174.4499969482422,178.2899932861328,173.77000427246094,177.97999572753906,2546300,169.8467254638672
2025-07-03,178.83999633789062,179.94000244140625,176.6699981689453,177.9600067138672,684400,169.82765197753906
2025-07-07,177.9600067138672,178.58999633789062,172.6199951171875,174.86000061035156,1269700,166.8693084716797
2025-07-08,175.49000549316406,177.83999633789062,174.08399963378906,175.10000610351562,1033700,167.09837341308594
2025-07-09,176.52999877929688,178.5500030517578,175.4600067138672,176.97000122070312,927300,168.88290405273438
2025-07-10,177.52000427246094,180.1999969482422,177.0399932861328,180.1300048828125,980100,171.89849853515625
2025-07-11,178.6199951171875,179.2469940185547,177.1199951171875,177.3699951171875,713900,169.2646026611328
2025-07-14,177.47999572753906,181.54800415039062,176.75,180.33999633789062,1331600,172.09889221191406
2025-07-15,179.92999267578125,180.08999633789062,174.36000061035156,174.49000549316406,1090300,166.5162353515625
2025-07-16,175.77999877929688,180.02000427246094,174.74000549316406,179.9199981689453,1747000,171.6980743408203
2025-07-17,178.97000122070312,184.41000366210938,178.33999633789062,183.1699981689453,1868000,174.79957580566406
2025-07-18,184.77000427246094,185.57000732421875,182.26499938964844,183.1199951171875,2397900,174.75186157226562
2025-07-21,183.63999938964844,183.63999938964844,178.3800048828125,178.88999938964844,1653400,170.71514892578125
2025-07-22,178.6199951171875,179.57000732421875,175.39999389648438,178.25,1266400,170.10440063476562
2025-07-23,180.0,180.75999450683594,178.7239990234375,180.57000732421875,871800,172.31838989257812
2025-07-24,181.19000244140625,183.6300048828125,179.52999877929688,182.33999633789062,1222700,174.00747680664062
2025-07-25,183.61000061035156,186.4199981689453,181.4499969482422,186.22000122070312,1320300,177.71017456054688
2025-07-28,186.22000122070312,187.85000610351562,185.61000061035156,187.36000061035156,1335400,178.79808044433594
2025-07-29,188.22000122070312,189.17999267578125,185.68499755859375,187.92999267578125,1243900,179.34205627441406
2025-07-30,188.99000549316406,190.0800018310547,186.4600067138672,187.72999572753906,951800,179.1511688232422
2025-07-31,188.19000244140625,189.36000061035156,184.13999938964844,185.52999877929688,1802800,177.05169677734375
2025-08-01,179.88999938964844,183.22000122070312,173.6999969482422,182.8300018310547,2193800,174.47511291503906
2025-08-04,184.3000030517578,189.0,182.9600067138672,188.5500030517578,1381600,179.9337158203125
2025-08-05,189.9199981689453,191.91000366210938,185.05999755859375,187.97999572753906,1602700,179.3897705078125
2025-08-06,188.24000549316406,191.52000427246094,187.83999633789062,189.2899932861328,1390600,180.63990783691406
2025-08-07,191.5,191.5,185.7100067138672,186.9499969482422,1240800,178.40684509277344
2025-08-08,188.39999389648438,189.8699951171875,187.21499633789062,188.42999267578125,952900,179.81919860839844
2025-08-11,188.07000732421875,189.125,186.5399932861328,186.5500030517578,751700,178.02511596679688
2025-08-12,187.83999633789062,193.14999389648438,186.64999389648438,192.75999450683594,1278900,183.9513397216797
2025-08-13,194.24000549316406,195.25999450683594,187.35000610351562,190.94000244140625,1194100,182.2144775390625
2025-08-14,190.13999938964844,191.9499969482422,188.77999877929688,190.4499969482422,885700,181.74688720703125
2025-08-15,190.3000030517578,191.3800048828125,187.42999267578125,187.77999877929688,928300,179.1988983154297
2025-08-18,187.86000061035156,190.60000610351562,186.72999572753906,189.27000427246094,1388800,180.62083435058594
2025-08-19,188.52999877929688,189.75999450683594,179.3699951171875,180.58999633789062,2409200,172.33746337890625
2025-08-20,179.27999877929688,180.5,175.94000244140625,178.92999267578125,1709400,170.75332641601562
2025-08-21,178.22000122070312,179.1300048828125,177.42999267578125,178.25999450683594,1041500,170.11395263671875
2025-08-22,178.41000366210938,183.94000244140625,178.2899932861328,181.07000732421875,1500300,172.79556274414062
2025-08-25,181.25999450683594,181.25999450683594,176.97999572753906,178.1300048828125,1564700,169.98988342285156
2025-08-26,177.80999755859375,179.38999938964844,177.02000427246094,178.92999267578125,1971500,170.75332641601562
2025-08-27,178.6300048828125,180.94000244140625,178.6300048828125,179.50999450683594,1556100,171.3068084716797
2025-08-28,180.1199951171875,181.76499938964844,180.1199951171875,180.27000427246094,1024300,172.03207397460938
2025-08-29,180.27000427246094,180.9499969482422,178.1300048828125,179.1999969482422,899200,171.010986328125
2025-09-02,175.94000244140625,179.89999389648438,173.42999267578125,179.77999877929688,1430700,171.56448364257812
2025-09-03,178.6699981689453,179.8300018310547,174.97000122070312,176.82000732421875,1244000,168.73976135253906
2025-09-04,177.6999969482422,180.18499755859375,176.47500610351562,180.0500030517578,1171300,171.8221435546875
2025-09-05,181.36000061035156,181.86000061035156,174.52999877929688,177.30999755859375,1638800,169.2073516845703
2025-09-08,177.0,177.64500427246094,173.36000061035156,176.25,1731200,168.19580078125
2025-09-09,175.3699951171875,176.64999389648438,174.8699951171875,175.07000732421875,979900,167.06973266601562
2025-09-10,175.5800018310547,179.8800048828125,175.02000427246094,178.92999267578125,1202700,170.75332641601562
2025-09-11,179.10000610351562,185.13999938964844,178.64500427246094,184.7100067138672,1412400,176.26919555664062
2025-09-12,185.1999969482422,185.82000732421875,182.7899932861328,182.7899932861328,837100,174.43692016601562
2025-09-15,184.1699981689453,184.27999877929688,178.9499969482422,179.9199981689453,1311900,171.6980743408203
2025-09-16,179.1999969482422,179.99000549316406,176.6999969482422,178.61000061035156,1120300,171.515625
2025-09-17,178.4600067138672,182.11500549316406,177.63999938964844,178.88999938964844,1175500,171.7845001220703
2025-09-18,180.4199981689453,185.94000244140625,180.4199981689453,183.4199981689453,1365900,176.1345977783203
2025-09-19,183.39999389648438,183.85000610351562,180.80999755859375,183.0,2112000,175.73126220703125
2025-09-22,181.5399932861328,182.4199981689453,179.51699829101562,181.99000549316406,1053800,174.76138305664062
2025-09-23,182.14999389648438,186.85000610351562,180.3699951171875,181.14999389648438,1056400,173.95474243164062
2025-09-24,181.30999755859375,181.30999755859375,167.7530059814453,168.22999572753906,1889200,161.5479278564453
2025-09-25,164.75999450683594,166.80999755859375,162.85000610351562,163.32000732421875,2265500,156.83294677734375
2025-09-26,164.82000732421875,166.1699981689453,162.8300018310547,163.0500030517578,2619200,156.5736846923828
2025-09-29,164.86000061035156,165.27000427246094,162.50999450683594,163.4199981689453,1807600,156.92897033691406
2025-09-30,163.13999938964844,164.25999450683594,154.50999450683594,159.88999938964844,3514200,153.5391845703125
2025-10-01,157.50999450683594,158.42999267578125,153.9250030517578,154.13999938964844,2313200,148.01756286621094
2025-10-02,153.77999877929688,154.13999938964844,149.66000366210938,150.61000061035156,4022500,144.62779235839844
2025-10-03,151.58999633789062,153.27999877929688,149.1699981689453,152.39999389648438,4091700,146.3466796875
2025-10-06,152.97000122070312,153.5,148.86000061035156,150.10000610351562,2077900,144.1380615234375
2025-10-07,150.52999877929688,151.2100067138672,146.6699981689453,148.63999938964844,2171300,142.7360382080078
2025-10-08,149.41000366210938,149.85000610351562,147.49000549316406,149.8000030517578,1927100,143.84996032714844
2025-10-09,149.97999572753906,151.44000244140625,146.10000610351562,147.25999450683594,1799300,141.4108428955078
2025-10-10,147.8000030517578,148.5,140.72000122070312,140.8800048828125,1997500,135.28427124023438
2025-10-13,144.0,145.09800720214844,142.36000061035156,143.6300048828125,1790000,137.92503356933594
2025-10-14,142.47000122070312,151.75,141.50999450683594,149.5800018310547,3758400,143.63870239257812
2025-10-15,153.47999572753906,154.7100067138672,149.02499389648438,151.08999633789062,2795300,145.08872985839844
2025-10-16,151.08999633789062,151.55999755859375,141.22000122070312,141.24000549316406,2161000,135.62997436523438
2025-10-17,141.4600067138672,142.5399932861328,139.1999969482422,141.8699951171875,2644000,136.23492431640625
2025-10-20,143.92999267578125,148.19000244140625,143.0800018310547,146.61000061035156,1392300,140.78665161132812
2025-10-21,146.3300018310547,150.72000122070312,145.9499969482422,150.11000061035156,1844600,144.1476593017578
2025-10-22,150.7100067138672,151.66000366210938,148.50599670410156,150.10000610351562,1510400,144.1380615234375
2025-10-23,150.25,151.99000549316406,146.52000427246094,148.42999267578125,1668200,142.53439331054688
2025-10-24,150.75,151.67999267578125,149.1300048828125,149.33999633789062,1758400,143.40823364257812
2025-10-27,150.85000610351562,152.13999938964844,150.3699951171875,150.97000122070312,2031000,144.97348022460938
2025-10-28,152.35000610351562,152.89999389648438,149.27499389648438,150.92999267578125,1996200,144.93507385253906
2025-10-29,149.14999389648438,153.52999877929688,147.7760009765625,150.52000427246094,1954100,144.5413818359375
2025-10-30,149.92999267578125,151.05999755859375,146.27099609375,147.2899932861328,2639400,141.43966674804688
2025-10-31,145.5500030517578,149.0,144.1300048828125,148.7100067138672,3410400,142.8032684326172
2025-11-03,154.32000732421875,159.07000732421875,151.3699951171875,155.5,4049100,149.32357788085938
2025-11-04,156.52000427246094,158.14999389648438,152.52000427246094,153.00999450683594,1906800,146.9324493408203
2025-11-05,151.02999877929688,154.3000030517578,149.17999267578125,153.25,1530800,147.1629180908203
2025-11-06,152.91000366210938,154.49000549316406,149.64999389648438,151.25999450683594,1501500,145.251953125
2025-11-07,149.4600067138672,153.97999572753906,146.9600067138672,153.8800048828125,1235200,147.76791381835938
2025-11-10,155.8000030517578,156.88299560546875,152.74000549316406,153.33999633789062,1415100,147.2493438720703
2025-11-11,153.8000030517578,155.4499969482422,152.39999389648438,153.8699951171875,1758500,147.75831604003906
2025-11-12,154.94000244140625,158.42999267578125,153.38999938964844,153.69000244140625,1553800,147.58546447753906
2025-11-13,151.58999633789062,153.4499969482422,147.49000549316406,148.47000122070312,2070400,142.57276916503906
2025-11-14,146.2899932861328,149.42999267578125,144.75999450683594,146.39999389648438,1775900,140.58499145507812
2025-11-17,146.33999633789062,147.22000122070312,140.08999633789062,142.05999755859375,2345100,136.41738891601562
2025-11-18,140.50999450683594,143.75,139.42999267578125,142.69000244140625,2298200,137.02236938476562
2025-11-19,142.5,145.5399932861328,140.41000366210938,145.1699981689453,1393100,139.4038543701172
2025-11-20,147.74000549316406,150.0989990234375,143.32000732421875,144.30999755859375,1079100,138.57803344726562
2025-11-21,144.86000061035156,148.30999755859375,142.89999389648438,147.42999267578125,1424100,141.57408142089844
2025-11-24,147.49000549316406,150.52999877929688,146.77499389648438,150.11000061035156,1694200,144.1476593017578
2025-11-25,149.6699981689453,153.86000061035156,147.67999267578125,152.8699951171875,1384600,146.7980194091797
2025-11-26,153.10000610351562,155.3300018310547,152.1300048828125,154.5500030517578,1103400,148.41128540039062
2025-11-28,155.1999969482422,157.11000061035156,154.38999938964844,156.85000610351562,753300,150.6199493408203
2025-12-01,154.52999877929688,161.0500030517578,153.55999755859375,159.50999450683594,2114500,153.17428588867188
2025-12-02,160.69000244140625,161.69000244140625,158.55999755859375,159.9199981689453,1565800,153.56800842285156
2025-12-03,159.61000061035156,163.7899932861328,159.25999450683594,162.0500030517578,1715400,155.6134033203125
2025-12-04,163.64999389648438,163.9600067138672,160.7899932861328,163.07000732421875,1745100,156.5928955078125
2025-12-05,162.60000610351562,165.4600067138672,162.30999755859375,165.4600067138672,1349300,158.88795471191406
2025-12-08,162.16000366210938,165.52499389648438,160.0,164.25999450683594,2344100,157.73561096191406
2025-12-09,178.80999755859375,179.7050018310547,173.52999877929688,176.1999969482422,15485800,169.20135498046875
2025-12-10,178.5800018310547,181.19000244140625,174.7100067138672,178.27999877929688,47940600,171.19874572753906
2025-12-11,178.0,179.8800048828125,174.88999938964844,176.8699951171875,4140800,169.84474182128906
2025-12-12,178.2100067138672,178.2100067138672,171.0500030517578,173.77999877929688,3332300,166.87747192382812
2025-12-15,174.3800048828125,175.67999267578125,172.02999877929688,172.67999267578125,2785100,165.82115173339844
2025-12-16,172.94000244140625,174.63999938964844,171.09500122070312,173.61000061035156,2884400,166.7142333984375
2025-12-17,172.4499969482422,173.8249969482422,167.94000244140625,168.50999450683594,3255900,162.8675079345703
2025-12-18,169.83999633789062,171.07000732421875,166.58999633789062,166.66000366210938,2757100,161.07945251464844
2025-12-19,166.0,167.38999938964844,162.0800018310547,165.67999267578125,5186100,160.13226318359375
2025-12-22,167.05999755859375,171.91000366210938,166.7449951171875,170.2899932861328,1942200,164.58790588378906
2025-12-23,170.0,171.0800018310547,168.49000549316406,168.74000549316406,1502300,163.08981323242188
2025-12-24,169.1699981689453,169.69000244140625,168.13999938964844,169.05999755859375,644600,163.39907836914062
2025-12-26,168.80999755859375,169.85000610351562,168.01499938964844,168.72999572753906,765600,163.0801239013672
2025-12-29,168.52999877929688,170.07000732421875,167.55999755859375,169.0500030517578,1648100,163.38941955566406
2025-12-30,169.00999450683594,169.00999450683594,163.11000061035156,163.22999572753906,1852700,157.76429748535156
2025-12-31,163.1999969482422,164.0500030517578,161.52000427246094,161.6300048828125,1247300,156.2178955078125
2026-01-02,162.67999267578125,166.5500030517578,161.22000122070312,166.3300018310547,1310000,160.76051330566406
2026-01-05,166.33999633789062,173.44000244140625,166.33999633789062,172.0500030517578,1761500,166.28897094726562
2026-01-06,170.85000610351562,176.5500030517578,170.10000610351562,176.0,1641600,170.10670471191406
2026-01-07,175.49000549316406,175.9199981689453,170.0,170.8000030517578,1921700,165.08082580566406
2026-01-08,169.89999389648438,177.67999267578125,169.5399932861328,175.75,1746000,169.86508178710938
2026-01-09,176.74000549316406,177.72500610351562,175.14999389648438,175.91000366210938,1234700,170.01971435546875
2026-01-12,173.3800048828125,177.6300048828125,173.11000061035156,174.2899932861328,1321300,168.45394897460938
2026-01-13,173.7100067138672,174.49000549316406,167.47000122070312,169.2100067138672,2580300,163.5440673828125
2026-01-14,168.4600067138672,170.25999450683594,166.42999267578125,169.9199981689453,1968700,164.23028564453125
2026-01-15,171.3800048828125,173.30999755859375,169.33999633789062,169.57000732421875,1663900,163.89202880859375
2026-01-16,168.88999938964844,171.17999267578125,168.28500366210938,169.69000244140625,1504200,164.00799560546875
2026-01-20,167.22000122070312,170.2239990234375,163.0500030517578,163.16000366210938,1835700,157.6966552734375
2026-01-21,165.10000610351562,166.43800354003906,162.24000549316406,162.33999633789062,2469700,156.9040985107422
2026-01-22,163.94000244140625,165.16000366210938,160.44000244140625,161.52000427246094,1893200,156.111572265625
2026-01-23,160.64999389648438,162.2519989013672,155.74000549316406,155.88999938964844,1836400,150.6700897216797
2026-01-26,154.58999633789062,155.09500122070312,149.55999755859375,149.69000244140625,3796900,144.6776885986328
2026-01-27,149.0500030517578,150.0,145.4600067138672,149.3800048828125,3832100,144.37808227539062
2026-01-28,150.0,150.41000366210938,147.7050018310547,149.8000030517578,1528200,144.78399658203125
2026-01-29,150.8000030517578,152.56300354003906,148.8300018310547,151.69000244140625,3197100,146.61073303222656
2026-01-30,150.13999938964844,152.19000244140625,147.9600067138672,149.6699981689453,2996900,144.65834045410156
2026-02-02,149.02000427246094,150.6300048828125,144.38999938964844,146.47000122070312,3816300,141.5655059814453
2026-02-03,144.83999633789062,145.0,128.25,131.60000610351562,8758100,127.19342041015625
2026-02-04,130.2100067138672,138.75999450683594,125.93000030517578,137.22000122070312,7951300,132.625244140625
2026-02-05,131.97999572753906,134.11000061035156,119.4000015258789,121.87000274658203,10939100,117.78923034667969
2026-02-06,129.5800018310547,131.4199981689453,126.0,130.4600067138672,6751500,126.09160614013672
2026-02-09,132.86000061035156,137.6699981689453,131.02000427246094,137.25,3820900,132.65423583984375
2026-02-10,137.0,138.30799865722656,135.0,136.99000549316406,3680000,132.40293884277344
2026-02-11,139.72000122070312,140.99000549316406,134.3000030517578,137.3800048828125,3603700,132.77989196777344
2026-02-12,138.35000610351562,139.14500427246094,132.0,133.94000244140625,3680400,129.455078125
2026-02-13,134.67999267578125,135.9499969482422,132.66000366210938,133.8800048828125,2340300,129.39707946777344
2026-02-17,133.83999633789062,135.0800018310547,128.10499572753906,130.41000366210938,3593500,126.04327392578125
2026-02-18,130.97999572753906,134.53500366210938,130.97999572753906,133.97000122070312,1930700,129.4840545654297
2026-02-19,129.5,130.14999389648438,124.1500015258789,129.85000610351562,5059700,125.50202941894531
2026-02-20,126.38999938964844,130.14999389648438,122.44000244140625,123.16000366210938,5807700,119.0360336303711
2026-02-23,120.5199966430664,121.02999877929688,112.69000244140625,114.56999969482422,7509900,110.7336654663086
2026-02-24,113.80999755859375,118.89600372314453,113.25,117.16000366210938,3853100,113.2369384765625
2026-02-25,118.73999786376953,120.63999938964844,115.47000122070312,119.18000030517578,4177600,115.18930053710938
2026-02-26,120.91000366210938,121.75900268554688,115.19000244140625,118.08000183105469,3808100,114.12613677978516
2026-02-27,114.02999877929688,114.25,108.66999816894531,112.01000213623047,6042500,108.25938415527344
2026-03-02,109.27999877929688,114.51000213623047,108.94000244140625,113.36000061035156,3317300,109.5641860961914
2026-03-03,107.4000015258789,114.66999816894531,106.0199966430664,112.6500015258789,3564900,108.87796020507812
2026-03-04,113.4000015258789,117.02999877929688,112.31999969482422,116.20999908447266,2949800,112.3187484741211
2026-03-05,116.04000091552734,119.37999725341797,115.37999725341797,117.04000091552734,2540700,113.12095642089844
2026-03-06,113.23999786376953,113.58999633789062,108.23999786376953,110.01000213623047,4737500,106.32635498046875
2026-03-09,107.36000061035156,109.66000366210938,106.45099639892578,108.8499984741211,3764200,105.2052001953125
2026-03-10,109.38999938964844,110.91999816894531,105.47000122070312,108.68000030517578,3688200,105.0408935546875
2026-03-11,107.80000305175781,109.5999984741211,100.25,103.45999908447266,5268700,99.99568176269531
2026-03-12,100.44999694824219,103.625,95.80000305175781,96.5,8985900,93.26873779296875
2026-03-13,97.9800033569336,102.80999755859375,97.52999877929688,101.76000213623047,5194900,98.35260772705078
2026-03-16,102.1500015258789,103.95999908447266,98.80000305175781,100.51000213623047,4379200,97.14446258544922
2026-03-17,101.2699966430664,105.91000366210938,101.2699966430664,105.66999816894531,5535300,103.52214050292969
2026-03-18,104.80999755859375,110.38999938964844,103.75,105.97000122070312,4215800,103.81603240966797
2026-03-19,104.2300033569336,108.58000183105469,103.50299835205078,107.98999786376953,3459400,105.79497528076172
2026-03-20,107.91999816894531,107.91999816894531,105.02999877929688,105.87000274658203,11591500,103.71807098388672
2026-03-23,110.87000274658203,111.70999908447266,106.23999786376953,107.12000274658203,3407900,104.94266510009766
2026-03-24,102.98999786376953,107.44999694824219,102.22899627685547,106.04000091552734,4051700,103.88461303710938
2026-03-25,108.18000030517578,109.59200286865234,104.68499755859375,106.5,2150100,104.33526611328125
2026-03-26,105.91000366210938,109.45999908447266,104.93499755859375,107.91999816894531,2295700,105.72639465332031
2026-03-27,106.91999816894531,108.7699966430664,104.0,106.27999877929688,3383400,104.11973571777344
2026-03-30,105.91999816894531,110.08000183105469,105.5,107.66000366210938,2534200,105.47168731689453
2026-03-31,109.54000091552734,110.48899841308594,106.36000061035156,109.0999984741211,2986800,106.88241577148438
2026-04-01,109.16000366210938,109.98999786376953,104.83000183105469,105.80000305175781,2938400,103.64949798583984
2026-04-02,103.33999633789062,106.33999633789062,100.19000244140625,102.43000030517578,5074300,100.34799194335938
2026-04-06,102.93000030517578,104.55000305175781,102.2300033569336,102.83000183105469,2171900,100.73986053466797
2026-04-07,101.51000213623047,103.7300033569336,100.98999786376953,102.23999786376953,3152800,100.16184997558594
2026-04-08,106.30999755859375,109.5,100.25,104.83000183105469,6225100,102.69921112060547
2026-04-09,103.3499984741211,105.48999786376953,102.8010025024414,104.80000305175781,2625100,102.6698226928711
2026-04-10,104.87999725341797,104.87999725341797,98.44000244140625,100.45999908447266,4432700,98.41802978515625
2026-04-13,99.9000015258789,107.05000305175781,99.5999984741211,106.68000030517578,3963700,104.51160430908203
2026-04-14,108.80000305175781,113.69000244140625,108.69000244140625,112.61000061035156,4081200,110.3210678100586
2026-04-15,114.4000015258789,120.29000091552734,114.29000091552734,119.27999877929688,5099000,116.8554916381836
2026-04-16,121.0,121.77999877929688,115.88999938964844,116.22000122070312,3718300,113.85769653320312
2026-04-17,118.19000244140625,121.19999694824219,117.0199966430664,117.77999877929688,4030700,115.385986328125
2026-04-20,116.01000213623047,119.51000213623047,116.0,118.7699966430664,1853400,116.3558578491211
2026-04-21,119.54000091552734,123.45999908447266,118.08999633789062,119.83999633789062,2454500,117.40410614013672
2026-04-22,121.51000213623047,123.0,119.32499694824219,121.05000305175781,2200700,118.58952331542969
2026-04-23,119.0,119.04000091552734,112.63999938964844,114.77999877929688,2997000,112.44696807861328
2026-04-24,114.95999908447266,116.5,113.58999633789062,115.2300033569336,1615500,112.8878173828125
2026-04-27,114.5,116.5,110.75,112.18000030517578,3118700,109.89981079101562
2026-04-28,113.86000061035156,114.36000061035156,110.17500305175781,113.01000213623047,2999000,110.71293640136719
2026-04-29,111.44000244140625,111.87999725341797,109.0,110.86000061035156,2434700,108.60664367675781
2026-04-30,110.02999877929688,117.86000061035156,108.77999877929688,117.4000015258789,4818400,115.01371002197266
2026-05-01,120.0999984741211,124.80999755859375,114.94000244140625,119.0,4531600,116.58118438720703
2026-05-04,120.41000366210938,125.18000030517578,119.70999908447266,119.9800033569336,3384200,117.54127502441406
2026-05-05,120.44999694824219,123.91999816894531,118.76499938964844,122.95999908447266,3435600,120.460693359375
2026-05-06,124.4000015258789,125.5,121.4000015258789,123.86000061035156,3057200,121.3424072265625
2026-05-07,124.0999984741211,125.01000213623047,122.08999633789062,123.1500015258789,3267600,120.64683532714844
2026-05-08,123.55999755859375,127.82499694824219,121.86499786376953,126.25,4015300,123.68382263183594
2026-05-11,126.20999908447266,127.37000274658203,123.0,124.61000061035156,3767300,122.07716369628906
2026-05-12,124.13999938964844,125.98999786376953,121.51000213623047,123.66000366210938,2732400,121.14646911621094
2026-05-13,122.1500015258789,124.79000091552734,120.11000061035156,123.18000030517578,2765500,120.67622375488281
2026-05-14,124.70999908447266,129.35000610351562,124.0999984741211,128.52999877929688,2394500,125.91748046875
2026-05-15,127.7249984741211,128.7899932861328,123.20999908447266,123.41000366210938,2895300,120.90155029296875
2026-05-18,122.26000213623047,124.94999694824219,121.70500183105469,123.69999694824219,1560900,121.18565368652344
2026-05-19,123.12999725341797,124.04499816894531,120.7699966430664,121.11000061035156,2065900,118.64830017089844
2026-05-20,121.41999816894531,124.0999984741211,118.80999755859375,122.11000061035156,1864600,119.62797546386719
2026-05-21,121.58000183105469,124.6500015258789,121.12999725341797,123.98999786376953,1558400,121.46975708007812
2026-05-22,124.66999816894531,126.0,123.5979995727539,124.41000366210938,1751000,121.8812255859375
2026-05-26,125.16000366210938,128.99000549316406,124.2699966430664,125.27999877929688,2133500,122.7335433959961
2026-05-27,125.79000091552734,128.3300018310547,125.27999877929688,126.58000183105469,2285200,124.00711822509766
2026-05-28,125.43000030517578,127.80000305175781,123.98999786376953,126.0,2318200,123.43890380859375
2026-05-29,125.56999969482422,130.14999389648438,124.9000015258789,128.5,4281200,125.8880844116211
2026-06-01,127.62000274658203,131.6999969482422,126.77999877929688,128.74000549316406,3193200,126.12322235107422
2026-06-02,128.22999572753906,130.0500030517578,126.4749984741211,128.27999877929688,3552700,125.67256164550781
2026-06-03,121.0999984741211,123.51000213623047,120.0,123.0999984741211,3704900,120.59784698486328
2026-06-04,125.2300033569336,131.3000030517578,124.4520034790039,130.5,2127100,127.8474349975586
2026-06-05,129.85000610351562,130.4600067138672,124.2300033569336,125.6500015258789,1850500,123.09602355957031
2026-06-08,126.08000183105469,128.5399932861328,125.20999908447266,126.87000274658203,1828800,124.29122161865234
2026-06-09,128.10000610351562,131.9199981689453,126.93000030517578,130.61000061035156,2100700,127.9552001953125
2026-06-10,129.60000610351562,133.38999938964844,128.0749969482422,128.30999755859375,1592300,125.70195007324219
2026-06-11,127.81999969482422,132.88999938964844,126.68000030517578,132.82000732421875,1877100,130.12030029296875
2026-06-12,134.67999267578125,137.5,133.42999267578125,134.89999389648438,1500800,132.15798950195312
2026-06-15,138.83999633789062,141.89999389648438,135.16000366210938,135.36000061035156,2319700,132.608642578125
2026-06-16,135.3000030517578,137.50999450683594,134.55999755859375,134.97999572753906,2306100,133.56851196289062
2026-06-17,134.13999938964844,136.77099609375,128.1199951171875,128.35000610351562,2554500,127.00784301757812
2026-06-18,130.0,131.3699951171875,127.71900177001953,129.33999633789062,4523700,127.98748016357422
2026-06-22,130.39999389648438,131.0749969482422,124.75,125.9000015258789,2257900,124.58345794677734
2026-06-23,124.01000213623047,125.06800079345703,117.31999969482422,120.77999877929688,3486100,119.51699829101562
2026-06-24,120.12000274658203,120.68000030517578,113.05000305175781,113.87000274658203,3864400,112.67926025390625
2026-06-25,113.72000122070312,118.16000366210938,111.69000244140625,112.47000122070312,2515700,111.29389953613281
2026-06-26,111.33999633789062,113.86000061035156,108.19999694824219,109.12999725341797,4221000,107.98882293701172
2026-06-29,110.80999755859375,112.04000091552734,105.79000091552734,107.5999984741211,3261800,106.47482299804688
2026-06-30,107.05999755859375,113.22000122070312,107.04000091552734,111.30999755859375,3043600,110.14602661132812
2026-07-01,112.3499984741211,115.36000061035156,111.16000366210938,113.62999725341797,2432600,112.44176483154297
2026-07-02,116.4800033569336,118.51000213623047,114.3499984741211,116.9000015258789,1638600,115.67757415771484
2026-07-06,117.91999816894531,121.87000274658203,117.17500305175781,121.83000183105469,2109600,120.55602264404297
2026-07-07,120.30999755859375,122.13999938964844,119.58999633789062,120.69999694824219,1633100,119.43783569335938
2026-07-08,118.36000061035156,119.09500122070312,116.5,118.0,1664400,116.76606750488281
2026-07-09,117.36000061035156,121.83000183105469,117.18499755859375,121.66000366210938,1670700,120.38780212402344
2026-07-10,124.08999633789062,125.08999633789062,121.3499984741211,121.80999755859375,1087100,120.53622436523438
2026-07-13,121.7300033569336,123.36000061035156,119.77999877929688,120.44999694824219,2182500,119.19044494628906
2026-07-14,119.27999877929688,122.18000030517578,119.27999877929688,120.30000305175781,1671600,119.04202270507812
2026-07-15,123.81999969482422,127.88999938964844,123.12000274658203,124.79000091552734,2458900,123.48506927490234
2026-07-16,123.6500015258789,127.46499633789062,122.1500015258789,125.43000030517578,1195300,124.11837768554688
2026-07-17,122.4000015258789,127.0,122.4000015258789,125.68000030517578,1945800,124.36576080322266
2026-07-20,125.33000183105469,125.44999694824219,120.42500305175781,121.2699966430664,1953200,120.00186920166016
2026-07-21,120.94000244140625,122.43099975585938,119.95999908447266,120.77999877929688,1238300,119.51699829101562
2026-07-22,120.16999816894531,122.31999969482422,118.83000183105469,119.56999969482422,1307800,118.31964874267578
2026-07-23,117.9800033569336,123.86000061035156,117.42500305175781,121.27999877929688,2015800,120.01177215576172
2026-07-24,121.4800033569336,126.58000183105469,120.62000274658203,126.51000213623047,1818200,125.18708038330078
2026-07-27,126.51000213623047,131.33999633789062,125.83000183105469,127.76000213623047,3179300,126.42401123046875
2026-07-28,127.77999877929688,129.50999450683594,126.56999969482422,127.9000015258789,2619400,126.56254577636719
2026-07-29,126.55999755859375,127.26000213623047,123.12000274658203,124.5999984741211,2745200,123.29705047607422
2026-07-30,124.75,124.98999786376953,121.66000366210938,124.12000274658203,2937400,122.82207489013672
2026-07-31,128.44000244140625,128.7449951171875,121.29000091552734,128.08999633789062,4178600,126.75055694580078
2026-08-03,128.9499969482422,139.22500610351562,128.9499969482422,138.57000732421875,3538200,137.1209716796875
2026-08-04,138.24000549316406,143.25,137.7899932861328,142.91000366210938,3459900,141.41558837890625
2026-08-05,144.22999572753906,145.99000549316406,137.88999938964844,139.77000427246094,2449000,138.3084259033203
2026-08-06,138.89999389648438,139.9600067138672,136.60000610351562,138.1699981689453,1393800,136.7251434326172
2026-08-07,138.1999969482422,140.8300018310547,136.47999572753906,136.85000610351562,1402500,135.41896057128906
2026-08-10,136.0,137.72000122070312,134.4199981689453,137.66000366210938,1725800,136.22048950195312
2026-08-11,138.0,144.8249969482422,137.5399932861328,143.11000061035156,3383000,141.61349487304688
2026-08-12,143.5500030517578,144.47999572753906,139.88999938964844,142.35000610351562,2024300,140.8614501953125
2026-08-13,142.5500030517578,149.8699951171875,142.25,149.4499969482422,3195400,147.88719177246094
2026-08-14,148.6300048828125,149.625,143.61000061035156,144.02000427246094,2021300,142.51397705078125
2026-08-17,143.35000610351562,143.35000610351562,139.57000732421875,141.33999633789062,1672100,139.86199951171875
2026-08-18,140.27999877929688,141.59500122070312,137.52000427246094,140.30999755859375,1475300,138.8427734375
2026-08-19,141.3800048828125,144.8699951171875,140.1300048828125,143.10000610351562,2308300,141.60360717773438
2026-08-20,142.9600067138672,144.07000732421875,139.75999450683594,140.22999572753906,2169500,138.76361083984375
2026-08-21,141.85000610351562,143.5050048828125,140.21499633789062,141.25,1422700,139.77294921875
2026-08-24,141.25,141.6699981689453,139.0800018310547,140.00999450683594,1573100,138.5458984375
2026-08-25,140.6300048828125,143.19000244140625,137.1199951171875,142.75999450683594,2863100,141.26715087890625
2026-08-26,141.9499969482422,144.36000061035156,141.60000610351562,141.97999572753906,1686400,140.49530029296875
2026-08-27,141.6999969482422,145.52999877929688,141.68499755859375,142.41000366210938,1985100,140.9208221435547
2026-08-28,142.6999969482422,144.08999633789062,141.8350067138672,142.52999877929688,1097000,141.03955078125
2026-08-31,141.66000366210938,144.13499450683594,141.2899932861328,143.1699981689453,1873300,141.67286682128906
2026-09-01,140.0,142.75,137.19000244140625,139.08999633789062,1529400,137.63552856445312
2026-09-02,138.0399932861328,141.5749969482422,137.25,138.05999755859375,1534700,136.61630249023438
2026-09-03,139.8000030517578,143.18499755859375,138.27999877929688,141.52000427246094,3172900,140.04013061523438
2026-09-04,138.3699951171875,141.25999450683594,136.1199951171875,140.14999389648438,1013800,138.68443298339844
2026-09-08,139.3800048828125,141.32000732421875,137.0,138.6199951171875,1836000,137.17044067382812
2026-09-09,138.22000122070312,138.25,133.57000732421875,134.3699951171875,2301700,132.9648895263672
2026-09-10,133.1699981689453,133.89999389648438,130.2100067138672,130.6300048828125,2679800,129.26400756835938
2026-09-11,132.94000244140625,134.16000366210938,130.1999969482422,131.63999938964844,1354400,130.263427734375
2026-09-14,130.58999633789062,132.92999267578125,129.89999389648438,131.52000427246094,1740300,130.1446990966797
2026-09-15,131.52000427246094,131.7519989013672,128.08999633789062,129.10000610351562,1352300,127.75
2026-09-16,127.95999908447266,128.61000061035156,121.29000091552734,124.20999908447266,1803100,124.20999908447266
2026-09-17,125.91999816894531,128.5500030517578,124.73500061035156,125.31999969482422,1551500,125.31999969482422
2026-09-18,124.58000183105469,125.95999908447266,122.86000061035156,123.80000305175781,7911900,123.80000305175781
2026-09-21,126.43000030517578,127.94999694824219,125.05000305175781,126.66999816894531,1615300,126.66999816894531
2026-09-22,130.64999389648438,130.64999389648438,124.19999694824219,124.72000122070312,2370000,124.72000122070312
2026-09-23,123.37000274658203,123.95500183105469,121.20999908447266,121.4800033569336,1637400,121.4800033569336
2026-09-24,121.30000305175781,121.3499984741211,116.30000305175781,120.11000061035156,3149000,120.11000061035156
2026-09-25,120.13999938964844,124.02200317382812,119.6500015258789,122.01000213623047,1575600,122.01000213623047
2026-09-28,120.69000244140625,120.69000244140625,117.47000122070312,118.33999633789062,2455400,118.33999633789062
2026-09-29,118.30000305175781,119.58000183105469,117.61000061035156,118.97000122070312,2167600,118.97000122070312
2026-09-30,118.97000122070312,119.5199966430664,115.41000366210938,116.16999816894531,2079700,116.16999816894531
2026-10-01,116.51000213623047,119.18000030517578,113.05999755859375,116.56999969482422,2330000,116.56999969482422
