date,open,high,low,close,volume,adjclose
2021-10-04,837.1199951171875,844.0399780273438,818.72998046875,825.5599975585938,596000,731.26171875
2021-10-05,829.1400146484375,843.8400268554688,822.9099731445312,838.780029296875,445200,742.9717407226562
2021-10-06,828.9199829101562,837.8099975585938,820.9600219726562,837.5499877929688,472500,741.8822631835938
2021-10-07,845.52001953125,855.0599975585938,841.4600219726562,842.3499755859375,434000,746.1339721679688
2021-10-08,839.9600219726562,846.6599731445312,836.5800170898438,844.4000244140625,350300,747.9498901367188
2021-10-11,841.0800170898438,860.6099853515625,838.6300048828125,839.72998046875,531600,743.8131713867188
2021-10-12,843.3900146484375,843.3900146484375,831.5599975585938,836.1900024414062,823300,740.6776123046875
2021-10-13,862.0,877.1300048828125,852.010009765625,867.8099975585938,1453900,768.68603515625
2021-10-14,882.0,896.719970703125,867.25,892.510009765625,802800,790.5646362304688
2021-10-15,904.6099853515625,915.22998046875,894.030029296875,907.260009765625,1023000,803.6298217773438
2021-10-18,902.0,907.1699829101562,894.510009765625,896.3099975585938,541000,793.9304809570312
2021-10-19,899.3200073242188,904.6400146484375,894.8300170898438,901.6500244140625,408400,798.6605224609375
2021-10-20,905.25,905.8099975585938,897.0599975585938,902.9299926757812,380500,799.7943115234375
2021-10-21,902.9299926757812,909.8499755859375,900.9000244140625,903.719970703125,333100,800.4940795898438
2021-10-22,904.7999877929688,916.0599975585938,900.010009765625,914.969970703125,372100,810.458984375
2021-10-25,918.5399780273438,931.9299926757812,912.02001953125,924.739990234375,452400,819.1129760742188
2021-10-26,933.5399780273438,938.9299926757812,928.3499755859375,931.5800170898438,377800,825.171875
2021-10-27,930.1900024414062,939.3499755859375,916.5900268554688,917.27001953125,452800,812.4963989257812
2021-10-28,916.239990234375,935.8300170898438,916.239990234375,935.47998046875,352200,828.6262817382812
2021-10-29,930.97998046875,947.8599853515625,930.5599975585938,943.4600219726562,484700,835.6948852539062
2021-11-01,947.1900024414062,949.3800048828125,929.6799926757812,936.22998046875,399200,829.2905883789062
2021-11-02,935.5499877929688,950.9199829101562,932.3499755859375,947.8499755859375,381700,839.58349609375
2021-11-03,952.1699829101562,953.75,944.2999877929688,951.7000122070312,387200,842.9935913085938
2021-11-04,955.9099731445312,964.0900268554688,947.1099853515625,954.0399780273438,351000,845.0663452148438
2021-11-05,962.3099975585938,967.9400024414062,951.3599853515625,955.1099853515625,340100,846.0140991210938
2021-11-08,960.0,966.8300170898438,957.510009765625,965.8699951171875,372400,855.5449829101562
2021-11-09,962.719970703125,971.780029296875,952.9000244140625,966.75,394100,856.3245849609375
2021-11-10,962.0,963.1599731445312,951.260009765625,959.2100219726562,340400,849.645751953125
2021-11-11,958.760009765625,969.3200073242188,958.010009765625,965.5999755859375,266900,855.3060302734375
2021-11-12,971.52001953125,973.1599731445312,962.3099975585938,971.489990234375,387500,860.523193359375
2021-11-15,971.010009765625,971.5,951.010009765625,953.239990234375,678600,844.3577880859375
2021-11-16,953.239990234375,956.6300048828125,941.22998046875,948.9500122070312,472100,840.557861328125
2021-11-17,944.4500122070312,946.3400268554688,922.1599731445312,931.5399780273438,677300,825.1362915039062
2021-11-18,934.8800048828125,940.530029296875,918.72998046875,922.77001953125,681600,817.3681640625
2021-11-19,922.4000244140625,925.489990234375,910.030029296875,914.9500122070312,738700,810.44140625
2021-11-22,920.0,929.9099731445312,912.969970703125,919.3300170898438,520600,814.321044921875
2021-11-23,922.27001953125,936.6599731445312,918.260009765625,935.4299926757812,686100,828.5819702148438
2021-11-24,932.3200073242188,939.4199829101562,925.0900268554688,930.719970703125,438900,824.4097900390625
2021-11-26,902.77001953125,914.0599975585938,896.8499755859375,901.6400146484375,543200,798.6516723632812
2021-11-29,914.780029296875,934.760009765625,905.8200073242188,928.0,610600,822.0007934570312
2021-11-30,919.6099853515625,924.989990234375,902.02001953125,904.6099853515625,1057500,801.2824096679688
2021-12-01,921.5,929.4400024414062,899.780029296875,900.3300170898438,707900,797.491455078125
2021-12-02,901.510009765625,924.0599975585938,901.1599731445312,918.8499755859375,630700,813.8958129882812
2021-12-03,923.0999755859375,924.0,887.780029296875,899.5700073242188,641300,796.8181762695312
2021-12-06,901.22998046875,905.9500122070312,890.4199829101562,896.7000122070312,442800,797.9393920898438
2021-12-07,911.7000122070312,924.47998046875,908.530029296875,920.9199829101562,616200,819.4918212890625
2021-12-08,928.47998046875,932.1599731445312,914.9400024414062,923.8599853515625,413500,822.10791015625
2021-12-09,918.8900146484375,926.9299926757812,914.6900024414062,919.0800170898438,376600,817.8543701171875
2021-12-10,925.9199829101562,929.2000122070312,919.47998046875,925.1599731445312,453500,823.2647705078125
2021-12-13,924.010009765625,925.5,914.1400146484375,917.6599731445312,463300,816.5907592773438
2021-12-14,910.0,915.4600219726562,893.0399780273438,902.3800048828125,828900,802.99365234375
2021-12-15,905.75,915.22998046875,891.0499877929688,914.9099731445312,465900,814.1436767578125
2021-12-16,925.4600219726562,933.0599975585938,916.3699951171875,921.5499877929688,474000,820.0524291992188
2021-12-17,917.72998046875,923.97998046875,903.4000244140625,913.5700073242188,724700,812.9512939453125
2021-12-20,899.9000244140625,900.9099731445312,884.3300170898438,897.2899780273438,549500,798.46435546875
2021-12-21,904.9099731445312,914.1900024414062,900.25,910.8699951171875,381500,810.5487670898438
2021-12-22,911.5599975585938,918.27001953125,908.02001953125,911.5399780273438,350300,811.144775390625
2021-12-23,913.780029296875,923.3400268554688,912.0900268554688,913.9199829101562,416300,813.2626342773438
2021-12-27,918.7999877929688,923.1300048828125,912.0,922.5700073242188,410900,820.9600830078125
2021-12-28,923.780029296875,929.0599975585938,921.1300048828125,921.8200073242188,385200,820.2927856445312
2021-12-29,921.27001953125,922.9600219726562,907.6799926757812,909.719970703125,392000,809.525390625
2021-12-30,911.719970703125,918.0599975585938,906.469970703125,913.760009765625,315900,813.1204223632812
2021-12-31,915.3400268554688,919.8200073242188,913.5,915.5599975585938,215100,814.7222290039062
2022-01-03,918.3400268554688,922.0700073242188,905.4299926757812,911.72998046875,470800,811.3139038085938
2022-01-04,917.719970703125,927.47998046875,916.5599975585938,917.219970703125,495800,816.1994018554688
2022-01-05,918.1500244140625,925.5,890.8300170898438,891.77001953125,573300,793.55224609375
2022-01-06,893.3599853515625,898.1799926757812,884.030029296875,895.489990234375,637000,796.8626098632812
2022-01-07,895.27001953125,896.6300048828125,884.0,892.27001953125,643300,793.997314453125
2022-01-10,888.7000122070312,889.8699951171875,862.8400268554688,873.3400268554688,788500,777.152099609375
2022-01-11,871.75,888.9099731445312,861.77001953125,888.1900024414062,744500,790.3665161132812
2022-01-12,895.5499877929688,899.969970703125,880.8599853515625,885.1099853515625,650900,787.6257934570312
2022-01-13,890.72998046875,891.1599731445312,864.1199951171875,867.5800170898438,795900,772.026611328125
2022-01-14,845.0,858.75,832.8699951171875,848.5999755859375,1239700,755.1368408203125
2022-01-18,835.0,839.9500122070312,824.1900024414062,832.0,1018400,740.365234375
2022-01-19,840.0,840.0,825.0,825.5,795100,734.5812377929688
2022-01-20,828.1599731445312,846.6699829101562,823.739990234375,826.5499877929688,945800,735.5155029296875
2022-01-21,825.9000244140625,825.9000244140625,798.7899780273438,800.9199829101562,1248100,712.708251953125
2022-01-24,779.5599975585938,788.4099731445312,754.0499877929688,786.8200073242188,1688700,700.1611938476562
2022-01-25,774.010009765625,805.7000122070312,763.8699951171875,798.5499877929688,1220000,710.599365234375
2022-01-26,811.0,819.969970703125,784.0900268554688,795.469970703125,942700,707.858642578125
2022-01-27,807.6599731445312,814.5700073242188,783.6900024414062,787.9600219726562,696600,701.17578125
2022-01-28,784.75,808.5900268554688,772.6500244140625,808.1400146484375,602800,719.1331787109375
2022-01-31,805.2100219726562,823.6699829101562,805.010009765625,822.9400024414062,611200,732.3031616210938
2022-02-01,827.9099731445312,831.3200073242188,820.5700073242188,825.9500122070312,631900,734.981689453125
2022-02-02,830.0499877929688,830.1599731445312,815.530029296875,822.510009765625,1030400,731.9205932617188
2022-02-03,816.5,823.72998046875,802.489990234375,805.77001953125,582600,717.0240478515625
2022-02-04,802.0,817.4400024414062,797.2999877929688,809.8200073242188,667400,720.6280517578125
2022-02-07,810.0,824.760009765625,803.739990234375,816.9199829101562,568500,726.9461059570312
2022-02-08,815.97998046875,817.8800048828125,801.280029296875,807.3900146484375,971600,718.4656372070312
2022-02-09,819.25,824.8699951171875,812.969970703125,813.0,1197800,723.4578247070312
2022-02-10,803.72998046875,810.0499877929688,770.2100219726562,778.1900024414062,2082100,692.4818115234375
2022-02-11,783.1799926757812,784.989990234375,768.260009765625,772.489990234375,1271900,687.4096069335938
2022-02-14,765.0,773.8699951171875,752.9500122070312,760.3099975585938,951400,676.5709228515625
2022-02-15,776.2000122070312,784.25,774.4500122070312,781.1900024414062,550400,695.1513061523438
2022-02-16,777.1699829101562,787.75,776.5499877929688,783.4199829101562,627200,697.1357421875
2022-02-17,773.8099975585938,777.6099853515625,760.9299926757812,762.5,497600,678.5196533203125
2022-02-18,760.5999755859375,765.489990234375,752.4500122070312,756.02001953125,494300,672.7536010742188
2022-02-22,750.0,758.4000244140625,736.75,745.47998046875,690100,663.374267578125
2022-02-23,751.0,757.4500122070312,731.1699829101562,732.489990234375,814100,651.8151245117188
2022-02-24,710.280029296875,734.6699829101562,705.3699951171875,731.7899780273438,1173900,651.1920776367188
2022-02-25,736.0499877929688,750.969970703125,733.4000244140625,750.8699951171875,676400,668.1707763671875
2022-02-28,740.0800170898438,747.739990234375,735.4199829101562,743.8900146484375,795800,661.9594116210938
2022-03-01,740.3499755859375,741.7100219726562,711.6799926757812,714.8099975585938,863400,636.082275390625
2022-03-02,720.0,745.7999877929688,718.02001953125,738.0399780273438,948200,656.7538452148438
2022-03-03,746.969970703125,752.5,729.5700073242188,737.7100219726562,694400,656.4601440429688
2022-03-04,722.0,725.4099731445312,695.510009765625,696.5900268554688,2160700,623.9968872070312
2022-03-07,696.0,701.75,674.8400268554688,677.0700073242188,1154400,606.5111694335938
2022-03-08,675.0,678.2999877929688,660.1500244140625,662.8699951171875,1180200,593.7908325195312
2022-03-09,686.9500122070312,702.3800048828125,680.0,693.25,1432500,621.0049438476562
2022-03-10,681.5399780273438,705.8200073242188,681.3800048828125,697.2000122070312,1007800,624.543212890625
2022-03-11,700.3699951171875,704.97998046875,686.2000122070312,687.0399780273438,814600,615.4419555664062
2022-03-14,695.8900146484375,710.3900146484375,694.3599853515625,697.530029296875,758700,624.8389892578125
2022-03-15,702.5800170898438,715.0,700.3599853515625,707.6699829101562,639400,633.9219970703125
2022-03-16,722.760009765625,731.9600219726562,711.489990234375,731.1099853515625,1162300,654.9192504882812
2022-03-17,721.0599975585938,743.030029296875,721.0599975585938,740.9299926757812,544800,663.716064453125
2022-03-18,742.4500122070312,742.4500122070312,729.3800048828125,738.5900268554688,1227100,661.6198120117188
2022-03-21,739.8800048828125,743.97998046875,727.9299926757812,733.8300170898438,589300,657.35595703125
2022-03-22,740.239990234375,749.1300048828125,737.3900146484375,746.8699951171875,565600,669.0370483398438
2022-03-23,746.8400268554688,746.8400268554688,729.6699829101562,736.4600219726562,761300,659.7117309570312
2022-03-24,740.0399780273438,743.4000244140625,734.3300170898438,738.280029296875,463000,661.34228515625
2022-03-25,739.9600219726562,743.9600219726562,735.3200073242188,741.0399780273438,419800,663.8145141601562
2022-03-28,744.5,752.3200073242188,740.0,749.8800048828125,448900,671.7333374023438
2022-03-29,765.780029296875,776.760009765625,762.1599731445312,773.239990234375,795100,692.6589965820312
2022-03-30,776.5499877929688,783.0700073242188,773.2100219726562,777.3599853515625,791800,696.3495483398438
2022-03-31,783.6400146484375,784.47998046875,764.1699829101562,764.1699829101562,931600,684.5341186523438
2022-04-01,768.0,774.8300170898438,764.5599975585938,769.760009765625,683300,689.5416259765625
2022-04-04,771.5,788.6500244140625,769.7000122070312,782.22998046875,882000,700.7120361328125
2022-04-05,779.72998046875,781.260009765625,762.1900024414062,764.4299926757812,754100,684.7672119140625
2022-04-06,752.25,758.0800170898438,737.0800170898438,745.22998046875,845600,667.5678100585938
2022-04-07,745.22998046875,753.239990234375,736.1099853515625,748.8900146484375,475500,670.8465576171875
2022-04-08,747.0,747.0,734.2000122070312,736.0999755859375,820900,659.3892822265625
2022-04-11,732.5499877929688,737.5800170898438,727.2899780273438,728.3800048828125,591700,652.473876953125
2022-04-12,728.4000244140625,735.8200073242188,711.4400024414062,716.8300170898438,955300,642.1275024414062
2022-04-13,717.0,727.0599975585938,711.0800170898438,715.739990234375,908700,641.1512451171875
2022-04-14,716.010009765625,719.3099975585938,688.1400146484375,688.1699829101562,1103900,616.4542236328125
2022-04-18,687.0,691.489990234375,677.4600219726562,680.0,834100,609.1356201171875
2022-04-19,681.5,704.6599731445312,681.5,701.5700073242188,998200,628.4578247070312
2022-04-20,707.7100219726562,710.7899780273438,697.530029296875,699.0,928200,626.1556396484375
2022-04-21,708.969970703125,709.0999755859375,679.6699829101562,681.4600219726562,804900,610.443603515625
2022-04-22,681.0,683.8200073242188,662.530029296875,662.9400024414062,797000,593.853515625
2022-04-25,660.2999877929688,669.0800170898438,648.0,668.280029296875,1138200,598.6370849609375
2022-04-26,662.6599731445312,668.8300170898438,646.8599853515625,647.0499877929688,806200,579.6195068359375
2022-04-27,646.1400146484375,655.5499877929688,641.760009765625,643.02001953125,631800,576.0093994140625
2022-04-28,650.0,654.4000244140625,639.3200073242188,650.969970703125,1127300,583.1309814453125
2022-04-29,649.0399780273438,651.280029296875,623.219970703125,624.6799926757812,1011600,559.5806274414062
2022-05-02,629.7100219726562,630.75,610.0,624.7999877929688,1537000,559.6881713867188
2022-05-03,630.510009765625,641.7000122070312,625.1599731445312,631.0599975585938,887200,565.2958374023438
2022-05-04,632.3200073242188,666.489990234375,630.0,665.22998046875,1038100,595.9049682617188
2022-05-05,651.2899780273438,656.9000244140625,626.6300048828125,633.8099975585938,889500,567.75927734375
2022-05-06,631.2999877929688,637.0999755859375,616.9600219726562,628.6199951171875,725700,563.1100463867188
2022-05-09,616.719970703125,624.3499755859375,603.4400024414062,605.5599975585938,1079400,542.4531860351562
2022-05-10,615.5,625.27001953125,595.8300170898438,610.22998046875,1179800,546.6366577148438
2022-05-11,604.760009765625,621.3900146484375,599.6400146484375,600.3499755859375,1170600,537.7863159179688
2022-05-12,593.0,604.8400268554688,586.0499877929688,600.4000244140625,1117500,537.8309326171875
2022-05-13,606.6699829101562,623.4000244140625,603.0900268554688,615.3300170898438,1684400,551.205078125
2022-05-16,600.0,605.1599731445312,583.0499877929688,598.5999755859375,2287300,536.2185668945312
2022-05-17,615.7100219726562,625.3699951171875,598.3499755859375,611.719970703125,1564500,547.97119140625
2022-05-18,604.8900146484375,606.4000244140625,587.4099731445312,591.8599853515625,967300,530.1810913085938
2022-05-19,585.5,599.3699951171875,582.5800170898438,593.0800170898438,1301100,531.2738037109375
2022-05-20,596.8499755859375,607.1799926757812,587.1500244140625,600.4400024414062,1200800,537.8668823242188
2022-05-23,609.72998046875,615.3699951171875,599.8400268554688,611.510009765625,918600,547.7831420898438
2022-05-24,608.239990234375,622.219970703125,594.530029296875,618.3499755859375,1133600,553.9102783203125
2022-05-25,615.0,633.5599975585938,615.0,626.5999755859375,959300,561.3007202148438
2022-05-26,631.3200073242188,652.9400024414062,631.2100219726562,652.4400024414062,1651200,584.44775390625
2022-05-27,656.8499755859375,672.719970703125,656.1400146484375,666.530029296875,980700,597.0694580078125
2022-05-31,659.6699829101562,672.1900024414062,654.3900146484375,669.0800170898438,2519000,599.3536987304688
2022-06-01,672.6799926757812,676.5,658.8400268554688,660.510009765625,919900,591.6766357421875
2022-06-02,662.4099731445312,689.2000122070312,661.510009765625,686.489990234375,955500,614.9493408203125
2022-06-03,673.5399780273438,677.4199829101562,667.8800048828125,671.739990234375,788500,606.0445556640625
2022-06-06,680.5900268554688,687.9500122070312,674.1099853515625,675.3400268554688,605300,609.2925415039062
2022-06-07,667.0700073242188,680.0700073242188,666.8499755859375,679.6099853515625,545100,613.1449584960938
2022-06-08,674.1400146484375,677.4199829101562,662.280029296875,662.4099731445312,481900,597.626953125
2022-06-09,660.77001953125,670.27001953125,659.4600219726562,659.8499755859375,969000,595.3174438476562
2022-06-10,642.6799926757812,648.5999755859375,617.6699829101562,617.6699829101562,1149800,557.2626342773438
2022-06-13,600.0999755859375,606.6099853515625,587.8800048828125,598.719970703125,1226200,540.1658325195312
2022-06-14,596.7100219726562,604.510009765625,587.260009765625,591.22998046875,750400,533.4083251953125
2022-06-15,598.4199829101562,610.7100219726562,589.780029296875,599.9000244140625,922800,541.2305908203125
2022-06-16,581.3099975585938,586.8200073242188,575.5999755859375,585.77001953125,1005900,528.4823608398438
2022-06-17,587.4299926757812,594.8499755859375,579.0999755859375,582.260009765625,1436700,525.315673828125
2022-06-21,596.75,616.8599853515625,595.75,614.5399780273438,1130200,554.4385986328125
2022-06-22,605.2899780273438,621.9199829101562,603.1199951171875,609.280029296875,942900,549.693115234375
2022-06-23,613.4099731445312,628.6900024414062,609.3300170898438,624.7100219726562,849900,563.6141357421875
2022-06-24,632.4400024414062,648.3400268554688,632.1699829101562,647.780029296875,1013800,584.427978515625
2022-06-27,650.0,652.75,633.8599853515625,636.9199829101562,637200,574.630126953125
2022-06-28,642.4000244140625,648.0,626.5,629.1199951171875,518300,567.5928344726562
2022-06-29,627.6099853515625,629.7100219726562,613.7899780273438,617.9600219726562,535200,557.524169921875
2022-06-30,606.8599853515625,615.8400268554688,596.3200073242188,609.0399780273438,721800,549.4765625
2022-07-01,607.25,619.27001953125,605.97998046875,616.7000122070312,502700,556.3875122070312
2022-07-05,604.969970703125,621.1799926757812,597.5,620.719970703125,572800,560.01416015625
2022-07-06,622.5499877929688,624.3400268554688,609.9400024414062,614.739990234375,512800,554.6193237304688
2022-07-07,619.2100219726562,626.8499755859375,618.1300048828125,623.7000122070312,507900,562.7028198242188
2022-07-08,618.8300170898438,623.4500122070312,612.8699951171875,619.5599975585938,347000,558.9678344726562
2022-07-11,612.0399780273438,613.8900146484375,603.72998046875,605.0,460100,545.8317260742188
2022-07-12,602.0,616.4299926757812,600.75,603.2899780273438,499700,544.2888793945312
2022-07-13,595.0,600.0499877929688,583.25,596.3800048828125,601500,538.0547485351562
2022-07-14,584.8800048828125,591.219970703125,580.22998046875,588.6300048828125,1136500,531.0626831054688
2022-07-15,594.989990234375,603.7999877929688,585.510009765625,600.3699951171875,1053000,541.6544799804688
2022-07-18,605.4600219726562,613.3699951171875,594.5499877929688,597.530029296875,830900,539.0923461914062
2022-07-19,608.3200073242188,629.6500244140625,606.4500122070312,628.3400268554688,922700,566.888916015625
2022-07-20,628.969970703125,639.2999877929688,626.489990234375,634.72998046875,671500,572.6541137695312
2022-07-21,634.239990234375,642.469970703125,630.77001953125,639.3099975585938,722000,576.7862548828125
2022-07-22,641.4400024414062,645.1300048828125,627.47998046875,633.6400146484375,512600,571.6707763671875
2022-07-25,636.719970703125,639.280029296875,629.2100219726562,636.1500244140625,472100,573.9352416992188
2022-07-26,634.1300048828125,634.1300048828125,620.280029296875,622.9400024414062,498500,562.0171508789062
2022-07-27,628.8099975585938,646.4199829101562,625.4400024414062,643.3200073242188,468600,580.404052734375
2022-07-28,647.6300048828125,663.9400024414062,638.8099975585938,659.97998046875,550900,595.4346923828125
2022-07-29,660.9099731445312,674.8400268554688,660.2000122070312,669.1799926757812,894300,603.7349853515625
2022-08-01,661.2999877929688,674.7999877929688,655.47998046875,671.3900146484375,569900,605.7288818359375
2022-08-02,663.780029296875,677.8900146484375,662.989990234375,666.1599731445312,711600,601.01025390625
2022-08-03,673.0700073242188,691.4400024414062,668.9299926757812,690.5399780273438,901800,623.0059814453125
2022-08-04,692.489990234375,699.3800048828125,691.0700073242188,696.010009765625,746300,627.9410400390625
2022-08-05,687.25,700.0,686.2899780273438,695.9299926757812,549000,627.868896484375
2022-08-08,700.0,705.3099975585938,694.239990234375,696.27001953125,490600,628.1756591796875
2022-08-09,695.25,698.5700073242188,688.989990234375,696.510009765625,486200,628.3922119140625
2022-08-10,711.1099853515625,725.27001953125,710.0499877929688,725.2100219726562,822200,654.2853393554688
2022-08-11,732.1099853515625,736.8800048828125,727.4500122070312,728.6500244140625,692300,657.388916015625
2022-08-12,732.5,752.4400024414062,728.030029296875,751.8300170898438,765900,678.3019409179688
2022-08-15,745.2100219726562,759.1099853515625,743.5499877929688,755.8200073242188,720500,681.9017333984375
2022-08-16,749.0499877929688,763.6699829101562,748.1699829101562,757.0700073242188,664300,683.0294799804688
2022-08-17,744.469970703125,746.7899780273438,734.5399780273438,743.219970703125,594100,670.533935546875
2022-08-18,739.8800048828125,747.9600219726562,734.1799926757812,745.219970703125,785600,672.3383178710938
2022-08-19,736.0399780273438,737.25,712.3099975585938,713.8499755859375,774900,644.0362548828125
2022-08-22,699.0900268554688,702.1799926757812,692.219970703125,695.0499877929688,675600,627.0748291015625
2022-08-23,692.5800170898438,704.0499877929688,692.0,696.969970703125,403500,628.8072509765625
2022-08-24,694.8900146484375,704.3200073242188,694.010009765625,700.4199829101562,386000,631.9197387695312
2022-08-25,703.6900024414062,711.8900146484375,700.3099975585938,710.5999755859375,363700,641.1040649414062
2022-08-26,713.3499755859375,714.27001953125,675.77001953125,676.4400024414062,633200,610.2849731445312
2022-08-29,671.9500122070312,679.6199951171875,670.1500244140625,675.8900146484375,379500,609.7887573242188
2022-08-30,681.0499877929688,681.6599731445312,668.4099731445312,672.719970703125,486400,606.9288330078125
2022-08-31,678.6500244140625,682.0900268554688,665.0399780273438,666.3900146484375,651400,601.2178344726562
2022-09-01,661.2100219726562,665.4600219726562,650.7899780273438,664.8499755859375,485400,599.8283081054688
2022-09-02,677.0599975585938,679.530029296875,654.0499877929688,658.0599975585938,502000,593.7025146484375
2022-09-06,658.989990234375,667.22998046875,647.9099731445312,661.6300048828125,656300,601.383056640625
2022-09-07,664.02001953125,677.1500244140625,659.8200073242188,674.219970703125,482700,612.8265991210938
2022-09-08,668.25,692.4299926757812,660.3599853515625,691.9199829101562,860100,628.9148559570312
2022-09-09,695.0,701.239990234375,692.8800048828125,695.4600219726562,536600,632.132568359375
2022-09-12,697.2100219726562,701.7999877929688,690.239990234375,696.8099975585938,756400,633.3596801757812
2022-09-13,674.0599975585938,674.3699951171875,643.3099975585938,644.9099731445312,1239900,586.1856079101562
2022-09-14,650.5999755859375,655.8400268554688,636.760009765625,643.5800170898438,831800,584.976806640625
2022-09-15,641.52001953125,648.969970703125,630.1300048828125,632.3400268554688,778000,574.76025390625
2022-09-16,623.8300170898438,628.469970703125,615.8499755859375,626.739990234375,2693900,569.6700439453125
2022-09-19,620.8200073242188,636.4199829101562,620.8200073242188,634.72998046875,566400,576.9326171875
2022-09-20,626.6699829101562,629.6900024414062,619.3699951171875,622.3099975585938,561600,565.6434326171875
2022-09-21,629.3400268554688,632.1599731445312,607.6199951171875,608.0900268554688,816600,552.71826171875
2022-09-22,605.2000122070312,607.989990234375,592.5700073242188,600.5,854700,545.8194580078125
2022-09-23,593.22998046875,599.239990234375,583.0999755859375,591.3900146484375,978900,537.5390014648438
2022-09-26,590.0,593.7899780273438,582.9199829101562,584.6500244140625,692600,531.4126586914062
2022-09-27,593.3200073242188,595.8599853515625,573.9600219726562,578.5999755859375,769400,525.9135131835938
2022-09-28,582.1699829101562,588.8300170898438,576.1500244140625,585.4299926757812,885400,532.1217041015625
2022-09-29,577.469970703125,579.9299926757812,559.7000122070312,563.9199829101562,877300,512.5703125
2022-09-30,561.6099853515625,567.5599975585938,549.5599975585938,550.280029296875,851300,500.17242431640625
2022-10-03,555.0,578.4299926757812,543.22998046875,572.719970703125,948900,520.569091796875
2022-10-04,583.5599975585938,591.3400268554688,582.2899780273438,591.2999877929688,778800,537.4570922851562
2022-10-05,581.0900268554688,588.239990234375,573.9400024414062,583.1500244140625,556600,530.0494384765625
2022-10-06,580.2000122070312,585.0,570.760009765625,571.6099853515625,566700,519.5601196289062
2022-10-07,564.8300170898438,564.8300170898438,546.989990234375,550.4000244140625,625900,500.2815856933594
2022-10-10,557.5499877929688,558.1400146484375,541.3300170898438,545.5399780273438,512400,495.8639831542969
2022-10-11,535.1799926757812,542.9500122070312,526.9400024414062,531.1400146484375,932700,482.7753601074219
2022-10-12,531.1500244140625,538.4299926757812,527.0,531.0999755859375,797100,482.7388916015625
2022-10-13,505.05999755859375,566.9000244140625,503.1199951171875,566.030029296875,2345300,514.48828125
2022-10-14,567.25,582.6799926757812,547.5900268554688,550.9500122070312,1276400,500.7813415527344
2022-10-17,566.0,574.72998046875,566.0,569.25,890900,517.4149169921875
2022-10-18,590.0,590.25,573.1699829101562,581.0599975585938,800600,528.1497192382812
2022-10-19,581.72998046875,588.0900268554688,573.469970703125,577.9000244140625,815400,525.27734375
2022-10-20,580.3699951171875,590.739990234375,569.280029296875,572.3599853515625,820800,520.2418212890625
2022-10-21,573.77001953125,598.4400024414062,570.9400024414062,597.260009765625,830800,542.8745727539062
2022-10-24,605.8099975585938,615.0,602.75,611.4400024414062,948900,555.7633056640625
2022-10-25,610.0,636.3499755859375,610.0,635.9400024414062,956000,578.0324096679688
2022-10-26,635.0,641.6500244140625,634.030029296875,637.7999877929688,1069200,579.7229614257812
2022-10-27,643.6300048828125,657.22998046875,641.8699951171875,648.97998046875,943600,589.8848876953125
2022-10-28,648.7999877929688,664.989990234375,645.5399780273438,663.75,862600,603.31005859375
2022-10-31,658.010009765625,662.6400146484375,645.219970703125,645.9099731445312,1037400,587.094482421875
2022-11-01,656.739990234375,658.1400146484375,648.510009765625,652.0,771100,592.6299438476562
2022-11-02,650.489990234375,663.219970703125,637.9000244140625,638.8099975585938,1061500,580.6409301757812
2022-11-03,626.4400024414062,638.6199951171875,622.97998046875,633.8099975585938,717200,576.0962524414062
2022-11-04,646.0700073242188,660.3900146484375,642.6799926757812,656.1500244140625,707300,596.4021606445312
2022-11-07,660.25,678.5700073242188,655.5499877929688,676.2999877929688,798500,614.7172241210938
2022-11-08,678.010009765625,691.4000244140625,674.8099975585938,686.3300170898438,1084300,623.8339233398438
2022-11-09,677.3699951171875,682.8300170898438,667.0599975585938,669.6199951171875,539200,608.6456909179688
2022-11-10,700.719970703125,762.219970703125,700.1400146484375,759.8099975585938,1795700,690.6228637695312
2022-11-11,748.0,785.6500244140625,748.0,774.75,1278600,704.2025146484375
2022-11-14,760.0,762.9199829101562,722.8099975585938,741.1500244140625,1183000,673.6619873046875
2022-11-15,757.0599975585938,759.9500122070312,732.2999877929688,740.3099975585938,851300,672.898681640625
2022-11-16,733.0,733.0,720.1300048828125,727.030029296875,806400,660.827880859375
2022-11-17,715.3099975585938,721.5,710.1900024414062,721.3099975585938,781200,655.628662109375
2022-11-18,730.22998046875,730.6500244140625,718.989990234375,720.6099853515625,626800,654.9923095703125
2022-11-21,716.5800170898438,728.5,715.47998046875,723.7000122070312,656800,657.8011474609375
2022-11-22,727.1900024414062,737.030029296875,726.0999755859375,733.4500122070312,605500,666.6632690429688
2022-11-23,731.47998046875,741.0,729.260009765625,736.3200073242188,489000,669.27197265625
2022-11-25,734.4600219726562,739.8499755859375,727.6500244140625,737.780029296875,301600,670.5991821289062
2022-11-28,728.0,736.2999877929688,719.4400024414062,721.1699829101562,480100,655.5012817382812
2022-11-29,722.4600219726562,724.77001953125,711.5499877929688,714.0,698400,648.984375
2022-11-30,714.0,717.7899780273438,693.2899780273438,716.0,2757000,650.8021850585938
2022-12-01,718.8499755859375,725.0,711.2000122070312,722.1799926757812,1103900,656.4194946289062
2022-12-02,706.27001953125,713.4400024414062,699.7000122070312,712.97998046875,1142800,648.05712890625
2022-12-05,709.0,714.1699829101562,698.75,712.760009765625,1100300,647.8572387695312
2022-12-06,707.1900024414062,712.3300170898438,700.0499877929688,710.2899780273438,841000,650.0628662109375
2022-12-07,707.239990234375,721.6599731445312,704.7000122070312,709.1599731445312,877800,649.0287475585938
2022-12-08,710.0,714.97998046875,701.1599731445312,703.4400024414062,625800,643.793701171875
2022-12-09,700.4199829101562,714.0399780273438,700.0,706.9500122070312,549000,647.0059814453125
2022-12-12,705.6699829101562,711.1500244140625,702.030029296875,709.22998046875,701300,649.0927124023438
2022-12-13,738.6599731445312,743.1699829101562,716.6400146484375,724.1500244140625,949800,662.7476196289062
2022-12-14,718.9500122070312,725.6099853515625,704.3800048828125,711.52001953125,549200,651.1885986328125
2022-12-15,699.5900268554688,702.9500122070312,692.8300170898438,698.1799926757812,566500,638.979736328125
2022-12-16,690.02001953125,703.6400146484375,683.9199829101562,700.219970703125,1697100,640.8466186523438
2022-12-19,699.4400024414062,701.0,687.1199951171875,692.469970703125,606700,633.75390625
2022-12-20,691.0,695.3900146484375,687.5800170898438,691.5599975585938,590100,632.9209594726562
2022-12-21,702.4600219726562,716.1199951171875,699.4000244140625,712.9400024414062,652200,652.4881591796875
2022-12-22,702.6400146484375,707.3699951171875,688.219970703125,703.3300170898438,623200,643.6929321289062
2022-12-23,708.77001953125,710.0999755859375,700.2000122070312,703.9400024414062,363200,644.251220703125
2022-12-27,704.5700073242188,707.5999755859375,700.5,703.260009765625,325100,643.6290283203125
2022-12-28,704.0,711.8099975585938,700.2899780273438,700.3300170898438,457700,640.9473876953125
2022-12-29,706.6400146484375,720.9400024414062,704.510009765625,716.1500244140625,395300,655.426025390625
2022-12-30,708.2899780273438,712.9099731445312,698.3599853515625,708.6300048828125,413000,648.5435791015625
2023-01-03,720.0,723.5399780273438,703.77001953125,712.0399780273438,540800,651.6643676757812
2023-01-04,719.6500244140625,727.47998046875,713.4000244140625,721.9000244140625,710200,660.6885375976562
2023-01-05,713.030029296875,717.1699829101562,701.2100219726562,701.239990234375,686700,641.7802124023438
2023-01-06,713.4199829101562,738.5599975585938,710.469970703125,738.0,1215700,675.4231567382812
2023-01-09,742.2100219726562,762.8099975585938,741.75,752.989990234375,1102800,689.142333984375
2023-01-10,749.6300048828125,757.739990234375,744.3800048828125,757.280029296875,758900,693.0685424804688
2023-01-11,758.0,763.75,748.1599731445312,755.9199829101562,788000,691.82373046875
2023-01-12,763.1599731445312,763.1599731445312,741.1500244140625,753.9600219726562,938600,690.0300903320312
2023-01-13,746.6300048828125,758.489990234375,735.0800170898438,753.989990234375,984100,690.0574951171875
2023-01-17,750.1799926757812,752.1099853515625,735.0999755859375,749.72998046875,823800,686.15869140625
2023-01-18,750.989990234375,763.0599975585938,746.3800048828125,747.3599853515625,728800,683.9895629882812
2023-01-19,737.8099975585938,741.5599975585938,729.6199951171875,729.8699951171875,650700,667.982666015625
2023-01-20,734.77001953125,742.6799926757812,731.0399780273438,741.7100219726562,724300,678.8186645507812
2023-01-23,741.8699951171875,750.02001953125,735.4000244140625,748.02001953125,730200,684.5936279296875
2023-01-24,740.72998046875,757.0800170898438,725.5800170898438,752.0700073242188,558200,688.30029296875
2023-01-25,743.0999755859375,751.780029296875,732.5,751.25,1070300,687.5498046875
2023-01-26,750.0,759.3800048828125,746.2000122070312,758.9000244140625,488700,694.5511474609375
2023-01-27,751.739990234375,764.0999755859375,751.739990234375,759.1799926757812,489400,694.8072509765625
2023-01-30,750.4099731445312,758.260009765625,746.5399780273438,747.8599853515625,458300,684.447265625
2023-01-31,750.0,759.7100219726562,746.0900268554688,759.2100219726562,572000,694.8348999023438
2023-02-01,753.719970703125,768.2999877929688,744.3900146484375,762.6300048828125,702200,697.9647827148438
2023-02-02,763.9000244140625,781.77001953125,763.1400146484375,770.72998046875,1101700,705.3779907226562
2023-02-03,750.0,769.8099975585938,747.989990234375,757.1599731445312,1201800,692.9588012695312
2023-02-06,746.97998046875,750.1199951171875,738.7999877929688,742.3800048828125,691500,679.4319458007812
2023-02-07,735.2999877929688,743.6099853515625,728.4099731445312,740.8200073242188,730300,678.0042114257812
2023-02-08,735.3699951171875,741.77001953125,729.8599853515625,729.8599853515625,517600,667.973388671875
2023-02-09,739.1199951171875,739.4199829101562,714.4500122070312,715.969970703125,723700,655.2613525390625
2023-02-10,712.22998046875,726.3900146484375,711.010009765625,723.510009765625,626000,662.1619262695312
2023-02-13,722.8599853515625,737.6900024414062,721.010009765625,736.9099731445312,583100,674.42578125
2023-02-14,733.760009765625,742.9000244140625,727.0,729.1500244140625,466700,667.3236694335938
2023-02-15,719.1500244140625,727.8300170898438,718.3699951171875,724.1900024414062,479200,662.7842407226562
2023-02-16,710.8099975585938,722.5599975585938,709.469970703125,713.0,492600,652.5430297851562
2023-02-17,708.4600219726562,716.72998046875,706.3800048828125,716.1599731445312,519200,655.4351806640625
2023-02-21,706.1300048828125,708.5800170898438,692.219970703125,695.75,646400,636.7557373046875
2023-02-22,695.75,699.0499877929688,682.0800170898438,687.4099731445312,937900,629.1229248046875
2023-02-23,697.27001953125,702.1400146484375,686.469970703125,691.8400268554688,614800,633.17724609375
2023-02-24,682.5700073242188,691.280029296875,678.5800170898438,683.4299926757812,553500,625.48046875
2023-02-27,694.8800048828125,696.5,681.7000122070312,683.0599975585938,560000,625.1417236328125
2023-02-28,685.5,694.3800048828125,683.1300048828125,689.4299926757812,859100,630.9717407226562
2023-03-01,683.1500244140625,688.260009765625,675.3300170898438,680.5599975585938,635000,622.8536987304688
2023-03-02,673.0,687.4000244140625,672.760009765625,685.9099731445312,490200,627.75
2023-03-03,693.6099853515625,695.3400268554688,688.0599975585938,695.239990234375,812200,636.2890014648438
2023-03-06,688.3499755859375,698.7899780273438,687.5599975585938,688.3900146484375,543300,634.58349609375
2023-03-07,688.3900146484375,688.97998046875,673.1699829101562,674.6599731445312,417200,621.9268188476562
2023-03-08,676.6199951171875,680.3300170898438,672.6500244140625,674.3599853515625,554800,621.6502075195312
2023-03-09,674.489990234375,675.22998046875,650.0,651.280029296875,787100,600.374267578125
2023-03-10,647.7000122070312,651.4600219726562,628.47998046875,635.030029296875,960900,585.3944091796875
2023-03-13,625.02001953125,643.22998046875,624.0900268554688,625.77001953125,997600,576.858154296875
2023-03-14,646.4099731445312,648.0,624.7100219726562,637.8300170898438,928600,587.9755859375
2023-03-15,621.0,634.5,620.0,631.739990234375,1130000,582.3615112304688
2023-03-16,627.2999877929688,645.3800048828125,621.2999877929688,636.97998046875,726200,587.1919555664062
2023-03-17,638.7100219726562,638.7100219726562,623.8499755859375,636.7100219726562,2701500,586.943115234375
2023-03-20,647.469970703125,652.4400024414062,639.530029296875,643.5599975585938,924200,593.2576904296875
2023-03-21,659.9299926757812,665.1799926757812,658.5399780273438,662.1500244140625,791200,610.3945922851562
2023-03-22,660.0800170898438,667.4500122070312,647.8900146484375,648.3200073242188,480100,597.6456298828125
2023-03-23,653.280029296875,660.989990234375,645.5499877929688,651.780029296875,483400,600.835205078125
2023-03-24,642.8099975585938,647.8200073242188,638.0900268554688,644.8800048828125,574100,594.4744873046875
2023-03-27,654.530029296875,656.77001953125,646.47998046875,648.3200073242188,411100,597.6456298828125
2023-03-28,646.3400268554688,649.9000244140625,641.3800048828125,646.239990234375,373300,595.7280883789062
2023-03-29,652.030029296875,657.739990234375,651.0,657.219970703125,589300,605.849853515625
2023-03-30,663.510009765625,667.6199951171875,657.0999755859375,661.0399780273438,392300,609.3711547851562
2023-03-31,665.0900268554688,669.1500244140625,662.6099853515625,669.1199951171875,516300,616.8198852539062
2023-04-03,664.52001953125,670.2100219726562,656.47998046875,666.4099731445312,622800,614.3216552734375
2023-04-04,665.8900146484375,669.6500244140625,653.8400268554688,659.1099853515625,525100,607.5922241210938
2023-04-05,652.3800048828125,656.8699951171875,651.2899780273438,656.0399780273438,426100,604.76220703125
2023-04-06,656.5999755859375,659.0599975585938,653.989990234375,656.4000244140625,441700,605.0941162109375
2023-04-10,652.3499755859375,659.8300170898438,650.7899780273438,659.8200073242188,393800,608.2467651367188
2023-04-11,662.0,671.4400024414062,661.8499755859375,669.6799926757812,535800,617.3359985351562
2023-04-12,676.1500244140625,677.6400146484375,663.3599853515625,665.969970703125,481200,613.916015625
2023-04-13,663.3699951171875,671.5800170898438,658.530029296875,670.72998046875,694000,618.303955078125
2023-04-14,680.22998046875,704.010009765625,678.0599975585938,691.3300170898438,1117700,637.2938232421875
2023-04-17,691.3300170898438,699.0999755859375,690.7899780273438,698.3599853515625,586100,643.7742919921875
2023-04-18,700.3699951171875,701.22998046875,689.8599853515625,694.030029296875,593800,639.7828979492188
2023-04-19,690.97998046875,699.5,690.010009765625,695.239990234375,348100,640.898193359375
2023-04-20,690.469970703125,698.9299926757812,690.469970703125,696.3800048828125,580400,641.9490356445312
2023-04-21,695.530029296875,696.27001953125,678.9199829101562,680.9400024414062,774500,627.7160034179688
2023-04-24,682.280029296875,682.280029296875,673.0999755859375,674.1900024414062,451800,621.4935302734375
2023-04-25,670.6400146484375,671.72998046875,658.4600219726562,659.7100219726562,552200,608.145263671875
2023-04-26,655.6900024414062,661.739990234375,647.4199829101562,650.6699829101562,434700,599.8120727539062
2023-04-27,657.25,663.530029296875,655.27001953125,662.6799926757812,393900,610.88330078125
2023-04-28,659.8300170898438,672.030029296875,658.9500122070312,671.2000122070312,529000,618.7372436523438
2023-05-01,675.0800170898438,675.5900268554688,662.1799926757812,662.969970703125,560200,611.1504516601562
2023-05-02,657.72998046875,658.5900268554688,635.280029296875,651.4600219726562,719700,600.5402221679688
2023-05-03,657.4199829101562,662.969970703125,640.25,642.4099731445312,430700,592.1974487304688
2023-05-04,638.5499877929688,638.5499877929688,628.22998046875,631.6599731445312,589300,582.2876586914062
2023-05-05,642.1900024414062,644.6599731445312,637.5499877929688,644.47998046875,484300,594.105712890625
2023-05-08,646.25,647.0,640.780029296875,643.1400146484375,374500,592.8704223632812
2023-05-09,639.0,643.489990234375,633.6300048828125,635.5700073242188,441700,585.8921508789062
2023-05-10,643.9500122070312,644.9500122070312,624.5,629.1799926757812,622400,580.001708984375
2023-05-11,630.1699829101562,643.489990234375,627.6199951171875,642.02001953125,726100,591.8380737304688
2023-05-12,646.5599975585938,651.2000122070312,642.9500122070312,645.0999755859375,906200,594.6773071289062
2023-05-15,645.1799926757812,650.260009765625,642.7000122070312,644.75,501900,594.354736328125
2023-05-16,642.5900268554688,643.9199829101562,633.22998046875,633.8300170898438,362700,584.2882080078125
2023-05-17,640.22998046875,651.6199951171875,638.530029296875,650.6400146484375,478300,599.7841796875
2023-05-18,650.5700073242188,673.1699829101562,649.4600219726562,669.3300170898438,1125900,617.0133056640625
2023-05-19,673.4400024414062,676.530029296875,662.7100219726562,666.7000122070312,1362500,614.5889892578125
2023-05-22,666.3300170898438,675.77001953125,666.2899780273438,671.3900146484375,648800,618.9122924804688
2023-05-23,666.52001953125,671.969970703125,659.2899780273438,661.530029296875,713300,609.8231811523438
2023-05-24,653.010009765625,656.510009765625,648.4500122070312,655.0,554500,603.8035888671875
2023-05-25,655.3200073242188,663.1199951171875,653.4000244140625,660.52001953125,522800,608.89208984375
2023-05-26,664.8800048828125,675.25,662.77001953125,672.2999877929688,533900,619.7512817382812
2023-05-30,677.5399780273438,680.6900024414062,668.8900146484375,673.5800170898438,504200,620.9310913085938
2023-05-31,671.7999877929688,674.6099853515625,656.3599853515625,657.5499877929688,1898400,606.1541137695312
2023-06-01,663.5700073242188,671.4500122070312,660.3699951171875,668.8400268554688,569800,616.561767578125
2023-06-02,676.1699829101562,685.0,676.1699829101562,681.8599853515625,559800,628.5640258789062
2023-06-05,681.4500122070312,682.9600219726562,674.219970703125,676.489990234375,551600,623.61376953125
2023-06-06,673.3400268554688,685.6099853515625,673.3400268554688,684.9199829101562,748600,631.384765625
2023-06-07,679.0,680.030029296875,670.1900024414062,678.22998046875,534100,629.8155517578125
2023-06-08,675.3200073242188,681.9000244140625,666.010009765625,680.5800170898438,521800,631.9977416992188
2023-06-09,682.3900146484375,686.4500122070312,677.27001953125,684.4000244140625,465300,635.5450439453125
2023-06-12,684.6099853515625,689.1199951171875,682.260009765625,682.3800048828125,435000,633.6692504882812
2023-06-13,685.3300170898438,693.0900268554688,685.0,689.0900268554688,624000,639.9002685546875
2023-06-14,690.719970703125,705.1699829101562,690.030029296875,692.4500122070312,678000,643.0203857421875
2023-06-15,693.1300048828125,712.739990234375,691.8200073242188,711.1900024414062,644400,660.4226684570312
2023-06-16,715.4500122070312,716.3599853515625,702.3499755859375,702.780029296875,1281900,652.613037109375
2023-06-20,695.6900024414062,696.4600219726562,687.5,690.9500122070312,698100,641.6275024414062
2023-06-21,690.719970703125,696.1500244140625,686.4000244140625,689.0399780273438,489300,639.853759765625
2023-06-22,684.4099731445312,684.510009765625,675.3699951171875,679.3800048828125,361200,630.8834228515625
2023-06-23,670.3499755859375,682.9299926757812,670.0,680.4500122070312,686000,631.8770751953125
2023-06-26,678.0800170898438,684.989990234375,678.0800170898438,680.1699829101562,403800,631.6170043945312
2023-06-27,683.4299926757812,688.3400268554688,677.760009765625,684.6400146484375,528600,635.7678833007812
2023-06-28,684.6400146484375,685.77001953125,680.1199951171875,685.219970703125,368100,636.3065185546875
2023-06-29,686.7000122070312,690.9099731445312,681.97998046875,688.2100219726562,524700,639.0831298828125
2023-06-30,695.1199951171875,695.97998046875,690.4500122070312,691.1400146484375,921900,641.8040771484375
2023-07-03,690.0,702.1599731445312,689.739990234375,693.5800170898438,376900,644.0697021484375
2023-07-05,691.6699829101562,700.6300048828125,685.8699951171875,692.8300170898438,681400,643.3732299804688
2023-07-06,685.0,686.5,674.7999877929688,680.6300048828125,675300,632.0443115234375
2023-07-07,678.280029296875,691.989990234375,677.9400024414062,684.0999755859375,435200,635.2664794921875
2023-07-10,693.8300170898438,704.9299926757812,692.780029296875,696.1699829101562,568600,646.474853515625
2023-07-11,699.9199829101562,710.989990234375,699.739990234375,710.2000122070312,504900,659.50341796875
2023-07-12,722.6699829101562,727.0,718.8599853515625,726.0,642000,674.1754760742188
2023-07-13,732.8699951171875,740.4000244140625,727.4500122070312,739.7999877929688,928100,686.9903564453125
2023-07-14,743.0,744.0,722.4099731445312,728.030029296875,1064100,676.0606079101562
2023-07-17,724.5499877929688,733.0,720.5,727.8699951171875,648400,675.9119873046875
2023-07-18,725.52001953125,740.8300170898438,723.22998046875,738.9299926757812,790000,686.1825561523438
2023-07-19,739.9600219726562,752.9500122070312,739.9600219726562,747.2999877929688,718900,693.9550170898438
2023-07-20,744.02001953125,753.3699951171875,742.5,750.8800048828125,621600,697.279541015625
2023-07-21,753.239990234375,756.3200073242188,749.75,751.2100219726562,512300,697.5858764648438
2023-07-24,751.7000122070312,757.010009765625,750.489990234375,756.5800170898438,385400,702.572509765625
2023-07-25,752.5499877929688,752.97998046875,742.2100219726562,746.02001953125,610700,692.7662963867188
2023-07-26,743.25,749.8699951171875,741.010009765625,743.1599731445312,552800,690.1105346679688
2023-07-27,746.1199951171875,747.989990234375,728.4000244140625,729.0700073242188,555200,677.0263061523438
2023-07-28,738.2000122070312,746.25,734.780029296875,738.3400268554688,522800,685.6346435546875
2023-07-31,739.989990234375,743.3200073242188,735.6099853515625,738.8499755859375,367700,686.108154296875
2023-08-01,733.3200073242188,735.9099731445312,730.5,732.260009765625,359600,679.9886474609375
2023-08-02,722.4400024414062,723.7899780273438,713.27001953125,717.4400024414062,649200,666.2264404296875
2023-08-03,710.47998046875,712.8800048828125,705.6199951171875,710.1699829101562,585500,659.475341796875
2023-08-04,710.0700073242188,720.9400024414062,709.0800170898438,710.280029296875,475100,659.5776977539062
2023-08-07,713.3099975585938,718.8300170898438,711.6400146484375,712.5499877929688,387900,661.685546875
2023-08-08,703.3900146484375,703.3900146484375,687.52001953125,696.97998046875,676900,647.22705078125
2023-08-09,695.260009765625,699.969970703125,691.0,692.0900268554688,447400,642.6861572265625
2023-08-10,697.02001953125,706.0900268554688,694.5700073242188,697.010009765625,496900,647.2550048828125
2023-08-11,693.77001953125,698.2999877929688,690.280029296875,695.6099853515625,381100,645.9548950195312
2023-08-14,692.8099975585938,694.1699829101562,688.6400146484375,692.9299926757812,395000,643.4661254882812
2023-08-15,684.989990234375,686.1099853515625,670.5,672.8200073242188,519700,624.791748046875
2023-08-16,670.0,676.4600219726562,670.0,672.239990234375,494700,624.2531127929688
2023-08-17,674.7100219726562,681.0499877929688,672.489990234375,674.0,471200,625.8875122070312
2023-08-18,665.22998046875,675.3099975585938,665.22998046875,670.25,530500,622.4050903320312
2023-08-21,672.2000122070312,676.9500122070312,666.5,671.5900268554688,434300,623.6495361328125
2023-08-22,671.5900268554688,674.760009765625,664.6099853515625,665.8400268554688,332500,618.3098754882812
2023-08-23,668.4000244140625,680.3300170898438,667.1199951171875,678.77001953125,386800,630.31689453125
2023-08-24,678.780029296875,688.5800170898438,672.969970703125,673.1599731445312,317900,625.1073608398438
2023-08-25,676.0,682.2000122070312,671.260009765625,675.9600219726562,275200,627.7075805664062
2023-08-28,681.3099975585938,683.5399780273438,674.6300048828125,679.0,430900,630.5304565429688
2023-08-29,678.6500244140625,691.4600219726562,676.5499877929688,691.030029296875,502600,641.7017822265625
2023-08-30,691.780029296875,699.5,689.8099975585938,695.8099975585938,483900,646.140625
2023-08-31,697.8699951171875,704.4400024414062,693.7999877929688,700.5399780273438,617100,650.532958984375
2023-09-01,704.2000122070312,706.989990234375,701.4000244140625,706.1900024414062,454500,655.7796020507812
2023-09-05,705.5700073242188,708.2899780273438,695.489990234375,695.9299926757812,556800,646.2520141601562
2023-09-06,692.9600219726562,699.3200073242188,688.7000122070312,694.1799926757812,426600,644.626953125
2023-09-07,682.6799926757812,692.6500244140625,679.9500122070312,691.0599975585938,453000,646.3853149414062
2023-09-08,692.1799926757812,693.5499877929688,686.719970703125,690.6199951171875,352400,645.9737548828125
2023-09-11,695.4600219726562,697.9500122070312,691.989990234375,695.9299926757812,563500,650.9406127929688
2023-09-12,693.3499755859375,702.72998046875,692.0800170898438,697.3400268554688,404000,652.2594604492188
2023-09-13,698.8400268554688,704.219970703125,694.0,697.22998046875,645200,652.1564331054688
2023-09-14,703.7100219726562,709.0599975585938,698.3300170898438,706.8099975585938,660100,661.1171875
2023-09-15,701.8599853515625,705.1500244140625,695.3300170898438,697.4099731445312,2816100,652.3247680664062
2023-09-18,696.3200073242188,699.47998046875,690.0599975585938,694.8900146484375,494400,649.9678344726562
2023-09-19,693.6599731445312,695.5700073242188,685.6599731445312,688.9600219726562,428100,644.4212036132812
2023-09-20,691.0,694.6900024414062,682.6699829101562,683.47998046875,334100,639.29541015625
2023-09-21,676.739990234375,676.739990234375,665.6500244140625,668.8300170898438,547700,625.5924072265625
2023-09-22,670.989990234375,671.719970703125,659.3300170898438,660.0999755859375,468300,617.4268188476562
2023-09-25,655.02001953125,659.969970703125,653.030029296875,657.5499877929688,458300,615.0416870117188
2023-09-26,652.1199951171875,654.489990234375,645.8200073242188,646.719970703125,589000,604.9117431640625
2023-09-27,647.6799926757812,648.4500122070312,640.3099975585938,643.3900146484375,548800,601.7970581054688
2023-09-28,643.02001953125,647.5399780273438,640.6699829101562,645.239990234375,696100,603.527587890625
2023-09-29,652.7999877929688,656.8200073242188,645.5399780273438,646.489990234375,539900,604.6966552734375
2023-10-02,644.7100219726562,646.25,638.739990234375,643.0399780273438,569000,601.4695434570312
2023-10-03,637.72998046875,637.72998046875,623.5999755859375,625.469970703125,678600,585.0354614257812
2023-10-04,629.030029296875,638.3699951171875,625.3800048828125,636.530029296875,546700,595.380615234375
2023-10-05,633.6500244140625,642.8699951171875,632.010009765625,640.2999877929688,496900,598.9068603515625
2023-10-06,635.02001953125,651.510009765625,634.5399780273438,648.260009765625,608300,606.3522338867188
2023-10-09,641.5,647.8599853515625,640.5,643.6199951171875,536100,602.0122680664062
2023-10-10,643.6199951171875,649.4000244140625,641.7000122070312,641.9500122070312,626700,600.4501342773438
2023-10-11,645.6400146484375,648.6400146484375,638.0999755859375,642.6699829101562,515000,601.12353515625
2023-10-12,643.22998046875,644.27001953125,632.0599975585938,636.1699829101562,744200,595.0437622070312
2023-10-13,628.1699829101562,636.010009765625,620.0,627.6599731445312,1263400,587.083984375
2023-10-16,630.510009765625,641.6199951171875,628.4199829101562,635.4500122070312,695400,594.370361328125
2023-10-17,631.2999877929688,639.8699951171875,629.6799926757812,636.0999755859375,578500,594.978271484375
2023-10-18,635.0,635.0,615.4500122070312,616.6900024414062,664500,576.8231811523438
2023-10-19,625.6500244140625,629.5,619.1099853515625,622.510009765625,1040800,582.2669067382812
2023-10-20,623.25,626.0700073242188,613.1199951171875,614.8300170898438,850300,575.0833740234375
2023-10-23,611.4400024414062,619.469970703125,610.4500122070312,614.72998046875,469500,574.9898681640625
2023-10-24,617.27001953125,620.4199829101562,610.760009765625,612.3900146484375,657200,572.8012084960938
2023-10-25,608.25,611.5900268554688,603.489990234375,608.6799926757812,562000,569.3308715820312
2023-10-26,607.1900024414062,617.8900146484375,606.489990234375,607.0700073242188,856400,567.8250732421875
2023-10-27,607.0700073242188,608.969970703125,596.1799926757812,598.0800170898438,543000,559.416259765625
2023-10-30,602.8400268554688,610.6900024414062,600.260009765625,607.1199951171875,528100,567.871826171875
2023-10-31,608.9500122070312,612.8699951171875,604.4099731445312,612.280029296875,508900,572.6983032226562
2023-11-01,614.489990234375,617.969970703125,607.6699829101562,616.2100219726562,537100,576.3741455078125
2023-11-02,623.77001953125,645.1400146484375,623.77001953125,644.489990234375,1174000,602.825927734375
2023-11-03,654.8200073242188,662.1599731445312,654.260009765625,657.969970703125,894200,615.4344482421875
2023-11-06,656.6199951171875,660.260009765625,650.3599853515625,653.219970703125,469400,610.9915771484375
2023-11-07,652.8200073242188,653.5,646.9099731445312,648.5900268554688,440800,606.660888671875
2023-11-08,648.4299926757812,655.6599731445312,648.4299926757812,654.9500122070312,482200,612.60986328125
2023-11-09,656.72998046875,660.5999755859375,650.6300048828125,651.8200073242188,437100,609.6820678710938
2023-11-10,656.5800170898438,665.4500122070312,653.8800048828125,665.0,522700,622.0101318359375
2023-11-13,660.8200073242188,664.3699951171875,658.1400146484375,661.4500122070312,356400,618.6896362304688
2023-11-14,673.0,699.0700073242188,673.0,697.3499755859375,1011000,652.2686767578125
2023-11-15,698.1699829101562,711.3200073242188,697.7000122070312,708.8400268554688,747400,663.0159912109375
2023-11-16,709.3400268554688,715.0999755859375,708.75,714.9000244140625,558900,668.6841430664062
2023-11-17,719.8400268554688,720.8400268554688,713.6500244140625,716.8599853515625,715600,670.5174560546875
2023-11-20,714.3900146484375,721.6599731445312,712.1099853515625,720.9199829101562,668300,674.3150024414062
2023-11-21,719.7999877929688,726.5999755859375,718.72998046875,724.6400146484375,642900,677.7946166992188
2023-11-22,727.0,730.280029296875,725.97998046875,727.1400146484375,498100,680.1329345703125
2023-11-24,726.719970703125,730.739990234375,726.6400146484375,730.0999755859375,279600,682.9015502929688
2023-11-27,727.2000122070312,732.0499877929688,724.5399780273438,730.6799926757812,868100,683.4440307617188
2023-11-28,725.8599853515625,738.8300170898438,725.8599853515625,736.760009765625,610200,689.131103515625
2023-11-29,742.280029296875,751.27001953125,742.280029296875,747.2999877929688,750000,698.9896240234375
2023-11-30,748.1599731445312,751.8900146484375,744.6900024414062,751.22998046875,961300,702.6655883789062
2023-12-01,750.0,761.3800048828125,748.6599731445312,756.3499755859375,746700,707.4546508789062
2023-12-04,751.8400268554688,757.9199829101562,749.5,756.4299926757812,767900,707.5294799804688
2023-12-05,755.6199951171875,755.6199951171875,748.1799926757812,754.2999877929688,860700,705.5370483398438
2023-12-06,754.52001953125,756.5900268554688,742.4600219726562,743.0700073242188,624800,699.6710815429688
2023-12-07,745.4400024414062,749.8900146484375,742.5999755859375,745.4400024414062,784300,701.9024658203125
2023-12-08,743.1500244140625,747.7899780273438,742.219970703125,744.72998046875,456000,701.2340087890625
2023-12-11,745.7999877929688,755.22998046875,744.3200073242188,752.4099731445312,781300,708.4654541015625
2023-12-12,755.0,759.4400024414062,752.6699829101562,759.2899780273438,607600,714.943603515625
2023-12-13,759.0,777.1900024414062,754.8099975585938,773.4299926757812,600000,728.2578125
2023-12-14,782.9299926757812,807.5999755859375,781.9400024414062,807.1300048828125,1197400,759.9896240234375
2023-12-15,791.9000244140625,819.0,789.469970703125,819.0,2703000,771.1663208007812
2023-12-18,812.0,815.0,795.7999877929688,796.4400024414062,916300,749.9238891601562
2023-12-19,801.0700073242188,814.4199829101562,798.9500122070312,801.3800048828125,756400,754.575439453125
2023-12-20,797.760009765625,805.4099731445312,788.8400268554688,789.22998046875,547900,743.1350708007812
2023-12-21,795.0,799.3699951171875,791.6599731445312,799.0999755859375,341100,752.4285278320312
2023-12-22,801.97998046875,807.52001953125,800.1500244140625,802.4199829101562,426600,755.5545654296875
2023-12-26,803.4400024414062,809.0999755859375,803.4400024414062,806.6099853515625,280600,759.4998779296875
2023-12-27,809.1699829101562,813.25,808.6300048828125,813.25,298000,765.7521362304688
2023-12-28,809.8800048828125,817.6199951171875,809.8800048828125,814.4099731445312,311500,766.8442993164062
2023-12-29,812.5999755859375,816.1699829101562,808.6400146484375,811.7999877929688,318500,764.3867797851562
2024-01-02,804.1500244140625,808.1400146484375,795.4299926757812,800.2999877929688,660000,753.5584716796875
2024-01-03,792.4099731445312,792.4099731445312,782.3300170898438,784.1500244140625,638700,738.3516845703125
2024-01-04,783.260009765625,792.489990234375,782.72998046875,785.9500122070312,580200,740.0465087890625
2024-01-05,782.8099975585938,788.760009765625,781.4600219726562,782.8300170898438,471000,737.1087646484375
2024-01-08,784.4299926757812,798.010009765625,782.9099731445312,797.1900024414062,513200,750.6301879882812
2024-01-09,792.6500244140625,795.1400146484375,787.1400146484375,794.52001953125,454700,748.1160888671875
2024-01-10,794.8900146484375,799.0499877929688,787.8699951171875,792.3599853515625,510800,746.0821533203125
2024-01-11,796.9600219726562,799.97998046875,787.0800170898438,792.6099853515625,735800,746.3175659179688
2024-01-12,785.0,802.3400268554688,782.760009765625,799.5999755859375,880500,752.8992919921875
2024-01-16,803.7899780273438,808.989990234375,788.6599731445312,791.3800048828125,895200,745.1594848632812
2024-01-17,774.3699951171875,787.9299926757812,768.3499755859375,787.4299926757812,617100,741.4400634765625
2024-01-18,794.5599975585938,795.989990234375,785.0599975585938,795.260009765625,506700,748.8128662109375
2024-01-19,797.75,808.8300170898438,794.0499877929688,805.4400024414062,681500,758.398193359375
2024-01-22,806.4099731445312,807.2999877929688,793.510009765625,794.02001953125,760500,747.645263671875
2024-01-23,793.27001953125,795.5900268554688,788.47998046875,792.5599975585938,718300,746.2705078125
2024-01-24,797.8599853515625,797.8599853515625,785.1900024414062,785.75,659700,739.8582763671875
2024-01-25,790.9199829101562,794.9000244140625,787.489990234375,790.4600219726562,723800,744.2932739257812
2024-01-26,791.3300170898438,793.280029296875,785.489990234375,787.2999877929688,687900,741.3176879882812
2024-01-29,787.3099975585938,792.47998046875,781.1400146484375,788.7000122070312,622200,742.6359252929688
2024-01-30,782.97998046875,784.8200073242188,779.0700073242188,781.72998046875,936600,736.0730590820312
2024-01-31,779.469970703125,785.4099731445312,772.3499755859375,774.3099975585938,730800,729.0864868164062
2024-02-01,776.489990234375,785.5499877929688,765.6300048828125,784.9299926757812,626600,739.086181640625
2024-02-02,780.6500244140625,792.3400268554688,777.260009765625,788.0,509900,741.9768676757812
2024-02-05,782.2100219726562,787.239990234375,777.1500244140625,783.1699829101562,501100,737.428955078125
2024-02-06,784.9299926757812,788.0,778.760009765625,787.97998046875,666300,741.9580078125
2024-02-07,790.0,799.4500122070312,786.530029296875,794.7000122070312,700600,748.2855834960938
2024-02-08,794.0599975585938,798.9400024414062,787.5,793.2000122070312,545500,746.8732299804688
2024-02-09,794.22998046875,800.8099975585938,791.77001953125,797.2100219726562,536600,750.6489868164062
2024-02-12,798.3300170898438,808.489990234375,797.6400146484375,801.760009765625,499300,754.9332885742188
2024-02-13,785.25,791.22998046875,770.0,778.0700073242188,637400,732.6268310546875
2024-02-14,785.0999755859375,788.280029296875,779.1599731445312,785.4000244140625,420900,739.5286865234375
2024-02-15,788.4000244140625,802.47998046875,788.4000244140625,798.0499877929688,508200,751.4398803710938
2024-02-16,795.0900268554688,798.0,791.1300048828125,794.0,393700,747.62646484375
2024-02-20,789.280029296875,801.530029296875,787.5700073242188,798.1099853515625,582200,751.496337890625
2024-02-21,798.8099975585938,806.0599975585938,795.4199829101562,805.4500122070312,419100,758.40771484375
2024-02-22,811.0399780273438,816.3300170898438,808.0800170898438,813.4400024414062,549600,765.9309692382812
2024-02-23,817.0599975585938,823.7100219726562,812.0,813.5900268554688,492500,766.0723266601562
2024-02-26,810.9500122070312,814.8200073242188,803.3499755859375,806.030029296875,577800,758.953857421875
2024-02-27,807.3300170898438,809.8699951171875,795.27001953125,800.5399780273438,555900,753.7844848632812
2024-02-28,798.780029296875,813.1199951171875,797.3200073242188,809.6599731445312,513000,762.3717651367188
2024-02-29,813.4000244140625,814.9600219726562,807.3900146484375,811.3400268554688,758800,763.9537353515625
2024-03-01,811.3400268554688,815.3499755859375,805.2100219726562,814.8300170898438,431300,767.2398681640625
2024-03-04,815.969970703125,841.9600219726562,815.969970703125,834.469970703125,858900,785.7327270507812
2024-03-05,832.2899780273438,839.7999877929688,823.3699951171875,826.9400024414062,497600,778.642578125
2024-03-06,825.8499755859375,832.3900146484375,820.4400024414062,830.4000244140625,538000,786.752685546875
2024-03-07,837.989990234375,839.219970703125,829.6300048828125,831.7000122070312,384700,787.9843139648438
2024-03-08,835.8499755859375,845.0,833.719970703125,836.1199951171875,396200,792.1719360351562
2024-03-11,835.6500244140625,836.0700073242188,822.27001953125,825.1599731445312,428600,781.7879638671875
2024-03-12,830.1199951171875,834.27001953125,822.25,829.5900268554688,438600,785.9851684570312
2024-03-13,829.1699829101562,831.6199951171875,823.2100219726562,825.989990234375,510800,782.5743408203125
2024-03-14,825.0,825.2899780273438,800.6199951171875,808.7999877929688,859000,766.2879638671875
2024-03-15,801.5900268554688,813.7999877929688,798.3400268554688,802.52001953125,1576700,760.3380737304688
2024-03-18,806.2000122070312,806.27001953125,793.8300170898438,800.25,634800,758.1873168945312
2024-03-19,796.3099975585938,803.8699951171875,792.8200073242188,802.2999877929688,593900,760.129638671875
2024-03-20,804.1099853515625,819.239990234375,800.6900024414062,817.8900146484375,451400,774.9002075195312
2024-03-21,823.530029296875,844.6400146484375,822.219970703125,842.0599975585938,643300,797.7997436523438
2024-03-22,840.8200073242188,842.3200073242188,822.4600219726562,824.8300170898438,615100,781.4754028320312
2024-03-25,820.4400024414062,826.989990234375,815.1699829101562,816.2100219726562,378100,773.3085327148438
2024-03-26,819.469970703125,823.8800048828125,817.9299926757812,820.2000122070312,374000,777.0887451171875
2024-03-27,826.7999877929688,835.510009765625,822.489990234375,835.1199951171875,466500,791.2245483398438
2024-03-28,836.219970703125,838.6799926757812,831.02001953125,833.7000122070312,532100,789.879150390625
2024-04-01,834.97998046875,835.1199951171875,825.239990234375,826.77001953125,395900,783.3134155273438
2024-04-02,825.5,825.9099731445312,810.0,816.5900268554688,530700,773.66845703125
2024-04-03,815.4500122070312,826.0800170898438,813.5599975585938,814.7999877929688,369600,771.9724731445312
2024-04-04,822.3800048828125,826.52001953125,790.1799926757812,792.0900268554688,1189400,750.4561767578125
2024-04-05,793.6300048828125,804.27001953125,790.1199951171875,797.5599975585938,687300,755.638671875
2024-04-08,801.52001953125,807.5399780273438,796.8300170898438,803.3200073242188,760200,761.0960083007812
2024-04-09,806.22998046875,806.22998046875,794.1799926757812,803.9000244140625,802100,761.6455078125
2024-04-10,793.7899780273438,795.1300048828125,780.9199829101562,783.6500244140625,654400,742.4599609375
2024-04-11,785.5,789.3200073242188,778.7999877929688,785.9600219726562,812000,744.6484375
2024-04-12,785.5599975585938,803.0,762.0599975585938,763.4000244140625,1453600,723.2742919921875
2024-04-15,770.7899780273438,778.219970703125,756.3099975585938,762.989990234375,935200,722.8858642578125
2024-04-16,764.5999755859375,766.8499755859375,748.7899780273438,749.6699829101562,662900,710.2659301757812
2024-04-17,753.0399780273438,758.9000244140625,748.0800170898438,753.7899780273438,585800,714.1693115234375
2024-04-18,754.739990234375,761.4199829101562,746.780029296875,747.2999877929688,614900,708.0205688476562
2024-04-19,751.3900146484375,755.4299926757812,745.5499877929688,749.97998046875,867800,710.5596313476562
2024-04-22,756.75,766.2999877929688,750.5499877929688,760.1099853515625,617200,720.1571044921875
2024-04-23,763.260009765625,769.4199829101562,760.9400024414062,766.6199951171875,461000,726.3250122070312
2024-04-24,762.7999877929688,767.6400146484375,759.4400024414062,762.7999877929688,751200,722.7056884765625
2024-04-25,754.3099975585938,760.6400146484375,748.02001953125,757.6500244140625,510100,717.8264770507812
2024-04-26,759.77001953125,767.47998046875,757.75,762.8800048828125,447900,722.7816162109375
2024-04-29,763.3599853515625,769.4000244140625,755.8499755859375,761.280029296875,483700,721.265625
2024-04-30,758.0399780273438,761.4500122070312,753.7999877929688,754.6400146484375,418600,714.9747314453125
2024-05-01,755.0,765.8300170898438,750.9199829101562,751.5800170898438,614800,712.0755615234375
2024-05-02,758.1599731445312,761.0599975585938,748.780029296875,757.0,632500,717.2106323242188
2024-05-03,765.7000122070312,771.5499877929688,762.7000122070312,763.9099731445312,558300,723.7573852539062
2024-05-06,768.72998046875,775.1599731445312,765.8300170898438,774.6400146484375,450100,733.9234619140625
2024-05-07,780.469970703125,786.27001953125,776.6799926757812,780.9199829101562,777400,739.8733520507812
2024-05-08,778.0,779.25,773.8800048828125,778.3300170898438,665700,737.4195556640625
2024-05-09,777.9000244140625,791.510009765625,777.9000244140625,789.1300048828125,654800,747.6517333984375
2024-05-10,792.530029296875,799.22998046875,792.0800170898438,796.6699829101562,607100,754.7955322265625
2024-05-13,799.0,800.489990234375,789.8099975585938,790.3300170898438,416800,748.788818359375
2024-05-14,792.52001953125,803.3099975585938,792.1699829101562,802.9600219726562,492200,760.7548828125
2024-05-15,809.1199951171875,818.1799926757812,807.6799926757812,815.7000122070312,667300,772.8251953125
2024-05-16,811.3900146484375,815.0,807.6599731445312,807.7100219726562,486300,765.2551879882812
2024-05-17,810.4299926757812,813.4500122070312,806.3099975585938,812.219970703125,394400,769.5281372070312
2024-05-20,808.97998046875,812.8099975585938,804.2000122070312,805.1900024414062,366300,762.86767578125
2024-05-21,804.6199951171875,806.6699829101562,800.22998046875,804.9299926757812,461800,762.621337890625
2024-05-22,803.5399780273438,808.8699951171875,795.5499877929688,799.6099853515625,391600,757.5809326171875
2024-05-23,798.4400024414062,798.4400024414062,781.8099975585938,784.5499877929688,538300,743.3125610351562
2024-05-24,787.3800048828125,789.3900146484375,780.9199829101562,781.9000244140625,429000,740.8019409179688
2024-05-28,781.9000244140625,783.6400146484375,765.47998046875,771.4099731445312,636200,730.8632202148438
2024-05-29,763.2899780273438,765.9299926757812,756.3300170898438,756.5800170898438,574900,716.812744140625
2024-05-30,754.9600219726562,762.4099731445312,753.8300170898438,761.8599853515625,650000,721.8152465820312
2024-05-31,763.0599975585938,774.2899780273438,762.0800170898438,772.030029296875,1616000,731.4506225585938
2024-06-03,779.489990234375,779.7000122070312,768.719970703125,777.3699951171875,571000,736.510009765625
2024-06-04,777.3699951171875,786.8699951171875,774.6199951171875,785.2899780273438,666400,744.013671875
2024-06-05,788.75,789.0800170898438,779.4400024414062,788.8800048828125,539800,747.4150390625
2024-06-06,787.6900024414062,787.6900024414062,776.530029296875,778.530029296875,406300,737.6090087890625
2024-06-07,767.6900024414062,774.010009765625,763.2100219726562,768.6900024414062,468100,733.0885620117188
2024-06-10,766.739990234375,768.8599853515625,760.25,766.1699829101562,588900,730.685302734375
2024-06-11,762.010009765625,763.3699951171875,752.2999877929688,757.6300048828125,499000,722.5407104492188
2024-06-12,769.3499755859375,782.5599975585938,766.0900268554688,770.1099853515625,833200,734.4427490234375
2024-06-13,766.9600219726562,772.75,758.2000122070312,769.7100219726562,462500,734.061279296875
2024-06-14,764.5,769.969970703125,759.989990234375,769.3300170898438,376800,733.6987915039062
2024-06-17,767.2100219726562,783.9400024414062,766.0499877929688,781.0800170898438,541600,744.9046630859375
2024-06-18,778.9400024414062,784.1199951171875,777.02001953125,783.6500244140625,479700,747.3556518554688
2024-06-20,782.02001953125,784.0499877929688,777.52001953125,782.8300170898438,496800,746.57373046875
2024-06-21,783.719970703125,791.1500244140625,779.8900146484375,787.5999755859375,869500,751.1226806640625
2024-06-24,788.5800170898438,806.469970703125,788.5800170898438,798.9500122070312,528700,761.9470825195312
2024-06-25,794.4600219726562,795.260009765625,788.5800170898438,794.3900146484375,388900,757.59814453125
2024-06-26,789.280029296875,791.1199951171875,784.52001953125,787.4500122070312,529000,750.9796752929688
2024-06-27,784.6500244140625,787.0499877929688,780.3400268554688,781.1300048828125,428400,744.9522705078125
2024-06-28,784.489990234375,792.3300170898438,781.2000122070312,787.3200073242188,769500,750.855712890625
2024-07-01,790.8300170898438,794.0999755859375,777.6300048828125,782.27001953125,543500,746.03955078125
2024-07-02,782.6699829101562,789.6599731445312,782.6699829101562,789.1300048828125,367300,752.5818481445312
2024-07-03,789.1300048828125,790.6300048828125,786.0,789.1199951171875,250800,752.5723266601562
2024-07-05,791.1400146484375,791.1799926757812,782.9000244140625,790.5999755859375,341400,753.9837646484375
2024-07-08,790.5999755859375,793.280029296875,785.760009765625,790.1900024414062,529600,753.5927734375
2024-07-09,793.510009765625,803.3900146484375,791.52001953125,802.280029296875,629500,765.122802734375
2024-07-10,801.760009765625,812.2899780273438,801.760009765625,812.0,519000,774.3926391601562
2024-07-11,817.969970703125,825.9299926757812,815.8099975585938,824.8699951171875,634100,786.6666259765625
2024-07-12,829.3900146484375,837.5399780273438,825.4000244140625,827.969970703125,677100,789.6229858398438
2024-07-15,829.97998046875,836.2100219726562,818.4400024414062,822.9600219726562,888100,784.8450927734375
2024-07-16,824.5,845.530029296875,820.9500122070312,843.9400024414062,744600,804.853271484375
2024-07-17,846.3099975585938,848.6199951171875,835.8900146484375,841.0900268554688,692000,802.1353149414062
2024-07-18,835.1699829101562,851.8800048828125,828.7899780273438,829.0,718000,790.605224609375
2024-07-19,833.6699829101562,833.6699829101562,825.0599975585938,830.7000122070312,1036200,792.2265014648438
2024-07-22,836.5499877929688,845.5,835.0399780273438,843.239990234375,573200,804.185791015625
2024-07-23,841.8099975585938,850.989990234375,839.02001953125,844.6900024414062,701500,805.5684814453125
2024-07-24,844.0800170898438,846.239990234375,826.1099853515625,827.6500244140625,660300,789.3178100585938
2024-07-25,824.9600219726562,848.5800170898438,822.4299926757812,836.5399780273438,587500,797.7960205078125
2024-07-26,841.969970703125,857.6500244140625,841.0999755859375,856.2000122070312,555800,816.5455932617188
2024-07-29,858.0,865.1699829101562,852.3699951171875,862.1500244140625,612700,822.2199096679688
2024-07-30,868.1300048828125,873.8900146484375,865.1799926757812,872.5900268554688,539600,832.1764526367188
2024-07-31,875.3200073242188,885.0999755859375,871.9000244140625,876.5,656800,835.9052734375
2024-08-01,880.0,884.6699829101562,860.3200073242188,865.3499755859375,586500,825.271728515625
2024-08-02,855.0,858.2000122070312,839.2899780273438,846.02001953125,479800,806.8370361328125
2024-08-05,824.6900024414062,848.9199829101562,813.1799926757812,830.760009765625,1328800,792.2838134765625
2024-08-06,834.52001953125,852.22998046875,829.5,840.9600219726562,525100,802.0114135742188
2024-08-07,852.260009765625,856.4000244140625,838.469970703125,839.8400268554688,750900,800.9432373046875
2024-08-08,846.2000122070312,855.7899780273438,843.6199951171875,854.8300170898438,381500,815.239013671875
2024-08-09,853.4199829101562,862.2100219726562,849.7999877929688,856.2100219726562,290400,816.5551147460938
2024-08-12,854.1400146484375,857.0,835.4500122070312,838.27001953125,510300,799.4459838867188
2024-08-13,844.47998046875,856.2100219726562,843.7000122070312,854.5900268554688,385800,815.0100708007812
2024-08-14,856.030029296875,859.6199951171875,851.3800048828125,857.52001953125,325100,817.8043823242188
2024-08-15,864.52001953125,875.8300170898438,863.030029296875,872.0599975585938,520800,831.6710205078125
2024-08-16,872.25,874.8699951171875,868.7000122070312,872.489990234375,395200,832.0810546875
2024-08-19,873.5900268554688,877.02001953125,866.3099975585938,870.2100219726562,456000,829.9066772460938
2024-08-20,869.4500122070312,871.989990234375,859.72998046875,860.969970703125,348700,821.0946044921875
2024-08-21,861.8800048828125,864.9199829101562,853.760009765625,863.0900268554688,453700,823.1165161132812
2024-08-22,863.0900268554688,868.739990234375,858.97998046875,865.239990234375,327400,825.166748046875
2024-08-23,869.5,884.6599731445312,867.030029296875,882.8400268554688,416300,841.9517211914062
2024-08-26,882.760009765625,889.0,878.780029296875,883.1400146484375,413800,842.23779296875
2024-08-27,883.5,888.0,878.7000122070312,886.1300048828125,300400,845.08935546875
2024-08-28,886.4400024414062,895.4400024414062,883.7100219726562,888.6599731445312,441200,847.5020751953125
2024-08-29,888.6599731445312,898.6599731445312,884.780029296875,894.8699951171875,417900,853.424560546875
2024-08-30,898.2899780273438,903.4600219726562,889.9600219726562,901.8099975585938,478200,860.0430908203125
2024-09-03,899.0700073242188,900.0,881.010009765625,886.4299926757812,433500,845.37548828125
2024-09-04,880.3300170898438,890.7000122070312,879.1799926757812,886.489990234375,356600,845.4326171875
2024-09-05,889.7000122070312,889.7000122070312,873.1400146484375,876.6400146484375,426000,836.038818359375
2024-09-06,878.1400146484375,884.760009765625,861.1099853515625,866.9199829101562,748900,826.76904296875
2024-09-09,873.4400024414062,884.010009765625,870.9199829101562,877.9400024414062,394800,842.2334594726562
2024-09-10,886.219970703125,886.219970703125,869.3200073242188,883.8300170898438,269900,847.8839111328125
2024-09-11,878.4400024414062,878.489990234375,854.1599731445312,877.1199951171875,431900,841.4468383789062
2024-09-12,880.8300170898438,886.469970703125,874.3800048828125,885.1199951171875,478700,849.121337890625
2024-09-13,888.1400146484375,892.1400146484375,882.6799926757812,885.72998046875,406900,849.7066040039062
2024-09-16,888.3400268554688,895.9000244140625,886.5999755859375,895.1799926757812,380900,858.7722778320312
2024-09-17,897.3499755859375,908.8800048828125,895.1900024414062,904.52001953125,416900,867.7324829101562
2024-09-18,911.8099975585938,930.5,905.75,922.7100219726562,656300,885.1826171875
2024-09-19,938.25,942.72998046875,925.719970703125,934.8699951171875,625500,896.8480224609375
2024-09-20,930.6699829101562,931.7899780273438,924.6300048828125,928.7899780273438,970100,891.0153198242188
2024-09-23,929.969970703125,939.4600219726562,928.7899780273438,937.6099853515625,396500,899.4766235351562
2024-09-24,934.0,942.1599731445312,930.0,941.22998046875,366500,902.9493408203125
2024-09-25,942.719970703125,942.8400268554688,934.6099853515625,936.7999877929688,476800,898.6995849609375
2024-09-26,945.0,952.75,939.4099731445312,945.02001953125,459400,906.5852661132812
2024-09-27,945.469970703125,950.3499755859375,942.0999755859375,945.2100219726562,472500,906.7675170898438
2024-09-30,944.2899780273438,951.27001953125,935.969970703125,949.510009765625,362200,910.8926391601562
2024-10-01,945.3200073242188,945.3200073242188,918.9600219726562,934.02001953125,543800,896.0326538085938
2024-10-02,939.8699951171875,957.280029296875,933.0,957.25,368200,918.3178100585938
2024-10-03,953.5700073242188,958.6300048828125,949.489990234375,951.489990234375,511100,912.7920532226562
2024-10-04,960.739990234375,960.739990234375,931.030029296875,949.1900024414062,491700,910.5856323242188
2024-10-07,952.0,956.8200073242188,937.9600219726562,940.6699829101562,561400,902.4122314453125
2024-10-08,951.5499877929688,955.3599853515625,942.280029296875,949.0700073242188,389000,910.4706420898438
2024-10-09,950.0,962.9500122070312,947.97998046875,955.9199829101562,573200,917.0418701171875
2024-10-10,955.0,963.3300170898438,953.6199951171875,955.5900268554688,564400,916.7254028320312
2024-10-11,963.2100219726562,996.2899780273438,963.1500244140625,990.260009765625,927500,949.9852905273438
2024-10-14,999.1699829101562,1001.4500122070312,989.1900024414062,991.719970703125,768400,951.3859252929688
2024-10-15,998.0,1016.4500122070312,996.1199951171875,1007.0,618800,966.0444946289062
2024-10-16,1004.1500244140625,1019.219970703125,1004.1500244140625,1015.75,547100,974.4386596679688
2024-10-17,1023.5999755859375,1032.0,1001.6400146484375,1002.5,684700,961.7275390625
2024-10-18,1009.47998046875,1009.47998046875,998.3800048828125,1007.02001953125,505400,966.0635375976562
2024-10-21,1005.0,1008.5800170898438,997.2100219726562,1000.530029296875,311200,959.8375854492188
2024-10-22,997.1099853515625,1003.8699951171875,990.7899780273438,1000.8099975585938,504400,960.1062622070312
2024-10-23,997.0499877929688,1008.6400146484375,982.6699829101562,988.1599731445312,441400,947.9706420898438
2024-10-24,991.0399780273438,992.030029296875,983.22998046875,984.0,353600,943.9797973632812
2024-10-25,987.3499755859375,987.3499755859375,968.9500122070312,974.0700073242188,433500,934.453857421875
2024-10-28,982.0,989.4500122070312,979.010009765625,986.219970703125,329400,946.1094360351562
2024-10-29,985.0,989.77001953125,979.1300048828125,983.1699829101562,269500,943.1835327148438
2024-10-30,985.52001953125,998.0,978.9600219726562,979.8699951171875,427900,940.017822265625
2024-10-31,970.1599731445312,986.0700073242188,969.5399780273438,981.030029296875,607800,941.1306762695312
2024-11-01,984.0,991.969970703125,980.22998046875,985.0800170898438,792000,945.0159912109375
2024-11-04,979.1400146484375,992.010009765625,976.0499877929688,991.5,512500,951.1749267578125
2024-11-05,992.0,1017.6900024414062,992.0,1014.3499755859375,424800,973.0955810546875
2024-11-06,1046.260009765625,1057.510009765625,1000.0,1029.8199462890625,1266900,987.9363403320312
2024-11-07,1039.989990234375,1044.949951171875,1032.4000244140625,1036.06005859375,528700,993.9227294921875
2024-11-08,1040.97998046875,1050.43994140625,1036.6700439453125,1039.280029296875,454500,997.0116577148438
2024-11-11,1048.8299560546875,1068.3399658203125,1047.5,1053.8399658203125,681500,1010.9794311523438
2024-11-12,1054.199951171875,1057.0799560546875,1033.5899658203125,1036.3499755859375,489900,994.2006225585938
2024-11-13,1038.3699951171875,1043.6500244140625,1026.1800537109375,1030.97998046875,408800,989.0491943359375
2024-11-14,1040.7099609375,1058.8900146484375,1037.199951171875,1047.0799560546875,1048700,1004.494384765625
2024-11-15,1038.489990234375,1052.510009765625,1035.010009765625,1047.3699951171875,583400,1004.7726440429688
2024-11-18,1038.5799560546875,1053.219970703125,1037.4000244140625,1049.969970703125,563200,1007.266845703125
2024-11-19,1042.0,1044.31005859375,1027.5899658203125,1028.1099853515625,673500,986.2959594726562
2024-11-20,1032.3499755859375,1036.699951171875,1018.0,1024.6700439453125,593700,982.995849609375
2024-11-21,1034.72998046875,1039.4300537109375,1024.5999755859375,1028.0,473100,986.1903076171875
2024-11-22,1033.0,1041.93994140625,1028.5,1036.4599609375,713000,994.3063354492188
2024-11-25,1048.8399658203125,1049.0,1030.5699462890625,1031.489990234375,1463700,989.5385131835938
2024-11-26,1032.050048828125,1038.3199462890625,1018.2000122070312,1026.47998046875,772700,984.7322387695312
2024-11-27,1029.550048828125,1034.0,1018.0399780273438,1019.4500122070312,481900,977.9881591796875
2024-11-29,1020.8200073242188,1029.3199462890625,1020.8200073242188,1022.7999877929688,390000,981.2017822265625
2024-12-02,1026.550048828125,1033.6500244140625,1012.8699951171875,1020.1099853515625,719600,978.6212158203125
2024-12-03,1031.0899658203125,1046.2900390625,1021.0,1039.0,941700,996.7431030273438
2024-12-04,1038.0,1039.3800048828125,1012.47998046875,1035.0,1029500,992.9056396484375
2024-12-05,1030.0,1057.6099853515625,1028.530029296875,1044.780029296875,880500,1007.2511596679688
2024-12-06,1044.4200439453125,1053.22998046875,1038.3499755859375,1042.8699951171875,550300,1005.40966796875
2024-12-09,1049.969970703125,1055.8199462890625,1043.25,1046.3800048828125,742600,1008.7938232421875
2024-12-10,1049.8599853515625,1064.8499755859375,1045.9100341796875,1057.0699462890625,645000,1019.0997314453125
2024-12-11,1061.1400146484375,1082.449951171875,1060.280029296875,1065.260009765625,1139700,1026.9954833984375
2024-12-12,1068.18994140625,1074.050048828125,1051.219970703125,1058.8199462890625,687100,1020.7869873046875
2024-12-13,1056.8599853515625,1061.43994140625,1052.3299560546875,1056.5400390625,537300,1018.5887451171875
2024-12-16,1059.3800048828125,1071.97998046875,1056.5,1064.6500244140625,897800,1026.407470703125
2024-12-17,1056.02001953125,1059.75,1038.27001953125,1049.219970703125,990400,1011.53173828125
2024-12-18,1049.219970703125,1061.0,1018.9600219726562,1020.2999877929688,864900,983.6505126953125
2024-12-19,1040.52001953125,1040.8800048828125,1014.9500122070312,1016.3300170898438,796300,979.8231201171875
2024-12-20,1007.6400146484375,1036.77001953125,1001.97998046875,1028.68994140625,2079800,991.7390747070312
2024-12-23,1025.8900146484375,1041.3599853515625,1023.3599853515625,1039.699951171875,488100,1002.3535766601562
2024-12-24,1041.6400146484375,1054.8299560546875,1036.6700439453125,1054.8299560546875,276600,1016.9401245117188
2024-12-26,1045.0,1057.489990234375,1045.0,1054.280029296875,292100,1016.4100341796875
2024-12-27,1048.0,1055.43994140625,1040.260009765625,1044.1800537109375,337100,1006.6727905273438
2024-12-30,1032.81005859375,1036.050048828125,1021.47998046875,1027.4300537109375,591700,990.5244750976562
2024-12-31,1030.81005859375,1034.1300048828125,1019.5399780273438,1025.1099853515625,619400,988.2877197265625
2025-01-02,1030.0,1032.0999755859375,1012.0,1017.4000244140625,604500,980.854736328125
2025-01-03,1022.1699829101562,1024.0,1010.0,1020.8300170898438,469000,984.1614379882812
2025-01-06,1025.6500244140625,1029.4100341796875,1011.489990234375,1012.739990234375,616200,976.3619995117188
2025-01-07,1011.0,1012.0,978.25,980.760009765625,970500,945.5307006835938
2025-01-08,980.239990234375,990.2899780273438,976.0499877929688,986.0999755859375,778500,950.678955078125
2025-01-10,979.7899780273438,982.0499877929688,948.1599731445312,955.6400146484375,908200,921.3131103515625
2025-01-13,946.25,957.25,943.3400268554688,955.010009765625,794100,920.7057495117188
2025-01-14,964.3200073242188,969.5999755859375,958.0399780273438,963.1699829101562,1058100,928.5725708007812
2025-01-15,1019.77001953125,1025.449951171875,991.0,1013.1799926757812,1140100,976.7861938476562
2025-01-16,1016.5399780273438,1016.5399780273438,982.1799926757812,995.719970703125,883800,959.953369140625
2025-01-17,1000.9000244140625,1012.8099975585938,997.010009765625,1004.9600219726562,1085800,968.8615112304688
2025-01-21,1014.02001953125,1026.949951171875,1003.719970703125,1012.0900268554688,671600,975.7354125976562
2025-01-22,1012.47998046875,1013.8200073242188,998.25,1006.3400268554688,570300,970.1920166015625
2025-01-23,1003.9600219726562,1017.8099975585938,1000.8300170898438,1017.72998046875,645300,981.1727905273438
2025-01-24,1013.1400146484375,1026.0,1013.1400146484375,1020.4500122070312,731300,983.7951049804688
2025-01-27,1010.0,1030.9100341796875,1004.6900024414062,1029.93994140625,662500,992.9442138671875
2025-01-28,1029.6800537109375,1055.719970703125,1027.050048828125,1051.199951171875,1083000,1013.4405517578125
2025-01-29,1047.1099853515625,1066.8299560546875,1045.31005859375,1052.6099853515625,808600,1014.7997436523438
2025-01-30,1069.199951171875,1078.25,1059.3299560546875,1071.52001953125,532100,1033.0306396484375
2025-01-31,1074.0899658203125,1084.219970703125,1068.760009765625,1075.5,957600,1036.86767578125
2025-02-03,1054.47998046875,1056.5400390625,1006.6300048828125,1013.75,1502200,977.3357543945312
2025-02-04,1011.5399780273438,1019.5,1004.0,1015.6599731445312,931100,979.1771240234375
2025-02-05,1020.0,1027.550048828125,1005.9099731445312,1014.5,710200,978.0588989257812
2025-02-06,1020.3499755859375,1023.7999877929688,1005.0,1006.6199951171875,688500,970.4619750976562
2025-02-07,1008.760009765625,1015.9099731445312,991.1500244140625,992.0399780273438,731700,956.4055786132812
2025-02-10,995.0,996.3400268554688,976.7899780273438,985.5499877929688,683700,950.148681640625
2025-02-11,980.0,989.4600219726562,973.5999755859375,988.2000122070312,884900,952.7034912109375
2025-02-12,975.0399780273438,980.8900146484375,965.8800048828125,973.7100219726562,562900,938.7340698242188
2025-02-13,979.0399780273438,982.0,970.27001953125,980.2999877929688,480500,945.0873413085938
2025-02-14,975.0,978.6500244140625,968.3800048828125,973.9199829101562,965200,938.9364624023438
2025-02-18,969.1400146484375,977.8699951171875,959.0700073242188,977.8599853515625,1048500,942.73486328125
2025-02-19,971.0,989.7000122070312,966.8800048828125,986.3400268554688,760300,950.910400390625
2025-02-20,986.5,991.3200073242188,974.02001953125,989.3800048828125,769700,953.8411254882812
2025-02-21,992.489990234375,993.2100219726562,971.010009765625,974.219970703125,1254000,939.2256469726562
2025-02-24,975.3499755859375,982.280029296875,948.1099853515625,952.7999877929688,1141500,918.5750732421875
2025-02-25,957.9500122070312,966.1199951171875,945.8599853515625,958.010009765625,1004000,923.5980224609375
2025-02-26,956.5,967.1099853515625,952.280029296875,953.77001953125,614300,919.5103149414062
2025-02-27,959.0999755859375,969.989990234375,943.5,944.8900146484375,675200,910.9492797851562
2025-02-28,943.1799926757812,980.47998046875,942.010009765625,977.780029296875,1412300,942.6577758789062
2025-03-03,979.8400268554688,990.7899780273438,958.8400268554688,966.469970703125,767000,931.7540283203125
2025-03-04,952.3599853515625,964.5800170898438,933.3400268554688,951.7899780273438,1040000,917.601318359375
2025-03-05,964.0,969.6599731445312,947.8499755859375,968.1400146484375,837800,933.3641967773438
2025-03-06,957.6300048828125,969.010009765625,948.72998046875,959.6400146484375,698000,925.16943359375
2025-03-07,953.030029296875,953.030029296875,918.989990234375,946.9199829101562,1180800,917.8896484375
2025-03-10,918.0999755859375,931.780029296875,901.530029296875,915.260009765625,1069500,887.2003784179688
2025-03-11,912.1300048828125,922.969970703125,904.9500122070312,910.3699951171875,963100,882.460205078125
2025-03-12,920.0,923.530029296875,903.5399780273438,910.0599975585938,630200,882.1597290039062
2025-03-13,913.02001953125,913.5,898.260009765625,900.4600219726562,656600,872.8540649414062
2025-03-14,915.02001953125,929.0999755859375,907.9199829101562,928.7000122070312,623600,900.2283325195312
2025-03-17,937.1300048828125,960.9400024414062,933.3699951171875,958.0,922300,928.6299438476562
2025-03-18,957.6300048828125,964.5700073242188,956.010009765625,958.6199951171875,1086200,929.23095703125
2025-03-19,959.6799926757812,966.0,951.0,957.22998046875,1086700,927.8836059570312
2025-03-20,952.6900024414062,961.6300048828125,949.52001953125,954.1699829101562,667900,924.9174194335938
2025-03-21,948.0,956.3400268554688,938.1699829101562,951.72998046875,5211600,922.5521850585938
2025-03-24,960.6500244140625,972.989990234375,957.0,963.5,640000,933.9613647460938
2025-03-25,970.47998046875,977.280029296875,961.8599853515625,973.47998046875,566700,943.6354370117188
2025-03-26,975.0,980.2000122070312,964.0,968.239990234375,667600,938.5559692382812
2025-03-27,965.510009765625,976.7999877929688,957.5,967.9400024414062,479100,938.2652587890625
2025-03-28,966.239990234375,967.6500244140625,945.77001953125,946.7000122070312,568800,917.6763916015625
2025-03-31,933.5999755859375,949.3699951171875,920.4500122070312,946.47998046875,1195500,917.4631958007812
2025-04-01,945.9099731445312,957.3800048828125,931.4099731445312,944.0800170898438,668600,915.13671875
2025-04-02,934.030029296875,965.9600219726562,934.030029296875,961.8400268554688,490300,932.352294921875
2025-04-03,918.5599975585938,928.2100219726562,887.1599731445312,887.6500244140625,903000,860.436767578125
2025-04-04,852.8800048828125,860.52001953125,811.1599731445312,822.6199951171875,1615100,797.400390625
2025-04-07,789.6300048828125,846.219970703125,773.739990234375,817.5,1654100,792.4373779296875
2025-04-08,849.2999877929688,856.7999877929688,805.0,815.719970703125,1812200,790.7119750976562
2025-04-09,800.5399780273438,904.9099731445312,799.1500244140625,897.0800170898438,1821500,869.5776977539062
2025-04-10,879.489990234375,880.4099731445312,833.0999755859375,858.780029296875,1235600,832.451904296875
2025-04-11,848.1699829101562,888.5499877929688,840.5,878.780029296875,963000,851.8388061523438
2025-04-14,897.27001953125,900.0,879.5900268554688,889.9500122070312,970300,862.6661987304688
2025-04-15,888.9000244140625,900.75,886.22998046875,888.4400024414062,516200,861.2025146484375
2025-04-16,881.239990234375,886.9000244140625,855.219970703125,865.780029296875,591500,839.2373046875
2025-04-17,871.0499877929688,890.1300048828125,866.1699829101562,875.780029296875,1034300,848.9307250976562
2025-04-21,867.0,870.0,845.8200073242188,854.0,644400,827.818359375
2025-04-22,869.9199829101562,888.469970703125,864.510009765625,887.219970703125,600700,860.0199584960938
2025-04-23,909.1699829101562,929.0,888.760009765625,892.5399780273438,553100,865.1768188476562
2025-04-24,895.5,916.7100219726562,892.9099731445312,916.260009765625,619700,888.1696166992188
2025-04-25,913.25,918.27001953125,899.3599853515625,907.6900024414062,444400,879.8623046875
2025-04-28,906.22998046875,923.52001953125,906.22998046875,913.739990234375,685200,885.7268676757812
2025-04-29,910.8900146484375,921.7000122070312,905.0499877929688,920.52001953125,392300,892.2990112304688
2025-04-30,905.9600219726562,915.8800048828125,893.9400024414062,914.260009765625,1028900,886.2310180664062
2025-05-01,912.9600219726562,923.8800048828125,905.9099731445312,916.1400146484375,451700,888.0533447265625
2025-05-02,931.4199829101562,935.1599731445312,924.3200073242188,929.2000122070312,822500,900.7129516601562
2025-05-05,922.9400024414062,933.7000122070312,920.1900024414062,920.530029296875,384100,892.3087158203125
2025-05-06,910.489990234375,923.77001953125,906.5700073242188,914.969970703125,482900,886.9191284179688
2025-05-07,917.6500244140625,924.989990234375,914.8400268554688,920.3599853515625,547800,892.1439819335938
2025-05-08,930.0,944.97998046875,927.2100219726562,928.6400146484375,626700,900.170166015625
2025-05-09,930.0,932.0399780273438,922.1199951171875,923.4400024414062,684800,895.1295776367188
2025-05-12,961.4199829101562,964.9400024414062,951.1300048828125,958.030029296875,807900,928.6591186523438
2025-05-13,959.8900146484375,968.3200073242188,957.97998046875,959.1799926757812,604900,929.7738037109375
2025-05-14,960.0,969.989990234375,959.0,967.0599975585938,679200,937.4122314453125
2025-05-15,968.6799926757812,989.4400024414062,967.1099853515625,983.0800170898438,1156600,952.9410400390625
2025-05-16,986.75,992.1199951171875,982.52001953125,989.7100219726562,723600,959.3678588867188
2025-05-19,979.1900024414062,995.6599731445312,976.530029296875,993.6599731445312,495000,963.1967163085938
2025-05-20,987.8900146484375,999.0,987.52001953125,997.7100219726562,536700,967.12255859375
2025-05-21,989.0,996.6799926757812,971.0900268554688,972.8300170898438,696000,943.0053100585938
2025-05-22,972.0,977.7899780273438,965.6799926757812,969.9000244140625,364100,940.1651611328125
2025-05-23,956.8900146484375,969.72998046875,950.2999877929688,963.1799926757812,517500,933.6512451171875
2025-05-27,975.6900024414062,981.5,967.989990234375,981.3200073242188,843100,951.235107421875
2025-05-28,981.989990234375,984.5,969.739990234375,971.280029296875,367100,941.5028686523438
2025-05-29,978.0800170898438,979.530029296875,965.969970703125,976.3200073242188,455500,946.3883666992188
2025-05-30,973.1400146484375,979.969970703125,967.3400268554688,979.8900146484375,1061000,949.8489379882812
2025-06-02,975.7100219726562,979.8900146484375,965.0,978.0700073242188,425000,948.084716796875
2025-06-03,976.0,985.280029296875,970.9600219726562,982.1300048828125,495700,952.020263671875
2025-06-04,987.0,991.0,984.989990234375,988.969970703125,491700,958.6505126953125
2025-06-05,989.0700073242188,991.0,978.5900268554688,985.4600219726562,479400,960.30712890625
2025-06-06,993.72998046875,1000.97998046875,987.3300170898438,989.0499877929688,627700,963.8054809570312
2025-06-09,991.2899780273438,994.4199829101562,981.52001953125,988.8400268554688,420000,963.6008911132812
2025-06-10,987.5,993.1199951171875,985.0,991.9000244140625,478700,966.582763671875
2025-06-11,995.2999877929688,1003.3099975585938,990.0,993.2999877929688,645700,967.947021484375
2025-06-12,989.9099731445312,994.5,983.739990234375,988.25,558500,963.0260009765625
2025-06-13,980.3200073242188,985.5700073242188,967.3400268554688,971.8200073242188,674300,947.0152587890625
2025-06-16,986.5900268554688,989.1500244140625,977.22998046875,982.0999755859375,522400,957.0328979492188
2025-06-17,975.8499755859375,980.4299926757812,965.6300048828125,969.1799926757812,624800,944.442626953125
2025-06-18,970.8099975585938,988.27001953125,966.4500122070312,979.52001953125,662600,954.5187377929688
2025-06-20,982.2100219726562,986.9099731445312,973.2100219726562,974.4400024414062,859500,949.5684204101562
2025-06-23,975.3200073242188,986.4500122070312,966.47998046875,986.2999877929688,642900,961.125732421875
2025-06-24,995.5,1005.8499755859375,993.0,1004.969970703125,699500,979.3192138671875
2025-06-25,1007.72998046875,1020.0,1000.0,1018.0800170898438,661800,992.0946044921875
2025-06-26,1020.52001953125,1037.0,1017.7000122070312,1030.7900390625,631200,1004.4801025390625
2025-06-27,1035.5999755859375,1050.0,1034.3599853515625,1047.8199462890625,799900,1021.0755004882812
2025-06-30,1049.97998046875,1054.1800537109375,1041.31005859375,1049.25,530400,1022.468994140625
2025-07-01,1046.5799560546875,1057.0,1041.4300537109375,1054.27001953125,472900,1027.36083984375
2025-07-02,1056.0,1070.6600341796875,1050.0,1070.5699462890625,495000,1043.24462890625
2025-07-03,1071.3299560546875,1082.47998046875,1066.6300048828125,1082.1500244140625,342700,1054.529296875
2025-07-07,1084.0,1086.8399658203125,1070.02001953125,1075.969970703125,559700,1048.5069580078125
2025-07-08,1075.4200439453125,1079.8599853515625,1070.0,1075.02001953125,502500,1047.5811767578125
2025-07-09,1080.0,1088.77001953125,1077.6400146484375,1088.75,340400,1060.9608154296875
2025-07-10,1091.780029296875,1105.719970703125,1084.1500244140625,1104.050048828125,467500,1075.870361328125
2025-07-11,1099.6099853515625,1103.43994140625,1091.8199462890625,1101.6400146484375,545400,1073.521728515625
2025-07-14,1101.0799560546875,1112.1300048828125,1098.43994140625,1111.4599609375,661800,1083.0911865234375
2025-07-15,1070.8499755859375,1076.469970703125,1033.77001953125,1046.1600341796875,1939400,1019.4578857421875
2025-07-16,1054.5899658203125,1086.949951171875,1053.0,1082.239990234375,1407200,1054.616943359375
2025-07-17,1085.0,1109.2900390625,1077.1099853515625,1105.3800048828125,1175600,1077.166259765625
2025-07-18,1111.9300537109375,1119.18994140625,1102.5799560546875,1103.5899658203125,991300,1075.421875
2025-07-21,1107.6800537109375,1110.7099609375,1093.02001953125,1093.02001953125,445700,1065.1217041015625
2025-07-22,1096.0799560546875,1103.81005859375,1086.1800537109375,1100.3900146484375,580800,1072.3037109375
2025-07-23,1104.1700439453125,1122.72998046875,1100.56005859375,1120.3699951171875,653400,1091.773681640625
2025-07-24,1117.0,1125.760009765625,1113.6400146484375,1118.3699951171875,539500,1089.8248291015625
2025-07-25,1122.3199462890625,1130.6600341796875,1117.760009765625,1123.280029296875,516300,1094.6094970703125
2025-07-28,1124.0,1125.68994140625,1115.0899658203125,1117.8199462890625,299300,1089.288818359375
2025-07-29,1123.3499755859375,1127.93994140625,1114.75,1121.530029296875,422000,1092.9041748046875
2025-07-30,1117.300048828125,1126.550048828125,1109.43994140625,1114.6500244140625,372400,1086.1998291015625
2025-07-31,1108.2900390625,1120.949951171875,1103.239990234375,1106.010009765625,498400,1077.7801513671875
2025-08-01,1089.0,1097.6600341796875,1077.199951171875,1091.800048828125,673200,1063.932861328125
2025-08-04,1097.97998046875,1116.06005859375,1095.25,1116.06005859375,503100,1087.5738525390625
2025-08-05,1122.739990234375,1122.739990234375,1099.52001953125,1109.6400146484375,481300,1081.3175048828125
2025-08-06,1114.02001953125,1122.1400146484375,1105.969970703125,1120.5400390625,404900,1091.939453125
2025-08-07,1130.0,1131.9300537109375,1108.1600341796875,1112.8299560546875,381400,1084.426025390625
2025-08-08,1119.719970703125,1126.1700439453125,1114.550048828125,1124.969970703125,427800,1096.25634765625
2025-08-11,1125.0,1133.0799560546875,1121.780029296875,1127.9300537109375,575600,1099.140869140625
2025-08-12,1134.3299560546875,1161.5,1131.5699462890625,1159.6099853515625,669000,1130.0120849609375
2025-08-13,1166.5,1171.8900146484375,1148.0,1160.030029296875,570800,1130.4215087890625
2025-08-14,1154.1300048828125,1162.5,1144.8299560546875,1160.1600341796875,407600,1130.548095703125
2025-08-15,1163.52001953125,1163.52001953125,1134.4300537109375,1135.010009765625,582200,1106.0399169921875
2025-08-18,1134.0,1141.0,1126.8199462890625,1136.1199951171875,405800,1107.1217041015625
2025-08-19,1126.280029296875,1135.0,1121.800048828125,1128.469970703125,611700,1099.6669921875
2025-08-20,1125.8599853515625,1132.8399658203125,1114.010009765625,1128.4599609375,573100,1099.6571044921875
2025-08-21,1124.8199462890625,1129.0,1118.8299560546875,1124.75,275100,1096.0418701171875
2025-08-22,1128.8900146484375,1157.75,1126.0,1148.1700439453125,433700,1118.8641357421875
2025-08-25,1143.4100341796875,1150.0,1136.5699462890625,1137.0999755859375,415000,1108.07666015625
2025-08-26,1135.030029296875,1142.4100341796875,1125.530029296875,1139.800048828125,580200,1110.707763671875
2025-08-27,1138.3900146484375,1144.780029296875,1131.56005859375,1131.6300048828125,310000,1102.746337890625
2025-08-28,1133.800048828125,1138.0,1127.1199951171875,1130.47998046875,475200,1101.62548828125
2025-08-29,1131.9000244140625,1134.1400146484375,1118.449951171875,1127.1400146484375,356100,1098.370849609375
2025-09-02,1117.8399658203125,1119.989990234375,1100.5899658203125,1114.77001953125,391300,1086.3167724609375
2025-09-03,1112.5999755859375,1113.199951171875,1092.6600341796875,1099.489990234375,412900,1071.4267578125
2025-09-04,1109.0,1113.0,1101.5799560546875,1108.760009765625,460000,1080.4599609375
2025-09-05,1107.7099609375,1110.1800537109375,1088.5699462890625,1099.1500244140625,487600,1076.152099609375
2025-09-08,1098.280029296875,1105.8199462890625,1094.0,1104.9200439453125,671000,1081.801513671875
2025-09-09,1101.56005859375,1113.7099609375,1100.050048828125,1105.6700439453125,334200,1082.5357666015625
2025-09-10,1107.280029296875,1118.52001953125,1098.81005859375,1102.8900146484375,367400,1079.8138427734375
2025-09-11,1105.0,1141.8299560546875,1102.969970703125,1134.1800537109375,585100,1110.4493408203125
2025-09-12,1132.719970703125,1140.0,1118.6500244140625,1123.4100341796875,544800,1099.9044189453125
2025-09-15,1120.5799560546875,1125.6099853515625,1110.5,1115.1099853515625,506800,1091.778076171875
2025-09-16,1120.0,1123.3900146484375,1106.6099853515625,1118.8900146484375,547500,1095.4791259765625
2025-09-17,1121.0,1133.449951171875,1117.0,1131.780029296875,508000,1108.099365234375
2025-09-18,1136.93994140625,1151.93994140625,1134.5,1137.1300048828125,523900,1113.33740234375
2025-09-19,1138.77001953125,1145.050048828125,1126.0,1142.8499755859375,1505500,1118.937744140625
2025-09-22,1137.18994140625,1142.9100341796875,1133.699951171875,1136.2099609375,366000,1112.4366455078125
2025-09-23,1138.5,1146.260009765625,1127.4100341796875,1131.75,427100,1108.0699462890625
2025-09-24,1133.5,1140.4300537109375,1125.6099853515625,1127.97998046875,345400,1104.37890625
2025-09-25,1122.6800537109375,1149.1199951171875,1118.0,1147.2900390625,680300,1123.284912109375
2025-09-26,1152.0,1159.47998046875,1150.780029296875,1156.449951171875,435500,1132.2530517578125
2025-09-29,1167.4000244140625,1182.1400146484375,1163.8499755859375,1175.56005859375,567500,1150.96337890625
2025-09-30,1176.6500244140625,1183.5,1154.5,1165.8699951171875,691600,1141.4759521484375
2025-10-01,1154.0,1156.9200439453125,1133.68994140625,1141.0699462890625,604300,1117.195068359375
2025-10-02,1145.5400390625,1167.47998046875,1138.5999755859375,1160.5400390625,615800,1136.2576904296875
2025-10-03,1166.9599609375,1168.010009765625,1157.8499755859375,1160.68994140625,377200,1136.4044189453125
2025-10-06,1168.97998046875,1184.1300048828125,1158.5999755859375,1179.27001953125,772600,1154.595703125
2025-10-07,1179.27001953125,1183.949951171875,1155.030029296875,1166.22998046875,531300,1141.8284912109375
2025-10-08,1171.43994140625,1178.18994140625,1155.469970703125,1165.0,393500,1140.624267578125
2025-10-09,1170.6300048828125,1177.5,1157.1199951171875,1167.4300537109375,478000,1143.0035400390625
2025-10-10,1172.5,1180.9300537109375,1131.3800048828125,1132.3599853515625,643500,1108.6673583984375
2025-10-13,1147.6199951171875,1163.43994140625,1144.719970703125,1155.1199951171875,742400,1130.950927734375
2025-10-14,1140.0,1209.8199462890625,1135.0,1194.260009765625,1146400,1169.2720947265625
2025-10-15,1200.0,1219.93994140625,1178.0,1202.5899658203125,1003700,1177.4276123046875
2025-10-16,1204.0,1209.8900146484375,1168.1300048828125,1171.3599853515625,1250200,1146.851318359375
2025-10-17,1169.06005859375,1176.1800537109375,1154.1500244140625,1161.1600341796875,777500,1136.864501953125
2025-10-20,1178.0,1178.989990234375,1158.6199951171875,1160.0,678800,1135.7288818359375
2025-10-21,1158.1600341796875,1159.719970703125,1129.469970703125,1130.0,1052000,1106.3565673828125
2025-10-22,1129.5,1134.93994140625,1120.219970703125,1129.6800537109375,618600,1106.0433349609375
2025-10-23,1131.510009765625,1132.52001953125,1119.989990234375,1125.0,371600,1101.4613037109375
2025-10-24,1141.27001953125,1144.5,1133.239990234375,1136.6300048828125,560700,1112.847900390625
2025-10-27,1146.3900146484375,1146.3900146484375,1128.949951171875,1131.31005859375,726100,1107.639404296875
2025-10-28,1131.969970703125,1138.6500244140625,1124.5400390625,1124.949951171875,390000,1101.4122314453125
2025-10-29,1117.6199951171875,1121.81005859375,1096.989990234375,1098.0,861700,1075.026123046875
2025-10-30,1097.4000244140625,1106.8900146484375,1090.949951171875,1098.050048828125,631700,1075.0751953125
2025-10-31,1090.0,1092.52001953125,1073.760009765625,1082.81005859375,895300,1060.154052734375
2025-11-03,1079.0799560546875,1081.8299560546875,1057.199951171875,1068.8299560546875,790900,1046.4664306640625
2025-11-04,1061.0,1067.3800048828125,1057.0,1059.9100341796875,934800,1037.7330322265625
2025-11-05,1058.989990234375,1082.5699462890625,1053.6300048828125,1073.5699462890625,550200,1051.1072998046875
2025-11-06,1069.6400146484375,1079.050048828125,1056.0699462890625,1069.43994140625,415700,1047.0635986328125
2025-11-07,1064.4300537109375,1083.3900146484375,1057.77001953125,1082.199951171875,470300,1059.556640625
2025-11-10,1087.6800537109375,1091.949951171875,1071.18994140625,1082.6300048828125,413500,1059.977783203125
2025-11-11,1082.1600341796875,1086.6500244140625,1076.699951171875,1085.760009765625,309600,1063.042236328125
2025-11-12,1086.4000244140625,1098.6400146484375,1086.1199951171875,1093.9300537109375,432800,1071.0413818359375
2025-11-13,1090.3699951171875,1093.3599853515625,1060.5999755859375,1069.6500244140625,541700,1047.2694091796875
2025-11-14,1060.0,1065.8399658203125,1048.260009765625,1057.93994140625,459100,1035.80419921875
2025-11-17,1053.489990234375,1055.06005859375,1014.1099853515625,1023.7999877929688,935200,1002.378662109375
2025-11-18,1022.0,1026.77001953125,1010.5,1019.1400146484375,749500,997.8162231445312
2025-11-19,1020.0,1025.43994140625,1009.0599975585938,1014.6799926757812,838600,993.449462890625
2025-11-20,1029.1099853515625,1032.489990234375,990.5800170898438,992.52001953125,677800,971.7531127929688
2025-11-21,999.0,1015.3800048828125,990.8099975585938,1014.719970703125,1229200,993.4886474609375
2025-11-24,1006.8499755859375,1024.219970703125,1004.9400024414062,1019.489990234375,1010300,998.1588134765625
2025-11-25,1019.489990234375,1033.0,1010.9199829101562,1029.77001953125,688700,1008.2238159179688
2025-11-26,1031.1099853515625,1048.3199462890625,1030.0400390625,1040.06005859375,561000,1018.2984619140625
2025-11-28,1049.8900146484375,1053.93994140625,1043.8599853515625,1047.300048828125,300300,1025.3868408203125
2025-12-01,1039.0,1052.5699462890625,1037.0,1039.93994140625,624600,1018.180908203125
2025-12-02,1043.0,1045.1199951171875,1031.0,1038.6199951171875,376500,1016.888671875
2025-12-03,1043.0699462890625,1087.0899658203125,1040.6500244140625,1079.8699951171875,863200,1057.2755126953125
2025-12-04,1080.8199462890625,1086.8499755859375,1072.6400146484375,1075.5799560546875,597800,1053.0751953125
2025-12-05,1068.489990234375,1074.0,1062.8900146484375,1072.1600341796875,544100,1054.83642578125
2025-12-08,1074.0,1078.8599853515625,1057.1500244140625,1062.02001953125,612600,1044.8602294921875
2025-12-09,1060.260009765625,1074.0899658203125,1059.1800537109375,1071.31005859375,445300,1054.0001220703125
2025-12-10,1077.239990234375,1089.77001953125,1071.52001953125,1083.3599853515625,840700,1065.8553466796875
2025-12-11,1084.8599853515625,1104.3299560546875,1081.0,1101.8399658203125,774100,1084.0367431640625
2025-12-12,1107.260009765625,1107.260009765625,1085.010009765625,1089.0899658203125,608000,1071.4927978515625
2025-12-15,1095.4300537109375,1098.8499755859375,1078.5,1082.1600341796875,564700,1064.6746826171875
2025-12-16,1081.3599853515625,1083.18994140625,1063.8900146484375,1068.1400146484375,651500,1050.88134765625
2025-12-17,1072.800048828125,1083.75,1064.6400146484375,1065.0,648100,1047.7919921875
2025-12-18,1073.9100341796875,1078.510009765625,1057.449951171875,1064.989990234375,588400,1047.7821044921875
2025-12-19,1066.949951171875,1068.56005859375,1057.75,1060.1700439453125,1174100,1043.0401611328125
2025-12-22,1066.3299560546875,1090.9599609375,1065.77001953125,1088.2099609375,575500,1070.626953125
2025-12-23,1085.550048828125,1091.739990234375,1083.4000244140625,1086.550048828125,265400,1068.993896484375
2025-12-24,1089.8199462890625,1094.3299560546875,1084.0,1088.9599609375,195100,1071.3648681640625
2025-12-26,1090.719970703125,1091.68994140625,1084.6300048828125,1088.1099853515625,230300,1070.5286865234375
2025-12-29,1091.0400390625,1092.050048828125,1082.760009765625,1088.4000244140625,295100,1070.8138427734375
2025-12-30,1088.5400390625,1090.0,1082.010009765625,1083.31005859375,273100,1065.80615234375
2025-12-31,1082.949951171875,1085.3599853515625,1070.0799560546875,1070.3399658203125,327600,1053.045654296875
2026-01-02,1071.43994140625,1089.8800048828125,1069.0,1085.06005859375,603300,1067.5279541015625
2026-01-05,1085.8800048828125,1131.6500244140625,1083.25,1119.760009765625,926200,1101.667236328125
2026-01-06,1119.3199462890625,1124.280029296875,1106.760009765625,1112.280029296875,537600,1094.3082275390625
2026-01-07,1108.1600341796875,1112.800048828125,1074.969970703125,1075.0899658203125,839400,1057.7188720703125
2026-01-08,1060.1300048828125,1092.449951171875,1060.1300048828125,1087.9200439453125,558100,1070.341796875
2026-01-09,1090.22998046875,1092.77001953125,1080.0,1085.0999755859375,613800,1067.567138671875
2026-01-12,1078.47998046875,1090.9200439453125,1073.9100341796875,1089.260009765625,726700,1071.659912109375
2026-01-13,1089.5400390625,1094.0,1073.72998046875,1089.5400390625,730700,1071.935546875
2026-01-14,1070.530029296875,1094.010009765625,1070.4100341796875,1091.8499755859375,953900,1074.2081298828125
2026-01-15,1128.6199951171875,1162.3299560546875,1125.06005859375,1156.6500244140625,1401700,1137.961181640625
2026-01-16,1159.5,1181.3599853515625,1159.0,1163.1700439453125,1125600,1144.3758544921875
2026-01-20,1144.0,1148.3599853515625,1105.989990234375,1110.050048828125,1026100,1092.1142578125
2026-01-21,1120.0,1135.3499755859375,1114.5999755859375,1127.8499755859375,687700,1109.62646484375
2026-01-22,1137.5999755859375,1148.02001953125,1132.4599609375,1139.719970703125,683500,1121.3046875
2026-01-23,1133.9100341796875,1136.489990234375,1121.0,1129.9100341796875,730400,1111.6531982421875
2026-01-26,1133.5699462890625,1141.47998046875,1121.1099853515625,1121.5400390625,739300,1103.41845703125
2026-01-27,1121.56005859375,1125.5,1098.0,1106.68994140625,537100,1088.8082275390625
2026-01-28,1106.0,1123.81005859375,1098.3900146484375,1121.6700439453125,616100,1103.54638671875
2026-01-29,1127.1400146484375,1135.0,1107.260009765625,1127.780029296875,701000,1109.5576171875
2026-01-30,1115.3699951171875,1129.0699462890625,1102.739990234375,1118.93994140625,632100,1100.8604736328125
2026-02-02,1118.1300048828125,1124.3299560546875,1104.93994140625,1119.6600341796875,498700,1101.56884765625
2026-02-03,1115.0,1118.5899658203125,1048.5400390625,1070.0799560546875,947200,1052.7899169921875
2026-02-04,1068.780029296875,1081.969970703125,1042.93994140625,1076.1600341796875,827600,1058.7716064453125
2026-02-05,1065.9000244140625,1078.8800048828125,1049.239990234375,1054.800048828125,756100,1037.7569580078125
2026-02-06,1069.5,1075.3800048828125,1047.5699462890625,1056.3800048828125,1343700,1039.3114013671875
2026-02-09,1045.0899658203125,1084.68994140625,1044.010009765625,1079.9000244140625,799400,1062.4512939453125
2026-02-10,1079.25,1113.56005859375,1078.739990234375,1087.780029296875,956500,1070.2039794921875
2026-02-11,1089.010009765625,1099.0,1068.3199462890625,1082.8800048828125,970000,1065.383056640625
2026-02-12,1084.300048828125,1087.989990234375,1017.0,1055.6300048828125,1153000,1038.5733642578125
2026-02-13,1057.199951171875,1072.199951171875,1047.0,1071.510009765625,669100,1054.1968994140625
2026-02-17,1074.6099853515625,1087.9000244140625,1059.22998046875,1072.6700439453125,921900,1055.338134765625
2026-02-18,1080.239990234375,1103.7900390625,1070.3499755859375,1092.260009765625,700000,1074.611572265625
2026-02-19,1077.9000244140625,1084.77001953125,1064.0999755859375,1081.280029296875,662400,1063.808837890625
2026-02-20,1074.9100341796875,1102.5799560546875,1068.0699462890625,1093.6400146484375,567700,1075.96923828125
2026-02-23,1099.969970703125,1108.219970703125,1056.0,1071.010009765625,727200,1053.7049560546875
2026-02-24,1061.1300048828125,1093.8599853515625,1051.4100341796875,1081.050048828125,737300,1063.582763671875
2026-02-25,1086.489990234375,1097.6700439453125,1061.5,1093.780029296875,774200,1076.1070556640625
2026-02-26,1100.0,1108.050048828125,1060.1199951171875,1090.27001953125,725400,1072.6536865234375
2026-02-27,1073.0699462890625,1080.0,1040.449951171875,1063.22998046875,1191600,1046.050537109375
2026-03-02,1038.77001953125,1075.52001953125,1031.949951171875,1068.31005859375,708700,1051.048583984375
2026-03-03,1033.030029296875,1066.989990234375,1029.0,1052.5899658203125,893200,1035.58251953125
2026-03-04,1060.0,1062.989990234375,1045.0,1049.22998046875,482100,1032.2767333984375
2026-03-05,1039.68994140625,1046.4599609375,1022.1199951171875,1035.0,672800,1018.2767333984375
2026-03-06,991.2899780273438,994.8200073242188,948.75,955.4500122070312,1846200,945.2451782226562
2026-03-09,929.3800048828125,960.3900146484375,919.0,957.6699829101562,1933100,947.4415283203125
2026-03-10,965.0,976.7999877929688,956.5499877929688,967.3599853515625,1159200,957.0280151367188
2026-03-11,964.780029296875,967.4000244140625,940.3099975585938,951.1699829101562,1088600,941.0108642578125
2026-03-12,932.5800170898438,944.0999755859375,917.3900146484375,922.9000244140625,1133100,913.0429077148438
2026-03-13,932.9299926757812,943.4299926757812,920.9199829101562,924.1099853515625,1236600,914.2399291992188
2026-03-16,931.469970703125,946.52001953125,929.0,943.260009765625,926900,933.1854248046875
2026-03-17,958.0,975.4600219726562,954.0499877929688,971.010009765625,1345600,960.6390380859375
2026-03-18,963.75,976.2899780273438,962.52001953125,968.3099975585938,842000,957.9678344726562
2026-03-19,957.2000122070312,972.0,949.6099853515625,969.5999755859375,913300,959.2440795898438
2026-03-20,970.260009765625,971.7899780273438,945.52001953125,957.9099731445312,1409900,947.6788940429688
2026-03-23,976.8900146484375,988.2999877929688,965.0,974.5800170898438,911800,964.1708984375
2026-03-24,960.0,978.6799926757812,956.5399780273438,976.0599975585938,626000,965.6350708007812
2026-03-25,988.0,992.1300048828125,963.9000244140625,981.3499755859375,877400,970.8685913085938
2026-03-26,972.5900268554688,985.1799926757812,966.5499877929688,968.4600219726562,739600,958.1162719726562
2026-03-27,959.7999877929688,961.47998046875,930.0,933.8499755859375,877300,923.8758544921875
2026-03-30,939.4500122070312,953.510009765625,930.6900024414062,934.0599975585938,806600,924.0836791992188
2026-03-31,950.3200073242188,967.0800170898438,940.530029296875,961.7100219726562,800200,951.4384155273438
2026-04-01,974.9500122070312,978.989990234375,956.2999877929688,957.4000244140625,624400,947.1743774414062
2026-04-02,931.4299926757812,971.239990234375,929.25,966.5599975585938,568800,956.236572265625
2026-04-06,961.1300048828125,966.0900268554688,955.0,959.4099731445312,451000,949.1629028320312
2026-04-07,954.989990234375,962.0,949.2899780273438,958.4600219726562,471200,948.2230224609375
2026-04-08,1002.0,1017.2999877929688,995.780029296875,1001.5399780273438,1247100,990.8429565429688
2026-04-09,993.77001953125,1006.3200073242188,982.219970703125,1001.6199951171875,676700,990.9220581054688
2026-04-10,1002.3900146484375,1002.9299926757812,991.1799926757812,999.3099975585938,670700,988.63671875
2026-04-13,992.7999877929688,1025.6500244140625,991.9600219726562,1023.6500244140625,929400,1012.716796875
2026-04-14,1050.0,1074.0,1040.8800048828125,1054.56005859375,1349700,1043.2967529296875
2026-04-15,1053.81005859375,1062.0,1043.449951171875,1048.5999755859375,1005800,1037.4002685546875
2026-04-16,1054.1099853515625,1058.4000244140625,1011.4099731445312,1024.949951171875,950300,1014.0028686523438
2026-04-17,1038.280029296875,1067.3299560546875,1036.1400146484375,1052.1400146484375,1105200,1040.9024658203125
2026-04-20,1048.6600341796875,1060.0,1045.0,1048.4200439453125,638300,1037.2222900390625
2026-04-21,1049.489990234375,1070.72998046875,1040.4000244140625,1042.8499755859375,673900,1031.7117919921875
2026-04-22,1054.719970703125,1063.4200439453125,1048.31005859375,1062.469970703125,550900,1051.1221923828125
2026-04-23,1056.0999755859375,1065.0,1041.719970703125,1053.469970703125,538800,1042.21826171875
2026-04-24,1053.8599853515625,1059.1300048828125,1042.43994140625,1044.969970703125,365900,1033.80908203125
2026-04-27,1040.8499755859375,1058.5,1040.8499755859375,1056.8599853515625,532500,1045.5721435546875
2026-04-28,1062.030029296875,1066.989990234375,1047.8599853515625,1049.760009765625,424500,1038.5479736328125
2026-04-29,1049.0,1055.6400146484375,1031.3199462890625,1039.3800048828125,398100,1028.27880859375
2026-04-30,1041.0,1067.4200439453125,1033.5,1065.5999755859375,573100,1054.21875
2026-05-01,1069.8800048828125,1080.72998046875,1060.5899658203125,1061.6800537109375,471100,1050.3406982421875
2026-05-04,1055.0,1068.5,1049.8900146484375,1052.25,424600,1041.01123046875
2026-05-05,1055.0,1064.969970703125,1047.52001953125,1048.9100341796875,541500,1037.70703125
2026-05-06,1065.75,1081.5699462890625,1064.8499755859375,1073.5699462890625,662600,1062.1036376953125
2026-05-07,1075.6199951171875,1080.739990234375,1058.489990234375,1067.739990234375,477200,1056.3359375
2026-05-08,1074.3199462890625,1085.22998046875,1067.0,1084.8299560546875,490600,1073.2432861328125
2026-05-11,1084.0,1089.8800048828125,1071.5400390625,1081.3199462890625,587400,1069.7708740234375
2026-05-12,1074.7900390625,1096.260009765625,1071.0,1092.5,484400,1080.8314208984375
2026-05-13,1086.5400390625,1098.1099853515625,1076.4200439453125,1094.0999755859375,823200,1082.414306640625
2026-05-14,1100.0,1111.0899658203125,1096.4100341796875,1104.030029296875,502200,1092.23828125
2026-05-15,1094.52001953125,1099.75,1080.0,1081.9000244140625,456400,1070.3446044921875
2026-05-18,1082.8199462890625,1098.0699462890625,1079.6600341796875,1085.8800048828125,458200,1074.2821044921875
2026-05-19,1074.4599609375,1084.0,1036.02001953125,1036.300048828125,1024100,1025.2318115234375
2026-05-20,1038.0999755859375,1052.31005859375,1030.18994140625,1051.5699462890625,760400,1040.3385009765625
2026-05-21,1048.8800048828125,1065.3699951171875,1045.1199951171875,1063.75,624700,1052.388427734375
2026-05-22,1070.780029296875,1079.989990234375,1065.18994140625,1073.0,450900,1061.539794921875
2026-05-26,1077.5,1084.449951171875,1071.1099853515625,1077.4000244140625,507400,1065.892822265625
2026-05-27,1080.8399658203125,1085.0,1066.7099609375,1070.3399658203125,515300,1058.9080810546875
2026-05-28,1054.97998046875,1062.2900390625,1045.0,1046.489990234375,846000,1035.312744140625
2026-05-29,1041.8699951171875,1060.510009765625,1040.0,1046.8800048828125,1077900,1035.69873046875
2026-06-01,1041.1199951171875,1053.239990234375,1015.3099975585938,1020.72998046875,904800,1009.8280029296875
2026-06-02,1017.219970703125,1036.1099853515625,1007.0,1018.9600219726562,727600,1008.076904296875
2026-06-03,1001.1099853515625,1001.3699951171875,983.75,990.8699951171875,793100,980.286865234375
2026-06-04,997.8400268554688,1025.6700439453125,991.469970703125,1022.5599975585938,1023800,1011.638427734375
2026-06-05,1011.9500122070312,1011.9500122070312,991.1799926757812,995.5999755859375,724100,990.516845703125
2026-06-08,1002.1900024414062,1005.0,990.760009765625,994.77001953125,531700,989.6911010742188
2026-06-09,1005.5700073242188,1012.780029296875,987.8400268554688,1011.9600219726562,722800,1006.7933349609375
2026-06-10,1006.9600219726562,1020.22998046875,999.2100219726562,1010.6799926757812,565900,1005.5198364257812
2026-06-11,1013.4000244140625,1022.02001953125,1000.5700073242188,1016.5800170898438,842000,1011.3897705078125
2026-06-12,1028.3800048828125,1041.449951171875,1022.0,1032.0,549400,1026.73095703125
2026-06-15,1050.0,1060.0,1040.8299560546875,1042.8699951171875,543100,1037.5455322265625
2026-06-16,1050.77001953125,1056.8699951171875,1038.510009765625,1052.22998046875,462700,1046.857666015625
2026-06-17,1048.9599609375,1075.68994140625,1043.5999755859375,1057.3800048828125,781500,1051.9814453125
2026-06-18,1073.77001953125,1076.510009765625,1045.9100341796875,1050.0899658203125,1032200,1044.7286376953125
2026-06-22,1048.199951171875,1063.739990234375,1042.3900146484375,1051.739990234375,824100,1046.3702392578125
2026-06-23,1049.1300048828125,1050.0,1009.239990234375,1015.3300170898438,1455300,1010.1461181640625
2026-06-24,1013.3599853515625,1015.469970703125,970.030029296875,982.5999755859375,1567700,977.5831909179688
2026-06-25,995.0,1002.469970703125,966.1300048828125,971.9199829101562,1130900,966.957763671875
2026-06-26,972.7999877929688,984.010009765625,962.6799926757812,964.7100219726562,1506800,959.7846069335938
2026-06-29,969.2100219726562,972.9299926757812,947.2100219726562,950.1699829101562,884700,945.3187866210938
2026-06-30,950.8099975585938,969.760009765625,950.1799926757812,961.5599975585938,896200,956.650634765625
2026-07-01,960.4199829101562,986.5700073242188,957.1099853515625,980.3800048828125,969300,975.3745727539062
2026-07-02,988.5,1002.0399780273438,982.5900268554688,995.72998046875,634700,990.6461791992188
2026-07-06,998.72998046875,1012.2999877929688,990.239990234375,1011.2100219726562,613000,1006.0471801757812
2026-07-07,1012.2999877929688,1019.010009765625,1003.4400024414062,1009.4299926757812,462100,1004.2762451171875
2026-07-08,1001.72998046875,1006.8099975585938,982.989990234375,990.3400268554688,653400,985.2837524414062
2026-07-09,995.9199829101562,1021.239990234375,991.239990234375,1019.6799926757812,912100,1014.473876953125
2026-07-10,1039.469970703125,1048.5,1030.0,1036.1099853515625,595000,1030.8199462890625
2026-07-13,1039.3599853515625,1039.4300537109375,1015.969970703125,1031.56005859375,940900,1026.2933349609375
2026-07-14,1030.239990234375,1036.52001953125,1023.0499877929688,1025.43994140625,719100,1020.2044677734375
2026-07-15,1100.0,1109.989990234375,1078.0,1093.4000244140625,1582900,1087.8175048828125
2026-07-16,1110.93994140625,1125.0,1079.4599609375,1087.050048828125,1219500,1081.5
2026-07-17,1068.2900390625,1099.4100341796875,1065.949951171875,1072.199951171875,761000,1066.7257080078125
2026-07-20,1070.739990234375,1073.1800537109375,1052.1600341796875,1054.1099853515625,660900,1048.7281494140625
2026-07-21,1056.8599853515625,1062.8699951171875,1030.9300537109375,1038.239990234375,1009900,1032.9390869140625
2026-07-22,1036.5999755859375,1057.18994140625,1034.3399658203125,1056.6300048828125,726100,1051.2352294921875
2026-07-23,1051.1500244140625,1061.4300537109375,1036.43994140625,1037.1600341796875,633800,1031.86474609375
2026-07-24,1039.0999755859375,1056.47998046875,1033.489990234375,1055.6700439453125,506300,1050.2801513671875
2026-07-27,1067.3800048828125,1069.989990234375,1051.010009765625,1062.1400146484375,698100,1056.7171630859375
2026-07-28,1069.3900146484375,1103.47998046875,1062.510009765625,1097.550048828125,1044000,1091.9464111328125
2026-07-29,1086.0699462890625,1110.0,1079.18994140625,1079.18994140625,1121800,1073.6800537109375
2026-07-30,1079.3599853515625,1104.1099853515625,1071.3699951171875,1098.3699951171875,624200,1092.7620849609375
2026-07-31,1100.8399658203125,1104.18994140625,1089.7900390625,1090.3900146484375,378200,1084.8228759765625
2026-08-03,1100.0699462890625,1129.239990234375,1096.18994140625,1126.6300048828125,745900,1120.8778076171875
2026-08-04,1138.5,1150.300048828125,1130.8499755859375,1131.1300048828125,625000,1125.3548583984375
2026-08-05,1138.5,1142.8900146484375,1121.1700439453125,1133.5799560546875,761600,1127.7923583984375
2026-08-06,1135.5699462890625,1139.6300048828125,1120.280029296875,1129.300048828125,701800,1123.5343017578125
2026-08-07,1132.530029296875,1143.52001953125,1128.6500244140625,1136.3900146484375,588800,1130.5880126953125
2026-08-10,1129.8199462890625,1139.97998046875,1126.0,1131.4000244140625,656200,1125.62353515625
2026-08-11,1130.6500244140625,1152.800048828125,1128.449951171875,1148.8399658203125,438100,1142.9744873046875
2026-08-12,1157.0,1162.6400146484375,1145.0799560546875,1160.9100341796875,378400,1154.98291015625
2026-08-13,1165.77001953125,1186.739990234375,1164.31005859375,1182.8399658203125,379200,1176.80078125
2026-08-14,1179.0,1180.0,1168.5,1173.72998046875,514900,1167.7374267578125
2026-08-17,1167.31005859375,1169.47998046875,1146.969970703125,1147.1099853515625,450300,1141.2532958984375
2026-08-18,1149.0,1161.81005859375,1143.1300048828125,1154.3499755859375,355300,1148.456298828125
2026-08-19,1161.52001953125,1181.6800537109375,1155.0999755859375,1158.9200439453125,584600,1153.0030517578125
2026-08-20,1154.760009765625,1159.81005859375,1139.2900390625,1139.8199462890625,702200,1134.00048828125
2026-08-21,1150.6800537109375,1160.0,1147.3299560546875,1156.550048828125,380600,1150.6451416015625
2026-08-24,1158.8399658203125,1174.4300537109375,1156.5699462890625,1172.6099853515625,585000,1166.623046875
2026-08-25,1170.93994140625,1180.780029296875,1163.3599853515625,1176.6400146484375,488500,1170.632568359375
2026-08-26,1175.7099609375,1182.010009765625,1170.8800048828125,1173.2099609375,644900,1167.219970703125
2026-08-27,1168.4300537109375,1187.1700439453125,1161.9000244140625,1167.5699462890625,751300,1161.6087646484375
2026-08-28,1170.56005859375,1183.3900146484375,1158.3199462890625,1164.47998046875,721300,1158.5345458984375
2026-08-31,1152.8699951171875,1158.8299560546875,1142.5699462890625,1155.6099853515625,796600,1149.7098388671875
2026-09-01,1142.010009765625,1149.1400146484375,1124.1500244140625,1128.0999755859375,575500,1122.34033203125
2026-09-02,1128.7900390625,1137.010009765625,1106.4000244140625,1107.0799560546875,736900,1101.4276123046875
2026-09-03,1117.4200439453125,1132.989990234375,1112.0699462890625,1126.1500244140625,519900,1120.400390625
2026-09-04,1112.0,1124.8199462890625,1111.1700439453125,1122.2900390625,410800,1116.56005859375
2026-09-08,1107.780029296875,1113.030029296875,1094.1700439453125,1095.3699951171875,575900,1095.3699951171875
2026-09-09,1092.77001953125,1092.8900146484375,1071.199951171875,1072.030029296875,468400,1072.030029296875
2026-09-10,1065.3399658203125,1074.52001953125,1061.550048828125,1062.4000244140625,368200,1062.4000244140625
2026-09-11,1082.81005859375,1092.0,1072.3900146484375,1079.6500244140625,479800,1079.6500244140625
2026-09-14,1073.7099609375,1080.02001953125,1057.719970703125,1065.5999755859375,481900,1065.5999755859375
2026-09-15,1062.18994140625,1067.5899658203125,1049.75,1058.6600341796875,444800,1058.6600341796875
2026-09-16,1063.3800048828125,1063.4000244140625,1017.4600219726562,1037.239990234375,633900,1037.239990234375
2026-09-17,1052.06005859375,1061.1099853515625,1047.5999755859375,1053.9599609375,586400,1053.9599609375
2026-09-18,1047.1400146484375,1070.1099853515625,1041.9100341796875,1069.780029296875,1086200,1069.780029296875
2026-09-21,1080.0,1091.1800537109375,1064.9000244140625,1090.27001953125,512400,1090.27001953125
2026-09-22,1089.93994140625,1098.1099853515625,1065.0,1066.6600341796875,500100,1066.6600341796875
2026-09-23,1055.93994140625,1073.3599853515625,1055.93994140625,1060.8900146484375,460700,1060.8900146484375
2026-09-24,1059.6700439453125,1073.77001953125,1053.489990234375,1073.449951171875,501200,1073.449951171875
2026-09-25,1076.219970703125,1087.8299560546875,1066.530029296875,1086.31005859375,513500,1086.31005859375
2026-09-28,1076.989990234375,1083.0,1063.199951171875,1071.25,517800,1071.25
2026-09-29,1069.3299560546875,1075.8800048828125,1061.719970703125,1067.93994140625,352200,1067.93994140625
2026-09-30,1067.3399658203125,1071.9200439453125,1057.47998046875,1058.2900390625,551100,1058.2900390625
2026-10-01,1060.52001953125,1072.8399658203125,1053.1400146484375,1064.3599853515625,524500,1064.3599853515625
