date,open,high,low,close,volume,adjclose
2021-10-04,48.220001220703125,49.040000915527344,48.10499954223633,48.2599983215332,4544200,39.303855895996094
2021-10-05,48.709999084472656,49.4900016784668,48.2599983215332,48.9900016784668,4724200,39.89836502075195
2021-10-06,48.619998931884766,48.790000915527344,47.3849983215332,48.560001373291016,4796700,39.54817199707031
2021-10-07,48.97999954223633,49.24700164794922,48.369998931884766,48.65999984741211,5159300,39.629615783691406
2021-10-08,48.61000061035156,49.470001220703125,48.47999954223633,49.04999923706055,2973700,39.94723892211914
2021-10-11,49.439998626708984,49.65999984741211,48.310001373291016,48.33000183105469,3547800,39.360862731933594
2021-10-12,48.130001068115234,48.63999938964844,47.85499954223633,48.27000045776367,3195000,39.31199645996094
2021-10-13,47.97999954223633,48.099998474121094,46.7400016784668,47.459999084472656,3773800,38.65230941772461
2021-10-14,48.040000915527344,48.18000030517578,47.400001525878906,47.91999816894531,3700400,39.02695083618164
2021-10-15,48.4900016784668,48.65999984741211,47.70000076293945,48.09000015258789,4266900,39.1653938293457
2021-10-18,48.005001068115234,48.880001068115234,47.900001525878906,48.380001068115234,3473200,39.401573181152344
2021-10-19,48.68000030517578,49.13999938964844,48.36000061035156,49.099998474121094,3610000,39.987945556640625
2021-10-20,48.5099983215332,50.9900016784668,48.25,50.880001068115234,5016700,41.437625885009766
2021-10-21,50.93000030517578,50.959999084472656,48.88999938964844,49.459999084472656,5634300,40.28115463256836
2021-10-22,49.72999954223633,50.38999938964844,49.599998474121094,50.279998779296875,3362300,40.948970794677734
2021-10-25,50.63999938964844,50.77000045776367,49.9900016784668,50.310001373291016,3379700,40.97340393066406
2021-10-26,50.380001068115234,50.40999984741211,49.459999084472656,49.619998931884766,4078100,40.411460876464844
2021-10-27,49.400001525878906,49.400001525878906,47.59000015258789,47.61000061035156,4707300,38.774478912353516
2021-10-28,47.61000061035156,47.93000030517578,47.20000076293945,47.900001525878906,3715600,39.33285903930664
2021-10-29,47.97999954223633,48.060001373291016,47.084999084472656,47.380001068115234,4948600,38.905860900878906
2021-11-01,47.93000030517578,48.279998779296875,47.7599983215332,47.97999954223633,3047000,39.39854431152344
2021-11-02,47.79999923706055,47.93000030517578,47.0099983215332,47.220001220703125,4394200,38.77448272705078
2021-11-03,46.970001220703125,48.7400016784668,46.77000045776367,48.470001220703125,3666700,39.8009033203125
2021-11-04,48.2400016784668,48.31999969482422,47.06999969482422,47.83000183105469,3025600,39.27537536621094
2021-11-05,48.40999984741211,48.720001220703125,47.44499969482422,47.790000915527344,3694100,39.24252700805664
2021-11-08,48.150001525878906,48.66999816894531,47.619998931884766,47.90999984741211,2662600,39.341068267822266
2021-11-09,47.470001220703125,47.939998626708984,47.14500045776367,47.83000183105469,2841400,39.27537536621094
2021-11-10,47.939998626708984,48.275001525878906,47.720001220703125,48.02000045776367,3256000,39.431392669677734
2021-11-11,48.220001220703125,49.13999938964844,47.95000076293945,49.119998931884766,3857300,40.33465576171875
2021-11-12,49.18000030517578,49.790000915527344,48.709999084472656,49.36000061035156,5628300,40.5317268371582
2021-11-15,49.540000915527344,50.040000915527344,49.22999954223633,49.95000076293945,5330600,41.01620101928711
2021-11-16,50.02000045776367,50.41999816894531,49.650001525878906,50.220001220703125,4131400,41.237918853759766
2021-11-17,50.0,50.20000076293945,49.564998626708984,50.04999923706055,4451200,41.09832763671875
2021-11-18,50.029998779296875,50.41999816894531,49.65999984741211,50.13999938964844,4173000,41.17222213745117
2021-11-19,49.349998474121094,49.875,48.65999984741211,49.61000061035156,5837600,40.73701477050781
2021-11-22,50.529998779296875,50.93000030517578,49.84000015258789,50.27000045776367,4113700,41.278968811035156
2021-11-23,50.63999938964844,50.93000030517578,50.310001373291016,50.84000015258789,3525900,41.74702453613281
2021-11-24,50.88999938964844,51.540000915527344,50.60499954223633,51.040000915527344,3815900,41.9112548828125
2021-11-26,48.810001373291016,48.91999816894531,47.51499938964844,48.560001373291016,3456600,39.87480926513672
2021-11-29,49.2599983215332,49.709999084472656,48.279998779296875,48.779998779296875,4300800,40.05545425415039
2021-11-30,47.900001525878906,48.22600173950195,47.060001373291016,47.27000045776367,8891200,38.815528869628906
2021-12-01,48.529998779296875,49.06999969482422,46.5099983215332,46.52000045776367,5437100,38.19967269897461
2021-12-02,47.08000183105469,48.34000015258789,46.61000061035156,48.06999969482422,4403500,39.472442626953125
2021-12-03,47.970001220703125,48.189998626708984,46.02000045776367,46.349998474121094,5025300,38.06007766723633
2021-12-06,47.33000183105469,48.189998626708984,46.90999984741211,47.560001373291016,5457600,39.05366897583008
2021-12-07,47.849998474121094,48.869998931884766,47.70000076293945,48.33000183105469,4564900,39.685951232910156
2021-12-08,48.290000915527344,48.54999923706055,47.529998779296875,47.599998474121094,4430700,39.086509704589844
2021-12-09,47.22999954223633,47.76499938964844,47.0099983215332,47.369998931884766,2973200,38.89764404296875
2021-12-10,47.709999084472656,47.939998626708984,46.68000030517578,47.400001525878906,2876100,38.92228317260742
2021-12-13,47.18000030517578,47.22999954223633,46.119998931884766,46.290000915527344,3229300,38.01081085205078
2021-12-14,46.709999084472656,47.66999816894531,46.45000076293945,47.08000183105469,4937500,38.659515380859375
2021-12-15,47.279998779296875,47.4900016784668,46.4900016784668,47.150001525878906,3983600,38.71698760986328
2021-12-16,47.79999923706055,48.27000045776367,46.900001525878906,47.119998931884766,4421600,38.692359924316406
2021-12-17,46.959999084472656,47.08000183105469,45.41999816894531,45.459999084472656,7549200,37.32925796508789
2021-12-20,44.68000030517578,44.68000030517578,43.560001373291016,44.4900016784668,4842700,36.532752990722656
2021-12-21,45.119998931884766,45.95000076293945,45.04999923706055,45.83000183105469,3757600,37.63308334350586
2021-12-22,45.61000061035156,46.349998474121094,45.41999816894531,46.13999938964844,3658700,37.887630462646484
2021-12-23,46.68000030517578,47.2400016784668,46.4900016784668,46.630001068115234,3605200,38.290000915527344
2021-12-27,46.72999954223633,47.21500015258789,46.400001525878906,47.20000076293945,2022100,38.75804901123047
2021-12-28,46.9900016784668,47.61000061035156,46.959999084472656,47.29999923706055,1907000,38.840171813964844
2021-12-29,47.439998626708984,47.66999816894531,47.099998474121094,47.29999923706055,1957400,38.840171813964844
2021-12-30,47.349998474121094,47.84000015258789,47.209999084472656,47.27000045776367,1737800,38.815528869628906
2021-12-31,47.060001373291016,47.61000061035156,47.0099983215332,47.25,1972100,38.799102783203125
2022-01-03,48.36000061035156,49.54999923706055,48.02000045776367,49.13999938964844,4770500,40.351078033447266
2022-01-04,49.93000030517578,51.7599983215332,49.900001525878906,51.369998931884766,6104500,42.18223190307617
2022-01-05,51.79999923706055,52.224998474121094,50.880001068115234,50.97999954223633,4119300,41.861976623535156
2022-01-06,52.22999954223633,53.97999954223633,51.900001525878906,53.79999923706055,6120200,44.177608489990234
2022-01-07,53.93000030517578,54.459999084472656,53.41999816894531,54.220001220703125,4214000,44.522491455078125
2022-01-10,54.9900016784668,55.06999969482422,53.130001068115234,53.91999816894531,4950900,44.276145935058594
2022-01-11,54.439998626708984,54.72999954223633,53.560001373291016,54.540000915527344,5471900,44.78525924682617
2022-01-12,54.86000061035156,55.529998779296875,54.56999969482422,55.209999084472656,6024400,45.335426330566406
2022-01-13,55.279998779296875,56.07500076293945,55.11000061035156,55.70000076293945,6217800,45.73779296875
2022-01-14,54.59000015258789,56.400001525878906,54.49599838256836,56.349998474121094,6281500,46.27153015136719
2022-01-18,56.380001068115234,57.0,55.362998962402344,55.66999816894531,7385500,45.71315002441406
2022-01-19,56.06999969482422,56.150001525878906,53.935001373291016,54.36000061035156,7090200,44.637451171875
2022-01-20,54.25,54.47999954223633,52.06999969482422,52.15999984741211,7638100,42.83094024658203
2022-01-21,51.810001373291016,51.810001373291016,50.380001068115234,50.619998931884766,6136300,41.566375732421875
2022-01-24,49.56999969482422,51.220001220703125,48.86000061035156,51.099998474121094,6589800,41.96052169799805
2022-01-25,50.52000045776367,52.03499984741211,49.35499954223633,51.61000061035156,6679500,42.37929916381836
2022-01-26,52.36000061035156,53.2400016784668,51.310001373291016,52.130001068115234,6728700,42.806297302246094
2022-01-27,53.220001220703125,53.52000045776367,51.38999938964844,51.79999923706055,6317000,42.53532409667969
2022-01-28,51.18000030517578,51.724998474121094,50.40999984741211,51.70000076293945,5145900,42.77526092529297
2022-01-31,51.09000015258789,51.70000076293945,50.20000076293945,51.470001220703125,7200900,42.5849723815918
2022-02-01,51.70000076293945,53.060001373291016,51.31999969482422,52.95000076293945,6745100,43.809486389160156
2022-02-02,52.900001525878906,53.380001068115234,52.40999984741211,53.13999938964844,5846100,43.966678619384766
2022-02-03,54.150001525878906,54.2400016784668,52.85499954223633,52.970001220703125,4627500,43.82603454589844
2022-02-04,53.09000015258789,54.5,53.02000045776367,54.04999923706055,4123600,44.7195930480957
2022-02-07,54.08000183105469,54.650001525878906,53.68000030517578,54.22999954223633,3403800,44.86851501464844
2022-02-08,55.150001525878906,55.58000183105469,54.779998779296875,55.369998931884766,4185800,45.81173324584961
2022-02-09,55.43000030517578,55.67499923706055,55.02000045776367,55.310001373291016,3655700,45.7620849609375
2022-02-10,55.2400016784668,56.11000061035156,54.7400016784668,55.0,4169700,45.50559616088867
2022-02-11,54.41999816894531,55.994998931884766,54.060001373291016,54.470001220703125,4407100,45.06708526611328
2022-02-14,54.63999938964844,55.06999969482422,53.2599983215332,53.65999984741211,4276400,44.396915435791016
2022-02-15,54.275001525878906,55.209999084472656,54.2400016784668,55.150001525878906,3479500,45.629703521728516
2022-02-16,54.400001525878906,55.66999816894531,54.31999969482422,55.22999954223633,3221600,45.69589614868164
2022-02-17,54.43000030517578,54.66999816894531,52.845001220703125,53.09000015258789,3690100,43.925315856933594
2022-02-18,53.0,53.83000183105469,52.88999938964844,53.25,3803800,44.05768585205078
2022-02-22,53.470001220703125,53.7400016784668,52.560001373291016,53.130001068115234,3560400,43.958412170410156
2022-02-23,53.5,53.779998779296875,51.619998931884766,51.849998474121094,3486200,42.89936065673828
2022-02-24,49.97999954223633,50.63999938964844,48.630001068115234,50.47999954223633,5760400,41.76586151123047
2022-02-25,51.15999984741211,53.09000015258789,50.880001068115234,52.97999954223633,4297100,43.83430099487305
2022-02-28,51.099998474121094,52.65999984741211,51.099998474121094,52.41999816894531,4510000,43.37096405029297
2022-03-01,51.650001525878906,51.96500015258789,48.07500076293945,48.560001373291016,6732300,40.17730712890625
2022-03-02,49.27000045776367,51.290000915527344,49.27000045776367,50.70000076293945,4999000,41.9478874206543
2022-03-03,50.779998779296875,51.08000183105469,49.80500030517578,50.189998626708984,4866200,41.52592468261719
2022-03-04,48.599998474121094,48.97999954223633,47.30500030517578,48.16999816894531,4990700,39.85462951660156
2022-03-07,47.70000076293945,48.0,45.41999816894531,45.43000030517578,6619700,37.58761978149414
2022-03-08,46.38999938964844,47.150001525878906,45.099998474121094,45.630001068115234,5535800,37.75309371948242
2022-03-09,47.790000915527344,48.349998474121094,47.34000015258789,47.849998474121094,5649500,39.58986282348633
2022-03-10,46.95000076293945,47.97999954223633,46.68000030517578,47.279998779296875,5558000,39.118263244628906
2022-03-11,47.84000015258789,48.560001373291016,46.84000015258789,46.880001068115234,4996700,38.787315368652344
2022-03-14,48.11000061035156,49.45500183105469,47.709999084472656,48.77000045776367,6143300,40.35105514526367
2022-03-15,49.209999084472656,49.7599983215332,48.150001525878906,48.689998626708984,4708300,40.28486633300781
2022-03-16,49.31999969482422,50.939998626708984,49.143001556396484,50.34000015258789,5226400,41.6500358581543
2022-03-17,49.36000061035156,49.790000915527344,48.439998626708984,49.7400016784668,4743100,41.153602600097656
2022-03-18,49.689998626708984,49.7400016784668,48.369998931884766,49.25,12258500,40.74819564819336
2022-03-21,49.4900016784668,49.959999084472656,48.57500076293945,49.08000183105469,4394900,40.6075439453125
2022-03-22,50.04999923706055,50.79999923706055,49.560001373291016,49.959999084472656,4667100,41.335636138916016
2022-03-23,49.45000076293945,49.849998474121094,47.97999954223633,48.130001068115234,4726000,39.82154083251953
2022-03-24,48.709999084472656,48.970001220703125,47.97999954223633,48.63999938964844,4625700,40.243492126464844
2022-03-25,48.540000915527344,49.20500183105469,48.369998931884766,48.70000076293945,6003500,40.29314422607422
2022-03-28,48.189998626708984,48.63999938964844,46.90999984741211,47.689998626708984,5769200,39.457496643066406
2022-03-29,48.650001525878906,48.97999954223633,47.97999954223633,48.63999938964844,5044000,40.243492126464844
2022-03-30,48.459999084472656,48.61000061035156,46.43000030517578,46.79999923706055,5538000,38.72112274169922
2022-03-31,46.52000045776367,47.029998779296875,45.33000183105469,45.33000183105469,4670100,37.5048828125
2022-04-01,45.790000915527344,46.099998474121094,43.845001220703125,44.189998626708984,7549900,36.561676025390625
2022-04-04,43.790000915527344,43.97999954223633,42.83000183105469,43.54999923706055,6811200,36.03215026855469
2022-04-05,42.88999938964844,43.9900016784668,42.529998779296875,43.040000915527344,10930200,35.610198974609375
2022-04-06,42.58000183105469,42.91999816894531,41.58000183105469,42.08000183105469,35936500,34.815914154052734
2022-04-07,42.060001373291016,42.38999938964844,40.880001068115234,41.650001525878906,11504500,34.460140228271484
2022-04-08,41.880001068115234,42.16999816894531,41.43000030517578,41.83000183105469,7917200,34.60907745361328
2022-04-11,41.63999938964844,42.654998779296875,41.349998474121094,41.81999969482422,7766400,34.60079574584961
2022-04-12,41.56999969482422,42.0099983215332,40.345001220703125,40.900001525878906,9963600,33.83961868286133
2022-04-13,40.400001525878906,41.25,40.2400016784668,41.22999954223633,5783500,34.11265182495117
2022-04-14,41.18000030517578,41.52000045776367,40.529998779296875,40.869998931884766,5478600,33.81480026245117
2022-04-18,40.68000030517578,41.34000015258789,40.599998474121094,41.22999954223633,7482100,34.11265182495117
2022-04-19,43.75,44.93000030517578,43.40999984741211,44.040000915527344,8730400,36.43757629394531
2022-04-20,44.709999084472656,45.34000015258789,44.26499938964844,44.31999969482422,6872200,36.66923904418945
2022-04-21,44.88999938964844,45.16999816894531,42.83000183105469,43.029998779296875,6600200,35.6019287109375
2022-04-22,43.0,43.18000030517578,41.790000915527344,41.84000015258789,6988100,34.617347717285156
2022-04-25,41.5,41.86000061035156,40.415000915527344,41.68000030517578,7412600,34.4849739074707
2022-04-26,40.810001373291016,41.400001525878906,39.970001220703125,39.970001220703125,8904400,33.070159912109375
2022-04-27,39.93000030517578,40.2400016784668,39.5099983215332,39.709999084472656,10561500,32.855045318603516
2022-04-28,40.27000045776367,40.650001525878906,39.349998474121094,40.29999923706055,6822500,33.34319305419922
2022-04-29,40.33000183105469,40.6349983215332,39.310001373291016,39.400001525878906,7054300,32.59855270385742
2022-05-02,39.54999923706055,39.72999954223633,38.41999816894531,39.400001525878906,6186900,32.92445755004883
2022-05-03,39.75,40.525001525878906,39.439998626708984,40.16999816894531,5830000,33.56789779663086
2022-05-04,40.029998779296875,41.55500030517578,39.79999923706055,41.4900016784668,8011500,34.670963287353516
2022-05-05,40.7599983215332,41.18000030517578,39.709999084472656,40.59000015258789,6161100,33.918880462646484
2022-05-06,40.619998931884766,40.720001220703125,39.2599983215332,40.0099983215332,6960800,33.434200286865234
2022-05-09,39.4900016784668,39.779998779296875,38.7599983215332,39.41999816894531,7839100,32.94116973876953
2022-05-10,39.81999969482422,40.189998626708984,38.040000915527344,39.040000915527344,6612600,32.62362289428711
2022-05-11,39.189998626708984,39.904998779296875,37.974998474121094,38.029998779296875,5713100,31.779617309570312
2022-05-12,37.720001220703125,38.2400016784668,36.83000183105469,37.790000915527344,6076700,31.579065322875977
2022-05-13,38.22999954223633,38.611000061035156,37.630001068115234,37.939998626708984,4843400,31.70441246032715
2022-05-16,38.66999816894531,39.02000045776367,37.849998474121094,37.9900016784668,6559700,31.74619483947754
2022-05-17,38.79999923706055,39.54499816894531,38.650001525878906,39.40999984741211,4708700,32.93280792236328
2022-05-18,38.880001068115234,39.0,37.59000015258789,38.0,6143100,31.754554748535156
2022-05-19,37.43000030517578,38.099998474121094,37.349998474121094,37.70000076293945,5379900,31.50386619567871
2022-05-20,38.2599983215332,38.55500030517578,36.7599983215332,37.75,5551800,31.54564666748047
2022-05-23,38.86000061035156,39.435001373291016,38.290000915527344,39.04999923706055,5378700,32.63197708129883
2022-05-24,38.849998474121094,39.029998779296875,37.77000045776367,38.709999084472656,5420800,32.347862243652344
2022-05-25,38.63999938964844,39.880001068115234,38.6349983215332,39.599998474121094,5310200,33.09157943725586
2022-05-26,39.970001220703125,40.599998474121094,39.915000915527344,40.29999923706055,4997000,33.676536560058594
2022-05-27,40.29999923706055,41.040000915527344,40.22999954223633,40.869998931884766,3577600,34.15285110473633
2022-05-31,40.34000015258789,41.665000915527344,40.220001220703125,41.380001068115234,9257900,34.57904052734375
2022-06-01,41.34000015258789,41.5,39.630001068115234,40.040000915527344,5284800,33.45927047729492
2022-06-02,40.02000045776367,41.11000061035156,39.90999984741211,41.09000015258789,3804000,34.336708068847656
2022-06-03,40.650001525878906,40.88999938964844,40.279998779296875,40.470001220703125,3142800,33.81859588623047
2022-06-06,40.900001525878906,41.38999938964844,40.529998779296875,40.61000061035156,3087700,33.93558883666992
2022-06-07,40.11000061035156,41.099998474121094,39.95000076293945,41.060001373291016,3724700,34.3116340637207
2022-06-08,40.70000076293945,40.75,40.060001373291016,40.380001068115234,3914600,33.743385314941406
2022-06-09,40.27000045776367,40.34000015258789,38.86000061035156,38.869998931884766,3950500,32.481563568115234
2022-06-10,37.79999923706055,38.10499954223633,36.5,36.59000015258789,5222000,30.5762939453125
2022-06-13,35.5099983215332,36.040000915527344,35.11000061035156,35.41999816894531,7045600,29.59857940673828
2022-06-14,35.65999984741211,36.2400016784668,35.16999816894531,35.65999984741211,6833400,29.79914093017578
2022-06-15,36.130001068115234,36.84000015258789,35.70000076293945,36.290000915527344,6990700,30.325593948364258
2022-06-16,35.47999954223633,35.57600021362305,34.5,35.040000915527344,6169000,29.28104019165039
2022-06-17,35.099998474121094,35.869998931884766,34.83000183105469,35.619998931884766,11754500,29.765710830688477
2022-06-21,36.59000015258789,36.86000061035156,35.709999084472656,36.16999816894531,5090400,30.225317001342773
2022-06-22,35.790000915527344,36.51499938964844,35.66999816894531,36.349998474121094,5361800,30.375741958618164
2022-06-23,36.130001068115234,36.27000045776367,34.790000915527344,35.150001525878906,6535600,29.372955322265625
2022-06-24,35.27000045776367,37.095001220703125,35.11000061035156,37.029998779296875,6903300,30.94397735595703
2022-06-27,37.279998779296875,37.43000030517578,36.16999816894531,36.38999938964844,4973300,30.409160614013672
2022-06-28,37.41999816894531,38.077999114990234,36.625,36.7400016784668,4750300,30.701644897460938
2022-06-29,36.83000183105469,36.900001525878906,35.94499969482422,36.130001068115234,3085200,30.19188690185547
2022-06-30,35.290000915527344,36.255001068115234,34.810001373291016,35.689998626708984,4394700,29.824209213256836
2022-07-01,35.5099983215332,36.279998779296875,34.95500183105469,36.119998931884766,4016200,30.18353843688965
2022-07-05,35.22999954223633,35.900001525878906,34.560001373291016,35.880001068115234,3858900,29.98298454284668
2022-07-06,35.470001220703125,35.915000915527344,35.154998779296875,35.560001373291016,4330100,29.7155704498291
2022-07-07,36.04999923706055,36.54999923706055,35.939998626708984,36.45000076293945,3068400,30.45929718017578
2022-07-08,36.70000076293945,36.810001373291016,35.970001220703125,36.310001373291016,2549800,30.342308044433594
2022-07-11,35.93000030517578,36.380001068115234,35.599998474121094,36.20000076293945,2625700,30.25038719177246
2022-07-12,35.72999954223633,36.849998474121094,35.63999938964844,36.060001373291016,3405300,30.133394241333008
2022-07-13,35.65999984741211,35.790000915527344,34.81999969482422,35.380001068115234,3468600,29.565162658691406
2022-07-14,34.59000015258789,35.064998626708984,34.345001220703125,34.93000030517578,4019200,29.189115524291992
2022-07-15,35.4900016784668,36.9900016784668,35.32899856567383,36.79999923706055,4332500,30.751771926879883
2022-07-18,37.36000061035156,38.119998931884766,37.08000183105469,37.16999816894531,7564200,31.06096839904785
2022-07-19,38.0,38.459999084472656,37.540000915527344,37.88999938964844,5877800,31.662633895874023
2022-07-20,37.599998474121094,37.900001525878906,36.93000030517578,37.56999969482422,6051900,31.395217895507812
2022-07-21,37.33000183105469,37.86000061035156,36.939998626708984,37.540000915527344,4883600,31.37015151977539
2022-07-22,37.5,37.939998626708984,36.880001068115234,37.16999816894531,4851200,31.06096839904785
2022-07-25,37.63999938964844,37.935001373291016,37.119998931884766,37.709999084472656,3332700,31.512210845947266
2022-07-26,37.34000015258789,37.75,36.474998474121094,36.61000061035156,3744300,30.59300422668457
2022-07-27,36.75,37.66999816894531,36.59000015258789,37.33000183105469,3485000,31.194673538208008
2022-07-28,37.290000915527344,37.58000183105469,36.58000183105469,37.349998474121094,3333200,31.211381912231445
2022-07-29,37.650001525878906,38.150001525878906,37.54999923706055,37.970001220703125,5277200,31.72948455810547
2022-08-01,37.20000076293945,37.619998931884766,36.7400016784668,37.58000183105469,3223100,31.754840850830078
2022-08-02,37.43000030517578,37.44499969482422,36.689998626708984,36.72999954223633,2789000,31.03658676147461
2022-08-03,37.09000015258789,37.45000076293945,36.790000915527344,37.279998779296875,3917400,31.501333236694336
2022-08-04,37.11000061035156,37.279998779296875,36.56999969482422,36.599998474121094,2680200,30.926740646362305
2022-08-05,36.540000915527344,37.400001525878906,36.40999984741211,37.209999084472656,2627200,31.442180633544922
2022-08-08,37.5099983215332,37.68000030517578,37.099998474121094,37.209999084472656,4707000,31.442180633544922
2022-08-09,37.220001220703125,37.275001525878906,36.88999938964844,37.150001525878906,2565400,31.391490936279297
2022-08-10,37.75,38.76100158691406,37.630001068115234,38.40999984741211,6117000,32.456172943115234
2022-08-11,38.93000030517578,39.97999954223633,38.93000030517578,39.380001068115234,4246100,33.275821685791016
2022-08-12,39.61000061035156,39.93000030517578,39.11000061035156,39.90999984741211,3327000,33.72366714477539
2022-08-15,39.400001525878906,39.95000076293945,39.310001373291016,39.83000183105469,2522500,33.656070709228516
2022-08-16,39.75,40.380001068115234,39.619998931884766,40.09000015258789,2715700,33.875762939453125
2022-08-17,39.5099983215332,39.779998779296875,39.07500076293945,39.5099983215332,2973400,33.38566970825195
2022-08-18,39.560001373291016,39.79999923706055,39.21500015258789,39.7400016784668,2996100,33.58000946044922
2022-08-19,39.439998626708984,39.4900016784668,38.7400016784668,38.97999954223633,3402400,32.937828063964844
2022-08-22,38.2599983215332,38.29999923706055,37.66999816894531,38.099998474121094,3366900,32.19422149658203
2022-08-23,38.15999984741211,38.52000045776367,38.040000915527344,38.09000015258789,2761600,32.18577194213867
2022-08-24,37.970001220703125,38.16999816894531,37.68000030517578,37.97999954223633,2218500,32.092830657958984
2022-08-25,38.09000015258789,38.720001220703125,37.95000076293945,38.70000076293945,2622400,32.70122146606445
2022-08-26,38.95000076293945,39.029998779296875,37.244998931884766,37.2599983215332,4262900,31.484437942504883
2022-08-29,37.0,37.2599983215332,36.56999969482422,36.779998779296875,3156800,31.07883071899414
2022-08-30,37.08000183105469,37.08000183105469,36.34000015258789,36.7400016784668,3389100,31.045040130615234
2022-08-31,36.849998474121094,36.959999084472656,36.48500061035156,36.68000030517578,6227900,30.994335174560547
2022-09-01,36.61000061035156,36.68000030517578,35.8650016784668,36.630001068115234,3222100,30.952091217041016
2022-09-02,37.13999938964844,37.34000015258789,36.02000045776367,36.18000030517578,3023500,30.571840286254883
2022-09-06,36.59000015258789,36.63999938964844,35.4900016784668,35.709999084472656,3999400,30.174697875976562
2022-09-07,35.41999816894531,36.43000030517578,35.310001373291016,36.209999084472656,5198100,30.59718894958496
2022-09-08,36.11000061035156,37.847999572753906,35.83000183105469,37.83000183105469,4212100,31.96609115600586
2022-09-09,38.099998474121094,38.529998779296875,38.0,38.31999969482422,3223600,32.3801383972168
2022-09-12,38.5099983215332,39.189998626708984,38.5099983215332,39.130001068115234,3935700,33.064579010009766
2022-09-13,38.13999938964844,38.560001373291016,37.11000061035156,37.2400016784668,3163300,31.46753692626953
2022-09-14,37.34000015258789,37.64099884033203,36.5099983215332,36.900001525878906,3420400,31.180234909057617
2022-09-15,37.029998779296875,38.310001373291016,36.970001220703125,37.709999084472656,4205500,31.864681243896484
2022-09-16,37.209999084472656,37.209999084472656,36.45500183105469,36.869998931884766,8385600,31.154884338378906
2022-09-19,36.34000015258789,37.53499984741211,36.310001373291016,37.279998779296875,3134900,31.501333236694336
2022-09-20,36.90999984741211,37.119998931884766,36.4900016784668,36.810001373291016,2655900,31.104188919067383
2022-09-21,36.84000015258789,37.5,36.375,36.4900016784668,5814200,30.833797454833984
2022-09-22,36.619998931884766,36.810001373291016,35.130001068115234,35.150001525878906,4234500,29.701496124267578
2022-09-23,34.599998474121094,34.779998779296875,33.78499984741211,34.43000030517578,5593800,29.09310531616211
2022-09-26,33.959999084472656,34.61000061035156,33.51499938964844,33.65999984741211,4562400,28.442459106445312
2022-09-27,33.7599983215332,34.11000061035156,32.654998779296875,32.9900016784668,7137300,27.87631607055664
2022-09-28,33.130001068115234,34.09000015258789,33.06999969482422,33.970001220703125,8326300,28.70441436767578
2022-09-29,33.439998626708984,34.16999816894531,33.20000076293945,33.849998474121094,7673900,28.603008270263672
2022-09-30,34.099998474121094,34.95000076293945,33.84000015258789,34.36000061035156,5693000,29.033954620361328
2022-10-03,34.83000183105469,35.58000183105469,34.060001373291016,35.040000915527344,6804300,29.608552932739258
2022-10-04,35.63999938964844,36.64500045776367,35.61000061035156,36.630001068115234,4902800,30.952091217041016
2022-10-05,36.0,36.41999816894531,35.81999969482422,36.11000061035156,3522700,30.512697219848633
2022-10-06,35.779998779296875,36.06999969482422,35.369998931884766,35.43000030517578,3630600,29.93809700012207
2022-10-07,35.09000015258789,35.18000030517578,34.459999084472656,35.02000045776367,3716600,29.59165382385254
2022-10-10,35.220001220703125,35.459999084472656,34.470001220703125,34.66999816894531,2618500,29.295896530151367
2022-10-11,34.47999954223633,34.95000076293945,34.07699966430664,34.29999923706055,4089200,28.983259201049805
2022-10-12,34.2400016784668,34.68000030517578,33.95000076293945,34.16999816894531,3165500,28.873409271240234
2022-10-13,33.86000061035156,36.310001373291016,33.4900016784668,36.130001068115234,4264800,30.529592514038086
2022-10-14,36.36000061035156,37.20500183105469,35.75,35.81999969482422,4021700,30.267642974853516
2022-10-17,36.77000045776367,36.915000915527344,36.04999923706055,36.290000915527344,5146300,30.664785385131836
2022-10-18,36.93000030517578,37.439998626708984,36.34000015258789,36.939998626708984,5265800,31.214031219482422
2022-10-19,37.349998474121094,38.41999816894531,36.540000915527344,36.720001220703125,6101700,31.02813720703125
2022-10-20,36.900001525878906,37.75,35.63999938964844,35.900001525878906,5979200,30.335243225097656
2022-10-21,35.849998474121094,38.07500076293945,35.63999938964844,37.939998626708984,6978300,32.05902099609375
2022-10-24,38.25,39.650001525878906,38.040000915527344,39.38999938964844,6397300,33.284278869628906
2022-10-25,39.06999969482422,40.58000183105469,38.849998474121094,40.439998626708984,6430700,34.17151641845703
2022-10-26,40.52000045776367,40.81999969482422,40.060001373291016,40.189998626708984,4645500,33.960269927978516
2022-10-27,40.52000045776367,40.869998931884766,39.97999954223633,40.040000915527344,3137500,33.833518981933594
2022-10-28,40.2599983215332,41.0,40.0099983215332,40.97999954223633,3603200,34.627803802490234
2022-10-31,40.779998779296875,41.20000076293945,40.650001525878906,40.900001525878906,4072100,34.56020736694336
2022-11-01,40.959999084472656,41.02000045776367,40.20000076293945,40.439998626708984,5974100,34.526058197021484
2022-11-02,40.31999969482422,40.93000030517578,39.540000915527344,39.560001373291016,4356000,33.774742126464844
2022-11-03,39.0,39.45000076293945,38.31999969482422,39.130001068115234,3192200,33.407630920410156
2022-11-04,39.630001068115234,40.540000915527344,39.40999984741211,40.119998931884766,5909400,34.25285339355469
2022-11-07,40.369998931884766,40.5,39.790000915527344,40.22999954223633,4805500,34.346771240234375
2022-11-08,40.16999816894531,40.560001373291016,39.790000915527344,40.20000076293945,3781500,34.32115173339844
2022-11-09,39.779998779296875,40.05500030517578,39.189998626708984,39.65999984741211,4278100,33.86013412475586
2022-11-10,40.90999984741211,41.63999938964844,40.849998474121094,41.41999816894531,4425600,35.36273956298828
2022-11-11,41.58000183105469,41.880001068115234,41.185001373291016,41.54999923706055,3244600,35.47372817993164
2022-11-14,41.22999954223633,41.459999084472656,40.275001525878906,40.29999923706055,3729000,34.40652084350586
2022-11-15,40.86000061035156,41.48500061035156,40.13999938964844,40.459999084472656,3934500,34.54313278198242
2022-11-16,40.400001525878906,40.59000015258789,39.5099983215332,39.709999084472656,3223800,33.90281677246094
2022-11-17,39.119998931884766,39.78499984741211,38.849998474121094,39.689998626708984,2951000,33.88573455810547
2022-11-18,40.41999816894531,40.564998626708984,39.86000061035156,40.40999984741211,3735100,34.50044250488281
2022-11-21,40.27000045776367,40.724998474121094,40.2599983215332,40.63999938964844,3062500,34.69681167602539
2022-11-22,41.040000915527344,41.470001220703125,40.97999954223633,41.38999938964844,3140100,35.337127685546875
2022-11-23,41.290000915527344,41.7400016784668,41.150001525878906,41.560001373291016,2597500,35.482269287109375
2022-11-25,41.75,42.09000015258789,41.75,41.90999984741211,1304200,35.781089782714844
2022-11-28,41.40999984741211,41.630001068115234,40.98500061035156,41.119998931884766,2946800,35.10661315917969
2022-11-29,41.209999084472656,41.900001525878906,40.999000549316406,41.790000915527344,3362500,35.67863464355469
2022-11-30,41.59000015258789,42.380001068115234,40.72600173950195,42.380001068115234,4682200,36.18235397338867
2022-12-01,42.5099983215332,42.7599983215332,41.56999969482422,41.97999954223633,3301800,35.84084701538086
2022-12-02,41.52000045776367,41.939998626708984,41.31999969482422,41.70000076293945,2580800,35.6017951965332
2022-12-05,41.43000030517578,41.43000030517578,39.25,39.47999954223633,4661900,33.706451416015625
2022-12-06,39.310001373291016,39.900001525878906,38.81999969482422,39.31999969482422,4907300,33.569847106933594
2022-12-07,39.11000061035156,39.959999084472656,38.86000061035156,39.5,4712700,33.7235221862793
2022-12-08,39.68000030517578,39.95000076293945,39.290000915527344,39.58000183105469,4389700,33.791831970214844
2022-12-09,39.380001068115234,39.95500183105469,39.18000030517578,39.81999969482422,3372100,33.99672317504883
2022-12-12,39.900001525878906,40.54999923706055,39.33000183105469,40.43000030517578,3753200,34.51752471923828
2022-12-13,41.349998474121094,41.59000015258789,39.61000061035156,39.900001525878906,4687800,34.06502914428711
2022-12-14,39.88999938964844,40.0,38.880001068115234,39.060001373291016,4484300,33.34787368774414
2022-12-15,38.380001068115234,38.75,38.1349983215332,38.31999969482422,5140200,32.71609115600586
2022-12-16,37.91999816894531,38.40999984741211,37.75,38.33000183105469,6154400,32.72462844848633
2022-12-19,38.290000915527344,38.77000045776367,37.880001068115234,38.20000076293945,2836400,32.61363983154297
2022-12-20,38.34000015258789,38.65999984741211,38.0,38.04999923706055,4141800,32.485572814941406
2022-12-21,38.59000015258789,39.09000015258789,38.560001373291016,38.70000076293945,3831800,33.04051971435547
2022-12-22,38.369998931884766,38.939998626708984,37.96500015258789,38.88999938964844,3047800,33.20273208618164
2022-12-23,38.81999969482422,39.11000061035156,38.61000061035156,38.900001525878906,1809100,33.21126937866211
2022-12-27,38.95000076293945,39.279998779296875,38.779998779296875,39.209999084472656,1663200,33.47593307495117
2022-12-28,39.2599983215332,39.400001525878906,38.8650016784668,38.970001220703125,1881600,33.27103805541992
2022-12-29,39.060001373291016,39.68000030517578,38.90999984741211,39.470001220703125,2303300,33.697914123535156
2022-12-30,39.2400016784668,39.5099983215332,39.1150016784668,39.369998931884766,2199900,33.61253356933594
2023-01-03,39.5,40.02000045776367,39.19499969482422,39.529998779296875,3784000,33.7491340637207
2023-01-04,40.0099983215332,40.93000030517578,39.900001525878906,40.650001525878906,3356200,34.70534896850586
2023-01-05,40.400001525878906,40.65999984741211,39.91999816894531,40.470001220703125,3819700,34.551666259765625
2023-01-06,40.59000015258789,41.814998626708984,40.5099983215332,41.63999938964844,3238300,35.550575256347656
2023-01-09,41.65999984741211,41.849998474121094,41.0099983215332,41.099998474121094,2411400,35.08953857421875
2023-01-10,41.06999969482422,41.319000244140625,40.84000015258789,41.2599983215332,2514000,35.226139068603516
2023-01-11,41.31999969482422,41.73500061035156,41.16999816894531,41.470001220703125,3414300,35.40542984008789
2023-01-12,41.779998779296875,42.244998931884766,41.59000015258789,41.83000183105469,3019900,35.712791442871094
2023-01-13,41.279998779296875,41.779998779296875,40.689998626708984,41.720001220703125,3893000,35.618873596191406
2023-01-17,41.4900016784668,41.61000061035156,40.470001220703125,40.81999969482422,6119300,34.85049057006836
2023-01-18,40.599998474121094,41.48500061035156,40.2400016784668,40.900001525878906,7269200,34.918785095214844
2023-01-19,40.4900016784668,40.68000030517578,39.86000061035156,40.27000045776367,4851500,34.380916595458984
2023-01-20,40.52000045776367,41.26499938964844,40.11000061035156,41.2599983215332,7980600,35.226139068603516
2023-01-23,41.4900016784668,42.720001220703125,41.2599983215332,42.41999816894531,4281400,36.216495513916016
2023-01-24,42.41999816894531,42.56999969482422,41.630001068115234,41.81999969482422,4273500,35.70424270629883
2023-01-25,41.58000183105469,42.77000045776367,41.4900016784668,42.75,5269800,36.49824523925781
2023-01-26,43.04999923706055,43.36000061035156,42.47999954223633,43.119998931884766,3858000,36.81413269042969
2023-01-27,43.040000915527344,43.470001220703125,43.040000915527344,43.290000915527344,2856900,36.95928192138672
2023-01-30,42.630001068115234,43.02000045776367,42.189998626708984,42.290000915527344,3410500,36.45924758911133
2023-01-31,42.40999984741211,43.34000015258789,42.18000030517578,43.31999969482422,2989700,37.34722900390625
2023-02-01,43.0,44.029998779296875,42.900001525878906,43.65999984741211,3604300,37.640350341796875
2023-02-02,43.880001068115234,44.78499984741211,43.720001220703125,44.459999084472656,3647300,38.33005905151367
2023-02-03,44.099998474121094,44.81999969482422,44.09000015258789,44.439998626708984,2969500,38.31282043457031
2023-02-06,43.869998931884766,44.13999938964844,43.65999984741211,43.779998779296875,2719600,37.74380111694336
2023-02-07,43.599998474121094,44.540000915527344,43.54999923706055,44.279998779296875,2825100,38.17486572265625
2023-02-08,43.81999969482422,44.189998626708984,43.709999084472656,43.810001373291016,3138000,37.769676208496094
2023-02-09,44.02000045776367,44.21500015258789,43.11000061035156,43.16999816894531,2869600,37.21791076660156
2023-02-10,42.90999984741211,43.13999938964844,42.599998474121094,43.119998931884766,2712000,37.174800872802734
2023-02-13,42.9900016784668,43.57500076293945,42.81999969482422,43.470001220703125,2650000,37.47654724121094
2023-02-14,43.33000183105469,43.54999923706055,42.689998626708984,43.36000061035156,2694500,37.3817138671875
2023-02-15,42.86000061035156,43.529998779296875,42.83000183105469,43.43000030517578,1893800,37.44206619262695
2023-02-16,42.95000076293945,43.2599983215332,42.709999084472656,42.810001373291016,2269600,36.907554626464844
2023-02-17,42.97999954223633,43.46699905395508,42.810001373291016,43.18000030517578,4095100,37.226531982421875
2023-02-21,42.709999084472656,42.83000183105469,41.814998626708984,41.95000076293945,3974000,36.16612243652344
2023-02-22,41.83000183105469,42.220001220703125,41.61000061035156,41.84000015258789,3600400,36.07129669189453
2023-02-23,42.150001525878906,42.46500015258789,41.5,41.93000030517578,4411300,36.14887237548828
2023-02-24,41.439998626708984,41.994998931884766,41.31999969482422,41.88999938964844,3760900,36.11438751220703
2023-02-27,42.18000030517578,42.51900100708008,41.560001373291016,41.75,3074500,35.99369430541992
2023-02-28,41.90999984741211,42.15999984741211,41.61000061035156,41.7599983215332,4626800,36.0023193359375
2023-03-01,41.540000915527344,41.84000015258789,41.3650016784668,41.61000061035156,3415600,35.87299728393555
2023-03-02,41.22999954223633,41.38999938964844,39.970001220703125,40.349998474121094,5668000,34.78672790527344
2023-03-03,40.41999816894531,40.9900016784668,40.2400016784668,40.97999954223633,4180900,35.32985305786133
2023-03-06,41.0,41.369998931884766,40.685001373291016,40.77000045776367,4006000,35.148807525634766
2023-03-07,40.43000030517578,40.54999923706055,38.595001220703125,38.689998626708984,6548500,33.3555908203125
2023-03-08,38.88999938964844,38.88999938964844,37.75,38.08000183105469,5622300,32.8297004699707
2023-03-09,37.72999954223633,37.900001525878906,35.665000915527344,35.75,9842000,30.820947647094727
2023-03-10,34.56999969482422,35.810001373291016,33.599998474121094,34.439998626708984,12623800,29.69156265258789
2023-03-13,31.90999984741211,32.63999938964844,29.719999313354492,30.649999618530273,20903800,26.424114227294922
2023-03-14,33.06999969482422,33.47999954223633,30.920000076293945,31.899999618530273,13167900,27.50177001953125
2023-03-15,30.610000610351562,32.040000915527344,30.381000518798828,31.510000228881836,16906800,27.165542602539062
2023-03-16,31.049999237060547,33.5099983215332,30.829999923706055,32.59000015258789,14992000,28.096635818481445
2023-03-17,32.150001525878906,32.470001220703125,30.575000762939453,30.860000610351562,17698400,26.605159759521484
2023-03-20,31.540000915527344,32.82500076293945,31.25,31.549999237060547,12167600,27.200023651123047
2023-03-21,32.79999923706055,33.4900016784668,32.630001068115234,33.02000045776367,7563100,28.467348098754883
2023-03-22,32.90999984741211,32.939998626708984,30.93000030517578,30.959999084472656,8102900,26.69137191772461
2023-03-23,31.190000534057617,31.31999969482422,29.729999542236328,29.889999389648438,8759600,25.76889991760254
2023-03-24,29.18000030517578,31.43000030517578,28.790000915527344,31.100000381469727,11488500,26.81207275390625
2023-03-27,32.400001525878906,32.48500061035156,30.405000686645508,30.479999542236328,12701600,26.277555465698242
2023-03-28,30.5,30.81999969482422,30.2450008392334,30.729999542236328,6859100,26.493085861206055
2023-03-29,31.1299991607666,31.43000030517578,30.8700008392334,31.1299991607666,9854800,26.837932586669922
2023-03-30,31.739999771118164,31.809999465942383,30.399999618530273,30.770000457763672,8100400,26.527568817138672
2023-03-31,31.110000610351562,31.260000228881836,29.954999923706055,30.3700008392334,11001400,26.182720184326172
2023-04-03,30.610000610351562,30.84000015258789,29.825000762939453,30.200000762939453,7362100,26.036161422729492
2023-04-04,30.5,30.520000457763672,28.809999465942383,29.170000076293945,9700100,25.148170471191406
2023-04-05,28.549999237060547,29.1200008392334,28.274999618530273,28.6200008392334,9071200,24.673999786376953
2023-04-06,28.709999084472656,29.415000915527344,28.639999389648438,29.06999969482422,5575000,25.061954498291016
2023-04-10,28.940000534057617,29.520000457763672,28.81999969482422,29.290000915527344,5505000,25.25162696838379
2023-04-11,29.290000915527344,29.594999313354492,29.059999465942383,29.40999984741211,6216600,25.355079650878906
2023-04-12,29.690000534057617,30.059999465942383,29.149999618530273,29.3799991607666,5767800,25.3292179107666
2023-04-13,29.299999237060547,29.56999969482422,28.940000534057617,29.549999237060547,7176200,25.475772857666016
2023-04-14,30.06999969482422,30.110000610351562,28.93000030517578,29.100000381469727,9370300,25.08782386779785
2023-04-17,29.020000457763672,30.329999923706055,28.610000610351562,30.31999969482422,8483200,26.13961410522461
2023-04-18,30.399999618530273,30.5049991607666,29.899999618530273,30.440000534057617,7780900,26.243070602416992
2023-04-19,29.1200008392334,30.540000915527344,28.950000762939453,30.5,10555100,26.294797897338867
2023-04-20,29.780000686645508,29.950000762939453,28.799999237060547,29.059999465942383,12453400,25.053333282470703
2023-04-21,29.100000381469727,29.260000228881836,28.450000762939453,28.799999237060547,8635300,24.829181671142578
2023-04-24,28.700000762939453,28.860000610351562,28.354999542236328,28.600000381469727,7526700,24.656757354736328
2023-04-25,28.110000610351562,29.084999084472656,27.899999618530273,28.8700008392334,15279100,24.88953399658203
2023-04-26,28.8799991607666,29.655000686645508,28.479999542236328,29.15999984741211,18711100,25.139549255371094
2023-04-27,29.3799991607666,30.5,29.350000381469727,30.09000015258789,8392800,25.94132423400879
2023-04-28,29.8700008392334,31.575000762939453,29.780000686645508,30.940000534057617,12849600,26.674135208129883
2023-05-01,29.920000076293945,30.049999237060547,28.709999084472656,28.81999969482422,22079600,24.84642791748047
2023-05-02,28.450000762939453,28.649999618530273,26.020000457763672,26.93000030517578,16331900,23.56036376953125
2023-05-03,26.950000762939453,27.719999313354492,26.020000457763672,26.219999313354492,11423900,22.93920135498047
2023-05-04,25.170000076293945,25.56999969482422,23.3700008392334,24.850000381469727,26935500,21.74062156677246
2023-05-05,26.2549991607666,26.485000610351562,25.6299991607666,26.440000534057617,10439700,23.131675720214844
2023-05-08,27.0,27.0,25.579999923706055,25.760000228881836,10999900,22.536762237548828
2023-05-09,25.520000457763672,26.110000610351562,25.31999969482422,26.049999237060547,6566000,22.790475845336914
2023-05-10,26.440000534057617,26.510000228881836,25.149999618530273,25.399999618530273,9605700,22.221799850463867
2023-05-11,24.989999771118164,25.360000610351562,24.719999313354492,24.799999237060547,8251900,21.696876525878906
2023-05-12,25.0,25.03499984741211,24.524999618530273,24.799999237060547,5959000,21.696876525878906
2023-05-15,24.799999237060547,25.780000686645508,24.790000915527344,25.770000457763672,5989400,22.545509338378906
2023-05-16,25.799999237060547,25.989999771118164,25.045000076293945,25.049999237060547,5354400,21.915597915649414
2023-05-17,25.56999969482422,26.524999618530273,25.34000015258789,26.3799991607666,9696900,23.079179763793945
2023-05-18,26.219999313354492,26.40999984741211,25.8700008392334,26.34000015258789,7865400,23.044187545776367
2023-05-19,26.459999084472656,26.559999465942383,25.59000015258789,26.18000030517578,7046000,22.904205322265625
2023-05-22,26.510000228881836,27.204999923706055,26.100000381469727,27.190000534057617,4958700,23.787830352783203
2023-05-23,27.280000686645508,28.399999618530273,27.270000457763672,27.8700008392334,9846800,24.382740020751953
2023-05-24,27.610000610351562,27.809999465942383,26.924999237060547,26.93000030517578,6736500,23.56036376953125
2023-05-25,26.799999237060547,27.229999542236328,26.56100082397461,26.850000381469727,6078800,23.490375518798828
2023-05-26,26.850000381469727,27.079999923706055,26.280000686645508,27.010000228881836,4921100,23.63035011291504
2023-05-30,27.190000534057617,27.649999618530273,26.639999389648438,27.170000076293945,6659300,23.77033042907715
2023-05-31,26.75,26.860000610351562,25.59000015258789,25.780000686645508,9193900,22.554256439208984
2023-06-01,26.1200008392334,26.510000228881836,25.43000030517578,26.389999389648438,5922000,23.08793067932129
2023-06-02,27.0,27.969999313354492,26.81999969482422,27.790000915527344,6792200,24.312755584716797
2023-06-05,27.950000762939453,27.950000762939453,26.920000076293945,27.489999771118164,3681600,24.050289154052734
2023-06-06,27.43000030517578,28.969999313354492,27.290000915527344,28.600000381469727,4911700,25.021398544311523
2023-06-07,28.8799991607666,29.219999313354492,28.204999923706055,29.010000228881836,8153700,25.38010025024414
2023-06-08,28.799999237060547,28.88800048828125,28.209999084472656,28.829999923706055,6613800,25.22262191772461
2023-06-09,28.739999771118164,28.90999984741211,27.950000762939453,28.34000015258789,7208400,24.793933868408203
2023-06-12,28.0,28.920000076293945,25.719999313354492,27.40999984741211,16313600,23.980300903320312
2023-06-13,27.3700008392334,28.389999389648438,26.969999313354492,28.18000030517578,7523400,24.653955459594727
2023-06-14,28.5,28.8700008392334,26.989999771118164,27.100000381469727,7213100,23.709091186523438
2023-06-15,26.940000534057617,27.81999969482422,26.885000228881836,27.690000534057617,6617300,24.22526741027832
2023-06-16,28.1200008392334,28.1200008392334,27.190000534057617,27.260000228881836,11760900,23.849071502685547
2023-06-20,27.290000915527344,27.309999465942383,26.729999542236328,27.200000762939453,5030400,23.79657745361328
2023-06-21,27.139999389648438,27.350000381469727,26.729999542236328,26.940000534057617,4338000,23.569110870361328
2023-06-22,27.100000381469727,27.145000457763672,25.989999771118164,26.06999969482422,5286000,22.80797004699707
2023-06-23,25.600000381469727,26.1200008392334,25.360000610351562,25.469999313354492,6465300,22.28304672241211
2023-06-26,25.6299991607666,26.059999465942383,25.479999542236328,25.559999465942383,4541000,22.361785888671875
2023-06-27,25.65999984741211,26.190000534057617,25.31999969482422,26.079999923706055,5583900,22.81671905517578
2023-06-28,25.809999465942383,25.825000762939453,25.200000762939453,25.65999984741211,6073700,22.449270248413086
2023-06-29,25.360000610351562,26.25,25.334999084472656,25.93000030517578,8938800,22.685487747192383
2023-06-30,26.309999465942383,26.38800048828125,25.760000228881836,26.079999923706055,6005600,22.81671905517578
2023-07-03,26.329999923706055,27.025999069213867,26.299999237060547,26.520000457763672,3847100,23.20166015625
2023-07-05,26.030000686645508,26.610000610351562,25.954999923706055,26.25,4927600,22.96544647216797
2023-07-06,25.81999969482422,26.06999969482422,25.229999542236328,26.06999969482422,5818500,22.80797004699707
2023-07-07,26.059999465942383,27.239999771118164,26.059999465942383,26.93000030517578,7350400,23.56036376953125
2023-07-10,26.389999389648438,27.149999618530273,26.350000381469727,26.700000762939453,4964900,23.359140396118164
2023-07-11,26.950000762939453,27.639999389648438,26.601999282836914,27.579999923706055,6267700,24.1290283203125
2023-07-12,28.059999465942383,28.8700008392334,28.03499984741211,28.110000610351562,6289500,24.592714309692383
2023-07-13,28.209999084472656,28.690000534057617,28.010000228881836,28.3799991607666,4768400,24.828927993774414
2023-07-14,28.719999313354492,28.719999313354492,27.440000534057617,27.780000686645508,5653600,24.30400276184082
2023-07-17,27.780000686645508,28.260000228881836,27.6200008392334,28.079999923706055,3563800,24.56646728515625
2023-07-18,28.299999237060547,29.149999618530273,28.170000076293945,29.110000610351562,8572200,25.467588424682617
2023-07-19,29.09000015258789,31.610000610351562,28.860000610351562,30.969999313354492,14997700,27.0948486328125
2023-07-20,30.56999969482422,31.420000076293945,30.5,31.219999313354492,13413500,27.31357192993164
2023-07-21,31.420000076293945,31.469999313354492,30.665000915527344,31.049999237060547,8213300,27.164840698242188
2023-07-24,31.1299991607666,32.3849983215332,31.1299991607666,32.13999938964844,7113500,28.118453979492188
2023-07-25,32.220001220703125,32.584999084472656,31.104999542236328,31.170000076293945,7898300,27.269826889038086
2023-07-26,31.959999084472656,32.63999938964844,31.93000030517578,32.439998626708984,7212000,28.38091468811035
2023-07-27,32.560001373291016,33.470001220703125,31.809999465942383,31.93000030517578,6255900,27.934730529785156
2023-07-28,32.41999816894531,32.52000045776367,31.8700008392334,32.290000915527344,4880000,28.24968910217285
2023-07-31,32.41999816894531,32.650001525878906,32.0099983215332,32.2599983215332,5579500,28.223440170288086
2023-08-01,31.65999984741211,31.75,30.90999984741211,31.100000381469727,5990300,27.567493438720703
2023-08-02,30.700000762939453,31.200000762939453,30.395000457763672,31.049999237060547,4592500,27.523170471191406
2023-08-03,30.959999084472656,31.5,30.68000030517578,31.479999542236328,4580300,27.90433120727539
2023-08-04,31.329999923706055,31.8799991607666,31.239999771118164,31.25,7734600,27.700454711914062
2023-08-07,31.469999313354492,31.969999313354492,31.31999969482422,31.510000228881836,3818600,27.930923461914062
2023-08-08,30.420000076293945,31.030000686645508,29.670000076293945,31.0,6937600,27.478851318359375
2023-08-09,30.81999969482422,31.19499969482422,30.459999084472656,30.600000381469727,4899300,27.124286651611328
2023-08-10,30.850000381469727,31.139999389648438,30.5049991607666,30.729999542236328,4910500,27.239521026611328
2023-08-11,30.549999237060547,30.864999771118164,30.459999084472656,30.709999084472656,3340100,27.221792221069336
2023-08-14,30.3700008392334,30.43000030517578,29.440000534057617,29.579999923706055,5035100,26.220142364501953
2023-08-15,29.040000915527344,29.06999969482422,28.209999084472656,28.290000915527344,6047600,25.07666778564453
2023-08-16,28.209999084472656,28.40999984741211,27.979999542236328,28.100000381469727,4332700,24.908246994018555
2023-08-17,28.270000457763672,28.479999542236328,28.114999771118164,28.280000686645508,3573200,25.06780433654785
2023-08-18,27.979999542236328,28.170000076293945,27.559999465942383,27.709999084472656,6967800,24.56254768371582
2023-08-21,27.799999237060547,27.899999618530273,27.299999237060547,27.440000534057617,4623900,24.32321548461914
2023-08-22,27.389999389648438,27.625,26.729999542236328,26.75,4833500,23.711589813232422
2023-08-23,26.700000762939453,27.0049991607666,26.450000762939453,26.920000076293945,4064100,23.862281799316406
2023-08-24,26.90999984741211,27.440000534057617,26.843000411987305,27.079999923706055,4398100,24.004106521606445
2023-08-25,27.190000534057617,27.350000381469727,26.65999984741211,26.84000015258789,3781800,23.791366577148438
2023-08-28,27.149999618530273,27.6299991607666,27.049999237060547,27.3700008392334,3784900,24.261165618896484
2023-08-29,27.510000228881836,28.354999542236328,27.309999465942383,28.299999237060547,6189400,25.085529327392578
2023-08-30,28.209999084472656,28.43000030517578,27.979999542236328,27.989999771118164,6882400,24.81074333190918
2023-08-31,28.09000015258789,28.219999313354492,27.93000030517578,28.1299991607666,6485200,24.934844970703125
2023-09-01,28.350000381469727,28.774999618530273,28.31999969482422,28.6299991607666,3725500,25.378047943115234
2023-09-05,28.43000030517578,28.969999313354492,28.299999237060547,28.3799991607666,3721500,25.156444549560547
2023-09-06,28.09000015258789,28.299999237060547,27.559999465942383,27.68000030517578,5172400,24.535959243774414
2023-09-07,27.6200008392334,27.889999389648438,26.850000381469727,26.940000534057617,5163700,23.8800106048584
2023-09-08,26.950000762939453,27.475000381469727,26.65999984741211,27.3700008392334,3939600,24.261165618896484
2023-09-11,27.729999542236328,28.094999313354492,27.575000762939453,27.6200008392334,6165400,24.482770919799805
2023-09-12,27.690000534057617,28.690000534057617,27.600000381469727,28.3700008392334,5444300,25.1475830078125
2023-09-13,28.6200008392334,28.729999542236328,27.309999465942383,27.440000534057617,6067500,24.32321548461914
2023-09-14,27.8700008392334,28.51300048828125,27.799999237060547,28.270000457763672,4535900,25.05893898010254
2023-09-15,27.84000015258789,28.239999771118164,27.670000076293945,27.959999084472656,9556800,24.784149169921875
2023-09-18,27.899999618530273,27.899999618530273,27.329999923706055,27.399999618530273,3459800,24.287761688232422
2023-09-19,27.399999618530273,27.584999084472656,26.940000534057617,27.459999084472656,5880600,24.3409423828125
2023-09-20,27.8799991607666,28.059999465942383,27.364999771118164,27.520000457763672,6351300,24.39413070678711
2023-09-21,27.290000915527344,27.709999084472656,26.969999313354492,26.969999313354492,4577700,23.90660285949707
2023-09-22,26.989999771118164,27.135000228881836,26.559999465942383,26.559999465942383,3397800,23.54317283630371
2023-09-25,26.469999313354492,26.690000534057617,26.27199935913086,26.6299991607666,3548300,23.6052188873291
2023-09-26,26.25,26.739999771118164,25.959999084472656,25.989999771118164,5474700,23.037912368774414
2023-09-27,25.979999542236328,26.010000228881836,25.405000686645508,25.760000228881836,4812500,22.83403968811035
2023-09-28,25.780000686645508,26.5049991607666,25.729999542236328,26.350000381469727,4411100,23.357025146484375
2023-09-29,26.600000381469727,27.31999969482422,26.579999923706055,26.799999237060547,4785300,23.755910873413086
2023-10-02,26.68000030517578,26.75,25.739999771118164,25.90999984741211,5199500,22.967002868652344
2023-10-03,25.75,25.75,25.260000228881836,25.450000762939453,5709100,22.55925178527832
2023-10-04,25.59000015258789,25.665000915527344,25.125,25.639999389648438,7010200,22.727670669555664
2023-10-05,25.450000762939453,26.020000457763672,25.270000457763672,25.790000915527344,3834300,22.860631942749023
2023-10-06,25.579999923706055,26.260000228881836,25.260000228881836,26.18000030517578,7751800,23.206335067749023
2023-10-09,25.600000381469727,26.510000228881836,25.600000381469727,26.329999923706055,3364400,23.339296340942383
2023-10-10,26.600000381469727,27.204999923706055,26.56999969482422,26.809999465942383,4431700,23.764772415161133
2023-10-11,26.850000381469727,27.23900032043457,26.51099967956543,26.75,2605700,23.711589813232422
2023-10-12,26.799999237060547,26.799999237060547,26.100000381469727,26.360000610351562,4897800,23.365890502929688
2023-10-13,26.65999984741211,26.799999237060547,25.530000686645508,25.709999084472656,6056200,22.789718627929688
2023-10-16,26.079999923706055,26.6299991607666,25.860000610351562,26.510000228881836,4577100,23.498851776123047
2023-10-17,26.030000686645508,27.350000381469727,26.030000686645508,27.100000381469727,6290100,24.021835327148438
2023-10-18,25.709999084472656,26.670000076293945,25.229999542236328,25.59000015258789,11393000,22.683351516723633
2023-10-19,25.610000610351562,26.020000457763672,24.84000015258789,24.8799991607666,8792200,22.053993225097656
2023-10-20,24.75,24.799999237060547,23.559999465942383,23.760000228881836,9384500,21.06121253967285
2023-10-23,23.860000610351562,24.219999313354492,23.56999969482422,23.579999923706055,9768000,20.901655197143555
2023-10-24,23.700000762939453,24.058000564575195,23.260000228881836,23.579999923706055,6029800,20.901655197143555
2023-10-25,23.1200008392334,23.6200008392334,22.985000610351562,23.469999313354492,6842400,20.804147720336914
2023-10-26,23.6200008392334,24.155000686645508,23.60099983215332,23.739999771118164,5115100,21.043481826782227
2023-10-27,23.59000015258789,23.625,22.770000457763672,22.8700008392334,4891900,20.272302627563477
2023-10-30,23.1299991607666,23.434999465942383,22.850000381469727,23.389999389648438,6635400,20.733238220214844
2023-10-31,23.06999969482422,23.5,22.809999465942383,23.43000030517578,6150600,21.148439407348633
2023-11-01,23.459999084472656,23.600000381469727,23.06999969482422,23.170000076293945,5418700,20.913761138916016
2023-11-02,23.600000381469727,25.0,23.5,24.899999618530273,6679900,22.475297927856445
2023-11-03,26.010000228881836,26.540000915527344,25.899999618530273,26.170000076293945,8175900,23.621627807617188
2023-11-06,26.290000915527344,26.3799991607666,25.520000457763672,25.84000015258789,4116200,23.323762893676758
2023-11-07,25.6299991607666,25.985000610351562,25.3700008392334,25.809999465942383,4946800,23.29668617248535
2023-11-08,25.829999923706055,25.885000228881836,25.479999542236328,25.709999084472656,3879200,23.2064208984375
2023-11-09,25.760000228881836,25.934999465942383,24.920000076293945,25.020000457763672,7525500,22.583614349365234
2023-11-10,25.200000762939453,25.229999542236328,24.614999771118164,25.170000076293945,3800100,22.71900749206543
2023-11-13,25.0,25.25,24.729999542236328,24.950000762939453,3732000,22.520429611206055
2023-11-14,25.969999313354492,27.225000381469727,25.93000030517578,26.579999923706055,5212400,23.9917049407959
2023-11-15,26.600000381469727,27.5049991607666,26.59000015258789,27.31999969482422,5517500,24.659643173217773
2023-11-16,27.329999923706055,27.440000534057617,26.700000762939453,27.079999923706055,4843500,24.44301414489746
2023-11-17,27.350000381469727,27.780000686645508,27.18000030517578,27.770000457763672,4791100,25.065824508666992
2023-11-20,27.56999969482422,27.649999618530273,27.06999969482422,27.579999923706055,4384600,24.894325256347656
2023-11-21,27.209999084472656,27.450000762939453,26.639999389648438,26.8799991607666,4619400,24.262487411499023
2023-11-22,27.209999084472656,27.229999542236328,26.56999969482422,26.760000228881836,2764100,24.154176712036133
2023-11-24,26.68000030517578,26.96500015258789,26.459999084472656,26.8700008392334,1559000,24.25346565246582
2023-11-27,26.579999923706055,26.68000030517578,26.25,26.399999618530273,4823600,23.82923126220703
2023-11-28,26.350000381469727,26.709999084472656,26.1299991607666,26.579999923706055,4616500,23.9917049407959
2023-11-29,26.790000915527344,27.489999771118164,26.760000228881836,27.239999771118164,5287700,24.587434768676758
2023-11-30,27.3799991607666,27.5,26.989999771118164,27.270000457763672,7219900,24.61451530456543
2023-12-01,27.170000076293945,28.549999237060547,26.985000610351562,28.520000457763672,7566800,25.7427921295166
2023-12-04,28.020000457763672,28.760000228881836,27.969999313354492,28.649999618530273,5361600,25.860130310058594
2023-12-05,28.329999923706055,29.325000762939453,28.190000534057617,29.059999465942383,9472700,26.230207443237305
2023-12-06,29.399999618530273,30.06999969482422,28.719999313354492,28.760000228881836,6707000,25.959421157836914
2023-12-07,28.93000030517578,29.344999313354492,28.774999618530273,29.15999984741211,3254800,26.320470809936523
2023-12-08,29.329999923706055,29.895000457763672,29.1200008392334,29.610000610351562,4002800,26.726652145385742
2023-12-11,29.399999618530273,29.78499984741211,29.15999984741211,29.59000015258789,3222700,26.708599090576172
2023-12-12,29.489999771118164,29.59000015258789,29.260000228881836,29.309999465942383,3587300,26.45586395263672
2023-12-13,29.270000457763672,31.610000610351562,29.229999542236328,31.540000915527344,8223800,28.46870994567871
2023-12-14,32.790000915527344,34.72999954223633,32.70000076293945,33.630001068115234,13602000,30.355194091796875
2023-12-15,33.33000183105469,33.939998626708984,33.189998626708984,33.560001373291016,12213300,30.292009353637695
2023-12-18,33.959999084472656,34.0,32.93000030517578,32.959999084472656,5814100,29.750431060791016
2023-12-19,32.9900016784668,33.66999816894531,32.56999969482422,33.54999923706055,4805600,30.28298568725586
2023-12-20,33.31999969482422,33.61000061035156,32.36000061035156,32.380001068115234,4894600,29.226913452148438
2023-12-21,32.75,33.040000915527344,32.38999938964844,32.90999984741211,4937000,29.705303192138672
2023-12-22,33.130001068115234,33.59000015258789,32.869998931884766,33.060001373291016,3662900,29.840700149536133
2023-12-26,33.13999938964844,33.63999938964844,32.95500183105469,33.529998779296875,2854900,30.264925003051758
2023-12-27,33.38999938964844,33.689998626708984,33.18000030517578,33.63999938964844,2343100,30.364213943481445
2023-12-28,33.45000076293945,33.70000076293945,33.43000030517578,33.56999969482422,2404300,30.301034927368164
2023-12-29,33.45000076293945,33.54999923706055,32.9900016784668,33.13999938964844,2620900,29.91291046142578
2024-01-02,32.79999923706055,33.845001220703125,32.66999816894531,33.5099983215332,4231400,30.24687385559082
2024-01-03,33.0,33.02000045776367,32.11000061035156,32.13999938964844,5697500,29.010286331176758
2024-01-04,32.15999984741211,32.69499969482422,31.871000289916992,32.31999969482422,4969600,29.172754287719727
2024-01-05,32.25,33.51499938964844,32.09000015258789,33.369998931884766,7532400,30.120506286621094
2024-01-08,33.119998931884766,33.66999816894531,32.915000915527344,33.599998474121094,4112600,30.328109741210938
2024-01-09,33.220001220703125,33.4900016784668,33.040000915527344,33.33000183105469,3855600,30.084407806396484
2024-01-10,33.18000030517578,33.45000076293945,32.869998931884766,33.369998931884766,4300600,30.120506286621094
2024-01-11,33.099998474121094,33.22999954223633,32.279998779296875,32.61000061035156,5952900,29.434518814086914
2024-01-12,32.7599983215332,32.79999923706055,31.479999542236328,31.639999389648438,5477800,28.558969497680664
2024-01-16,31.100000381469727,31.440000534057617,30.697999954223633,31.200000762939453,6150900,28.161819458007812
2024-01-17,31.59000015258789,32.130001068115234,30.920000076293945,31.729999542236328,9114900,28.640209197998047
2024-01-18,31.8799991607666,32.0,30.940000534057617,31.600000381469727,5931400,28.522869110107422
2024-01-19,31.709999084472656,32.650001525878906,31.559999465942383,32.59000015258789,5226800,29.416465759277344
2024-01-22,32.779998779296875,33.2599983215332,32.540000915527344,33.16999816894531,5189600,29.939985275268555
2024-01-23,33.20000076293945,33.59000015258789,32.8650016784668,33.08000183105469,6250000,29.85875129699707
2024-01-24,33.380001068115234,33.96500015258789,33.36000061035156,33.68000030517578,4338500,30.40032196044922
2024-01-25,34.0,34.279998779296875,33.2599983215332,33.599998474121094,5382000,30.328109741210938
2024-01-26,33.61000061035156,33.91999816894531,33.40999984741211,33.59000015258789,2953200,30.319087982177734
2024-01-29,33.599998474121094,34.28499984741211,33.553001403808594,34.2599983215332,6261700,30.92384147644043
2024-01-30,33.95000076293945,34.380001068115234,33.775001525878906,34.310001373291016,5494500,31.35334014892578
2024-01-31,33.06999969482422,33.959999084472656,32.65999984741211,32.70000076293945,10906900,29.882083892822266
2024-02-01,32.86000061035156,32.91999816894531,30.614999771118164,31.18000030517578,14839400,28.49306869506836
2024-02-02,30.43000030517578,32.07500076293945,30.43000030517578,32.060001373291016,7396500,29.297237396240234
2024-02-05,32.33000183105469,32.33000183105469,31.3700008392334,31.549999237060547,5447800,28.8311824798584
2024-02-06,31.489999771118164,31.90999984741211,31.079999923706055,31.540000915527344,9771600,28.822046279907227
2024-02-07,31.790000915527344,31.790000915527344,30.264999389648438,31.309999465942383,7250800,28.61186981201172
2024-02-08,31.190000534057617,31.520000457763672,30.700000762939453,31.3700008392334,4082000,28.666696548461914
2024-02-09,31.239999771118164,31.690000534057617,30.885000228881836,31.5,4282500,28.785493850708008
2024-02-12,31.5,32.61000061035156,31.489999771118164,32.220001220703125,4495100,29.44344711303711
2024-02-13,31.25,31.350000381469727,30.239999771118164,30.75,10326700,28.100126266479492
2024-02-14,31.139999389648438,31.329999923706055,30.834999084472656,31.309999465942383,5308000,28.61186981201172
2024-02-15,31.59000015258789,32.22999954223633,31.31999969482422,31.739999771118164,7717300,29.00480842590332
2024-02-16,31.3700008392334,31.799999237060547,31.040000915527344,31.559999465942383,4401600,28.840322494506836
2024-02-20,31.1200008392334,31.552000045776367,30.969999313354492,31.3700008392334,3347800,28.666696548461914
2024-02-21,31.15999984741211,31.34000015258789,30.790000915527344,31.190000534057617,3953200,28.502208709716797
2024-02-22,31.299999237060547,31.8700008392334,30.950000762939453,31.079999923706055,4405700,28.40168571472168
2024-02-23,31.079999923706055,31.3700008392334,30.899999618530273,31.149999618530273,4066000,28.465654373168945
2024-02-26,30.93000030517578,31.2810001373291,30.295000076293945,30.43000030517578,4666400,27.80769920349121
2024-02-27,30.729999542236328,30.985000610351562,30.479999542236328,30.959999084472656,3934600,28.292028427124023
2024-02-28,30.68000030517578,31.299999237060547,30.600000381469727,30.739999771118164,4139100,28.09098243713379
2024-02-29,31.0,31.81999969482422,30.979999542236328,31.389999389648438,6841400,28.684972763061523
2024-03-01,31.079999923706055,31.825000762939453,30.540000915527344,31.6299991607666,4843600,28.904287338256836
2024-03-04,31.969999313354492,32.38999938964844,31.735000610351562,31.93000030517578,6365500,29.17844009399414
2024-03-05,31.729999542236328,33.724998474121094,31.700000762939453,33.599998474121094,9525100,30.70452308654785
2024-03-06,33.65999984741211,33.9900016784668,32.869998931884766,33.560001373291016,9633300,30.6679744720459
2024-03-07,33.849998474121094,34.31999969482422,33.56999969482422,33.88999938964844,6199500,30.96953582763672
2024-03-08,34.38999938964844,34.790000915527344,34.150001525878906,34.31999969482422,7328000,31.362476348876953
2024-03-11,34.0099983215332,34.61000061035156,33.83000183105469,34.2400016784668,5650000,31.289371490478516
2024-03-12,34.2400016784668,34.439998626708984,33.77000045776367,34.02000045776367,4079900,31.088333129882812
2024-03-13,34.130001068115234,34.63999938964844,34.040000915527344,34.29999923706055,3613600,31.344209671020508
2024-03-14,33.97999954223633,34.20899963378906,32.93000030517578,33.15999984741211,7500200,30.302446365356445
2024-03-15,32.939998626708984,33.709999084472656,32.939998626708984,33.4900016784668,20052600,30.604007720947266
2024-03-18,33.529998779296875,33.7400016784668,33.06999969482422,33.68000030517578,3789900,30.777629852294922
2024-03-19,33.54999923706055,34.02000045776367,33.43000030517578,33.52000045776367,5215100,30.63142204284668
2024-03-20,33.27000045776367,34.95000076293945,33.22999954223633,34.84000015258789,5320800,31.83767318725586
2024-03-21,35.0,36.0,34.90999984741211,35.709999084472656,4725700,32.632694244384766
2024-03-22,35.849998474121094,36.18000030517578,35.150001525878906,35.150001525878906,3934500,32.12095642089844
2024-03-25,35.18000030517578,35.755001068115234,35.15999984741211,35.290000915527344,2446400,32.24889373779297
2024-03-26,35.619998931884766,35.665000915527344,34.810001373291016,34.81999969482422,5140900,31.81939125061035
2024-03-27,34.95000076293945,35.86000061035156,34.900001525878906,35.81999969482422,4122300,32.733211517333984
2024-03-28,35.900001525878906,36.349998474121094,35.685001373291016,36.290000915527344,3765300,33.1627197265625
2024-04-01,36.18000030517578,36.380001068115234,35.59000015258789,35.63999938964844,3913500,32.568729400634766
2024-04-02,35.29999923706055,35.369998931884766,34.650001525878906,35.040000915527344,5173700,32.02043151855469
2024-04-03,35.040000915527344,35.52000045776367,34.77000045776367,34.91999816894531,11086100,31.910778045654297
2024-04-04,35.459999084472656,35.630001068115234,34.09000015258789,34.099998474121094,6662100,31.161436080932617
2024-04-05,33.93000030517578,34.22999954223633,33.775001525878906,33.97999954223633,5621400,31.051776885986328
2024-04-08,34.209999084472656,34.98500061035156,34.099998474121094,34.939998626708984,8242000,31.92905044555664
2024-04-09,35.119998931884766,35.209999084472656,34.55500030517578,34.9900016784668,3586100,31.97475242614746
2024-04-10,34.27000045776367,34.345001220703125,33.38999938964844,33.810001373291016,5238000,30.896427154541016
2024-04-11,33.91999816894531,34.02000045776367,33.0,33.56999969482422,4118700,30.677114486694336
2024-04-12,33.06999969482422,33.47999954223633,32.959999084472656,33.13999938964844,3453900,30.284170150756836
2024-04-15,33.58000183105469,34.119998931884766,32.66999816894531,33.0,3850200,30.156230926513672
2024-04-16,32.75,32.86000061035156,32.060001373291016,32.40999984741211,6218300,29.61707305908203
2024-04-17,33.279998779296875,33.70000076293945,32.630001068115234,33.02000045776367,6680400,30.174509048461914
2024-04-18,33.02000045776367,33.43000030517578,32.654998779296875,32.900001525878906,5066500,30.064849853515625
2024-04-19,33.02000045776367,34.0,32.86000061035156,33.9900016784668,8001400,31.0609130859375
2024-04-22,34.06999969482422,34.58000183105469,33.84000015258789,34.54999923706055,4888700,31.572656631469727
2024-04-23,34.5,35.09000015258789,34.34000015258789,34.970001220703125,4208700,31.956464767456055
2024-04-24,34.709999084472656,35.6150016784668,34.689998626708984,35.52000045776367,4248200,32.459068298339844
2024-04-25,35.439998626708984,35.61000061035156,34.63999938964844,35.0,3078100,31.983884811401367
2024-04-26,35.369998931884766,35.60499954223633,35.130001068115234,35.150001525878906,3168300,32.12095642089844
2024-04-29,35.2400016784668,35.439998626708984,34.869998931884766,34.97999954223633,3859000,31.965600967407227
2024-04-30,34.29999923706055,34.63999938964844,34.08000183105469,34.11000061035156,4824900,31.54938507080078
2024-05-01,34.25,35.43000030517578,34.16999816894531,34.70000076293945,4859400,32.095088958740234
2024-05-02,35.060001373291016,35.15999984741211,34.63999938964844,34.9900016784668,4209200,32.36333465576172
2024-05-03,35.540000915527344,35.83000183105469,35.32699966430664,35.38999938964844,3647300,32.73329162597656
2024-05-06,35.70000076293945,35.79999923706055,35.349998474121094,35.7599983215332,2462300,33.075523376464844
2024-05-07,35.939998626708984,36.03499984741211,35.540000915527344,35.56999969482422,2455400,32.89978790283203
2024-05-08,35.31999969482422,36.040000915527344,35.310001373291016,35.95000076293945,3485200,33.25125503540039
2024-05-09,35.7400016784668,36.150001525878906,35.65999984741211,36.02000045776367,3675100,33.31600570678711
2024-05-10,36.16999816894531,36.29999923706055,35.900001525878906,36.060001373291016,6154800,33.353004455566406
2024-05-13,36.2599983215332,36.45000076293945,35.875,35.939998626708984,3276200,33.24200439453125
2024-05-14,36.2599983215332,36.52000045776367,36.099998474121094,36.43000030517578,2070500,33.69522476196289
2024-05-15,36.83000183105469,37.279998779296875,36.560001373291016,36.84000015258789,2783800,34.07444381713867
2024-05-16,36.77000045776367,36.900001525878906,36.5,36.52000045776367,2046500,33.77846145629883
2024-05-17,36.84000015258789,37.22999954223633,36.584999084472656,37.15999984741211,5027700,34.370426177978516
2024-05-20,37.20000076293945,37.29999923706055,36.38999938964844,36.4900016784668,3816400,33.75072479248047
2024-05-21,36.400001525878906,36.86000061035156,36.400001525878906,36.56999969482422,5488500,33.82471466064453
2024-05-22,36.41999816894531,36.60499954223633,35.88999938964844,35.90999984741211,5300700,33.214256286621094
2024-05-23,35.97999954223633,36.04999923706055,34.959999084472656,35.119998931884766,3425800,32.483558654785156
2024-05-24,35.25,35.5,35.13999938964844,35.349998474121094,2349500,32.6963005065918
2024-05-28,35.31999969482422,35.54999923706055,34.47999954223633,34.65999984741211,4331900,32.05809783935547
2024-05-29,33.959999084472656,34.2400016784668,33.584999084472656,34.20000076293945,3803100,31.632627487182617
2024-05-30,34.599998474121094,34.619998931884766,34.099998474121094,34.40999984741211,3084700,31.826858520507812
2024-05-31,34.52000045776367,35.36000061035156,34.47999954223633,35.290000915527344,7351200,32.64080810546875
2024-06-03,35.66999816894531,35.720001220703125,34.38999938964844,34.720001220703125,3849200,32.11359405517578
2024-06-04,34.2599983215332,34.869998931884766,34.040000915527344,34.16999816894531,5428700,31.604877471923828
2024-06-05,34.36000061035156,34.400001525878906,33.8849983215332,34.11000061035156,3703300,31.54938507080078
2024-06-06,34.18000030517578,34.38999938964844,33.8650016784668,34.060001373291016,3224200,31.503141403198242
2024-06-07,33.65999984741211,34.40999984741211,33.63999938964844,34.150001525878906,3702300,31.586387634277344
2024-06-10,33.91999816894531,34.68000030517578,32.81999969482422,34.380001068115234,12071800,31.799123764038086
2024-06-11,33.97999954223633,34.150001525878906,33.494998931884766,33.970001220703125,6270700,31.41989517211914
2024-06-12,34.91999816894531,35.814998626708984,34.91999816894531,35.15999984741211,7147700,32.52056121826172
2024-06-13,34.90999984741211,35.11000061035156,34.334999084472656,34.4900016784668,4897000,31.900861740112305
2024-06-14,34.0099983215332,34.349998474121094,33.709999084472656,34.06999969482422,3156400,31.512388229370117
2024-06-17,34.040000915527344,34.5099983215332,33.66999816894531,34.5,4937000,31.910110473632812
2024-06-18,34.349998474121094,34.994998931884766,34.150001525878906,34.77000045776367,6284200,32.15984344482422
2024-06-20,34.599998474121094,34.869998931884766,34.470001220703125,34.68000030517578,3691700,32.076595306396484
2024-06-21,34.720001220703125,34.88999938964844,34.3650016784668,34.77000045776367,7288600,32.15984344482422
2024-06-24,34.959999084472656,35.689998626708984,34.79999923706055,35.38999938964844,3601200,32.73329162597656
2024-06-25,35.27000045776367,35.470001220703125,34.88999938964844,34.9900016784668,5222200,32.36333465576172
2024-06-26,34.82500076293945,34.88999938964844,34.400001525878906,34.779998779296875,2782100,32.16908645629883
2024-06-27,34.400001525878906,34.720001220703125,34.20000076293945,34.630001068115234,3865200,32.03035354614258
2024-06-28,35.0,36.060001373291016,34.86000061035156,36.029998779296875,8195700,33.325252532958984
2024-07-01,36.209999084472656,36.4900016784668,35.83000183105469,35.83000183105469,4038400,33.1402702331543
2024-07-02,35.61000061035156,36.400001525878906,35.58000183105469,36.380001068115234,4813100,33.648983001708984
2024-07-03,36.4900016784668,36.560001373291016,35.900001525878906,36.04999923706055,2517200,33.34375
2024-07-05,35.97999954223633,36.11000061035156,35.150001525878906,35.2400016784668,6431300,32.59455871582031
2024-07-08,35.5099983215332,35.79999923706055,35.209999084472656,35.54999923706055,5211200,32.88128662109375
2024-07-09,35.5099983215332,36.5099983215332,35.459999084472656,36.29999923706055,5263300,33.574981689453125
2024-07-10,36.36000061035156,36.7599983215332,36.20500183105469,36.68000030517578,4769800,33.926456451416016
2024-07-11,37.18000030517578,38.27000045776367,37.04999923706055,38.20000076293945,6667500,35.332359313964844
2024-07-12,38.20000076293945,38.3650016784668,37.84000015258789,38.20000076293945,3809800,35.332359313964844
2024-07-15,38.79999923706055,39.15999984741211,38.34000015258789,38.65999984741211,4354800,35.75782012939453
2024-07-16,38.79999923706055,39.68000030517578,38.709999084472656,39.599998474121094,8452000,36.627254486083984
2024-07-17,39.02000045776367,41.3650016784668,38.880001068115234,40.91999816894531,14373100,37.84815979003906
2024-07-18,40.720001220703125,41.939998626708984,40.48500061035156,40.75,9121400,37.6909294128418
2024-07-19,40.56999969482422,41.15999984741211,40.33000183105469,41.0,5799100,37.92216110229492
2024-07-22,40.84000015258789,41.40999984741211,40.43000030517578,41.400001525878906,6648400,38.29213333129883
2024-07-23,41.29999923706055,42.619998931884766,41.29999923706055,42.29999923706055,8802700,39.12456512451172
2024-07-24,42.40999984741211,43.07500076293945,42.0099983215332,42.220001220703125,7490200,39.05057144165039
2024-07-25,42.20000076293945,43.724998474121094,42.20000076293945,43.2400016784668,9362700,39.9940071105957
2024-07-26,43.4900016784668,43.959999084472656,43.01499938964844,43.22999954223633,5802900,39.98475646972656
2024-07-29,43.31999969482422,43.5,42.83000183105469,43.0,8362400,39.77201461791992
2024-07-30,43.279998779296875,43.75,43.130001068115234,43.20000076293945,5560800,39.957008361816406
2024-07-31,42.58000183105469,43.45500183105469,42.52000045776367,42.66999816894531,5603000,39.85426330566406
2024-08-01,42.599998474121094,42.7599983215332,40.560001373291016,40.709999084472656,5431800,38.02360153198242
2024-08-02,39.790000915527344,39.84000015258789,38.529998779296875,39.20000076293945,7856200,36.613243103027344
2024-08-05,37.75,38.494998931884766,36.85300064086914,38.29999923706055,6805500,35.77263641357422
2024-08-06,38.15999984741211,39.51499938964844,37.869998931884766,38.849998474121094,5405600,36.28634262084961
2024-08-07,39.59000015258789,40.040000915527344,38.36000061035156,38.38999938964844,5941700,35.85669708251953
2024-08-08,38.959999084472656,39.810001373291016,38.845001220703125,39.77000045776367,4651100,37.1456298828125
2024-08-09,39.75,39.9900016784668,39.43000030517578,39.59000015258789,3250300,36.97751235961914
2024-08-12,39.900001525878906,40.84000015258789,39.369998931884766,39.5,5377800,36.89345169067383
2024-08-13,39.810001373291016,40.01499938964844,39.29999923706055,39.689998626708984,4491400,37.07090759277344
2024-08-14,39.93000030517578,40.209999084472656,39.65999984741211,40.11000061035156,2691000,37.46318817138672
2024-08-15,40.83000183105469,41.209999084472656,40.48500061035156,40.59000015258789,4645000,37.911521911621094
2024-08-16,40.59000015258789,41.38999938964844,40.59000015258789,41.22999954223633,3917600,38.50928497314453
2024-08-19,41.20000076293945,41.619998931884766,41.08000183105469,41.599998474121094,2594600,38.85487365722656
2024-08-20,41.369998931884766,41.56999969482422,41.1150016784668,41.209999084472656,3523600,38.49060821533203
2024-08-21,41.5,41.61000061035156,40.724998474121094,41.130001068115234,2980100,38.415897369384766
2024-08-22,41.22999954223633,41.779998779296875,41.11000061035156,41.380001068115234,2971600,38.64939498901367
2024-08-23,41.77000045776367,43.29999923706055,41.54999923706055,42.88999938964844,5899900,40.059749603271484
2024-08-26,43.16999816894531,43.290000915527344,42.65999984741211,42.709999084472656,4037100,39.89162063598633
2024-08-27,42.560001373291016,42.720001220703125,42.21500015258789,42.27000045776367,4177500,39.48065948486328
2024-08-28,42.27000045776367,42.900001525878906,42.15999984741211,42.709999084472656,7314200,39.89162063598633
2024-08-29,42.81999969482422,43.10100173950195,42.209999084472656,42.68000030517578,5514000,39.86360168457031
2024-08-30,42.75,43.06999969482422,42.59000015258789,43.04999923706055,5165100,40.209190368652344
2024-09-03,42.75,43.08000183105469,42.44499969482422,42.66999816894531,4884500,39.85426330566406
2024-09-04,42.5,42.88999938964844,41.849998474121094,41.970001220703125,4787900,39.20045852661133
2024-09-05,42.41999816894531,42.52000045776367,41.415000915527344,41.599998474121094,5204000,38.85487365722656
2024-09-06,41.599998474121094,42.09000015258789,40.560001373291016,40.689998626708984,4990500,38.00492477416992
2024-09-09,41.04999923706055,41.73500061035156,40.7599983215332,41.45000076293945,5711500,38.71477508544922
2024-09-10,41.599998474121094,41.599998474121094,39.619998931884766,40.0,8306200,37.360450744628906
2024-09-11,39.4900016784668,39.79999923706055,38.5099983215332,39.65999984741211,7187800,37.04289627075195
2024-09-12,39.70000076293945,40.04999923706055,39.290000915527344,39.709999084472656,4846000,37.08959197998047
2024-09-13,39.9900016784668,40.56999969482422,39.720001220703125,40.09000015258789,4415600,37.44451141357422
2024-09-16,40.2400016784668,40.832000732421875,40.2400016784668,40.599998474121094,3794000,37.92085647583008
2024-09-17,40.720001220703125,41.40999984741211,40.34000015258789,40.540000915527344,3195400,37.86482620239258
2024-09-18,40.4900016784668,41.560001373291016,40.310001373291016,40.720001220703125,4328000,38.03293991088867
2024-09-19,41.689998626708984,42.40999984741211,41.04999923706055,42.209999084472656,6338500,39.42462158203125
2024-09-20,42.029998779296875,42.040000915527344,41.3849983215332,41.650001525878906,9965700,38.90156936645508
2024-09-23,41.72999954223633,42.025001525878906,40.939998626708984,41.060001373291016,4410200,38.35050964355469
2024-09-24,41.11000061035156,41.4900016784668,40.494998931884766,40.7599983215332,3808200,38.0703010559082
2024-09-25,40.70000076293945,40.84000015258789,40.099998474121094,40.2400016784668,4774300,37.58462142944336
2024-09-26,40.65999984741211,40.810001373291016,40.26499938964844,40.52000045776367,4408200,37.84614562988281
2024-09-27,40.7400016784668,41.099998474121094,40.380001068115234,40.79999923706055,3554900,38.107662200927734
2024-09-30,40.790000915527344,41.20500183105469,40.43000030517578,41.06999969482422,4017900,38.35984420776367
2024-10-01,40.65999984741211,40.81999969482422,39.5,39.91999816894531,5415200,37.285736083984375
2024-10-02,39.70000076293945,40.43000030517578,39.61000061035156,40.04999923706055,4139300,37.40715789794922
2024-10-03,39.81999969482422,40.064998626708984,39.34000015258789,40.029998779296875,4191100,37.38847351074219
2024-10-04,40.83000183105469,41.380001068115234,40.650001525878906,41.18000030517578,4677900,38.46258544921875
2024-10-07,41.31999969482422,41.70000076293945,40.83000183105469,41.16999816894531,3604000,38.453243255615234
2024-10-08,41.18000030517578,41.54499816894531,41.0,41.209999084472656,5272800,38.49060821533203
2024-10-09,41.099998474121094,41.755001068115234,41.06999969482422,41.470001220703125,3959600,38.733455657958984
2024-10-10,41.2599983215332,41.77000045776367,41.11000061035156,41.29999923706055,3741100,38.574668884277344
2024-10-11,41.5,42.79800033569336,41.4900016784668,42.61000061035156,4844600,39.798221588134766
2024-10-14,42.63999938964844,43.36000061035156,42.29999923706055,43.27000045776367,4091100,40.414676666259766
2024-10-15,43.619998931884766,44.38999938964844,43.2599983215332,43.47999954223633,5528500,40.61081314086914
2024-10-16,42.33000183105469,44.22999954223633,41.43000030517578,42.40999984741211,10866300,39.61142349243164
2024-10-17,42.0,42.470001220703125,41.58000183105469,42.130001068115234,7366600,39.34989929199219
2024-10-18,42.33000183105469,42.56999969482422,41.79999923706055,42.470001220703125,5760300,39.66746139526367
2024-10-21,42.2599983215332,42.60499954223633,40.93000030517578,41.060001373291016,6356800,38.35050964355469
2024-10-22,41.040000915527344,41.744998931884766,40.7599983215332,41.61000061035156,4904700,38.86421203613281
2024-10-23,41.290000915527344,41.68000030517578,41.084999084472656,41.439998626708984,3323500,38.70542907714844
2024-10-24,41.599998474121094,42.0099983215332,41.220001220703125,41.7400016784668,2952000,38.98563766479492
2024-10-25,42.279998779296875,42.290000915527344,41.400001525878906,41.5099983215332,4645500,38.770809173583984
2024-10-28,41.959999084472656,42.84000015258789,41.810001373291016,42.7400016784668,4163200,39.919647216796875
2024-10-29,42.5,42.849998474121094,42.084999084472656,42.2400016784668,3501300,39.45263671875
2024-10-30,41.720001220703125,43.040000915527344,41.65999984741211,42.70000076293945,4102800,40.2828254699707
2024-10-31,42.4900016784668,42.939998626708984,42.095001220703125,42.119998931884766,3933800,39.735660552978516
2024-11-01,42.29999923706055,42.939998626708984,41.80500030517578,41.81999969482422,3305600,39.452640533447266
2024-11-04,41.81999969482422,41.880001068115234,41.209999084472656,41.59000015258789,4769500,39.23566436767578
2024-11-05,41.709999084472656,42.459999084472656,41.59000015258789,42.220001220703125,2971700,39.829994201660156
2024-11-06,45.08000183105469,48.349998474121094,44.7599983215332,48.310001373291016,11578800,45.57525634765625
2024-11-07,47.81999969482422,47.90999984741211,45.810001373291016,46.029998779296875,5227700,43.42431640625
2024-11-08,46.29999923706055,46.349998474121094,45.58000183105469,45.810001373291016,6097500,43.21677017211914
2024-11-11,46.349998474121094,47.209999084472656,46.255001068115234,46.47999954223633,4430500,43.84885025024414
2024-11-12,46.13999938964844,46.880001068115234,46.13999938964844,46.41999816894531,3259600,43.792240142822266
2024-11-13,46.7599983215332,47.47999954223633,46.290000915527344,46.41999816894531,2994200,43.792240142822266
2024-11-14,46.68000030517578,47.005001068115234,46.2599983215332,46.58000183105469,2838300,43.94318389892578
2024-11-15,46.400001525878906,46.97999954223633,46.13999938964844,46.779998779296875,3794000,44.131866455078125
2024-11-18,46.599998474121094,46.970001220703125,46.45000076293945,46.56999969482422,4758400,43.93375015258789
2024-11-19,45.709999084472656,46.334999084472656,45.709999084472656,46.04999923706055,3718800,43.44318771362305
2024-11-20,46.029998779296875,46.34000015258789,45.7599983215332,46.119998931884766,2420900,43.50922775268555
2024-11-21,46.61000061035156,47.31999969482422,46.439998626708984,46.77000045776367,3589500,44.12242889404297
2024-11-22,47.029998779296875,47.83000183105469,46.68000030517578,47.650001525878906,2761000,44.95261001586914
2024-11-25,48.040000915527344,49.25,48.0,48.459999084472656,4462400,45.71676254272461
2024-11-26,48.29999923706055,48.58000183105469,47.97999954223633,48.099998474121094,2582100,45.37713623046875
2024-11-27,48.43000030517578,48.75,47.93000030517578,48.15999984741211,2120100,45.43374252319336
2024-11-29,48.29999923706055,48.38999938964844,47.56999969482422,48.13999938964844,1977700,45.41487503051758
2024-12-02,48.13999938964844,48.22999954223633,46.880001068115234,47.08000183105469,4491100,44.414886474609375
2024-12-03,47.27000045776367,47.33000183105469,46.48500061035156,46.79999923706055,3542900,44.15073013305664
2024-12-04,46.79999923706055,46.8650016784668,46.04999923706055,46.599998474121094,2762200,43.96205139160156
2024-12-05,46.83000183105469,47.41999816894531,46.63999938964844,46.77000045776367,3396200,44.12242889404297
2024-12-06,46.86000061035156,47.154998779296875,46.310001373291016,47.029998779296875,2616700,44.36771011352539
2024-12-09,46.95000076293945,47.040000915527344,45.7400016784668,45.970001220703125,4429400,43.36772155761719
2024-12-10,46.40999984741211,48.16999816894531,45.47999954223633,46.400001525878906,6743000,43.773380279541016
2024-12-11,46.4900016784668,46.91999816894531,46.09000015258789,46.22999954223633,6510400,43.612998962402344
2024-12-12,46.11000061035156,46.36000061035156,45.29499816894531,45.540000915527344,3878700,42.962059020996094
2024-12-13,45.7400016784668,45.88999938964844,45.20000076293945,45.70000076293945,4833000,43.112998962402344
2024-12-16,45.810001373291016,45.882999420166016,45.36000061035156,45.68000030517578,2946500,43.09413146972656
2024-12-17,45.20000076293945,45.505001068115234,44.57500076293945,44.7400016784668,3078700,42.20734786987305
2024-12-18,45.45000076293945,45.5099983215332,42.630001068115234,42.65999984741211,4574900,40.24509048461914
2024-12-19,43.65999984741211,43.90999984741211,42.130001068115234,42.45000076293945,5508900,40.04697799682617
2024-12-20,42.18000030517578,43.810001373291016,42.13999938964844,43.45000076293945,12936600,40.9903678894043
2024-12-23,43.13999938964844,43.76499938964844,43.08000183105469,43.56999969482422,2052800,41.103580474853516
2024-12-24,43.58000183105469,44.0,43.439998626708984,44.0,831800,41.509239196777344
2024-12-26,43.790000915527344,44.029998779296875,43.52000045776367,43.900001525878906,2156300,41.41489791870117
2024-12-27,43.619998931884766,44.22999954223633,43.36000061035156,43.619998931884766,2102100,41.1507453918457
2024-12-30,43.22999954223633,43.915000915527344,42.86000061035156,43.560001373291016,2580400,41.094146728515625
2024-12-31,43.68000030517578,44.1150016784668,43.459999084472656,43.7599983215332,2648600,41.28281784057617
2025-01-02,43.97999954223633,44.400001525878906,43.52000045776367,43.599998474121094,2665900,41.131874084472656
2025-01-03,43.70000076293945,44.59000015258789,42.970001220703125,44.560001373291016,2635900,42.03753662109375
2025-01-06,44.939998626708984,45.470001220703125,44.560001373291016,44.79999923706055,4662600,42.263938903808594
2025-01-07,45.06999969482422,45.4900016784668,44.29999923706055,44.70000076293945,2778600,42.16960906982422
2025-01-08,44.58000183105469,44.93000030517578,43.84000015258789,44.779998779296875,2617800,42.24507522583008
2025-01-10,43.900001525878906,44.11000061035156,43.077999114990234,43.29999923706055,4074800,40.848854064941406
2025-01-13,43.04999923706055,44.20000076293945,42.96200180053711,44.15999984741211,4302000,41.66017532348633
2025-01-14,44.709999084472656,45.84000015258789,44.54999923706055,45.70000076293945,4091700,43.112998962402344
2025-01-15,47.279998779296875,47.505001068115234,46.540000915527344,47.08000183105469,4279500,44.414886474609375
2025-01-16,46.70000076293945,47.040000915527344,45.709999084472656,46.79999923706055,6053300,44.15073013305664
2025-01-17,46.290000915527344,48.279998779296875,45.900001525878906,47.540000915527344,6399900,44.848838806152344
2025-01-21,48.099998474121094,48.689998626708984,47.81999969482422,48.310001373291016,4295400,45.57525634765625
2025-01-22,48.0099983215332,48.150001525878906,46.970001220703125,47.029998779296875,4488300,44.36771011352539
2025-01-23,47.189998626708984,47.80500030517578,47.18000030517578,47.34000015258789,3845700,44.660160064697266
2025-01-24,47.0099983215332,48.0099983215332,47.0099983215332,47.459999084472656,2317600,44.773372650146484
2025-01-27,47.45000076293945,48.040000915527344,47.07500076293945,47.54999923706055,2654800,44.8582763671875
2025-01-28,47.40999984741211,47.689998626708984,46.54999923706055,47.349998474121094,3861800,44.669593811035156
2025-01-29,47.2400016784668,48.44499969482422,47.2400016784668,47.619998931884766,3363400,44.92430877685547
2025-01-30,48.11000061035156,48.880001068115234,47.939998626708984,48.36000061035156,3827600,45.62242126464844
2025-01-31,47.779998779296875,48.2599983215332,47.165000915527344,47.56999969482422,5102400,45.27031326293945
2025-02-03,46.13999938964844,46.9900016784668,45.529998779296875,46.369998931884766,4664700,44.128318786621094
2025-02-04,46.599998474121094,47.43000030517578,46.5,47.040000915527344,2939100,44.765933990478516
2025-02-05,47.459999084472656,47.709999084472656,46.83000183105469,47.650001525878906,3801700,45.346439361572266
2025-02-06,48.02000045776367,48.3650016784668,47.54999923706055,48.31999969482422,3169100,45.98405456542969
2025-02-07,48.349998474121094,48.41999816894531,47.40999984741211,47.93000030517578,2068200,45.612911224365234
2025-02-10,47.90999984741211,48.095001220703125,47.15999984741211,47.36000061035156,3368400,45.07046127319336
2025-02-11,47.119998931884766,47.68199920654297,46.41999816894531,47.16999816894531,4720200,44.889644622802734
2025-02-12,46.560001373291016,46.67499923706055,45.90999984741211,46.15999984741211,3428900,43.928470611572266
2025-02-13,46.209999084472656,46.34000015258789,45.54999923706055,46.04999923706055,3134900,43.823795318603516
2025-02-14,46.18000030517578,46.81999969482422,46.15999984741211,46.349998474121094,2325600,44.10928726196289
2025-02-18,46.540000915527344,47.058998107910156,46.349998474121094,46.79999923706055,2664700,44.53753662109375
2025-02-19,46.2400016784668,47.90999984741211,46.2400016784668,47.38999938964844,6633100,45.09901428222656
2025-02-20,47.529998779296875,47.790000915527344,45.66999816894531,46.18000030517578,3970000,43.947505950927734
2025-02-21,46.529998779296875,46.529998779296875,44.72999954223633,44.880001068115234,2873800,42.710357666015625
2025-02-24,45.33000183105469,45.349998474121094,44.13999938964844,44.369998931884766,2715000,42.225006103515625
2025-02-25,44.650001525878906,45.36000061035156,43.939998626708984,44.40999984741211,3831700,42.2630729675293
2025-02-26,44.709999084472656,45.46500015258789,44.505001068115234,44.9900016784668,3697400,42.81503677368164
2025-02-27,45.130001068115234,45.939998626708984,44.85499954223633,45.16999816894531,2800500,42.986331939697266
2025-02-28,45.4900016784668,46.130001068115234,45.0,45.77000045776367,3821800,43.55732345581055
2025-03-03,45.900001525878906,46.369998931884766,44.599998474121094,45.04999923706055,3702300,42.87213134765625
2025-03-04,44.2599983215332,44.61000061035156,42.150001525878906,43.59000015258789,7131400,41.48271560668945
2025-03-05,43.470001220703125,43.959999084472656,42.7599983215332,43.34000015258789,5540200,41.24480056762695
2025-03-06,42.91999816894531,42.97999954223633,41.97999954223633,42.369998931884766,4290600,40.321693420410156
2025-03-07,42.2599983215332,42.349998474121094,40.56999969482422,41.63999938964844,5011800,39.62698745727539
2025-03-10,40.630001068115234,40.97999954223633,39.119998931884766,39.810001373291016,7375600,37.88545608520508
2025-03-11,39.65999984741211,40.439998626708984,39.099998474121094,39.90999984741211,10095600,37.980621337890625
2025-03-12,40.540000915527344,40.75,39.6349983215332,40.470001220703125,5917300,38.513553619384766
2025-03-13,40.65999984741211,40.77899932861328,39.625,39.72999954223633,5315300,37.809322357177734
2025-03-14,40.16999816894531,40.75,39.90999984741211,40.70000076293945,4880500,38.73242950439453
2025-03-17,40.5099983215332,41.058998107910156,40.119998931884766,40.86000061035156,3793800,38.88469314575195
2025-03-18,41.0,41.27000045776367,40.58000183105469,40.959999084472656,4117200,38.9798583984375
2025-03-19,41.0099983215332,41.79999923706055,40.65999984741211,41.36000061035156,3510400,39.36052322387695
2025-03-20,40.88999938964844,41.71500015258789,40.849998474121094,40.9900016784668,4114500,39.00840759277344
2025-03-21,40.65999984741211,41.415000915527344,40.35499954223633,41.189998626708984,17066500,39.198734283447266
2025-03-24,41.900001525878906,42.505001068115234,41.6150016784668,42.2400016784668,4815500,40.19798278808594
2025-03-25,42.41999816894531,42.650001525878906,42.130001068115234,42.27000045776367,4050300,40.226531982421875
2025-03-26,42.470001220703125,43.040000915527344,41.845001220703125,41.9900016784668,3087100,39.96006774902344
2025-03-27,42.0,42.16999816894531,41.2400016784668,41.25,3023400,39.25583267211914
2025-03-28,41.099998474121094,41.560001373291016,39.91999816894531,40.25,3525200,38.30418014526367
2025-03-31,39.79999923706055,41.130001068115234,39.564998626708984,40.970001220703125,5132700,38.989376068115234
2025-04-01,40.66999816894531,40.939998626708984,40.13999938964844,40.59000015258789,3935400,38.62774658203125
2025-04-02,40.04999923706055,41.68000030517578,40.04999923706055,41.65999984741211,3274800,39.646018981933594
2025-04-03,39.5,39.5,36.20000076293945,36.220001220703125,6962300,34.4690055847168
2025-04-04,34.310001373291016,34.89500045776367,32.599998474121094,34.27000045776367,8827700,32.61327362060547
2025-04-07,33.5,36.369998931884766,32.77000045776367,34.84000015258789,7997300,33.15571594238281
2025-04-08,36.27000045776367,36.720001220703125,33.77000045776367,34.400001525878906,5873100,32.73699188232422
2025-04-09,33.59000015258789,38.119998931884766,32.83000183105469,37.470001220703125,10045800,35.6585807800293
2025-04-10,36.369998931884766,36.47999954223633,33.709999084472656,34.790000915527344,9122000,33.10813903808594
2025-04-11,34.400001525878906,35.16999816894531,33.72999954223633,34.81999969482422,6848100,33.13669204711914
2025-04-14,35.58000183105469,35.849998474121094,34.869998931884766,35.59000015258789,7366100,33.86946105957031
2025-04-15,35.869998931884766,36.560001373291016,35.849998474121094,36.099998474121094,7316700,34.35480499267578
2025-04-16,35.97999954223633,36.619998931884766,34.880001068115234,35.459999084472656,8753900,33.74574279785156
2025-04-17,35.72999954223633,36.0099983215332,35.40999984741211,35.45000076293945,4654900,33.73623275756836
2025-04-21,35.130001068115234,35.29499816894531,33.95000076293945,34.4900016784668,5947500,32.8226432800293
2025-04-22,34.97999954223633,35.875,34.91999816894531,35.81999969482422,4961100,34.08834457397461
2025-04-23,37.0099983215332,38.04499816894531,36.29100036621094,36.4900016784668,4647600,34.725948333740234
2025-04-24,36.369998931884766,37.529998779296875,36.28499984741211,37.439998626708984,4389000,35.63002395629883
2025-04-25,37.029998779296875,37.369998931884766,36.83000183105469,37.060001373291016,3350600,35.26839828491211
2025-04-28,37.130001068115234,37.58000183105469,36.810001373291016,37.34000015258789,3762000,35.53486633300781
2025-04-29,37.06999969482422,37.744998931884766,36.939998626708984,37.54999923706055,4515000,35.73470687866211
2025-04-30,36.13999938964844,37.0,35.900001525878906,36.88999938964844,4811700,35.50373077392578
2025-05-01,36.9900016784668,37.810001373291016,36.71500015258789,37.290000915527344,3201200,35.88869857788086
2025-05-02,38.099998474121094,38.75600051879883,37.880001068115234,38.650001525878906,4876200,37.19758987426758
2025-05-05,38.16999816894531,39.220001220703125,38.16999816894531,38.709999084472656,4765700,37.25532913208008
2025-05-06,38.189998626708984,38.66999816894531,38.040000915527344,38.20000076293945,4353600,36.76449966430664
2025-05-07,38.540000915527344,38.93000030517578,37.93000030517578,38.08000183105469,3489000,36.64901351928711
2025-05-08,38.7400016784668,39.35499954223633,38.439998626708984,39.0,3869000,37.53444290161133
2025-05-09,39.09000015258789,39.279998779296875,38.834999084472656,39.119998931884766,3512800,37.64992904663086
2025-05-12,41.209999084472656,42.099998474121094,41.15999984741211,41.59000015258789,6897700,40.02710723876953
2025-05-13,41.68000030517578,42.185001373291016,41.5,41.869998931884766,4822600,40.29658889770508
2025-05-14,41.779998779296875,41.970001220703125,41.43000030517578,41.59000015258789,3571400,40.02710723876953
2025-05-15,41.61000061035156,41.95000076293945,41.279998779296875,41.720001220703125,3890000,40.152225494384766
2025-05-16,41.59000015258789,42.025001525878906,41.349998474121094,41.81999969482422,2962900,40.24846267700195
2025-05-19,41.220001220703125,41.77000045776367,41.11000061035156,41.58000183105469,2801300,40.017486572265625
2025-05-20,41.45000076293945,41.6349983215332,41.16999816894531,41.29999923706055,2315400,39.74800491333008
2025-05-21,40.880001068115234,41.20000076293945,39.619998931884766,39.63999938964844,3606200,38.15038299560547
2025-05-22,39.5099983215332,40.08000183105469,39.41999816894531,39.77000045776367,3433200,38.27550506591797
2025-05-23,38.810001373291016,39.744998931884766,38.79600143432617,39.56999969482422,3461300,38.0830192565918
2025-05-27,40.16999816894531,40.46500015258789,39.720001220703125,40.41999816894531,4661300,38.90107345581055
2025-05-28,40.459999084472656,40.540000915527344,39.66999816894531,39.72999954223633,5167500,38.23701095581055
2025-05-29,40.099998474121094,40.279998779296875,39.69499969482422,40.2599983215332,4553100,38.74708938598633
2025-05-30,40.15999984741211,40.470001220703125,39.79999923706055,40.349998474121094,7319300,38.83370590209961
2025-06-02,40.16999816894531,40.20000076293945,39.400001525878906,40.060001373291016,4901500,38.55460739135742
2025-06-03,40.0,40.89500045776367,39.790000915527344,40.83000183105469,4537100,39.29567337036133
2025-06-04,40.79999923706055,41.150001525878906,40.13999938964844,40.16999816894531,3575400,38.66046905517578
2025-06-05,40.209999084472656,40.599998474121094,39.69499969482422,40.27000045776367,5967200,38.756717681884766
2025-06-06,41.04999923706055,41.435001373291016,40.8650016784668,41.369998931884766,4759600,39.815372467041016
2025-06-09,41.58000183105469,41.900001525878906,41.290000915527344,41.349998474121094,4422000,39.79612731933594
2025-06-10,41.310001373291016,42.119998931884766,41.154998779296875,41.970001220703125,6139500,40.3928337097168
2025-06-11,42.25,42.5,41.345001220703125,41.400001525878906,7073900,39.8442497253418
2025-06-12,41.130001068115234,41.220001220703125,40.599998474121094,41.16999816894531,5923700,39.62289047241211
2025-06-13,40.744998931884766,41.0099983215332,40.165000915527344,40.33000183105469,4457600,38.81446075439453
2025-06-16,40.81999969482422,41.349998474121094,40.55500030517578,41.0099983215332,5069900,39.46890640258789
2025-06-17,40.61000061035156,41.130001068115234,40.25,40.45000076293945,4319800,38.92995071411133
2025-06-18,40.40999984741211,41.6349983215332,40.40999984741211,41.31999969482422,5895200,39.76725387573242
2025-06-20,41.46500015258789,41.900001525878906,41.369998931884766,41.709999084472656,6122300,40.14259719848633
2025-06-23,41.45000076293945,42.54499816894531,41.375,42.5,4511400,40.902915954589844
2025-06-24,42.814998626708984,43.5,42.709999084472656,42.91999816894531,5068900,41.307132720947266
2025-06-25,42.900001525878906,43.18000030517578,42.66999816894531,43.119998931884766,3008900,41.49961471557617
2025-06-26,43.380001068115234,44.22999954223633,43.33000183105469,44.119998931884766,4707300,42.462039947509766
2025-06-27,44.189998626708984,44.599998474121094,44.03499984741211,44.43000030517578,7484300,42.7603874206543
2025-06-30,44.70000076293945,45.150001525878906,44.58000183105469,44.75,7340600,43.068363189697266
2025-07-01,44.70000076293945,46.154998779296875,44.63999938964844,46.099998474121094,6367100,44.36763000488281
2025-07-02,46.189998626708984,47.08000183105469,46.005001068115234,47.029998779296875,5412300,45.2626838684082
2025-07-03,47.5,47.92499923706055,47.2400016784668,47.720001220703125,3302900,45.9267578125
2025-07-07,47.45000076293945,47.845001220703125,46.75,47.060001373291016,4801400,45.29155731201172
2025-07-08,47.41999816894531,48.07500076293945,47.060001373291016,47.529998779296875,7950600,45.743892669677734
2025-07-09,48.119998931884766,48.15999984741211,47.04999923706055,47.380001068115234,7336000,45.59952926635742
2025-07-10,47.5,48.125,47.279998779296875,47.900001525878906,5402700,46.09999465942383
2025-07-11,47.4900016784668,47.88999938964844,47.27000045776367,47.66999816894531,3750300,45.87862777709961
2025-07-14,47.56999969482422,47.91999816894531,47.349998474121094,47.880001068115234,4945500,46.080745697021484
2025-07-15,47.720001220703125,47.90999984741211,46.63999938964844,46.689998626708984,5823700,44.935455322265625
2025-07-16,47.06999969482422,47.13999938964844,46.08000183105469,46.970001220703125,6483700,45.20493698120117
2025-07-17,47.290000915527344,49.39500045776367,46.939998626708984,48.81999969482422,13406400,46.985416412353516
2025-07-18,49.68000030517578,49.68000030517578,48.435001373291016,48.58000183105469,9470100,46.75444030761719
2025-07-21,48.650001525878906,49.2400016784668,48.5099983215332,48.599998474121094,4702700,46.773681640625
2025-07-22,48.59000015258789,49.27000045776367,48.18000030517578,49.130001068115234,6143200,47.28376388549805
2025-07-23,49.2400016784668,49.959999084472656,48.85499954223633,49.880001068115234,6110100,48.005584716796875
2025-07-24,49.97999954223633,49.97999954223633,49.154998779296875,49.279998779296875,2708400,47.428131103515625
2025-07-25,49.34000015258789,49.529998779296875,48.400001525878906,49.4900016784668,5220000,47.63024139404297
2025-07-28,49.45000076293945,49.599998474121094,49.06999969482422,49.33000183105469,3068400,47.47624969482422
2025-07-29,49.7400016784668,49.75,48.89500045776367,49.09000015258789,2812300,47.245269775390625
2025-07-30,49.189998626708984,49.45000076293945,48.279998779296875,48.689998626708984,3461900,46.86029815673828
2025-07-31,48.0,48.310001373291016,47.630001068115234,47.720001220703125,4652700,46.32637023925781
2025-08-01,47.16999816894531,47.16999816894531,45.904998779296875,46.81999969482422,5799000,45.4526481628418
2025-08-04,47.0099983215332,47.65999984741211,46.70000076293945,47.58000183105469,4873800,46.190452575683594
2025-08-05,47.790000915527344,47.869998931884766,46.619998931884766,47.29999923706055,4959900,45.91862869262695
2025-08-06,47.400001525878906,47.64500045776367,46.91999816894531,46.93000030517578,4012400,45.55943298339844
2025-08-07,47.43000030517578,47.43000030517578,46.529998779296875,46.63999938964844,3709300,45.27790451049805
2025-08-08,47.060001373291016,47.45500183105469,46.625,47.279998779296875,3150600,45.89921569824219
2025-08-11,47.36000061035156,47.560001373291016,46.790000915527344,46.93000030517578,3410800,45.55943298339844
2025-08-12,47.349998474121094,48.18000030517578,47.209999084472656,48.13999938964844,3851700,46.734100341796875
2025-08-13,48.400001525878906,48.650001525878906,47.900001525878906,48.54999923706055,3968900,47.13212203979492
2025-08-14,48.040000915527344,49.25,47.91999816894531,49.209999084472656,3696800,47.772850036621094
2025-08-15,49.369998931884766,49.43000030517578,48.27000045776367,48.279998779296875,2961700,46.87001037597656
2025-08-18,48.189998626708984,48.58000183105469,48.01499938964844,48.540000915527344,2613500,47.12241744995117
2025-08-19,48.43000030517578,49.0099983215332,48.244998931884766,48.38999938964844,3998900,46.97679901123047
2025-08-20,48.380001068115234,48.915000915527344,48.04999923706055,48.810001373291016,4342600,47.3845329284668
2025-08-21,48.529998779296875,48.744998931884766,48.154998779296875,48.459999084472656,2897700,47.04475021362305
2025-08-22,48.77000045776367,50.78499984741211,48.68000030517578,50.77000045776367,5327100,49.28729248046875
2025-08-25,50.63999938964844,50.880001068115234,50.369998931884766,50.689998626708984,2935400,49.209625244140625
2025-08-26,50.5,51.400001525878906,50.470001220703125,51.310001373291016,4097200,49.811519622802734
2025-08-27,51.060001373291016,52.025001525878906,51.060001373291016,51.900001525878906,2991400,50.38429260253906
2025-08-28,52.119998931884766,52.20000076293945,51.7400016784668,52.15999984741211,3833100,50.63669967651367
2025-08-29,52.189998626708984,52.525001525878906,51.9900016784668,52.279998779296875,2617400,50.75318908691406
2025-09-02,51.400001525878906,51.8650016784668,50.994998931884766,51.599998474121094,5375500,50.09305191040039
2025-09-03,51.61000061035156,52.21500015258789,51.060001373291016,51.66999816894531,3084100,50.16100311279297
2025-09-04,51.93000030517578,52.51499938964844,51.61000061035156,52.5099983215332,2806800,50.97647476196289
2025-09-05,52.61000061035156,52.849998474121094,51.25,51.709999084472656,2997600,50.19983673095703
2025-09-08,51.869998931884766,51.869998931884766,50.91999816894531,51.70000076293945,3396100,50.19013214111328
2025-09-09,51.72999954223633,52.30500030517578,51.459999084472656,51.709999084472656,3971000,50.19983673095703
2025-09-10,52.0099983215332,52.13999938964844,51.5,51.810001373291016,3332400,50.29692077636719
2025-09-11,51.810001373291016,52.10499954223633,51.40999984741211,51.7599983215332,4397900,50.248374938964844
2025-09-12,51.66999816894531,52.07500076293945,51.494998931884766,51.81999969482422,3733200,50.3066291809082
2025-09-15,51.86000061035156,52.040000915527344,51.23500061035156,51.34000015258789,2861800,49.840641021728516
2025-09-16,51.41999816894531,51.41999816894531,50.415000915527344,51.130001068115234,4780000,49.636783599853516
2025-09-17,51.150001525878906,53.0,51.150001525878906,52.27000045776367,6756000,50.74348831176758
2025-09-18,52.61000061035156,53.755001068115234,52.29999923706055,53.63999938964844,6608900,52.0734748840332
2025-09-19,53.58000183105469,53.775001525878906,53.189998626708984,53.54999923706055,9097700,51.98610305786133
2025-09-22,53.0,53.56999969482422,52.279998779296875,52.54999923706055,3353700,51.01530838012695
2025-09-23,52.720001220703125,53.88999938964844,52.59000015258789,53.11000061035156,4515700,51.558956146240234
2025-09-24,53.119998931884766,53.59000015258789,52.459999084472656,53.150001525878906,4058700,51.59778594970703
2025-09-25,52.83000183105469,53.154998779296875,52.54499816894531,52.88999938964844,4490300,51.34537887573242
2025-09-26,53.2599983215332,53.66999816894531,52.81999969482422,53.380001068115234,3311800,51.821067810058594
2025-09-29,54.5,54.5,52.93000030517578,53.650001525878906,4604600,52.08318328857422
2025-09-30,53.7599983215332,54.0,52.20500183105469,53.15999984741211,4843700,51.60749053955078
2025-10-01,53.2599983215332,53.36000061035156,52.43000030517578,52.7400016784668,3935400,51.19975662231445
2025-10-02,52.58000183105469,53.130001068115234,52.334999084472656,52.97999954223633,3322000,51.4327507019043
2025-10-03,53.38999938964844,53.95500183105469,53.154998779296875,53.81999969482422,6819100,52.24821853637695
2025-10-06,54.20000076293945,55.2400016784668,53.52000045776367,54.0,4402100,52.42295837402344
2025-10-07,54.31999969482422,54.44499969482422,53.04999923706055,53.130001068115234,4403100,51.578365325927734
2025-10-08,53.5099983215332,53.5099983215332,51.9900016784668,52.0099983215332,6304000,50.49107360839844
2025-10-09,52.560001373291016,52.68000030517578,51.7599983215332,51.849998474121094,7662500,50.33574676513672
2025-10-10,52.060001373291016,52.29999923706055,49.209999084472656,49.25,5751400,47.81167984008789
2025-10-13,50.119998931884766,50.5099983215332,49.709999084472656,50.25,3521500,48.78247833251953
2025-10-14,50.0,51.9900016784668,50.0,51.79999923706055,6943300,50.28721237182617
2025-10-15,53.0,53.30500030517578,51.0099983215332,51.70000076293945,7970400,50.19013214111328
2025-10-16,51.880001068115234,51.880001068115234,47.95500183105469,48.38999938964844,8385600,46.97679901123047
2025-10-17,48.77000045776367,49.61000061035156,48.30500030517578,49.310001373291016,9379200,47.86992645263672
2025-10-20,49.470001220703125,50.486000061035156,49.400001525878906,50.290000915527344,4137200,48.821311950683594
2025-10-21,50.18000030517578,51.1349983215332,50.06999969482422,50.83000183105469,3960300,49.34553909301758
2025-10-22,51.13999938964844,51.31999969482422,50.29999923706055,50.619998931884766,4239100,49.14167022705078
2025-10-23,50.70000076293945,51.209999084472656,50.470001220703125,50.959999084472656,4075100,49.47174072265625
2025-10-24,51.439998626708984,52.51499938964844,51.29499816894531,52.18000030517578,3134900,50.65610885620117
2025-10-27,52.5,52.91999816894531,51.415000915527344,51.90999984741211,5067900,50.39400100708008
2025-10-28,51.83000183105469,51.83000183105469,51.060001373291016,51.33000183105469,3825900,49.83094024658203
2025-10-29,50.29999923706055,51.2599983215332,50.040000915527344,50.43000030517578,3254200,49.39992141723633
2025-10-30,50.369998931884766,51.4900016784668,50.20000076293945,50.56999969482422,3546300,49.53706741333008
2025-10-31,50.220001220703125,51.04499816894531,50.029998779296875,50.869998931884766,3184200,49.830936431884766
2025-11-03,50.779998779296875,51.0099983215332,50.099998474121094,51.0099983215332,3892300,49.968074798583984
2025-11-04,50.52000045776367,51.189998626708984,50.029998779296875,50.72999954223633,3579200,49.69379425048828
2025-11-05,50.650001525878906,51.900001525878906,50.31999969482422,51.439998626708984,3054900,50.3892936706543
2025-11-06,51.20000076293945,51.959999084472656,50.60499954223633,50.900001525878906,4314800,49.860321044921875
2025-11-07,50.529998779296875,51.709999084472656,50.34000015258789,51.70000076293945,3539400,50.64398193359375
2025-11-10,51.91999816894531,52.58000183105469,51.689998626708984,52.349998474121094,3369300,51.280704498291016
2025-11-11,52.349998474121094,52.72999954223633,51.91999816894531,52.2400016784668,2944400,51.17295455932617
2025-11-12,52.369998931884766,53.494998931884766,52.35499954223633,52.65999984741211,3888800,51.584373474121094
2025-11-13,52.33000183105469,52.790000915527344,51.60499954223633,51.709999084472656,3052500,50.653778076171875
2025-11-14,51.40999984741211,51.97600173950195,50.86000061035156,51.689998626708984,3462000,50.634185791015625
2025-11-17,51.45000076293945,51.77000045776367,49.41999816894531,49.709999084472656,4963100,48.69463348388672
2025-11-18,49.279998779296875,50.939998626708984,49.0,50.43000030517578,4497700,49.39992141723633
2025-11-19,50.41999816894531,51.27000045776367,50.20000076293945,51.15999984741211,3412700,50.115013122558594
2025-11-20,51.79999923706055,52.65999984741211,50.61000061035156,50.70000076293945,4184100,49.66440963745117
2025-11-21,50.939998626708984,52.58000183105469,50.75,52.29999923706055,5335700,51.231727600097656
2025-11-24,52.13999938964844,52.935001373291016,51.970001220703125,52.790000915527344,3938800,51.71172332763672
2025-11-25,53.189998626708984,54.45000076293945,52.9900016784668,54.189998626708984,4337600,53.08312225341797
2025-11-26,54.189998626708984,54.63999938964844,53.97999954223633,53.97999954223633,3514300,52.87740707397461
2025-11-28,54.16999816894531,54.40999984741211,54.040000915527344,54.099998474121094,1508100,52.99496078491211
2025-12-01,53.93000030517578,54.95000076293945,53.779998779296875,54.58000183105469,5027800,53.46516036987305
2025-12-02,54.91999816894531,55.09000015258789,54.27000045776367,54.65999984741211,5450400,53.543521881103516
2025-12-03,54.849998474121094,55.709999084472656,54.599998474121094,55.68000030517578,5552100,54.54269027709961
2025-12-04,55.45000076293945,56.04499816894531,55.45000076293945,55.880001068115234,4650700,54.73860168457031
2025-12-05,55.66999816894531,56.16999816894531,55.439998626708984,55.459999084472656,5209500,54.327178955078125
2025-12-08,55.63999938964844,56.439998626708984,55.459999084472656,55.7599983215332,6308600,54.62105178833008
2025-12-09,55.709999084472656,56.72999954223633,55.09000015258789,55.939998626708984,8558400,54.7973747253418
2025-12-10,56.08000183105469,58.7599983215332,55.97999954223633,58.459999084472656,10233700,57.265907287597656
2025-12-11,57.75,59.30500030517578,57.630001068115234,58.349998474121094,7920600,57.15814971923828
2025-12-12,58.75,58.900001525878906,57.7400016784668,58.38999938964844,5720900,57.197330474853516
2025-12-15,58.630001068115234,59.220001220703125,58.22999954223633,58.439998626708984,4708800,57.24631118774414
2025-12-16,58.560001373291016,58.75,57.904998779296875,58.13999938964844,4225200,56.95243835449219
2025-12-17,58.380001068115234,59.04499816894531,58.18000030517578,58.61000061035156,4661200,57.412841796875
2025-12-18,58.810001373291016,59.15999984741211,58.09000015258789,58.40999984741211,4092100,57.21692657470703
2025-12-19,58.630001068115234,59.33000183105469,58.4900016784668,59.189998626708984,6614300,57.98099136352539
2025-12-22,59.33000183105469,59.900001525878906,59.29999923706055,59.880001068115234,3170500,58.65690231323242
2025-12-23,59.959999084472656,60.099998474121094,59.470001220703125,59.5099983215332,3023300,58.29445266723633
2025-12-24,59.689998626708984,60.005001068115234,59.36000061035156,59.86000061035156,1111600,58.637306213378906
2025-12-26,59.86000061035156,60.0,59.525001525878906,59.83000183105469,1891800,58.6079216003418
2025-12-29,59.849998474121094,59.95000076293945,59.084999084472656,59.13999938964844,2331500,57.9320182800293
2025-12-30,59.25,59.33000183105469,58.71500015258789,58.95000076293945,2064900,57.74589920043945
2025-12-31,58.8650016784668,59.11000061035156,58.38999938964844,58.40999984741211,2396300,57.21692657470703
2026-01-02,58.459999084472656,59.650001525878906,58.25,59.38999938964844,6862700,58.176910400390625
2026-01-05,59.880001068115234,61.58000183105469,59.47999954223633,61.04999923706055,5841800,59.80299758911133
2026-01-06,60.86000061035156,62.150001525878906,60.70500183105469,62.13999938964844,4326200,60.87073516845703
2026-01-07,62.04999923706055,62.13999938964844,60.814998626708984,60.9900016784668,4830200,59.74422836303711
2026-01-08,60.83000183105469,62.15999984741211,60.46900177001953,61.22999954223633,4813800,59.97932434082031
2026-01-09,61.349998474121094,61.77000045776367,60.494998931884766,60.529998779296875,3718700,59.29362487792969
2026-01-12,59.810001373291016,60.540000915527344,59.459999084472656,60.20000076293945,4343200,58.97036361694336
2026-01-13,60.5,60.77000045776367,59.685001373291016,59.779998779296875,4903200,58.55894088745117
2026-01-14,59.56999969482422,60.16999816894531,58.90999984741211,59.93000030517578,5675200,58.70587921142578
2026-01-15,59.91999816894531,61.029998779296875,59.91999816894531,60.61000061035156,5423800,59.37199020385742
2026-01-16,60.5,61.34000015258789,60.45000076293945,60.81999969482422,6552400,59.577701568603516
2026-01-20,59.9900016784668,60.86000061035156,59.5,59.810001373291016,9470000,58.58833312988281
2026-01-21,60.75,64.2699966430664,60.33000183105469,64.05999755859375,11726800,62.75151443481445
2026-01-22,64.37000274658203,65.87999725341797,64.0199966430664,64.25,7203500,62.93763732910156
2026-01-23,63.880001068115234,63.97999954223633,62.220001220703125,62.63999938964844,5204900,61.36052322387695
2026-01-26,62.83000183105469,63.34000015258789,62.250999450683594,62.52000045776367,5114400,61.24297332763672
2026-01-27,62.93000030517578,63.470001220703125,62.54100036621094,63.41999816894531,3596200,62.12459182739258
2026-01-28,63.439998626708984,63.599998474121094,62.540000915527344,62.91999816894531,3993700,61.63479995727539
2026-01-29,63.380001068115234,64.12999725341797,62.63999938964844,63.4900016784668,4371000,62.19316101074219
2026-01-30,63.08000183105469,63.7599983215332,62.599998474121094,62.97999954223633,6680200,61.69357681274414
2026-02-02,63.02000045776367,64.98999786376953,62.709999084472656,64.86000061035156,5208900,63.535179138183594
2026-02-03,65.23999786376953,66.18000030517578,64.63999938964844,65.97000122070312,6789600,64.62250518798828
2026-02-04,65.8499984741211,67.5,65.8499984741211,66.5999984741211,6788000,65.69773864746094
2026-02-05,66.0,66.79000091552734,65.45999908447266,66.62000274658203,5342100,65.71746826171875
2026-02-06,67.51000213623047,68.36000061035156,67.19499969482422,68.12000274658203,4966500,67.19715118408203
2026-02-09,67.5999984741211,68.66000366210938,67.5999984741211,67.69999694824219,4987100,66.78282928466797
2026-02-10,67.47000122070312,68.77999877929688,66.87000274658203,67.55000305175781,5497300,66.63487243652344
2026-02-11,68.12000274658203,68.79000091552734,66.0999984741211,66.86000061035156,5477900,65.95421600341797
2026-02-12,67.4000015258789,67.76000213623047,63.90999984741211,64.77999877929688,6981500,63.90239334106445
2026-02-13,64.23999786376953,65.30000305175781,63.58000183105469,65.0999984741211,3632700,64.21805572509766
2026-02-17,64.91000366210938,66.29000091552734,64.31999969482422,64.38999938964844,4405100,63.517677307128906
2026-02-18,64.5,65.63999938964844,64.4000015258789,65.04000091552734,5148600,64.15887451171875
2026-02-19,64.61000061035156,64.9000015258789,63.65999984741211,64.58999633789062,4002700,63.7149658203125
2026-02-20,64.5,65.37999725341797,63.96500015258789,65.29000091552734,6185100,64.40548706054688
2026-02-23,65.0,65.43000030517578,61.95000076293945,62.4900016784668,5229600,61.64341735839844
2026-02-24,62.04999923706055,62.70000076293945,61.29999923706055,62.06999969482422,3120500,61.22911071777344
2026-02-25,62.88999938964844,63.38999938964844,62.349998474121094,63.060001373291016,4071500,62.2056999206543
2026-02-26,63.29999923706055,64.46499633789062,63.14500045776367,63.86000061035156,5959700,62.99485778808594
2026-02-27,62.76499938964844,62.76499938964844,59.470001220703125,60.189998626708984,9710000,59.374576568603516
2026-03-02,59.150001525878906,61.400001525878906,58.61000061035156,61.09000015258789,6283400,60.262386322021484
2026-03-03,59.439998626708984,60.27000045776367,58.59000015258789,59.68000030517578,6784000,58.87148666381836
2026-03-04,60.060001373291016,60.54999923706055,59.279998779296875,60.20000076293945,5267700,59.38444137573242
2026-03-05,59.41999816894531,60.20000076293945,58.79999923706055,59.540000915527344,5327700,58.73338317871094
2026-03-06,57.75,58.27000045776367,56.5,58.040000915527344,6548100,57.25370407104492
2026-03-09,57.709999084472656,58.310001373291016,55.755001068115234,58.310001373291016,7005000,57.520050048828125
2026-03-10,58.400001525878906,59.827999114990234,57.439998626708984,58.88999938964844,5688400,58.09218978881836
2026-03-11,58.59000015258789,58.90999984741211,57.4900016784668,58.5099983215332,4931800,57.71733474731445
2026-03-12,57.0,57.8849983215332,56.6609992980957,56.939998626708984,5438200,56.16860580444336
2026-03-13,57.2599983215332,57.59000015258789,55.4900016784668,55.63999938964844,4595300,54.8862190246582
2026-03-16,56.439998626708984,57.060001373291016,56.150001525878906,56.36000061035156,4014700,55.59646224975586
2026-03-17,57.189998626708984,57.4900016784668,56.61000061035156,57.09000015258789,2931300,56.31657409667969
2026-03-18,57.0,57.75,56.30500030517578,56.630001068115234,4114400,55.86280822753906
2026-03-19,56.209999084472656,57.349998474121094,55.75,57.04999923706055,4381200,56.27711868286133
2026-03-20,57.06999969482422,57.40999984741211,56.31999969482422,57.02000045776367,9118400,56.247520446777344
2026-03-23,58.720001220703125,59.11899948120117,57.91999816894531,57.97999954223633,3508200,57.194515228271484
2026-03-24,57.31999969482422,59.400001525878906,57.31999969482422,58.939998626708984,5087600,58.14151382446289
2026-03-25,59.61000061035156,60.16999816894531,58.56999969482422,59.41999816894531,3684000,58.61500930786133
2026-03-26,58.810001373291016,59.36000061035156,58.33000183105469,58.560001373291016,3581900,57.766658782958984
2026-03-27,58.119998931884766,58.189998626708984,57.290000915527344,57.779998779296875,4565400,56.99722671508789
2026-03-30,58.11000061035156,58.18000030517578,57.1150016784668,57.45000076293945,3078900,56.671695709228516
2026-03-31,58.599998474121094,60.220001220703125,58.029998779296875,59.970001220703125,6238500,59.15755844116211
2026-04-01,60.849998474121094,61.47999954223633,60.380001068115234,60.56999969482422,5573300,59.749427795410156
2026-04-02,59.470001220703125,61.04999923706055,59.0,60.9900016784668,3760400,60.16374206542969
2026-04-06,60.93000030517578,61.45500183105469,60.630001068115234,61.40999984741211,2650300,60.57804870605469
2026-04-07,61.029998779296875,61.75,60.93000030517578,61.599998474121094,4102000,60.765472412109375
2026-04-08,63.70000076293945,64.19999694824219,63.209999084472656,63.779998779296875,5466200,62.91593933105469
2026-04-09,63.459999084472656,65.2699966430664,63.459999084472656,64.97000122070312,4671000,64.0898208618164
2026-04-10,64.88999938964844,64.92500305175781,64.1050033569336,64.16999816894531,4021900,63.3006591796875
2026-04-13,63.619998931884766,64.80000305175781,63.290000915527344,64.76000213623047,3542300,63.882667541503906
2026-04-14,64.69999694824219,65.20999908447266,64.11499786376953,64.87000274658203,4475300,63.991180419921875
2026-04-15,65.0199966430664,65.6500015258789,64.32499694824219,65.19000244140625,4787800,64.30683898925781
2026-04-16,64.0,65.36499786376953,63.95000076293945,64.41000366210938,7469100,63.537410736083984
2026-04-17,65.12000274658203,66.05999755859375,64.19999694824219,64.44999694824219,9595300,63.57686233520508
2026-04-20,64.01000213623047,65.88999938964844,64.01000213623047,65.76000213623047,4846100,64.8691177368164
2026-04-21,66.0,66.8499984741211,65.06999969482422,65.30000305175781,5606200,64.41535186767578
2026-04-22,65.8499984741211,66.13999938964844,64.94000244140625,65.16000366210938,5980100,64.27725219726562
2026-04-23,65.38999938964844,65.76000213623047,64.06999969482422,65.16999816894531,4755500,64.287109375
2026-04-24,65.20999908447266,65.20999908447266,63.6150016784668,63.790000915527344,3845400,62.92580795288086
2026-04-27,64.36000061035156,65.08999633789062,63.97999954223633,64.77999877929688,3076200,63.90239334106445
2026-04-28,65.44999694824219,65.8499984741211,64.55000305175781,64.98999786376953,4694400,64.10954284667969
2026-04-29,65.29000091552734,65.55000305175781,64.19000244140625,64.4000015258789,3210900,63.52754592895508
2026-04-30,63.81999969482422,65.2750015258789,63.38999938964844,65.05000305175781,3980700,64.63038635253906
2026-05-01,64.75,65.1500015258789,64.13999938964844,64.41999816894531,2614000,64.00444030761719
2026-05-04,63.959999084472656,64.36499786376953,63.34000015258789,63.560001373291016,3205400,63.149993896484375
2026-05-05,63.77000045776367,64.70999908447266,63.45000076293945,64.36000061035156,3689700,63.94483184814453
2026-05-06,64.9000015258789,65.93000030517578,64.9000015258789,65.62000274658203,5153500,65.19670867919922
2026-05-07,65.52999877929688,66.0,64.13500213623047,64.22000122070312,4656100,63.80573654174805
2026-05-08,64.5199966430664,64.87999725341797,63.380001068115234,63.72999954223633,3749000,63.31889724731445
2026-05-11,64.29000091552734,64.29000091552734,61.95000076293945,62.15999984741211,5528100,61.7590217590332
2026-05-12,62.15999984741211,62.439998626708984,61.130001068115234,61.95000076293945,4120400,61.55038070678711
2026-05-13,61.790000915527344,62.36000061035156,60.349998474121094,60.43000030517578,3258000,60.040184020996094
2026-05-14,60.83000183105469,61.73500061035156,60.83000183105469,61.18000030517578,2418700,60.78534698486328
2026-05-15,61.13999938964844,61.36000061035156,59.744998931884766,60.86000061035156,4159900,60.467411041259766
2026-05-18,61.04999923706055,61.63999938964844,60.8849983215332,61.15999984741211,3198700,60.765472412109375
2026-05-19,61.189998626708984,61.630001068115234,60.18000030517578,61.33000183105469,4013000,60.93437957763672
2026-05-20,61.83000183105469,63.02000045776367,60.959999084472656,62.83000183105469,3583800,62.42470169067383
2026-05-21,62.439998626708984,62.97999954223633,62.04999923706055,62.779998779296875,3028500,62.375022888183594
2026-05-22,62.77000045776367,63.404998779296875,62.619998931884766,62.88999938964844,2741200,62.48431396484375
2026-05-26,63.2400016784668,64.0250015258789,63.099998474121094,63.650001525878906,3550400,63.23941421508789
2026-05-27,63.66999816894531,63.970001220703125,62.849998474121094,63.08000183105469,2230400,62.673091888427734
2026-05-28,63.70000076293945,63.70000076293945,61.874000549316406,62.40999984741211,4752500,62.00741195678711
2026-05-29,61.029998779296875,62.52000045776367,61.029998779296875,62.2599983215332,8592000,61.858375549316406
2026-06-01,61.25,61.5,60.275001525878906,60.779998779296875,5423100,60.38792419433594
2026-06-02,60.66999816894531,62.439998626708984,60.560001373291016,62.310001373291016,5800400,61.908058166503906
2026-06-03,62.0099983215332,62.209999084472656,61.209999084472656,61.529998779296875,3302800,61.133087158203125
2026-06-04,62.29999923706055,63.935001373291016,62.15999984741211,63.900001525878906,5161600,63.48780059814453
2026-06-05,63.939998626708984,64.56999969482422,63.59000015258789,63.97999954223633,3671500,63.567283630371094
2026-06-08,64.30999755859375,64.94999694824219,63.78499984741211,64.3499984741211,4388100,63.93489456176758
2026-06-09,64.9000015258789,66.05500030517578,64.54000091552734,65.66999816894531,5180400,65.24638366699219
2026-06-10,65.80999755859375,66.86499786376953,64.93000030517578,64.95999908447266,5277900,64.54096221923828
2026-06-11,65.26000213623047,66.58000183105469,65.05000305175781,66.51000213623047,3937600,66.08096313476562
2026-06-12,67.44999694824219,67.87999725341797,66.87999725341797,67.6500015258789,4065200,67.21360778808594
2026-06-15,68.69000244140625,68.75,66.52999877929688,66.6500015258789,4408800,66.22006225585938
2026-06-16,66.9800033569336,67.63999938964844,66.70999908447266,67.2699966430664,4488700,66.8360595703125
2026-06-17,67.2699966430664,68.30000305175781,66.41999816894531,66.77999877929688,4914300,66.3492202758789
2026-06-18,67.1500015258789,67.76000213623047,66.77999877929688,67.08000183105469,7885400,66.64728546142578
2026-06-22,67.48999786376953,68.58000183105469,67.15799713134766,67.98999786376953,3630500,67.5514144897461
2026-06-23,67.75,69.08499908447266,67.45600128173828,68.98999786376953,4390900,68.54496002197266
2026-06-24,69.0999984741211,69.94999694824219,69.0,69.45999908447266,4447200,69.01193237304688
2026-06-25,69.80000305175781,71.20500183105469,69.80000305175781,70.66000366210938,5124400,70.20419311523438
2026-06-26,70.98999786376953,71.02999877929688,69.75,70.4000015258789,4697200,69.94586944580078
2026-06-29,70.08999633789062,70.79000091552734,69.95999908447266,70.43000030517578,3305400,69.97567749023438
2026-06-30,70.18000030517578,70.29000091552734,69.48999786376953,70.06999969482422,4727800,69.61799621582031
2026-07-01,69.58000183105469,72.15499877929688,69.51000213623047,71.81999969482422,5744100,71.3567123413086
2026-07-02,72.45999908447266,72.45999908447266,70.45999908447266,70.9800033569336,5118000,70.52213287353516
2026-07-06,70.3499984741211,72.12000274658203,70.3499984741211,72.11000061035156,4704800,71.64483642578125
2026-07-07,72.94000244140625,72.94000244140625,71.5999984741211,71.77999877929688,5807200,71.31696319580078
2026-07-08,70.83999633789062,70.83999633789062,67.95999908447266,68.55999755859375,9015100,68.11773681640625
2026-07-09,69.06999969482422,70.16000366210938,68.83499908447266,69.86000061035156,5085500,69.40935516357422
2026-07-10,70.2300033569336,70.66999816894531,69.73500061035156,70.33999633789062,3690600,69.8862533569336
2026-07-13,70.48999786376953,70.69999694824219,69.54000091552734,70.36000061035156,4052400,69.9061279296875
2026-07-14,70.7699966430664,71.38999938964844,69.6500015258789,70.31999969482422,4940700,69.86638641357422
2026-07-15,70.5999984741211,71.2249984741211,70.33999633789062,71.12000274658203,5129500,70.66122436523438
2026-07-16,73.80000305175781,74.69999694824219,72.33100128173828,74.4000015258789,9763200,73.9200668334961
2026-07-17,73.88999938964844,74.16000366210938,71.83000183105469,72.38999938964844,6637700,71.92303466796875
2026-07-20,72.62000274658203,73.09500122070312,71.4800033569336,71.5,4260300,71.03877258300781
2026-07-21,71.80999755859375,73.69999694824219,70.80000305175781,72.0,4912100,71.5355453491211
2026-07-22,71.80999755859375,72.55999755859375,71.72000122070312,72.44000244140625,3466000,71.97270965576172
2026-07-23,71.5199966430664,72.16000366210938,70.69999694824219,71.80000305175781,4985500,71.33684539794922
2026-07-24,71.9000015258789,72.33000183105469,71.44999694824219,71.87999725341797,2938000,71.41632080078125
2026-07-27,72.2300033569336,72.86000061035156,70.58000183105469,71.0999984741211,3643100,70.64134979248047
2026-07-28,71.33000183105469,73.06999969482422,71.16000366210938,72.94000244140625,5126000,72.46949005126953
2026-07-29,72.12000274658203,72.91999816894531,71.30000305175781,71.30999755859375,4133200,70.8499984741211
2026-07-30,71.6500015258789,71.90499877929688,70.04000091552734,71.7300033569336,5413900,71.7300033569336
2026-07-31,71.9000015258789,72.30999755859375,71.23999786376953,71.6500015258789,2741800,71.6500015258789
2026-08-03,71.66999816894531,72.76000213623047,71.52999877929688,72.69999694824219,2734500,72.69999694824219
2026-08-04,72.55999755859375,74.19000244140625,72.55999755859375,73.68000030517578,3430300,73.68000030517578
2026-08-05,74.01000213623047,74.53500366210938,73.5199966430664,73.5999984741211,2504600,73.5999984741211
2026-08-06,74.25,74.4800033569336,72.2300033569336,72.43000030517578,3912000,72.43000030517578
2026-08-07,72.02999877929688,72.94000244140625,71.58999633789062,72.66999816894531,1999700,72.66999816894531
2026-08-10,72.16999816894531,72.91000366210938,71.87000274658203,72.66999816894531,2071700,72.66999816894531
2026-08-11,72.77999877929688,73.4800033569336,72.38999938964844,72.98999786376953,4260900,72.98999786376953
2026-08-12,73.44000244140625,74.2249984741211,72.95500183105469,73.91000366210938,2623200,73.91000366210938
2026-08-13,74.3499984741211,74.68499755859375,73.84500122070312,74.11000061035156,3734900,74.11000061035156
2026-08-14,73.86000061035156,74.86000061035156,73.61499786376953,74.7300033569336,1918800,74.7300033569336
2026-08-17,74.4000015258789,75.33000183105469,74.30999755859375,74.30999755859375,3004600,74.30999755859375
2026-08-18,74.6500015258789,74.98999786376953,73.11000061035156,73.45999908447266,2897400,73.45999908447266
2026-08-19,73.73999786376953,73.8949966430664,70.6449966430664,70.76000213623047,3282100,70.76000213623047
2026-08-20,70.51000213623047,70.80500030517578,69.67500305175781,69.70999908447266,2117600,69.70999908447266
2026-08-21,70.37999725341797,70.69999694824219,69.2979965209961,69.86000061035156,4380200,69.86000061035156
2026-08-24,69.94999694824219,70.93099975585938,69.83999633789062,70.2300033569336,2298200,70.2300033569336
2026-08-25,70.3499984741211,70.3499984741211,69.58000183105469,69.83000183105469,2056900,69.83000183105469
2026-08-26,70.05999755859375,70.70999908447266,69.76499938964844,70.48999786376953,1530700,70.48999786376953
2026-08-27,69.72000122070312,70.48500061035156,69.32499694824219,70.18000030517578,2288700,70.18000030517578
2026-08-28,70.6500015258789,71.0,69.66999816894531,69.70999908447266,2393200,69.70999908447266
2026-08-31,69.36000061035156,69.37000274658203,68.3949966430664,68.87000274658203,4775800,68.87000274658203
2026-09-01,68.58000183105469,69.31999969482422,67.66999816894531,68.16000366210938,3504900,68.16000366210938
2026-09-02,68.41999816894531,70.70999908447266,68.41000366210938,69.77999877929688,5055400,69.77999877929688
2026-09-03,69.01000213623047,71.18000030517578,69.01000213623047,70.83000183105469,2870600,70.83000183105469
2026-09-04,70.41000366210938,71.13999938964844,70.41000366210938,70.77999877929688,1948300,70.77999877929688
2026-09-08,70.58999633789062,71.0,69.95999908447266,69.98999786376953,2739800,69.98999786376953
2026-09-09,69.25,70.18000030517578,68.4520034790039,69.37000274658203,2559500,69.37000274658203
2026-09-10,69.0,69.70999908447266,68.625,69.62999725341797,5823600,69.62999725341797
2026-09-11,70.66000366210938,70.83000183105469,69.16999816894531,70.4800033569336,2208600,70.4800033569336
2026-09-14,70.29000091552734,71.0999984741211,69.54000091552734,70.54000091552734,5037600,70.54000091552734
2026-09-15,70.62999725341797,71.11000061035156,69.58000183105469,70.23999786376953,3083900,70.23999786376953
2026-09-16,70.25,70.25,65.66000366210938,66.83999633789062,5143300,66.83999633789062
2026-09-17,67.98999786376953,68.3499984741211,66.70999908447266,67.38999938964844,3263000,67.38999938964844
2026-09-18,67.12000274658203,67.45999908447266,66.5999984741211,67.04000091552734,5599300,67.04000091552734
2026-09-21,67.0,67.68000030517578,66.94999694824219,67.36000061035156,3171700,67.36000061035156
2026-09-22,67.5,67.62000274658203,65.3499984741211,65.48999786376953,4895500,65.48999786376953
2026-09-23,65.0,65.73999786376953,64.54000091552734,64.61000061035156,4702300,64.61000061035156
2026-09-24,64.7699966430664,64.88500213623047,63.849998474121094,64.7300033569336,4280300,64.7300033569336
2026-09-25,65.02999877929688,65.7699966430664,64.69000244140625,65.52999877929688,3852400,65.52999877929688
2026-09-28,65.37999725341797,65.38999938964844,64.6449966430664,64.80000305175781,3577600,64.80000305175781
2026-09-29,64.69000244140625,65.08999633789062,63.55500030517578,63.88999938964844,4454800,63.88999938964844
2026-09-30,63.97999954223633,64.33000183105469,63.59000015258789,63.7599983215332,4461100,63.7599983215332
2026-10-01,63.279998779296875,63.720001220703125,61.779998779296875,63.70000076293945,6319200,63.70000076293945
