date,open,high,low,close,volume,adjclose
2021-10-04,122.25,123.5199966430664,120.41999816894531,121.62000274658203,272400,104.87641143798828
2021-10-05,121.62000274658203,122.91999816894531,120.61000061035156,121.63999938964844,360800,104.89364624023438
2021-10-06,120.8499984741211,121.41999816894531,118.7300033569336,121.37000274658203,187900,104.66082763671875
2021-10-07,121.58999633789062,123.05000305175781,121.55000305175781,121.98999786376953,179400,105.1954345703125
2021-10-08,122.31999969482422,123.4800033569336,121.41999816894531,122.91000366210938,238900,105.98882293701172
2021-10-11,123.43000030517578,123.69999694824219,121.7300033569336,121.8499984741211,201100,105.07474517822266
2021-10-12,121.41000366210938,122.33999633789062,120.9000015258789,121.81999969482422,144600,105.04886627197266
2021-10-13,121.36000061035156,122.0999984741211,119.20999908447266,121.2300033569336,224300,104.54008483886719
2021-10-14,122.77999877929688,123.22000122070312,121.45999908447266,123.18000030517578,137200,106.22164154052734
2021-10-15,123.66000366210938,124.51000213623047,123.2699966430664,123.66000366210938,230100,106.63555908203125
2021-10-18,123.47000122070312,124.6500015258789,123.2699966430664,123.72000122070312,195200,106.68729400634766
2021-10-19,124.56999969482422,126.0999984741211,123.30000305175781,125.88999938964844,268300,108.55854797363281
2021-10-20,125.5,129.42999267578125,125.5,129.3000030517578,331400,111.49906921386719
2021-10-21,129.16000366210938,129.7899932861328,127.88999938964844,129.00999450683594,292500,111.24901580810547
2021-10-22,129.4600067138672,131.77000427246094,129.4600067138672,131.30999755859375,327500,113.23236083984375
2021-10-25,131.92999267578125,132.97999572753906,130.99000549316406,131.66000366210938,368500,113.53419494628906
2021-10-26,131.9199981689453,132.6699981689453,129.8300018310547,130.33999633789062,385500,112.39590454101562
2021-10-27,129.5500030517578,129.83999633789062,127.69999694824219,127.7300033569336,505400,110.1452407836914
2021-10-28,127.88999938964844,131.97999572753906,127.73999786376953,131.50999450683594,499800,113.40482330322266
2021-10-29,132.1699981689453,132.41000366210938,128.69000244140625,129.5,1196300,111.67156219482422
2021-11-01,130.74000549316406,135.35000610351562,130.74000549316406,135.32000732421875,403400,116.6903305053711
2021-11-02,135.6300048828125,137.49000549316406,134.9199981689453,136.33999633789062,493500,117.56986236572266
2021-11-03,135.86000061035156,139.6999969482422,135.5399932861328,138.94000244140625,386300,119.81195068359375
2021-11-04,138.16000366210938,138.75,132.60000610351562,133.08999633789062,439100,114.7673110961914
2021-11-05,134.50999450683594,135.8300018310547,133.77000427246094,135.10000610351562,244000,116.50059509277344
2021-11-08,135.6999969482422,136.57000732421875,134.3000030517578,135.57000732421875,208400,116.90586853027344
2021-11-09,134.55999755859375,135.7100067138672,133.8800048828125,135.63999938964844,123500,116.96625518798828
2021-11-10,135.75,136.52999877929688,133.97999572753906,134.57000732421875,257900,116.04356384277344
2021-11-11,134.77999877929688,135.75999450683594,134.25999450683594,134.6300048828125,157600,116.09529876708984
2021-11-12,134.3300018310547,134.7899932861328,131.88999938964844,132.8000030517578,213800,114.51725769042969
2021-11-15,133.5,133.66000366210938,132.55999755859375,133.16000366210938,185000,114.82766723632812
2021-11-16,132.8300018310547,134.9600067138672,132.61000061035156,133.91000366210938,216100,115.47441864013672
2021-11-17,133.25999450683594,134.02999877929688,131.74000549316406,133.89999389648438,172900,115.46577453613281
2021-11-18,133.85000610351562,134.82000732421875,132.47000122070312,134.11000061035156,177600,115.64689636230469
2021-11-19,132.0399932861328,132.5500030517578,130.3300018310547,131.88999938964844,216100,113.73251342773438
2021-11-22,133.6999969482422,135.9600067138672,133.13999938964844,133.27000427246094,256300,114.92254638671875
2021-11-23,134.08999633789062,136.8800048828125,133.89999389648438,136.8300018310547,200500,117.99243927001953
2021-11-24,136.94000244140625,137.41000366210938,135.5500030517578,136.49000549316406,168300,117.69921112060547
2021-11-26,132.5500030517578,133.9199981689453,129.8699951171875,130.27999877929688,243500,112.34415435791016
2021-11-29,131.44000244140625,131.7899932861328,129.02999877929688,129.9600067138672,301900,112.71712493896484
2021-11-30,128.13999938964844,128.44000244140625,125.37000274658203,125.88999938964844,451400,109.18711853027344
2021-12-01,127.80999755859375,129.3000030517578,123.52999877929688,123.56999969482422,276100,107.17493438720703
2021-12-02,124.94000244140625,128.6300048828125,124.1500015258789,127.77999877929688,279400,110.82636260986328
2021-12-03,128.22999572753906,128.9600067138672,124.22000122070312,125.13999938964844,263400,108.53663635253906
2021-12-06,127.9000015258789,130.75,127.19000244140625,128.77000427246094,201800,111.68500518798828
2021-12-07,129.8000030517578,131.17999267578125,128.74000549316406,129.39999389648438,173900,112.23140716552734
2021-12-08,129.77999877929688,130.66000366210938,128.77000427246094,129.02999877929688,179000,111.91050720214844
2021-12-09,128.0800018310547,129.2899932861328,127.44000244140625,127.76000213623047,137200,110.80901336669922
2021-12-10,128.72000122070312,129.08999633789062,126.31999969482422,128.6999969482422,117900,111.62428283691406
2021-12-13,127.55999755859375,129.08999633789062,125.7699966430664,126.58000183105469,204600,109.78556823730469
2021-12-14,126.61000061035156,128.32000732421875,125.98999786376953,126.5,286500,109.71619415283203
2021-12-15,127.5999984741211,128.97000122070312,125.7699966430664,128.0800018310547,251500,111.08655548095703
2021-12-16,129.2100067138672,130.7899932861328,128.0500030517578,128.27999877929688,218000,111.26001739501953
2021-12-17,127.52999877929688,127.63999938964844,124.1500015258789,124.80999755859375,917700,108.25040435791016
2021-12-20,123.08000183105469,123.08000183105469,119.4800033569336,121.94999694824219,341800,105.76988220214844
2021-12-21,122.95999908447266,125.69999694824219,122.66999816894531,125.62000274658203,283800,108.95293426513672
2021-12-22,125.69000244140625,126.5,124.7300033569336,125.37999725341797,216900,108.74478149414062
2021-12-23,126.44999694824219,127.41000366210938,125.20999908447266,125.4800033569336,196200,108.83151245117188
2021-12-27,126.2300033569336,126.7300033569336,124.27999877929688,126.70999908447266,224800,109.89832305908203
2021-12-28,126.43000030517578,127.68000030517578,126.43000030517578,126.87999725341797,151900,110.04576110839844
2021-12-29,127.16000366210938,128.08999633789062,125.8499984741211,127.69000244140625,174800,110.74829864501953
2021-12-30,128.41000366210938,129.35000610351562,126.37999725341797,126.41000366210938,193900,109.63811492919922
2021-12-31,125.97000122070312,126.9000015258789,125.61000061035156,126.06999969482422,176800,109.34323120117188
2022-01-03,127.6500015258789,129.07000732421875,127.08999633789062,128.94000244140625,215200,111.83245086669922
2022-01-04,131.0500030517578,132.52000427246094,130.4600067138672,130.6699981689453,304600,113.33292388916016
2022-01-05,130.88999938964844,133.6300048828125,129.14999389648438,129.22999572753906,280100,112.083984375
2022-01-06,131.35000610351562,133.94000244140625,130.1199951171875,133.8000030517578,303500,116.04766082763672
2022-01-07,133.77999877929688,135.9199981689453,133.11000061035156,135.57000732421875,220500,117.5827865600586
2022-01-10,140.0,140.33999633789062,135.25,137.25,541700,119.03988647460938
2022-01-11,139.5800018310547,140.47000122070312,137.1999969482422,140.17999267578125,447800,121.58112335205078
2022-01-12,140.50999450683594,143.32000732421875,140.49000549316406,141.3699951171875,528100,122.61328125
2022-01-13,142.3699951171875,143.94000244140625,142.0500030517578,142.8800048828125,333400,123.92290496826172
2022-01-14,141.5399932861328,143.0800018310547,139.72999572753906,143.05999755859375,396100,124.07903289794922
2022-01-18,143.0,143.22000122070312,140.16000366210938,140.7100067138672,458600,122.04083251953125
2022-01-19,141.3000030517578,141.41000366210938,135.75999450683594,135.83999633789062,462300,117.81695556640625
2022-01-20,135.5800018310547,137.86000061035156,132.67999267578125,132.91000366210938,291800,115.27571868896484
2022-01-21,131.3300018310547,134.19000244140625,130.63999938964844,131.72000122070312,505100,114.24360656738281
2022-01-24,125.62000274658203,132.08999633789062,125.13999938964844,131.5,594900,114.05280303955078
2022-01-25,130.49000549316406,132.47000122070312,127.18000030517578,130.9499969482422,577500,113.57577514648438
2022-01-26,131.8699951171875,133.67999267578125,128.82000732421875,130.58999633789062,484600,113.26353454589844
2022-01-27,134.2100067138672,137.2899932861328,132.55999755859375,135.8000030517578,965600,117.78228759765625
2022-01-28,138.97000122070312,140.38999938964844,137.02000427246094,140.32000732421875,658700,121.70258331298828
2022-01-31,139.22000122070312,141.6699981689453,138.0,141.00999450683594,676100,122.30101776123047
2022-02-01,141.4600067138672,142.91000366210938,140.05999755859375,142.19000244140625,549000,123.32445526123047
2022-02-02,142.52999877929688,142.52999877929688,140.3699951171875,140.97000122070312,390200,122.26634979248047
2022-02-03,141.2899932861328,142.1199951171875,138.39999389648438,138.99000549316406,502700,120.54904174804688
2022-02-04,139.72999572753906,142.27000427246094,138.3699951171875,141.50999450683594,482300,122.73469543457031
2022-02-07,142.0,143.82000732421875,140.5500030517578,142.35000610351562,362500,123.46322631835938
2022-02-08,144.0,146.0500030517578,143.1699981689453,145.7100067138672,544300,126.3774642944336
2022-02-09,146.1199951171875,147.0,144.58999633789062,144.67999267578125,378100,125.48406982421875
2022-02-10,144.11000061035156,147.38999938964844,144.0,144.77000427246094,400300,125.56214141845703
2022-02-11,144.00999450683594,147.27999877929688,143.32000732421875,145.3800048828125,520800,126.0912094116211
2022-02-14,145.52999877929688,145.99000549316406,141.61000061035156,142.55999755859375,518700,123.6453857421875
2022-02-15,143.5399932861328,146.42999267578125,143.3699951171875,145.88999938964844,334900,126.53356170654297
2022-02-16,144.5,146.57000732421875,144.5,145.67999267578125,313200,126.35137939453125
2022-02-17,144.0,144.55999755859375,141.3800048828125,141.6699981689453,324500,122.87347412109375
2022-02-18,141.3000030517578,143.5,141.1699981689453,141.6999969482422,257700,122.89947509765625
2022-02-22,141.39999389648438,142.67999267578125,139.30999755859375,140.49000549316406,298500,121.85001373291016
2022-02-23,141.33999633789062,142.25,137.32000732421875,137.88999938964844,311200,119.59500122070312
2022-02-24,133.30999755859375,135.57000732421875,130.42999267578125,134.94000244140625,451300,117.03636932373047
2022-02-25,135.07000732421875,140.82000732421875,135.07000732421875,140.13999938964844,317300,122.22577667236328
2022-02-28,135.36000061035156,140.92999267578125,135.36000061035156,140.72999572753906,404100,122.74036407470703
2022-03-01,139.0399932861328,139.0399932861328,132.5,134.16000366210938,422100,117.0102310180664
2022-03-02,135.8300018310547,143.1699981689453,135.8300018310547,142.0500030517578,396400,123.89163970947266
2022-03-03,141.52000427246094,142.5800018310547,138.61000061035156,139.8300018310547,321400,121.95539093017578
2022-03-04,136.0500030517578,136.3000030517578,132.6699981689453,135.2899932861328,433000,117.99575805664062
2022-03-07,133.66000366210938,136.27000427246094,133.13999938964844,133.16000366210938,648400,116.1380386352539
2022-03-08,135.49000549316406,137.19000244140625,133.0,133.5399932861328,617300,116.4694595336914
2022-03-09,138.08999633789062,139.4600067138672,136.94000244140625,138.1699981689453,266000,120.50760650634766
2022-03-10,136.0,138.16000366210938,135.97999572753906,137.88999938964844,324500,120.26342010498047
2022-03-11,139.52000427246094,140.5500030517578,137.89999389648438,137.99000549316406,435900,120.35063171386719
2022-03-14,139.85000610351562,141.8699951171875,137.3000030517578,138.4499969482422,289600,120.75181579589844
2022-03-15,138.97999572753906,139.55999755859375,136.85000610351562,138.89999389648438,282100,121.144287109375
2022-03-16,140.44000244140625,142.4499969482422,139.16000366210938,142.00999450683594,386600,123.85674285888672
2022-03-17,140.4499969482422,140.4499969482422,138.41000366210938,139.92999267578125,274500,122.04263305664062
2022-03-18,140.0500030517578,141.3699951171875,135.6300048828125,140.61000061035156,719700,122.63570404052734
2022-03-21,141.67999267578125,142.52000427246094,139.7100067138672,140.88999938964844,282300,122.87992858886719
2022-03-22,142.66000366210938,145.41000366210938,142.5,144.22000122070312,416800,125.78423309326172
2022-03-23,143.35000610351562,143.64999389648438,140.02999877929688,140.17999267578125,242900,122.26065063476562
2022-03-24,141.3300018310547,142.57000732421875,140.1999969482422,141.47999572753906,220800,123.39446258544922
2022-03-25,141.67999267578125,145.85000610351562,141.67999267578125,145.82000732421875,340200,127.1796875
2022-03-28,144.72000122070312,144.9199981689453,142.0,144.3800048828125,615200,125.92378234863281
2022-03-29,145.49000549316406,147.27999877929688,143.07000732421875,145.8800048828125,458700,127.23201751708984
2022-03-30,145.97999572753906,145.97999572753906,140.35000610351562,141.66000366210938,503800,123.55147552490234
2022-03-31,140.92999267578125,143.02999877929688,138.33999633789062,138.41000366210938,288600,120.71694946289062
2022-04-01,140.6199951171875,141.24000549316406,138.42999267578125,139.50999450683594,549100,121.67631530761719
2022-04-04,138.86000061035156,139.77999877929688,135.69000244140625,137.89999389648438,437000,120.27210998535156
2022-04-05,137.1699981689453,139.36000061035156,136.38999938964844,136.55999755859375,253000,119.10343170166016
2022-04-06,137.63999938964844,139.7100067138672,136.0800018310547,138.6300048828125,518300,120.90879821777344
2022-04-07,139.89999389648438,140.44000244140625,137.35000610351562,139.25,544800,121.44952392578125
2022-04-08,140.99000549316406,142.83999633789062,139.47000122070312,139.99000549316406,366800,122.09496307373047
2022-04-11,140.92999267578125,143.4499969482422,139.97999572753906,140.19000244140625,438000,122.26939392089844
2022-04-12,140.3800048828125,142.14999389648438,137.0800018310547,137.80999755859375,333400,120.19363403320312
2022-04-13,137.0,140.83999633789062,136.83999633789062,140.3300018310547,264100,122.39151763916016
2022-04-14,140.1300048828125,141.49000549316406,139.41000366210938,139.5399932861328,260700,121.70248413085938
2022-04-18,139.5,140.83999633789062,138.8300018310547,140.47999572753906,205900,122.5223159790039
2022-04-19,141.32000732421875,143.75999450683594,141.07000732421875,143.2899932861328,241600,124.97311401367188
2022-04-20,144.82000732421875,146.8000030517578,144.1999969482422,145.4199981689453,263100,126.83082580566406
2022-04-21,146.0800018310547,147.05999755859375,141.3699951171875,142.05999755859375,481600,123.90035247802734
2022-04-22,140.47999572753906,141.5,137.69000244140625,138.2100067138672,398400,120.54249572753906
2022-04-25,136.97999572753906,137.89999389648438,133.69000244140625,137.66000366210938,381200,120.06280517578125
2022-04-26,135.6699981689453,136.80999755859375,132.02000427246094,132.4499969482422,447000,115.51880645751953
2022-04-27,133.19000244140625,135.27999877929688,131.92999267578125,133.6699981689453,415000,116.58284759521484
2022-04-28,134.63999938964844,137.94000244140625,131.05999755859375,137.32000732421875,650700,119.76629638671875
2022-04-29,137.02999877929688,137.0399932861328,131.6699981689453,132.2899932861328,929200,115.37926483154297
2022-05-02,133.72000122070312,133.75,128.77000427246094,131.86000061035156,428300,115.0042495727539
2022-05-03,132.0500030517578,133.6999969482422,130.57000732421875,133.07000732421875,445600,116.0595703125
2022-05-04,133.42999267578125,136.91000366210938,132.0800018310547,136.60000610351562,389600,119.1383285522461
2022-05-05,134.9600067138672,134.9600067138672,129.39999389648438,130.75,421400,114.03611755371094
2022-05-06,131.0,131.7899932861328,129.25,131.4600067138672,476700,114.65536499023438
2022-05-09,129.74000549316406,130.88999938964844,126.30999755859375,126.93000030517578,380100,110.70443725585938
2022-05-10,126.91999816894531,128.4499969482422,122.98999786376953,125.2300033569336,388000,109.22174835205078
2022-05-11,125.72000122070312,127.9800033569336,122.91000366210938,123.16999816894531,335500,107.4250717163086
2022-05-12,122.51000213623047,124.22000122070312,120.95999908447266,123.12999725341797,331600,107.39016723632812
2022-05-13,124.83999633789062,125.77999877929688,123.05999755859375,124.7300033569336,299400,108.78567504882812
2022-05-16,124.12999725341797,124.4800033569336,121.30000305175781,122.18000030517578,317800,106.56163787841797
2022-05-17,124.70999908447266,126.19999694824219,123.86000061035156,125.86000061035156,266700,109.77120208740234
2022-05-18,124.70999908447266,124.91000366210938,120.44000244140625,121.0199966430664,358000,105.5499038696289
2022-05-19,119.37999725341797,120.4000015258789,117.16999816894531,118.33999633789062,523200,103.2125015258789
2022-05-20,119.08000183105469,120.11000061035156,114.69000244140625,117.37000274658203,419800,102.36650085449219
2022-05-23,120.0,121.83000183105469,118.55000305175781,120.62000274658203,259200,105.20104217529297
2022-05-24,120.08000183105469,120.16999816894531,117.16000366210938,119.30000305175781,263500,104.0497817993164
2022-05-25,118.81999969482422,121.66999816894531,118.55999755859375,121.62999725341797,280500,106.0819320678711
2022-05-26,122.7699966430664,124.91000366210938,122.7699966430664,124.29000091552734,363400,108.40190124511719
2022-05-27,123.56999969482422,125.58999633789062,123.56999969482422,125.52999877929688,533100,110.14806365966797
2022-05-31,125.04000091552734,126.13999938964844,123.16000366210938,124.9800033569336,407200,109.66545104980469
2022-06-01,125.58000183105469,125.58000183105469,122.20999908447266,124.44999694824219,287000,109.20040130615234
2022-06-02,124.56999969482422,129.02999877929688,123.88999938964844,128.89999389648438,421400,113.1051025390625
2022-06-03,128.1999969482422,128.1999969482422,125.55999755859375,125.83000183105469,270600,110.41130065917969
2022-06-06,127.0,128.33999633789062,125.4800033569336,126.4800033569336,183800,110.98163604736328
2022-06-07,125.20999908447266,127.83000183105469,124.94999694824219,127.81999969482422,316200,112.15744018554688
2022-06-08,127.0199966430664,127.08000183105469,124.54000091552734,125.37999725341797,221600,110.01643371582031
2022-06-09,124.79000091552734,125.02999877929688,120.81999969482422,120.9000015258789,348300,106.08538818359375
2022-06-10,117.80000305175781,119.0,116.3499984741211,116.73999786376953,477200,102.43514251708984
2022-06-13,113.88999938964844,115.44999694824219,112.83000183105469,114.18000030517578,452000,100.18882751464844
2022-06-14,114.81999969482422,116.18000030517578,114.22000122070312,115.7300033569336,415100,101.54889678955078
2022-06-15,118.0999984741211,121.45999908447266,117.5,119.30999755859375,745000,104.69022369384766
2022-06-16,117.30999755859375,117.81999969482422,114.87999725341797,117.02999877929688,551400,102.68961334228516
2022-06-17,118.16000366210938,120.0,117.0,117.41000366210938,556300,103.02303314208984
2022-06-21,119.86000061035156,119.86000061035156,117.87000274658203,118.2300033569336,299800,103.7425765991211
2022-06-22,116.94999694824219,119.18000030517578,116.54000091552734,118.4800033569336,257000,103.9619369506836
2022-06-23,118.56999969482422,118.56999969482422,112.66999816894531,114.4000015258789,499000,100.38188934326172
2022-06-24,114.98999786376953,118.87000274658203,114.91999816894531,118.44000244140625,725600,103.92681884765625
2022-06-27,119.3499984741211,120.0,117.52999877929688,118.80999755859375,310400,104.25150299072266
2022-06-28,119.87999725341797,120.61000061035156,117.95999908447266,118.05000305175781,297400,103.58463287353516
2022-06-29,118.91999816894531,119.23999786376953,117.08000183105469,117.58999633789062,329100,103.18099212646484
2022-06-30,115.3499984741211,117.88999938964844,114.36000061035156,116.44999694824219,335300,102.1806869506836
2022-07-01,115.4800033569336,118.47000122070312,114.83999633789062,118.2300033569336,251200,103.7425765991211
2022-07-05,115.87999725341797,117.95999908447266,115.12999725341797,117.9000015258789,224200,103.4530029296875
2022-07-06,116.8499984741211,117.88999938964844,115.26000213623047,116.73999786376953,198900,102.43514251708984
2022-07-07,117.54000091552734,118.63999938964844,117.54000091552734,118.27999877929688,214700,103.78645324707031
2022-07-08,119.0199966430664,119.05999755859375,117.47000122070312,118.18000030517578,123200,103.6987075805664
2022-07-11,116.26000213623047,117.36000061035156,115.9800033569336,116.52999877929688,216900,102.2508773803711
2022-07-12,115.41000366210938,119.19000244140625,115.41000366210938,117.16000366210938,239300,102.80368041992188
2022-07-13,117.43000030517578,117.94999694824219,115.58999633789062,117.25,294000,102.88265228271484
2022-07-14,114.47000122070312,116.56999969482422,114.0999984741211,116.18000030517578,412500,101.94377136230469
2022-07-15,117.69000244140625,120.94999694824219,116.68000030517578,119.69999694824219,324600,105.03243255615234
2022-07-18,121.18000030517578,122.29000091552734,119.4800033569336,119.80999755859375,210000,105.12895202636719
2022-07-19,121.33999633789062,123.7699966430664,121.33999633789062,122.87999725341797,239400,107.82276153564453
2022-07-20,121.76000213623047,124.41000366210938,121.72000122070312,123.97000122070312,206900,108.77921295166016
2022-07-21,123.08000183105469,124.83999633789062,122.56999969482422,124.81999969482422,190300,109.52506256103516
2022-07-22,124.16000366210938,125.36000061035156,123.11000061035156,124.19000244140625,172300,108.97225952148438
2022-07-25,124.98999786376953,127.44999694824219,124.4800033569336,127.20999908447266,286800,111.62220764160156
2022-07-26,126.68000030517578,128.77000427246094,126.58999633789062,127.5999984741211,367800,111.96440887451172
2022-07-27,127.30000305175781,129.47000122070312,127.2699966430664,129.0,374200,113.19284057617188
2022-07-28,128.05999755859375,130.3000030517578,126.16999816894531,128.5500030517578,389700,112.79801177978516
2022-07-29,130.27000427246094,131.94000244140625,129.86000061035156,130.39999389648438,639200,114.42131042480469
2022-08-01,130.9499969482422,131.89999389648438,129.33999633789062,131.0399932861328,365400,114.98286437988281
2022-08-02,130.88999938964844,131.94000244140625,129.02999877929688,129.6300048828125,332500,113.74564361572266
2022-08-03,130.47000122070312,131.66000366210938,129.47000122070312,131.0500030517578,198900,114.99166107177734
2022-08-04,130.89999389648438,130.89999389648438,127.37000274658203,127.75,374000,112.09603118896484
2022-08-05,127.37000274658203,131.7899932861328,127.37000274658203,131.57000732421875,359700,115.44793701171875
2022-08-08,132.2899932861328,133.24000549316406,131.17999267578125,131.25999450683594,219900,115.1759262084961
2022-08-09,130.4499969482422,132.08999633789062,129.1300048828125,132.05999755859375,222500,115.8779067993164
2022-08-10,133.1999969482422,134.36000061035156,132.88999938964844,133.42999267578125,286800,117.08001708984375
2022-08-11,134.4199981689453,134.69000244140625,133.0500030517578,134.30999755859375,251700,117.8521957397461
2022-08-12,135.5,136.5,134.39999389648438,136.49000549316406,157600,119.76504516601562
2022-08-15,136.1199951171875,138.38999938964844,135.5,138.08999633789062,211800,121.16899871826172
2022-08-16,138.6300048828125,140.35000610351562,137.86000061035156,139.97999572753906,205800,122.82740783691406
2022-08-17,138.69000244140625,139.72999572753906,137.88999938964844,139.07000732421875,183000,122.0289535522461
2022-08-18,139.61000061035156,139.77000427246094,138.32000732421875,139.42999267578125,133900,122.34478759765625
2022-08-19,138.55999755859375,138.9600067138672,137.02999877929688,138.1199951171875,216600,121.19532775878906
2022-08-22,136.4600067138672,136.55999755859375,135.1199951171875,135.6699981689453,187200,119.04556274414062
2022-08-23,135.1300048828125,136.47999572753906,134.39999389648438,135.05999755859375,186400,118.51029205322266
2022-08-24,134.27999877929688,134.94000244140625,133.69000244140625,134.3000030517578,171900,117.84342193603516
2022-08-25,134.22000122070312,135.75999450683594,133.47999572753906,134.41000366210938,545700,117.93995666503906
2022-08-26,134.39999389648438,134.52000427246094,131.22000122070312,131.47999572753906,288000,115.36896514892578
2022-08-29,130.6699981689453,131.7100067138672,129.08999633789062,130.80999755859375,213100,114.78106689453125
2022-08-30,130.85000610351562,130.8699951171875,129.02999877929688,130.6300048828125,308700,115.39057159423828
2022-08-31,131.3699951171875,131.44000244140625,129.80999755859375,129.9600067138672,324800,114.7987289428711
2022-09-01,130.11000061035156,131.27999877929688,128.35000610351562,131.27000427246094,371500,115.9559097290039
2022-09-02,132.52000427246094,134.27999877929688,130.58999633789062,131.25,399000,115.93824005126953
2022-09-06,133.80999755859375,135.17999267578125,131.72999572753906,132.8699951171875,907600,117.36924743652344
2022-09-07,132.19000244140625,137.11000061035156,132.02999877929688,136.67999267578125,559600,120.73477935791016
2022-09-08,135.4499969482422,141.3800048828125,135.4499969482422,140.7100067138672,534200,124.29464721679688
2022-09-09,141.1199951171875,142.82000732421875,140.47999572753906,141.22000122070312,462600,124.7451400756836
2022-09-12,141.82000732421875,143.3300018310547,141.16000366210938,142.16000366210938,310600,125.57547760009766
2022-09-13,139.74000549316406,141.0,137.7100067138672,138.60000610351562,344700,122.43080139160156
2022-09-14,139.60000610351562,141.38999938964844,138.52000427246094,141.30999755859375,493000,124.82463073730469
2022-09-15,140.88999938964844,143.41000366210938,140.88999938964844,141.64999389648438,494200,125.12496948242188
2022-09-16,140.49000549316406,140.49000549316406,137.8000030517578,138.25,1780000,122.12161254882812
2022-09-19,136.1300048828125,141.35000610351562,136.1300048828125,141.22000122070312,297300,124.7451400756836
2022-09-20,140.1999969482422,141.6300048828125,139.25999450683594,140.3800048828125,226100,124.00309753417969
2022-09-21,140.86000061035156,143.08999633789062,139.85000610351562,140.0,349200,123.66747283935547
2022-09-22,140.57000732421875,140.57000732421875,137.2100067138672,138.5399932861328,426800,122.37779235839844
2022-09-23,136.94000244140625,137.72999572753906,133.89999389648438,136.1999969482422,476300,120.3107681274414
2022-09-26,135.6300048828125,137.5500030517578,135.0,135.47000122070312,427900,119.66593933105469
2022-09-27,136.2100067138672,137.22000122070312,132.11000061035156,133.1699981689453,420000,117.6342544555664
2022-09-28,133.38999938964844,135.80999755859375,133.0500030517578,134.80999755859375,404200,119.08291625976562
2022-09-29,133.33999633789062,133.9199981689453,131.25,133.72000122070312,357000,118.1200942993164
2022-09-30,134.08999633789062,135.4499969482422,131.99000549316406,132.22000122070312,542100,116.79508972167969
2022-10-03,134.16000366210938,136.17999267578125,132.8699951171875,135.52999877929688,537300,119.71891021728516
2022-10-04,137.35000610351562,141.0,137.35000610351562,140.85000610351562,522800,124.4183120727539
2022-10-05,139.11000061035156,140.88999938964844,138.58999633789062,140.5800018310547,245900,124.17976379394531
2022-10-06,139.8699951171875,140.82000732421875,138.97000122070312,139.80999755859375,184500,123.49961853027344
2022-10-07,139.55999755859375,139.55999755859375,137.05999755859375,138.47000122070312,294200,122.31595611572266
2022-10-10,138.83999633789062,140.3000030517578,137.27000427246094,138.6199951171875,265700,122.44843292236328
2022-10-11,138.08999633789062,140.66000366210938,137.10000610351562,138.25,351800,122.12161254882812
2022-10-12,138.63999938964844,139.52000427246094,136.42999267578125,138.07000732421875,233700,121.96261596679688
2022-10-13,136.49000549316406,145.1999969482422,135.3000030517578,144.77999877929688,352200,127.88980865478516
2022-10-14,145.5500030517578,147.22000122070312,143.99000549316406,144.4600067138672,364700,127.60713958740234
2022-10-17,146.52000427246094,147.8699951171875,145.41000366210938,146.3300018310547,303900,129.2589874267578
2022-10-18,148.33999633789062,149.72999572753906,146.75999450683594,148.49000549316406,357900,131.16700744628906
2022-10-19,147.77999877929688,148.97999572753906,143.83999633789062,145.07000732421875,340100,128.14599609375
2022-10-20,145.32000732421875,145.9499969482422,139.80999755859375,140.7100067138672,442900,124.29464721679688
2022-10-21,140.80999755859375,143.02000427246094,139.97999572753906,142.0800018310547,381400,125.50480651855469
2022-10-24,142.77000427246094,143.88999938964844,141.02999877929688,141.35000610351562,537700,124.85995483398438
2022-10-25,140.27999877929688,143.3699951171875,140.1199951171875,143.05999755859375,470100,126.37047576904297
2022-10-26,143.63999938964844,144.52999877929688,141.85000610351562,141.9199981689453,611200,125.36344909667969
2022-10-27,143.5,149.60000610351562,143.5,148.16000366210938,677700,130.87550354003906
2022-10-28,150.0,155.4499969482422,147.72000122070312,155.2100067138672,570800,137.10302734375
2022-10-31,155.2100067138672,156.66000366210938,154.44000244140625,155.0500030517578,919000,136.96173095703125
2022-11-01,155.80999755859375,157.00999450683594,154.83999633789062,156.52999877929688,340400,138.26902770996094
2022-11-02,156.42999267578125,158.9199981689453,155.07000732421875,155.6999969482422,381200,137.53591918945312
2022-11-03,153.52999877929688,155.8699951171875,151.41000366210938,154.75,295300,136.69668579101562
2022-11-04,156.5800018310547,158.3000030517578,155.33999633789062,156.61000061035156,208700,138.33969116210938
2022-11-07,157.64999389648438,158.52999877929688,156.5,158.3000030517578,251100,139.8325958251953
2022-11-08,157.97000122070312,160.60000610351562,156.74000549316406,158.60000610351562,236100,140.09754943847656
2022-11-09,157.1199951171875,158.2899932861328,155.75999450683594,155.91000366210938,179200,137.72140502929688
2022-11-10,159.1300048828125,160.07000732421875,153.9600067138672,155.11000061035156,617400,137.01470947265625
2022-11-11,155.5399932861328,155.86000061035156,144.6999969482422,145.7100067138672,811100,128.7113494873047
2022-11-14,145.72000122070312,147.47999572753906,144.52999877929688,145.47999572753906,387600,128.5081787109375
2022-11-15,146.6699981689453,148.11000061035156,144.38999938964844,145.72000122070312,304700,128.72015380859375
2022-11-16,146.1199951171875,146.6300048828125,144.4499969482422,144.6999969482422,227500,127.81916809082031
2022-11-17,143.55999755859375,145.11000061035156,142.57000732421875,143.97999572753906,375300,127.18315887451172
2022-11-18,145.57000732421875,146.22999572753906,143.14999389648438,145.11000061035156,220600,128.18133544921875
2022-11-21,145.3800048828125,147.44000244140625,145.32000732421875,145.75,241900,128.74667358398438
2022-11-22,146.9600067138672,148.41000366210938,146.5,148.00999450683594,221200,130.74298095703125
2022-11-23,147.67999267578125,148.32000732421875,145.86000061035156,146.05999755859375,210400,129.02047729492188
2022-11-25,146.57000732421875,147.9499969482422,146.22999572753906,147.9499969482422,145700,130.69000244140625
2022-11-28,146.92999267578125,147.47999572753906,145.64999389648438,146.3000030517578,248300,129.23248291015625
2022-11-29,145.75,146.22999572753906,144.44000244140625,145.36000061035156,395600,129.17030334472656
2022-11-30,145.1300048828125,145.77999877929688,142.75999450683594,145.07000732421875,706900,128.91261291503906
2022-12-01,145.57000732421875,145.67999267578125,141.10000610351562,141.1300048828125,394400,125.41143035888672
2022-12-02,140.9499969482422,141.9600067138672,140.1699981689453,141.4499969482422,690700,125.69575500488281
2022-12-05,141.36000061035156,141.36000061035156,136.50999450683594,137.92999267578125,475000,122.56780242919922
2022-12-06,137.83999633789062,139.33999633789062,136.8699951171875,138.3000030517578,585300,122.89661407470703
2022-12-07,138.0399932861328,138.50999450683594,136.63999938964844,137.3699951171875,386700,122.07020568847656
2022-12-08,137.7899932861328,138.0500030517578,135.82000732421875,137.72000122070312,340900,122.3812026977539
2022-12-09,137.16000366210938,138.3800048828125,136.7899932861328,136.89999389648438,304400,121.65254211425781
2022-12-12,137.74000549316406,138.80999755859375,136.72999572753906,137.27000427246094,324000,121.9813003540039
2022-12-13,138.3800048828125,139.75999450683594,129.3699951171875,130.5399932861328,632100,116.00089263916016
2022-12-14,130.9199981689453,132.32000732421875,129.66000366210938,130.77000427246094,616300,116.20529174804688
2022-12-15,129.64999389648438,130.80999755859375,127.56999969482422,128.22000122070312,491900,113.93928527832031
2022-12-16,127.7699966430664,128.91000366210938,125.30999755859375,125.73999786376953,1185000,111.73550415039062
2022-12-19,126.01000213623047,127.77999877929688,124.7699966430664,126.70999908447266,498600,112.59746551513672
2022-12-20,127.37000274658203,128.77000427246094,126.37000274658203,127.94000244140625,328800,113.69046020507812
2022-12-21,129.42999267578125,130.9600067138672,129.42999267578125,130.3000030517578,298000,115.7876205444336
2022-12-22,130.07000732421875,130.75999450683594,128.3699951171875,130.50999450683594,246300,115.97423553466797
2022-12-23,130.69000244140625,132.4600067138672,130.69000244140625,131.74000549316406,209300,117.06724548339844
2022-12-27,132.22000122070312,132.38999938964844,130.85000610351562,131.8300018310547,243900,117.14723205566406
2022-12-28,132.19000244140625,133.0500030517578,131.5800018310547,132.10000610351562,260900,117.38716125488281
2022-12-29,132.30999755859375,134.27999877929688,131.92999267578125,133.97000122070312,356200,119.04884338378906
2022-12-30,133.89999389648438,134.5500030517578,132.8800048828125,133.6999969482422,204300,118.80894470214844
2023-01-03,133.4499969482422,134.0399932861328,129.25999450683594,130.24000549316406,473700,115.73431396484375
2023-01-04,130.83999633789062,132.60000610351562,130.19000244140625,131.02999877929688,285200,116.43631744384766
2023-01-05,130.94000244140625,132.16000366210938,129.77999877929688,132.0800018310547,397600,117.36936950683594
2023-01-06,132.91000366210938,135.22000122070312,132.91000366210938,134.74000549316406,293400,119.73312377929688
2023-01-09,134.52999877929688,134.52999877929688,131.32000732421875,131.67999267578125,250900,117.01392364501953
2023-01-10,132.07000732421875,132.6699981689453,130.60000610351562,132.1999969482422,223500,117.47599792480469
2023-01-11,132.47999572753906,133.4600067138672,131.77000427246094,132.8000030517578,211100,118.00919342041016
2023-01-12,133.47000122070312,136.49000549316406,132.82000732421875,134.97000122070312,312800,119.9375228881836
2023-01-13,134.22000122070312,137.4600067138672,132.74000549316406,137.08999633789062,282100,121.82138061523438
2023-01-17,136.5500030517578,136.74000549316406,134.38999938964844,136.57000732421875,286300,121.3592758178711
2023-01-18,135.7899932861328,135.7899932861328,130.1999969482422,130.27999877929688,362000,115.76983642578125
2023-01-19,129.69000244140625,132.35000610351562,128.52000427246094,131.10000610351562,314100,116.49852752685547
2023-01-20,131.60000610351562,134.02999877929688,130.99000549316406,133.7899932861328,278800,118.888916015625
2023-01-23,134.33999633789062,136.8800048828125,134.1300048828125,136.39999389648438,340500,121.2082290649414
2023-01-24,135.35000610351562,137.50999450683594,134.1699981689453,136.35000610351562,300600,121.16380310058594
2023-01-25,136.08999633789062,136.9499969482422,133.9600067138672,136.00999450683594,419000,120.8616714477539
2023-01-26,133.94000244140625,139.3300018310547,123.69000244140625,132.16000366210938,1168400,117.44043731689453
2023-01-27,130.30999755859375,132.27999877929688,126.05999755859375,127.44999694824219,820600,113.2550277709961
2023-01-30,127.62000274658203,128.5800018310547,125.80999755859375,126.33000183105469,488300,112.2597885131836
2023-01-31,126.83999633789062,130.27999877929688,126.08000183105469,130.27999877929688,801500,115.76983642578125
2023-02-01,128.58999633789062,130.8000030517578,127.75,129.22999572753906,443400,114.8367919921875
2023-02-02,129.25,129.42999267578125,126.7699966430664,127.5999984741211,573000,113.38834381103516
2023-02-03,127.83000183105469,131.30999755859375,127.69999694824219,129.22000122070312,609500,114.82789611816406
2023-02-06,128.67999267578125,131.36000061035156,128.67999267578125,131.32000732421875,351400,116.69401550292969
2023-02-07,130.63999938964844,133.2899932861328,129.72999572753906,133.17999267578125,337400,118.34683990478516
2023-02-08,132.4600067138672,133.82000732421875,131.14999389648438,132.50999450683594,398300,117.75148010253906
2023-02-09,132.60000610351562,133.7100067138672,132.0,132.02000427246094,334300,117.31605529785156
2023-02-10,132.60000610351562,132.72999572753906,131.00999450683594,131.6999969482422,331000,117.03170013427734
2023-02-13,131.57000732421875,132.35000610351562,131.1699981689453,131.8300018310547,183700,117.14723205566406
2023-02-14,131.83999633789062,132.4600067138672,129.63999938964844,130.6300048828125,303900,116.08087158203125
2023-02-15,129.97999572753906,132.72999572753906,129.91000366210938,131.60000610351562,232300,116.94285583496094
2023-02-16,130.61000061035156,131.67999267578125,129.3699951171875,129.39999389648438,403200,114.98785400390625
2023-02-17,129.66000366210938,132.2100067138672,129.3800048828125,131.3000030517578,462100,116.67623138427734
2023-02-21,129.63999938964844,130.42999267578125,127.13999938964844,128.69000244140625,381500,114.35694122314453
2023-02-22,128.72000122070312,128.9499969482422,126.83999633789062,127.20999908447266,304800,113.04177856445312
2023-02-23,127.95999908447266,129.02000427246094,126.22000122070312,128.69000244140625,341700,114.35694122314453
2023-02-24,128.24000549316406,131.75,127.6500015258789,131.5800018310547,492600,116.92505645751953
2023-02-27,131.50999450683594,133.0,130.94000244140625,131.6999969482422,420400,117.81065368652344
2023-02-28,132.25,134.3300018310547,131.8000030517578,131.82000732421875,544800,117.91801452636719
2023-03-01,130.89999389648438,133.13999938964844,130.13999938964844,133.0,494200,118.97354888916016
2023-03-02,132.22000122070312,132.75,129.2899932861328,131.52000427246094,495200,117.64964294433594
2023-03-03,132.0500030517578,132.38999938964844,130.7899932861328,132.22999572753906,394700,118.28474426269531
2023-03-06,131.99000549316406,132.82000732421875,130.0500030517578,130.3699951171875,441700,116.62091827392578
2023-03-07,129.75,130.7100067138672,126.38999938964844,127.72000122070312,343800,114.25039672851562
2023-03-08,127.33000183105469,128.38999938964844,125.69000244140625,126.54000091552734,203000,113.19482421875
2023-03-09,125.30999755859375,125.30999755859375,119.66000366210938,120.05000305175781,610600,107.38928985595703
2023-03-10,117.4000015258789,121.29000091552734,114.0,118.75,1200700,106.22638702392578
2023-03-13,107.76000213623047,111.44000244140625,103.01000213623047,103.75,2880800,92.80830383300781
2023-03-14,114.05999755859375,115.5,110.81999969482422,111.5199966430664,1383400,99.75885772705078
2023-03-15,107.47000122070312,108.8499984741211,105.58000183105469,106.58999633789062,1544000,95.34880065917969
2023-03-16,104.8499984741211,111.87000274658203,104.27999877929688,108.58000183105469,1572200,97.1289291381836
2023-03-17,106.91000366210938,107.12999725341797,101.87000274658203,104.83000183105469,1551700,93.77442169189453
2023-03-20,106.95999908447266,107.7300033569336,103.4000015258789,104.7300033569336,957600,93.6849594116211
2023-03-21,108.54000091552734,110.45999908447266,106.43000030517578,107.37000274658203,1031600,96.04655456542969
2023-03-22,107.5,107.5,100.83999633789062,101.02999877929688,977800,90.37517547607422
2023-03-23,101.76000213623047,102.22000122070312,97.77999877929688,97.86000061035156,1556300,87.53947448730469
2023-03-24,96.22000122070312,101.19000244140625,95.75,100.06999969482422,841100,89.51641845703125
2023-03-27,103.4000015258789,104.25,101.41000366210938,102.73999786376953,910000,91.90483093261719
2023-03-28,101.70999908447266,103.58999633789062,101.70999908447266,103.0999984741211,571300,92.22686767578125
2023-03-29,104.27999877929688,104.63999938964844,103.30000305175781,104.19000244140625,468500,93.2019271850586
2023-03-30,105.44999694824219,105.87999725341797,103.36000061035156,103.70999908447266,611100,92.77252197265625
2023-03-31,104.8499984741211,105.80000305175781,103.47000122070312,105.33999633789062,525800,94.23062896728516
2023-04-03,105.3499984741211,107.1500015258789,103.88999938964844,104.91000366210938,508500,93.84598541259766
2023-04-04,105.19999694824219,105.83999633789062,101.66000366210938,102.94999694824219,660400,92.0926742553711
2023-04-05,101.19999694824219,103.16999816894531,100.7699966430664,101.58000183105469,472700,90.86717224121094
2023-04-06,101.9800033569336,103.23999786376953,101.69999694824219,103.19999694824219,527700,92.31631469726562
2023-04-10,102.33999633789062,104.37999725341797,102.23999786376953,103.69000244140625,347600,92.754638671875
2023-04-11,104.54000091552734,105.69999694824219,103.52999877929688,104.79000091552734,282000,93.73863220214844
2023-04-12,105.33000183105469,105.9000015258789,103.52999877929688,103.81999969482422,306300,92.87093353271484
2023-04-13,103.86000061035156,105.41000366210938,103.0,104.94999694824219,374200,93.88175201416016
2023-04-14,106.86000061035156,107.44999694824219,103.94000244140625,105.18000030517578,559200,94.08751678466797
2023-04-17,105.25,107.36000061035156,104.04000091552734,107.23999786376953,512600,95.93025207519531
2023-04-18,107.45999908447266,107.45999908447266,104.19000244140625,105.04000091552734,394100,93.96226501464844
2023-04-19,105.9000015258789,109.19000244140625,105.13999938964844,109.08999633789062,479500,97.58514404296875
2023-04-20,107.18000030517578,108.5,104.80999755859375,105.66999816894531,583400,94.52583312988281
2023-04-21,105.66999816894531,105.76000213623047,103.27999877929688,103.63999938964844,418000,92.70989990234375
2023-04-24,103.18000030517578,104.52999877929688,102.87000274658203,103.0999984741211,463600,92.22686767578125
2023-04-25,101.55999755859375,102.45999908447266,100.04000091552734,100.9800033569336,544800,90.33045196533203
2023-04-26,100.95999908447266,104.54000091552734,100.86000061035156,103.47000122070312,742800,92.55784606933594
2023-04-27,105.5199966430664,111.04000091552734,104.75,110.2699966430664,1073200,98.64070129394531
2023-04-28,109.18000030517578,113.66999816894531,109.18000030517578,110.25,2312900,98.62281036376953
2023-05-01,110.0999984741211,111.63999938964844,106.75,107.19999694824219,628100,95.89446258544922
2023-05-02,106.2699966430664,106.75,100.48999786376953,101.88999938964844,811200,91.14446258544922
2023-05-03,102.33999633789062,103.9800033569336,98.33000183105469,98.87000274658203,917700,88.44296264648438
2023-05-04,96.3499984741211,98.37000274658203,92.55000305175781,93.41999816894531,1364500,83.5677261352539
2023-05-05,100.02999877929688,102.33000183105469,98.68000030517578,102.16999816894531,1249900,91.39494323730469
2023-05-08,104.30999755859375,104.30999755859375,97.48999786376953,97.5,564300,87.21746063232422
2023-05-09,96.70999908447266,97.25,94.91000366210938,96.0999984741211,531700,85.965087890625
2023-05-10,97.5999984741211,97.83999633789062,95.23999786376953,96.97000122070312,836100,86.74334716796875
2023-05-11,95.30000305175781,97.04000091552734,94.72000122070312,95.66999816894531,896700,85.58043670654297
2023-05-12,96.75,97.47000122070312,95.06999969482422,97.36000061035156,622900,87.09221649169922
2023-05-15,96.7699966430664,100.3499984741211,96.7699966430664,99.62999725341797,637200,89.12281799316406
2023-05-16,100.2300033569336,100.2300033569336,96.25,96.25,486800,86.0992660522461
2023-05-17,97.95999908447266,103.91999816894531,97.95999908447266,103.47000122070312,729200,92.55784606933594
2023-05-18,103.44999694824219,103.61000061035156,101.29000091552734,102.9800033569336,431900,92.11952209472656
2023-05-19,103.36000061035156,103.61000061035156,99.9800033569336,101.3499984741211,474900,90.66143035888672
2023-05-22,102.41000366210938,104.69999694824219,101.41000366210938,103.98999786376953,357600,93.02299499511719
2023-05-23,103.9800033569336,107.22000122070312,102.9800033569336,104.12999725341797,466000,93.14823913574219
2023-05-24,103.12000274658203,103.70999908447266,101.8499984741211,103.0,439900,92.13741302490234
2023-05-25,102.22000122070312,105.33000183105469,102.22000122070312,104.5999984741211,703700,93.56867980957031
2023-05-26,104.5,105.52999877929688,102.63999938964844,105.26000213623047,320700,94.15904235839844
2023-05-30,104.68000030517578,105.98999786376953,103.7300033569336,104.30000305175781,591400,94.07789611816406
2023-05-31,103.27999877929688,103.94000244140625,99.29000091552734,100.19999694824219,493000,90.37972259521484
2023-06-01,101.33000183105469,103.08000183105469,99.11000061035156,102.2300033569336,317600,92.21076965332031
2023-06-02,103.8499984741211,107.51000213623047,103.62000274658203,106.91000366210938,382700,96.43209838867188
2023-06-05,105.80000305175781,107.06999969482422,103.43000030517578,105.3499984741211,473500,95.02497863769531
2023-06-06,105.45999908447266,110.69000244140625,105.45999908447266,109.0,370000,98.31724548339844
2023-06-07,110.01000213623047,111.55000305175781,108.56999969482422,110.33999633789062,520300,99.52591705322266
2023-06-08,109.68000030517578,110.43000030517578,107.38999938964844,110.05999755859375,450900,99.27337646484375
2023-06-09,109.55000305175781,110.37999725341797,108.76000213623047,109.56999969482422,352700,98.83139038085938
2023-06-12,109.62999725341797,111.62999725341797,107.41999816894531,108.5199966430664,510600,97.88430786132812
2023-06-13,108.4800033569336,111.45999908447266,107.37999725341797,111.08999633789062,492900,100.20242309570312
2023-06-14,111.12000274658203,112.16999816894531,107.81999969482422,109.66000366210938,476300,98.91258239746094
2023-06-15,108.87000274658203,113.72000122070312,108.0,113.2699966430664,741200,102.16875457763672
2023-06-16,114.16000366210938,114.16000366210938,110.62999725341797,111.70999908447266,1347400,100.76167297363281
2023-06-20,111.76000213623047,112.5199966430664,110.05000305175781,110.88999938964844,679900,100.02202606201172
2023-06-21,110.4000015258789,111.79000091552734,108.66000366210938,108.87000274658203,520300,98.19999694824219
2023-06-22,108.72000122070312,108.72000122070312,104.48999786376953,105.2300033569336,487100,94.91674041748047
2023-06-23,104.0999984741211,105.37999725341797,103.1500015258789,103.56999969482422,497500,93.41943359375
2023-06-26,103.98999786376953,106.0,103.98999786376953,104.5999984741211,337500,94.34849548339844
2023-06-27,105.16999816894531,106.31999969482422,103.62000274658203,105.19000244140625,606100,94.88066101074219
2023-06-28,104.87999725341797,104.87999725341797,102.87000274658203,103.95999908447266,602600,93.77122497558594
2023-06-29,106.72000122070312,108.29000091552734,106.1500015258789,108.04000091552734,375000,97.45133972167969
2023-06-30,108.37000274658203,108.5,107.25,107.52999877929688,300100,96.99132537841797
2023-07-03,108.05999755859375,110.87999725341797,108.05999755859375,110.12999725341797,203400,99.33649444580078
2023-07-05,108.94000244140625,109.91999816894531,107.30999755859375,107.8499984741211,322800,97.27996826171875
2023-07-06,106.44000244140625,107.54000091552734,104.5199966430664,107.33999633789062,360500,96.81995391845703
2023-07-07,106.11000061035156,108.87000274658203,105.87000274658203,107.5999984741211,519300,97.0544662475586
2023-07-10,106.72000122070312,109.55000305175781,106.72000122070312,108.87999725341797,269400,98.2090072631836
2023-07-11,108.83999633789062,110.48999786376953,108.13999938964844,110.06999969482422,360800,99.28239440917969
2023-07-12,112.2300033569336,112.83999633789062,110.0999984741211,110.95999908447266,451400,100.08515167236328
2023-07-13,111.83000183105469,113.18000030517578,110.37999725341797,111.52999877929688,414100,100.59929656982422
2023-07-14,112.69999694824219,112.69999694824219,107.62999725341797,108.5,456800,97.86625671386719
2023-07-17,108.58999633789062,110.70999908447266,108.19999694824219,110.12999725341797,408000,99.33649444580078
2023-07-18,110.02999877929688,114.23999786376953,109.33000183105469,113.05000305175781,550900,101.9703369140625
2023-07-19,113.19000244140625,115.04000091552734,112.04000091552734,114.80000305175781,676800,103.5488052368164
2023-07-20,114.83000183105469,115.27999877929688,112.4800033569336,115.23999786376953,454500,103.9456787109375
2023-07-21,116.25,116.27999877929688,113.69000244140625,114.4000015258789,412000,103.18802642822266
2023-07-24,114.41000366210938,117.08000183105469,114.38999938964844,116.38999938964844,529100,104.98297119140625
2023-07-25,116.38999938964844,117.52999877929688,114.2699966430664,114.47000122070312,784200,103.25116729736328
2023-07-26,115.80999755859375,117.73999786376953,114.80999755859375,115.98999786376953,1220500,104.62218475341797
2023-07-27,120.30999755859375,120.30999755859375,105.4800033569336,107.22000122070312,1880700,96.71171569824219
2023-07-28,107.58000183105469,108.2699966430664,104.01000213623047,106.26000213623047,951400,95.84578704833984
2023-07-31,106.33999633789062,108.80000305175781,106.25,108.58000183105469,2948800,97.93841552734375
2023-08-01,108.51000213623047,108.51000213623047,105.29000091552734,107.6500015258789,576100,97.09957122802734
2023-08-02,105.86000061035156,108.3499984741211,105.66000366210938,108.0199966430664,372400,97.43330383300781
2023-08-03,107.69000244140625,108.56999969482422,106.44999694824219,108.22000122070312,401900,97.61371612548828
2023-08-04,106.62999725341797,109.38999938964844,106.62999725341797,107.80999755859375,404400,97.24388885498047
2023-08-07,107.97000122070312,109.73999786376953,107.48999786376953,109.4800033569336,404200,98.75020599365234
2023-08-08,105.27999877929688,106.66000366210938,103.08000183105469,106.38999938964844,428700,95.96305847167969
2023-08-09,106.38999938964844,106.56999969482422,104.9800033569336,105.16000366210938,365100,94.85359954833984
2023-08-10,105.45999908447266,106.4000015258789,104.2699966430664,105.06999969482422,272000,94.77242279052734
2023-08-11,104.76000213623047,105.33999633789062,104.29000091552734,104.83000183105469,209200,94.55595397949219
2023-08-14,103.91000366210938,103.91000366210938,101.69999694824219,101.9800033569336,272100,91.98528289794922
2023-08-15,100.45999908447266,100.69000244140625,98.16000366210938,98.69999694824219,365200,89.02672576904297
2023-08-16,98.37999725341797,99.30999755859375,97.58999633789062,97.70999908447266,363800,88.13375854492188
2023-08-17,98.05999755859375,98.5999984741211,97.19999694824219,97.83000183105469,330500,88.24198913574219
2023-08-18,96.80000305175781,98.19000244140625,96.62999725341797,96.97000122070312,366600,87.46627807617188
2023-08-21,97.62999725341797,98.02999877929688,95.0,95.55000305175781,427900,86.18545532226562
2023-08-22,95.19000244140625,95.94999694824219,93.8499984741211,94.95999908447266,508200,85.65328979492188
2023-08-23,94.55000305175781,96.26000213623047,94.13999938964844,96.1500015258789,422900,86.72664642333984
2023-08-24,95.61000061035156,97.37000274658203,94.38999938964844,95.16000366210938,325000,85.83367919921875
2023-08-25,97.08000183105469,97.48999786376953,94.02999877929688,95.16000366210938,456300,85.83367919921875
2023-08-28,95.6500015258789,96.58000183105469,95.11000061035156,95.91999816894531,384000,86.51918029785156
2023-08-29,95.5,96.69999694824219,95.25,96.62999725341797,445100,87.15960693359375
2023-08-30,95.52999877929688,96.16000366210938,94.4800033569336,94.7699966430664,376900,86.3035659790039
2023-08-31,94.66999816894531,95.6500015258789,94.25,94.52999877929688,429800,86.08502960205078
2023-09-01,95.31999969482422,96.12999725341797,94.9800033569336,95.73999786376953,399500,87.18692016601562
2023-09-05,94.7300033569336,95.56999969482422,93.69000244140625,94.93000030517578,429400,86.44928741455078
2023-09-06,94.70999908447266,95.45999908447266,92.55000305175781,93.2699966430664,319500,84.93757629394531
2023-09-07,92.80000305175781,93.44999694824219,91.33000183105469,91.43000030517578,576100,83.261962890625
2023-09-08,91.9000015258789,93.0999984741211,90.70999908447266,92.69999694824219,195900,84.41850280761719
2023-09-11,93.4800033569336,94.94000244140625,93.30000305175781,93.5,324400,85.14702606201172
2023-09-12,93.7300033569336,95.76000213623047,93.51000213623047,95.6500015258789,443100,87.10496520996094
2023-09-13,96.05000305175781,96.05000305175781,93.98999786376953,94.95999908447266,523600,86.47660827636719
2023-09-14,96.0,97.19000244140625,95.73999786376953,96.11000061035156,326000,87.52388000488281
2023-09-15,95.29000091552734,96.79000091552734,95.29000091552734,96.0199966430664,1096700,87.44189453125
2023-09-18,95.68000030517578,95.68000030517578,94.16000366210938,94.33999633789062,412700,85.9119873046875
2023-09-19,94.25,95.02999877929688,93.11000061035156,93.91000366210938,346800,85.52040100097656
2023-09-20,94.44000244140625,95.11000061035156,93.01000213623047,93.19000244140625,264600,84.86471557617188
2023-09-21,92.5,92.68000030517578,90.91000366210938,90.93000030517578,436600,82.80662536621094
2023-09-22,91.23999786376953,91.29000091552734,89.76000213623047,90.02999877929688,503600,81.98703002929688
2023-09-25,89.55000305175781,91.77999877929688,89.44999694824219,91.7699966430664,301100,83.57158660888672
2023-09-26,91.26000213623047,91.9800033569336,89.6500015258789,89.70999908447266,272000,81.69561767578125
2023-09-27,89.56999969482422,89.83999633789062,88.06999969482422,88.62000274658203,395000,80.70298767089844
2023-09-28,88.1500015258789,91.08000183105469,88.1500015258789,90.61000061035156,700100,82.51522064208984
2023-09-29,91.7699966430664,92.88999938964844,90.94999694824219,91.20999908447266,345700,83.06161499023438
2023-10-02,91.0,91.36000061035156,88.9800033569336,89.56999969482422,549800,81.56812286376953
2023-10-03,88.16999816894531,89.0199966430664,87.0999984741211,87.88999938964844,463800,80.03821563720703
2023-10-04,87.97000122070312,89.11000061035156,87.1500015258789,89.06999969482422,357100,81.11278533935547
2023-10-05,88.8499984741211,90.55000305175781,88.8499984741211,90.20999908447266,379000,82.15093994140625
2023-10-06,89.36000061035156,91.29000091552734,89.16000366210938,90.36000061035156,427400,82.28755187988281
2023-10-09,89.51000213623047,90.80999755859375,89.47000122070312,90.56999969482422,319100,82.4787826538086
2023-10-10,90.38999938964844,92.06999969482422,90.38999938964844,91.66999816894531,330300,83.48052215576172
2023-10-11,92.04000091552734,93.08000183105469,91.2699966430664,92.3499984741211,375300,84.09976196289062
2023-10-12,92.54000091552734,92.54000091552734,90.9000015258789,91.62000274658203,409200,83.43498229980469
2023-10-13,92.58000183105469,92.77999877929688,89.94000244140625,90.44999694824219,525000,82.36949920654297
2023-10-16,91.88999938964844,93.0999984741211,91.62999725341797,92.83000183105469,413400,84.53689575195312
2023-10-17,92.30000305175781,95.8499984741211,92.30000305175781,94.06999969482422,476800,85.6661148071289
2023-10-18,93.19999694824219,93.4000015258789,91.29000091552734,91.52999877929688,338400,83.35302734375
2023-10-19,91.66000366210938,93.19000244140625,90.6500015258789,91.3499984741211,392900,83.18910217285156
2023-10-20,91.05999755859375,91.05999755859375,86.08000183105469,86.0999984741211,482400,78.40812683105469
2023-10-23,85.9000015258789,87.30000305175781,84.72000122070312,84.80000305175781,505700,77.2242660522461
2023-10-24,84.98999786376953,86.0,83.31999969482422,84.80999755859375,638500,77.23336791992188
2023-10-25,84.22000122070312,84.44999694824219,82.25,83.66000366210938,836800,76.18610382080078
2023-10-26,84.86000061035156,93.5,84.86000061035156,92.08999633789062,1265200,83.86299133300781
2023-10-27,92.6500015258789,92.6500015258789,87.19999694824219,89.66999816894531,841400,81.6591796875
2023-10-30,90.68000030517578,91.47000122070312,89.1500015258789,91.36000061035156,516800,83.19821166992188
2023-10-31,91.68000030517578,92.54000091552734,90.3499984741211,90.98999786376953,633400,82.86127471923828
2023-11-01,90.70999908447266,91.0,88.86000061035156,89.83999633789062,550800,81.81401062011719
2023-11-02,90.94000244140625,95.08999633789062,90.94000244140625,94.88999938964844,602200,86.41284942626953
2023-11-03,97.12999725341797,98.7699966430664,96.41000366210938,96.5999984741211,534500,87.97007751464844
2023-11-06,96.31999969482422,96.83000183105469,95.0999984741211,95.43000030517578,279200,86.90461730957031
2023-11-07,94.91000366210938,95.05000305175781,93.83000183105469,94.55999755859375,453000,86.11234283447266
2023-11-08,94.7699966430664,95.1500015258789,93.22000122070312,94.83000183105469,454500,86.35823059082031
2023-11-09,94.75,94.75,92.20999908447266,92.4800033569336,360700,84.21815490722656
2023-11-10,93.22000122070312,93.37999725341797,91.23999786376953,92.98999786376953,225700,84.68258666992188
2023-11-13,92.62999725341797,93.8499984741211,91.61000061035156,93.80000305175781,306200,85.42022705078125
2023-11-14,96.79000091552734,99.9000015258789,96.79000091552734,97.5199966430664,554800,88.80789184570312
2023-11-15,97.31999969482422,100.18000030517578,97.31999969482422,98.8499984741211,481000,90.01908874511719
2023-11-16,98.77999877929688,98.97000122070312,97.01000213623047,98.30999755859375,286800,89.5273208618164
2023-11-17,98.87000274658203,99.86000061035156,98.02999877929688,99.20999908447266,328100,90.346923828125
2023-11-20,98.88999938964844,99.75,98.01000213623047,99.37000274658203,454700,90.49262237548828
2023-11-21,98.94999694824219,98.94999694824219,96.94999694824219,97.6500015258789,322000,88.92628479003906
2023-11-22,98.08999633789062,99.0,97.26000213623047,98.6500015258789,315500,89.83695983886719
2023-11-24,98.20999908447266,99.48999786376953,98.02999877929688,99.0,94800,90.15568542480469
2023-11-27,98.2699966430664,99.26000213623047,97.13999938964844,99.1500015258789,329100,90.29227447509766
2023-11-28,99.16000366210938,99.26000213623047,97.69999694824219,98.20999908447266,231200,89.43626403808594
2023-11-29,98.04000091552734,100.12999725341797,97.8499984741211,98.3499984741211,374400,90.41069030761719
2023-11-30,98.48999786376953,99.55999755859375,97.73999786376953,98.29000091552734,398800,90.35552978515625
2023-12-01,96.83999633789062,103.0,96.33000183105469,102.1500015258789,473800,93.9039306640625
2023-12-04,101.31999969482422,104.27999877929688,101.25,104.12999725341797,340800,95.72411346435547
2023-12-05,103.61000061035156,103.87000274658203,101.47000122070312,101.69999694824219,389700,93.49024963378906
2023-12-06,102.86000061035156,104.2699966430664,100.88999938964844,101.27999877929688,411500,93.10416412353516
2023-12-07,101.86000061035156,103.2699966430664,101.30999755859375,101.91999816894531,387600,93.6925048828125
2023-12-08,102.31999969482422,103.4800033569336,102.12999725341797,102.56999969482422,231700,94.2900161743164
2023-12-11,101.94999694824219,102.55999755859375,101.18000030517578,102.05000305175781,320600,93.81201171875
2023-12-12,101.62000274658203,102.33999633789062,101.0999984741211,101.4000015258789,326300,93.21448516845703
2023-12-13,101.19999694824219,106.33999633789062,100.87000274658203,106.23999786376953,485000,97.66376495361328
2023-12-14,109.91000366210938,113.3499984741211,109.48999786376953,110.44000244140625,869400,101.52471923828125
2023-12-15,109.7699966430664,110.0999984741211,107.05999755859375,107.76000213623047,973800,99.0610580444336
2023-12-18,108.61000061035156,109.1500015258789,107.13999938964844,107.16000366210938,307300,98.50951385498047
2023-12-19,107.30000305175781,109.75,106.5199966430664,109.02999877929688,423900,100.22856140136719
2023-12-20,107.0999984741211,108.7699966430664,105.37000274658203,105.41999816894531,452000,96.90997314453125
2023-12-21,106.63999938964844,107.44999694824219,105.22000122070312,106.81999969482422,417200,98.19695281982422
2023-12-22,107.43000030517578,108.44000244140625,106.80000305175781,107.58000183105469,264200,98.8956069946289
2023-12-26,107.72000122070312,108.56999969482422,107.18000030517578,107.98999786376953,212900,99.27249908447266
2023-12-27,107.98999786376953,109.18000030517578,107.19999694824219,108.73999786376953,327300,99.96196746826172
2023-12-28,108.25,109.86000061035156,108.25,109.7300033569336,342100,100.8720474243164
2023-12-29,109.77999877929688,110.08000183105469,108.47000122070312,108.48999786376953,256200,99.73213958740234
2024-01-02,107.58000183105469,110.18000030517578,107.52999877929688,108.94000244140625,315300,100.14581298828125
2024-01-03,106.91999816894531,107.47000122070312,104.63999938964844,105.08999633789062,358100,96.6065902709961
2024-01-04,104.88999938964844,106.91000366210938,104.88999938964844,105.68000030517578,283500,97.14897918701172
2024-01-05,105.1500015258789,108.3499984741211,105.1500015258789,107.55999755859375,428900,98.87721252441406
2024-01-08,106.55999755859375,108.55999755859375,106.48999786376953,108.36000061035156,308700,99.61263275146484
2024-01-09,106.9000015258789,107.0,105.5,106.06999969482422,341200,97.50749206542969
2024-01-10,105.93000030517578,106.98999786376953,105.4000015258789,106.94000244140625,365300,98.30726623535156
2024-01-11,105.94000244140625,106.95999908447266,104.41999816894531,105.5,306700,96.9834976196289
2024-01-12,106.27999877929688,107.01000213623047,103.41000366210938,104.83000183105469,222400,96.36759185791016
2024-01-16,103.19000244140625,103.6500015258789,102.37999725341797,102.69000244140625,276200,94.40035247802734
2024-01-17,101.12000274658203,103.16000366210938,100.5,101.94000244140625,335300,93.71089172363281
2024-01-18,102.5199966430664,104.04000091552734,101.88999938964844,103.87999725341797,335300,95.49427795410156
2024-01-19,103.79000091552734,106.11000061035156,103.27999877929688,106.0999984741211,280300,97.53507995605469
2024-01-22,106.94999694824219,108.33000183105469,106.66999816894531,108.19999694824219,524500,99.4655532836914
2024-01-23,108.62000274658203,109.0,106.47000122070312,107.55999755859375,488600,98.87721252441406
2024-01-24,108.41000366210938,109.87000274658203,107.55999755859375,108.7699966430664,556200,99.98951721191406
2024-01-25,110.0,112.98999786376953,107.18000030517578,109.31999969482422,997400,100.49515533447266
2024-01-26,109.30000305175781,110.0,106.62000274658203,107.3499984741211,519700,98.68417358398438
2024-01-29,108.20999908447266,108.66999816894531,106.62000274658203,108.58999633789062,545900,99.82405090332031
2024-01-30,108.51000213623047,109.62999725341797,107.66999816894531,109.19000244140625,401300,100.37562561035156
2024-01-31,106.5,108.55000305175781,105.44000244140625,106.12000274658203,958200,97.55345153808594
2024-02-01,106.41000366210938,107.30000305175781,99.66999816894531,103.5,681600,95.14495086669922
2024-02-02,101.98999786376953,104.87000274658203,101.87999725341797,104.19000244140625,572700,95.7792739868164
2024-02-05,103.26000213623047,103.7300033569336,101.98999786376953,102.61000061035156,393500,94.3268051147461
2024-02-06,102.19999694824219,103.8499984741211,100.95999908447266,101.5,429300,93.30640411376953
2024-02-07,101.91000366210938,102.91999816894531,99.66000366210938,101.20999908447266,376800,93.03980255126953
2024-02-08,100.66000366210938,101.9000015258789,100.29000091552734,101.76000213623047,235200,93.54541778564453
2024-02-09,101.75,103.76000213623047,101.31999969482422,103.18000030517578,366100,94.85077667236328
2024-02-12,103.18000030517578,107.05999755859375,102.44999694824219,106.0999984741211,452700,97.53507995605469
2024-02-13,103.4000015258789,105.1500015258789,102.55999755859375,104.87999725341797,1115000,96.4135513305664
2024-02-14,105.70999908447266,106.38999938964844,104.22000122070312,106.30999755859375,691300,97.72811889648438
2024-02-15,107.04000091552734,109.86000061035156,106.48999786376953,109.25,389800,100.4307861328125
2024-02-16,107.87999725341797,110.58000183105469,107.76000213623047,108.56999969482422,452700,99.80567932128906
2024-02-20,107.5,108.94000244140625,107.5,107.8499984741211,303200,99.143798828125
2024-02-21,107.36000061035156,107.69000244140625,106.12999725341797,107.62000274658203,282600,98.93238830566406
2024-02-22,107.45999908447266,108.45999908447266,106.77999877929688,107.5199966430664,314800,98.84044647216797
2024-02-23,107.75,108.62000274658203,106.52999877929688,107.3499984741211,321700,98.68417358398438
2024-02-26,106.91000366210938,108.54000091552734,106.51000213623047,107.4800033569336,315000,98.8036880493164
2024-02-27,108.0,109.4800033569336,107.76000213623047,109.26000213623047,307500,100.43998718261719
2024-02-28,107.94999694824219,108.55000305175781,106.56999969482422,106.66999816894531,323300,98.89173889160156
2024-02-29,108.25,109.3499984741211,107.47000122070312,108.51000213623047,416300,100.59758758544922
2024-03-01,107.80999755859375,108.18000030517578,105.26000213623047,107.55000305175781,408100,99.70758819580078
2024-03-04,110.37000274658203,112.70999908447266,109.33999633789062,109.69000244140625,986600,101.6915512084961
2024-03-05,109.30000305175781,114.44000244140625,109.30000305175781,114.02999877929688,588900,105.7150650024414
2024-03-06,110.0,112.27999877929688,108.02999877929688,110.7300033569336,810900,102.65570068359375
2024-03-07,111.94999694824219,112.95999908447266,109.43000030517578,109.62999725341797,371200,101.63591766357422
2024-03-08,110.63999938964844,110.73999786376953,108.43000030517578,108.44999694824219,353500,100.54197692871094
2024-03-11,107.94000244140625,108.62000274658203,107.19000244140625,107.2699966430664,254100,99.44801330566406
2024-03-12,107.05000305175781,108.30999755859375,106.48999786376953,107.8499984741211,250600,99.98571014404297
2024-03-13,107.62000274658203,109.08999633789062,107.3499984741211,107.75,273700,99.89301300048828
2024-03-14,106.58999633789062,107.27999877929688,104.44000244140625,105.72000122070312,535500,98.01104736328125
2024-03-15,105.26000213623047,107.08000183105469,105.12000274658203,106.0199966430664,783300,98.28913879394531
2024-03-18,106.06999969482422,106.77999877929688,105.3499984741211,105.79000091552734,308700,98.07592010498047
2024-03-19,105.38999938964844,106.83999633789062,105.12999725341797,105.73999786376953,248400,98.02957153320312
2024-03-20,105.12999725341797,108.05999755859375,105.12999725341797,107.05000305175781,329000,99.2440414428711
2024-03-21,107.44999694824219,109.22000122070312,107.44999694824219,108.20999908447266,307700,100.3194580078125
2024-03-22,108.54000091552734,108.83000183105469,106.02999877929688,106.44000244140625,272900,98.67852783203125
2024-03-25,106.37000274658203,107.41000366210938,106.37000274658203,106.81999969482422,322200,99.03081512451172
2024-03-26,107.23999786376953,107.47000122070312,106.44000244140625,106.83999633789062,225400,99.04936218261719
2024-03-27,107.26000213623047,111.33999633789062,107.19999694824219,111.31999969482422,316700,103.20268249511719
2024-03-28,111.25,112.75,110.7300033569336,112.56999969482422,288200,104.36152648925781
2024-04-01,113.0199966430664,113.4000015258789,110.36000061035156,111.97000122070312,292800,103.80528259277344
2024-04-02,111.36000061035156,111.80000305175781,109.58999633789062,110.20999908447266,285800,102.17362976074219
2024-04-03,109.94999694824219,110.66999816894531,109.36000061035156,109.76000213623047,247400,101.75642395019531
2024-04-04,112.7699966430664,112.79000091552734,110.04000091552734,110.05999755859375,286100,102.0345458984375
2024-04-05,109.51000213623047,110.94999694824219,109.51000213623047,110.41000366210938,347100,102.35904693603516
2024-04-08,111.33999633789062,112.36000061035156,111.08000183105469,112.19999694824219,225200,104.01851654052734
2024-04-09,112.66000366210938,113.0,111.51000213623047,111.62000274658203,232000,103.4808120727539
2024-04-10,109.58999633789062,110.18000030517578,107.69000244140625,109.80000305175781,609500,101.79351043701172
2024-04-11,109.97000122070312,109.97000122070312,106.76000213623047,109.51000213623047,423100,101.524658203125
2024-04-12,108.01000213623047,108.79000091552734,107.61000061035156,108.01000213623047,317000,100.13404083251953
2024-04-15,108.75,109.55999755859375,107.43000030517578,108.0,350900,100.12477111816406
2024-04-16,107.77999877929688,108.11000061035156,106.62000274658203,107.55999755859375,479000,99.71685791015625
2024-04-17,108.22000122070312,109.47000122070312,107.26000213623047,107.29000091552734,320100,99.466552734375
2024-04-18,107.29000091552734,109.11000061035156,106.73999786376953,109.08999633789062,237900,101.1352767944336
2024-04-19,108.75,111.5999984741211,108.08999633789062,111.55000305175781,445200,103.4159164428711
2024-04-22,111.5999984741211,113.77999877929688,110.73999786376953,113.2699966430664,443900,105.01049041748047
2024-04-23,113.26000213623047,115.33999633789062,112.81999969482422,114.44999694824219,366900,106.10443878173828
2024-04-24,113.30000305175781,116.98999786376953,113.30000305175781,116.83999633789062,540100,108.3201675415039
2024-04-25,115.63999938964844,116.19000244140625,106.79000091552734,110.7300033569336,1047700,102.65570068359375
2024-04-26,109.9000015258789,111.41000366210938,107.0,107.08000183105469,606800,99.27186584472656
2024-04-29,107.48999786376953,108.20999908447266,105.2699966430664,105.29000091552734,494300,97.61239624023438
2024-04-30,105.0999984741211,105.4800033569336,104.1500015258789,104.33999633789062,504100,96.73164367675781
2024-05-01,105.01000213623047,107.16999816894531,104.33000183105469,105.29000091552734,461600,97.61239624023438
2024-05-02,106.48999786376953,106.83999633789062,105.31999969482422,106.44999694824219,229400,98.68780517578125
2024-05-03,107.88999938964844,107.94000244140625,104.77999877929688,105.93000030517578,735200,98.20572662353516
2024-05-06,106.87999725341797,106.87999725341797,105.3499984741211,105.4800033569336,527900,97.78854370117188
2024-05-07,105.5,107.36000061035156,105.5,106.08000183105469,453500,98.34477996826172
2024-05-08,105.44999694824219,107.20999908447266,105.44999694824219,106.94999694824219,218900,99.15133666992188
2024-05-09,106.83999633789062,107.80999755859375,106.76000213623047,107.19000244140625,161400,99.37384033203125
2024-05-10,107.7300033569336,108.0,106.43000030517578,107.87999725341797,146500,100.01351928710938
2024-05-13,108.56999969482422,108.86000061035156,107.43000030517578,107.51000213623047,150200,99.67050170898438
2024-05-14,108.45999908447266,108.45999908447266,107.30000305175781,107.86000061035156,281100,99.99497985839844
2024-05-15,108.83999633789062,108.87999725341797,106.6500015258789,107.37999725341797,269600,99.54996490478516
2024-05-16,107.12999725341797,107.22000122070312,105.51000213623047,105.62000274658203,438500,97.91832733154297
2024-05-17,106.0999984741211,106.5199966430664,105.43000030517578,105.58000183105469,336100,97.8812484741211
2024-05-20,105.4800033569336,105.72000122070312,104.51000213623047,104.81999969482422,407400,97.1766586303711
2024-05-21,104.6500015258789,106.02999877929688,104.6500015258789,105.5,276000,97.80706024169922
2024-05-22,105.1500015258789,105.38999938964844,102.98999786376953,103.5199966430664,448700,95.97144317626953
2024-05-23,103.75,104.0,101.79000091552734,101.83000183105469,310100,94.4046859741211
2024-05-24,102.1500015258789,102.33999633789062,101.22000122070312,102.30999755859375,346300,94.84966278076172
2024-05-28,102.30999755859375,102.98999786376953,101.0999984741211,101.27999877929688,297200,93.89478302001953
2024-05-29,100.0,100.2699966430664,98.37000274658203,99.7699966430664,399300,92.4948959350586
2024-05-30,100.69999694824219,101.75,100.0,101.55000305175781,255700,94.14509582519531
2024-05-31,101.2699966430664,101.93000030517578,100.52999877929688,101.58000183105469,402000,95.03388214111328
2024-06-03,102.76000213623047,102.76000213623047,100.05000305175781,100.08000183105469,322600,93.63054656982422
2024-06-04,99.0999984741211,100.08000183105469,98.91000366210938,98.98999786376953,357300,92.61077880859375
2024-06-05,99.52999877929688,99.77999877929688,98.6500015258789,99.22000122070312,390000,92.82596588134766
2024-06-06,99.30000305175781,99.97000122070312,98.97000122070312,99.52999877929688,274600,93.11598205566406
2024-06-07,99.0,100.91000366210938,98.93000030517578,100.69999694824219,384300,94.21057891845703
2024-06-10,99.25,99.25,97.2699966430664,97.52999877929688,518400,91.24486541748047
2024-06-11,97.01000213623047,98.41999816894531,96.26000213623047,97.93000030517578,595900,91.61909484863281
2024-06-12,99.75,100.77999877929688,97.43000030517578,98.05000305175781,420700,91.73136901855469
2024-06-13,97.4800033569336,97.5999984741211,95.77999877929688,95.80999755859375,372500,89.63570404052734
2024-06-14,94.77999877929688,95.5,94.08999633789062,95.02999877929688,349200,88.90596771240234
2024-06-17,94.91999816894531,97.4000015258789,94.55000305175781,97.20999908447266,299000,90.94549560546875
2024-06-18,97.0,98.86000061035156,96.8499984741211,98.02999877929688,422400,91.71265411376953
2024-06-20,97.66999816894531,98.87000274658203,97.66999816894531,98.38999938964844,315900,92.0494384765625
2024-06-21,98.4800033569336,98.80999755859375,97.08999633789062,98.37000274658203,773300,92.03074645996094
2024-06-24,98.8499984741211,100.55000305175781,98.30999755859375,99.37999725341797,532300,92.97564697265625
2024-06-25,98.68000030517578,100.06999969482422,98.2300033569336,98.25,431800,91.91847229003906
2024-06-26,97.69999694824219,99.05000305175781,97.31999969482422,99.05000305175781,304500,92.66690826416016
2024-06-27,98.19000244140625,99.61000061035156,98.12999725341797,99.37000274658203,220000,92.96629333496094
2024-06-28,100.36000061035156,102.19999694824219,100.23999786376953,101.62999725341797,549600,95.0806655883789
2024-07-01,101.48999786376953,102.31999969482422,100.36000061035156,100.73999786376953,404400,94.24800872802734
2024-07-02,99.80999755859375,101.2699966430664,99.16000366210938,101.0199966430664,492400,94.50995635986328
2024-07-03,101.37000274658203,101.37000274658203,98.44999694824219,98.48999786376953,323500,92.14300537109375
2024-07-05,98.45999908447266,98.66999816894531,97.18000030517578,97.73999786376953,884300,91.44133758544922
2024-07-08,98.55999755859375,98.97000122070312,96.94000244140625,97.66000366210938,512300,91.36650085449219
2024-07-09,97.38999938964844,99.44999694824219,97.01000213623047,98.87000274658203,340500,92.49851989746094
2024-07-10,98.66999816894531,100.22000122070312,98.61000061035156,100.02999877929688,402000,93.5837631225586
2024-07-11,101.33999633789062,102.37000274658203,100.37999725341797,102.05999755859375,643100,95.48294830322266
2024-07-12,103.01000213623047,103.7699966430664,101.8499984741211,103.55000305175781,551000,96.8769302368164
2024-07-15,104.86000061035156,107.80000305175781,104.37000274658203,107.51000213623047,1135400,100.58172607421875
2024-07-16,108.0,111.83999633789062,108.0,111.54000091552734,653600,104.35201263427734
2024-07-17,110.58999633789062,114.55000305175781,110.29000091552734,113.72000122070312,1018600,106.39154052734375
2024-07-18,112.7699966430664,115.69000244140625,111.69999694824219,112.55000305175781,1335300,105.29693603515625
2024-07-19,112.02999877929688,113.81999969482422,111.62000274658203,113.68000030517578,678200,106.3541030883789
2024-07-22,113.58000183105469,114.76000213623047,111.79000091552734,114.54000091552734,477200,107.15869903564453
2024-07-23,113.86000061035156,116.38999938964844,113.4000015258789,115.37000274658203,446700,107.93521881103516
2024-07-24,115.16999816894531,116.5199966430664,113.79000091552734,113.8499984741211,687700,106.5131607055664
2024-07-25,115.48999786376953,123.16999816894531,115.48999786376953,117.70999908447266,1644800,110.12442016601562
2024-07-26,120.37000274658203,121.94999694824219,118.86000061035156,119.73999786376953,596300,112.0235824584961
2024-07-29,120.12000274658203,120.19000244140625,117.66999816894531,117.9800033569336,436200,110.37700653076172
2024-07-30,118.4000015258789,119.7300033569336,117.41000366210938,119.69000244140625,344400,111.97681427001953
2024-07-31,119.11000061035156,120.44999694824219,116.97000122070312,117.05999755859375,744900,109.51630401611328
2024-08-01,117.02999877929688,117.43000030517578,112.0,112.63999938964844,703900,105.38113403320312
2024-08-02,110.55000305175781,110.69999694824219,107.20999908447266,108.91000366210938,739900,101.89151000976562
2024-08-05,104.72000122070312,107.31999969482422,102.62000274658203,105.5,733800,98.70124816894531
2024-08-06,105.5,106.5999984741211,104.58999633789062,105.12999725341797,704400,98.35509490966797
2024-08-07,106.58000183105469,108.11000061035156,104.69999694824219,104.79000091552734,577100,98.0370101928711
2024-08-08,105.83000183105469,106.44000244140625,104.58999633789062,106.19000244140625,459200,99.34679412841797
2024-08-09,106.0199966430664,106.06999969482422,104.69999694824219,105.66000366210938,324800,98.85095977783203
2024-08-12,106.62999725341797,108.43000030517578,105.20999908447266,105.4000015258789,441000,98.60769653320312
2024-08-13,106.38999938964844,106.97000122070312,104.68000030517578,106.4000015258789,243300,99.54325866699219
2024-08-14,107.19000244140625,107.19000244140625,105.27999877929688,106.16999816894531,299300,99.32807922363281
2024-08-15,108.08999633789062,109.9000015258789,107.94999694824219,108.37000274658203,279100,101.38631439208984
2024-08-16,108.33000183105469,110.36000061035156,108.16000366210938,109.97000122070312,402500,102.88319396972656
2024-08-19,109.70999908447266,110.79000091552734,109.33999633789062,110.7300033569336,314500,103.5942153930664
2024-08-20,110.0,110.0,107.48999786376953,107.9800033569336,332500,101.02144622802734
2024-08-21,108.94999694824219,109.06999969482422,107.31999969482422,108.54000091552734,326800,101.54534149169922
2024-08-22,108.87999725341797,109.7699966430664,108.37000274658203,109.08999633789062,245700,102.0599136352539
2024-08-23,109.94999694824219,114.58999633789062,109.94999694824219,111.79000091552734,470600,104.58590698242188
2024-08-26,112.56999969482422,112.91000366210938,111.16000366210938,111.26000213623047,337700,104.09008026123047
2024-08-27,110.56999969482422,110.9800033569336,109.33999633789062,110.72000122070312,240500,103.58486938476562
2024-08-28,110.73999786376953,112.8499984741211,110.58999633789062,112.5,328200,105.25015258789062
2024-08-29,113.38999938964844,113.69999694824219,111.55000305175781,112.41999816894531,240300,105.17530822753906
2024-08-30,112.0,112.41999816894531,111.0,112.2300033569336,261500,105.89239501953125
2024-09-03,111.33999633789062,112.87999725341797,111.25,112.48999786376953,367400,106.1377182006836
2024-09-04,111.76000213623047,113.47000122070312,111.36000061035156,111.70999908447266,426200,105.40176391601562
2024-09-05,112.5199966430664,112.5199966430664,109.2699966430664,109.54000091552734,371800,103.35431671142578
2024-09-06,109.9800033569336,110.5199966430664,106.22000122070312,106.72000122070312,322200,100.69353485107422
2024-09-09,106.7699966430664,108.75,106.58000183105469,108.58999633789062,375800,102.45794677734375
2024-09-10,108.6500015258789,108.6500015258789,105.58999633789062,106.73999786376953,304500,100.71241760253906
2024-09-11,105.68000030517578,106.3499984741211,103.61000061035156,105.75,273100,99.7783203125
2024-09-12,105.93000030517578,106.58999633789062,104.79000091552734,105.87000274658203,201400,99.89154052734375
2024-09-13,106.4000015258789,109.54000091552734,106.4000015258789,109.41000366210938,581400,103.23164367675781
2024-09-16,109.98999786376953,110.83000183105469,108.55000305175781,110.41999816894531,316000,104.18460845947266
2024-09-17,110.79000091552734,113.27999877929688,110.52999877929688,110.68000030517578,351100,104.42992401123047
2024-09-18,110.44999694824219,114.54000091552734,110.1500015258789,111.79000091552734,754400,105.47724151611328
2024-09-19,113.69999694824219,116.0999984741211,112.98999786376953,115.55999755859375,850400,109.03435516357422
2024-09-20,114.81999969482422,115.94999694824219,113.48999786376953,114.23999786376953,1344200,107.78888702392578
2024-09-23,113.81999969482422,114.58999633789062,112.1500015258789,112.54000091552734,453100,106.18489074707031
2024-09-24,112.6500015258789,113.80000305175781,111.29000091552734,112.5,406900,106.14714813232422
2024-09-25,112.62000274658203,112.70999908447266,110.5,111.0199966430664,382100,104.75071716308594
2024-09-26,112.36000061035156,112.36000061035156,110.95999908447266,111.7300033569336,436400,105.4206314086914
2024-09-27,112.7300033569336,113.19999694824219,110.93000030517578,111.19000244140625,270800,104.91112518310547
2024-09-30,111.25,112.61000061035156,110.62999725341797,111.86000061035156,291700,105.54328155517578
2024-10-01,110.9000015258789,110.9000015258789,107.72000122070312,107.9800033569336,335700,101.88239288330078
2024-10-02,107.79000091552734,109.45999908447266,107.79000091552734,108.4000015258789,306900,102.27867126464844
2024-10-03,107.37000274658203,109.1500015258789,106.58999633789062,108.94999694824219,279900,102.79761505126953
2024-10-04,111.19999694824219,113.45999908447266,111.08000183105469,113.31999969482422,489400,106.92084503173828
2024-10-07,112.05000305175781,113.88999938964844,112.05000305175781,113.37999725341797,406400,106.9774398803711
2024-10-08,113.88999938964844,114.8499984741211,113.2300033569336,113.45999908447266,445400,107.05294036865234
2024-10-09,113.05000305175781,117.4000015258789,113.05000305175781,116.55000305175781,441500,109.96846008300781
2024-10-10,116.05000305175781,117.6500015258789,114.31999969482422,115.81999969482422,525100,109.2796630859375
2024-10-11,116.9000015258789,120.58999633789062,116.47000122070312,118.80000305175781,378600,112.09140014648438
2024-10-14,119.26000213623047,120.26000213623047,118.51000213623047,120.0,224800,113.22362518310547
2024-10-15,121.0,124.30999755859375,119.69999694824219,121.0999984741211,472600,114.26150512695312
2024-10-16,122.36000061035156,124.91000366210938,122.23999786376953,123.25,359500,116.29010772705078
2024-10-17,123.01000213623047,124.25,122.44000244140625,124.06999969482422,375300,117.06379699707031
2024-10-18,123.7300033569336,124.0199966430664,122.45999908447266,123.5999984741211,465400,116.62033081054688
2024-10-21,123.69000244140625,123.69000244140625,120.12000274658203,120.45999908447266,528200,113.65764617919922
2024-10-22,120.51000213623047,123.37000274658203,120.1500015258789,123.05999755859375,446900,116.11083221435547
2024-10-23,123.05999755859375,125.9800033569336,123.05999755859375,125.41999816894531,845300,118.33756256103516
2024-10-24,125.70999908447266,127.66999816894531,124.01000213623047,127.48999786376953,556200,120.29066467285156
2024-10-25,128.25999450683594,128.89999389648438,126.27999877929688,127.41999816894531,593900,120.22461700439453
2024-10-28,128.8699951171875,133.02999877929688,128.25999450683594,132.35000610351562,648700,124.87623596191406
2024-10-29,132.5399932861328,132.6699981689453,129.69000244140625,129.7899932861328,534200,122.46077728271484
2024-10-30,129.13999938964844,132.60000610351562,129.13999938964844,130.47000122070312,839800,123.1023941040039
2024-10-31,133.9199981689453,135.0,124.62999725341797,127.3499984741211,1147600,120.1585693359375
2024-11-01,129.9499969482422,129.9499969482422,125.55000305175781,125.9800033569336,637600,118.86592864990234
2024-11-04,125.69999694824219,126.08999633789062,123.19999694824219,124.91000366210938,553700,117.85635375976562
2024-11-05,125.26000213623047,127.79000091552734,124.54000091552734,127.58000183105469,454200,120.37559509277344
2024-11-06,137.17999267578125,144.19000244140625,136.58999633789062,143.66000366210938,1234900,135.54754638671875
2024-11-07,142.02999877929688,142.19000244140625,137.64999389648438,138.0500030517578,859500,130.2543487548828
2024-11-08,139.00999450683594,140.25,136.91000366210938,139.1699981689453,432000,131.3111114501953
2024-11-11,141.8300018310547,144.88999938964844,141.1999969482422,143.02000427246094,445500,134.94369506835938
2024-11-12,142.11000061035156,143.55999755859375,140.0399932861328,140.97999572753906,598600,133.0188751220703
2024-11-13,141.4199981689453,142.52999877929688,138.35000610351562,138.67999267578125,502600,130.84873962402344
2024-11-14,139.5800018310547,140.8800048828125,137.72000122070312,139.47999572753906,463600,131.6035919189453
2024-11-15,140.0500030517578,140.6999969482422,137.7100067138672,139.27000427246094,272000,131.40545654296875
2024-11-18,138.9600067138672,139.97999572753906,138.41000366210938,138.47999572753906,460600,130.66004943847656
2024-11-19,136.17999267578125,138.75999450683594,136.17999267578125,137.8300018310547,264100,130.04678344726562
2024-11-20,137.3699951171875,138.19000244140625,136.3300018310547,137.7899932861328,346500,130.00901794433594
2024-11-21,138.8000030517578,141.16000366210938,138.44000244140625,139.52999877929688,271300,131.65077209472656
2024-11-22,139.72000122070312,142.6300048828125,139.49000549316406,142.32000732421875,434300,134.28321838378906
2024-11-25,143.75,147.63999938964844,143.61000061035156,143.9199981689453,556800,135.79287719726562
2024-11-26,142.9199981689453,144.14999389648438,142.0800018310547,142.91000366210938,319600,134.83990478515625
2024-11-27,143.8000030517578,144.80999755859375,142.19000244140625,142.3800048828125,226200,134.33984375
2024-11-29,142.8300018310547,142.8300018310547,139.92999267578125,140.6199951171875,179000,133.57044982910156
2024-12-02,141.6199951171875,141.6199951171875,139.00999450683594,140.10000610351562,291700,133.07650756835938
2024-12-03,140.11000061035156,140.17999267578125,138.47999572753906,139.38999938964844,212500,132.40211486816406
2024-12-04,138.99000549316406,140.35000610351562,138.02999877929688,140.25,218700,133.21897888183594
2024-12-05,140.91000366210938,141.9199981689453,137.97999572753906,138.22000122070312,267400,131.29074096679688
2024-12-06,139.38999938964844,139.52000427246094,137.5500030517578,138.25999450683594,242400,131.32875061035156
2024-12-09,138.17999267578125,139.58999633789062,137.0800018310547,137.1300048828125,274300,130.2554168701172
2024-12-10,137.36000061035156,139.0,136.1199951171875,137.41000366210938,218900,130.52137756347656
2024-12-11,138.27000427246094,139.8800048828125,137.41000366210938,138.35000610351562,247900,131.41424560546875
2024-12-12,138.0500030517578,139.39999389648438,137.47999572753906,137.55999755859375,329600,130.66383361816406
2024-12-13,137.57000732421875,138.11000061035156,136.1999969482422,137.8000030517578,280200,130.89183044433594
2024-12-16,137.9600067138672,140.3800048828125,137.5500030517578,139.57000732421875,344100,132.5730743408203
2024-12-17,138.69000244140625,140.0,136.0500030517578,136.6199951171875,476100,129.77096557617188
2024-12-18,137.94000244140625,138.83999633789062,130.3000030517578,130.7899932861328,481100,124.23324584960938
2024-12-19,133.07000732421875,134.57000732421875,130.82000732421875,131.27999877929688,485100,124.69866943359375
2024-12-20,130.36000061035156,134.8699951171875,130.36000061035156,132.8699951171875,977200,126.2089614868164
2024-12-23,132.05999755859375,134.47000122070312,131.9499969482422,134.3000030517578,292200,127.5672836303711
2024-12-24,134.8300018310547,136.4499969482422,134.14999389648438,135.9600067138672,129300,129.14404296875
2024-12-26,135.30999755859375,136.82000732421875,134.38999938964844,136.61000061035156,195400,129.761474609375
2024-12-27,135.60000610351562,136.9199981689453,133.60000610351562,135.24000549316406,188500,128.4601593017578
2024-12-30,134.69000244140625,135.58999633789062,133.0500030517578,134.67999267578125,194500,127.92821502685547
2024-12-31,135.2100067138672,135.91000366210938,133.9600067138672,134.25,247600,127.519775390625
2025-01-02,134.97000122070312,135.72999572753906,132.52000427246094,132.75999450683594,247800,126.1044692993164
2025-01-03,132.9600067138672,134.5800018310547,131.50999450683594,134.39999389648438,209500,127.6622543334961
2025-01-06,134.9499969482422,137.7899932861328,134.61000061035156,135.1199951171875,302800,128.3461456298828
2025-01-07,136.0800018310547,136.55999755859375,133.5399932861328,134.5800018310547,381100,127.83323669433594
2025-01-08,133.97999572753906,136.52000427246094,133.11000061035156,135.67999267578125,317800,128.8780975341797
2025-01-10,133.49000549316406,133.88999938964844,130.63999938964844,132.61000061035156,561200,125.96199035644531
2025-01-13,131.99000549316406,134.89999389648438,131.99000549316406,134.41000366210938,455700,127.67176055908203
2025-01-14,135.8000030517578,139.10000610351562,135.77000427246094,138.91000366210938,352500,131.9461669921875
2025-01-15,142.38999938964844,143.75999450683594,139.4199981689453,140.57000732421875,471800,133.52296447753906
2025-01-16,139.75999450683594,141.2899932861328,139.25,140.36000061035156,547800,133.323486328125
2025-01-17,141.02999877929688,143.42999267578125,140.9199981689453,143.19000244140625,351300,136.0115966796875
2025-01-21,144.10000610351562,145.52999877929688,142.47000122070312,142.60000610351562,482100,135.45118713378906
2025-01-22,142.0399932861328,142.64999389648438,139.99000549316406,140.19000244140625,437300,133.16200256347656
2025-01-23,140.4600067138672,140.9499969482422,139.47000122070312,140.22000122070312,468800,133.19049072265625
2025-01-24,139.42999267578125,141.89999389648438,138.47999572753906,139.3300018310547,972000,132.34512329101562
2025-01-27,140.4199981689453,141.69000244140625,139.74000549316406,141.1199951171875,564900,134.0453643798828
2025-01-28,140.55999755859375,141.94000244140625,139.32000732421875,140.24000549316406,389000,133.20950317382812
2025-01-29,139.08999633789062,141.7100067138672,138.0500030517578,138.8000030517578,530000,131.8416748046875
2025-01-30,139.13999938964844,146.44000244140625,138.86000061035156,140.52999877929688,953600,133.4849395751953
2025-01-31,140.32000732421875,141.6199951171875,138.89999389648438,139.39999389648438,619600,132.4115753173828
2025-02-03,136.19000244140625,138.00999450683594,134.82000732421875,135.8699951171875,358600,129.0585479736328
2025-02-04,136.08999633789062,138.77000427246094,135.85000610351562,138.6199951171875,358100,131.6707000732422
2025-02-05,139.02000427246094,140.58999633789062,138.63999938964844,140.2899932861328,388200,133.2569580078125
2025-02-06,141.0,141.35000610351562,139.49000549316406,141.0800018310547,226200,134.0073699951172
2025-02-07,141.16000366210938,141.67999267578125,138.72000122070312,140.60000610351562,500600,133.5514373779297
2025-02-10,140.72999572753906,140.97000122070312,137.97000122070312,138.5399932861328,351600,131.59471130371094
2025-02-11,138.1199951171875,142.41000366210938,138.0399932861328,142.2100067138672,394600,135.08074951171875
2025-02-12,140.47999572753906,143.2100067138672,139.85000610351562,141.44000244140625,553200,134.34933471679688
2025-02-13,142.0,143.86000061035156,140.97999572753906,143.77999877929688,451000,136.572021484375
2025-02-14,144.1999969482422,145.1699981689453,142.77999877929688,143.75,564400,136.54351806640625
2025-02-18,144.30999755859375,145.33999633789062,143.49000549316406,144.80999755859375,462200,137.55038452148438
2025-02-19,143.89999389648438,145.52999877929688,143.30999755859375,145.0500030517578,457700,137.7783660888672
2025-02-20,144.91000366210938,145.10000610351562,140.80999755859375,142.3699951171875,305800,135.2327117919922
2025-02-21,143.3300018310547,143.3300018310547,139.83999633789062,140.35000610351562,459700,133.31399536132812
2025-02-24,141.0800018310547,141.0800018310547,138.7100067138672,138.77000427246094,317000,131.8131866455078
2025-02-25,139.64999389648438,140.30999755859375,136.3300018310547,136.66000366210938,484900,129.8089599609375
2025-02-26,136.42999267578125,138.32000732421875,134.25999450683594,135.72000122070312,466600,128.9160919189453
2025-02-27,136.3300018310547,138.0,135.60000610351562,136.44000244140625,356600,129.59999084472656
2025-02-28,136.19000244140625,138.0,135.58999633789062,137.02999877929688,323200,131.0730438232422
2025-03-03,137.38999938964844,139.36000061035156,134.2899932861328,134.9199981689453,373400,129.0547637939453
2025-03-04,133.39999389648438,134.16000366210938,128.47000122070312,130.94000244140625,348600,125.24779510498047
2025-03-05,130.88999938964844,131.7100067138672,127.0999984741211,129.27999877929688,394100,123.65994262695312
2025-03-06,128.11000061035156,128.52999877929688,126.06999969482422,127.86000061035156,326200,122.30167388916016
2025-03-07,127.2699966430664,130.14999389648438,126.55999755859375,129.1300048828125,410700,123.51647186279297
2025-03-10,127.04000091552734,129.3800048828125,125.75,126.69999694824219,638200,121.19210052490234
2025-03-11,126.58000183105469,126.9000015258789,121.75,121.83999633789062,551400,116.54337310791016
2025-03-12,122.68000030517578,125.22000122070312,122.05999755859375,123.36000061035156,471700,117.9972915649414
2025-03-13,123.97000122070312,124.0199966430664,119.61000061035156,119.87000274658203,483800,114.65902709960938
2025-03-14,121.05000305175781,122.88999938964844,119.88999938964844,122.62000274658203,687300,117.28947448730469
2025-03-17,123.05000305175781,124.88999938964844,122.41000366210938,124.48999786376953,781700,119.07817840576172
2025-03-18,123.83999633789062,124.56999969482422,121.62000274658203,122.62999725341797,366800,117.29902648925781
2025-03-19,123.30000305175781,125.30000305175781,121.63999938964844,124.0199966430664,298700,118.62860107421875
2025-03-20,122.45999908447266,126.20999908447266,122.45999908447266,122.63999938964844,381500,117.30859375
2025-03-21,122.16999816894531,123.27999877929688,120.68000030517578,122.5999984741211,1829300,117.27033996582031
2025-03-24,124.56999969482422,126.27999877929688,123.9800033569336,125.9800033569336,654700,120.50341033935547
2025-03-25,126.08999633789062,127.61000061035156,124.6500015258789,125.33999633789062,441800,119.89122772216797
2025-03-26,125.91000366210938,127.1500015258789,124.70999908447266,125.11000061035156,330500,119.67122650146484
2025-03-27,125.63999938964844,125.8499984741211,123.4800033569336,123.7300033569336,231700,118.3512191772461
2025-03-28,123.0,125.05000305175781,122.80000305175781,124.41999816894531,478300,119.01122283935547
2025-03-31,123.37000274658203,126.06999969482422,122.80000305175781,125.19999694824219,380800,119.75730895996094
2025-04-01,124.01000213623047,125.38999938964844,121.9800033569336,123.69999694824219,582700,118.32251739501953
2025-04-02,121.62999725341797,124.76000213623047,121.33000183105469,124.76000213623047,442000,119.3364486694336
2025-04-03,118.04000091552734,118.83000183105469,111.4000015258789,111.70999908447266,656300,106.853759765625
2025-04-04,106.45999908447266,108.4800033569336,104.5199966430664,106.91999816894531,1226000,102.27198791503906
2025-04-07,102.97000122070312,110.55000305175781,100.30999755859375,106.1500015258789,873900,101.53545379638672
2025-04-08,110.58000183105469,111.0999984741211,104.16999816894531,105.80000305175781,790100,101.20066833496094
2025-04-09,103.77999877929688,115.5,101.76000213623047,114.51000213623047,942200,109.53202819824219
2025-04-10,112.88999938964844,112.88999938964844,103.69999694824219,106.87000274658203,591500,102.22415924072266
2025-04-11,105.80000305175781,109.58999633789062,104.37999725341797,107.7300033569336,466000,103.04676818847656
2025-04-14,110.0,110.87000274658203,107.76000213623047,109.91999816894531,548400,105.14155578613281
2025-04-15,110.48999786376953,113.5,110.48999786376953,111.79000091552734,657500,106.9302749633789
2025-04-16,111.0199966430664,112.7699966430664,109.94999694824219,111.19000244140625,342400,106.35635375976562
2025-04-17,111.26000213623047,113.06999969482422,111.12000274658203,111.5999984741211,426100,106.74852752685547
2025-04-21,110.33999633789062,111.27999877929688,109.43000030517578,110.6500015258789,349700,105.83983612060547
2025-04-22,111.43000030517578,114.08000183105469,111.20999908447266,113.37999725341797,316200,108.45114135742188
2025-04-23,115.94000244140625,119.83000183105469,114.0199966430664,114.77999877929688,415800,109.79029846191406
2025-04-24,114.37000274658203,116.62000274658203,113.69000244140625,116.3499984741211,299900,111.29203796386719
2025-04-25,115.7300033569336,116.63999938964844,114.61000061035156,115.27999877929688,260900,110.2685546875
2025-04-28,115.8499984741211,117.1500015258789,114.8499984741211,116.7699966430664,379500,111.69377899169922
2025-04-29,116.36000061035156,118.26000213623047,115.94000244140625,117.62999725341797,403200,112.51638793945312
2025-04-30,115.08999633789062,116.63999938964844,114.29000091552734,116.47000122070312,723700,111.40682983398438
2025-05-01,117.69000244140625,121.7699966430664,116.47000122070312,120.33999633789062,838700,115.10858917236328
2025-05-02,121.56999969482422,125.5,120.80000305175781,125.2300033569336,550300,119.78601837158203
2025-05-05,124.45999908447266,125.47000122070312,123.37000274658203,123.66000366210938,485700,118.28426361083984
2025-05-06,122.08999633789062,123.8499984741211,121.2699966430664,122.38999938964844,344800,117.0694580078125
2025-05-07,123.47000122070312,124.04000091552734,121.8499984741211,122.58999633789062,252400,117.26077270507812
2025-05-08,123.7300033569336,125.94999694824219,123.12000274658203,125.0,335300,119.56600952148438
2025-05-09,124.05000305175781,125.33000183105469,123.86000061035156,124.83000183105469,223700,119.40340423583984
2025-05-12,130.39999389648438,131.82000732421875,129.44000244140625,130.02000427246094,306100,124.36778259277344
2025-05-13,130.0,130.91000366210938,129.0500030517578,130.49000549316406,332100,124.81735229492188
2025-05-14,130.17999267578125,130.58999633789062,129.07000732421875,130.2100067138672,284600,124.54953002929688
2025-05-15,130.05999755859375,130.72999572753906,129.36000061035156,130.4499969482422,205200,124.77909088134766
2025-05-16,130.0800018310547,131.50999450683594,129.1999969482422,131.13999938964844,305400,125.43907928466797
2025-05-19,130.00999450683594,131.6699981689453,129.3800048828125,131.5500030517578,335900,125.83126831054688
2025-05-20,130.72999572753906,131.8000030517578,130.1699981689453,131.5,377400,125.783447265625
2025-05-21,128.50999450683594,129.88999938964844,126.5199966430664,126.58000183105469,466000,121.07732391357422
2025-05-22,125.4800033569336,127.97000122070312,125.26000213623047,127.08999633789062,250800,121.56515502929688
2025-05-23,124.0999984741211,127.20999908447266,123.98999786376953,126.4000015258789,275700,120.90515899658203
2025-05-27,128.0399932861328,130.02999877929688,126.47000122070312,129.83999633789062,526500,124.19560241699219
2025-05-28,129.92999267578125,130.35000610351562,127.83999633789062,127.94000244140625,340600,122.3781967163086
2025-05-29,128.66000366210938,129.2100067138672,127.70999908447266,129.1300048828125,351300,123.51647186279297
2025-05-30,127.7300033569336,128.1199951171875,126.22000122070312,126.9800033569336,387900,122.40788269042969
2025-06-02,126.5,127.41000366210938,123.7699966430664,126.19000244140625,375100,121.64631652832031
2025-06-03,126.73999786376953,128.5399932861328,125.19999694824219,127.8499984741211,309800,123.24655151367188
2025-06-04,127.62999725341797,128.4199981689453,126.5,126.52999877929688,372900,121.97407531738281
2025-06-05,126.51000213623047,127.22000122070312,125.62999725341797,126.37000274658203,304100,121.81985473632812
2025-06-06,128.75,129.57000732421875,127.29000091552734,129.22000122070312,344400,124.56722259521484
2025-06-09,129.75,130.0500030517578,128.5800018310547,128.63999938964844,307200,124.00810241699219
2025-06-10,128.7100067138672,129.38999938964844,127.97000122070312,129.13999938964844,278700,124.49009704589844
2025-06-11,129.97999572753906,129.97999572753906,127.41999816894531,127.79000091552734,272500,123.18871307373047
2025-06-12,126.81999969482422,126.81999969482422,125.58999633789062,126.56999969482422,239700,122.01264190673828
2025-06-13,125.13999938964844,125.44000244140625,123.37999725341797,123.86000061035156,283400,119.40021514892578
2025-06-16,125.45999908447266,125.76000213623047,123.41000366210938,123.69999694824219,232700,119.24598693847656
2025-06-17,122.5,124.29000091552734,122.12000274658203,122.73999786376953,237300,118.32054138183594
2025-06-18,121.86000061035156,124.58999633789062,121.86000061035156,123.55999755859375,299100,119.11101531982422
2025-06-20,124.3499984741211,125.05000305175781,123.73999786376953,124.55999755859375,364900,120.07501220703125
2025-06-23,123.97000122070312,126.7300033569336,123.76000213623047,126.51000213623047,236200,121.95480346679688
2025-06-24,127.7699966430664,129.0399932861328,126.45999908447266,126.5,407600,121.9451675415039
2025-06-25,126.54000091552734,127.80000305175781,126.0199966430664,127.0999984741211,473500,122.52355194091797
2025-06-26,127.6500015258789,129.0399932861328,126.83999633789062,128.74000549316406,249100,124.10450744628906
2025-06-27,129.22000122070312,130.25999450683594,128.2100067138672,128.92999267578125,461700,124.28765106201172
2025-06-30,129.57000732421875,130.0,128.1300048828125,128.5399932861328,241700,123.91170501708984
2025-07-01,127.83000183105469,133.89999389648438,127.44999694824219,132.50999450683594,466400,127.7387466430664
2025-07-02,133.0500030517578,134.6300048828125,131.7899932861328,134.47000122070312,458600,129.62818908691406
2025-07-03,136.25,137.57000732421875,135.6199951171875,136.19000244140625,394300,131.2862548828125
2025-07-07,136.0500030517578,137.72000122070312,134.6300048828125,135.1999969482422,329000,130.3319091796875
2025-07-08,136.24000549316406,137.8300018310547,136.14999389648438,136.49000549316406,462600,131.57545471191406
2025-07-09,137.0,137.22999572753906,135.9499969482422,136.86000061035156,252400,131.93214416503906
2025-07-10,136.86000061035156,139.33999633789062,136.83999633789062,137.5399932861328,291200,132.587646484375
2025-07-11,137.0,137.6999969482422,135.9199981689453,136.39999389648438,396100,131.4886932373047
2025-07-14,136.3800048828125,137.67999267578125,136.16000366210938,137.50999450683594,247800,132.5587158203125
2025-07-15,136.49000549316406,137.25999450683594,132.69000244140625,132.94000244140625,224400,128.15328979492188
2025-07-16,133.4499969482422,136.27000427246094,132.52000427246094,135.72999572753906,628500,130.8428192138672
2025-07-17,135.97999572753906,139.42999267578125,135.83999633789062,138.52999877929688,577900,133.54200744628906
2025-07-18,138.64999389648438,139.32000732421875,136.8699951171875,138.74000549316406,328800,133.74444580078125
2025-07-21,139.14999389648438,140.27000427246094,137.27999877929688,137.4199981689453,191300,132.4719696044922
2025-07-22,137.7899932861328,138.72999572753906,136.47999572753906,137.64999389648438,294800,132.69369506835938
2025-07-23,138.19000244140625,138.82000732421875,136.32000732421875,136.82000732421875,250700,131.89356994628906
2025-07-24,136.52000427246094,136.52000427246094,134.92999267578125,135.35000610351562,265300,130.4765167236328
2025-07-25,134.97999572753906,135.13999938964844,132.75,134.92999267578125,239800,130.0716094970703
2025-07-28,135.5800018310547,135.66000366210938,134.3800048828125,135.27999877929688,329200,130.40902709960938
2025-07-29,135.89999389648438,135.89999389648438,134.57000732421875,135.05999755859375,278800,130.19692993164062
2025-07-30,135.57000732421875,135.85000610351562,132.9600067138672,134.0399932861328,484300,129.2136688232422
2025-07-31,134.02999877929688,134.02999877929688,126.77999877929688,127.41000366210938,917100,122.8223876953125
2025-08-01,125.83000183105469,125.97000122070312,122.12000274658203,124.19999694824219,973900,119.72797393798828
2025-08-04,123.69000244140625,126.19999694824219,123.12000274658203,125.52999877929688,556900,121.01007843017578
2025-08-05,126.05999755859375,126.45999908447266,124.3499984741211,125.5999984741211,658000,121.07756805419922
2025-08-06,125.75,125.91999816894531,122.91999816894531,123.66000366210938,395600,119.2074203491211
2025-08-07,124.69000244140625,125.16000366210938,121.33999633789062,122.08999633789062,493900,117.6939468383789
2025-08-08,123.0,123.44000244140625,121.4000015258789,123.27999877929688,330700,118.84109497070312
2025-08-11,123.54000091552734,123.83999633789062,121.61000061035156,122.0,362200,117.60719299316406
2025-08-12,122.98999786376953,125.06999969482422,122.93000030517578,124.8499984741211,414900,120.35456848144531
2025-08-13,125.80999755859375,126.33999633789062,124.55999755859375,125.41000366210938,737200,120.89441680908203
2025-08-14,124.44999694824219,126.4000015258789,123.27999877929688,126.38999938964844,461700,121.83911895751953
2025-08-15,126.23999786376953,127.18000030517578,124.0999984741211,124.12000274658203,687800,119.65086364746094
2025-08-18,124.19999694824219,126.22000122070312,123.69999694824219,126.19000244140625,569000,121.64631652832031
2025-08-19,125.6500015258789,127.19999694824219,124.73999786376953,125.45999908447266,453000,120.9426040649414
2025-08-20,126.0999984741211,126.86000061035156,125.02999877929688,126.51000213623047,385900,121.95480346679688
2025-08-21,126.12000274658203,127.11000061035156,125.4000015258789,126.2300033569336,339000,121.68488311767578
2025-08-22,127.01000213623047,131.00999450683594,127.01000213623047,130.97000122070312,544600,126.25420379638672
2025-08-25,130.57000732421875,130.99000549316406,129.57000732421875,130.57000732421875,471700,125.8686294555664
2025-08-26,130.60000610351562,132.35000610351562,130.5500030517578,131.9199981689453,482200,127.17000579833984
2025-08-27,131.22999572753906,132.69000244140625,131.22999572753906,131.94000244140625,785800,127.1893081665039
2025-08-28,132.8300018310547,132.8300018310547,130.57000732421875,130.83999633789062,388100,126.12887573242188
2025-08-29,130.64999389648438,131.10000610351562,128.64999389648438,129.02999877929688,422500,125.342041015625
2025-09-02,127.55999755859375,129.52999877929688,127.13999938964844,129.52999877929688,402900,125.82775115966797
2025-09-03,129.35000610351562,130.4600067138672,127.94000244140625,128.77999877929688,315200,125.09919738769531
2025-09-04,129.27000427246094,130.22999572753906,128.38999938964844,130.2100067138672,293300,126.48831939697266
2025-09-05,130.50999450683594,131.52000427246094,127.7300033569336,128.13999938964844,353500,124.47748565673828
2025-09-08,128.25,129.75,127.25,129.6699981689453,406700,125.9637451171875
2025-09-09,129.5800018310547,130.3000030517578,128.07000732421875,128.52000427246094,357800,124.84661865234375
2025-09-10,128.07000732421875,129.13999938964844,125.4000015258789,126.04000091552734,464400,122.43750762939453
2025-09-11,126.22000122070312,128.19000244140625,125.91000366210938,128.00999450683594,576200,124.3511962890625
2025-09-12,128.0,128.11000061035156,126.86000061035156,127.48999786376953,311400,123.84605407714844
2025-09-15,127.66999816894531,128.1300048828125,126.62000274658203,127.45999908447266,400000,123.8169174194336
2025-09-16,127.63999938964844,127.63999938964844,124.29000091552734,125.5999984741211,327500,122.01007843017578
2025-09-17,125.77999877929688,128.8699951171875,125.23999786376953,126.19000244140625,447600,122.58321380615234
2025-09-18,127.02999877929688,129.22000122070312,126.06999969482422,128.74000549316406,336200,125.06034088134766
2025-09-19,128.60000610351562,128.6999969482422,126.7699966430664,127.16999816894531,742000,123.53520202636719
2025-09-22,126.8499984741211,126.9800033569336,124.58000183105469,124.88999938964844,275000,121.32036590576172
2025-09-23,125.4000015258789,127.16999816894531,124.45999908447266,125.48999786376953,331200,121.9032211303711
2025-09-24,125.44999694824219,126.3499984741211,124.87000274658203,125.58999633789062,228700,122.00035858154297
2025-09-25,126.30999755859375,128.50999450683594,124.83999633789062,128.1699981689453,418900,124.5066146850586
2025-09-26,129.07000732421875,129.49000549316406,127.7300033569336,128.8800048828125,312800,125.19634246826172
2025-09-29,129.05999755859375,129.05999755859375,124.52999877929688,127.2699966430664,405600,123.6323471069336
2025-09-30,127.2699966430664,128.1999969482422,125.33000183105469,126.7699966430664,271700,123.1466293334961
2025-10-01,126.12000274658203,126.4800033569336,124.93000030517578,125.77999877929688,371800,122.1849365234375
2025-10-02,125.5,126.4800033569336,125.12000274658203,125.81999969482422,386400,122.22379302978516
2025-10-03,126.27999877929688,128.2899932861328,126.27999877929688,126.5999984741211,307700,122.98149108886719
2025-10-06,128.0,129.39999389648438,126.69999694824219,127.97000122070312,348200,124.31234741210938
2025-10-07,128.1699981689453,129.22999572753906,127.4000015258789,127.43000030517578,224200,123.78777313232422
2025-10-08,127.66999816894531,129.07000732421875,126.69000244140625,127.47000122070312,290000,123.82662963867188
2025-10-09,127.9000015258789,128.32000732421875,126.66000366210938,127.87000274658203,234300,124.21520233154297
2025-10-10,128.47000122070312,129.66000366210938,122.55000305175781,122.83000183105469,404600,119.31925964355469
2025-10-13,124.51000213623047,125.91999816894531,123.56999969482422,125.31999969482422,285400,121.73808288574219
2025-10-14,124.81999969482422,130.02999877929688,124.30999755859375,128.97999572753906,289500,125.29346466064453
2025-10-15,129.52999877929688,129.72999572753906,125.70999908447266,126.88999938964844,341300,123.26319885253906
2025-10-16,125.86000061035156,126.98999786376953,119.0,120.7300033569336,1080700,117.27928161621094
2025-10-17,122.37999725341797,123.54000091552734,120.5199966430664,122.5,578400,118.99868774414062
2025-10-20,123.5999984741211,125.76000213623047,123.06999969482422,125.0999984741211,376900,121.52437591552734
2025-10-21,123.95999908447266,125.87000274658203,123.16999816894531,124.9000015258789,453100,121.33008575439453
2025-10-22,125.5999984741211,125.94999694824219,122.70999908447266,123.08999633789062,373300,119.57181549072266
2025-10-23,123.02999877929688,124.16000366210938,122.30999755859375,123.54000091552734,437700,120.00896453857422
2025-10-24,124.55999755859375,125.66999816894531,124.22000122070312,124.86000061035156,423600,121.2912368774414
2025-10-27,125.37000274658203,126.33000183105469,124.63999938964844,125.2699966430664,490100,121.68951416015625
2025-10-28,125.98999786376953,125.98999786376953,122.87999725341797,123.23999786376953,409700,119.71754455566406
2025-10-29,122.5,124.31999969482422,121.16999816894531,121.41000366210938,568500,117.9398422241211
2025-10-30,123.52999877929688,124.87000274658203,121.02999877929688,123.44000244140625,576900,119.91181945800781
2025-10-31,123.75,123.9800033569336,121.93000030517578,123.13999938964844,496200,119.62039947509766
2025-11-03,122.55000305175781,122.63999938964844,119.37000274658203,121.91000366210938,743500,118.42555236816406
2025-11-04,121.19999694824219,123.36000061035156,120.29000091552734,123.30000305175781,636000,119.77582550048828
2025-11-05,123.5199966430664,126.04000091552734,122.4000015258789,124.08000183105469,490500,120.53352355957031
2025-11-06,123.94000244140625,124.83999633789062,122.31999969482422,123.73999786376953,451100,120.2032470703125
2025-11-07,123.45999908447266,125.75,122.48999786376953,125.7300033569336,544500,122.1363754272461
2025-11-10,126.0,127.08000183105469,124.05000305175781,124.27999877929688,415600,120.72781372070312
2025-11-11,124.54000091552734,125.55000305175781,123.83999633789062,124.94000244140625,284200,121.36894989013672
2025-11-12,126.11000061035156,127.0,123.80999755859375,124.2699966430664,509600,120.71808624267578
2025-11-13,124.18000030517578,124.79000091552734,121.9800033569336,123.12000274658203,549900,119.60096740722656
2025-11-14,122.94000244140625,123.45999908447266,121.25,122.77999877929688,429300,119.27068328857422
2025-11-17,122.75,122.75,119.1500015258789,119.9000015258789,478600,116.4729995727539
2025-11-18,119.37999725341797,121.41999816894531,119.37999725341797,120.48999786376953,404700,117.046142578125
2025-11-19,120.62000274658203,121.62999725341797,119.7300033569336,121.2699966430664,396700,117.80384063720703
2025-11-20,121.80999755859375,122.80000305175781,119.66999816894531,119.8499984741211,762200,116.42443084716797
2025-11-21,120.5199966430664,123.81999969482422,120.30999755859375,123.63999938964844,620000,120.10610961914062
2025-11-24,123.2300033569336,123.9000015258789,122.04000091552734,123.38999938964844,423600,119.86324310302734
2025-11-25,123.93000030517578,126.44000244140625,123.8499984741211,125.2699966430664,414700,121.68951416015625
2025-11-26,124.6500015258789,125.98999786376953,124.56999969482422,124.63999938964844,378300,121.07752227783203
2025-11-28,123.87999725341797,124.30999755859375,123.31999969482422,123.72000122070312,207600,121.1558609008789
2025-12-01,123.52999877929688,126.4000015258789,123.52999877929688,124.68000030517578,491700,122.09596252441406
2025-12-02,124.76000213623047,125.1500015258789,122.9800033569336,123.06999969482422,476800,120.51933288574219
2025-12-03,123.44000244140625,127.05999755859375,123.2300033569336,126.94999694824219,440400,124.31890869140625
2025-12-04,125.79000091552734,128.5800018310547,125.79000091552734,127.16000366210938,396300,124.52456665039062
2025-12-05,126.48999786376953,127.2699966430664,125.70999908447266,126.33999633789062,404300,123.7215576171875
2025-12-08,126.16999816894531,127.08000183105469,125.01000213623047,125.76000213623047,315800,123.15357971191406
2025-12-09,125.69999694824219,127.6500015258789,125.66999816894531,126.63999938964844,466000,124.01533508300781
2025-12-10,126.8499984741211,131.0800018310547,126.8499984741211,129.9499969482422,532400,127.2567367553711
2025-12-11,130.3300018310547,131.5399932861328,129.5800018310547,130.2100067138672,443900,127.5113525390625
2025-12-12,130.91000366210938,130.91000366210938,128.3699951171875,129.2100067138672,560100,126.53208923339844
2025-12-15,130.0,130.86000061035156,127.94999694824219,129.4199981689453,507300,126.73772430419922
2025-12-16,129.49000549316406,130.08999633789062,127.1500015258789,128.64999389648438,505700,125.98367309570312
2025-12-17,128.58999633789062,130.1300048828125,127.69000244140625,128.3699951171875,479500,125.70947265625
2025-12-18,129.16000366210938,129.7899932861328,127.47000122070312,128.74000549316406,614800,126.07183074951172
2025-12-19,128.36000061035156,129.30999755859375,127.73999786376953,129.02000427246094,987300,126.34602355957031
2025-12-22,129.05999755859375,130.5500030517578,129.05999755859375,129.4199981689453,255000,126.73772430419922
2025-12-23,129.5500030517578,130.25,128.61000061035156,129.30999755859375,495000,126.62999725341797
2025-12-24,129.8000030517578,129.8699951171875,127.5199966430664,128.99000549316406,127700,126.316650390625
2025-12-26,129.0800018310547,129.0800018310547,127.69000244140625,128.60000610351562,234800,125.93473052978516
2025-12-29,128.9600067138672,129.1699981689453,127.58000183105469,128.75999450683594,431800,126.09140014648438
2025-12-30,128.72999572753906,128.72999572753906,127.51000213623047,128.27000427246094,283800,125.61155700683594
2025-12-31,128.72000122070312,128.72000122070312,126.54000091552734,126.62999725341797,300900,124.00553894042969
2026-01-02,126.4800033569336,128.63999938964844,125.02999877929688,128.1699981689453,312700,125.51363372802734
2026-01-05,129.11000061035156,134.47999572753906,129.11000061035156,133.69000244140625,630700,130.91921997070312
2026-01-06,134.02000427246094,135.36000061035156,132.61000061035156,135.0399932861328,423200,132.24122619628906
2026-01-07,134.02000427246094,135.0800018310547,132.85000610351562,134.61000061035156,653600,131.8201446533203
2026-01-08,134.35000610351562,137.97000122070312,134.35000610351562,137.05999755859375,385600,134.21937561035156
2026-01-09,137.4499969482422,138.14999389648438,135.72000122070312,135.77999877929688,513600,132.96591186523438
2026-01-12,134.3800048828125,135.89999389648438,132.92999267578125,134.97000122070312,457900,132.17269897460938
2026-01-13,135.55999755859375,135.7100067138672,134.25,134.94000244140625,435500,132.14332580566406
2026-01-14,134.4499969482422,137.6699981689453,134.3000030517578,137.11000061035156,544100,134.26834106445312
2026-01-15,137.3000030517578,139.4499969482422,136.91000366210938,139.1300048828125,520300,136.24649047851562
2026-01-16,139.0500030517578,139.97999572753906,137.9199981689453,138.64999389648438,493900,135.7764129638672
2026-01-20,136.3699951171875,139.58999633789062,134.57000732421875,137.35000610351562,495800,134.5033721923828
2026-01-21,138.25999450683594,143.8699951171875,138.25999450683594,143.3300018310547,638700,140.35943603515625
2026-01-22,143.33999633789062,144.97000122070312,141.83999633789062,142.08999633789062,634300,139.14512634277344
2026-01-23,140.75,141.10000610351562,136.85000610351562,137.4199981689453,564400,134.57191467285156
2026-01-26,137.49000549316406,139.1199951171875,135.1699981689453,136.3300018310547,777300,133.5045166015625
2026-01-27,136.67999267578125,137.2899932861328,135.19000244140625,135.55999755859375,597600,132.75047302246094
2026-01-28,134.5399932861328,137.8800048828125,134.5399932861328,135.19000244140625,587200,132.3881378173828
2026-01-29,138.75,140.4499969482422,135.19000244140625,138.77000427246094,837200,135.89395141601562
2026-01-30,139.32000732421875,139.47999572753906,135.19000244140625,137.82000732421875,1086200,134.963623046875
2026-02-02,138.6699981689453,139.8300018310547,137.2100067138672,139.05999755859375,441900,136.1779327392578
2026-02-03,138.3800048828125,142.0500030517578,137.72999572753906,140.55999755859375,434200,137.64683532714844
2026-02-04,141.22999572753906,144.16000366210938,139.39999389648438,142.36000061035156,536200,139.40953063964844
2026-02-05,142.52999877929688,144.35000610351562,141.74000549316406,143.60000610351562,490700,140.6238555908203
2026-02-06,145.0,148.1199951171875,144.4199981689453,146.69000244140625,610800,143.64979553222656
2026-02-09,145.52999877929688,148.2899932861328,145.52999877929688,147.10000610351562,446000,144.05130004882812
2026-02-10,146.50999450683594,147.88999938964844,144.99000549316406,146.25999450683594,357700,143.22869873046875
2026-02-11,147.2100067138672,148.4600067138672,145.2100067138672,146.25999450683594,665200,143.22869873046875
2026-02-12,147.17999267578125,148.97000122070312,141.44000244140625,144.11000061035156,448600,141.12326049804688
2026-02-13,145.9499969482422,145.9499969482422,142.22999572753906,144.47999572753906,530000,141.485595703125
2026-02-17,145.14999389648438,146.6999969482422,143.9499969482422,144.2100067138672,601500,141.22120666503906
2026-02-18,143.0800018310547,146.77999877929688,143.02999877929688,144.36000061035156,393500,141.3680877685547
2026-02-19,143.4199981689453,145.47999572753906,143.00999450683594,144.86000061035156,390600,141.85772705078125
2026-02-20,144.4600067138672,146.24000549316406,143.08999633789062,145.44000244140625,514500,142.4257049560547
2026-02-23,145.44000244140625,146.2899932861328,140.72000122070312,142.1300048828125,774400,139.18431091308594
2026-02-24,142.1300048828125,142.6999969482422,140.5,141.94000244140625,508400,138.99822998046875
2026-02-25,143.07000732421875,143.8000030517578,141.25999450683594,142.80999755859375,456200,139.85020446777344
2026-02-26,142.88999938964844,145.6300048828125,142.72000122070312,144.0800018310547,459400,141.09390258789062
2026-02-27,140.89999389648438,141.0,137.63999938964844,138.22000122070312,1140400,136.30136108398438
2026-03-02,136.9499969482422,140.7899932861328,136.0,140.2100067138672,779100,138.26373291015625
2026-03-03,141.83999633789062,142.1199951171875,136.3699951171875,140.47000122070312,713400,138.52011108398438
2026-03-04,140.52000427246094,140.75,138.42999267578125,139.6999969482422,796100,137.76080322265625
2026-03-05,138.41000366210938,139.5,136.36000061035156,137.52999877929688,585400,135.6209259033203
2026-03-06,133.5399932861328,136.4600067138672,132.13999938964844,135.36000061035156,750900,133.48106384277344
2026-03-09,134.22000122070312,135.7899932861328,132.5,134.4600067138672,826800,132.5935516357422
2026-03-10,136.88999938964844,136.88999938964844,133.22000122070312,134.0,699700,132.1399383544922
2026-03-11,133.3000030517578,134.3000030517578,132.25999450683594,133.39999389648438,596600,131.5482635498047
2026-03-12,131.42999267578125,134.1999969482422,130.2899932861328,132.92999267578125,664600,131.08477783203125
2026-03-13,133.8300018310547,134.83999633789062,131.69000244140625,132.1300048828125,428800,130.2958984375
2026-03-16,131.66000366210938,134.1999969482422,131.66000366210938,132.0,477100,130.16769409179688
2026-03-17,133.25999450683594,133.52999877929688,130.1999969482422,130.36000061035156,370500,128.5504608154297
2026-03-18,130.27999877929688,131.10000610351562,129.0,129.4499969482422,495400,127.65309143066406
2026-03-19,129.27000427246094,131.9499969482422,128.64999389648438,130.97999572753906,497300,129.16184997558594
2026-03-20,131.02999877929688,132.5,130.22999572753906,132.25,1003200,130.4142303466797
2026-03-23,135.16000366210938,136.2100067138672,133.05999755859375,133.60000610351562,545500,131.74549865722656
2026-03-24,132.36000061035156,136.58999633789062,132.36000061035156,134.7899932861328,402300,132.91896057128906
2026-03-25,135.44000244140625,137.05999755859375,134.1199951171875,135.3300018310547,366000,133.45147705078125
2026-03-26,135.64999389648438,136.5500030517578,134.52999877929688,136.3800048828125,294400,134.48690795898438
2026-03-27,135.6699981689453,135.72999572753906,133.57000732421875,133.6999969482422,413800,131.84408569335938
2026-03-30,134.77000427246094,136.22999572753906,134.0,135.32000732421875,619900,133.44161987304688
2026-03-31,136.77999877929688,139.36000061035156,136.4600067138672,137.0800018310547,387000,135.17718505859375
2026-04-01,137.86000061035156,139.69000244140625,137.86000061035156,138.64999389648438,491300,136.72537231445312
2026-04-02,137.55999755859375,140.00999450683594,136.75999450683594,138.57000732421875,453300,136.64651489257812
2026-04-06,138.14999389648438,140.19000244140625,138.14999389648438,139.94000244140625,291100,137.9974822998047
2026-04-07,140.8699951171875,141.27999877929688,139.72000122070312,140.24000549316406,358300,138.29331970214844
2026-04-08,142.57000732421875,144.74000549316406,142.30999755859375,143.02000427246094,802400,141.03472900390625
2026-04-09,142.47999572753906,145.35000610351562,142.4600067138672,144.9600067138672,725800,142.9477996826172
2026-04-10,144.9600067138672,144.9600067138672,142.0,142.5,468400,140.52194213867188
2026-04-13,142.69000244140625,143.11000061035156,140.2899932861328,143.08999633789062,435000,141.103759765625
2026-04-14,142.4600067138672,142.75,141.2100067138672,142.36000061035156,505000,140.38388061523438
2026-04-15,142.35000610351562,142.75999450683594,140.7899932861328,142.00999450683594,487500,140.0387420654297
2026-04-16,141.9600067138672,142.3000030517578,141.1300048828125,141.52999877929688,341700,139.56539916992188
2026-04-17,142.32000732421875,144.83999633789062,141.8699951171875,143.3300018310547,559200,141.34042358398438
2026-04-20,143.0800018310547,145.58999633789062,143.0800018310547,144.41000366210938,445400,142.4054412841797
2026-04-21,144.41000366210938,145.8800048828125,142.75,142.77000427246094,548800,140.78819274902344
2026-04-22,143.1999969482422,143.97000122070312,141.97999572753906,143.02999877929688,518600,141.04458618164062
2026-04-23,143.6300048828125,145.3000030517578,143.1699981689453,144.88999938964844,363300,142.87876892089844
2026-04-24,144.55999755859375,145.6699981689453,141.07000732421875,141.39999389648438,451000,139.4372100830078
2026-04-27,142.11000061035156,144.72000122070312,141.85000610351562,143.55999755859375,524900,141.56723022460938
2026-04-28,145.08999633789062,145.2899932861328,143.0500030517578,143.44000244140625,409400,141.4488983154297
2026-04-29,144.6300048828125,144.6300048828125,141.7899932861328,142.8000030517578,593400,140.81777954101562
2026-04-30,140.19000244140625,147.3300018310547,140.19000244140625,144.92999267578125,780200,142.91819763183594
2026-05-01,144.6699981689453,144.80999755859375,140.27999877929688,140.36000061035156,649700,138.41165161132812
2026-05-04,139.3699951171875,141.08999633789062,137.92999267578125,139.3000030517578,551600,137.36636352539062
2026-05-05,140.02999877929688,141.16000366210938,139.50999450683594,140.49000549316406,672900,138.53985595703125
2026-05-06,140.77999877929688,142.72000122070312,140.44000244140625,140.74000549316406,565000,138.786376953125
2026-05-07,140.33999633789062,141.77000427246094,138.25999450683594,138.55999755859375,466400,136.6366424560547
2026-05-08,139.0,139.42999267578125,138.2899932861328,138.85000610351562,428500,136.92262268066406
2026-05-11,139.49000549316406,139.9499969482422,135.1699981689453,135.64999389648438,936600,133.7670135498047
2026-05-12,136.0,136.38999938964844,133.36000061035156,136.13999938964844,649700,134.25022888183594
2026-05-13,136.0,137.14999389648438,134.4199981689453,134.64999389648438,891700,132.78091430664062
2026-05-14,135.72999572753906,137.00999450683594,134.8699951171875,135.25,425500,133.37257385253906
2026-05-15,135.72000122070312,135.8699951171875,133.5500030517578,134.6999969482422,559800,132.83021545410156
2026-05-18,136.41000366210938,137.97000122070312,134.97000122070312,137.77000427246094,443100,135.85760498046875
2026-05-19,137.6999969482422,138.7899932861328,136.1199951171875,138.22999572753906,639700,136.3112030029297
2026-05-20,138.57000732421875,140.0500030517578,137.97000122070312,139.75,447700,137.81011962890625
2026-05-21,138.9199981689453,140.25,137.94000244140625,139.00999450683594,514200,137.08038330078125
2026-05-22,139.1699981689453,139.97999572753906,138.91000366210938,139.3800048828125,311400,137.44525146484375
2026-05-26,139.1999969482422,140.82000732421875,138.5800018310547,139.5399932861328,386300,137.60302734375
2026-05-27,139.5399932861328,139.88999938964844,137.36000061035156,137.69000244140625,393100,135.77871704101562
2026-05-28,137.22000122070312,138.07000732421875,135.94000244140625,136.25999450683594,465900,134.36856079101562
2026-05-29,134.80999755859375,136.35000610351562,134.6999969482422,135.52000427246094,561800,134.65672302246094
2026-06-01,134.4199981689453,136.25,132.75999450683594,132.7899932861328,417000,131.944091796875
2026-06-02,132.57000732421875,135.72000122070312,132.57000732421875,135.5399932861328,391200,134.67657470703125
2026-06-03,135.1699981689453,135.6699981689453,134.0800018310547,134.27999877929688,541300,133.4246063232422
2026-06-04,136.32000732421875,138.38999938964844,135.77000427246094,137.8699951171875,443200,136.9917449951172
2026-06-05,138.6300048828125,141.60000610351562,138.27000427246094,140.16000366210938,589600,139.26715087890625
2026-06-08,140.41000366210938,141.80999755859375,140.41000366210938,140.85000610351562,506600,139.9527587890625
2026-06-09,141.60000610351562,144.8000030517578,141.60000610351562,143.69000244140625,637900,142.77467346191406
2026-06-10,144.1999969482422,145.75999450683594,143.42999267578125,144.5,962100,143.5795135498047
2026-06-11,145.22000122070312,146.4199981689453,144.6199951171875,146.11000061035156,560100,145.1792449951172
2026-06-12,146.77000427246094,148.52999877929688,139.1999969482422,148.0,668200,147.0572052001953
2026-06-15,148.1699981689453,148.60000610351562,144.82000732421875,145.0399932861328,1334000,144.11605834960938
2026-06-16,145.77000427246094,147.00999450683594,145.6300048828125,146.3000030517578,500100,145.3680419921875
2026-06-17,145.63999938964844,147.30999755859375,143.6199951171875,145.5500030517578,817600,144.62281799316406
2026-06-18,147.17999267578125,147.47000122070312,145.25999450683594,145.66000366210938,1216800,144.73211669921875
2026-06-22,146.30999755859375,149.47000122070312,145.47999572753906,149.38999938964844,560700,148.4383544921875
2026-06-23,149.92999267578125,150.27999877929688,149.0,149.97999572753906,597700,149.02459716796875
2026-06-24,150.3000030517578,151.49000549316406,148.66000366210938,150.89999389648438,579000,149.93873596191406
2026-06-25,150.99000549316406,153.80999755859375,150.36000061035156,153.5,691300,152.5221710205078
2026-06-26,154.44000244140625,155.41000366210938,152.85000610351562,155.30999755859375,849500,154.32064819335938
2026-06-29,154.2899932861328,156.2100067138672,153.47000122070312,154.77000427246094,608800,153.78408813476562
2026-06-30,154.17999267578125,155.35000610351562,153.5,154.52000427246094,366400,153.5356903076172
2026-07-01,153.25999450683594,157.0800018310547,152.42999267578125,155.75,534100,154.75784301757812
2026-07-02,156.85000610351562,157.33999633789062,153.66000366210938,154.86000061035156,423700,153.87351989746094
2026-07-06,155.9499969482422,156.80999755859375,154.8699951171875,156.25999450683594,531900,155.26458740234375
2026-07-07,157.0,157.50999450683594,156.02000427246094,157.2899932861328,490400,156.28802490234375
2026-07-08,156.27000427246094,156.74000549316406,152.19000244140625,153.72000122070312,832700,152.74078369140625
2026-07-09,153.92999267578125,156.2100067138672,153.8000030517578,155.14999389648438,480100,154.1616668701172
2026-07-10,156.0500030517578,157.69000244140625,155.50999450683594,156.86000061035156,461100,155.86077880859375
2026-07-13,157.77999877929688,158.1999969482422,156.49000549316406,157.89999389648438,550200,156.89413452148438
2026-07-14,157.83999633789062,159.47999572753906,156.86000061035156,157.3800048828125,442500,156.37747192382812
2026-07-15,157.99000549316406,159.5399932861328,157.1300048828125,158.57000732421875,343800,157.5598907470703
2026-07-16,159.33999633789062,163.80999755859375,159.33999633789062,163.52000427246094,386600,162.4783477783203
2026-07-17,162.7100067138672,163.6699981689453,160.7899932861328,161.64999389648438,398200,160.62025451660156
2026-07-20,162.3000030517578,162.42999267578125,159.27000427246094,162.07000732421875,1033700,161.03759765625
2026-07-21,162.0399932861328,162.66000366210938,160.67999267578125,162.42999267578125,915500,161.39527893066406
2026-07-22,160.60000610351562,163.0399932861328,160.60000610351562,162.25999450683594,648300,161.2263641357422
2026-07-23,161.74000549316406,161.9199981689453,159.75,161.4600067138672,611400,160.4314727783203
2026-07-24,162.0399932861328,165.16000366210938,161.42999267578125,164.22999572753906,749100,163.18382263183594
2026-07-27,164.75999450683594,166.25,163.4600067138672,163.8800048828125,682200,162.8360595703125
2026-07-28,161.75999450683594,167.67999267578125,161.64999389648438,167.05999755859375,708200,165.99578857421875
2026-07-29,165.14999389648438,168.64999389648438,164.85000610351562,166.92999267578125,690800,165.8666229248047
2026-07-30,169.08999633789062,169.08999633789062,162.08999633789062,163.49000549316406,853200,162.44854736328125
2026-07-31,164.7899932861328,167.42999267578125,164.1199951171875,166.33999633789062,890500,165.28038024902344
2026-08-03,166.55999755859375,169.67999267578125,166.10000610351562,168.94000244140625,762800,167.86383056640625
2026-08-04,168.02999877929688,170.2899932861328,167.64999389648438,168.25999450683594,625400,167.18814086914062
2026-08-05,169.19000244140625,169.19000244140625,165.91000366210938,166.1300048828125,597800,165.0717315673828
2026-08-06,167.5800018310547,167.5800018310547,164.4499969482422,164.75999450683594,589400,163.71044921875
2026-08-07,163.92999267578125,165.08999633789062,162.36000061035156,164.5,620000,163.4521026611328
2026-08-10,163.72000122070312,165.7899932861328,162.32000732421875,165.64999389648438,512200,164.5947723388672
2026-08-11,165.50999450683594,166.9600067138672,165.2899932861328,166.00999450683594,464400,164.95248413085938
2026-08-12,165.6699981689453,168.3000030517578,165.00999450683594,168.00999450683594,495900,166.9397430419922
2026-08-13,169.0399932861328,170.0,168.2100067138672,168.58999633789062,435500,167.51605224609375
2026-08-14,168.41000366210938,170.35000610351562,166.8300018310547,170.0800018310547,608200,168.99656677246094
2026-08-17,169.5500030517578,170.8000030517578,167.6999969482422,168.07000732421875,333200,166.99937438964844
2026-08-18,168.02000427246094,169.33999633789062,166.97000122070312,167.3300018310547,427600,166.2640838623047
2026-08-19,167.1999969482422,167.80999755859375,163.8300018310547,164.6999969482422,561900,163.6508331298828
2026-08-20,164.3300018310547,165.88999938964844,163.10000610351562,164.80999755859375,380100,163.7601318359375
2026-08-21,165.72999572753906,166.13999938964844,163.72999572753906,164.19000244140625,544400,163.1440887451172
2026-08-24,164.66000366210938,166.44000244140625,164.13999938964844,164.38999938964844,347800,163.34280395507812
2026-08-25,164.24000549316406,166.35000610351562,162.39999389648438,163.3800048828125,319700,162.33924865722656
2026-08-26,163.9199981689453,165.1300048828125,162.47000122070312,163.27000427246094,378400,162.22994995117188
2026-08-27,164.8300018310547,164.8300018310547,160.3300018310547,161.38999938964844,568200,160.36190795898438
2026-08-28,162.17999267578125,162.58999633789062,161.35000610351562,161.69000244140625,382200,160.66000366210938
2026-08-31,161.00999450683594,161.4600067138672,159.5500030517578,160.8699951171875,612300,160.8699951171875
2026-09-01,160.42999267578125,161.80999755859375,157.9499969482422,158.32000732421875,529700,158.32000732421875
2026-09-02,159.9199981689453,162.97999572753906,157.63999938964844,161.66000366210938,431700,161.66000366210938
2026-09-03,162.41000366210938,164.42999267578125,162.27999877929688,162.72999572753906,514900,162.72999572753906
2026-09-04,161.8699951171875,163.91000366210938,161.8699951171875,162.6199951171875,543700,162.6199951171875
2026-09-08,166.14999389648438,166.24000549316406,163.50999450683594,163.61000061035156,501700,163.61000061035156
2026-09-09,163.97000122070312,163.97000122070312,161.27000427246094,161.8800048828125,452200,161.8800048828125
2026-09-10,162.27000427246094,162.92999267578125,160.75999450683594,162.66000366210938,493100,162.66000366210938
2026-09-11,163.74000549316406,166.75,161.8699951171875,162.9199981689453,435400,162.9199981689453
2026-09-14,163.14999389648438,165.13999938964844,163.14999389648438,163.38999938964844,569800,163.38999938964844
2026-09-15,163.6199951171875,165.39999389648438,161.57000732421875,162.16000366210938,458900,162.16000366210938
2026-09-16,161.9199981689453,162.1300048828125,157.5500030517578,159.44000244140625,596500,159.44000244140625
2026-09-17,160.6300048828125,161.0399932861328,158.5399932861328,159.63999938964844,450900,159.63999938964844
2026-09-18,159.55999755859375,160.0500030517578,157.92999267578125,159.8000030517578,1376800,159.8000030517578
2026-09-21,160.8300018310547,160.8300018310547,158.6699981689453,158.74000549316406,443200,158.74000549316406
2026-09-22,159.52000427246094,159.52000427246094,155.9600067138672,156.14999389648438,470100,156.14999389648438
2026-09-23,155.80999755859375,157.0800018310547,153.74000549316406,154.25999450683594,404700,154.25999450683594
2026-09-24,155.0500030517578,156.80999755859375,153.97000122070312,156.2100067138672,535000,156.2100067138672
2026-09-25,157.13999938964844,158.22000122070312,156.25,157.4199981689453,485700,157.4199981689453
2026-09-28,157.47999572753906,157.6199951171875,155.8699951171875,156.4199981689453,493000,156.4199981689453
2026-09-29,155.97000122070312,157.5399932861328,153.7899932861328,154.2100067138672,420800,154.2100067138672
2026-09-30,153.72000122070312,154.66000366210938,152.66000366210938,152.6699981689453,428900,152.6699981689453
2026-10-01,151.50999450683594,154.9600067138672,150.22000122070312,153.47999572753906,422800,153.47999572753906
