date,open,high,low,close,volume,adjclose
2021-10-04,78.54000091552734,79.79000091552734,77.5,78.88999938964844,701100,69.32997131347656
2021-10-05,79.91000366210938,80.6500015258789,78.91000366210938,79.5,751400,69.86605834960938
2021-10-06,78.54000091552734,78.70999908447266,76.0199966430664,78.33000183105469,554100,68.83782196044922
2021-10-07,80.58999633789062,80.79000091552734,79.38999938964844,80.72000122070312,601200,70.9382095336914
2021-10-08,80.58999633789062,81.47000122070312,80.05000305175781,80.52999877929688,329400,70.771240234375
2021-10-11,81.13999938964844,81.75,79.97000122070312,80.05999755859375,614700,70.35819244384766
2021-10-12,79.58000183105469,80.52999877929688,79.44999694824219,80.33000183105469,434500,70.59546661376953
2021-10-13,80.12999725341797,80.79000091552734,78.36000061035156,80.62999725341797,576800,70.8591079711914
2021-10-14,81.80000305175781,82.16999816894531,80.33000183105469,82.08000183105469,550000,72.13340759277344
2021-10-15,82.94000244140625,83.70999908447266,82.52999877929688,82.80000305175781,706500,72.76615905761719
2021-10-18,83.0,84.58999633789062,82.56999969482422,84.05999755859375,688500,73.87345123291016
2021-10-19,84.33999633789062,84.66000366210938,83.66999816894531,84.31999969482422,478300,74.10194396972656
2021-10-20,83.93000030517578,85.79000091552734,83.70999908447266,85.77999877929688,717600,75.38502502441406
2021-10-21,86.43000030517578,87.7699966430664,84.73999786376953,85.33999633789062,704200,74.99833679199219
2021-10-22,86.12000274658203,86.5999984741211,83.83000183105469,84.63999938964844,764600,74.38317108154297
2021-10-25,84.76000213623047,85.3499984741211,83.94999694824219,84.0999984741211,415800,73.90862274169922
2021-10-26,83.98999786376953,84.19999694824219,82.63999938964844,82.94000244140625,615000,72.88919067382812
2021-10-27,82.56999969482422,82.56999969482422,79.08000183105469,79.18000030517578,847800,69.58483123779297
2021-10-28,79.66000366210938,80.43000030517578,79.11000061035156,80.11000061035156,833000,70.40214538574219
2021-10-29,79.72000122070312,80.47000122070312,79.47000122070312,79.4800033569336,642300,70.13739013671875
2021-11-01,80.48999786376953,82.70999908447266,80.02999877929688,82.37000274658203,643200,72.68767547607422
2021-11-02,82.62999725341797,83.41999816894531,81.69000244140625,81.97000122070312,494900,72.33470153808594
2021-11-03,81.52999877929688,83.86000061035156,81.08999633789062,83.55999755859375,579500,73.73779296875
2021-11-04,83.63999938964844,83.63999938964844,82.2699966430664,83.16999816894531,777200,73.39363098144531
2021-11-05,84.20999908447266,85.26000213623047,82.87999725341797,83.26000213623047,578700,73.47307586669922
2021-11-08,83.75,84.22000122070312,82.4800033569336,83.2699966430664,438300,73.48190307617188
2021-11-09,82.41000366210938,83.54000091552734,82.11000061035156,83.41000366210938,415600,73.60542297363281
2021-11-10,83.41000366210938,84.4000015258789,82.91999816894531,83.33000183105469,668900,73.53485107421875
2021-11-11,83.56999969482422,84.18000030517578,83.02999877929688,83.61000061035156,389300,73.78193664550781
2021-11-12,83.69000244140625,83.93000030517578,82.52999877929688,83.05999755859375,611900,73.29659271240234
2021-11-15,83.6500015258789,84.45999908447266,83.27999877929688,83.9800033569336,410800,74.10842895507812
2021-11-16,83.94999694824219,84.73999786376953,83.2300033569336,83.45999908447266,452900,73.6495590209961
2021-11-17,82.91000366210938,83.23999786376953,81.72000122070312,82.86000061035156,655200,73.12007904052734
2021-11-18,83.27999877929688,83.5,81.94999694824219,82.80000305175781,598700,73.0671615600586
2021-11-19,81.55999755859375,81.79000091552734,80.08000183105469,81.19000244140625,677000,71.64640045166016
2021-11-22,82.38999938964844,83.58000183105469,81.83999633789062,82.4000015258789,1047800,72.71416473388672
2021-11-23,83.05000305175781,84.30000305175781,82.54000091552734,84.08000183105469,1079700,74.1966781616211
2021-11-24,83.63999938964844,84.05999755859375,82.62000274658203,82.94000244140625,680000,73.19068145751953
2021-11-26,79.6500015258789,79.87000274658203,77.05999755859375,77.91999816894531,893900,68.76075744628906
2021-11-29,79.08999633789062,79.9800033569336,77.27999877929688,78.5,786300,69.27259063720703
2021-11-30,77.1500015258789,77.80999755859375,76.16999816894531,77.0,1035400,67.94892120361328
2021-12-01,78.87000274658203,79.5,75.55000305175781,75.55000305175781,823800,66.66935729980469
2021-12-02,76.20999908447266,78.66000366210938,75.7699966430664,78.41000366210938,584800,69.19316864013672
2021-12-03,78.5,78.5999984741211,75.12999725341797,75.94000244140625,628800,67.01349639892578
2021-12-06,77.61000061035156,79.08000183105469,76.58000183105469,77.8499984741211,1036400,68.6989974975586
2021-12-07,78.56999969482422,80.51000213623047,78.0,79.26000213623047,827500,69.9432601928711
2021-12-08,79.44000244140625,79.9000015258789,78.37999725341797,79.0,683800,69.71381378173828
2021-12-09,77.62000274658203,79.51000213623047,77.62000274658203,78.41000366210938,508800,69.19316864013672
2021-12-10,78.37000274658203,79.44999694824219,77.22000122070312,77.79000091552734,650400,68.64604187011719
2021-12-13,77.41000366210938,77.5,75.19000244140625,75.69000244140625,756000,66.79290771484375
2021-12-14,75.91000366210938,77.55999755859375,75.5999984741211,76.75,793900,67.72828674316406
2021-12-15,77.33000183105469,78.83000183105469,76.41000366210938,78.33999633789062,743200,69.13139343261719
2021-12-16,79.02999877929688,79.76000213623047,77.44000244140625,77.70999908447266,888500,68.5754623413086
2021-12-17,77.47000122070312,77.47000122070312,74.87000274658203,75.6500015258789,2746100,66.75761413574219
2021-12-20,74.41999816894531,74.83999633789062,71.95999908447266,73.54000091552734,883100,64.8956298828125
2021-12-21,74.91999816894531,76.4800033569336,74.25,76.4000015258789,621400,67.41942596435547
2021-12-22,76.4000015258789,77.23999786376953,75.97000122070312,76.9000015258789,392400,67.86063385009766
2021-12-23,77.48999786376953,78.37999725341797,76.80999755859375,77.3499984741211,412200,68.25776672363281
2021-12-27,77.1500015258789,78.80000305175781,76.66999816894531,78.75,316800,69.49320220947266
2021-12-28,78.69000244140625,79.43000030517578,78.51000213623047,78.73999786376953,270300,69.48439025878906
2021-12-29,78.13999938964844,80.33999633789062,78.13999938964844,79.81999969482422,654800,70.43743133544922
2021-12-30,79.7300033569336,81.0,78.91999816894531,79.0199966430664,467100,69.73146057128906
2021-12-31,78.86000061035156,79.4800033569336,78.30999755859375,78.68000030517578,424100,69.43143463134766
2022-01-03,79.05999755859375,80.41000366210938,79.02999877929688,79.80999755859375,1052100,70.42860412597656
2022-01-04,80.58999633789062,82.91999816894531,80.58999633789062,82.19999694824219,1303800,72.53765869140625
2022-01-05,82.86000061035156,83.5999984741211,82.30000305175781,82.56999969482422,1158600,72.86416625976562
2022-01-06,83.68000030517578,86.30999755859375,83.41999816894531,86.08000183105469,769000,75.9615707397461
2022-01-07,86.5999984741211,87.12999725341797,85.5,86.80999755859375,1249900,76.60577392578125
2022-01-10,87.29000091552734,88.4000015258789,85.31999969482422,87.29000091552734,894300,77.02935791015625
2022-01-11,87.73999786376953,88.36000061035156,85.75,88.2699966430664,928200,77.89415740966797
2022-01-12,87.94000244140625,89.7699966430664,87.80999755859375,89.41999816894531,1100300,78.90897369384766
2022-01-13,89.61000061035156,91.69999694824219,89.29000091552734,89.72000122070312,790200,79.17371368408203
2022-01-14,88.7300033569336,90.52999877929688,88.30000305175781,90.48999786376953,718600,79.85319519042969
2022-01-18,90.29000091552734,91.4000015258789,89.91999816894531,90.33999633789062,1652400,79.72084045410156
2022-01-19,90.86000061035156,90.86000061035156,87.19999694824219,87.25,794900,76.99404907226562
2022-01-20,87.0199966430664,88.25,85.0,85.2699966430664,962100,75.24678802490234
2022-01-21,84.83999633789062,85.63999938964844,82.23999786376953,82.72000122070312,1256800,72.99654388427734
2022-01-24,80.62000274658203,83.66000366210938,78.75,83.48999786376953,1304900,73.676025390625
2022-01-25,82.72000122070312,84.44000244140625,80.43000030517578,83.51000213623047,891900,73.69369506835938
2022-01-26,84.7300033569336,85.83000183105469,82.33999633789062,83.63999938964844,1161500,73.80838775634766
2022-01-27,82.44000244140625,87.13999938964844,81.80000305175781,82.61000061035156,1914300,72.89947509765625
2022-01-28,82.94000244140625,84.55999755859375,82.1500015258789,84.08000183105469,1722100,74.1966781616211
2022-01-31,83.81999969482422,86.48999786376953,83.13999938964844,86.33999633789062,1447700,76.19100952148438
2022-02-01,86.79000091552734,86.94999694824219,85.45999908447266,86.94000244140625,904600,76.72048950195312
2022-02-02,86.87000274658203,86.87000274658203,85.55999755859375,86.19000244140625,1290600,76.05866241455078
2022-02-03,85.98999786376953,87.38999938964844,85.12000274658203,85.88999938964844,809400,75.79391479492188
2022-02-04,86.2300033569336,88.81999969482422,86.12999725341797,88.0199966430664,1232100,78.03697204589844
2022-02-07,88.41000366210938,89.11000061035156,87.36000061035156,88.41999816894531,1074100,78.3916015625
2022-02-08,89.44999694824219,91.47000122070312,89.20999908447266,91.33999633789062,1300000,80.98043823242188
2022-02-09,91.47000122070312,91.58000183105469,89.87000274658203,89.97000122070312,1124500,79.76581573486328
2022-02-10,90.08999633789062,92.5,89.56999969482422,91.1500015258789,1028400,80.81196594238281
2022-02-11,90.36000061035156,92.62000274658203,89.47000122070312,89.88999938964844,1096000,79.69488525390625
2022-02-14,90.1500015258789,91.18000030517578,88.4800033569336,89.3499984741211,1447300,79.21614837646484
2022-02-15,90.12000274658203,92.0999984741211,90.12000274658203,92.0,1252700,81.5655746459961
2022-02-16,91.22000122070312,93.51000213623047,91.06999969482422,93.05000305175781,720400,82.4964828491211
2022-02-17,92.12000274658203,92.12000274658203,89.58999633789062,89.69000244140625,878900,79.517578125
2022-02-18,89.61000061035156,90.44000244140625,88.70999908447266,88.93000030517578,781300,78.84375762939453
2022-02-22,88.48999786376953,89.56999969482422,87.2300033569336,87.87000274658203,940600,77.90397644042969
2022-02-23,88.5,89.30999755859375,86.72000122070312,87.04000091552734,1332500,77.1681137084961
2022-02-24,82.93000030517578,83.76000213623047,80.66999816894531,83.51000213623047,1410900,74.03849029541016
2022-02-25,84.08000183105469,88.76000213623047,83.91999816894531,88.56999969482422,1147500,78.52458953857422
2022-02-28,85.88999938964844,87.62999725341797,85.88999938964844,87.55999755859375,1020500,77.62914276123047
2022-03-01,86.87000274658203,87.16999816894531,80.94999694824219,81.95999908447266,1501700,72.66427612304688
2022-03-02,82.58999633789062,86.02999877929688,82.44000244140625,85.06999969482422,1686000,75.42154693603516
2022-03-03,85.05000305175781,85.44999694824219,81.91000366210938,83.05999755859375,1125200,73.63951873779297
2022-03-04,81.08000183105469,81.16999816894531,76.0,77.27999877929688,1295300,68.51507568359375
2022-03-07,76.68000030517578,77.0999984741211,71.16000366210938,71.3499984741211,2026400,63.25764846801758
2022-03-08,72.41000366210938,75.26000213623047,69.73999786376953,72.5199966430664,1874800,64.29492950439453
2022-03-09,75.13999938964844,78.0199966430664,74.66000366210938,77.31999969482422,1063800,68.55055236816406
2022-03-10,76.0,78.19000244140625,76.0,77.72000122070312,1265200,68.9051742553711
2022-03-11,78.5999984741211,79.27999877929688,76.58000183105469,76.63999938964844,731800,67.94767761230469
2022-03-14,77.58000183105469,78.94000244140625,75.19999694824219,75.66999816894531,1246700,67.08768463134766
2022-03-15,75.77999877929688,76.70999908447266,74.11000061035156,76.52999877929688,1616900,67.85015869140625
2022-03-16,78.0,81.37000274658203,77.91999816894531,81.02999877929688,1046700,71.83976745605469
2022-03-17,80.0199966430664,80.7300033569336,79.1500015258789,80.61000061035156,853800,71.4673843383789
2022-03-18,80.02999877929688,82.30000305175781,77.7699966430664,81.63999938964844,2169400,72.38057708740234
2022-03-21,82.23999786376953,82.63999938964844,80.2699966430664,81.41999816894531,846000,72.18553924560547
2022-03-22,82.5,84.2699966430664,82.5,83.68000030517578,1060000,74.18920135498047
2022-03-23,82.87999725341797,83.8499984741211,80.4800033569336,80.55999755859375,1232800,71.42306518554688
2022-03-24,81.12999725341797,82.0199966430664,80.31999969482422,81.11000061035156,499700,71.91068267822266
2022-03-25,81.47000122070312,82.9800033569336,80.91999816894531,82.83000183105469,763700,73.43560791015625
2022-03-28,82.36000061035156,82.45999908447266,80.58000183105469,82.4000015258789,803800,73.05437469482422
2022-03-29,84.4800033569336,85.31999969482422,83.33999633789062,84.16000366210938,875500,74.61476135253906
2022-03-30,83.8499984741211,84.13999938964844,81.02999877929688,81.55999755859375,844600,72.30963897705078
2022-03-31,81.02999877929688,82.18000030517578,79.0,79.0199966430664,930100,70.05774688720703
2022-04-01,80.55999755859375,80.88999938964844,77.94999694824219,78.33999633789062,969900,69.45487213134766
2022-04-04,78.12999725341797,78.7699966430664,76.87999725341797,78.41000366210938,515200,69.51691436767578
2022-04-05,78.1500015258789,78.80000305175781,77.37999725341797,77.87000274658203,665600,69.03816986083984
2022-04-06,77.5,77.5,75.8499984741211,76.55999755859375,835500,67.8767318725586
2022-04-07,76.97000122070312,77.04000091552734,74.44000244140625,75.91000366210938,720500,67.30046081542969
2022-04-08,76.3499984741211,77.7699966430664,75.61000061035156,76.16999816894531,774400,67.53096008300781
2022-04-11,76.5199966430664,77.91000366210938,76.05000305175781,76.13999938964844,755500,67.50436401367188
2022-04-12,76.37000274658203,77.54000091552734,74.38999938964844,74.80000305175781,805600,66.31635284423828
2022-04-13,74.2699966430664,76.3499984741211,73.75,76.25,805100,67.60189819335938
2022-04-14,76.33000183105469,76.4800033569336,74.51000213623047,74.95999908447266,588100,66.45820617675781
2022-04-18,74.94000244140625,75.54000091552734,74.43000030517578,75.04000091552734,635300,66.52914428710938
2022-04-19,75.80000305175781,79.37000274658203,75.80000305175781,79.06999969482422,1247100,70.10205841064453
2022-04-20,79.86000061035156,81.54000091552734,79.62999725341797,80.55999755859375,1253500,71.42306518554688
2022-04-21,83.80000305175781,85.05000305175781,78.94000244140625,79.73999786376953,1685100,70.6960678100586
2022-04-22,81.0199966430664,82.02999877929688,77.58999633789062,77.63999938964844,1279100,68.8342514038086
2022-04-25,76.62999725341797,76.88999938964844,73.55999755859375,75.70999908447266,1311000,67.12313079833984
2022-04-26,74.33000183105469,75.55999755859375,71.11000061035156,71.19000244140625,2049200,63.115779876708984
2022-04-27,71.06999969482422,73.19999694824219,71.04000091552734,71.9000015258789,1615200,63.745262145996094
2022-04-28,72.52999877929688,74.5999984741211,71.77999877929688,74.33999633789062,1176200,65.90852355957031
2022-04-29,73.27999877929688,74.83000183105469,71.12000274658203,71.30000305175781,866900,63.55529022216797
2022-05-02,72.2300033569336,73.3499984741211,71.4800033569336,73.33000183105469,1138000,65.36479949951172
2022-05-03,73.62000274658203,75.30000305175781,73.16000366210938,74.41999816894531,987800,66.33638763427734
2022-05-04,73.69000244140625,77.05000305175781,73.41000366210938,77.0,747300,68.63616180419922
2022-05-05,76.13999938964844,76.13999938964844,72.83000183105469,74.31999969482422,1216700,66.24726104736328
2022-05-06,74.37999725341797,74.7699966430664,72.62000274658203,73.16000366210938,1478400,65.2132568359375
2022-05-09,72.05000305175781,72.83999633789062,71.2300033569336,71.48999786376953,1305800,63.72465515136719
2022-05-10,72.25,73.41000366210938,69.93000030517578,71.48999786376953,1111100,63.72465515136719
2022-05-11,71.26000213623047,73.47000122070312,69.5999984741211,69.79000091552734,901600,62.209312438964844
2022-05-12,69.2300033569336,71.29000091552734,68.23999786376953,70.06999969482422,1001100,62.458900451660156
2022-05-13,70.94999694824219,72.2300033569336,70.2699966430664,71.13999938964844,691600,63.412662506103516
2022-05-16,70.95999908447266,71.7300033569336,69.68000030517578,71.23999786376953,1059500,63.501792907714844
2022-05-17,73.05000305175781,73.97000122070312,72.48999786376953,73.9000015258789,805900,65.87288665771484
2022-05-18,72.48999786376953,73.05000305175781,69.6500015258789,69.87999725341797,866600,62.289520263671875
2022-05-19,68.91999816894531,69.94000244140625,68.11000061035156,68.36000061035156,1018500,60.934635162353516
2022-05-20,69.13999938964844,69.5999984741211,67.0199966430664,68.9000015258789,589200,61.41598129272461
2022-05-23,70.83999633789062,71.86000061035156,69.95999908447266,70.81999969482422,1071200,63.127437591552734
2022-05-24,70.06999969482422,70.36000061035156,67.80000305175781,69.08000183105469,446300,61.57644271850586
2022-05-25,68.80999755859375,70.8499984741211,68.55000305175781,70.61000061035156,969700,62.94023895263672
2022-05-26,71.22000122070312,72.81999969482422,71.22000122070312,72.44999694824219,967100,64.58038330078125
2022-05-27,72.27999877929688,73.45999908447266,71.73999786376953,73.44000244140625,879100,65.46286010742188
2022-05-31,72.9000015258789,74.05999755859375,71.7699966430664,73.54000091552734,890400,65.5519790649414
2022-06-01,73.44999694824219,73.8499984741211,70.79000091552734,71.5199966430664,1018900,63.75139236450195
2022-06-02,71.77999877929688,74.30999755859375,71.22000122070312,74.30000305175781,745700,66.22941589355469
2022-06-03,73.55000305175781,73.73999786376953,72.31999969482422,72.94000244140625,660900,65.01715850830078
2022-06-06,73.97000122070312,74.79000091552734,73.3499984741211,73.47000122070312,456000,65.48957824707031
2022-06-07,72.51000213623047,74.41999816894531,72.3499984741211,74.41999816894531,512400,66.33638763427734
2022-06-08,73.54000091552734,73.54000091552734,72.08999633789062,72.83000183105469,599500,64.91909790039062
2022-06-09,72.61000061035156,72.61000061035156,70.97000122070312,70.9800033569336,851700,63.270050048828125
2022-06-10,69.0,69.70999908447266,65.91999816894531,66.16000366210938,1265900,58.97361373901367
2022-06-13,64.83000183105469,65.11000061035156,63.36000061035156,64.52999877929688,1032900,57.520660400390625
2022-06-14,65.1500015258789,65.77999877929688,64.2300033569336,64.79000091552734,747600,57.752410888671875
2022-06-15,65.37999725341797,66.31999969482422,64.04000091552734,65.06999969482422,885300,58.00199890136719
2022-06-16,63.189998626708984,63.459999084472656,61.65999984741211,61.88999938964844,954000,55.167423248291016
2022-06-17,61.650001525878906,63.52000045776367,61.650001525878906,62.779998779296875,1628000,55.96074676513672
2022-06-21,64.44999694824219,64.87999725341797,63.59000015258789,64.05000305175781,1130100,57.092796325683594
2022-06-22,63.02000045776367,64.9800033569336,62.9900016784668,64.76000213623047,1256300,57.725669860839844
2022-06-23,64.54000091552734,64.54000091552734,62.43000030517578,64.0,1105800,57.048221588134766
2022-06-24,64.55000305175781,67.2699966430664,64.16999816894531,67.08000183105469,1324300,59.79366683959961
2022-06-27,67.01000213623047,67.97000122070312,66.13999938964844,66.88999938964844,545000,59.62431335449219
2022-06-28,67.33000183105469,67.97000122070312,66.41999816894531,67.0199966430664,1125900,59.74018859863281
2022-06-29,67.22000122070312,67.58999633789062,65.9800033569336,66.43000030517578,966400,59.21427536010742
2022-06-30,64.44999694824219,65.80999755859375,63.20000076293945,64.80000305175781,1171600,57.76133346557617
2022-07-01,64.80999755859375,65.94999694824219,64.1500015258789,65.69999694824219,620800,58.563568115234375
2022-07-05,63.880001068115234,66.44999694824219,63.25,66.41999816894531,680500,59.20535659790039
2022-07-06,65.72000122070312,66.5999984741211,64.69000244140625,66.08999633789062,707000,58.91119384765625
2022-07-07,66.47000122070312,67.41999816894531,66.47000122070312,67.26000213623047,534000,59.95412063598633
2022-07-08,67.6500015258789,67.6500015258789,66.37000274658203,67.27999877929688,648100,59.97193908691406
2022-07-11,66.37000274658203,66.69999694824219,65.29000091552734,65.63999938964844,693600,58.51007843017578
2022-07-12,65.01000213623047,67.08999633789062,65.0,66.05000305175781,567000,58.87556076049805
2022-07-13,65.54000091552734,65.61000061035156,64.55000305175781,65.16000366210938,577200,58.08222961425781
2022-07-14,63.630001068115234,64.29000091552734,62.790000915527344,63.86000061035156,588600,56.92343521118164
2022-07-15,65.12999725341797,66.58000183105469,64.01000213623047,66.4000015258789,554000,59.187530517578125
2022-07-18,67.19999694824219,68.37999725341797,67.08000183105469,67.37999725341797,956400,60.06107711791992
2022-07-19,68.55000305175781,70.12999725341797,68.27999877929688,69.79000091552734,837100,62.209312438964844
2022-07-20,68.97000122070312,71.31999969482422,68.55000305175781,71.16000366210938,1150400,63.43050765991211
2022-07-21,71.16999816894531,71.8499984741211,69.95999908447266,71.58999633789062,1214400,63.813785552978516
2022-07-22,71.93000030517578,72.44999694824219,69.31999969482422,69.8499984741211,652700,62.262786865234375
2022-07-25,70.87999725341797,72.41999816894531,70.51000213623047,72.08999633789062,727800,64.25947570800781
2022-07-26,71.16000366210938,71.69999694824219,69.37000274658203,69.38999938964844,606000,61.85275650024414
2022-07-27,69.6500015258789,71.26000213623047,69.48999786376953,70.79000091552734,618600,63.10069274902344
2022-07-28,70.47000122070312,70.91000366210938,68.95999908447266,70.45999908447266,603700,62.8065185546875
2022-07-29,70.0999984741211,72.11000061035156,70.0,71.77999877929688,1010300,64.34845733642578
2022-08-01,71.05999755859375,71.9800033569336,70.41000366210938,71.44000244140625,906600,64.04365539550781
2022-08-02,71.04000091552734,71.05000305175781,69.95999908447266,70.19000244140625,732400,62.923065185546875
2022-08-03,70.8499984741211,71.41000366210938,70.26000213623047,70.69999694824219,658900,63.38027572631836
2022-08-04,70.44000244140625,70.44000244140625,69.02999877929688,69.12000274658203,589600,61.96385192871094
2022-08-05,68.68000030517578,70.44999694824219,68.58999633789062,70.2300033569336,480200,62.95893096923828
2022-08-08,70.38999938964844,71.05000305175781,69.9800033569336,70.1500015258789,373100,62.8872184753418
2022-08-09,70.26000213623047,70.3499984741211,69.25,70.08999633789062,536700,62.833412170410156
2022-08-10,71.52999877929688,73.95999908447266,71.20999908447266,73.9000015258789,827700,66.24897766113281
2022-08-11,74.2300033569336,75.3499984741211,74.2300033569336,74.66000366210938,506000,66.9302749633789
2022-08-12,75.19999694824219,76.0,74.75,75.98999786376953,447300,68.12258911132812
2022-08-15,75.41999816894531,76.73999786376953,75.12000274658203,76.54000091552734,509200,68.61563110351562
2022-08-16,76.08000183105469,78.04000091552734,76.08000183105469,77.56999969482422,483100,69.53900909423828
2022-08-17,76.38999938964844,77.08000183105469,75.9800033569336,76.47000122070312,509200,68.55289459228516
2022-08-18,76.83000183105469,77.44000244140625,76.20999908447266,77.20999908447266,411700,69.21626281738281
2022-08-19,76.72000122070312,76.91000366210938,75.83999633789062,76.33999633789062,802000,68.43633270263672
2022-08-22,75.16999816894531,76.26000213623047,74.04000091552734,74.43000030517578,739400,66.72410583496094
2022-08-23,74.77999877929688,75.6500015258789,74.11000061035156,74.36000061035156,496400,66.66133880615234
2022-08-24,74.0,74.75,73.61000061035156,74.41999816894531,281800,66.71513366699219
2022-08-25,74.5199966430664,76.22000122070312,74.5199966430664,76.16999816894531,478300,68.283935546875
2022-08-26,76.41000366210938,76.68000030517578,73.93000030517578,73.94000244140625,515600,66.28482055664062
2022-08-29,73.20999908447266,74.05999755859375,72.61000061035156,73.20999908447266,657900,65.63040924072266
2022-08-30,73.54000091552734,73.55000305175781,71.7300033569336,72.77999877929688,656300,65.24490356445312
2022-08-31,73.0,73.41999816894531,71.9800033569336,72.16999816894531,455400,64.69806671142578
2022-09-01,71.98999786376953,72.0999984741211,70.48999786376953,71.7300033569336,615200,64.30362701416016
2022-09-02,72.7699966430664,73.41999816894531,70.29000091552734,70.5,981600,63.20096969604492
2022-09-06,70.9800033569336,70.9800033569336,68.5999984741211,69.62000274658203,762000,62.412086486816406
2022-09-07,69.38999938964844,71.98999786376953,69.33999633789062,71.79000091552734,585600,64.35741424560547
2022-09-08,71.18000030517578,73.6500015258789,70.88999938964844,73.61000061035156,558700,65.98899841308594
2022-09-09,74.23999786376953,75.52999877929688,74.19000244140625,75.25,602800,67.4592056274414
2022-09-12,75.25,76.87000274658203,75.25,76.27999877929688,634100,68.38256072998047
2022-09-13,74.04000091552734,74.79000091552734,72.70999908447266,73.05999755859375,594900,65.49591827392578
2022-09-14,73.56999969482422,74.04000091552734,72.38999938964844,73.38999938964844,730900,65.7917709350586
2022-09-15,73.33999633789062,75.44000244140625,73.33999633789062,74.19999694824219,632700,66.51791381835938
2022-09-16,72.77999877929688,73.16000366210938,71.4000015258789,72.66999816894531,2528600,65.14630126953125
2022-09-19,71.44999694824219,74.22000122070312,71.44999694824219,74.19000244140625,667200,66.5089340209961
2022-09-20,73.69000244140625,74.11000061035156,72.9000015258789,73.58999633789062,509000,65.97105407714844
2022-09-21,73.72000122070312,74.7300033569336,72.47000122070312,72.47000122070312,484400,64.96701049804688
2022-09-22,72.62999725341797,72.7300033569336,69.52999877929688,69.7300033569336,760500,62.51069641113281
2022-09-23,68.70999908447266,68.91999816894531,66.30000305175781,67.62000274658203,844700,60.619144439697266
2022-09-26,67.16000366210938,68.1500015258789,66.69000244140625,67.05999755859375,774100,60.117130279541016
2022-09-27,67.54000091552734,68.47000122070312,65.7699966430664,66.83999633789062,707100,59.91990661621094
2022-09-28,67.30000305175781,68.98999786376953,67.0,68.33999633789062,581900,61.26460266113281
2022-09-29,67.25,67.79000091552734,66.11000061035156,67.61000061035156,598700,60.61018753051758
2022-09-30,67.80999755859375,69.13999938964844,67.0,67.13999938964844,883100,60.188846588134766
2022-10-03,68.05000305175781,69.33999633789062,66.80999755859375,69.2699966430664,726200,62.098331451416016
2022-10-04,70.72000122070312,73.91000366210938,70.55999755859375,73.86000061035156,743200,66.21310424804688
2022-10-05,72.18000030517578,73.75,71.01000213623047,73.55000305175781,666200,65.9352035522461
2022-10-06,72.83000183105469,73.75,72.62999725341797,73.05000305175781,492600,65.4869613647461
2022-10-07,72.2699966430664,72.76000213623047,70.4800033569336,71.05999755859375,593400,63.703006744384766
2022-10-10,71.66000366210938,71.9000015258789,70.19999694824219,70.70999908447266,614600,63.38922882080078
2022-10-11,70.33000183105469,71.30999755859375,69.30999755859375,69.86000061035156,725200,62.62723922729492
2022-10-12,69.55000305175781,69.95999908447266,68.47000122070312,68.93000030517578,775100,61.79353332519531
2022-10-13,67.2300033569336,72.05000305175781,66.31999969482422,71.41999816894531,773900,64.02574920654297
2022-10-14,72.45999908447266,73.51000213623047,68.94999694824219,69.16000366210938,943200,61.99971389770508
2022-10-17,71.22000122070312,72.68000030517578,70.80000305175781,72.5,1029500,64.99392700195312
2022-10-18,73.87000274658203,74.29000091552734,72.0999984741211,73.02999877929688,714200,65.46903991699219
2022-10-19,72.31999969482422,73.38999938964844,70.30000305175781,70.98999786376953,1047700,63.64024353027344
2022-10-20,68.05000305175781,69.20999908447266,63.20000076293945,64.38999938964844,2117300,57.72355270385742
2022-10-21,63.84000015258789,67.20999908447266,63.0,66.69999694824219,1294800,59.79440689086914
2022-10-24,67.02999877929688,68.68000030517578,66.79000091552734,67.36000061035156,1069500,60.38607406616211
2022-10-25,66.81999969482422,68.66999816894531,66.4000015258789,68.45999908447266,601900,61.372196197509766
2022-10-26,68.62999725341797,70.8499984741211,68.06999969482422,69.86000061035156,900900,62.62723922729492
2022-10-27,70.80000305175781,71.52999877929688,69.56999969482422,69.88999938964844,811900,62.654109954833984
2022-10-28,70.6500015258789,71.73999786376953,69.80000305175781,71.63999938964844,804400,64.22293853759766
2022-10-31,70.54000091552734,72.33999633789062,70.54000091552734,71.56999969482422,827100,64.52045440673828
2022-11-01,72.55000305175781,72.55000305175781,71.44000244140625,72.0199966430664,590000,64.92611694335938
2022-11-02,71.86000061035156,72.05000305175781,67.7300033569336,68.0,1543900,61.302093505859375
2022-11-03,67.41999816894531,68.37000274658203,66.56999969482422,68.0,1063100,61.302093505859375
2022-11-04,69.41000366210938,70.29000091552734,68.80999755859375,70.0199966430664,984800,63.12310028076172
2022-11-07,70.62999725341797,70.97000122070312,68.97000122070312,69.75,671300,62.87971496582031
2022-11-08,69.56999969482422,70.91000366210938,68.79000091552734,70.1500015258789,947100,63.24031448364258
2022-11-09,69.43000030517578,70.23999786376953,68.55000305175781,68.94000244140625,900000,62.14949417114258
2022-11-10,71.2699966430664,74.04000091552734,71.2699966430664,73.91999816894531,1164400,66.63896942138672
2022-11-11,73.95999908447266,75.25,73.56999969482422,74.06999969482422,1035400,66.7741928100586
2022-11-14,73.47000122070312,73.61000061035156,71.76000213623047,71.80000305175781,905500,64.727783203125
2022-11-15,72.81999969482422,73.7699966430664,71.3499984741211,71.66000366210938,1531300,64.6015853881836
2022-11-16,71.36000061035156,71.36000061035156,68.61000061035156,68.76000213623047,1014200,61.98723220825195
2022-11-17,68.06999969482422,68.06999969482422,66.30999755859375,67.33999633789062,1412700,60.70708465576172
2022-11-18,68.7300033569336,68.91000366210938,66.25,67.2300033569336,952300,60.60792922973633
2022-11-21,67.48999786376953,68.2300033569336,67.02999877929688,68.0,662000,61.302093505859375
2022-11-22,68.41000366210938,69.5999984741211,67.9000015258789,69.55000305175781,638300,62.69941329956055
2022-11-23,69.25,69.69000244140625,68.81999969482422,69.16000366210938,477800,62.34783172607422
2022-11-25,69.73999786376953,70.0,69.19999694824219,69.7300033569336,204700,62.8616943359375
2022-11-28,69.05000305175781,69.37999725341797,67.08999633789062,67.31999969482422,834500,60.689064025878906
2022-11-29,67.54000091552734,68.38999938964844,66.87000274658203,68.13999938964844,722900,61.42829132080078
2022-11-30,68.05999755859375,70.30000305175781,66.7699966430664,70.20999908447266,1156700,63.29441833496094
2022-12-01,70.6500015258789,70.95999908447266,68.52999877929688,69.22000122070312,620900,62.40193176269531
2022-12-02,68.30999755859375,69.23999786376953,68.02999877929688,68.81999969482422,529900,62.041316986083984
2022-12-05,68.2300033569336,68.2300033569336,62.90999984741211,63.959999084472656,1450600,57.66001892089844
2022-12-06,64.02999877929688,65.08999633789062,63.52000045776367,64.97000122070312,1657300,58.570533752441406
2022-12-07,64.70999908447266,66.54000091552734,64.33999633789062,65.77999877929688,1370600,59.300743103027344
2022-12-08,66.26000213623047,66.45999908447266,65.30000305175781,65.7300033569336,639800,59.255680084228516
2022-12-09,65.36000061035156,66.22000122070312,65.22000122070312,65.66999816894531,743300,59.20159149169922
2022-12-12,65.9000015258789,67.55999755859375,65.0999984741211,67.26000213623047,724900,60.634986877441406
2022-12-13,68.69000244140625,69.0,65.25,66.12000274658203,950700,59.60726547241211
2022-12-14,66.13999938964844,66.37000274658203,64.26000213623047,64.37999725341797,848000,58.03864669799805
2022-12-15,63.47999954223633,64.18000030517578,62.66999816894531,63.279998779296875,1218700,57.047000885009766
2022-12-16,62.68000030517578,63.779998779296875,62.349998474121094,62.97999954223633,2414800,56.776554107666016
2022-12-19,62.970001220703125,63.9900016784668,62.560001373291016,63.56999969482422,844300,57.30842971801758
2022-12-20,63.83000183105469,64.69999694824219,63.68000030517578,64.30000305175781,687200,57.96653747558594
2022-12-21,65.08000183105469,66.22000122070312,65.06999969482422,65.36000061035156,735700,58.922119140625
2022-12-22,65.12000274658203,65.12000274658203,63.189998626708984,64.55999755859375,640000,58.2009162902832
2022-12-23,64.48999786376953,65.0,64.01000213623047,64.86000061035156,490000,58.47136688232422
2022-12-27,65.04000091552734,65.30999755859375,64.16000366210938,64.81999969482422,580000,58.43531036376953
2022-12-28,65.27999877929688,65.27999877929688,64.44000244140625,64.4800033569336,467200,58.12880325317383
2022-12-29,64.61000061035156,66.43000030517578,64.4800033569336,66.06999969482422,588300,59.56218719482422
2022-12-30,65.52999877929688,66.08000183105469,65.16000366210938,65.9000015258789,474500,59.408931732177734
2023-01-03,66.31999969482422,67.01000213623047,65.33999633789062,66.01000213623047,853800,59.50809860229492
2023-01-04,66.79000091552734,67.5,65.98999786376953,66.55000305175781,1733100,59.99491882324219
2023-01-05,66.30999755859375,67.02999877929688,65.43000030517578,66.58999633789062,933300,60.030967712402344
2023-01-06,67.30000305175781,68.48999786376953,66.5199966430664,68.3499984741211,853700,61.617610931396484
2023-01-09,68.47000122070312,68.58000183105469,67.20999908447266,67.33999633789062,788100,60.70708465576172
2023-01-10,67.23999786376953,67.7300033569336,66.54000091552734,67.52999877929688,479400,60.87837219238281
2023-01-11,68.05999755859375,68.29000091552734,67.37000274658203,67.87000274658203,697900,61.18489456176758
2023-01-12,68.43000030517578,69.87000274658203,68.11000061035156,69.01000213623047,625500,62.21259689331055
2023-01-13,67.87000274658203,69.2699966430664,67.13999938964844,69.19999694824219,490900,62.38388442993164
2023-01-17,68.9800033569336,69.38999938964844,68.22000122070312,68.47000122070312,662800,61.72579574584961
2023-01-18,68.19999694824219,68.22000122070312,65.77999877929688,65.87999725341797,786000,59.39090347290039
2023-01-19,65.58000183105469,66.3499984741211,64.7699966430664,66.08000183105469,821100,59.57121658325195
2023-01-20,66.73999786376953,68.12000274658203,66.38999938964844,68.08999633789062,689600,61.38322067260742
2023-01-23,68.5,70.0999984741211,67.80000305175781,69.76000213623047,901500,62.88874435424805
2023-01-24,69.9000015258789,69.9000015258789,68.16999816894531,68.36000061035156,943300,61.62663269042969
2023-01-25,67.86000061035156,69.01000213623047,67.36000061035156,68.9000015258789,1030500,62.11342239379883
2023-01-26,71.0,74.95999908447266,70.73999786376953,74.62000274658203,2188500,67.27001953125
2023-01-27,75.0199966430664,77.08000183105469,75.0199966430664,75.94000244140625,1377300,68.46002197265625
2023-01-30,75.38999938964844,75.9800033569336,74.80000305175781,75.1500015258789,1093300,67.74781799316406
2023-01-31,75.1500015258789,78.58000183105469,75.1500015258789,78.5199966430664,1195000,70.785888671875
2023-02-01,78.13999938964844,80.58999633789062,77.55999755859375,79.91000366210938,967100,72.03897094726562
2023-02-02,80.91999816894531,80.9800033569336,78.2699966430664,78.9000015258789,1374900,71.12845611572266
2023-02-03,78.05999755859375,80.0999984741211,78.0199966430664,78.47000122070312,996800,71.17379760742188
2023-02-06,78.20999908447266,78.75,77.75,78.29000091552734,589300,71.01053619384766
2023-02-07,78.08000183105469,80.26000213623047,77.55000305175781,79.95999908447266,738600,72.52526092529297
2023-02-08,79.12000274658203,79.66999816894531,78.52999877929688,78.87999725341797,586500,71.54568481445312
2023-02-09,79.44000244140625,80.05999755859375,77.80000305175781,77.91999816894531,990300,70.67493438720703
2023-02-10,77.58000183105469,78.0,76.9000015258789,77.62000274658203,504800,70.40284729003906
2023-02-13,77.77999877929688,78.4000015258789,77.13999938964844,78.08999633789062,545300,70.82913208007812
2023-02-14,78.16999816894531,78.47000122070312,76.69000244140625,77.81999969482422,527400,70.58423614501953
2023-02-15,77.05999755859375,78.76000213623047,77.04000091552734,78.4800033569336,553200,71.1828842163086
2023-02-16,77.2699966430664,78.91000366210938,76.86000061035156,77.79000091552734,806300,70.55703735351562
2023-02-17,77.83000183105469,78.37000274658203,76.61000061035156,78.16000366210938,813200,70.89263153076172
2023-02-21,77.19000244140625,77.3499984741211,76.05999755859375,76.3499984741211,496400,69.25092315673828
2023-02-22,76.4800033569336,76.5999984741211,75.08999633789062,75.77999877929688,582300,68.73393249511719
2023-02-23,76.33000183105469,76.62000274658203,75.13999938964844,76.31999969482422,528600,69.22371673583984
2023-02-24,75.45999908447266,77.05000305175781,74.69000244140625,76.83000183105469,597200,69.68629455566406
2023-02-27,77.63999938964844,77.72000122070312,76.88999938964844,76.88999938964844,787400,69.74070739746094
2023-02-28,77.19999694824219,77.5,76.16999816894531,76.20999908447266,1360600,69.12393188476562
2023-03-01,75.5,75.91000366210938,74.5999984741211,75.83000183105469,1260700,68.77926635742188
2023-03-02,75.06999969482422,75.06999969482422,73.0,74.38999938964844,830000,67.47315979003906
2023-03-03,74.97000122070312,75.54000091552734,74.27999877929688,75.25,640700,68.25320434570312
2023-03-06,75.26000213623047,75.86000061035156,74.48999786376953,74.55000305175781,664200,67.61827850341797
2023-03-07,74.13999938964844,74.13999938964844,72.48999786376953,72.80999755859375,848100,66.04007720947266
2023-03-08,73.08999633789062,73.5999984741211,72.36000061035156,72.87999725341797,651700,66.10354614257812
2023-03-09,71.66999816894531,71.98999786376953,66.77999877929688,66.79000091552734,1363000,60.57981872558594
2023-03-10,64.62000274658203,65.12999725341797,60.290000915527344,62.709999084472656,3140100,56.879180908203125
2023-03-13,53.369998931884766,55.45000076293945,33.86000061035156,51.81999969482422,12939400,47.001739501953125
2023-03-14,58.599998474121094,59.880001068115234,55.25,57.380001068115234,5335500,52.04477310180664
2023-03-15,54.0,57.0,52.209999084472656,56.720001220703125,4057000,51.446136474609375
2023-03-16,54.77000045776367,59.34000015258789,53.099998474121094,58.38999938964844,2999400,52.960853576660156
2023-03-17,57.38999938964844,57.4900016784668,52.25,54.619998931884766,3823700,49.54138946533203
2023-03-20,54.970001220703125,56.36000061035156,53.689998626708984,54.81999969482422,2655800,49.72279739379883
2023-03-21,57.0,60.720001220703125,56.959999084472656,60.29999923706055,2624800,54.69325637817383
2023-03-22,60.310001373291016,60.310001373291016,55.0,55.130001068115234,2032300,50.003963470458984
2023-03-23,56.060001373291016,56.630001068115234,52.47999954223633,53.630001068115234,2539000,48.64345169067383
2023-03-24,52.720001220703125,55.65999984741211,52.18000030517578,54.72999954223633,1847500,49.64116287231445
2023-03-27,56.970001220703125,57.5,55.119998931884766,55.7400016784668,1277200,50.5572509765625
2023-03-28,55.43000030517578,56.7400016784668,55.0099983215332,56.369998931884766,1343400,51.128665924072266
2023-03-29,57.61000061035156,58.02000045776367,56.33000183105469,56.959999084472656,1145300,51.663822174072266
2023-03-30,57.90999984741211,58.13999938964844,54.70000076293945,55.15999984741211,1848200,50.03118133544922
2023-03-31,56.119998931884766,56.5099983215332,54.79999923706055,55.5,1346200,50.339576721191406
2023-04-03,55.599998474121094,55.849998474121094,53.81999969482422,54.58000183105469,1168300,49.50511169433594
2023-04-04,55.13999938964844,55.13999938964844,52.47999954223633,53.25,1394300,48.29877471923828
2023-04-05,52.0,52.790000915527344,50.380001068115234,51.060001373291016,4656000,46.312400817871094
2023-04-06,51.060001373291016,53.15999984741211,51.060001373291016,53.02000045776367,1850800,48.09016036987305
2023-04-10,52.56999969482422,53.70000076293945,52.0,53.36000061035156,1150900,48.39854431152344
2023-04-11,53.689998626708984,54.0,53.02000045776367,53.369998931884766,807700,48.40761947631836
2023-04-12,54.119998931884766,54.400001525878906,52.81999969482422,53.2400016784668,922500,48.28970718383789
2023-04-13,53.709999084472656,54.11000061035156,52.58000183105469,53.97999954223633,1170900,48.96089553833008
2023-04-14,55.25,55.40999984741211,52.09000015258789,52.4900016784668,1819100,47.60944366455078
2023-04-17,51.77000045776367,53.88999938964844,51.22999954223633,53.72999954223633,1691300,48.73414611816406
2023-04-18,54.0,54.130001068115234,52.290000915527344,53.0099983215332,1493100,48.08109664916992
2023-04-19,53.5,55.869998931884766,53.20000076293945,55.689998626708984,1686800,50.51190185546875
2023-04-20,53.0,57.77000045776367,52.880001068115234,55.63999938964844,2175800,50.466552734375
2023-04-21,55.130001068115234,55.34000015258789,54.29999923706055,54.810001373291016,1036700,49.713722229003906
2023-04-24,54.880001068115234,55.66999816894531,53.63999938964844,53.72999954223633,1051900,48.73414611816406
2023-04-25,52.650001525878906,53.119998931884766,50.790000915527344,51.209999084472656,1442500,46.44845199584961
2023-04-26,51.68000030517578,52.540000915527344,50.52000045776367,51.0,1021700,46.25798416137695
2023-04-27,51.0,51.59000015258789,50.560001373291016,50.93000030517578,1041700,46.19448471069336
2023-04-28,50.290000915527344,52.09000015258789,49.7599983215332,51.689998626708984,1506700,47.32989501953125
2023-05-01,51.47999954223633,51.91999816894531,50.47999954223633,50.560001373291016,898300,46.29521179199219
2023-05-02,50.43000030517578,50.43000030517578,45.31999969482422,46.099998474121094,4130200,42.2114143371582
2023-05-03,46.27000045776367,47.68000030517578,44.52000045776367,45.08000183105469,2693500,41.2774543762207
2023-05-04,43.18000030517578,44.15999984741211,41.119998931884766,41.38999938964844,5710100,37.898704528808594
2023-05-05,44.90999984741211,45.08000183105469,43.2400016784668,44.209999084472656,3549300,40.480838775634766
2023-05-08,45.900001525878906,46.7599983215332,44.41999816894531,44.93000030517578,1893500,41.14010238647461
2023-05-09,44.099998474121094,45.20000076293945,43.220001220703125,44.880001068115234,1437500,41.09432601928711
2023-05-10,46.060001373291016,46.060001373291016,43.75,44.369998931884766,1144000,40.627342224121094
2023-05-11,43.439998626708984,44.43000030517578,42.599998474121094,43.81999969482422,1340000,40.12373352050781
2023-05-12,44.43000030517578,44.790000915527344,43.720001220703125,44.7400016784668,1302400,40.96613693237305
2023-05-15,44.81999969482422,47.150001525878906,44.689998626708984,46.90999984741211,1710300,42.95309066772461
2023-05-16,47.08000183105469,47.83000183105469,46.20000076293945,46.31999969482422,2089700,42.41285705566406
2023-05-17,47.61000061035156,49.13999938964844,47.52000045776367,48.849998474121094,2428200,44.729454040527344
2023-05-18,49.20000076293945,49.88999938964844,48.20000076293945,49.4900016784668,1251300,45.31547164916992
2023-05-19,49.70000076293945,49.7599983215332,47.52000045776367,48.5,903700,44.40897750854492
2023-05-22,49.2400016784668,50.09000015258789,48.40999984741211,49.90999984741211,1096800,45.70003890991211
2023-05-23,50.33000183105469,52.13999938964844,50.25,50.720001220703125,1367800,46.441715240478516
2023-05-24,49.9900016784668,50.380001068115234,49.45000076293945,49.93000030517578,973900,45.71834945678711
2023-05-25,49.540000915527344,50.349998474121094,48.70000076293945,49.939998626708984,664700,45.72750473022461
2023-05-26,50.27000045776367,50.36000061035156,48.900001525878906,50.290000915527344,889500,46.04798889160156
2023-05-30,50.5099983215332,50.619998931884766,48.970001220703125,49.7599983215332,715800,45.56268310546875
2023-05-31,49.36000061035156,49.66999816894531,47.38999938964844,47.849998474121094,1368400,43.813804626464844
2023-06-01,48.560001373291016,49.630001068115234,47.61000061035156,49.09000015258789,748400,44.94921112060547
2023-06-02,50.0,52.40999984741211,49.880001068115234,52.08000183105469,1337300,47.68699645996094
2023-06-05,51.560001373291016,52.0,50.20000076293945,51.02000045776367,1162500,46.71640396118164
2023-06-06,50.9900016784668,54.45000076293945,50.61000061035156,53.869998931884766,1226200,49.326011657714844
2023-06-07,54.58000183105469,55.15999984741211,53.65999984741211,54.54999923706055,1560200,49.94865036010742
2023-06-08,54.189998626708984,54.59000015258789,53.02000045776367,53.7400016784668,1061000,49.20698165893555
2023-06-09,53.630001068115234,53.900001525878906,52.47999954223633,52.77000045776367,948100,48.31879425048828
2023-06-12,52.77000045776367,54.40999984741211,52.369998931884766,53.16999816894531,1088800,48.685054779052734
2023-06-13,53.29999923706055,54.7599983215332,52.79999923706055,54.630001068115234,959100,50.02190399169922
2023-06-14,54.959999084472656,55.45000076293945,53.09000015258789,53.27000045776367,1278700,48.7766227722168
2023-06-15,52.79999923706055,54.52000045776367,52.66999816894531,54.52000045776367,779400,49.92117691040039
2023-06-16,54.90999984741211,55.02000045776367,53.06999969482422,53.43000030517578,2175900,48.923126220703125
2023-06-20,53.369998931884766,53.369998931884766,52.27000045776367,53.04999923706055,819900,48.57518005371094
2023-06-21,52.779998779296875,52.810001373291016,51.650001525878906,51.689998626708984,1154000,47.32989501953125
2023-06-22,51.38999938964844,51.38999938964844,49.400001525878906,49.70000076293945,1037100,45.507755279541016
2023-06-23,49.029998779296875,49.7599983215332,48.650001525878906,49.380001068115234,1480200,45.214752197265625
2023-06-26,49.84000015258789,51.150001525878906,49.84000015258789,50.34000015258789,751400,46.09376907348633
2023-06-27,50.5,51.970001220703125,49.88999938964844,51.63999938964844,540100,47.284122467041016
2023-06-28,51.27000045776367,51.7599983215332,50.59000015258789,51.56999969482422,651600,47.22001266479492
2023-06-29,51.88999938964844,52.970001220703125,51.70000076293945,51.790000915527344,854100,47.42146301269531
2023-06-30,52.29999923706055,53.15999984741211,51.720001220703125,52.790000915527344,1158000,48.33710479736328
2023-07-03,53.11000061035156,54.189998626708984,52.790000915527344,53.40999984741211,459600,48.904808044433594
2023-07-05,52.779998779296875,53.869998931884766,52.5,52.79999923706055,801900,48.34626388549805
2023-07-06,52.15999984741211,52.849998474121094,51.2400016784668,52.689998626708984,843700,48.245540618896484
2023-07-07,52.75,55.18000030517578,52.7400016784668,54.47999954223633,1369000,49.884559631347656
2023-07-10,54.529998779296875,55.59000015258789,54.15999984741211,55.20000076293945,911400,50.5438232421875
2023-07-11,55.439998626708984,56.099998474121094,54.9900016784668,55.83000183105469,677700,51.12068176269531
2023-07-12,56.959999084472656,57.880001068115234,56.47999954223633,57.130001068115234,1043400,52.31102752685547
2023-07-13,57.79999923706055,58.779998779296875,57.20000076293945,58.619998931884766,1443100,53.67534255981445
2023-07-14,59.099998474121094,59.119998931884766,56.709999084472656,56.91999816894531,1285400,52.11873245239258
2023-07-17,56.540000915527344,57.90999984741211,56.400001525878906,57.7400016784668,710400,52.869571685791016
2023-07-18,57.7599983215332,60.689998626708984,57.720001220703125,60.58000183105469,931600,55.470008850097656
2023-07-19,60.810001373291016,62.040000915527344,60.0,61.619998931884766,1312000,56.42228698730469
2023-07-20,61.70000076293945,62.099998474121094,58.790000915527344,60.61000061035156,2271100,55.49748611450195
2023-07-21,61.2599983215332,61.2599983215332,58.36000061035156,58.86000061035156,1439600,53.89509582519531
2023-07-24,58.939998626708984,59.790000915527344,58.439998626708984,58.790000915527344,1536600,53.83100128173828
2023-07-25,59.0,60.29999923706055,58.04999923706055,58.47999954223633,1507500,53.54715347290039
2023-07-26,59.439998626708984,62.88999938964844,59.209999084472656,62.79999923706055,1427700,57.50275802612305
2023-07-27,63.27000045776367,63.560001373291016,60.97999954223633,61.2599983215332,1211700,56.0926513671875
2023-07-28,62.099998474121094,62.84000015258789,61.720001220703125,62.689998626708984,623500,57.40203094482422
2023-07-31,62.220001220703125,62.68000030517578,61.529998779296875,62.209999084472656,993400,57.402034759521484
2023-08-01,61.58000183105469,61.58000183105469,59.939998626708984,60.470001220703125,1328900,55.7965087890625
2023-08-02,59.380001068115234,60.0099983215332,58.5099983215332,59.90999984741211,876100,55.27979278564453
2023-08-03,59.540000915527344,60.93000030517578,59.09000015258789,60.75,610600,56.054866790771484
2023-08-04,60.310001373291016,61.4900016784668,60.310001373291016,61.209999084472656,604600,56.47932052612305
2023-08-07,61.02000045776367,61.43000030517578,60.540000915527344,61.119998931884766,760900,56.396278381347656
2023-08-08,59.70000076293945,59.86000061035156,58.290000915527344,59.779998779296875,747400,55.15984344482422
2023-08-09,59.310001373291016,59.59000015258789,58.11000061035156,58.2599983215332,552800,53.75730514526367
2023-08-10,58.93000030517578,59.720001220703125,58.209999084472656,58.470001220703125,640100,53.95108413696289
2023-08-11,58.0,58.47999954223633,57.72999954223633,58.459999084472656,607400,53.94185256958008
2023-08-14,57.939998626708984,58.0,56.599998474121094,56.9900016784668,642000,52.58547592163086
2023-08-15,56.0,56.16999816894531,53.9900016784668,54.25,1487800,50.05723571777344
2023-08-16,53.970001220703125,54.58000183105469,53.88999938964844,54.45000076293945,1133600,50.24177932739258
2023-08-17,54.91999816894531,55.560001373291016,54.540000915527344,54.97999954223633,738700,50.73081588745117
2023-08-18,54.279998779296875,54.9900016784668,54.0,54.790000915527344,468600,50.555503845214844
2023-08-21,55.0,55.2599983215332,53.88999938964844,54.77000045776367,508100,50.537044525146484
2023-08-22,54.70000076293945,55.119998931884766,52.720001220703125,53.0099983215332,770700,48.913063049316406
2023-08-23,53.0,54.119998931884766,52.689998626708984,54.0099983215332,616800,49.83577346801758
2023-08-24,53.790000915527344,55.099998474121094,53.790000915527344,54.369998931884766,718200,50.167964935302734
2023-08-25,54.619998931884766,55.119998931884766,53.40999984741211,54.36000061035156,552600,50.158729553222656
2023-08-28,54.91999816894531,55.5099983215332,54.4900016784668,55.130001068115234,474700,50.869224548339844
2023-08-29,55.099998474121094,56.38999938964844,54.58000183105469,56.029998779296875,593800,51.69966125488281
2023-08-30,55.939998626708984,56.20000076293945,55.25,55.41999816894531,736300,51.136810302734375
2023-08-31,55.52000045776367,55.66999816894531,54.880001068115234,55.34000015258789,968500,51.062992095947266
2023-09-01,55.91999816894531,56.54999923706055,55.81999969482422,56.0099983215332,673900,51.681209564208984
2023-09-05,55.40999984741211,55.79999923706055,54.93000030517578,55.13999938964844,667000,50.878448486328125
2023-09-06,54.81999969482422,55.459999084472656,53.130001068115234,53.2599983215332,891400,49.143741607666016
2023-09-07,52.810001373291016,53.369998931884766,52.43000030517578,52.66999816894531,1706400,48.599342346191406
2023-09-08,52.959999084472656,53.5099983215332,52.2400016784668,53.47999954223633,573100,49.34674072265625
2023-09-11,54.0099983215332,54.4900016784668,53.29999923706055,53.43000030517578,518700,49.30060958862305
2023-09-12,53.459999084472656,54.56999969482422,53.36000061035156,54.150001525878906,867700,49.9649658203125
2023-09-13,54.369998931884766,54.369998931884766,53.04999923706055,53.90999984741211,688200,49.74351119995117
2023-09-14,54.779998779296875,55.2599983215332,54.02000045776367,54.88999938964844,700500,50.64776611328125
2023-09-15,54.529998779296875,55.0099983215332,54.150001525878906,54.86000061035156,2075000,50.62009048461914
2023-09-18,54.52000045776367,54.58000183105469,53.790000915527344,54.11000061035156,752700,49.92805099487305
2023-09-19,54.15999984741211,54.75,53.66999816894531,53.970001220703125,645400,49.79887008666992
2023-09-20,54.400001525878906,54.95000076293945,53.349998474121094,53.540000915527344,734000,49.40210723876953
2023-09-21,53.2400016784668,53.7400016784668,52.7599983215332,53.2599983215332,726100,49.143741607666016
2023-09-22,53.540000915527344,53.86000061035156,52.93000030517578,53.380001068115234,616400,49.25447082519531
2023-09-25,53.02000045776367,53.810001373291016,53.0,53.7599983215332,659000,49.6051025390625
2023-09-26,53.150001525878906,53.7599983215332,52.08000183105469,52.220001220703125,613600,48.18412399291992
2023-09-27,52.650001525878906,52.65999984741211,51.0099983215332,51.61000061035156,1063700,47.62126541137695
2023-09-28,51.119998931884766,52.84000015258789,51.119998931884766,52.380001068115234,886500,48.331764221191406
2023-09-29,53.06999969482422,53.75,52.58000183105469,52.709999084472656,710800,48.63625717163086
2023-10-02,52.439998626708984,52.650001525878906,50.72999954223633,51.119998931884766,1018100,47.16913604736328
2023-10-03,51.220001220703125,51.220001220703125,49.790000915527344,50.09000015258789,1001700,46.21874237060547
2023-10-04,50.470001220703125,50.68000030517578,49.59000015258789,50.439998626708984,698300,46.54169464111328
2023-10-05,50.209999084472656,51.310001373291016,50.20000076293945,51.150001525878906,794300,47.196815490722656
2023-10-06,50.529998779296875,52.119998931884766,50.400001525878906,51.75,1103500,47.75045394897461
2023-10-09,50.93000030517578,51.77000045776367,50.93000030517578,51.31999969482422,701600,47.353675842285156
2023-10-10,51.790000915527344,52.529998779296875,51.66999816894531,51.84000015258789,740200,47.833492279052734
2023-10-11,51.93000030517578,52.720001220703125,51.150001525878906,51.70000076293945,625400,47.70431900024414
2023-10-12,51.810001373291016,51.810001373291016,50.709999084472656,51.27000045776367,515200,47.30754089355469
2023-10-13,51.9900016784668,51.9900016784668,50.25,50.52000045776367,920500,46.615509033203125
2023-10-16,50.29999923706055,51.95000076293945,50.22999954223633,51.61000061035156,960000,47.62126541137695
2023-10-17,51.29999923706055,53.83000183105469,51.25,53.34000015258789,1204600,49.217559814453125
2023-10-18,53.099998474121094,53.099998474121094,51.279998779296875,51.47999954223633,1156500,47.50130844116211
2023-10-19,51.650001525878906,54.529998779296875,51.4900016784668,52.97999954223633,2152900,48.88538360595703
2023-10-20,52.75,52.77000045776367,51.13999938964844,51.47999954223633,1689600,47.50130844116211
2023-10-23,51.439998626708984,53.59000015258789,51.33000183105469,52.52000045776367,1266900,48.4609375
2023-10-24,52.83000183105469,53.119998931884766,51.93000030517578,52.43000030517578,1119500,48.377899169921875
2023-10-25,51.939998626708984,52.86000061035156,51.400001525878906,52.689998626708984,1823900,48.617794036865234
2023-10-26,52.720001220703125,53.970001220703125,52.720001220703125,53.65999984741211,1110900,49.5128288269043
2023-10-27,53.65999984741211,53.68000030517578,52.290000915527344,52.63999938964844,1299900,48.571659088134766
2023-10-30,53.709999084472656,54.20000076293945,52.880001068115234,53.939998626708984,1044200,49.77119064331055
2023-10-31,53.400001525878906,54.0,53.22999954223633,53.619998931884766,1201500,49.92014694213867
2023-11-01,53.61000061035156,53.97999954223633,52.90999984741211,53.939998626708984,1195400,50.218074798583984
2023-11-02,54.5,56.90999984741211,54.22999954223633,56.88999938964844,1184400,52.96451950073242
2023-11-03,59.0,59.77000045776367,58.47999954223633,59.11000061035156,1265800,55.03133773803711
2023-11-06,59.04999923706055,59.25,57.91999816894531,58.20000076293945,905700,54.18412399291992
2023-11-07,57.900001525878906,58.06999969482422,57.099998474121094,57.349998474121094,534900,53.39277648925781
2023-11-08,57.439998626708984,57.439998626708984,56.380001068115234,56.61000061035156,561800,52.70383834838867
2023-11-09,56.619998931884766,57.029998779296875,55.5099983215332,55.68000030517578,1075200,51.838008880615234
2023-11-10,55.970001220703125,56.7599983215332,55.43000030517578,56.5099983215332,708800,52.61073684692383
2023-11-13,56.34000015258789,57.2599983215332,55.619998931884766,57.11000061035156,704600,53.169342041015625
2023-11-14,58.119998931884766,61.27000045776367,58.119998931884766,60.2400016784668,1470100,56.083370208740234
2023-11-15,60.31999969482422,62.16999816894531,60.2599983215332,61.900001525878906,1770600,57.62882614135742
2023-11-16,62.029998779296875,62.310001373291016,60.939998626708984,61.65999984741211,1307100,57.4053840637207
2023-11-17,62.189998626708984,62.849998474121094,61.58000183105469,62.380001068115234,935200,58.07570266723633
2023-11-20,62.220001220703125,62.47999954223633,61.400001525878906,61.65999984741211,815500,57.4053840637207
2023-11-21,61.349998474121094,61.689998626708984,60.68000030517578,60.880001068115234,640500,56.679203033447266
2023-11-22,61.4900016784668,61.779998779296875,60.5,60.97999954223633,384400,56.77229690551758
2023-11-24,61.04999923706055,61.459999084472656,60.88999938964844,61.029998779296875,166600,56.81884765625
2023-11-27,60.7599983215332,61.5099983215332,60.43000030517578,61.36000061035156,680700,57.12608337402344
2023-11-28,61.119998931884766,61.33000183105469,60.34000015258789,60.900001525878906,541700,56.69782638549805
2023-11-29,61.369998931884766,62.79999923706055,61.15999984741211,62.41999816894531,997900,58.112937927246094
2023-11-30,62.529998779296875,63.459999084472656,61.869998931884766,62.91999816894531,1031600,58.578433990478516
2023-12-01,62.900001525878906,65.97000122070312,62.349998474121094,65.68000030517578,1161800,61.14799499511719
2023-12-04,65.52999877929688,67.18000030517578,65.3499984741211,66.94999694824219,1102000,62.330360412597656
2023-12-05,66.4800033569336,67.20999908447266,66.38999938964844,66.58000183105469,737000,61.985897064208984
2023-12-06,67.48999786376953,68.6500015258789,66.8499984741211,66.9000015258789,1479800,62.28382110595703
2023-12-07,66.94000244140625,67.95999908447266,66.69000244140625,67.30999755859375,752200,62.66551971435547
2023-12-08,67.51000213623047,68.86000061035156,67.33999633789062,68.62000274658203,949600,63.8851432800293
2023-12-11,68.45999908447266,68.80999755859375,68.05999755859375,68.43000030517578,678700,63.70823287963867
2023-12-12,68.37999725341797,68.44999694824219,67.25,67.41000366210938,797600,62.758644104003906
2023-12-13,67.33999633789062,70.55999755859375,67.02999877929688,70.47000122070312,1113500,65.60748291015625
2023-12-14,72.61000061035156,74.61000061035156,71.69999694824219,72.75,1990600,67.73016357421875
2023-12-15,72.66999816894531,72.66999816894531,70.69000244140625,71.37999725341797,3071200,66.4546890258789
2023-12-18,72.06999969482422,72.25,71.20999908447266,71.7699966430664,886200,66.81776428222656
2023-12-19,71.81999969482422,72.77999877929688,71.63999938964844,72.37999725341797,765100,67.38568115234375
2023-12-20,72.06999969482422,72.79000091552734,70.72000122070312,70.73999786376953,795500,65.85884094238281
2023-12-21,71.45999908447266,72.08999633789062,70.48999786376953,71.41000366210938,719500,66.48262023925781
2023-12-22,71.80000305175781,72.41000366210938,71.30999755859375,71.51000213623047,542400,66.57571411132812
2023-12-26,71.83999633789062,72.77999877929688,71.51000213623047,72.44000244140625,460000,67.44154357910156
2023-12-27,72.25,72.80000305175781,71.83000183105469,72.55000305175781,424800,67.54396057128906
2023-12-28,72.12000274658203,72.91999816894531,72.0199966430664,72.86000061035156,405700,67.83257293701172
2023-12-29,72.73999786376953,72.75,71.91000366210938,71.94999694824219,544700,66.9853515625
2024-01-02,71.25,73.25,70.8499984741211,72.88999938964844,871300,67.8604965209961
2024-01-03,71.58000183105469,71.76000213623047,70.37999725341797,70.54000091552734,770400,65.67266082763672
2024-01-04,70.7300033569336,71.66999816894531,70.38999938964844,71.04000091552734,1003500,66.13815307617188
2024-01-05,70.86000061035156,73.9800033569336,70.45999908447266,72.45999908447266,1878700,67.4601821899414
2024-01-08,72.47000122070312,73.18000030517578,71.83000183105469,73.1500015258789,1679300,68.10255432128906
2024-01-09,72.05999755859375,72.7300033569336,71.81999969482422,72.63999938964844,873300,67.62774658203125
2024-01-10,72.83999633789062,72.88999938964844,71.79000091552734,72.83999633789062,965100,67.81394958496094
2024-01-11,72.69999694824219,72.73999786376953,71.33000183105469,72.3499984741211,1205600,67.35774993896484
2024-01-12,72.54000091552734,73.06999969482422,70.94999694824219,71.79000091552734,2023500,66.83641052246094
2024-01-16,70.38999938964844,71.16000366210938,69.7699966430664,70.08000183105469,841500,65.24440002441406
2024-01-17,68.91999816894531,69.91000366210938,68.36000061035156,68.95999908447266,1106600,64.2016830444336
2024-01-18,69.62999725341797,69.83999633789062,68.69999694824219,69.33999633789062,1054500,64.55545806884766
2024-01-19,69.19999694824219,70.87999725341797,68.8499984741211,70.86000061035156,965400,65.97057342529297
2024-01-22,71.58999633789062,73.02999877929688,71.13999938964844,72.91999816894531,1779100,67.8884048461914
2024-01-23,73.76000213623047,74.4000015258789,72.73999786376953,73.68000030517578,2986200,68.59599304199219
2024-01-24,72.5,76.87999725341797,72.05000305175781,75.7300033569336,2678700,70.50453186035156
2024-01-25,76.37000274658203,76.6500015258789,73.58000183105469,74.94999694824219,1629900,69.7783432006836
2024-01-26,75.2300033569336,76.0999984741211,74.11000061035156,74.27999877929688,1037600,69.15459442138672
2024-01-29,73.95999908447266,76.0999984741211,73.93000030517578,76.04000091552734,966000,70.79315185546875
2024-01-30,75.86000061035156,76.48999786376953,74.76000213623047,74.8499984741211,1173500,69.68525695800781
2024-01-31,73.1500015258789,75.33999633789062,72.37999725341797,72.80999755859375,2179500,67.7860107421875
2024-02-01,72.52999877929688,72.69999694824219,67.44000244140625,69.23999786376953,2846100,64.95299530029297
2024-02-02,68.05000305175781,70.4000015258789,67.72000122070312,70.04000091552734,1392500,65.7034683227539
2024-02-05,69.54000091552734,70.13999938964844,68.43000030517578,69.73999786376953,1124000,65.42203521728516
2024-02-06,69.7300033569336,70.16999816894531,68.70999908447266,69.26000213623047,1052300,64.97175598144531
2024-02-07,69.66000366210938,69.76000213623047,67.2699966430664,69.19999694824219,1153200,64.91548156738281
2024-02-08,68.7300033569336,69.61000061035156,68.54000091552734,69.16999816894531,735300,64.88733673095703
2024-02-09,69.05999755859375,69.44000244140625,68.20999908447266,69.41000366210938,1105900,65.11248779296875
2024-02-12,69.48999786376953,71.98999786376953,69.44000244140625,71.62999725341797,1167000,67.19503021240234
2024-02-13,69.56999969482422,70.36000061035156,68.36000061035156,69.47000122070312,1299500,65.16874694824219
2024-02-14,70.29000091552734,71.62999725341797,70.01000213623047,71.55999755859375,929300,67.12935638427734
2024-02-15,71.98999786376953,73.83000183105469,71.87000274658203,73.16999816894531,684600,68.6396713256836
2024-02-16,72.38999938964844,73.36000061035156,71.86000061035156,71.88999938964844,775700,67.43892669677734
2024-02-20,71.33999633789062,72.48999786376953,71.06999969482422,71.41000366210938,656700,66.98865509033203
2024-02-21,71.0,71.13999938964844,70.33000183105469,70.91000366210938,563600,66.51959991455078
2024-02-22,71.33999633789062,72.27999877929688,70.93000030517578,72.11000061035156,664000,67.64529418945312
2024-02-23,71.93000030517578,72.83000183105469,71.51000213623047,72.36000061035156,667200,67.87982177734375
2024-02-26,71.69000244140625,72.56999969482422,70.75,71.18000030517578,864600,66.77288818359375
2024-02-27,71.51000213623047,73.3499984741211,71.51000213623047,73.11000061035156,784300,68.58338165283203
2024-02-28,72.5,73.11000061035156,72.02999877929688,72.12999725341797,817400,67.66407775878906
2024-02-29,73.18000030517578,74.08999633789062,72.25,72.86000061035156,742000,68.348876953125
2024-03-01,72.13999938964844,72.4800033569336,70.5999984741211,72.16000366210938,813300,67.69222259521484
2024-03-04,74.01000213623047,74.83999633789062,73.05000305175781,73.22000122070312,1449900,68.68657684326172
2024-03-05,72.8499984741211,76.73999786376953,72.83999633789062,76.69000244140625,1270700,71.94173431396484
2024-03-06,76.37999725341797,78.43000030517578,75.26000213623047,77.12999725341797,1733000,72.35448455810547
2024-03-07,77.76000213623047,78.38999938964844,76.55000305175781,76.86000061035156,1094900,72.1012191772461
2024-03-08,77.94999694824219,78.63999938964844,76.56999969482422,76.81999969482422,1038000,72.06369018554688
2024-03-11,76.66999816894531,77.5,76.08000183105469,76.37000274658203,1404200,71.64155578613281
2024-03-12,76.38999938964844,76.98999786376953,75.58999633789062,76.37999725341797,1085800,71.65093231201172
2024-03-13,76.5,77.52999877929688,76.30999755859375,76.63999938964844,1090400,71.89482116699219
2024-03-14,76.3499984741211,76.7699966430664,74.20999908447266,74.58999633789062,1347700,69.97174835205078
2024-03-15,74.41000366210938,76.19999694824219,74.41000366210938,75.20999908447266,9801000,70.55337524414062
2024-03-18,75.41000366210938,75.61000061035156,74.62000274658203,74.72000122070312,760100,70.09371185302734
2024-03-19,74.5,75.33000183105469,74.5,74.70999908447266,889600,70.0843276977539
2024-03-20,74.3499984741211,76.26000213623047,74.16999816894531,75.93000030517578,1217100,71.22879791259766
2024-03-21,76.11000061035156,77.63999938964844,76.11000061035156,77.41999816894531,1450400,72.62654113769531
2024-03-22,77.4000015258789,77.77999877929688,75.6500015258789,75.9000015258789,741100,71.20064544677734
2024-03-25,76.06999969482422,77.18000030517578,75.70999908447266,76.91000366210938,1087000,72.14812469482422
2024-03-26,77.0,77.16000366210938,76.30000305175781,76.33000183105469,682300,71.60403442382812
2024-03-27,76.75,79.25,76.70999908447266,79.25,671600,74.3432388305664
2024-03-28,79.12999725341797,79.51000213623047,78.7699966430664,79.11000061035156,625400,74.21189880371094
2024-04-01,79.54000091552734,79.54000091552734,77.7699966430664,78.01000213623047,764800,73.18000030517578
2024-04-02,77.36000061035156,77.38999938964844,76.02999877929688,76.0999984741211,642100,71.38826751708984
2024-04-03,76.3499984741211,76.7699966430664,75.44000244140625,75.7699966430664,1156800,71.07868194580078
2024-04-04,76.5999984741211,77.11000061035156,74.97000122070312,74.98999786376953,925000,70.34698486328125
2024-04-05,75.04000091552734,75.63999938964844,74.8499984741211,75.41000366210938,953500,70.7409896850586
2024-04-08,75.9000015258789,76.70999908447266,75.72000122070312,76.44000244140625,562800,71.70721435546875
2024-04-09,76.45999908447266,77.04000091552734,75.80999755859375,76.25,796600,71.52897644042969
2024-04-10,74.70999908447266,74.88999938964844,73.20999908447266,73.69999694824219,997200,69.13685607910156
2024-04-11,73.80000305175781,74.25,72.95999908447266,73.87000274658203,536500,69.29634857177734
2024-04-12,72.69999694824219,73.70999908447266,72.44000244140625,72.76000213623047,659100,68.25505065917969
2024-04-15,73.41000366210938,74.20999908447266,71.83000183105469,72.37999725341797,629700,67.89859771728516
2024-04-16,71.80999755859375,72.19000244140625,70.98999786376953,71.3499984741211,782500,66.93235778808594
2024-04-17,72.33000183105469,72.48999786376953,71.25,71.55999755859375,772100,67.12935638427734
2024-04-18,71.79000091552734,72.3499984741211,71.22000122070312,71.80000305175781,780500,67.35449981689453
2024-04-19,71.51000213623047,73.02999877929688,71.41999816894531,72.87999725341797,1720200,68.36762237548828
2024-04-22,72.98999786376953,74.7699966430664,72.94999694824219,74.47000122070312,709500,69.85918426513672
2024-04-23,74.5,75.70999908447266,73.5999984741211,75.30000305175781,1417800,70.63780975341797
2024-04-24,77.27999877929688,78.68000030517578,76.36000061035156,77.19999694824219,1730300,72.42015838623047
2024-04-25,76.13999938964844,76.83999633789062,75.5,76.36000061035156,1118600,71.63217163085938
2024-04-26,76.12000274658203,76.95999908447266,75.76000213623047,75.9800033569336,503100,71.27569580078125
2024-04-29,75.9800033569336,76.69999694824219,75.55000305175781,76.44999694824219,817300,71.71658325195312
2024-04-30,75.91999816894531,76.54000091552734,74.47000122070312,74.48999786376953,588000,69.8779525756836
2024-05-01,75.05999755859375,77.04000091552734,75.05999755859375,75.55999755859375,758000,70.8816909790039
2024-05-02,75.97000122070312,76.0,74.47000122070312,75.2300033569336,3515800,71.08959197998047
2024-05-03,76.5,77.05999755859375,75.93000030517578,76.63999938964844,1173500,72.42198944091797
2024-05-06,77.51000213623047,77.8499984741211,76.94000244140625,77.48999786376953,564500,73.22520446777344
2024-05-07,77.80000305175781,78.11000061035156,77.33999633789062,77.44000244140625,727900,73.17796325683594
2024-05-08,76.80000305175781,77.51000213623047,76.63999938964844,77.44000244140625,833300,73.17796325683594
2024-05-09,77.55999755859375,77.66000366210938,76.77999877929688,77.30999755859375,898100,73.05511474609375
2024-05-10,77.47000122070312,77.52999877929688,76.55000305175781,77.19999694824219,707400,72.951171875
2024-05-13,77.6500015258789,78.19000244140625,77.11000061035156,77.18000030517578,492100,72.9322738647461
2024-05-14,77.8499984741211,78.08999633789062,77.48999786376953,77.86000061035156,529400,73.5748519897461
2024-05-15,78.25,78.97000122070312,77.41999816894531,78.20999908447266,827600,73.90559387207031
2024-05-16,78.08000183105469,78.16000366210938,77.31999969482422,77.3499984741211,509200,73.09290313720703
2024-05-17,77.62999725341797,78.0,77.19999694824219,77.41000366210938,396000,73.14962005615234
2024-05-20,77.61000061035156,77.79000091552734,76.33999633789062,76.37999725341797,474700,72.1762924194336
2024-05-21,76.12000274658203,76.7300033569336,75.87999725341797,76.0199966430664,528100,71.83611297607422
2024-05-22,75.73999786376953,76.04000091552734,74.58999633789062,74.87999725341797,491200,70.75885772705078
2024-05-23,75.12999725341797,75.25,73.13999938964844,73.68000030517578,625300,69.62489318847656
2024-05-24,74.33000183105469,74.55999755859375,73.45999908447266,73.79000091552734,578300,69.72883605957031
2024-05-28,73.98999786376953,74.23999786376953,73.16999816894531,73.55999755859375,732900,69.5114974975586
2024-05-29,72.37999725341797,72.52999877929688,71.47000122070312,72.08999633789062,990900,68.12240600585938
2024-05-30,72.77999877929688,73.9800033569336,72.22000122070312,73.44999694824219,854000,69.40755462646484
2024-05-31,73.9000015258789,74.4000015258789,73.66999816894531,74.19000244140625,914400,70.1068344116211
2024-06-03,74.72000122070312,74.81999969482422,72.44000244140625,72.83000183105469,593900,68.8216781616211
2024-06-04,72.05999755859375,72.51000213623047,70.93000030517578,71.16999816894531,629400,67.25303649902344
2024-06-05,71.7699966430664,72.08000183105469,71.11000061035156,71.91000366210938,562800,67.95231628417969
2024-06-06,72.04000091552734,72.4800033569336,71.63999938964844,72.29000091552734,614700,68.31139373779297
2024-06-07,71.7300033569336,72.47000122070312,71.51000213623047,72.0,639000,68.037353515625
2024-06-10,71.02999877929688,71.18000030517578,70.2300033569336,70.63999938964844,557600,66.75220489501953
2024-06-11,70.13999938964844,70.72000122070312,69.37000274658203,70.63999938964844,748100,66.75220489501953
2024-06-12,72.05999755859375,73.20999908447266,71.1500015258789,71.72000122070312,925200,67.77277374267578
2024-06-13,71.69000244140625,71.69000244140625,69.81999969482422,69.91000366210938,879600,66.06238555908203
2024-06-14,69.33000183105469,69.81999969482422,68.77999877929688,69.41000366210938,577300,65.58991241455078
2024-06-17,69.38999938964844,70.7699966430664,69.0999984741211,70.75,479700,66.85614776611328
2024-06-18,70.51000213623047,71.30999755859375,70.44000244140625,71.16999816894531,493600,67.25303649902344
2024-06-20,70.81999969482422,71.33999633789062,70.58000183105469,71.12999725341797,600600,67.2152328491211
2024-06-21,70.97000122070312,71.66999816894531,70.29000091552734,71.6500015258789,1563100,67.70661926269531
2024-06-24,72.16000366210938,73.55999755859375,71.69999694824219,72.83999633789062,577600,68.83113098144531
2024-06-25,72.6500015258789,73.27999877929688,71.58999633789062,71.76000213623047,576600,67.81056213378906
2024-06-26,71.2699966430664,71.97000122070312,70.69999694824219,71.9000015258789,534500,67.94286346435547
2024-06-27,71.56999969482422,71.95999908447266,71.08000183105469,71.72000122070312,754900,67.77277374267578
2024-06-28,72.30000305175781,73.4000015258789,72.08999633789062,73.2300033569336,1856500,69.19966125488281
2024-07-01,73.45999908447266,73.88999938964844,72.91999816894531,73.36000061035156,701900,69.32251739501953
2024-07-02,73.1500015258789,73.93000030517578,73.08999633789062,73.88999938964844,515700,69.8233413696289
2024-07-03,74.05000305175781,74.11000061035156,72.5999984741211,72.6500015258789,330200,68.65158081054688
2024-07-05,72.63999938964844,72.63999938964844,70.01000213623047,70.41000366210938,1845500,66.53486633300781
2024-07-08,71.04000091552734,71.19999694824219,70.27999877929688,70.73999786376953,655900,66.8467025756836
2024-07-09,70.62000274658203,72.29000091552734,70.36000061035156,71.76000213623047,589900,67.81056213378906
2024-07-10,71.66000366210938,72.80999755859375,71.66000366210938,72.75,471900,68.74608612060547
2024-07-11,73.8499984741211,76.13999938964844,73.51000213623047,75.7699966430664,1077000,71.59986114501953
2024-07-12,76.12999725341797,76.69000244140625,75.5199966430664,76.30000305175781,737300,72.1007080078125
2024-07-15,77.30000305175781,78.66000366210938,77.22000122070312,77.41999816894531,617900,73.15906524658203
2024-07-16,78.02999877929688,81.11000061035156,77.83000183105469,80.9000015258789,1310900,76.4475326538086
2024-07-17,80.16000366210938,82.30999755859375,80.16000366210938,81.19000244140625,1082400,76.7215805053711
2024-07-18,80.75,82.5,78.87999725341797,79.79000091552734,1159200,75.39862823486328
2024-07-19,79.5199966430664,81.30000305175781,79.47000122070312,79.91999816894531,652200,75.5214614868164
2024-07-22,81.05999755859375,82.13999938964844,79.27999877929688,81.91999816894531,1055200,77.41139221191406
2024-07-23,81.12999725341797,83.76000213623047,80.91000366210938,83.7300033569336,1118800,79.12178802490234
2024-07-24,85.0,87.75,84.0,84.41000366210938,1686000,79.76435852050781
2024-07-25,84.5,88.16000366210938,84.06999969482422,87.01000213623047,1263700,82.22124481201172
2024-07-26,87.37999725341797,88.51000213623047,87.0199966430664,87.97000122070312,862600,83.12843322753906
2024-07-29,88.0,88.27999877929688,86.30999755859375,86.88999938964844,710600,82.10787200927734
2024-07-30,87.43000030517578,88.37999725341797,86.83999633789062,88.25,567800,83.39302062988281
2024-07-31,88.27999877929688,89.75,87.27999877929688,87.88999938964844,473500,83.05281829833984
2024-08-01,87.7699966430664,88.5999984741211,82.63999938964844,83.16999816894531,1081300,78.59260559082031
2024-08-02,80.22000122070312,80.94000244140625,78.12000274658203,79.48999786376953,873900,75.61517333984375
2024-08-05,76.41999816894531,77.80999755859375,74.5,76.83000183105469,923900,73.0848388671875
2024-08-06,76.87999725341797,78.19999694824219,76.19999694824219,77.25,817400,73.48436737060547
2024-08-07,78.48999786376953,79.41999816894531,76.88999938964844,77.44000244140625,613700,73.66510772705078
2024-08-08,78.8499984741211,79.0,77.44000244140625,78.51000213623047,394100,74.68294525146484
2024-08-09,78.1500015258789,78.66999816894531,77.76000213623047,78.11000061035156,363400,74.30245208740234
2024-08-12,78.9000015258789,80.0199966430664,76.9000015258789,77.20999908447266,460200,73.44632720947266
2024-08-13,77.93000030517578,78.27999877929688,76.47000122070312,78.1500015258789,380400,74.34050750732422
2024-08-14,78.20999908447266,78.80000305175781,77.5199966430664,78.25,292500,74.43562316894531
2024-08-15,79.80000305175781,81.12999725341797,79.80000305175781,80.1500015258789,750500,76.24301147460938
2024-08-16,80.0199966430664,81.88999938964844,80.0199966430664,80.94000244140625,540600,76.99449920654297
2024-08-19,81.05999755859375,81.9000015258789,80.77999877929688,81.83000183105469,287700,77.84111022949219
2024-08-20,81.58999633789062,81.58999633789062,80.12000274658203,80.23999786376953,373900,76.32862091064453
2024-08-21,79.8499984741211,80.91999816894531,79.77999877929688,80.86000061035156,423000,76.91840362548828
2024-08-22,80.98999786376953,81.95999908447266,80.6500015258789,80.86000061035156,434000,76.91840362548828
2024-08-23,81.58000183105469,85.62000274658203,81.41999816894531,84.69000244140625,470000,80.56169891357422
2024-08-26,85.26000213623047,85.26000213623047,82.52999877929688,82.62000274658203,784100,78.59260559082031
2024-08-27,82.33999633789062,82.38999938964844,81.19999694824219,81.9800033569336,631800,77.98381042480469
2024-08-28,81.7699966430664,83.58999633789062,81.7699966430664,82.9800033569336,526400,78.93505096435547
2024-08-29,83.44000244140625,83.94999694824219,82.12999725341797,83.2699966430664,408000,79.21090698242188
2024-08-30,83.62000274658203,84.22000122070312,82.51000213623047,84.06999969482422,418600,79.97191619873047
2024-09-03,83.30000305175781,84.33999633789062,82.23999786376953,82.80999755859375,424300,78.77333068847656
2024-09-04,82.66000366210938,83.16000366210938,80.83999633789062,81.61000061035156,748100,77.6318359375
2024-09-05,82.33000183105469,82.33000183105469,80.11000061035156,80.56999969482422,431200,76.64253234863281
2024-09-06,80.8499984741211,81.31999969482422,78.47000122070312,78.7300033569336,563700,74.89221954345703
2024-09-09,79.44999694824219,80.80999755859375,78.62000274658203,80.13999938964844,688300,76.23348236083984
2024-09-10,80.54000091552734,80.54000091552734,77.5999984741211,79.33000183105469,483500,75.46296691894531
2024-09-11,79.0199966430664,79.0199966430664,76.31999969482422,78.27999877929688,630300,74.46415710449219
2024-09-12,78.58999633789062,78.6500015258789,77.52999877929688,78.08000183105469,515600,74.27392578125
2024-09-13,79.06999969482422,79.83000183105469,78.56999969482422,79.5,755600,75.62468719482422
2024-09-16,79.6500015258789,80.9800033569336,79.16000366210938,79.98999786376953,671100,76.09080505371094
2024-09-17,80.41000366210938,82.3499984741211,80.27999877929688,81.27999877929688,520100,77.31790924072266
2024-09-18,81.23999786376953,83.81999969482422,80.44999694824219,81.2699966430664,520000,77.30840301513672
2024-09-19,82.80000305175781,83.6500015258789,81.37000274658203,83.22000122070312,652000,79.1633529663086
2024-09-20,83.05999755859375,83.16000366210938,82.19000244140625,82.56999969482422,1758600,78.54503631591797
2024-09-23,82.69999694824219,83.0999984741211,81.51000213623047,82.4000015258789,507300,78.38333129882812
2024-09-24,82.52999877929688,83.19999694824219,81.18000030517578,81.31999969482422,482000,77.35597229003906
2024-09-25,81.19000244140625,81.5,79.80000305175781,79.91999816894531,459800,76.02421569824219
2024-09-26,81.25,81.69999694824219,80.54000091552734,81.20999908447266,713200,77.2513198852539
2024-09-27,81.73999786376953,82.11000061035156,80.94999694824219,81.52999877929688,992200,77.55573272705078
2024-09-30,81.66999816894531,83.47000122070312,80.98999786376953,82.73999786376953,700400,78.70674896240234
2024-10-01,82.33999633789062,82.33999633789062,79.31999969482422,80.04000091552734,533800,76.13835906982422
2024-10-02,79.83999633789062,80.87000274658203,79.5,80.61000061035156,909500,76.68058013916016
2024-10-03,80.31999969482422,81.30999755859375,79.5,80.94999694824219,617000,77.00399780273438
2024-10-04,82.23999786376953,83.41999816894531,81.58999633789062,82.91999816894531,700100,78.87797546386719
2024-10-07,82.56999969482422,83.54000091552734,82.56999969482422,83.2300033569336,689600,79.17286682128906
2024-10-08,83.43000030517578,84.41000366210938,83.0,83.12000274658203,553600,79.06822967529297
2024-10-09,82.9800033569336,85.5999984741211,82.9800033569336,85.2699966430664,806200,81.11341857910156
2024-10-10,84.76000213623047,85.47000122070312,84.23999786376953,85.11000061035156,646400,80.96121978759766
2024-10-11,85.79000091552734,88.44000244140625,85.68000030517578,88.33000183105469,765200,84.02426147460938
2024-10-14,88.5,89.48999786376953,87.5,89.30000305175781,663800,84.94696807861328
2024-10-15,89.63999938964844,92.68000030517578,88.9800033569336,90.12999725341797,915100,85.73651885986328
2024-10-16,91.1500015258789,92.43000030517578,90.72000122070312,91.66000366210938,601200,87.19194030761719
2024-10-17,91.7300033569336,93.30000305175781,91.0,93.06999969482422,662000,88.53319549560547
2024-10-18,92.44999694824219,93.06999969482422,91.62999725341797,91.83000183105469,998900,87.35365295410156
2024-10-21,92.0199966430664,92.5,88.95999908447266,89.08000183105469,907000,84.7376937866211
2024-10-22,89.27999877929688,90.61000061035156,88.29000091552734,90.37999725341797,928400,85.97431182861328
2024-10-23,95.97000122070312,98.94999694824219,94.69999694824219,95.62999725341797,2446000,90.96842193603516
2024-10-24,96.05999755859375,97.4000015258789,94.58000183105469,97.19000244140625,968200,92.45237731933594
2024-10-25,97.5,97.62999725341797,94.29000091552734,95.0999984741211,835900,90.4642562866211
2024-10-28,96.1500015258789,99.29000091552734,95.80999755859375,98.83999633789062,1125500,94.02194213867188
2024-10-29,98.6500015258789,99.55000305175781,98.08000183105469,98.4800033569336,748800,93.67949676513672
2024-10-30,98.18000030517578,101.30999755859375,98.0999984741211,98.83000183105469,828400,94.0124282836914
2024-10-31,99.02999877929688,99.5,97.38999938964844,97.48999786376953,810600,92.73773956298828
2024-11-01,97.97000122070312,99.05000305175781,96.98999786376953,97.3499984741211,683400,92.60456848144531
2024-11-04,97.05999755859375,97.12999725341797,94.56999969482422,96.45999908447266,558200,92.27931213378906
2024-11-05,97.01000213623047,98.05999755859375,96.6500015258789,97.73999786376953,410200,93.50382995605469
2024-11-06,103.58000183105469,107.33000183105469,103.31999969482422,107.16000366210938,2444300,102.51556396484375
2024-11-07,105.94000244140625,106.36000061035156,101.37000274658203,101.69000244140625,1703500,97.28264617919922
2024-11-08,102.0,103.23999786376953,101.30000305175781,101.87999725341797,1033500,97.46439361572266
2024-11-11,103.58999633789062,107.0999984741211,103.02999877929688,105.9800033569336,985900,101.38670349121094
2024-11-12,105.12999725341797,107.19000244140625,104.7300033569336,106.72000122070312,709300,102.09464263916016
2024-11-13,107.0,107.68000030517578,103.75,103.83999633789062,900100,99.33944702148438
2024-11-14,104.0,105.2300033569336,103.18000030517578,103.56999969482422,688400,99.08116149902344
2024-11-15,104.7300033569336,105.0,102.56999969482422,103.33999633789062,974400,98.86111450195312
2024-11-18,103.87999725341797,104.41999816894531,103.2699966430664,103.83999633789062,802700,99.33944702148438
2024-11-19,101.93000030517578,104.4800033569336,101.93000030517578,104.2300033569336,586800,99.71255493164062
2024-11-20,104.04000091552734,105.81999969482422,103.11000061035156,105.5,767600,100.92749786376953
2024-11-21,106.29000091552734,108.5,105.95999908447266,106.83000183105469,724000,102.1998519897461
2024-11-22,106.7300033569336,110.30999755859375,106.7300033569336,110.08000183105469,886500,105.30900573730469
2024-11-25,111.19999694824219,113.94999694824219,111.19000244140625,111.2300033569336,1017500,106.40917205810547
2024-11-26,110.8499984741211,111.20999908447266,109.45999908447266,109.8499984741211,613800,105.08897399902344
2024-11-27,110.80000305175781,111.97000122070312,109.56999969482422,110.05000305175781,527100,105.28030395507812
2024-11-29,110.87999725341797,111.19999694824219,108.66000366210938,109.68000030517578,309400,104.92634582519531
2024-12-02,110.13999938964844,110.58000183105469,107.91000366210938,108.0,694300,103.31915283203125
2024-12-03,108.31999969482422,108.54000091552734,106.9000015258789,107.01000213623047,937500,102.37206268310547
2024-12-04,107.01000213623047,107.23999786376953,104.87999725341797,106.55999755859375,717800,101.94155883789062
2024-12-05,107.01000213623047,107.87999725341797,105.73999786376953,105.87000274658203,572000,101.2814712524414
2024-12-06,106.33000183105469,106.69000244140625,104.68000030517578,105.33000183105469,815500,100.76487731933594
2024-12-09,105.3499984741211,105.86000061035156,102.52999877929688,102.83999633789062,881200,98.38278198242188
2024-12-10,103.72000122070312,104.51000213623047,101.87999725341797,103.61000061035156,631400,99.11941528320312
2024-12-11,104.98999786376953,105.97000122070312,104.0999984741211,105.12999725341797,724500,100.57353973388672
2024-12-12,105.22000122070312,105.69000244140625,102.91000366210938,103.11000061035156,925700,98.64108276367188
2024-12-13,103.56999969482422,103.58999633789062,101.2699966430664,101.58000183105469,759500,97.17740631103516
2024-12-16,101.58999633789062,102.04000091552734,100.69999694824219,101.97000122070312,1304500,97.55049133300781
2024-12-17,101.11000061035156,101.4800033569336,99.30000305175781,100.18000030517578,1247600,95.83808898925781
2024-12-18,100.87999725341797,100.87999725341797,94.9000015258789,95.0999984741211,1051700,90.97825622558594
2024-12-19,96.6500015258789,97.25,94.43000030517578,94.87000274658203,1388600,90.75822448730469
2024-12-20,94.0199966430664,96.91999816894531,94.01000213623047,95.91000366210938,3726600,91.7531509399414
2024-12-23,95.7699966430664,96.37999725341797,95.08000183105469,96.30000305175781,808600,92.12623596191406
2024-12-24,96.98999786376953,97.26000213623047,95.62000274658203,96.6500015258789,348000,92.4610824584961
2024-12-26,96.58000183105469,97.48999786376953,95.75,97.18000030517578,847200,92.96809387207031
2024-12-27,96.58000183105469,97.33000183105469,95.80999755859375,96.68000030517578,690700,92.4897689819336
2024-12-30,96.12000274658203,96.94000244140625,95.08000183105469,96.27999877929688,472700,92.10711669921875
2024-12-31,96.98999786376953,97.05000305175781,95.6500015258789,95.76000213623047,609900,91.60965728759766
2025-01-02,96.37000274658203,96.69999694824219,94.12999725341797,94.47000122070312,539400,90.37555694580078
2025-01-03,94.58999633789062,95.6500015258789,93.0,95.48999786376953,670500,91.35134887695312
2025-01-06,96.2300033569336,98.44000244140625,95.68000030517578,96.94000244140625,708100,92.73851013183594
2025-01-07,97.2699966430664,97.83000183105469,94.6500015258789,95.55999755859375,792300,91.4183120727539
2025-01-08,94.91000366210938,95.62999725341797,93.98999786376953,95.3499984741211,559700,91.2174072265625
2025-01-10,94.05999755859375,94.25,91.25,93.51000213623047,1003800,89.45716857910156
2025-01-13,92.83999633789062,95.70999908447266,92.83999633789062,95.61000061035156,813200,91.46614837646484
2025-01-14,96.73999786376953,98.98999786376953,96.23999786376953,98.51000213623047,1027700,94.2404556274414
2025-01-15,101.55999755859375,101.66000366210938,99.69000244140625,100.52999877929688,1032500,96.17290496826172
2025-01-16,99.68000030517578,100.48999786376953,98.16000366210938,99.48999786376953,762900,95.17798614501953
2025-01-17,100.19000244140625,101.08999633789062,99.83000183105469,100.80000305175781,612500,96.43120574951172
2025-01-21,101.37000274658203,104.2300033569336,100.98999786376953,103.70999908447266,1050000,99.21508026123047
2025-01-22,103.69999694824219,103.8499984741211,101.31999969482422,102.75,954600,98.29669189453125
2025-01-23,103.13999938964844,104.12999725341797,102.58000183105469,103.5,1795700,99.01419067382812
2025-01-24,100.51000213623047,103.05000305175781,99.25,102.93000030517578,2181200,98.4688949584961
2025-01-27,104.23999786376953,104.23999786376953,102.04000091552734,103.91000366210938,870500,99.40641784667969
2025-01-28,103.94000244140625,104.5,102.9000015258789,103.0199966430664,615200,98.55498504638672
2025-01-29,102.87000274658203,104.16000366210938,102.37000274658203,103.25,782600,98.77501678466797
2025-01-30,104.36000061035156,104.75,102.63999938964844,103.58999633789062,808000,99.10028076171875
2025-01-31,103.8499984741211,104.93000030517578,102.68000030517578,102.97000122070312,732800,98.50715637207031
2025-02-03,99.98999786376953,100.86000061035156,98.0,100.12999725341797,886600,96.35167694091797
2025-02-04,100.30999755859375,102.0199966430664,100.16000366210938,101.62999725341797,610500,97.79508209228516
2025-02-05,101.98999786376953,102.22000122070312,100.98999786376953,101.36000061035156,987000,97.5352783203125
2025-02-06,102.0999984741211,102.22000122070312,100.5,102.06999969482422,1364700,98.21847534179688
2025-02-07,102.44999694824219,102.44999694824219,99.86000061035156,100.2300033569336,528000,96.44792175292969
2025-02-10,100.73999786376953,100.83000183105469,97.63999938964844,97.80000305175781,971200,94.10960388183594
2025-02-11,97.22000122070312,99.16999816894531,96.88999938964844,98.97000122070312,931200,95.2354507446289
2025-02-12,97.83000183105469,98.80999755859375,96.9800033569336,97.11000061035156,624200,93.44564056396484
2025-02-13,97.0999984741211,97.69999694824219,96.54000091552734,97.66000366210938,572200,93.97489166259766
2025-02-14,98.25,99.4800033569336,97.91000366210938,98.56999969482422,635100,94.85054779052734
2025-02-18,98.80000305175781,99.37000274658203,98.30000305175781,99.25,901700,95.50487518310547
2025-02-19,98.22000122070312,98.97000122070312,97.87999725341797,98.2300033569336,696100,94.52338409423828
2025-02-20,98.27999877929688,98.88999938964844,95.86000061035156,97.12000274658203,644600,93.45526885986328
2025-02-21,97.8499984741211,97.8499984741211,93.79000091552734,93.88999938964844,717200,90.3471450805664
2025-02-24,94.9000015258789,94.9000015258789,92.87000274658203,93.41999816894531,696500,89.8948745727539
2025-02-25,94.0,94.86000061035156,92.30999755859375,93.36000061035156,1093500,89.83714294433594
2025-02-26,93.83999633789062,95.30000305175781,93.2699966430664,93.70999908447266,1125000,90.17393493652344
2025-02-27,93.7699966430664,95.30000305175781,93.33999633789062,93.62999725341797,1037300,90.09695434570312
2025-02-28,94.05999755859375,94.86000061035156,92.91999816894531,94.43000030517578,1520600,90.86676025390625
2025-03-03,94.86000061035156,96.29000091552734,93.0999984741211,93.62000274658203,1069200,90.08733367919922
2025-03-04,92.30999755859375,94.05999755859375,87.68000030517578,90.30000305175781,1552100,86.89260864257812
2025-03-05,90.62999725341797,91.38999938964844,88.81999969482422,90.44000244140625,1467000,87.0273208618164
2025-03-06,89.7300033569336,89.87000274658203,87.87999725341797,89.41000366210938,1099400,86.03620147705078
2025-03-07,89.81999969482422,90.12000274658203,87.0,89.08000183105469,1719000,85.71864318847656
2025-03-10,87.56999969482422,88.2699966430664,83.63999938964844,84.38999938964844,1649400,81.20561981201172
2025-03-11,84.4000015258789,85.91999816894531,83.23999786376953,84.3499984741211,1420400,81.16712951660156
2025-03-12,85.55000305175781,86.22000122070312,84.41000366210938,85.43000030517578,901900,82.20636749267578
2025-03-13,85.5199966430664,86.62999725341797,84.88999938964844,85.02999877929688,989600,81.82146453857422
2025-03-14,86.08999633789062,88.08000183105469,85.70999908447266,87.97000122070312,3827100,84.6505355834961
2025-03-17,87.97000122070312,89.2300033569336,87.58999633789062,88.79000091552734,896200,85.43958282470703
2025-03-18,88.16999816894531,88.55000305175781,87.2699966430664,88.19000244140625,835400,84.86222839355469
2025-03-19,88.12000274658203,91.1500015258789,87.98999786376953,90.36000061035156,951400,86.95034790039062
2025-03-20,89.29000091552734,91.48999786376953,89.29000091552734,89.88999938964844,1086000,86.49807739257812
2025-03-21,89.13999938964844,90.75,88.5199966430664,89.98999786376953,4354900,86.59429931640625
2025-03-24,91.19000244140625,93.63999938964844,91.0999984741211,93.26000213623047,1212000,89.74091339111328
2025-03-25,93.26000213623047,94.19000244140625,92.70999908447266,93.02999877929688,1139300,89.51959991455078
2025-03-26,93.62000274658203,94.81999969482422,92.0,92.23999786376953,979500,88.75940704345703
2025-03-27,91.94000244140625,92.43000030517578,90.18000030517578,90.87000274658203,914700,87.44110870361328
2025-03-28,90.52999877929688,91.69999694824219,88.66000366210938,89.06999969482422,927000,85.70902252197266
2025-03-31,88.0,90.08999633789062,87.58000183105469,89.76000213623047,636400,86.37298583984375
2025-04-01,89.08999633789062,89.55999755859375,87.52999877929688,88.72000122070312,870800,85.37223052978516
2025-04-02,87.36000061035156,90.83000183105469,87.22000122070312,90.75,959500,87.32563781738281
2025-04-03,93.23999786376953,93.23999786376953,77.79000091552734,77.91999816894531,2810400,74.97975158691406
2025-04-04,73.88999938964844,74.94999694824219,70.27999877929688,74.04000091552734,2883800,71.24616241455078
2025-04-07,70.31999969482422,77.08000183105469,69.75,72.31999969482422,2276500,69.59107208251953
2025-04-08,74.77999877929688,76.86000061035156,69.9800033569336,71.02999877929688,1666500,68.34974670410156
2025-04-09,69.83000183105469,77.87000274658203,68.2699966430664,77.16000366210938,2757100,74.24844360351562
2025-04-10,75.37000274658203,75.37000274658203,68.5,71.16999816894531,1971800,68.48446655273438
2025-04-11,70.62999725341797,72.9800033569336,69.0199966430664,72.16000366210938,1362400,69.43711853027344
2025-04-14,73.45999908447266,74.83000183105469,72.18000030517578,74.4000015258789,1191300,71.59258270263672
2025-04-15,74.7699966430664,77.25,74.58999633789062,75.80999755859375,1113600,72.94937896728516
2025-04-16,75.22000122070312,76.76000213623047,74.91000366210938,75.9000015258789,1060500,73.03598022460938
2025-04-17,76.12000274658203,78.22000122070312,75.95999908447266,77.43000030517578,1412100,74.50825500488281
2025-04-21,76.48999786376953,76.87999725341797,75.22000122070312,76.27999877929688,923100,73.40164947509766
2025-04-22,77.0199966430664,79.52999877929688,77.0199966430664,79.20999908447266,1311700,76.22107696533203
2025-04-23,88.0,91.54000091552734,83.87000274658203,84.44000244140625,3189100,81.25373077392578
2025-04-24,83.91999816894531,86.38999938964844,83.11000061035156,85.97000122070312,1479100,82.72599792480469
2025-04-25,85.11000061035156,85.88999938964844,84.48999786376953,85.26000213623047,757800,82.04277801513672
2025-04-28,85.29000091552734,87.0999984741211,85.0999984741211,86.2300033569336,1091900,82.97618865966797
2025-04-29,86.2300033569336,87.05999755859375,84.2699966430664,86.30999755859375,1061700,83.05316162109375
2025-04-30,84.5,85.97000122070312,83.36000061035156,85.55000305175781,826400,82.32184600830078
2025-05-01,85.55000305175781,87.56999969482422,85.0199966430664,86.87000274658203,654500,83.59203338623047
2025-05-02,87.44000244140625,89.5,87.30999755859375,89.11000061035156,822800,86.34388732910156
2025-05-05,88.12999725341797,89.94000244140625,88.12999725341797,88.18000030517578,573700,85.44275665283203
2025-05-06,87.05000305175781,87.75,86.20999908447266,86.63999938964844,595900,83.95054626464844
2025-05-07,87.66000366210938,88.12999725341797,86.58000183105469,87.4000015258789,683200,84.68695831298828
2025-05-08,89.02999877929688,90.56999969482422,88.27999877929688,89.80000305175781,616300,87.01246643066406
2025-05-09,89.93000030517578,90.25,89.22000122070312,89.66999816894531,1021900,86.8864974975586
2025-05-12,94.98999786376953,97.27999877929688,94.91999816894531,95.56999969482422,1683200,92.60335540771484
2025-05-13,95.44999694824219,96.5,94.73999786376953,96.0,911000,93.0199966430664
2025-05-14,95.8499984741211,96.48999786376953,95.13999938964844,95.69000244140625,578700,92.7196273803711
2025-05-15,95.54000091552734,95.8499984741211,94.52999877929688,95.0999984741211,392100,92.14794158935547
2025-05-16,94.87000274658203,95.62999725341797,94.16000366210938,95.5,590100,92.5355224609375
2025-05-19,94.31999969482422,95.1500015258789,94.18000030517578,95.05999755859375,424100,92.10918426513672
2025-05-20,95.05999755859375,95.13999938964844,94.02999877929688,94.33999633789062,689300,91.4115219116211
2025-05-21,93.7699966430664,94.0,90.63999938964844,90.66999816894531,708400,87.8554458618164
2025-05-22,90.4800033569336,92.08000183105469,89.9000015258789,90.94000244140625,803100,88.11708068847656
2025-05-23,88.75,90.81999969482422,88.26000213623047,90.33000183105469,434600,87.52601623535156
2025-05-27,90.33000183105469,92.61000061035156,90.2699966430664,92.37000274658203,1413100,89.502685546875
2025-05-28,93.0,93.0,91.44999694824219,91.93000030517578,1101600,89.07633972167969
2025-05-29,92.75,92.75,91.26000213623047,92.0199966430664,511500,89.16354370117188
2025-05-30,91.69000244140625,92.08000183105469,90.30000305175781,91.19999694824219,850700,88.36900329589844
2025-06-02,90.97000122070312,90.97000122070312,88.9800033569336,90.4800033569336,598800,87.6713638305664
2025-06-03,90.5,92.5999984741211,90.08999633789062,92.23999786376953,793500,89.37671661376953
2025-06-04,92.23999786376953,92.87000274658203,90.93000030517578,90.97000122070312,495300,88.14613342285156
2025-06-05,91.13999938964844,92.31999969482422,90.31999969482422,91.52999877929688,526200,88.68876647949219
2025-06-06,93.02999877929688,94.31999969482422,92.86000061035156,94.26000213623047,577800,91.33401489257812
2025-06-09,94.52999877929688,95.75,94.0199966430664,94.7699966430664,949500,91.82818603515625
2025-06-10,94.83999633789062,96.30000305175781,94.58000183105469,95.26000213623047,1058400,92.30297088623047
2025-06-11,95.58000183105469,96.05000305175781,93.73999786376953,93.80000305175781,500500,90.88829040527344
2025-06-12,93.05999755859375,94.37000274658203,91.73999786376953,94.23999786376953,662100,91.31463623046875
2025-06-13,92.91999816894531,93.51000213623047,91.23999786376953,91.5199966430664,762100,88.67906951904297
2025-06-16,92.23999786376953,93.4000015258789,91.7300033569336,92.56999969482422,502100,89.69647216796875
2025-06-17,91.55999755859375,92.4800033569336,90.79000091552734,91.66000366210938,938900,88.81472778320312
2025-06-18,91.66000366210938,94.33999633789062,91.36000061035156,93.61000061035156,1000500,90.70419311523438
2025-06-20,94.79000091552734,95.2699966430664,93.94000244140625,95.08000183105469,2052200,92.1285629272461
2025-06-23,94.88999938964844,97.58999633789062,94.61000061035156,97.51000213623047,848600,94.4831314086914
2025-06-24,98.43000030517578,100.0999984741211,98.18000030517578,98.95999908447266,993700,95.88811492919922
2025-06-25,98.97000122070312,99.0199966430664,97.87999725341797,98.83000183105469,585900,95.76215362548828
2025-06-26,99.54000091552734,101.8499984741211,98.3499984741211,101.75,1010600,98.59151458740234
2025-06-27,102.16999816894531,102.2300033569336,100.18000030517578,101.11000061035156,1304100,97.97138214111328
2025-06-30,101.69999694824219,102.3499984741211,100.88999938964844,100.9800033569336,755100,97.84542083740234
2025-07-01,100.45999908447266,105.4800033569336,100.44999694824219,104.80999755859375,744200,101.5565185546875
2025-07-02,105.27999877929688,107.55000305175781,104.9000015258789,107.44999694824219,832900,104.11456298828125
2025-07-03,108.37999725341797,109.6500015258789,107.83999633789062,108.87000274658203,604300,105.4905014038086
2025-07-07,108.69999694824219,109.83000183105469,106.80000305175781,107.80999755859375,714500,104.4634017944336
2025-07-08,108.5,110.01000213623047,108.08000183105469,108.19999694824219,1170500,104.84129333496094
2025-07-09,108.98999786376953,109.33000183105469,106.37000274658203,107.16999816894531,1206100,103.84326171875
2025-07-10,107.69000244140625,108.9800033569336,107.02999877929688,108.13999938964844,635300,104.78315734863281
2025-07-11,107.43000030517578,107.75,106.25,106.94999694824219,830100,103.63008880615234
2025-07-14,107.05000305175781,108.08999633789062,106.7300033569336,108.0,652400,104.64749908447266
2025-07-15,107.69999694824219,108.76000213623047,104.54000091552734,104.62999725341797,825300,101.38209533691406
2025-07-16,105.5999984741211,106.0,103.58000183105469,105.51000213623047,1239100,102.23480224609375
2025-07-17,105.58000183105469,108.41000366210938,105.58000183105469,108.22000122070312,1361500,104.86067199707031
2025-07-18,108.69000244140625,109.27999877929688,107.68000030517578,108.94999694824219,860400,105.56800842285156
2025-07-21,108.94999694824219,109.91999816894531,108.18000030517578,108.4000015258789,831000,105.03508758544922
2025-07-22,108.5,110.02999877929688,107.58000183105469,108.95999908447266,1410600,105.57769775390625
2025-07-23,108.68000030517578,108.98999786376953,104.44000244140625,106.37999725341797,1664600,103.0777816772461
2025-07-24,105.93000030517578,106.04000091552734,102.95999908447266,103.51000213623047,1291200,100.29688262939453
2025-07-25,103.41000366210938,103.7699966430664,101.31999969482422,103.61000061035156,948000,100.39376831054688
2025-07-28,103.7300033569336,103.91000366210938,102.88999938964844,103.87000274658203,666300,100.64570617675781
2025-07-29,104.87000274658203,104.93000030517578,102.95999908447266,103.23999786376953,876300,100.03526306152344
2025-07-30,103.61000061035156,103.9800033569336,100.87999725341797,101.43000030517578,673700,98.28144836425781
2025-07-31,100.8499984741211,101.5999984741211,100.01000213623047,100.25,708500,97.13806915283203
2025-08-01,98.25,99.16000366210938,95.77999877929688,98.80000305175781,1263500,95.73308563232422
2025-08-04,98.83000183105469,100.0999984741211,98.19999694824219,100.02999877929688,641600,97.5171127319336
2025-08-05,100.27999877929688,100.41000366210938,97.37000274658203,99.26000213623047,867100,96.76646423339844
2025-08-06,99.41000366210938,99.44999694824219,98.30000305175781,98.48999786376953,781100,96.01579284667969
2025-08-07,98.94000244140625,99.83000183105469,97.01000213623047,97.41000366210938,817900,94.96293640136719
2025-08-08,98.6500015258789,99.75,97.56999969482422,99.11000061035156,871500,96.62022399902344
2025-08-11,99.11000061035156,99.79000091552734,98.45999908447266,98.87000274658203,907400,96.38626098632812
2025-08-12,99.7699966430664,102.3499984741211,99.5199966430664,102.16999816894531,454900,99.60334777832031
2025-08-13,102.80999755859375,103.25,101.91000366210938,102.87999725341797,560600,100.2955093383789
2025-08-14,101.54000091552734,103.33999633789062,100.9000015258789,103.25,433200,100.65621948242188
2025-08-15,103.18000030517578,103.30000305175781,101.0999984741211,101.19000244140625,660900,98.6479721069336
2025-08-18,100.88999938964844,102.41999816894531,100.26000213623047,102.1500015258789,831100,99.5838623046875
2025-08-19,101.61000061035156,102.94000244140625,100.86000061035156,101.22000122070312,514800,98.6772232055664
2025-08-20,101.41999816894531,101.81999969482422,100.16999816894531,101.41999816894531,607000,98.8721923828125
2025-08-21,100.94000244140625,101.63999938964844,100.01000213623047,100.70999908447266,906900,98.18002319335938
2025-08-22,101.25,105.5999984741211,101.25,105.19999694824219,935900,102.5572280883789
2025-08-25,105.2699966430664,105.2699966430664,104.33999633789062,104.4000015258789,472300,101.77732849121094
2025-08-26,104.4000015258789,106.62999725341797,104.37999725341797,106.08000183105469,743100,103.41513061523438
2025-08-27,105.8499984741211,107.41999816894531,105.25,106.36000061035156,810400,103.68809509277344
2025-08-28,106.36000061035156,106.9000015258789,105.27999877929688,105.95999908447266,645200,103.29814147949219
2025-08-29,105.91000366210938,106.5999984741211,105.0199966430664,105.13999938964844,717500,102.49874114990234
2025-09-02,103.4800033569336,105.83999633789062,102.76000213623047,105.69999694824219,744600,103.04467010498047
2025-09-03,105.62000274658203,106.94000244140625,104.45999908447266,106.47000122070312,891400,103.79533386230469
2025-09-04,107.0,108.68000030517578,106.31999969482422,108.58999633789062,848500,105.86206817626953
2025-09-05,109.1500015258789,109.91999816894531,105.9800033569336,107.58000183105469,1021700,104.87744903564453
2025-09-08,108.4800033569336,110.80000305175781,107.58000183105469,109.61000061035156,1564700,106.85645294189453
2025-09-09,109.44999694824219,110.69999694824219,107.61000061035156,108.16000366210938,1126100,105.44287109375
2025-09-10,108.08999633789062,109.30000305175781,107.56999969482422,107.98999786376953,632400,105.27713775634766
2025-09-11,108.1500015258789,109.37999725341797,106.87999725341797,109.2699966430664,1044600,106.52498626708984
2025-09-12,109.31999969482422,110.4800033569336,108.63999938964844,109.37999725341797,1045400,106.6322250366211
2025-09-15,109.54000091552734,110.0999984741211,107.52999877929688,107.91999816894531,1385000,105.20890045166016
2025-09-16,107.51000213623047,107.72000122070312,105.38999938964844,106.7300033569336,750100,104.0488052368164
2025-09-17,107.30000305175781,109.62000274658203,105.88999938964844,107.52999877929688,1343500,104.8287124633789
2025-09-18,108.08000183105469,110.36000061035156,107.7300033569336,109.69999694824219,782900,106.9441909790039
2025-09-19,109.61000061035156,109.61000061035156,108.41999816894531,108.94999694824219,3005000,106.21302795410156
2025-09-22,108.94999694824219,108.94999694824219,106.43000030517578,106.73999786376953,883500,104.05855560302734
2025-09-23,107.16999816894531,109.29000091552734,105.55000305175781,106.30999755859375,1022700,103.63934326171875
2025-09-24,106.41999816894531,107.0,105.16999816894531,105.76000213623047,909400,103.1031723022461
2025-09-25,105.76000213623047,108.05000305175781,104.61000061035156,107.91000366210938,1003200,105.19916534423828
2025-09-26,108.68000030517578,109.44000244140625,107.43000030517578,108.36000061035156,663000,105.63785552978516
2025-09-29,109.26000213623047,109.26000213623047,106.23999786376953,106.58000183105469,545500,103.9025650024414
2025-09-30,106.83000183105469,107.11000061035156,104.7300033569336,106.44999694824219,762700,103.77584075927734
2025-10-01,106.11000061035156,106.72000122070312,105.29000091552734,105.70999908447266,746700,103.05442810058594
2025-10-02,105.37999725341797,105.93000030517578,104.20999908447266,105.26000213623047,641100,102.61573028564453
2025-10-03,105.97000122070312,106.72000122070312,105.13999938964844,106.51000213623047,798100,103.8343276977539
2025-10-06,106.97000122070312,108.77999877929688,105.41999816894531,107.44999694824219,824400,104.75070190429688
2025-10-07,107.87999725341797,108.63999938964844,106.62000274658203,106.87000274658203,487900,104.18529510498047
2025-10-08,106.87000274658203,107.69000244140625,105.81999969482422,106.12999725341797,549500,103.46387481689453
2025-10-09,106.68000030517578,106.75,104.7699966430664,104.94999694824219,645900,102.31351470947266
2025-10-10,104.94999694824219,106.20999908447266,99.05000305175781,99.27999877929688,1543400,96.78594970703125
2025-10-13,101.69999694824219,101.69999694824219,99.56999969482422,101.18000030517578,794700,98.63822937011719
2025-10-14,100.62999725341797,104.27999877929688,99.87000274658203,103.5,709500,100.89994812011719
2025-10-15,103.66000366210938,103.69000244140625,100.44000244140625,101.23999786376953,605400,98.69671630859375
2025-10-16,100.5,100.7699966430664,92.66999816894531,94.30999755859375,1539300,91.94080352783203
2025-10-17,95.4000015258789,96.48999786376953,93.69999694824219,95.9800033569336,1464200,93.56885528564453
2025-10-20,96.73999786376953,98.66999816894531,96.02999877929688,98.31999969482422,663900,95.8500747680664
2025-10-21,97.88999938964844,99.27999877929688,97.55000305175781,98.80999755859375,1414900,96.32776641845703
2025-10-22,101.4000015258789,103.62999725341797,100.37999725341797,102.36000061035156,1859600,99.78858184814453
2025-10-23,102.37999725341797,103.0,101.11000061035156,101.97000122070312,724200,99.40837860107422
2025-10-24,102.72000122070312,104.11000061035156,102.3499984741211,102.5199966430664,765300,99.9445571899414
2025-10-27,103.73999786376953,103.73999786376953,101.9800033569336,102.7699966430664,602100,100.18827819824219
2025-10-28,102.69999694824219,102.91999816894531,100.41999816894531,100.7699966430664,617600,98.23851776123047
2025-10-29,100.83999633789062,102.31999969482422,99.11000061035156,99.83000183105469,752500,97.3221435546875
2025-10-30,100.0199966430664,101.72000122070312,99.83000183105469,101.12999725341797,666500,98.58946990966797
2025-10-31,100.33000183105469,102.11000061035156,99.56999969482422,101.5999984741211,515000,99.04767608642578
2025-11-03,100.4800033569336,100.77999877929688,98.08000183105469,100.41999816894531,624000,98.4788818359375
2025-11-04,99.5999984741211,101.0,98.30000305175781,99.95999908447266,445500,98.02777099609375
2025-11-05,100.02999877929688,101.94999694824219,99.19000244140625,100.69000244140625,570800,98.74366760253906
2025-11-06,100.80999755859375,102.9800033569336,100.22000122070312,102.12000274658203,1136000,100.14602661132812
2025-11-07,101.62000274658203,104.0199966430664,101.0,103.87000274658203,682500,101.8622055053711
2025-11-10,104.0199966430664,106.19000244140625,103.62999725341797,105.12999725341797,1163100,103.09783935546875
2025-11-11,104.87999725341797,105.73999786376953,103.72000122070312,105.0199966430664,566700,102.98995971679688
2025-11-12,105.16000366210938,107.04000091552734,104.73999786376953,105.3499984741211,614800,103.31358337402344
2025-11-13,104.66000366210938,105.9000015258789,103.19000244140625,103.75,628200,101.74451446533203
2025-11-14,102.23999786376953,104.0,101.54000091552734,102.81999969482422,455400,100.8324966430664
2025-11-17,102.86000061035156,103.5,98.72000122070312,99.5199966430664,605100,97.59627532958984
2025-11-18,99.23999786376953,101.6500015258789,98.76000213623047,100.58999633789062,505000,98.64559173583984
2025-11-19,101.12999725341797,102.68000030517578,99.43000030517578,102.33999633789062,398100,100.36177062988281
2025-11-20,103.43000030517578,104.75,100.86000061035156,100.97000122070312,427800,99.01825714111328
2025-11-21,101.5,105.44000244140625,101.5,104.48999786376953,437100,102.47020721435547
2025-11-24,104.05000305175781,105.30000305175781,102.75,104.2699966430664,593300,102.25445556640625
2025-11-25,104.97000122070312,108.47000122070312,103.94000244140625,107.37999725341797,441900,105.30435180664062
2025-11-26,107.13999938964844,107.79000091552734,106.45999908447266,106.5999984741211,473400,104.5394287109375
2025-11-28,106.5199966430664,107.12999725341797,106.20999908447266,106.69999694824219,189200,104.63748931884766
2025-12-01,106.41000366210938,108.68000030517578,105.69999694824219,107.54000091552734,451400,105.46125030517578
2025-12-02,108.05000305175781,108.7300033569336,107.0199966430664,107.1500015258789,509900,105.07878875732422
2025-12-03,107.41999816894531,109.70999908447266,107.19999694824219,108.94000244140625,322100,106.83419036865234
2025-12-04,108.37000274658203,109.76000213623047,108.11000061035156,108.9000015258789,469600,106.79496765136719
2025-12-05,109.43000030517578,110.47000122070312,108.30000305175781,110.33000183105469,609500,108.19732666015625
2025-12-08,110.45999908447266,111.36000061035156,109.58999633789062,110.33999633789062,519800,108.2071304321289
2025-12-09,110.73999786376953,112.2300033569336,109.0,109.61000061035156,420400,107.49124145507812
2025-12-10,110.06999969482422,115.43000030517578,109.04000091552734,114.80999755859375,862300,112.59071350097656
2025-12-11,114.62000274658203,116.5,113.5199966430664,114.80999755859375,712600,112.59071350097656
2025-12-12,115.16999816894531,115.41000366210938,112.62999725341797,113.62000274658203,561000,111.4237289428711
2025-12-15,114.69000244140625,115.44000244140625,113.5,113.62000274658203,970500,111.4237289428711
2025-12-16,114.2699966430664,115.20999908447266,113.54000091552734,114.47000122070312,785700,112.2573013305664
2025-12-17,114.62000274658203,116.18000030517578,114.22000122070312,114.66000366210938,671600,112.4436264038086
2025-12-18,115.27999877929688,117.0,114.1500015258789,115.22000122070312,923500,112.99280548095703
2025-12-19,115.37999725341797,116.16999816894531,113.06999969482422,113.55999755859375,3069700,111.36488342285156
2025-12-22,114.25,116.12999725341797,114.01000213623047,115.69999694824219,669700,113.4635238647461
2025-12-23,115.69999694824219,115.9800033569336,115.01000213623047,115.56999969482422,494400,113.33602905273438
2025-12-24,115.95999908447266,116.48999786376953,115.18000030517578,115.37000274658203,312900,113.13990783691406
2025-12-26,115.31999969482422,116.0999984741211,115.19000244140625,116.01000213623047,313500,113.76753234863281
2025-12-29,116.12000274658203,116.1500015258789,114.44999694824219,114.81999969482422,492900,112.60053253173828
2025-12-30,114.81999969482422,114.81999969482422,113.31999969482422,114.06999969482422,353100,111.86502838134766
2025-12-31,114.12999725341797,114.77999877929688,112.33999633789062,112.38999938964844,548600,110.2175064086914
2026-01-02,112.41000366210938,115.51000213623047,111.79000091552734,115.05999755859375,532300,112.83589172363281
2026-01-05,114.72000122070312,118.55000305175781,114.72000122070312,116.3499984741211,903300,114.1009521484375
2026-01-06,116.5,117.72000122070312,115.5199966430664,117.69000244140625,628800,115.41505432128906
2026-01-07,117.79000091552734,117.95999908447266,116.05000305175781,116.4800033569336,636000,114.22844696044922
2026-01-08,116.4800033569336,119.68000030517578,116.01000213623047,118.83999633789062,618100,116.5428237915039
2026-01-09,118.68000030517578,119.7300033569336,116.91000366210938,117.44999694824219,504400,115.1796875
2026-01-12,116.19999694824219,116.66000366210938,114.81999969482422,115.05000305175781,1202700,112.82608795166016
2026-01-13,115.91000366210938,116.62999725341797,114.37000274658203,114.44999694824219,613500,112.23767852783203
2026-01-14,114.29000091552734,115.75,113.68000030517578,114.45999908447266,1189400,112.24748992919922
2026-01-15,115.11000061035156,117.33000183105469,114.94000244140625,115.7699966430664,988500,113.53215789794922
2026-01-16,115.61000061035156,116.0199966430664,114.69999694824219,115.2300033569336,1868700,113.00260925292969
2026-01-20,113.2300033569336,115.47000122070312,111.95999908447266,112.0,1445500,109.83504486083984
2026-01-21,112.9800033569336,116.44999694824219,112.05999755859375,115.5,2625600,113.26737976074219
2026-01-22,116.5,117.83999633789062,115.01000213623047,115.30000305175781,1687500,113.07125091552734
2026-01-23,117.61000061035156,117.61000061035156,110.76000213623047,111.3499984741211,2010900,109.1976089477539
2026-01-26,111.0999984741211,114.11000061035156,111.05999755859375,113.5199966430664,2010000,111.32565307617188
2026-01-27,113.69000244140625,114.16999816894531,112.0199966430664,113.4000015258789,1415400,111.2079849243164
2026-01-28,113.29000091552734,115.55000305175781,112.72000122070312,114.06999969482422,1010100,111.86502838134766
2026-01-29,114.66000366210938,116.06999969482422,113.5,114.41999816894531,1291300,112.208251953125
2026-01-30,114.22000122070312,115.45999908447266,113.66999816894531,114.44000244140625,1273900,112.2278823852539
2026-02-02,113.41000366210938,115.55000305175781,112.93000030517578,114.62999725341797,821700,113.20556640625
2026-02-03,114.62000274658203,117.0999984741211,113.3499984741211,114.7300033569336,983600,113.30433654785156
2026-02-04,116.04000091552734,119.19999694824219,116.04000091552734,117.66000366210938,828400,116.19792175292969
2026-02-05,117.56999969482422,119.33999633789062,116.05000305175781,118.45999908447266,1162300,116.98798370361328
2026-02-06,119.8499984741211,123.22000122070312,119.52999877929688,122.5,1140800,120.977783203125
2026-02-09,122.61000061035156,123.81999969482422,121.69000244140625,122.55999755859375,779200,121.03703308105469
2026-02-10,122.37000274658203,123.48999786376953,120.0,120.54000091552734,1030800,119.0421371459961
2026-02-11,121.93000030517578,123.51000213623047,118.66999816894531,119.0999984741211,837500,117.62002563476562
2026-02-12,119.47000122070312,120.44000244140625,114.37999725341797,117.23999786376953,842900,115.78313446044922
2026-02-13,117.05999755859375,118.62000274658203,115.3499984741211,117.83000183105469,821100,116.36581420898438
2026-02-17,118.36000061035156,120.33999633789062,117.83000183105469,119.61000061035156,892100,118.12368774414062
2026-02-18,120.0199966430664,122.86000061035156,119.2300033569336,121.63999938964844,1603600,120.12846374511719
2026-02-19,121.05000305175781,121.80000305175781,118.12000274658203,119.86000061035156,1013000,118.37059020996094
2026-02-20,119.86000061035156,121.61000061035156,118.01000213623047,121.30999755859375,721200,119.80255889892578
2026-02-23,121.16999816894531,121.55000305175781,114.58999633789062,116.0999984741211,957100,114.65730285644531
2026-02-24,115.75,116.30000305175781,113.8499984741211,114.47000122070312,663900,113.04756927490234
2026-02-25,115.94999694824219,116.62000274658203,115.08999633789062,115.51000213623047,919900,114.07463836669922
2026-02-26,116.23999786376953,118.19999694824219,114.87000274658203,116.5,987200,115.05233764648438
2026-02-27,113.72000122070312,114.19999694824219,108.58999633789062,109.44999694824219,1413900,108.08993530273438
2026-03-02,108.91000366210938,112.08999633789062,107.26000213623047,110.91000366210938,1361800,109.53180694580078
2026-03-03,107.95999908447266,111.11000061035156,107.2699966430664,110.5,1113900,109.12689208984375
2026-03-04,110.83999633789062,111.91000366210938,110.18000030517578,111.58999633789062,857400,110.2033462524414
2026-03-05,110.31999969482422,111.13999938964844,108.8499984741211,110.2699966430664,747200,108.89974975585938
2026-03-06,106.87000274658203,106.87000274658203,104.91999816894531,106.31999969482422,1157300,104.99884033203125
2026-03-09,104.63999938964844,107.7300033569336,102.2699966430664,107.0,1540100,105.6703872680664
2026-03-10,107.2300033569336,109.62000274658203,105.95999908447266,107.6500015258789,911200,106.31230926513672
2026-03-11,106.75,107.69999694824219,104.61000061035156,105.69000244140625,981600,104.37667083740234
2026-03-12,103.19000244140625,106.1500015258789,103.01000213623047,105.75,1198600,104.43592071533203
2026-03-13,106.41000366210938,106.9800033569336,104.27999877929688,104.48999786376953,816800,103.19157409667969
2026-03-16,105.27999877929688,105.33999633789062,103.06999969482422,103.30000305175781,2092400,102.01637268066406
2026-03-17,104.7300033569336,105.33000183105469,104.13999938964844,104.86000061035156,984600,103.5569839477539
2026-03-18,104.48999786376953,105.37000274658203,103.69999694824219,104.04000091552734,1266400,102.7471694946289
2026-03-19,103.20999908447266,105.91999816894531,102.75,105.41999816894531,1362800,104.11001586914062
2026-03-20,105.33000183105469,105.5999984741211,103.16999816894531,103.52999877929688,5583800,102.2435073852539
2026-03-23,106.63999938964844,107.69999694824219,104.88999938964844,104.97000122070312,1365200,103.66561126708984
2026-03-24,103.77999877929688,106.8499984741211,103.77999877929688,105.79000091552734,1083900,104.47542572021484
2026-03-25,106.7300033569336,107.83999633789062,105.68000030517578,106.7699966430664,837300,105.44324493408203
2026-03-26,106.3499984741211,106.81999969482422,105.4800033569336,106.12999725341797,840300,104.81119537353516
2026-03-27,105.83999633789062,105.83999633789062,103.58000183105469,103.95999908447266,792600,102.66816711425781
2026-03-30,105.0999984741211,105.13999938964844,103.45999908447266,103.80999755859375,923000,102.52002716064453
2026-03-31,105.68000030517578,107.72000122070312,104.68000030517578,106.76000213623047,1083400,105.4333724975586
2026-04-01,107.56999969482422,110.11000061035156,107.56999969482422,109.33000183105469,1194100,107.971435546875
2026-04-02,107.33999633789062,109.11000061035156,106.08000183105469,108.98999786376953,899800,107.63565826416016
2026-04-06,108.98999786376953,110.2300033569336,108.83000183105469,109.94999694824219,487400,108.58372497558594
2026-04-07,111.44999694824219,111.44999694824219,109.69999694824219,110.61000061035156,941500,109.23553466796875
2026-04-08,113.44999694824219,116.0,113.44999694824219,114.5999984741211,1023600,113.17594146728516
2026-04-09,114.26000213623047,117.2699966430664,113.83999633789062,116.7300033569336,856900,115.27947998046875
2026-04-10,116.80999755859375,117.0,115.41000366210938,115.55000305175781,541100,114.11415100097656
2026-04-13,115.47000122070312,117.61000061035156,114.41000366210938,117.41000366210938,734100,115.95103454589844
2026-04-14,117.01000213623047,118.80999755859375,116.12000274658203,117.88999938964844,793400,116.42506408691406
2026-04-15,118.18000030517578,118.37999725341797,116.5,117.33999633789062,655600,115.88189697265625
2026-04-16,117.04000091552734,117.54000091552734,115.66999816894531,115.91000366210938,848300,114.46967315673828
2026-04-17,117.55000305175781,119.88999938964844,117.08999633789062,118.0199966430664,810500,116.5534439086914
2026-04-20,117.83999633789062,119.55999755859375,117.5999984741211,119.08999633789062,967200,117.61015319824219
2026-04-21,119.02999877929688,121.38999938964844,118.69000244140625,120.9000015258789,2255800,119.39765930175781
2026-04-22,122.72000122070312,124.83999633789062,120.9000015258789,122.08999633789062,1809700,120.57286834716797
2026-04-23,122.56999969482422,124.30999755859375,121.5999984741211,124.16000366210938,1049300,122.61715698242188
2026-04-24,124.16000366210938,124.62999725341797,122.01000213623047,122.66999816894531,886600,121.14566802978516
2026-04-27,123.38999938964844,125.52999877929688,123.36000061035156,124.9800033569336,920800,123.42696380615234
2026-04-28,125.91000366210938,126.5,124.45999908447266,124.91999816894531,666700,123.36770629882812
2026-04-29,124.69999694824219,125.58999633789062,123.63999938964844,124.69999694824219,1130700,123.15043640136719
2026-04-30,124.02999877929688,127.0,123.95999908447266,126.47000122070312,911300,124.89844512939453
2026-05-01,126.1500015258789,127.5199966430664,125.12999725341797,125.81999969482422,914600,124.25652313232422
2026-05-04,124.16999816894531,125.1500015258789,123.0,123.41999816894531,586900,122.66629028320312
2026-05-05,123.73999786376953,124.52999877929688,123.23999786376953,123.55000305175781,720300,122.79550170898438
2026-05-06,125.12000274658203,126.19000244140625,124.5199966430664,125.22000122070312,780900,124.4552993774414
2026-05-07,125.22000122070312,125.30999755859375,121.52999877929688,121.93000030517578,1217100,121.18539428710938
2026-05-08,122.73999786376953,123.04000091552734,121.68000030517578,122.98999786376953,723200,122.2389144897461
2026-05-11,123.5,123.97000122070312,121.30000305175781,121.91000366210938,1028200,121.16551971435547
2026-05-12,122.13999938964844,122.13999938964844,119.18000030517578,120.91000366210938,1016500,120.17162322998047
2026-05-13,120.75,121.31999969482422,118.8499984741211,119.04000091552734,837800,118.31304168701172
2026-05-14,119.47000122070312,121.37000274658203,119.47000122070312,120.4800033569336,898400,119.74424743652344
2026-05-15,120.3499984741211,120.43000030517578,117.94000244140625,119.41000366210938,919400,118.6807861328125
2026-05-18,119.93000030517578,121.3499984741211,119.86000061035156,121.05000305175781,754300,120.3107681274414
2026-05-19,120.58000183105469,121.30000305175781,119.37000274658203,120.94000244140625,868700,120.2014389038086
2026-05-20,121.4800033569336,123.75,119.86000061035156,123.29000091552734,747500,122.5370864868164
2026-05-21,122.66999816894531,123.69000244140625,120.77999877929688,123.0,500600,122.24885559082031
2026-05-22,123.0,124.05999755859375,122.58999633789062,123.12000274658203,818400,122.36812591552734
2026-05-26,124.12999725341797,125.73999786376953,123.30000305175781,124.69999694824219,801000,123.93846893310547
2026-05-27,124.9800033569336,125.55999755859375,123.16999816894531,123.4800033569336,594800,122.7259292602539
2026-05-28,123.05000305175781,123.63999938964844,121.7699966430664,123.05000305175781,698100,122.29855346679688
2026-05-29,122.8499984741211,123.97000122070312,121.87999725341797,122.54000091552734,804100,121.79166412353516
2026-06-01,121.41999816894531,121.66999816894531,119.48999786376953,120.66999816894531,670500,119.9330825805664
2026-06-02,120.5999984741211,122.16000366210938,120.05999755859375,121.94999694824219,709500,121.20526885986328
2026-06-03,121.97000122070312,122.58000183105469,120.33999633789062,121.1500015258789,793600,120.41015625
2026-06-04,122.79000091552734,125.5,121.58999633789062,125.20999908447266,629600,124.44535827636719
2026-06-05,125.66000366210938,126.80000305175781,124.69999694824219,125.94000244140625,781800,125.17090606689453
2026-06-08,126.23999786376953,127.54000091552734,126.0,126.26000213623047,701300,125.48895263671875
2026-06-09,127.33999633789062,130.10000610351562,127.13999938964844,128.66000366210938,849800,127.87429809570312
2026-06-10,128.4499969482422,130.4199981689453,127.66000366210938,128.08999633789062,638900,127.30776977539062
2026-06-11,129.02999877929688,130.5399932861328,127.93000030517578,130.17999267578125,762600,129.385009765625
2026-06-12,130.8699951171875,132.8800048828125,130.24000549316406,132.6300048828125,1000600,131.82005310058594
2026-06-15,136.0,136.0,131.0,131.32000732421875,965000,130.51805114746094
2026-06-16,132.55999755859375,133.7100067138672,130.25,130.61000061035156,1057400,129.8123779296875
2026-06-17,130.39999389648438,131.47000122070312,125.18000030517578,127.26000213623047,1889900,126.48284149169922
2026-06-18,128.1999969482422,129.2100067138672,126.18000030517578,126.80999755859375,3430900,126.03559112548828
2026-06-22,127.56999969482422,129.33999633789062,126.91000366210938,129.1300048828125,1061000,128.3414306640625
2026-06-23,125.37999725341797,131.27999877929688,125.37999725341797,130.88999938964844,893900,130.09066772460938
2026-06-24,131.0399932861328,132.22999572753906,130.63999938964844,130.69000244140625,1099900,129.8918914794922
2026-06-25,131.1699981689453,131.8000030517578,129.61000061035156,130.24000549316406,839900,129.4446563720703
2026-06-26,130.69000244140625,130.77999877929688,128.94000244140625,129.47000122070312,1429900,128.67935180664062
2026-06-29,129.72999572753906,130.75999450683594,128.3000030517578,129.08999633789062,846400,128.30166625976562
2026-06-30,129.10000610351562,129.83999633789062,128.0,129.08999633789062,1014600,128.30166625976562
2026-07-01,129.72000122070312,131.69000244140625,128.67999267578125,130.6999969482422,1239000,129.90182495117188
2026-07-02,131.30999755859375,132.08999633789062,128.67999267578125,129.3000030517578,1142700,128.51039123535156
2026-07-06,129.2100067138672,131.66000366210938,129.2100067138672,131.61000061035156,688100,130.8062744140625
2026-07-07,131.39999389648438,132.61000061035156,129.97999572753906,130.49000549316406,922300,129.693115234375
2026-07-08,130.1300048828125,130.1300048828125,127.06999969482422,127.61000061035156,1315900,126.83070373535156
2026-07-09,128.41000366210938,132.1699981689453,128.1999969482422,131.00999450683594,1135800,130.20993041992188
2026-07-10,131.60000610351562,132.1199951171875,130.3300018310547,131.5399932861328,798700,130.7366943359375
2026-07-13,131.39999389648438,131.80999755859375,130.22000122070312,131.41000366210938,928600,130.6074981689453
2026-07-14,131.50999450683594,132.89999389648438,130.7899932861328,131.2100067138672,575200,130.40872192382812
2026-07-15,131.4600067138672,133.16000366210938,131.05999755859375,132.41000366210938,798300,131.6013946533203
2026-07-16,132.8000030517578,136.24000549316406,132.8000030517578,136.13999938964844,830800,135.30860900878906
2026-07-17,134.75,135.64999389648438,133.49000549316406,134.52000427246094,715500,133.69851684570312
2026-07-20,134.6999969482422,135.1300048828125,133.25,133.9199981689453,991600,133.1021728515625
2026-07-21,133.64999389648438,133.89999389648438,131.75999450683594,133.39999389648438,1127000,132.58534240722656
2026-07-22,132.33999633789062,133.0399932861328,130.3000030517578,131.60000610351562,1480200,130.7963409423828
2026-07-23,130.27999877929688,131.25,129.02000427246094,130.6300048828125,882500,129.83226013183594
2026-07-24,131.27000427246094,132.10000610351562,130.22000122070312,131.0,569700,130.1999969482422
2026-07-27,130.8800048828125,132.88999938964844,129.8000030517578,129.88999938964844,691900,129.09678649902344
2026-07-28,130.16000366210938,131.80999755859375,130.16000366210938,131.30999755859375,685900,130.5081024169922
2026-07-29,130.4600067138672,132.32000732421875,129.74000549316406,130.27999877929688,774700,129.48440551757812
2026-07-30,131.22000122070312,131.85000610351562,130.07000732421875,130.91000366210938,698300,130.1105499267578
2026-07-31,131.83999633789062,131.91000366210938,130.19000244140625,131.0,672400,130.1999969482422
2026-08-03,130.92999267578125,132.80999755859375,130.92999267578125,132.14999389648438,575600,132.14999389648438
2026-08-04,132.11000061035156,134.6699981689453,131.77000427246094,133.39999389648438,684100,133.39999389648438
2026-08-05,133.88999938964844,134.36000061035156,132.83999633789062,133.25,513200,133.25
2026-08-06,134.1699981689453,134.47000122070312,131.66000366210938,131.8800048828125,440500,131.8800048828125
2026-08-07,131.24000549316406,132.2100067138672,130.22000122070312,131.6999969482422,270200,131.6999969482422
2026-08-10,131.4600067138672,132.3699951171875,130.8699951171875,131.85000610351562,570900,131.85000610351562
2026-08-11,131.94000244140625,133.42999267578125,131.13999938964844,133.0399932861328,558500,133.0399932861328
2026-08-12,134.07000732421875,135.35000610351562,132.91000366210938,135.0500030517578,635600,135.0500030517578
2026-08-13,135.5800018310547,136.35000610351562,135.27000427246094,135.9600067138672,495400,135.9600067138672
2026-08-14,135.6699981689453,137.30999755859375,135.6699981689453,136.60000610351562,399400,136.60000610351562
2026-08-17,136.1300048828125,137.47000122070312,135.2899932861328,135.52000427246094,691700,135.52000427246094
2026-08-18,136.0,136.50999450683594,134.36000061035156,135.07000732421875,692100,135.07000732421875
2026-08-19,135.35000610351562,136.30999755859375,130.17999267578125,130.39999389648438,932900,130.39999389648438
2026-08-20,130.08999633789062,131.5,129.25999450683594,129.88999938964844,519900,129.88999938964844
2026-08-21,130.97000122070312,132.00999450683594,129.17999267578125,129.97000122070312,626300,129.97000122070312
2026-08-24,130.14999389648438,131.4600067138672,128.49000549316406,128.91000366210938,662100,128.91000366210938
2026-08-25,129.60000610351562,129.60000610351562,128.25,129.42999267578125,867200,129.42999267578125
2026-08-26,130.22999572753906,131.32000732421875,129.85000610351562,130.42999267578125,618500,130.42999267578125
2026-08-27,129.39999389648438,129.77999877929688,127.91000366210938,129.64999389648438,719700,129.64999389648438
2026-08-28,130.11000061035156,130.5399932861328,129.14999389648438,129.44000244140625,707200,129.44000244140625
2026-08-31,129.2899932861328,129.2899932861328,126.55000305175781,126.86000061035156,1137900,126.86000061035156
2026-09-01,127.05000305175781,127.93000030517578,126.06999969482422,126.76000213623047,636400,126.76000213623047
2026-09-02,127.58000183105469,130.02999877929688,127.2300033569336,128.97000122070312,636800,128.97000122070312
2026-09-03,128.97000122070312,130.82000732421875,128.97000122070312,130.61000061035156,693600,130.61000061035156
2026-09-04,130.02000427246094,131.25999450683594,129.82000732421875,130.77000427246094,443200,130.77000427246094
2026-09-08,131.52000427246094,131.88999938964844,129.10000610351562,129.25,655500,129.25
2026-09-09,128.30999755859375,129.7100067138672,127.54000091552734,128.27999877929688,536600,128.27999877929688
2026-09-10,128.49000549316406,129.38999938964844,127.0,129.3699951171875,603700,129.3699951171875
2026-09-11,130.4600067138672,130.8800048828125,127.5999984741211,129.1699981689453,662300,129.1699981689453
2026-09-14,128.80999755859375,130.63999938964844,128.80999755859375,129.80999755859375,917100,129.80999755859375
2026-09-15,129.4199981689453,130.4199981689453,128.25,128.72999572753906,712500,128.72999572753906
2026-09-16,128.38999938964844,128.89999389648438,124.23999786376953,126.18000030517578,803900,126.18000030517578
2026-09-17,127.94000244140625,128.0399932861328,125.72000122070312,125.79000091552734,904000,125.79000091552734
2026-09-18,125.79000091552734,127.13999938964844,124.86000061035156,126.91999816894531,3346900,126.91999816894531
2026-09-21,127.80000305175781,128.4199981689453,126.6500015258789,127.7699966430664,620800,127.7699966430664
2026-09-22,127.83999633789062,128.55999755859375,125.48999786376953,125.54000091552734,609200,125.54000091552734
2026-09-23,125.54000091552734,127.0,124.41999816894531,124.48999786376953,728900,124.48999786376953
2026-09-24,124.68000030517578,125.83999633789062,124.08999633789062,125.62000274658203,583700,125.62000274658203
2026-09-25,126.5,127.66000366210938,125.76000213623047,127.2300033569336,545500,127.2300033569336
2026-09-28,127.30999755859375,127.75,125.69000244140625,126.72000122070312,856200,126.72000122070312
2026-09-29,126.69999694824219,127.20999908447266,124.48999786376953,125.5199966430664,864500,125.5199966430664
2026-09-30,125.62999725341797,126.12000274658203,123.9000015258789,123.93000030517578,847900,123.93000030517578
2026-10-01,123.08000183105469,125.30000305175781,120.94000244140625,125.0199966430664,836300,125.0199966430664
