date,open,high,low,close,volume,adjclose
2021-10-04,16.65999984741211,16.989999771118164,16.579999923706055,16.6299991607666,4005200,14.042237281799316
2021-10-05,16.719999313354492,16.739999771118164,16.420000076293945,16.549999237060547,6201200,13.974685668945312
2021-10-06,16.43000030517578,16.469999313354492,16.0,16.239999771118164,4918000,13.712924003601074
2021-10-07,16.299999237060547,16.649999618530273,16.219999313354492,16.520000457763672,4289300,13.949356079101562
2021-10-08,16.489999771118164,16.81999969482422,16.440000534057617,16.68000030517578,3626600,14.084458351135254
2021-10-11,16.799999237060547,16.959999084472656,16.579999923706055,16.579999923706055,3042800,14.000018119812012
2021-10-12,16.530000686645508,16.700000762939453,16.450000762939453,16.600000381469727,3335800,14.016902923583984
2021-10-13,16.549999237060547,16.59000015258789,16.18000030517578,16.520000457763672,3060500,13.949356079101562
2021-10-14,16.739999771118164,16.84000015258789,16.510000228881836,16.81999969482422,2879500,14.202670097351074
2021-10-15,17.0,17.079999923706055,16.799999237060547,16.799999237060547,3695800,14.185785293579102
2021-10-18,16.780000686645508,17.049999237060547,16.700000762939453,16.729999542236328,3473400,14.126678466796875
2021-10-19,16.860000610351562,17.030000686645508,16.719999313354492,17.020000457763672,6784200,14.371549606323242
2021-10-20,17.059999465942383,17.290000915527344,16.780000686645508,17.270000457763672,5019200,14.582646369934082
2021-10-21,17.260000228881836,17.350000381469727,16.84000015258789,16.920000076293945,3183500,14.28711223602295
2021-10-22,16.950000762939453,17.219999313354492,16.93000030517578,17.059999465942383,2898900,14.405326843261719
2021-10-25,17.149999618530273,17.15999984741211,16.899999618530273,16.969999313354492,3570500,14.329328536987305
2021-10-26,16.969999313354492,17.040000915527344,16.780000686645508,16.780000686645508,2841500,14.168899536132812
2021-10-27,16.959999084472656,17.139999389648438,16.649999618530273,16.68000030517578,4627300,14.084458351135254
2021-10-28,16.739999771118164,17.209999084472656,16.739999771118164,17.190000534057617,4655600,14.515098571777344
2021-10-29,17.229999542236328,17.350000381469727,16.969999313354492,16.969999313354492,4151600,14.329328536987305
2021-11-01,17.139999389648438,17.329999923706055,17.049999237060547,17.329999923706055,5055400,14.63331127166748
2021-11-02,17.260000228881836,17.350000381469727,16.93000030517578,17.040000915527344,3422500,14.388437271118164
2021-11-03,17.0,17.6299991607666,16.969999313354492,17.469999313354492,6433300,14.75152587890625
2021-11-04,17.399999618530273,17.399999618530273,16.959999084472656,17.139999389648438,3959900,14.47287654876709
2021-11-05,17.399999618530273,17.540000915527344,17.149999618530273,17.31999969482422,3513500,14.624865531921387
2021-11-08,17.389999389648438,17.440000534057617,17.1200008392334,17.280000686645508,2734200,14.591092109680176
2021-11-09,17.06999969482422,17.31999969482422,16.940000534057617,17.270000457763672,3970600,14.582646369934082
2021-11-10,17.34000015258789,17.440000534057617,17.229999542236328,17.299999237060547,3599500,14.607980728149414
2021-11-11,17.309999465942383,17.40999984741211,17.219999313354492,17.329999923706055,2162000,14.63331127166748
2021-11-12,17.329999923706055,17.34000015258789,17.010000228881836,17.170000076293945,2705600,14.498212814331055
2021-11-15,17.290000915527344,17.350000381469727,17.18000030517578,17.229999542236328,2484300,14.548873901367188
2021-11-16,17.290000915527344,17.399999618530273,17.100000381469727,17.290000915527344,3075500,14.599536895751953
2021-11-17,17.229999542236328,17.299999237060547,16.989999771118164,17.15999984741211,2074200,14.489761352539062
2021-11-18,17.1200008392334,17.229999542236328,16.920000076293945,17.030000686645508,2297500,14.379993438720703
2021-11-19,16.729999542236328,16.920000076293945,16.600000381469727,16.780000686645508,2389600,14.168899536132812
2021-11-22,17.110000610351562,17.229999542236328,16.93000030517578,17.040000915527344,2962800,14.388437271118164
2021-11-23,17.209999084472656,17.40999984741211,17.170000076293945,17.3799991607666,3184300,14.675527572631836
2021-11-24,17.329999923706055,17.479999542236328,17.239999771118164,17.31999969482422,2161500,14.624865531921387
2021-11-26,16.719999313354492,16.75,16.200000762939453,16.520000457763672,3190200,13.949356079101562
2021-11-29,16.93000030517578,16.93000030517578,16.420000076293945,16.6200008392334,2969400,14.033795356750488
2021-11-30,16.31999969482422,16.459999084472656,16.030000686645508,16.1299991607666,3961900,13.620040893554688
2021-12-01,16.5,16.719999313354492,15.739999771118164,15.75,3990400,13.299173355102539
2021-12-02,15.949999809265137,16.489999771118164,15.850000381469727,16.3700008392334,3766300,13.822697639465332
2021-12-03,16.3700008392334,16.40999984741211,15.90999984741211,16.010000228881836,4421100,13.518716812133789
2021-12-06,16.420000076293945,16.790000915527344,16.309999465942383,16.600000381469727,5062100,14.016902923583984
2021-12-07,16.690000534057617,16.81999969482422,16.59000015258789,16.670000076293945,5813900,14.07601261138916
2021-12-08,16.690000534057617,16.90999984741211,16.670000076293945,16.75,4280800,14.143566131591797
2021-12-09,16.510000228881836,16.56999969482422,16.309999465942383,16.389999389648438,3394700,13.964641571044922
2021-12-10,16.450000762939453,16.489999771118164,16.15999984741211,16.329999923706055,3783500,13.913519859313965
2021-12-13,16.209999084472656,16.229999542236328,15.819999694824219,15.9399995803833,4171600,13.581231117248535
2021-12-14,15.970000267028809,16.309999465942383,15.9399995803833,16.149999618530273,5980000,13.760156631469727
2021-12-15,16.229999542236328,16.299999237060547,15.949999809265137,16.170000076293945,5321500,13.777194023132324
2021-12-16,16.420000076293945,16.579999923706055,16.190000534057617,16.309999465942383,5274900,13.896476745605469
2021-12-17,16.290000915527344,16.31999969482422,15.520000457763672,15.779999732971191,11784300,13.444905281066895
2021-12-20,15.5,15.579999923706055,15.0,15.239999771118164,4586300,12.98481559753418
2021-12-21,15.5,15.75,15.420000076293945,15.699999809265137,4729200,13.376745223999023
2021-12-22,15.640000343322754,15.869999885559082,15.569999694824219,15.819999694824219,3211100,13.478989601135254
2021-12-23,15.960000038146973,16.040000915527344,15.859999656677246,15.970000267028809,2706800,13.606791496276855
2021-12-27,15.979999542236328,16.239999771118164,15.829999923706055,16.209999084472656,4223600,13.81127643585205
2021-12-28,16.170000076293945,16.459999084472656,16.139999389648438,16.3700008392334,2360400,13.947601318359375
2021-12-29,16.399999618530273,16.479999542236328,16.280000686645508,16.450000762939453,2337600,14.015762329101562
2021-12-30,16.469999313354492,16.639999389648438,16.3700008392334,16.3700008392334,2069700,13.947601318359375
2021-12-31,16.350000381469727,16.479999542236328,16.290000915527344,16.329999923706055,2142200,13.913519859313965
2022-01-03,16.59000015258789,16.8799991607666,16.549999237060547,16.739999771118164,4094000,14.262847900390625
2022-01-04,17.010000228881836,17.489999771118164,16.940000534057617,17.399999618530273,4387700,14.825182914733887
2022-01-05,17.520000457763672,17.670000076293945,17.360000610351562,17.360000610351562,4693700,14.791105270385742
2022-01-06,17.65999984741211,18.18000030517578,17.549999237060547,18.09000015258789,4745600,15.413079261779785
2022-01-07,18.139999389648438,18.459999084472656,17.950000762939453,18.389999389648438,5457400,15.668683052062988
2022-01-10,18.559999465942383,18.6200008392334,17.93000030517578,18.190000534057617,8288700,15.498282432556152
2022-01-11,18.329999923706055,18.329999923706055,18.0,18.270000457763672,6212900,15.56644058227539
2022-01-12,18.360000610351562,18.389999389648438,17.979999542236328,18.18000030517578,5496600,15.489761352539062
2022-01-13,18.31999969482422,18.530000686645508,18.25,18.459999084472656,8446000,15.728325843811035
2022-01-14,18.209999084472656,18.649999618530273,18.1200008392334,18.6299991607666,6930800,15.87316608428955
2022-01-18,18.6299991607666,18.719999313354492,18.270000457763672,18.309999465942383,4311000,15.600517272949219
2022-01-19,18.360000610351562,18.40999984741211,17.59000015258789,17.59000015258789,5151200,14.987067222595215
2022-01-20,17.829999923706055,17.829999923706055,17.110000610351562,17.389999389648438,9771600,14.816661834716797
2022-01-21,17.329999923706055,17.520000457763672,17.110000610351562,17.149999618530273,10135100,14.612175941467285
2022-01-24,16.81999969482422,17.389999389648438,16.510000228881836,17.3700008392334,5839300,14.799626350402832
2022-01-25,17.170000076293945,17.540000915527344,16.719999313354492,17.399999618530273,5623600,14.825182914733887
2022-01-26,17.559999465942383,17.829999923706055,17.18000030517578,17.450000762939453,6766100,14.867782592773438
2022-01-27,17.610000610351562,17.860000610351562,16.940000534057617,17.1200008392334,4171600,14.586621284484863
2022-01-28,17.09000015258789,17.299999237060547,16.81999969482422,17.290000915527344,4127600,14.731459617614746
2022-01-31,17.09000015258789,17.149999618530273,16.770000457763672,17.110000610351562,5738800,14.57809829711914
2022-02-01,17.09000015258789,17.510000228881836,17.010000228881836,17.489999771118164,4375100,14.90186595916748
2022-02-02,17.399999618530273,17.489999771118164,17.280000686645508,17.40999984741211,4901000,14.833701133728027
2022-02-03,17.489999771118164,17.75,17.299999237060547,17.3799991607666,5699500,14.808137893676758
2022-02-04,17.469999313354492,17.809999465942383,17.3799991607666,17.739999771118164,4834900,15.114870071411133
2022-02-07,17.790000915527344,18.020000457763672,17.65999984741211,17.90999984741211,3628300,15.259712219238281
2022-02-08,18.200000762939453,18.389999389648438,18.06999969482422,18.350000381469727,7633200,15.634607315063477
2022-02-09,18.31999969482422,18.399999618530273,18.1200008392334,18.149999618530273,4547700,15.464195251464844
2022-02-10,18.200000762939453,18.479999542236328,18.010000228881836,18.09000015258789,7135300,15.413079261779785
2022-02-11,17.979999542236328,18.399999618530273,17.81999969482422,17.969999313354492,4409200,15.310835838317871
2022-02-14,18.049999237060547,18.200000762939453,17.68000030517578,17.829999923706055,3778100,15.191549301147461
2022-02-15,18.020000457763672,18.559999465942383,18.010000228881836,18.530000686645508,4937500,15.787971496582031
2022-02-16,18.31999969482422,18.670000076293945,18.290000915527344,18.549999237060547,3802700,15.805004119873047
2022-02-17,18.40999984741211,18.43000030517578,17.770000457763672,17.809999465942383,4786400,15.174511909484863
2022-02-18,17.719999313354492,18.200000762939453,17.700000762939453,18.100000381469727,8708200,15.421602249145508
2022-02-22,18.09000015258789,18.239999771118164,17.790000915527344,17.850000381469727,5367000,15.208596229553223
2022-02-23,18.280000686645508,18.280000686645508,17.579999923706055,17.68000030517578,5105000,15.063749313354492
2022-02-24,17.020000457763672,17.520000457763672,16.780000686645508,17.440000534057617,8114200,14.85926342010498
2022-02-25,17.649999618530273,18.270000457763672,17.639999389648438,18.25,5748500,15.549402236938477
2022-02-28,24.149999618530273,24.239999771118164,23.329999923706055,23.479999542236328,99779000,20.005474090576172
2022-03-01,23.3700008392334,23.65999984741211,23.34000015258789,23.440000534057617,33907800,19.97139549255371
2022-03-02,23.5,23.90999984741211,23.5,23.829999923706055,26280800,20.303682327270508
2022-03-03,23.760000228881836,23.969999313354492,23.700000762939453,23.8700008392334,17357000,20.337764739990234
2022-03-04,23.75,23.829999923706055,23.670000076293945,23.700000762939453,15209800,20.192920684814453
2022-03-07,23.709999084472656,23.84000015258789,23.450000762939453,23.450000762939453,16659000,19.979915618896484
2022-03-08,23.5,23.610000610351562,23.399999618530273,23.399999618530273,18234900,19.937314987182617
2022-03-09,23.540000915527344,23.610000610351562,23.420000076293945,23.469999313354492,13359000,19.996957778930664
2022-03-10,23.389999389648438,23.43000030517578,23.100000381469727,23.209999084472656,13031500,19.90262794494629
2022-03-11,23.25,23.309999465942383,23.049999237060547,23.079999923706055,12038500,19.791154861450195
2022-03-14,23.15999984741211,23.329999923706055,23.100000381469727,23.299999237060547,12877400,19.979801177978516
2022-03-15,23.34000015258789,23.3799991607666,23.010000228881836,23.15999984741211,12617100,19.85975456237793
2022-03-16,23.200000762939453,23.25,22.850000381469727,23.049999237060547,10749900,19.765430450439453
2022-03-17,23.0,23.139999389648438,22.969999313354492,23.100000381469727,8485600,19.808307647705078
2022-03-18,23.030000686645508,23.06999969482422,22.950000762939453,23.010000228881836,24731500,19.731130599975586
2022-03-21,23.1299991607666,23.1299991607666,22.93000030517578,23.010000228881836,7056900,19.731130599975586
2022-03-22,23.09000015258789,23.1200008392334,23.020000457763672,23.049999237060547,6196100,19.765430450439453
2022-03-23,23.049999237060547,23.1299991607666,23.030000686645508,23.040000915527344,6214600,19.756855010986328
2022-03-24,23.100000381469727,23.3799991607666,23.09000015258789,23.1299991607666,9897400,19.834035873413086
2022-03-25,23.239999771118164,23.399999618530273,23.200000762939453,23.399999618530273,6998200,20.0655574798584
2022-03-28,23.260000228881836,23.43000030517578,23.139999389648438,23.420000076293945,7906600,20.082704544067383
2022-03-29,23.440000534057617,23.579999923706055,23.3700008392334,23.56999969482422,7078600,20.211332321166992
2022-03-30,23.579999923706055,23.579999923706055,23.469999313354492,23.530000686645508,10023900,20.177030563354492
2022-03-31,23.5,23.59000015258789,23.489999771118164,23.489999771118164,7374100,20.142730712890625
2022-04-01,23.579999923706055,23.59000015258789,23.5,23.549999237060547,8062800,20.19417953491211
2022-04-04,23.520000457763672,23.649999618530273,23.520000457763672,23.6200008392334,9057400,20.25421142578125
2022-04-05,23.600000381469727,23.65999984741211,23.43000030517578,23.450000762939453,10231900,20.108430862426758
2022-04-06,23.43000030517578,23.530000686645508,23.40999984741211,23.5,6117900,20.151308059692383
2022-04-07,23.530000686645508,23.549999237060547,23.350000381469727,23.43000030517578,5476400,20.091285705566406
2022-04-08,23.5,23.530000686645508,23.360000610351562,23.399999618530273,5186400,20.0655574798584
2022-04-11,23.389999389648438,23.530000686645508,23.389999389648438,23.420000076293945,3872600,20.082704544067383
2022-04-12,23.479999542236328,23.510000228881836,22.920000076293945,23.040000915527344,16638700,19.756855010986328
2022-04-13,23.0,23.059999465942383,22.8700008392334,22.889999389648438,7194800,19.628231048583984
2022-04-14,22.969999313354492,23.059999465942383,22.950000762939453,23.040000915527344,4185200,19.756855010986328
2022-04-18,23.010000228881836,23.139999389648438,23.010000228881836,23.100000381469727,2762700,19.808307647705078
2022-04-19,23.100000381469727,23.280000686645508,23.079999923706055,23.280000686645508,3605600,19.96265983581543
2022-04-20,23.25,23.280000686645508,23.100000381469727,23.1200008392334,4068200,19.825454711914062
2022-04-21,23.190000534057617,23.229999542236328,23.0,23.030000686645508,3403300,19.748279571533203
2022-04-22,23.049999237060547,23.079999923706055,22.84000015258789,22.889999389648438,5786000,19.628231048583984
2022-04-25,22.860000610351562,23.020000457763672,22.829999923706055,22.920000076293945,5999800,19.653955459594727
2022-04-26,22.8700008392334,22.959999084472656,22.780000686645508,22.809999465942383,4849000,19.55962562561035
2022-04-27,22.81999969482422,22.90999984741211,22.690000534057617,22.729999542236328,7090500,19.491029739379883
2022-04-28,22.850000381469727,22.860000610351562,22.670000076293945,22.739999771118164,4626300,19.499605178833008
2022-04-29,22.719999313354492,22.760000228881836,22.3799991607666,22.3799991607666,6317100,19.190908432006836
2022-05-02,22.5,22.6200008392334,22.299999237060547,22.510000228881836,7002300,19.302379608154297
2022-05-03,22.5,22.510000228881836,22.100000381469727,22.190000534057617,9013000,19.027978897094727
2022-05-04,22.190000534057617,22.559999465942383,21.75,22.549999237060547,9825200,19.336681365966797
2022-05-05,22.389999389648438,22.420000076293945,21.920000076293945,22.34000015258789,6736300,19.1566104888916
2022-05-06,22.34000015258789,22.6299991607666,22.219999313354492,22.5,5221300,19.29380226135254
2022-05-09,22.350000381469727,22.450000762939453,21.989999771118164,22.0,7616600,18.86505126953125
2022-05-10,22.049999237060547,22.360000610351562,21.6200008392334,21.84000015258789,8105100,18.72785186767578
2022-05-11,21.81999969482422,22.079999923706055,21.5,21.559999465942383,8066600,18.487751007080078
2022-05-12,21.489999771118164,21.799999237060547,21.329999923706055,21.639999389648438,5660200,18.556354522705078
2022-05-13,21.639999389648438,21.84000015258789,21.510000228881836,21.719999313354492,4235600,18.624950408935547
2022-05-16,21.760000228881836,21.790000915527344,21.43000030517578,21.559999465942383,4161600,18.487751007080078
2022-05-17,21.75,22.170000076293945,21.729999542236328,22.170000076293945,3092400,19.010828018188477
2022-05-18,22.09000015258789,22.280000686645508,21.90999984741211,21.969999313354492,3043500,18.839326858520508
2022-05-19,21.889999389648438,22.170000076293945,21.81999969482422,22.0,2831000,18.86505126953125
2022-05-20,22.0,22.260000228881836,21.780000686645508,22.190000534057617,2982900,19.027978897094727
2022-05-23,22.520000457763672,22.6299991607666,22.290000915527344,22.5,3165900,19.29380226135254
2022-05-24,22.389999389648438,22.700000762939453,22.110000610351562,22.690000534057617,2738000,19.45673179626465
2022-05-25,22.68000030517578,23.040000915527344,22.6299991607666,23.0,3485500,19.72255516052246
2022-05-26,23.0,23.110000610351562,22.950000762939453,23.09000015258789,3596700,19.799732208251953
2022-05-27,22.600000381469727,23.100000381469727,22.600000381469727,23.100000381469727,2711100,19.808307647705078
2022-05-31,22.979999542236328,23.040000915527344,22.780000686645508,22.829999923706055,5285800,19.576784133911133
2022-06-01,22.850000381469727,22.889999389648438,22.34000015258789,22.59000015258789,4625700,19.37097930908203
2022-06-02,22.649999618530273,22.989999771118164,22.579999923706055,22.969999313354492,3961800,19.69682502746582
2022-06-03,22.969999313354492,22.969999313354492,22.760000228881836,22.809999465942383,2779400,19.55962562561035
2022-06-06,22.989999771118164,23.030000686645508,22.700000762939453,22.729999542236328,1683100,19.491029739379883
2022-06-07,22.6299991607666,22.979999542236328,22.6299991607666,22.920000076293945,2765000,19.653955459594727
2022-06-08,22.829999923706055,22.850000381469727,22.639999389648438,22.790000915527344,2656700,19.542484283447266
2022-06-09,22.6299991607666,22.739999771118164,22.31999969482422,22.329999923706055,3091400,19.274892807006836
2022-06-10,22.1200008392334,22.31999969482422,22.040000915527344,22.139999389648438,3758100,19.110885620117188
2022-06-13,21.770000457763672,21.940000534057617,21.520000457763672,21.6299991607666,5317000,18.670665740966797
2022-06-14,21.649999618530273,21.899999618530273,21.5,21.65999984741211,4652400,18.696561813354492
2022-06-15,21.770000457763672,21.899999618530273,20.540000915527344,21.139999389648438,8864800,18.247703552246094
2022-06-16,20.899999618530273,21.239999771118164,20.479999542236328,20.739999771118164,8630000,17.902427673339844
2022-06-17,20.829999923706055,21.350000381469727,20.719999313354492,21.219999313354492,8388700,18.31675910949707
2022-06-21,21.440000534057617,21.75,21.229999542236328,21.5,5089500,18.558452606201172
2022-06-22,21.280000686645508,21.6299991607666,21.280000686645508,21.450000762939453,4765600,18.515291213989258
2022-06-23,21.3799991607666,21.829999923706055,21.299999237060547,21.780000686645508,4489600,18.800142288208008
2022-06-24,21.8700008392334,22.389999389648438,21.760000228881836,22.34000015258789,5924000,19.283525466918945
2022-06-27,22.350000381469727,22.540000915527344,22.190000534057617,22.329999923706055,4111300,19.274892807006836
2022-06-28,22.3799991607666,22.510000228881836,22.079999923706055,22.280000686645508,3226400,19.231733322143555
2022-06-29,22.270000457763672,22.31999969482422,21.84000015258789,21.8799991607666,3003600,18.886457443237305
2022-06-30,21.6200008392334,22.020000457763672,21.579999923706055,21.860000610351562,2308800,18.869197845458984
2022-07-01,21.829999923706055,21.969999313354492,21.5,21.799999237060547,3689300,18.817405700683594
2022-07-05,21.489999771118164,22.25,21.360000610351562,22.219999313354492,3585400,19.17994499206543
2022-07-06,22.079999923706055,22.360000610351562,21.81999969482422,22.1200008392334,3099800,19.093629837036133
2022-07-07,22.15999984741211,22.280000686645508,21.739999771118164,22.09000015258789,3415400,19.067731857299805
2022-07-08,22.200000762939453,22.229999542236328,21.760000228881836,21.950000762939453,2690400,18.946887969970703
2022-07-11,21.799999237060547,22.0,21.75,21.829999923706055,2000400,18.843299865722656
2022-07-12,21.739999771118164,21.8799991607666,21.600000381469727,21.639999389648438,3066700,18.679296493530273
2022-07-13,21.600000381469727,21.75,21.469999313354492,21.559999465942383,2440800,18.610240936279297
2022-07-14,21.5,21.65999984741211,21.270000457763672,21.309999465942383,3977100,18.39444351196289
2022-07-15,21.540000915527344,21.950000762939453,21.450000762939453,21.90999984741211,2999000,18.912357330322266
2022-07-18,21.950000762939453,22.149999618530273,21.850000381469727,21.90999984741211,2555000,18.912357330322266
2022-07-19,22.0,22.079999923706055,21.809999465942383,21.950000762939453,3550500,18.946887969970703
2022-07-20,21.920000076293945,22.34000015258789,21.799999237060547,22.260000228881836,2195400,19.21446990966797
2022-07-21,22.100000381469727,22.34000015258789,21.969999313354492,22.170000076293945,1641300,19.136781692504883
2022-07-22,22.18000030517578,22.25,21.799999237060547,21.959999084472656,1758000,18.955514907836914
2022-07-25,22.06999969482422,22.18000030517578,21.979999542236328,22.149999618530273,2630000,19.119518280029297
2022-07-26,22.100000381469727,22.280000686645508,22.0,22.270000457763672,2477400,19.223102569580078
2022-07-27,22.209999084472656,22.5,22.149999618530273,22.479999542236328,1814400,19.40437126159668
2022-07-28,22.450000762939453,22.579999923706055,22.34000015258789,22.5,2628000,19.421632766723633
2022-07-29,22.510000228881836,22.649999618530273,22.31999969482422,22.360000610351562,3365300,19.3007869720459
2022-08-01,22.309999465942383,22.5,22.030000686645508,22.40999984741211,2264600,19.34394645690918
2022-08-02,22.360000610351562,22.93000030517578,22.290000915527344,22.809999465942383,3810700,19.689218521118164
2022-08-03,22.809999465942383,23.010000228881836,22.670000076293945,22.829999923706055,4079700,19.706485748291016
2022-08-04,22.700000762939453,22.969999313354492,22.670000076293945,22.8700008392334,2729900,19.74101448059082
2022-08-05,22.899999618530273,23.0,22.809999465942383,23.0,2412700,19.853227615356445
2022-08-08,22.860000610351562,23.010000228881836,22.860000610351562,22.8799991607666,1451800,19.749643325805664
2022-08-09,22.950000762939453,23.049999237060547,22.81999969482422,22.940000534057617,1773200,19.801433563232422
2022-08-10,22.979999542236328,23.059999465942383,22.860000610351562,22.969999313354492,2302900,19.827329635620117
2022-08-11,23.010000228881836,23.139999389648438,22.950000762939453,23.139999389648438,2926400,19.974075317382812
2022-08-12,23.15999984741211,23.209999084472656,23.040000915527344,23.190000534057617,1698600,20.017229080200195
2022-08-15,23.040000915527344,23.270000457763672,23.0,23.200000762939453,2023100,20.025861740112305
2022-08-16,23.170000076293945,23.360000610351562,23.09000015258789,23.100000381469727,2060800,19.939538955688477
2022-08-17,23.079999923706055,23.149999618530273,22.93000030517578,23.030000686645508,2218900,19.879125595092773
2022-08-18,23.049999237060547,23.15999984741211,22.8799991607666,23.110000610351562,2203500,19.948171615600586
2022-08-19,23.079999923706055,23.1200008392334,22.93000030517578,22.940000534057617,2761600,19.801433563232422
2022-08-22,22.84000015258789,22.889999389648438,22.68000030517578,22.780000686645508,4470600,19.663326263427734
2022-08-23,22.780000686645508,22.8799991607666,22.729999542236328,22.809999465942383,1581600,19.689218521118164
2022-08-24,22.950000762939453,22.950000762939453,22.739999771118164,22.8700008392334,1028200,19.74101448059082
2022-08-25,22.860000610351562,23.260000228881836,22.84000015258789,23.25,1742800,20.06902313232422
2022-08-26,23.239999771118164,23.290000915527344,22.8799991607666,22.90999984741211,1278700,19.775541305541992
2022-08-29,22.8700008392334,23.059999465942383,22.75,22.850000381469727,2464700,19.723745346069336
2022-08-30,22.950000762939453,22.969999313354492,22.760000228881836,22.8700008392334,2054000,19.74101448059082
2022-08-31,22.940000534057617,23.010000228881836,22.600000381469727,22.6200008392334,2026200,19.525218963623047
2022-09-01,22.75,22.8700008392334,22.559999465942383,22.600000381469727,2382700,19.507951736450195
2022-09-02,22.709999084472656,22.760000228881836,22.489999771118164,22.600000381469727,2426400,19.507951736450195
2022-09-06,22.75,22.75,22.389999389648438,22.559999465942383,3033700,19.473424911499023
2022-09-07,22.56999969482422,23.079999923706055,22.530000686645508,23.020000457763672,3841100,19.870492935180664
2022-09-08,22.8799991607666,23.270000457763672,22.799999237060547,23.219999313354492,3419500,20.17458724975586
2022-09-09,23.239999771118164,23.350000381469727,23.149999618530273,23.239999771118164,1873100,20.19196128845215
2022-09-12,23.170000076293945,23.260000228881836,23.149999618530273,23.190000534057617,2360000,20.148523330688477
2022-09-13,23.139999389648438,23.209999084472656,23.010000228881836,23.059999465942383,2298300,20.03557014465332
2022-09-14,23.079999923706055,23.440000534057617,23.079999923706055,23.290000915527344,5374300,20.23540687561035
2022-09-15,23.260000228881836,23.579999923706055,23.260000228881836,23.459999084472656,3441500,20.383108139038086
2022-09-16,23.270000457763672,23.5,23.25,23.329999923706055,10963400,20.270160675048828
2022-09-19,23.280000686645508,23.649999618530273,23.280000686645508,23.540000915527344,5349900,20.452619552612305
2022-09-20,23.469999313354492,23.540000915527344,23.3799991607666,23.43000030517578,4099300,20.357044219970703
2022-09-21,23.450000762939453,23.6200008392334,23.40999984741211,23.5,4580200,20.417863845825195
2022-09-22,23.600000381469727,23.6299991607666,23.489999771118164,23.540000915527344,3399700,20.452619552612305
2022-09-23,23.399999618530273,23.549999237060547,23.34000015258789,23.3700008392334,4448700,20.30491828918457
2022-09-26,23.299999237060547,23.3799991607666,23.15999984741211,23.25,3048900,20.200651168823242
2022-09-27,23.299999237060547,23.3799991607666,23.010000228881836,23.110000610351562,3158100,20.07901382446289
2022-09-28,23.110000610351562,23.479999542236328,23.100000381469727,23.25,3556500,20.200651168823242
2022-09-29,23.200000762939453,23.280000686645508,23.100000381469727,23.1200008392334,3893800,20.087703704833984
2022-09-30,23.1200008392334,23.219999313354492,22.889999389648438,22.899999618530273,4400600,19.896554946899414
2022-10-03,23.100000381469727,23.239999771118164,22.90999984741211,23.209999084472656,3336600,20.165895462036133
2022-10-04,23.280000686645508,23.510000228881836,23.260000228881836,23.280000686645508,5167200,20.22671890258789
2022-10-05,23.219999313354492,23.3799991607666,23.010000228881836,23.040000915527344,7725300,20.018198013305664
2022-10-06,23.049999237060547,23.149999618530273,22.979999542236328,23.040000915527344,3820700,20.018198013305664
2022-10-07,23.020000457763672,23.15999984741211,22.920000076293945,23.020000457763672,3360100,20.000816345214844
2022-10-10,23.010000228881836,23.290000915527344,23.010000228881836,23.079999923706055,2593000,20.052949905395508
2022-10-11,23.040000915527344,23.25,23.020000457763672,23.200000762939453,3560100,20.157207489013672
2022-10-12,23.239999771118164,23.350000381469727,23.190000534057617,23.229999542236328,2110200,20.183277130126953
2022-10-13,23.15999984741211,23.510000228881836,23.049999237060547,23.420000076293945,3948700,20.348358154296875
2022-10-14,23.479999542236328,23.799999237060547,23.3799991607666,23.770000457763672,5545200,20.652450561523438
2022-10-17,23.899999618530273,24.229999542236328,23.8700008392334,23.950000762939453,7469600,20.80884552001953
2022-10-18,24.0,24.079999923706055,23.90999984741211,24.0,7685300,20.852285385131836
2022-10-19,24.0,24.200000762939453,23.90999984741211,24.06999969482422,7098700,20.913105010986328
2022-10-20,24.09000015258789,24.209999084472656,24.0,24.040000915527344,5684400,20.887041091918945
2022-10-21,24.040000915527344,24.209999084472656,24.030000686645508,24.190000534057617,4208300,21.017366409301758
2022-10-24,24.18000030517578,24.280000686645508,24.15999984741211,24.200000762939453,3214100,21.02605628967285
2022-10-25,24.200000762939453,24.3700008392334,24.200000762939453,24.280000686645508,4657800,21.095561981201172
2022-10-26,24.329999923706055,24.34000015258789,24.25,24.290000915527344,3904100,21.1042537689209
2022-10-27,24.34000015258789,24.389999389648438,24.270000457763672,24.299999237060547,5180000,21.112937927246094
2022-10-28,24.31999969482422,24.440000534057617,24.280000686645508,24.3799991607666,5878500,21.182445526123047
2022-10-31,24.350000381469727,24.530000686645508,24.350000381469727,24.510000228881836,9673500,21.29539680480957
2022-11-01,24.489999771118164,24.549999237060547,24.399999618530273,24.40999984741211,5717300,21.208513259887695
2022-11-02,24.440000534057617,24.459999084472656,24.309999465942383,24.350000381469727,5246200,21.156383514404297
2022-11-03,24.350000381469727,24.450000762939453,24.25,24.299999237060547,4992600,21.112937927246094
2022-11-04,24.360000610351562,24.40999984741211,24.290000915527344,24.34000015258789,4208500,21.14769172668457
2022-11-07,24.399999618530273,24.399999618530273,24.299999237060547,24.350000381469727,2181900,21.156383514404297
2022-11-08,24.389999389648438,24.43000030517578,24.299999237060547,24.40999984741211,4633100,21.208513259887695
2022-11-09,24.360000610351562,24.399999618530273,24.299999237060547,24.299999237060547,3337600,21.112937927246094
2022-11-10,24.3799991607666,24.469999313354492,24.34000015258789,24.459999084472656,4194500,21.251956939697266
2022-11-11,24.469999313354492,24.520000457763672,24.270000457763672,24.270000457763672,7100700,21.08687400817871
2022-11-14,24.3700008392334,24.3700008392334,24.290000915527344,24.290000915527344,3357600,21.1042537689209
2022-11-15,24.3799991607666,24.3799991607666,24.299999237060547,24.31999969482422,3776300,21.13031768798828
2022-11-16,24.3799991607666,24.420000076293945,24.299999237060547,24.299999237060547,2934800,21.112937927246094
2022-11-17,24.309999465942383,24.3700008392334,24.299999237060547,24.3700008392334,3306200,21.17375946044922
2022-11-18,24.3799991607666,24.5,24.3700008392334,24.459999084472656,3426000,21.251956939697266
2022-11-21,24.479999542236328,24.59000015258789,24.440000534057617,24.56999969482422,4870900,21.3475284576416
2022-11-22,24.559999465942383,24.639999389648438,24.5,24.6200008392334,4587700,21.390972137451172
2022-11-23,24.610000610351562,24.68000030517578,24.59000015258789,24.670000076293945,4656600,21.434410095214844
2022-11-25,24.6299991607666,24.780000686645508,24.6299991607666,24.770000457763672,2972700,21.521299362182617
2022-11-28,24.690000534057617,24.729999542236328,24.510000228881836,24.6200008392334,5220600,21.390972137451172
2022-11-29,24.68000030517578,24.75,24.549999237060547,24.65999984741211,5241100,21.42572593688965
2022-11-30,24.6200008392334,24.920000076293945,24.6200008392334,24.850000381469727,61573300,21.59080696105957
2022-12-01,24.729999542236328,24.760000228881836,24.68000030517578,24.700000762939453,7642400,21.46047592163086
2022-12-02,24.68000030517578,24.709999084472656,24.649999618530273,24.68000030517578,5650100,21.443098068237305
2022-12-05,24.65999984741211,24.68000030517578,24.469999313354492,24.489999771118164,6687600,21.278017044067383
2022-12-06,24.520000457763672,24.540000915527344,24.440000534057617,24.5,5972900,21.28670883178711
2022-12-07,24.489999771118164,24.649999618530273,24.459999084472656,24.600000381469727,4094700,21.373598098754883
2022-12-08,24.610000610351562,24.649999618530273,24.530000686645508,24.549999237060547,3324800,21.330148696899414
2022-12-09,24.579999923706055,24.6299991607666,24.450000762939453,24.479999542236328,3803400,21.269332885742188
2022-12-12,24.510000228881836,24.520000457763672,24.450000762939453,24.5,5498300,21.28670883178711
2022-12-13,24.520000457763672,24.540000915527344,24.389999389648438,24.40999984741211,10855700,21.208513259887695
2022-12-14,24.40999984741211,24.479999542236328,24.399999618530273,24.420000076293945,6806900,21.217205047607422
2022-12-15,24.309999465942383,24.420000076293945,24.270000457763672,24.420000076293945,7836300,21.348337173461914
2022-12-16,24.440000534057617,24.5,24.34000015258789,24.40999984741211,11190500,21.33959197998047
2022-12-19,24.3799991607666,24.530000686645508,24.350000381469727,24.420000076293945,3105500,21.348337173461914
2022-12-20,24.459999084472656,24.549999237060547,24.450000762939453,24.489999771118164,2825800,21.409526824951172
2022-12-21,24.510000228881836,24.549999237060547,24.459999084472656,24.549999237060547,3140300,21.46198272705078
2022-12-22,24.540000915527344,24.540000915527344,24.40999984741211,24.469999313354492,3174200,21.392040252685547
2022-12-23,24.489999771118164,24.510000228881836,24.450000762939453,24.479999542236328,1645600,21.40078353881836
2022-12-27,24.479999542236328,24.520000457763672,24.459999084472656,24.479999542236328,1846700,21.40078353881836
2022-12-28,24.450000762939453,24.520000457763672,24.440000534057617,24.469999313354492,2060400,21.392040252685547
2022-12-29,24.469999313354492,24.510000228881836,24.469999313354492,24.489999771118164,1600300,21.409526824951172
2022-12-30,24.459999084472656,24.5,24.450000762939453,24.5,1799300,21.418270111083984
2023-01-03,24.5,24.510000228881836,24.3700008392334,24.459999084472656,4685600,21.383298873901367
2023-01-04,24.479999542236328,24.520000457763672,24.40999984741211,24.5,4043600,21.418270111083984
2023-01-05,24.5,24.540000915527344,24.399999618530273,24.479999542236328,3783000,21.40078353881836
2023-01-06,24.489999771118164,24.59000015258789,24.459999084472656,24.549999237060547,3308800,21.46198272705078
2023-01-09,24.5,24.549999237060547,24.469999313354492,24.479999542236328,4643700,21.40078353881836
2023-01-10,24.5,24.649999618530273,24.479999542236328,24.549999237060547,4844100,21.46198272705078
2023-01-11,24.540000915527344,24.700000762939453,24.520000457763672,24.68000030517578,6072700,21.57562828063965
2023-01-12,24.600000381469727,24.790000915527344,24.600000381469727,24.649999618530273,2724400,21.549406051635742
2023-01-13,24.610000610351562,24.670000076293945,24.579999923706055,24.649999618530273,2408000,21.549406051635742
2023-01-17,24.6200008392334,24.65999984741211,24.43000030517578,24.510000228881836,5278400,21.427011489868164
2023-01-18,24.549999237060547,24.649999618530273,24.549999237060547,24.56999969482422,4191300,21.47946548461914
2023-01-19,24.56999969482422,24.649999618530273,24.56999969482422,24.600000381469727,4487800,21.505691528320312
2023-01-20,24.56999969482422,24.690000534057617,24.559999465942383,24.65999984741211,3336100,21.558143615722656
2023-01-23,24.600000381469727,24.65999984741211,24.600000381469727,24.6299991607666,3417300,21.53191566467285
2023-01-24,24.600000381469727,24.65999984741211,24.59000015258789,24.59000015258789,2032300,21.496952056884766
2023-01-25,24.600000381469727,24.6200008392334,24.549999237060547,24.549999237060547,5875500,21.46198272705078
2023-01-26,24.59000015258789,24.670000076293945,24.59000015258789,24.6200008392334,6237500,21.523176193237305
2023-01-27,24.6200008392334,24.700000762939453,24.600000381469727,24.670000076293945,3687700,21.566883087158203
2023-01-30,24.700000762939453,24.770000457763672,24.6200008392334,24.639999389648438,6008600,21.540660858154297
2023-01-31,24.65999984741211,24.739999771118164,24.639999389648438,24.729999542236328,3838000,21.619338989257812
2023-02-01,24.719999313354492,24.75,24.68000030517578,24.75,2765500,21.636825561523438
2023-02-02,24.700000762939453,24.75,24.649999618530273,24.719999313354492,3339400,21.610599517822266
2023-02-03,24.719999313354492,24.729999542236328,24.6299991607666,24.690000534057617,3083100,21.584367752075195
2023-02-06,24.690000534057617,24.729999542236328,24.649999618530273,24.690000534057617,3656700,21.584367752075195
2023-02-07,24.670000076293945,24.75,24.65999984741211,24.739999771118164,4553900,21.628080368041992
2023-02-08,24.709999084472656,24.75,24.68000030517578,24.68000030517578,2455300,21.57562828063965
2023-02-09,24.719999313354492,24.719999313354492,24.670000076293945,24.670000076293945,2223600,21.566883087158203
2023-02-10,24.670000076293945,24.729999542236328,24.670000076293945,24.729999542236328,1665300,21.619338989257812
2023-02-13,24.700000762939453,24.790000915527344,24.690000534057617,24.729999542236328,2167500,21.619338989257812
2023-02-14,24.75,24.75,24.700000762939453,24.700000762939453,1244900,21.59311294555664
2023-02-15,24.709999084472656,24.8799991607666,24.709999084472656,24.8799991607666,4940200,21.75047492980957
2023-02-16,24.84000015258789,24.8700008392334,24.799999237060547,24.81999969482422,2786000,21.69801902770996
2023-02-17,24.809999465942383,24.8799991607666,24.799999237060547,24.84000015258789,3541400,21.71550178527832
2023-02-21,24.84000015258789,24.8700008392334,24.809999465942383,24.850000381469727,3512300,21.724241256713867
2023-02-22,24.829999923706055,24.899999618530273,24.829999923706055,24.860000610351562,2222800,21.732988357543945
2023-02-23,24.889999389648438,24.899999618530273,24.829999923706055,24.850000381469727,2909900,21.724241256713867
2023-02-24,24.799999237060547,24.8700008392334,24.799999237060547,24.850000381469727,3368300,21.724241256713867
2023-02-27,24.84000015258789,24.860000610351562,24.739999771118164,24.75,4015300,21.636825561523438
2023-02-28,24.770000457763672,24.829999923706055,24.700000762939453,24.770000457763672,5552900,21.654306411743164
2023-03-01,20.780000686645508,22.5,20.700000762939453,22.139999389648438,56796300,19.355119705200195
2023-03-02,22.389999389648438,22.8799991607666,21.290000915527344,21.84000015258789,16050500,19.092859268188477
2023-03-03,21.920000076293945,22.0,21.270000457763672,21.459999084472656,14016200,18.760656356811523
2023-03-06,21.299999237060547,21.3799991607666,21.149999618530273,21.229999542236328,7317500,18.559589385986328
2023-03-07,21.200000762939453,21.6200008392334,21.049999237060547,21.290000915527344,6683000,18.61203956604004
2023-03-08,21.200000762939453,21.420000076293945,21.18000030517578,21.350000381469727,5690800,18.664493560791016
2023-03-09,21.309999465942383,21.56999969482422,20.84000015258789,20.93000030517578,7402400,18.297321319580078
2023-03-10,20.329999923706055,20.360000610351562,19.530000686645508,20.100000381469727,19170400,17.57172393798828
2023-03-13,18.8700008392334,19.0,13.399999618530273,16.040000915527344,39452000,14.022411346435547
2023-03-14,17.510000228881836,17.6200008392334,16.1200008392334,16.299999237060547,15631300,14.249704360961914
2023-03-15,15.5,16.1299991607666,15.359999656677246,15.680000305175781,15441300,13.707694053649902
2023-03-16,15.430000305175781,16.040000915527344,14.529999732971191,15.5600004196167,21380900,13.734173774719238
2023-03-17,15.3100004196167,15.319999694824219,14.680000305175781,14.930000305175781,39235400,13.178096771240234
2023-03-20,15.8100004196167,15.8100004196167,14.84000015258789,15.229999542236328,10462000,13.44289493560791
2023-03-21,15.550000190734863,16.190000534057617,15.520000457763672,16.1299991607666,7935100,14.237287521362305
2023-03-22,15.930000305175781,16.149999618530273,15.550000190734863,15.579999923706055,6723000,13.751826286315918
2023-03-23,15.6899995803833,16.059999465942383,15.40999984741211,15.779999732971191,9403600,13.928356170654297
2023-03-24,15.699999809265137,16.799999237060547,15.680000305175781,16.760000228881836,9784100,14.793362617492676
2023-03-27,17.389999389648438,17.760000228881836,17.15999984741211,17.260000228881836,8722100,15.23469066619873
2023-03-28,17.1299991607666,17.459999084472656,17.059999465942383,17.229999542236328,5653300,15.208210945129395
2023-03-29,17.329999923706055,17.65999984741211,16.739999771118164,17.549999237060547,8645400,15.49066162109375
2023-03-30,17.670000076293945,17.739999771118164,17.360000610351562,17.40999984741211,4583700,15.36708927154541
2023-03-31,17.600000381469727,17.959999084472656,17.559999465942383,17.780000686645508,6948000,15.693674087524414
2023-04-03,17.850000381469727,18.020000457763672,17.540000915527344,17.8799991607666,4888500,15.781942367553711
2023-04-04,17.989999771118164,18.020000457763672,17.149999618530273,17.329999923706055,5067400,15.296477317810059
2023-04-05,17.020000457763672,17.670000076293945,16.959999084472656,17.6299991607666,5331500,15.561275482177734
2023-04-06,17.6299991607666,17.81999969482422,17.40999984741211,17.709999084472656,4896600,15.631890296936035
2023-04-10,17.6299991607666,17.989999771118164,17.579999923706055,17.799999237060547,5184100,15.711326599121094
2023-04-11,17.799999237060547,17.889999389648438,17.6299991607666,17.670000076293945,4444800,15.596583366394043
2023-04-12,17.700000762939453,18.489999771118164,17.559999465942383,17.860000610351562,5759500,15.764287948608398
2023-04-13,18.059999465942383,18.450000762939453,17.950000762939453,18.420000076293945,5582200,16.25857925415039
2023-04-14,18.600000381469727,18.760000228881836,18.260000228881836,18.350000381469727,6400100,16.19679069519043
2023-04-17,18.200000762939453,18.729999542236328,17.799999237060547,18.540000915527344,4598900,16.364498138427734
2023-04-18,18.549999237060547,18.549999237060547,18.219999313354492,18.350000381469727,5196500,16.19679069519043
2023-04-19,18.510000228881836,18.610000610351562,18.15999984741211,18.59000015258789,5090000,16.408626556396484
2023-04-20,18.25,18.989999771118164,18.25,18.450000762939453,5660800,16.285057067871094
2023-04-21,18.40999984741211,18.520000457763672,18.209999084472656,18.25,3518100,16.1085262298584
2023-04-24,18.25,18.520000457763672,18.170000076293945,18.31999969482422,2368800,16.170310974121094
2023-04-25,18.1200008392334,18.290000915527344,17.579999923706055,17.59000015258789,4683900,15.525970458984375
2023-04-26,17.34000015258789,17.899999618530273,17.329999923706055,17.469999313354492,3672300,15.420051574707031
2023-04-27,17.549999237060547,17.770000457763672,17.399999618530273,17.59000015258789,3112200,15.525970458984375
2023-04-28,17.540000915527344,17.729999542236328,17.40999984741211,17.549999237060547,4282300,15.49066162109375
2023-05-01,17.639999389648438,17.81999969482422,17.389999389648438,17.520000457763672,3841000,15.46418571472168
2023-05-02,17.450000762939453,17.489999771118164,15.970000267028809,16.190000534057617,11397700,14.29024887084961
2023-05-03,16.25,16.649999618530273,14.75,15.050000190734863,20269800,13.284016609191895
2023-05-04,9.4399995803833,10.25,8.989999771118164,10.0600004196167,112613100,8.879549026489258
2023-05-05,10.739999771118164,11.079999923706055,10.279999732971191,10.9399995803833,45335000,9.65628719329834
2023-05-08,11.109999656677246,11.229999542236328,10.630000114440918,10.699999809265137,20500500,9.444449424743652
2023-05-09,10.579999923706055,10.6899995803833,10.029999732971191,10.5600004196167,18524200,9.320877075195312
2023-05-10,10.6899995803833,10.789999961853027,9.960000038146973,10.119999885559082,22544900,8.932509422302246
2023-05-11,9.84000015258789,10.100000381469727,9.739999771118164,9.770000457763672,19493900,8.623579025268555
2023-05-12,9.869999885559082,9.869999885559082,9.479999542236328,9.670000076293945,22324300,8.53531265258789
2023-05-15,9.75,10.210000038146973,9.710000038146973,10.0600004196167,17911400,8.879549026489258
2023-05-16,10.350000381469727,10.350000381469727,9.800000190734863,10.25,20720700,9.047255516052246
2023-05-17,10.399999618530273,10.979999542236328,10.300000190734863,10.84000015258789,21033000,9.568020820617676
2023-05-18,10.90999984741211,11.09000015258789,10.65999984741211,10.989999771118164,11087900,9.700419425964355
2023-05-19,11.039999961853027,11.100000381469727,10.65999984741211,10.880000114440918,9702300,9.6033296585083
2023-05-22,10.979999542236328,11.199999809265137,10.84000015258789,11.039999961853027,12656600,9.744553565979004
2023-05-23,11.239999771118164,11.739999771118164,11.100000381469727,11.239999771118164,15021800,9.921086311340332
2023-05-24,11.369999885559082,11.399999618530273,10.930000305175781,11.09000015258789,9685400,9.788686752319336
2023-05-25,10.949999809265137,11.09000015258789,10.720000267028809,10.899999618530273,8417200,9.620983123779297
2023-05-26,10.989999771118164,10.989999771118164,10.6899995803833,10.880000114440918,8787900,9.6033296585083
2023-05-30,10.930000305175781,10.970000267028809,10.479999542236328,10.8100004196167,13099400,9.541542053222656
2023-05-31,10.75,10.75,10.15999984741211,10.3100004196167,16883200,9.100212097167969
2023-06-01,10.40999984741211,10.600000381469727,10.25,10.449999809265137,12142800,9.223785400390625
2023-06-02,10.600000381469727,11.100000381469727,10.520000457763672,11.039999961853027,10539200,9.744553565979004
2023-06-05,11.270000457763672,11.300000190734863,10.579999923706055,10.829999923706055,13433000,9.559195518493652
2023-06-06,10.8100004196167,11.449999809265137,10.550000190734863,11.4399995803833,32556300,10.097617149353027
2023-06-07,11.5,11.869999885559082,11.390000343322754,11.649999618530273,17764200,10.282975196838379
2023-06-08,11.579999923706055,11.8100004196167,11.399999618530273,11.710000038146973,10525700,10.3359375
2023-06-09,11.859999656677246,11.890000343322754,11.609999656677246,11.710000038146973,8314200,10.3359375
2023-06-12,11.710000038146973,12.0,11.5600004196167,11.8100004196167,11056300,10.424201011657715
2023-06-13,11.579999923706055,12.220000267028809,11.579999923706055,12.149999618530273,15844400,10.724305152893066
2023-06-14,12.180000305175781,12.260000228881836,11.4399995803833,11.449999809265137,12990000,10.106443405151367
2023-06-15,11.149999618530273,11.84000015258789,11.069999694824219,11.789999961853027,10994700,10.544689178466797
2023-06-16,11.90999984741211,11.979999542236328,11.65999984741211,11.75,15644400,10.508914947509766
2023-06-20,11.770000457763672,11.850000381469727,11.579999923706055,11.779999732971191,9751000,10.535745620727539
2023-06-21,11.75,11.789999961853027,11.59000015258789,11.600000381469727,5061700,10.374756813049316
2023-06-22,11.510000228881836,11.520000457763672,11.119999885559082,11.1899995803833,6609200,10.008064270019531
2023-06-23,11.09000015258789,11.210000038146973,10.899999618530273,11.0,7545900,9.83813190460205
2023-06-26,11.069999694824219,11.319999694824219,11.0,11.15999984741211,8294400,9.981230735778809
2023-06-27,11.0600004196167,11.460000038146973,10.930000305175781,11.229999542236328,7227200,10.043838500976562
2023-06-28,11.109999656677246,11.25,11.020000457763672,11.149999618530273,4932900,9.972289085388184
2023-06-29,11.350000381469727,11.460000038146973,11.270000457763672,11.289999961853027,7425600,10.09749984741211
2023-06-30,11.350000381469727,11.40999984741211,11.09000015258789,11.270000457763672,8130500,10.07961368560791
2023-07-03,11.40999984741211,11.75,11.359999656677246,11.5,5804500,10.285320281982422
2023-07-05,11.350000381469727,11.850000381469727,11.3100004196167,11.6899995803833,7905400,10.455249786376953
2023-07-06,11.6899995803833,11.729999542236328,11.399999618530273,11.670000076293945,7248400,10.437361717224121
2023-07-07,11.65999984741211,12.0,11.619999885559082,11.829999923706055,8915100,10.580463409423828
2023-07-10,11.859999656677246,12.180000305175781,11.8100004196167,12.079999923706055,8608100,10.804056167602539
2023-07-11,12.15999984741211,12.3100004196167,11.960000038146973,12.260000228881836,8077900,10.965046882629395
2023-07-12,12.770000457763672,12.829999923706055,12.34000015258789,12.489999771118164,10607700,11.170751571655273
2023-07-13,12.550000190734863,12.729999542236328,12.430000305175781,12.720000267028809,5183500,11.376456260681152
2023-07-14,12.789999961853027,12.850000381469727,12.369999885559082,12.520000457763672,6914000,11.197583198547363
2023-07-17,12.489999771118164,12.619999885559082,12.350000381469727,12.550000190734863,5668900,11.224414825439453
2023-07-18,12.510000228881836,13.010000228881836,12.510000228881836,12.819999694824219,12802200,11.46589469909668
2023-07-19,12.899999618530273,13.369999885559082,12.640000343322754,12.869999885559082,16303800,11.510613441467285
2023-07-20,13.140000343322754,13.140000343322754,12.369999885559082,12.819999694824219,12665900,11.46589469909668
2023-07-21,12.829999923706055,12.890000343322754,12.5,12.630000114440918,8155300,11.295964241027832
2023-07-24,12.670000076293945,13.300000190734863,12.649999618530273,13.199999809265137,12096200,11.805757522583008
2023-07-25,13.170000076293945,13.350000381469727,12.899999618530273,12.979999542236328,7998000,11.608994483947754
2023-07-26,13.3100004196167,13.75,13.279999732971191,13.630000114440918,11811900,12.190340995788574
2023-07-27,13.640000343322754,13.869999885559082,13.430000305175781,13.449999809265137,10645300,12.029350280761719
2023-07-28,13.600000381469727,13.800000190734863,13.449999809265137,13.770000457763672,6571800,12.315552711486816
2023-07-31,13.770000457763672,13.960000038146973,13.5,13.630000114440918,7076700,12.190340995788574
2023-08-01,13.569999694824219,13.569999694824219,13.079999923706055,13.329999923706055,7416500,11.922027587890625
2023-08-02,13.180000305175781,13.34000015258789,13.029999732971191,13.1899995803833,5441300,11.796815872192383
2023-08-03,13.140000343322754,13.4399995803833,13.029999732971191,13.40999984741211,4115300,11.99357795715332
2023-08-04,13.3100004196167,13.569999694824219,13.279999732971191,13.40999984741211,4639800,11.99357795715332
2023-08-07,13.479999542236328,13.819999694824219,13.430000305175781,13.720000267028809,5592900,12.270833969116211
2023-08-08,13.369999885559082,13.789999961853027,13.069999694824219,13.739999771118164,8002100,12.288721084594727
2023-08-09,13.609999656677246,13.800000190734863,13.300000190734863,13.369999885559082,8402300,11.957801818847656
2023-08-10,13.5,13.630000114440918,13.300000190734863,13.449999809265137,7649800,12.029350280761719
2023-08-11,13.350000381469727,13.649999618530273,13.350000381469727,13.59000015258789,6870900,12.154562950134277
2023-08-14,13.449999809265137,13.449999809265137,13.239999771118164,13.260000228881836,3572500,11.859418869018555
2023-08-15,13.069999694824219,13.09000015258789,12.819999694824219,12.829999923706055,5265800,11.474838256835938
2023-08-16,12.819999694824219,13.0,12.760000228881836,12.850000381469727,4456600,11.492727279663086
2023-08-17,12.9399995803833,12.949999809265137,12.699999809265137,12.739999771118164,3570900,11.394346237182617
2023-08-18,12.569999694824219,12.8100004196167,12.470000267028809,12.739999771118164,4838000,11.394346237182617
2023-08-21,12.789999961853027,12.800000190734863,12.550000190734863,12.720000267028809,3609600,11.376456260681152
2023-08-22,12.6899995803833,12.710000038146973,12.170000076293945,12.199999809265137,7027100,10.911383628845215
2023-08-23,12.239999771118164,12.40999984741211,12.119999885559082,12.319999694824219,4823200,11.018707275390625
2023-08-24,12.229999542236328,12.529999732971191,12.229999542236328,12.380000114440918,3750100,11.072369575500488
2023-08-25,12.420000076293945,12.449999809265137,12.15999984741211,12.220000267028809,5267600,10.929269790649414
2023-08-28,12.289999961853027,12.489999771118164,12.149999618530273,12.350000381469727,3372800,11.045537948608398
2023-08-29,12.4399995803833,12.539999961853027,12.220000267028809,12.449999809265137,3581300,11.134976387023926
2023-08-30,12.390000343322754,12.529999732971191,12.350000381469727,12.460000038146973,3681800,11.1439208984375
2023-08-31,12.5,12.680000305175781,12.4399995803833,12.550000190734863,5958400,11.224414825439453
2023-09-01,12.6899995803833,12.859999656677246,12.65999984741211,12.75,3725500,11.403288841247559
2023-09-05,12.670000076293945,12.770000457763672,12.430000305175781,12.489999771118164,4666500,11.170751571655273
2023-09-06,12.4399995803833,12.479999542236328,11.880000114440918,11.979999542236328,5718400,10.714620590209961
2023-09-07,11.899999618530273,12.050000190734863,11.65999984741211,11.699999809265137,10951100,10.464194297790527
2023-09-08,11.699999809265137,11.899999618530273,11.550000190734863,11.829999923706055,6240800,10.580463409423828
2023-09-11,11.920000076293945,12.039999961853027,11.729999542236328,11.779999732971191,7195000,10.535745620727539
2023-09-12,11.720000267028809,11.920000076293945,11.539999961853027,11.680000305175781,9105500,10.446308135986328
2023-09-13,11.800000190734863,11.800000190734863,11.40999984741211,11.479999542236328,8743500,10.267431259155273
2023-09-14,11.489999771118164,11.670000076293945,11.449999809265137,11.619999885559082,7322400,10.530234336853027
2023-09-15,11.449999809265137,11.579999923706055,11.359999656677246,11.449999809265137,16330200,10.376178741455078
2023-09-18,11.399999618530273,11.40999984741211,11.210000038146973,11.229999542236328,6263800,10.176810264587402
2023-09-19,11.329999923706055,11.430000305175781,11.170000076293945,11.25,4406300,10.19493579864502
2023-09-20,11.369999885559082,11.510000228881836,11.180000305175781,11.229999542236328,5374100,10.176810264587402
2023-09-21,11.100000381469727,11.319999694824219,10.960000038146973,11.140000343322754,5168300,10.09525203704834
2023-09-22,11.180000305175781,11.220000267028809,10.960000038146973,11.109999656677246,4850200,10.068063735961914
2023-09-25,11.0600004196167,11.210000038146973,11.010000228881836,11.199999809265137,3435600,10.14962387084961
2023-09-26,11.010000228881836,11.3100004196167,11.0,11.0600004196167,4055800,10.022753715515137
2023-09-27,11.130000114440918,11.170000076293945,10.90999984741211,10.989999771118164,5742100,9.959317207336426
2023-09-28,10.949999809265137,11.15999984741211,10.850000381469727,10.989999771118164,5915100,9.959317207336426
2023-09-29,11.039999961853027,11.260000228881836,11.0,11.020000457763672,5200500,9.986506462097168
2023-10-02,10.930000305175781,11.010000228881836,10.430000305175781,10.640000343322754,13517800,9.642144203186035
2023-10-03,10.579999923706055,10.619999885559082,10.260000228881836,10.369999885559082,9219500,9.39746379852295
2023-10-04,10.199999809265137,10.59000015258789,10.199999809265137,10.529999732971191,7332800,9.542457580566406
2023-10-05,10.399999618530273,10.579999923706055,10.369999885559082,10.479999542236328,6324300,9.497145652770996
2023-10-06,10.350000381469727,10.479999542236328,10.079999923706055,10.359999656677246,10570800,9.388401985168457
2023-10-09,10.300000190734863,10.479999542236328,10.260000228881836,10.369999885559082,5151500,9.39746379852295
2023-10-10,10.5,10.829999923706055,10.449999809265137,10.619999885559082,8954600,9.624017715454102
2023-10-11,10.670000076293945,10.800000190734863,10.449999809265137,10.609999656677246,5099500,9.614956855773926
2023-10-12,10.630000114440918,10.65999984741211,10.399999618530273,10.479999542236328,6111700,9.497145652770996
2023-10-13,10.630000114440918,10.739999771118164,10.359999656677246,10.369999885559082,6047200,9.39746379852295
2023-10-16,10.5,10.6899995803833,10.40999984741211,10.609999656677246,7187500,9.614956855773926
2023-10-17,10.539999961853027,10.979999542236328,10.539999961853027,10.869999885559082,9213300,9.85057258605957
2023-10-18,10.789999961853027,11.489999771118164,10.569999694824219,11.069999694824219,16306500,10.031814575195312
2023-10-19,11.079999923706055,11.470000267028809,11.0,11.1899995803833,10329200,10.140563011169434
2023-10-20,10.989999771118164,11.220000267028809,10.550000190734863,10.569999694824219,9820100,9.578707695007324
2023-10-23,10.489999771118164,10.710000038146973,10.420000076293945,10.5600004196167,7059500,9.569645881652832
2023-10-24,10.630000114440918,10.75,10.369999885559082,10.510000228881836,5846400,9.524335861206055
2023-10-25,10.420000076293945,10.529999732971191,10.15999984741211,10.390000343322754,9270100,9.41558837890625
2023-10-26,10.399999618530273,10.789999961853027,10.34000015258789,10.680000305175781,5392300,9.678391456604004
2023-10-27,10.630000114440918,10.770000457763672,10.4399995803833,10.520000457763672,6345500,9.533397674560547
2023-10-30,10.619999885559082,10.710000038146973,10.5,10.6899995803833,4098500,9.687453269958496
2023-10-31,10.6899995803833,10.930000305175781,10.609999656677246,10.75,5690600,9.741827964782715
2023-11-01,10.729999542236328,10.800000190734863,10.550000190734863,10.779999732971191,7145500,9.769011497497559
2023-11-02,10.949999809265137,11.5,10.890000343322754,11.430000305175781,7010800,10.358054161071777
2023-11-03,11.90999984741211,12.050000190734863,11.670000076293945,11.859999656677246,9869500,10.747726440429688
2023-11-06,11.880000114440918,11.960000038146973,11.5,11.59000015258789,4929600,10.503050804138184
2023-11-07,11.489999771118164,11.619999885559082,11.390000343322754,11.489999771118164,2799900,10.412425994873047
2023-11-08,11.510000228881836,11.520000457763672,11.300000190734863,11.34000015258789,4316400,10.276494026184082
2023-11-09,11.329999923706055,11.430000305175781,11.079999923706055,11.109999656677246,5801900,10.068063735961914
2023-11-10,11.170000076293945,11.329999923706055,10.960000038146973,11.289999961853027,4363300,10.231184005737305
2023-11-13,11.229999542236328,11.489999771118164,11.119999885559082,11.470000267028809,6028600,10.394304275512695
2023-11-14,11.859999656677246,12.5600004196167,11.859999656677246,12.329999923706055,11541400,11.1736478805542
2023-11-15,12.329999923706055,12.59000015258789,12.180000305175781,12.5,11074200,11.327705383300781
2023-11-16,12.449999809265137,12.59000015258789,12.050000190734863,12.15999984741211,9328100,11.019590377807617
2023-11-17,12.329999923706055,12.420000076293945,12.140000343322754,12.350000381469727,5767700,11.1917724609375
2023-11-20,12.260000228881836,12.369999885559082,12.1899995803833,12.3100004196167,6320800,11.155526161193848
2023-11-21,12.199999809265137,12.229999542236328,12.029999732971191,12.09000015258789,6700600,10.956157684326172
2023-11-22,12.25,12.300000190734863,12.010000228881836,12.149999618530273,5225600,11.010530471801758
2023-11-24,12.109999656677246,12.199999809265137,11.970000267028809,12.149999618530273,3207500,11.010530471801758
2023-11-27,12.010000228881836,12.15999984741211,11.899999618530273,12.069999694824219,8562700,10.938032150268555
2023-11-28,12.020000457763672,12.149999618530273,11.869999885559082,12.140000343322754,6812600,11.00146770477295
2023-11-29,12.25,12.8100004196167,12.199999809265137,12.649999618530273,14559000,11.463638305664062
2023-11-30,12.720000267028809,12.9399995803833,12.399999618530273,12.789999961853027,54786000,11.590508460998535
2023-12-01,12.829999923706055,13.359999656677246,12.710000038146973,13.34000015258789,9339300,12.088927268981934
2023-12-04,13.170000076293945,13.550000190734863,13.170000076293945,13.489999771118164,14804600,12.224860191345215
2023-12-05,13.710000038146973,13.930000305175781,13.430000305175781,13.579999923706055,12446100,12.306419372558594
2023-12-06,13.699999809265137,14.0,13.390000343322754,13.399999618530273,9893200,12.143299102783203
2023-12-07,13.489999771118164,13.619999885559082,13.289999961853027,13.430000305175781,8844000,12.170487403869629
2023-12-08,13.510000228881836,13.699999809265137,13.430000305175781,13.630000114440918,7667000,12.351731300354004
2023-12-11,13.65999984741211,13.890000343322754,13.5,13.520000457763672,6347600,12.252047538757324
2023-12-12,13.5,13.59000015258789,13.319999694824219,13.359999656677246,5944200,12.107051849365234
2023-12-13,13.350000381469727,14.069999694824219,13.350000381469727,13.949999809265137,11529700,12.641718864440918
2023-12-14,14.170000076293945,14.5,13.989999771118164,14.069999694824219,15241400,12.889057159423828
2023-12-15,14.0,14.020000457763672,13.649999618530273,13.779999732971191,17910500,12.623397827148438
2023-12-18,13.890000343322754,13.970000267028809,13.609999656677246,13.619999885559082,7971700,12.476828575134277
2023-12-19,13.680000305175781,13.979999542236328,13.529999732971191,13.970000267028809,8898800,12.797451972961426
2023-12-20,13.859999656677246,14.09000015258789,13.640000343322754,13.670000076293945,6015800,12.522631645202637
2023-12-21,13.84000015258789,13.859999656677246,13.569999694824219,13.75,5397400,12.595915794372559
2023-12-22,13.84000015258789,13.960000038146973,13.779999732971191,13.899999618530273,4084200,12.73332405090332
2023-12-26,13.899999618530273,14.170000076293945,13.819999694824219,14.100000381469727,4991900,12.916540145874023
2023-12-27,14.149999618530273,14.229999542236328,14.0600004196167,14.140000343322754,5050700,12.9531831741333
2023-12-28,14.079999923706055,14.359999656677246,14.079999923706055,14.350000381469727,6363000,13.145556449890137
2023-12-29,14.300000190734863,14.329999923706055,14.079999923706055,14.15999984741211,6440800,12.971502304077148
2024-01-02,14.069999694824219,14.5600004196167,14.020000457763672,14.449999809265137,10543100,13.237162590026855
2024-01-03,14.260000228881836,14.260000228881836,14.050000190734863,14.09000015258789,10813600,12.907379150390625
2024-01-04,14.09000015258789,14.3100004196167,13.989999771118164,14.0,5747700,12.824932098388672
2024-01-05,14.039999961853027,14.6899995803833,14.0,14.489999771118164,14960800,13.273804664611816
2024-01-08,14.40999984741211,14.569999694824219,14.3100004196167,14.550000190734863,7463200,13.32876968383789
2024-01-09,14.449999809265137,14.510000228881836,14.260000228881836,14.319999694824219,5754800,13.118072509765625
2024-01-10,14.289999961853027,14.289999961853027,14.039999961853027,14.220000267028809,6139600,13.026468276977539
2024-01-11,14.149999618530273,14.149999618530273,13.75,13.90999984741211,7546400,12.742486000061035
2024-01-12,14.0,14.0600004196167,13.600000381469727,13.670000076293945,6128000,12.522631645202637
2024-01-16,13.470000267028809,13.539999961853027,13.25,13.279999732971191,7621300,12.165365219116211
2024-01-17,13.039999961853027,13.319999694824219,12.949999809265137,13.25,10527400,12.137882232666016
2024-01-18,13.5,13.989999771118164,13.479999542236328,13.920000076293945,17794500,12.751649856567383
2024-01-19,13.920000076293945,14.199999809265137,13.819999694824219,14.079999923706055,10389700,12.898218154907227
2024-01-22,14.15999984741211,14.3100004196167,14.050000190734863,14.300000190734863,8532200,13.099753379821777
2024-01-23,14.399999618530273,14.4399995803833,14.130000114440918,14.239999771118164,4727100,13.044788360595703
2024-01-24,15.0,15.369999885559082,14.699999809265137,15.119999885559082,17747700,13.85092830657959
2024-01-25,15.1899995803833,15.239999771118164,14.619999885559082,14.75,9054400,13.511983871459961
2024-01-26,14.760000228881836,14.9399995803833,14.59000015258789,14.65999984741211,4861100,13.429535865783691
2024-01-29,14.670000076293945,14.880000114440918,14.550000190734863,14.880000114440918,5711200,13.631072044372559
2024-01-30,14.869999885559082,14.90999984741211,14.729999542236328,14.8100004196167,4687000,13.566946983337402
2024-01-31,14.229999542236328,14.720000267028809,14.140000343322754,14.239999771118164,12835700,13.044788360595703
2024-02-01,14.300000190734863,14.34000015258789,13.550000190734863,13.899999618530273,13969000,12.73332405090332
2024-02-02,13.710000038146973,14.079999923706055,13.680000305175781,13.930000305175781,10817300,12.760807991027832
2024-02-05,13.760000228881836,14.010000228881836,13.710000038146973,13.819999694824219,6120100,12.660039901733398
2024-02-06,13.829999923706055,14.1899995803833,13.75,13.8100004196167,8795200,12.650879859924316
2024-02-07,13.770000457763672,13.949999809265137,13.449999809265137,13.65999984741211,6488200,12.513470649719238
2024-02-08,13.550000190734863,13.84000015258789,13.460000038146973,13.789999961853027,6096100,12.632559776306152
2024-02-09,13.720000267028809,13.899999618530273,13.65999984741211,13.739999771118164,5862500,12.586755752563477
2024-02-12,13.789999961853027,14.239999771118164,13.779999732971191,14.069999694824219,7909800,12.889057159423828
2024-02-13,13.649999618530273,13.859999656677246,13.579999923706055,13.770000457763672,8424400,12.614237785339355
2024-02-14,13.9399995803833,13.979999542236328,13.699999809265137,13.9399995803833,4963700,12.769968032836914
2024-02-15,14.0,14.3100004196167,13.899999618530273,14.069999694824219,7523100,12.889057159423828
2024-02-16,13.920000076293945,14.109999656677246,13.869999885559082,13.880000114440918,4973000,12.71500301361084
2024-02-20,13.90999984741211,14.350000381469727,13.850000381469727,14.119999885559082,6663800,12.934861183166504
2024-02-21,13.949999809265137,14.079999923706055,13.850000381469727,14.050000190734863,5018900,12.870737075805664
2024-02-22,14.039999961853027,14.229999542236328,13.979999542236328,14.039999961853027,5467100,12.86157512664795
2024-02-23,14.039999961853027,14.140000343322754,13.9399995803833,14.0600004196167,3323000,12.879898071289062
2024-02-26,14.0,14.149999618530273,13.819999694824219,13.880000114440918,5342300,12.71500301361084
2024-02-27,13.920000076293945,14.1899995803833,13.899999618530273,14.130000114440918,6125800,12.944021224975586
2024-02-28,14.069999694824219,14.220000267028809,13.970000267028809,14.050000190734863,5837700,12.870737075805664
2024-02-29,14.260000228881836,14.399999618530273,14.020000457763672,14.100000381469727,6362400,12.916540145874023
2024-03-01,13.960000038146973,14.100000381469727,13.8100004196167,14.039999961853027,4732400,12.86157512664795
2024-03-04,14.25,14.600000381469727,14.130000114440918,14.329999923706055,6837400,13.127233505249023
2024-03-05,14.300000190734863,14.979999542236328,14.279999732971191,14.9399995803833,6933700,13.68603515625
2024-03-06,14.899999618530273,15.119999885559082,14.59000015258789,14.899999618530273,9823000,13.649392127990723
2024-03-07,15.029999732971191,15.180000305175781,14.829999923706055,14.989999771118164,6923100,13.731839179992676
2024-03-08,15.1899995803833,15.279999732971191,14.949999809265137,14.970000267028809,8528900,13.713518142700195
2024-03-11,14.90999984741211,15.020000457763672,14.770000457763672,14.800000190734863,8689800,13.557785987854004
2024-03-12,14.779999732971191,14.859999656677246,14.630000114440918,14.75,7809300,13.511983871459961
2024-03-13,14.869999885559082,14.9399995803833,14.779999732971191,14.869999885559082,4390800,13.621909141540527
2024-03-14,14.789999961853027,14.90999984741211,14.619999885559082,14.680000305175781,6570100,13.584894180297852
2024-03-15,14.579999923706055,14.970000267028809,14.579999923706055,14.680000305175781,17226800,13.584894180297852
2024-03-18,14.619999885559082,14.890000343322754,14.520000457763672,14.800000190734863,5422700,13.695943832397461
2024-03-19,14.789999961853027,15.0,14.710000038146973,14.9399995803833,4845500,13.825498580932617
2024-03-20,14.859999656677246,15.289999961853027,14.800000190734863,15.220000267028809,5421100,14.084610939025879
2024-03-21,15.369999885559082,15.479999542236328,15.279999732971191,15.399999618530273,4454000,14.251185417175293
2024-03-22,15.430000305175781,15.489999771118164,14.949999809265137,14.970000267028809,4920800,13.853262901306152
2024-03-25,14.960000038146973,15.130000114440918,14.819999694824219,14.819999694824219,6396900,13.714449882507324
2024-03-26,14.949999809265137,15.0,14.6899995803833,14.789999961853027,4334800,13.686688423156738
2024-03-27,14.850000381469727,15.34000015258789,14.760000228881836,15.319999694824219,5404200,14.177151679992676
2024-03-28,15.279999732971191,15.479999542236328,15.279999732971191,15.399999618530273,6015900,14.251185417175293
2024-04-01,15.40999984741211,15.40999984741211,14.9399995803833,14.960000038146973,7818000,13.844006538391113
2024-04-02,14.859999656677246,14.9399995803833,14.649999618530273,14.800000190734863,4177800,13.695943832397461
2024-04-03,14.770000457763672,14.869999885559082,14.729999542236328,14.789999961853027,4014900,13.686688423156738
2024-04-04,15.010000228881836,15.100000381469727,14.6899995803833,14.729999542236328,4066200,13.63116455078125
2024-04-05,14.869999885559082,14.930000305175781,14.6899995803833,14.819999694824219,3687900,13.714449882507324
2024-04-08,14.920000076293945,15.170000076293945,14.869999885559082,15.149999618530273,4326000,14.0198335647583
2024-04-09,15.350000381469727,15.4399995803833,14.979999542236328,15.029999732971191,5873200,13.908784866333008
2024-04-10,14.760000228881836,14.869999885559082,14.449999809265137,14.529999732971191,6289200,13.446084022521973
2024-04-11,14.600000381469727,14.600000381469727,14.180000305175781,14.460000038146973,4271900,13.381304740905762
2024-04-12,14.220000267028809,14.449999809265137,14.140000343322754,14.199999809265137,4648000,13.140703201293945
2024-04-15,14.300000190734863,14.479999542236328,13.859999656677246,14.029999732971191,7692000,12.983383178710938
2024-04-16,13.880000114440918,13.960000038146973,13.720000267028809,13.90999984741211,5915100,12.872335433959961
2024-04-17,14.279999732971191,14.619999885559082,13.930000305175781,14.170000076293945,8754700,13.112940788269043
2024-04-18,14.25,14.449999809265137,14.140000343322754,14.279999732971191,5732100,13.214734077453613
2024-04-19,14.210000038146973,14.640000343322754,14.210000038146973,14.630000114440918,5108300,13.538623809814453
2024-04-22,14.609999656677246,14.979999542236328,14.600000381469727,14.90999984741211,4485800,13.797736167907715
2024-04-23,14.890000343322754,15.050000190734863,14.859999656677246,14.880000114440918,4995400,13.769975662231445
2024-04-24,14.729999542236328,14.960000038146973,14.699999809265137,14.930000305175781,3939800,13.81624698638916
2024-04-25,14.890000343322754,14.970000267028809,14.720000267028809,14.800000190734863,6360700,13.695943832397461
2024-04-26,14.800000190734863,14.9399995803833,14.760000228881836,14.8100004196167,4092600,13.705196380615234
2024-04-29,14.880000114440918,15.029999732971191,14.84000015258789,14.84000015258789,7339800,13.732959747314453
2024-04-30,14.770000457763672,15.229999542236328,14.760000228881836,14.920000076293945,9231100,13.806989669799805
2024-05-01,14.970000267028809,15.329999923706055,14.9399995803833,15.0600004196167,7892400,13.93654727935791
2024-05-02,15.239999771118164,15.699999809265137,15.069999694824219,15.670000076293945,14244400,14.501042366027832
2024-05-03,15.850000381469727,15.960000038146973,15.600000381469727,15.800000190734863,11332100,14.621345520019531
2024-05-06,15.979999542236328,16.010000228881836,15.699999809265137,15.699999809265137,8600900,14.528803825378418
2024-05-07,15.869999885559082,15.930000305175781,15.670000076293945,15.670000076293945,5280200,14.501042366027832
2024-05-08,15.609999656677246,15.850000381469727,15.539999961853027,15.84000015258789,6546100,14.658360481262207
2024-05-09,15.829999923706055,15.9399995803833,15.770000457763672,15.880000114440918,6140000,14.6953763961792
2024-05-10,15.899999618530273,15.9399995803833,15.75,15.789999961853027,4961900,14.612090110778809
2024-05-13,15.899999618530273,16.059999465942383,15.760000228881836,15.789999961853027,6181100,14.612090110778809
2024-05-14,15.949999809265137,15.960000038146973,15.75,15.949999809265137,6034400,14.760154724121094
2024-05-15,16.059999465942383,16.149999618530273,15.949999809265137,15.979999542236328,4480000,14.78791618347168
2024-05-16,15.949999809265137,16.09000015258789,15.899999618530273,15.90999984741211,2930700,14.723138809204102
2024-05-17,15.970000267028809,16.06999969482422,15.899999618530273,16.010000228881836,3472500,14.815679550170898
2024-05-20,16.040000915527344,16.209999084472656,15.930000305175781,15.970000267028809,4522600,14.77866268157959
2024-05-21,16.0,16.260000228881836,15.989999771118164,16.25,3941800,15.037776947021484
2024-05-22,16.25,16.280000686645508,15.880000114440918,16.0,3035100,14.806425094604492
2024-05-23,16.1299991607666,16.1299991607666,15.609999656677246,15.699999809265137,3730900,14.528803825378418
2024-05-24,15.739999771118164,15.859999656677246,15.729999542236328,15.8100004196167,1682400,14.630599975585938
2024-05-28,15.779999732971191,15.90999984741211,15.5600004196167,15.680000305175781,3704600,14.510297775268555
2024-05-29,15.399999618530273,15.609999656677246,15.319999694824219,15.569999694824219,8555200,14.408502578735352
2024-05-30,15.779999732971191,15.829999923706055,15.579999923706055,15.680000305175781,2838000,14.510297775268555
2024-05-31,15.739999771118164,15.890000343322754,15.680000305175781,15.84000015258789,4797600,14.658360481262207
2024-06-03,15.90999984741211,16.0,15.59000015258789,15.710000038146973,5208200,14.53805923461914
2024-06-04,15.609999656677246,15.65999984741211,15.329999923706055,15.369999885559082,6219300,14.22342300415039
2024-06-05,15.430000305175781,15.5,15.180000305175781,15.359999656677246,5751100,14.214166641235352
2024-06-06,15.420000076293945,15.449999809265137,15.039999961853027,15.199999809265137,12341000,14.066102981567383
2024-06-07,15.109999656677246,15.279999732971191,15.0600004196167,15.239999771118164,5389000,14.103119850158691
2024-06-10,15.020000457763672,15.09000015258789,14.569999694824219,14.970000267028809,10594400,13.853262901306152
2024-06-11,14.819999694824219,14.920000076293945,14.6899995803833,14.829999923706055,7543400,13.723706245422363
2024-06-12,15.130000114440918,15.279999732971191,14.890000343322754,15.0,8620600,13.881022453308105
2024-06-13,14.869999885559082,14.930000305175781,14.539999961853027,14.539999961853027,9117100,13.455338478088379
2024-06-14,14.300000190734863,14.329999923706055,14.09000015258789,14.270000457763672,6163600,13.343132972717285
2024-06-17,14.220000267028809,14.470000267028809,14.109999656677246,14.460000038146973,6299900,13.520792007446289
2024-06-18,14.40999984741211,14.529999732971191,14.300000190734863,14.449999809265137,5615700,13.511441230773926
2024-06-20,14.4399995803833,14.670000076293945,14.390000343322754,14.609999656677246,5578700,13.66104793548584
2024-06-21,14.539999961853027,14.729999542236328,14.470000267028809,14.670000076293945,11002400,13.717151641845703
2024-06-24,14.829999923706055,15.140000343322754,14.699999809265137,15.010000228881836,6645400,14.03506851196289
2024-06-25,14.970000267028809,15.069999694824219,14.789999961853027,14.920000076293945,5076200,13.95091438293457
2024-06-26,14.84000015258789,14.880000114440918,14.699999809265137,14.770000457763672,3643200,13.810656547546387
2024-06-27,14.75,14.890000343322754,14.649999618530273,14.800000190734863,4442600,13.83870792388916
2024-06-28,15.0,15.8100004196167,14.970000267028809,15.770000457763672,16368900,14.745704650878906
2024-07-01,15.869999885559082,16.059999465942383,15.680000305175781,15.710000038146973,10564100,14.689603805541992
2024-07-02,15.619999885559082,15.829999923706055,15.579999923706055,15.8100004196167,5752000,14.783105850219727
2024-07-03,15.899999618530273,15.899999618530273,15.520000457763672,15.520000457763672,4564300,14.511942863464355
2024-07-05,15.510000228881836,15.510000228881836,15.210000038146973,15.239999771118164,6661700,14.250129699707031
2024-07-08,15.319999694824219,15.420000076293945,15.069999694824219,15.109999656677246,5762300,14.128572463989258
2024-07-09,15.109999656677246,15.579999923706055,15.109999656677246,15.510000228881836,5254400,14.502593040466309
2024-07-10,15.489999771118164,15.710000038146973,15.479999542236328,15.699999809265137,4845000,14.68025016784668
2024-07-11,15.9399995803833,16.59000015258789,15.84000015258789,16.559999465942383,9535600,15.484391212463379
2024-07-12,16.6200008392334,16.700000762939453,16.450000762939453,16.56999969482422,6279300,15.493741989135742
2024-07-15,16.90999984741211,17.1200008392334,16.790000915527344,16.90999984741211,7168000,15.811657905578613
2024-07-16,16.959999084472656,17.459999084472656,16.93000030517578,17.450000762939453,8853600,16.31658363342285
2024-07-17,16.5,17.049999237060547,16.34000015258789,16.440000534057617,19287300,15.372185707092285
2024-07-18,16.0,16.56999969482422,15.8100004196167,16.200000762939453,11513400,15.147775650024414
2024-07-19,16.190000534057617,16.559999465942383,16.06999969482422,16.420000076293945,7819000,15.353484153747559
2024-07-22,16.260000228881836,16.520000457763672,16.1299991607666,16.459999084472656,6761100,15.390885353088379
2024-07-23,16.34000015258789,16.700000762939453,16.31999969482422,16.540000915527344,5676400,15.465691566467285
2024-07-24,16.5,16.719999313354492,16.350000381469727,16.360000610351562,5626900,15.297384262084961
2024-07-25,16.40999984741211,17.1200008392334,16.360000610351562,16.850000381469727,7310400,15.755558013916016
2024-07-26,16.940000534057617,17.18000030517578,16.889999389648438,17.1299991607666,5205700,16.017366409301758
2024-07-29,17.200000762939453,17.209999084472656,16.760000228881836,16.829999923706055,4294000,15.736854553222656
2024-07-30,16.899999618530273,17.040000915527344,16.790000915527344,16.829999923706055,4417500,15.736854553222656
2024-07-31,16.940000534057617,16.989999771118164,16.68000030517578,16.729999542236328,4072300,15.643348693847656
2024-08-01,16.690000534057617,16.770000457763672,15.859999656677246,15.949999809265137,6526400,14.914012908935547
2024-08-02,15.510000228881836,15.550000190734863,15.029999732971191,15.329999923706055,6313300,14.334283828735352
2024-08-05,14.699999809265137,14.949999809265137,14.34000015258789,14.699999809265137,9734300,13.745203971862793
2024-08-06,14.710000038146973,14.930000305175781,14.59000015258789,14.710000038146973,5743800,13.754554748535156
2024-08-07,15.0,15.15999984741211,14.600000381469727,14.630000114440918,4338100,13.679749488830566
2024-08-08,14.850000381469727,15.0,14.720000267028809,14.949999809265137,3674700,13.97896671295166
2024-08-09,14.930000305175781,15.039999961853027,14.880000114440918,14.979999542236328,2407600,14.007017135620117
2024-08-12,15.420000076293945,15.779999732971191,14.970000267028809,15.029999732971191,5374600,14.053767204284668
2024-08-13,15.15999984741211,15.15999984741211,14.890000343322754,15.100000381469727,4050600,14.119223594665527
2024-08-14,15.180000305175781,15.229999542236328,15.050000190734863,15.199999809265137,3264500,14.212727546691895
2024-08-15,15.510000228881836,15.770000457763672,15.5,15.569999694824219,3694100,14.558694839477539
2024-08-16,15.529999732971191,15.850000381469727,15.529999732971191,15.800000190734863,6138400,14.773756980895996
2024-08-19,15.779999732971191,16.0,15.779999732971191,15.9399995803833,2578700,14.904662132263184
2024-08-20,15.869999885559082,15.930000305175781,15.760000228881836,15.8100004196167,2559300,14.783105850219727
2024-08-21,15.899999618530273,15.899999618530273,15.6899995803833,15.819999694824219,3333400,14.792457580566406
2024-08-22,15.779999732971191,15.989999771118164,15.739999771118164,15.890000343322754,2391500,14.857911109924316
2024-08-23,16.0,16.700000762939453,16.0,16.610000610351562,5025900,15.531143188476562
2024-08-26,16.739999771118164,16.760000228881836,16.389999389648438,16.420000076293945,3121700,15.353484153747559
2024-08-27,16.34000015258789,16.3799991607666,16.18000030517578,16.229999542236328,3418200,15.175827026367188
2024-08-28,16.18000030517578,16.489999771118164,16.06999969482422,16.420000076293945,3266800,15.353484153747559
2024-08-29,16.510000228881836,16.6200008392334,16.31999969482422,16.469999313354492,5019800,15.400237083435059
2024-08-30,16.530000686645508,16.6200008392334,16.360000610351562,16.59000015258789,2833700,15.512442588806152
2024-09-03,16.329999923706055,16.600000381469727,16.260000228881836,16.329999923706055,3521200,15.269330978393555
2024-09-04,16.219999313354492,16.34000015258789,15.869999885559082,15.970000267028809,4224500,14.93271541595459
2024-09-05,16.100000381469727,16.100000381469727,15.569999694824219,15.729999542236328,6584800,14.708303451538086
2024-09-06,15.789999961853027,15.890000343322754,15.300000190734863,15.34000015258789,4735000,14.343633651733398
2024-09-09,15.4399995803833,15.859999656677246,15.329999923706055,15.710000038146973,5422500,14.689603805541992
2024-09-10,15.710000038146973,15.710000038146973,15.109999656677246,15.479999542236328,5698100,14.474540710449219
2024-09-11,15.239999771118164,15.279999732971191,14.899999618530273,15.25,6459700,14.259479522705078
2024-09-12,15.350000381469727,15.529999732971191,15.270000457763672,15.5,4173200,14.493242263793945
2024-09-13,15.4399995803833,15.829999923706055,15.4399995803833,15.8100004196167,4159900,14.927566528320312
2024-09-16,15.850000381469727,15.960000038146973,15.75,15.800000190734863,4413400,14.91812515258789
2024-09-17,15.979999542236328,16.09000015258789,15.710000038146973,15.779999732971191,7671300,14.899240493774414
2024-09-18,15.789999961853027,15.989999771118164,15.59000015258789,15.760000228881836,9251000,14.880358695983887
2024-09-19,16.06999969482422,16.290000915527344,15.949999809265137,16.15999984741211,9772600,15.25803279876709
2024-09-20,16.139999389648438,16.149999618530273,15.850000381469727,15.970000267028809,15273900,15.078636169433594
2024-09-23,15.970000267028809,15.970000267028809,15.600000381469727,15.670000076293945,5329800,14.795380592346191
2024-09-24,15.380000114440918,15.65999984741211,15.270000457763672,15.279999732971191,7115000,14.42714786529541
2024-09-25,15.279999732971191,15.369999885559082,15.170000076293945,15.260000228881836,7894000,14.408265113830566
2024-09-26,15.390000343322754,15.470000267028809,15.260000228881836,15.390000343322754,3778800,14.531009674072266
2024-09-27,15.5,15.529999732971191,15.300000190734863,15.510000228881836,10649800,14.644311904907227
2024-09-30,15.520000457763672,15.789999961853027,15.430000305175781,15.529999732971191,5047500,14.66319465637207
2024-10-01,15.449999809265137,15.460000038146973,14.899999618530273,14.920000076293945,5783100,14.087241172790527
2024-10-02,14.84000015258789,15.130000114440918,14.829999923706055,15.0600004196167,7374100,14.219427108764648
2024-10-03,14.970000267028809,15.350000381469727,14.9399995803833,15.180000305175781,5873700,14.332730293273926
2024-10-04,15.600000381469727,15.789999961853027,15.40999984741211,15.569999694824219,5191800,14.700963020324707
2024-10-07,15.5600004196167,15.779999732971191,15.520000457763672,15.640000343322754,4437700,14.767056465148926
2024-10-08,15.710000038146973,15.779999732971191,15.4399995803833,15.470000267028809,3104900,14.60654354095459
2024-10-09,15.430000305175781,15.930000305175781,15.359999656677246,15.90999984741211,7032700,15.021985054016113
2024-10-10,15.789999961853027,15.970000267028809,15.630000114440918,15.779999732971191,3152400,14.899240493774414
2024-10-11,15.90999984741211,16.450000762939453,15.880000114440918,16.3799991607666,7004800,15.465749740600586
2024-10-14,16.360000610351562,16.520000457763672,16.190000534057617,16.450000762939453,4741700,15.531845092773438
2024-10-15,16.469999313354492,17.079999923706055,16.450000762939453,16.709999084472656,14454400,15.77733039855957
2024-10-16,17.100000381469727,17.610000610351562,16.93000030517578,17.389999389648438,13659900,16.419376373291016
2024-10-17,17.530000686645508,17.68000030517578,17.31999969482422,17.440000534057617,9544900,16.466588973999023
2024-10-18,17.389999389648438,17.540000915527344,17.229999542236328,17.450000762939453,7160700,16.476030349731445
2024-10-21,17.510000228881836,17.520000457763672,17.09000015258789,17.1200008392334,7690500,16.164447784423828
2024-10-22,17.149999618530273,17.3799991607666,17.040000915527344,17.350000381469727,4259000,16.38161277770996
2024-10-23,17.229999542236328,17.389999389648438,17.149999618530273,17.209999084472656,5965200,16.249422073364258
2024-10-24,17.270000457763672,17.59000015258789,17.049999237060547,17.479999542236328,8187700,16.50435447692871
2024-10-25,17.579999923706055,17.649999618530273,17.079999923706055,17.09000015258789,5671700,16.136123657226562
2024-10-28,17.270000457763672,17.469999313354492,17.1299991607666,17.3799991607666,4391400,16.409936904907227
2024-10-29,17.329999923706055,17.399999618530273,17.219999313354492,17.290000915527344,4401500,16.3249568939209
2024-10-30,17.690000534057617,17.93000030517578,17.530000686645508,17.559999465942383,4880000,16.57988929748535
2024-10-31,17.510000228881836,17.700000762939453,17.31999969482422,17.329999923706055,6071700,16.36272621154785
2024-11-01,17.440000534057617,17.549999237060547,17.1200008392334,17.190000534057617,4230200,16.23054313659668
2024-11-04,17.239999771118164,17.239999771118164,16.899999618530273,16.989999771118164,4811600,16.041706085205078
2024-11-05,17.0,17.299999237060547,16.940000534057617,17.260000228881836,3483100,16.296634674072266
2024-11-06,19.100000381469727,20.110000610351562,19.049999237060547,20.100000381469727,21766100,18.97812271118164
2024-11-07,19.75,19.899999618530273,19.510000228881836,19.600000381469727,11401500,18.506027221679688
2024-11-08,19.760000228881836,19.809999465942383,19.459999084472656,19.690000534057617,7645700,18.591005325317383
2024-11-11,20.049999237060547,20.530000686645508,19.899999618530273,20.030000686645508,9274200,18.91202735900879
2024-11-12,19.989999771118164,20.190000534057617,19.860000610351562,19.8799991607666,4387400,18.77039909362793
2024-11-13,19.920000076293945,20.5,19.920000076293945,20.1299991607666,8829300,19.00644302368164
2024-11-14,20.100000381469727,20.270000457763672,19.969999313354492,20.15999984741211,5876800,19.034772872924805
2024-11-15,20.170000076293945,20.43000030517578,20.040000915527344,20.360000610351562,9445000,19.223609924316406
2024-11-18,20.3700008392334,20.520000457763672,20.270000457763672,20.280000686645508,4514900,19.148075103759766
2024-11-19,19.979999542236328,20.200000762939453,19.979999542236328,20.110000610351562,4349900,18.987564086914062
2024-11-20,20.079999923706055,20.170000076293945,19.829999923706055,19.8700008392334,4528600,18.760957717895508
2024-11-21,20.049999237060547,20.25,19.90999984741211,20.170000076293945,3988400,19.044214248657227
2024-11-22,20.170000076293945,21.010000228881836,20.170000076293945,20.93000030517578,7125800,19.761795043945312
2024-11-25,21.25,21.719999313354492,21.190000534057617,21.420000076293945,8129900,20.22444725036621
2024-11-26,21.399999618530273,21.489999771118164,21.18000030517578,21.190000534057617,4134400,20.007282257080078
2024-11-27,21.25,21.450000762939453,21.030000686645508,21.09000015258789,3894500,19.91286277770996
2024-11-29,21.219999313354492,21.31999969482422,21.100000381469727,21.1299991607666,1978900,19.950632095336914
2024-12-02,21.219999313354492,21.25,20.719999313354492,20.729999542236328,3888100,19.57295799255371
2024-12-03,20.809999465942383,20.84000015258789,20.5,20.6200008392334,3270300,19.46909523010254
2024-12-04,20.65999984741211,20.719999313354492,20.420000076293945,20.690000534057617,2413000,19.535188674926758
2024-12-05,20.780000686645508,21.010000228881836,20.600000381469727,20.600000381469727,6201200,19.450214385986328
2024-12-06,20.700000762939453,20.790000915527344,20.25,20.690000534057617,5825200,19.535188674926758
2024-12-09,20.649999618530273,20.690000534057617,20.049999237060547,20.110000610351562,13310600,18.987564086914062
2024-12-10,20.40999984741211,20.450000762939453,20.1299991607666,20.170000076293945,7309200,19.044214248657227
2024-12-11,20.68000030517578,20.8799991607666,20.540000915527344,20.600000381469727,9265400,19.450214385986328
2024-12-12,20.610000610351562,20.709999084472656,20.350000381469727,20.450000762939453,5859800,19.30858612060547
2024-12-13,20.299999237060547,20.360000610351562,19.989999771118164,20.190000534057617,5447000,19.203956604003906
2024-12-16,20.149999618530273,20.350000381469727,20.040000915527344,20.299999237060547,3824800,19.30858612060547
2024-12-17,20.299999237060547,20.34000015258789,19.75,19.950000762939453,4768000,18.975679397583008
2024-12-18,20.110000610351562,20.18000030517578,19.09000015258789,19.110000610351562,6699800,18.17670440673828
2024-12-19,19.489999771118164,19.649999618530273,19.1200008392334,19.270000457763672,7161700,18.328889846801758
2024-12-20,19.170000076293945,19.969999313354492,19.100000381469727,19.940000534057617,19487100,18.96616554260254
2024-12-23,19.809999465942383,20.229999542236328,19.670000076293945,20.15999984741211,5498100,19.17542266845703
2024-12-24,20.15999984741211,20.350000381469727,20.020000457763672,20.350000381469727,1470400,19.356143951416016
2024-12-26,20.200000762939453,20.530000686645508,20.139999389648438,20.520000457763672,2756100,19.517841339111328
2024-12-27,20.350000381469727,20.549999237060547,20.100000381469727,20.190000534057617,4623000,19.203956604003906
2024-12-30,19.959999084472656,20.270000457763672,19.90999984741211,20.149999618530273,3808700,19.165908813476562
2024-12-31,20.239999771118164,20.34000015258789,20.040000915527344,20.139999389648438,3549800,19.156400680541992
2025-01-02,20.18000030517578,20.3799991607666,19.950000762939453,20.0,2991500,19.023235321044922
2025-01-03,20.049999237060547,20.350000381469727,19.690000534057617,20.260000228881836,4443600,19.270538330078125
2025-01-06,20.440000534057617,20.75,20.290000915527344,20.459999084472656,5160900,19.460765838623047
2025-01-07,20.6200008392334,20.770000457763672,20.280000686645508,20.459999084472656,5763400,19.460765838623047
2025-01-08,20.3799991607666,20.790000915527344,20.239999771118164,20.649999618530273,6281900,19.641489028930664
2025-01-10,20.3700008392334,20.420000076293945,19.93000030517578,20.059999465942383,4181000,19.080303192138672
2025-01-13,19.8799991607666,20.309999465942383,19.799999237060547,20.280000686645508,4824700,19.289562225341797
2025-01-14,20.59000015258789,20.920000076293945,20.420000076293945,20.829999923706055,5859200,19.812702178955078
2025-01-15,21.450000762939453,21.579999923706055,21.15999984741211,21.389999389648438,8670700,20.34535026550293
2025-01-16,21.0,21.6200008392334,20.3700008392334,21.309999465942383,9949900,20.269258499145508
2025-01-17,21.280000686645508,21.6200008392334,21.1200008392334,21.559999465942383,5159400,20.507047653198242
2025-01-21,21.639999389648438,21.81999969482422,21.399999618530273,21.40999984741211,6690000,20.3643741607666
2025-01-22,21.329999923706055,21.459999084472656,20.989999771118164,20.989999771118164,6948100,19.964885711669922
2025-01-23,20.90999984741211,21.209999084472656,20.81999969482422,20.90999984741211,6370800,19.8887939453125
2025-01-24,20.84000015258789,21.309999465942383,20.719999313354492,21.079999923706055,6283800,20.05048942565918
2025-01-27,21.040000915527344,21.420000076293945,20.920000076293945,21.200000762939453,4252400,20.16463279724121
2025-01-28,21.209999084472656,21.31999969482422,20.93000030517578,21.290000915527344,6331000,20.25023651123047
2025-01-29,21.270000457763672,22.030000686645508,21.190000534057617,21.5,9966600,20.449979782104492
2025-01-30,21.75,22.100000381469727,21.670000076293945,21.940000534057617,5532700,20.868492126464844
2025-01-31,21.940000534057617,22.110000610351562,21.690000534057617,21.889999389648438,6420400,20.82093048095703
2025-02-03,21.280000686645508,21.68000030517578,21.06999969482422,21.489999771118164,4500800,20.44046401977539
2025-02-04,21.579999923706055,21.940000534057617,21.479999542236328,21.770000457763672,4825800,20.706790924072266
2025-02-05,21.899999618530273,22.09000015258789,21.6299991607666,22.040000915527344,4105000,20.963607788085938
2025-02-06,22.139999389648438,22.389999389648438,21.989999771118164,22.389999389648438,7266300,21.296512603759766
2025-02-07,22.3700008392334,22.43000030517578,21.979999542236328,22.299999237060547,5411200,21.210908889770508
2025-02-10,22.290000915527344,22.360000610351562,21.899999618530273,22.079999923706055,6785900,21.001651763916016
2025-02-11,22.0,22.440000534057617,21.959999084472656,22.43000030517578,4412500,21.334562301635742
2025-02-12,22.15999984741211,22.3700008392334,22.0,22.149999618530273,4884200,21.0682315826416
2025-02-13,22.079999923706055,22.239999771118164,21.790000915527344,21.989999771118164,4340500,20.916048049926758
2025-02-14,21.989999771118164,22.3799991607666,21.989999771118164,22.100000381469727,2806300,21.020679473876953
2025-02-18,22.149999618530273,22.239999771118164,22.010000228881836,22.170000076293945,3311200,21.087255477905273
2025-02-19,21.979999542236328,22.290000915527344,21.860000610351562,22.1200008392334,3940900,21.03969955444336
2025-02-20,22.049999237060547,22.149999618530273,21.3799991607666,21.540000915527344,4306200,20.488027572631836
2025-02-21,21.729999542236328,21.739999771118164,20.799999237060547,20.829999923706055,8457100,19.812702178955078
2025-02-24,20.979999542236328,21.010000228881836,20.399999618530273,20.670000076293945,5350300,19.66051483154297
2025-02-25,20.8700008392334,20.969999313354492,20.3700008392334,20.670000076293945,6729100,19.66051483154297
2025-02-26,20.790000915527344,21.229999542236328,20.770000457763672,20.950000762939453,5630500,19.92683982849121
2025-02-27,21.100000381469727,21.34000015258789,20.899999618530273,21.020000457763672,3739500,19.99342155456543
2025-02-28,21.1200008392334,21.559999465942383,21.049999237060547,21.540000915527344,6072500,20.488027572631836
2025-03-03,21.56999969482422,21.770000457763672,20.649999618530273,20.90999984741211,7560600,19.8887939453125
2025-03-04,20.469999313354492,20.65999984741211,19.479999542236328,20.010000228881836,9045900,19.03274917602539
2025-03-05,20.049999237060547,20.1299991607666,19.360000610351562,19.84000015258789,8773800,18.871051788330078
2025-03-06,19.549999237060547,19.639999389648438,19.010000228881836,19.229999542236328,11087900,18.29084014892578
2025-03-07,19.110000610351562,19.290000915527344,18.549999237060547,18.8799991607666,13170100,17.957935333251953
2025-03-10,18.549999237060547,18.56999969482422,17.510000228881836,17.700000762939453,12988400,16.83556365966797
2025-03-11,17.700000762939453,18.450000762939453,17.65999984741211,18.190000534057617,13252900,17.3016300201416
2025-03-12,18.649999618530273,18.950000762939453,18.360000610351562,18.729999542236328,9644900,17.81525993347168
2025-03-13,18.799999237060547,18.850000381469727,18.43000030517578,18.459999084472656,6455600,17.558446884155273
2025-03-14,18.639999389648438,19.040000915527344,18.540000915527344,19.030000686645508,5047400,18.24889373779297
2025-03-17,18.979999542236328,19.139999389648438,18.770000457763672,18.850000381469727,5071100,18.076282501220703
2025-03-18,18.8700008392334,18.920000076293945,18.59000015258789,18.81999969482422,4824600,18.047513961791992
2025-03-19,18.889999389648438,19.3799991607666,18.75,19.229999542236328,4603700,18.440685272216797
2025-03-20,18.940000534057617,19.479999542236328,18.93000030517578,19.219999313354492,4232200,18.431095123291016
2025-03-21,19.06999969482422,19.31999969482422,18.860000610351562,19.290000915527344,11623300,18.49822235107422
2025-03-24,19.670000076293945,19.690000534057617,19.420000076293945,19.65999984741211,4125300,18.85303497314453
2025-03-25,19.649999618530273,19.969999313354492,19.56999969482422,19.770000457763672,3896000,18.95852279663086
2025-03-26,19.8799991607666,20.059999465942383,19.479999542236328,19.600000381469727,3114900,18.79549789428711
2025-03-27,19.600000381469727,19.690000534057617,19.280000686645508,19.280000686645508,2813900,18.48863410949707
2025-03-28,19.170000076293945,19.549999237060547,18.950000762939453,19.229999542236328,5247000,18.440685272216797
2025-03-31,18.899999618530273,19.469999313354492,18.829999923706055,19.420000076293945,5015300,18.622886657714844
2025-04-01,19.209999084472656,19.40999984741211,18.84000015258789,19.139999389648438,4151600,18.354379653930664
2025-04-02,18.93000030517578,19.65999984741211,18.93000030517578,19.649999618530273,4431700,18.84344482421875
2025-04-03,18.729999542236328,18.790000915527344,17.190000534057617,17.209999084472656,7638000,16.50359535217285
2025-04-04,16.40999984741211,16.479999542236328,15.1899995803833,16.209999084472656,11099000,15.544642448425293
2025-04-07,15.680000305175781,17.219999313354492,15.5600004196167,16.5,12321200,15.82274055480957
2025-04-08,17.139999389648438,17.530000686645508,16.209999084472656,16.510000228881836,6895900,15.832330703735352
2025-04-09,16.040000915527344,18.399999618530273,15.859999656677246,18.06999969482422,10885400,17.328298568725586
2025-04-10,17.489999771118164,17.68000030517578,16.450000762939453,16.940000534057617,8324200,16.244680404663086
2025-04-11,16.690000534057617,17.059999465942383,16.360000610351562,16.940000534057617,6616500,16.244680404663086
2025-04-14,17.420000076293945,17.420000076293945,16.90999984741211,17.260000228881836,5724700,16.551546096801758
2025-04-15,17.34000015258789,17.889999389648438,17.200000762939453,17.559999465942383,9172800,16.839231491088867
2025-04-16,17.0,17.969999313354492,16.899999618530273,17.280000686645508,8373300,16.57072639465332
2025-04-17,17.309999465942383,17.440000534057617,17.059999465942383,17.100000381469727,7317900,16.39811134338379
2025-04-21,17.0,17.040000915527344,16.450000762939453,16.600000381469727,6000800,15.918636322021484
2025-04-22,16.719999313354492,17.100000381469727,16.610000610351562,17.079999923706055,7721600,16.378934860229492
2025-04-23,17.719999313354492,18.219999313354492,17.360000610351562,17.389999389648438,5455600,16.67620849609375
2025-04-24,17.290000915527344,17.899999618530273,17.229999542236328,17.770000457763672,4268900,17.040611267089844
2025-04-25,17.6299991607666,18.020000457763672,17.6299991607666,17.809999465942383,4427700,17.078969955444336
2025-04-28,17.8700008392334,18.079999923706055,17.760000228881836,18.0,3859300,17.261171340942383
2025-04-29,18.0,18.200000762939453,17.84000015258789,18.149999618530273,2780100,17.40501594543457
2025-04-30,17.690000534057617,18.1200008392334,17.56999969482422,18.079999923706055,5013400,17.337888717651367
2025-05-01,18.049999237060547,18.40999984741211,17.950000762939453,18.280000686645508,3434500,17.529680252075195
2025-05-02,18.610000610351562,18.93000030517578,18.43000030517578,18.889999389648438,4592400,18.114639282226562
2025-05-05,18.760000228881836,19.18000030517578,18.719999313354492,18.84000015258789,3891800,18.066694259643555
2025-05-06,18.56999969482422,18.81999969482422,18.549999237060547,18.579999923706055,2114300,17.817363739013672
2025-05-07,18.75,18.860000610351562,18.579999923706055,18.600000381469727,2963500,17.836544036865234
2025-05-08,18.959999084472656,19.43000030517578,18.8799991607666,19.260000228881836,4428000,18.469451904296875
2025-05-09,19.309999465942383,19.389999389648438,19.049999237060547,19.280000686645508,3025600,18.48863410949707
2025-05-12,20.229999542236328,20.549999237060547,20.010000228881836,20.059999465942383,5420700,19.236614227294922
2025-05-13,20.059999465942383,20.31999969482422,20.0,20.200000762939453,4503500,19.37087059020996
2025-05-14,20.15999984741211,20.579999923706055,20.1299991607666,20.360000610351562,4851600,19.524301528930664
2025-05-15,20.280000686645508,20.549999237060547,20.25,20.260000228881836,3549700,19.428407669067383
2025-05-16,20.260000228881836,20.440000534057617,20.110000610351562,20.329999923706055,3018800,19.495532989501953
2025-05-19,20.1200008392334,20.350000381469727,20.079999923706055,20.309999465942383,3109300,19.476354598999023
2025-05-20,20.170000076293945,20.34000015258789,20.049999237060547,20.059999465942383,4166300,19.236614227294922
2025-05-21,20.0,20.139999389648438,19.40999984741211,19.43000030517578,7325700,18.632474899291992
2025-05-22,19.399999618530273,19.860000610351562,19.360000610351562,19.760000228881836,6313300,18.948930740356445
2025-05-23,19.18000030517578,19.8700008392334,19.09000015258789,19.770000457763672,6280900,18.95852279663086
2025-05-27,20.040000915527344,20.200000762939453,19.81999969482422,20.18000030517578,5216600,19.3516902923584
2025-05-28,20.200000762939453,20.260000228881836,19.889999389648438,19.889999389648438,3916600,19.073593139648438
2025-05-29,20.020000457763672,20.1200008392334,19.84000015258789,20.110000610351562,3573900,19.284564971923828
2025-05-30,20.0,20.09000015258789,19.760000228881836,19.8799991607666,5221700,19.06400489807129
2025-06-02,19.84000015258789,19.860000610351562,19.540000915527344,19.81999969482422,3982300,19.006465911865234
2025-06-03,19.8700008392334,20.1299991607666,19.700000762939453,20.079999923706055,2945900,19.255796432495117
2025-06-04,20.0,20.15999984741211,19.899999618530273,19.899999618530273,4562300,19.083181381225586
2025-06-05,19.950000762939453,20.15999984741211,19.709999084472656,19.959999084472656,5045300,19.14072036743164
2025-06-06,20.360000610351562,20.450000762939453,20.06999969482422,20.389999389648438,5277400,19.553071975708008
2025-06-09,20.5,20.549999237060547,20.239999771118164,20.260000228881836,5342500,19.428407669067383
2025-06-10,20.229999542236328,20.3799991607666,20.110000610351562,20.270000457763672,4441500,19.437999725341797
2025-06-11,20.3799991607666,20.420000076293945,19.950000762939453,19.959999084472656,4602400,19.14072036743164
2025-06-12,19.739999771118164,19.889999389648438,19.559999465942383,19.809999465942383,3947400,18.996875762939453
2025-06-13,19.43000030517578,19.479999542236328,19.040000915527344,19.100000381469727,5957700,18.455766677856445
2025-06-16,19.34000015258789,19.510000228881836,19.18000030517578,19.450000762939453,5027300,18.793960571289062
2025-06-17,19.260000228881836,19.510000228881836,19.100000381469727,19.239999771118164,4050500,18.59104347229004
2025-06-18,19.25,19.68000030517578,19.18000030517578,19.510000228881836,4867500,18.85193634033203
2025-06-20,19.6299991607666,20.0,19.56999969482422,19.940000534057617,13290100,19.267433166503906
2025-06-23,19.770000457763672,20.270000457763672,19.690000534057617,20.229999542236328,6762800,19.547651290893555
2025-06-24,20.469999313354492,20.6200008392334,20.350000381469727,20.3799991607666,5743200,19.692590713500977
2025-06-25,20.40999984741211,20.479999542236328,20.209999084472656,20.34000015258789,3625200,19.653942108154297
2025-06-26,20.389999389648438,20.959999084472656,20.350000381469727,20.90999984741211,5862100,20.204713821411133
2025-06-27,20.979999542236328,21.1200008392334,20.90999984741211,21.040000915527344,11313700,20.330333709716797
2025-06-30,21.170000076293945,21.309999465942383,21.100000381469727,21.200000762939453,6081800,20.484933853149414
2025-07-01,21.06999969482422,21.690000534057617,20.979999542236328,21.489999771118164,7375900,20.765153884887695
2025-07-02,21.540000915527344,21.799999237060547,21.459999084472656,21.760000228881836,7248500,21.02604866027832
2025-07-03,21.829999923706055,22.15999984741211,21.709999084472656,22.010000228881836,3032200,21.26761245727539
2025-07-07,21.920000076293945,22.15999984741211,21.670000076293945,21.850000381469727,5870100,21.113012313842773
2025-07-08,21.989999771118164,22.06999969482422,21.790000915527344,21.940000534057617,4470400,21.199974060058594
2025-07-09,22.200000762939453,22.200000762939453,21.829999923706055,21.940000534057617,3918800,21.199974060058594
2025-07-10,21.950000762939453,22.219999313354492,21.829999923706055,22.100000381469727,5349400,21.354578018188477
2025-07-11,21.90999984741211,22.020000457763672,21.770000457763672,21.860000610351562,3853600,21.1226749420166
2025-07-14,21.8700008392334,21.989999771118164,21.3799991607666,21.969999313354492,7509600,21.22896385192871
2025-07-15,21.860000610351562,21.979999542236328,21.170000076293945,21.219999313354492,10077300,20.50425910949707
2025-07-16,21.530000686645508,22.0,21.329999923706055,21.65999984741211,9571900,20.929418563842773
2025-07-17,21.8700008392334,22.209999084472656,21.6299991607666,22.209999084472656,10368000,21.460866928100586
2025-07-18,22.270000457763672,22.440000534057617,22.100000381469727,22.360000610351562,9142000,21.605810165405273
2025-07-21,22.360000610351562,22.559999465942383,22.190000534057617,22.25,9634700,21.49951934814453
2025-07-22,22.329999923706055,22.84000015258789,21.940000534057617,22.440000534057617,15456700,21.683109283447266
2025-07-23,22.549999237060547,22.649999618530273,22.389999389648438,22.559999465942383,10123700,21.799060821533203
2025-07-24,22.559999465942383,22.610000610351562,22.200000762939453,22.219999313354492,8945900,21.470529556274414
2025-07-25,22.1299991607666,22.93000030517578,21.8700008392334,22.809999465942383,11995900,22.04062843322754
2025-07-28,23.0,23.0,22.40999984741211,22.520000457763672,10561800,21.76041030883789
2025-07-29,22.68000030517578,22.709999084472656,22.100000381469727,22.309999465942383,12885500,21.5574951171875
2025-07-30,22.399999618530273,22.440000534057617,21.860000610351562,21.940000534057617,9148900,21.199974060058594
2025-07-31,21.8799991607666,22.020000457763672,21.709999084472656,21.809999465942383,8500500,21.074359893798828
2025-08-01,21.389999389648438,21.469999313354492,20.899999618530273,21.34000015258789,11663900,20.62021255493164
2025-08-04,21.399999618530273,21.709999084472656,21.360000610351562,21.670000076293945,8734100,20.939083099365234
2025-08-05,21.670000076293945,21.709999084472656,21.170000076293945,21.68000030517578,12001000,20.94874382019043
2025-08-06,21.770000457763672,21.770000457763672,21.3700008392334,21.40999984741211,9002000,20.687850952148438
2025-08-07,21.65999984741211,21.709999084472656,20.969999313354492,21.15999984741211,6210600,20.446285247802734
2025-08-08,21.420000076293945,21.600000381469727,21.170000076293945,21.40999984741211,6624000,20.687850952148438
2025-08-11,21.440000534057617,21.520000457763672,21.200000762939453,21.34000015258789,7524600,20.62021255493164
2025-08-12,21.549999237060547,21.940000534057617,21.420000076293945,21.920000076293945,13205500,21.18065071105957
2025-08-13,22.0,22.200000762939453,21.780000686645508,22.18000030517578,12476700,21.431880950927734
2025-08-14,21.950000762939453,22.290000915527344,21.829999923706055,22.280000686645508,8481500,21.528507232666016
2025-08-15,22.25,22.31999969482422,21.81999969482422,21.850000381469727,7011400,21.113012313842773
2025-08-18,21.780000686645508,22.030000686645508,21.59000015258789,21.979999542236328,8126500,21.238624572753906
2025-08-19,21.850000381469727,22.030000686645508,21.6299991607666,21.719999313354492,8652000,20.987394332885742
2025-08-20,21.719999313354492,21.860000610351562,21.479999542236328,21.81999969482422,8421900,21.084022521972656
2025-08-21,21.739999771118164,22.1299991607666,21.610000610351562,21.959999084472656,10274600,21.219297409057617
2025-08-22,22.079999923706055,22.719999313354492,21.979999542236328,22.510000228881836,14988600,21.750749588012695
2025-08-25,22.399999618530273,22.59000015258789,22.3700008392334,22.5,8169500,21.741086959838867
2025-08-26,22.5,22.739999771118164,22.450000762939453,22.690000534057617,11226900,21.924678802490234
2025-08-27,22.579999923706055,22.969999313354492,22.510000228881836,22.829999923706055,16361700,22.059953689575195
2025-08-28,22.979999542236328,22.979999542236328,22.59000015258789,22.700000762939453,11155400,21.934341430664062
2025-08-29,22.709999084472656,22.850000381469727,22.530000686645508,22.600000381469727,9262400,21.83771514892578
2025-09-02,22.280000686645508,22.420000076293945,22.079999923706055,22.399999618530273,11855200,21.64445686340332
2025-09-03,22.350000381469727,22.690000534057617,22.15999984741211,22.5,10599700,21.741086959838867
2025-09-04,22.649999618530273,22.799999237060547,22.489999771118164,22.790000915527344,11381400,22.021305084228516
2025-09-05,22.860000610351562,22.950000762939453,22.09000015258789,22.239999771118164,11552100,21.489856719970703
2025-09-08,22.280000686645508,22.309999465942383,21.989999771118164,22.290000915527344,10303000,21.538169860839844
2025-09-09,22.299999237060547,22.809999465942383,22.190000534057617,22.809999465942383,14305700,22.04062843322754
2025-09-10,22.850000381469727,23.049999237060547,22.3700008392334,22.68000030517578,13079300,21.915014266967773
2025-09-11,22.709999084472656,23.079999923706055,22.579999923706055,22.739999771118164,15029500,21.972991943359375
2025-09-12,22.559999465942383,22.739999771118164,22.5,22.510000228881836,9818600,21.895177841186523
2025-09-15,22.56999969482422,22.690000534057617,22.309999465942383,22.31999969482422,12445200,21.710365295410156
2025-09-16,22.290000915527344,22.360000610351562,21.940000534057617,22.270000457763672,9845900,21.661733627319336
2025-09-17,22.309999465942383,22.93000030517578,22.280000686645508,22.65999984741211,14001100,22.041080474853516
2025-09-18,22.770000457763672,23.25,22.610000610351562,23.229999542236328,13182900,22.595510482788086
2025-09-19,23.190000534057617,23.260000228881836,22.989999771118164,23.100000381469727,18621100,22.469064712524414
2025-09-22,22.850000381469727,23.09000015258789,22.6299991607666,22.690000534057617,10657300,22.070261001586914
2025-09-23,22.729999542236328,23.06999969482422,22.600000381469727,22.6200008392334,8656000,22.002174377441406
2025-09-24,22.790000915527344,22.950000762939453,22.600000381469727,22.790000915527344,8450100,22.16752815246582
2025-09-25,22.479999542236328,22.770000457763672,22.309999465942383,22.65999984741211,9918400,22.041080474853516
2025-09-26,22.780000686645508,22.940000534057617,22.6200008392334,22.850000381469727,7399300,22.225889205932617
2025-09-29,22.950000762939453,22.950000762939453,22.530000686645508,22.65999984741211,7349500,22.041080474853516
2025-09-30,22.75,22.850000381469727,22.1299991607666,22.610000610351562,12677600,21.992446899414062
2025-10-01,22.549999237060547,22.559999465942383,22.270000457763672,22.360000610351562,11729700,21.7492733001709
2025-10-02,22.31999969482422,22.530000686645508,22.149999618530273,22.469999313354492,7839400,21.856271743774414
2025-10-03,22.559999465942383,22.729999542236328,22.399999618530273,22.559999465942383,8510600,21.943809509277344
2025-10-06,23.0,23.469999313354492,22.65999984741211,23.049999237060547,16413800,22.420427322387695
2025-10-07,23.15999984741211,23.329999923706055,22.959999084472656,22.979999542236328,10039300,22.352340698242188
2025-10-08,23.15999984741211,23.280000686645508,22.739999771118164,23.059999465942383,13542200,22.43015480041504
2025-10-09,23.149999618530273,23.479999542236328,23.010000228881836,23.43000030517578,19800400,22.790048599243164
2025-10-10,23.5,23.6299991607666,22.25,22.260000228881836,21554000,21.652006149291992
2025-10-13,22.639999389648438,22.65999984741211,22.049999237060547,22.450000762939453,20280500,21.836814880371094
2025-10-14,22.299999237060547,23.260000228881836,22.149999618530273,23.020000457763672,28508300,22.391246795654297
2025-10-15,23.450000762939453,23.700000762939453,19.989999771118164,20.850000381469727,62495400,20.280517578125
2025-10-16,20.479999542236328,20.940000534057617,19.799999237060547,19.940000534057617,24430500,19.39537239074707
2025-10-17,20.260000228881836,20.389999389648438,20.0,20.280000686645508,25187500,19.726085662841797
2025-10-20,20.309999465942383,20.6200008392334,20.270000457763672,20.540000915527344,13140600,19.978984832763672
2025-10-21,20.489999771118164,20.889999389648438,20.440000534057617,20.780000686645508,12579700,20.212430953979492
2025-10-22,20.889999389648438,21.0,20.59000015258789,20.6200008392334,12320700,20.056798934936523
2025-10-23,20.729999542236328,20.940000534057617,20.530000686645508,20.559999465942383,14601100,19.998437881469727
2025-10-24,20.760000228881836,21.030000686645508,20.59000015258789,20.8700008392334,10265600,20.299970626831055
2025-10-27,21.030000686645508,21.18000030517578,20.860000610351562,20.989999771118164,7724200,20.41669273376465
2025-10-28,21.399999618530273,21.43000030517578,20.940000534057617,21.09000015258789,10171100,20.51396369934082
2025-10-29,20.829999923706055,21.170000076293945,20.639999389648438,20.719999313354492,11082100,20.15406608581543
2025-10-30,20.700000762939453,21.25,20.65999984741211,20.959999084472656,8447600,20.387510299682617
2025-10-31,20.889999389648438,21.399999618530273,20.829999923706055,21.360000610351562,10362500,20.776588439941406
2025-11-03,21.18000030517578,21.469999313354492,21.010000228881836,21.459999084472656,8521900,20.873855590820312
2025-11-04,21.299999237060547,21.389999389648438,20.950000762939453,21.219999313354492,8977600,20.640411376953125
2025-11-05,21.190000534057617,21.700000762939453,21.09000015258789,21.510000228881836,7457200,20.9224910736084
2025-11-06,21.40999984741211,21.65999984741211,21.239999771118164,21.350000381469727,7867400,20.766860961914062
2025-11-07,21.149999618530273,21.56999969482422,20.989999771118164,21.530000686645508,8178700,20.941944122314453
2025-11-10,21.6200008392334,22.040000915527344,21.559999465942383,21.81999969482422,7765700,21.224021911621094
2025-11-11,21.899999618530273,21.950000762939453,21.579999923706055,21.690000534057617,6653600,21.097576141357422
2025-11-12,21.739999771118164,22.09000015258789,21.719999313354492,21.799999237060547,5036000,21.20456886291504
2025-11-13,21.6200008392334,21.84000015258789,21.3700008392334,21.420000076293945,6433400,20.834949493408203
2025-11-14,21.25,21.56999969482422,20.959999084472656,21.399999618530273,6547800,20.815494537353516
2025-11-17,21.309999465942383,21.489999771118164,20.540000915527344,20.59000015258789,7756100,20.027618408203125
2025-11-18,20.5,20.989999771118164,20.399999618530273,20.760000228881836,7167400,20.192974090576172
2025-11-19,20.760000228881836,21.420000076293945,20.760000228881836,21.31999969482422,8066000,20.73767852783203
2025-11-20,21.6299991607666,21.84000015258789,21.100000381469727,21.299999237060547,6638100,20.718225479125977
2025-11-21,21.34000015258789,21.93000030517578,21.299999237060547,21.719999313354492,4622100,21.126754760742188
2025-11-24,21.68000030517578,21.829999923706055,21.56999969482422,21.65999984741211,4984600,21.06839370727539
2025-11-25,21.889999389648438,22.579999923706055,21.8799991607666,22.3799991607666,5900800,21.768728256225586
2025-11-26,22.360000610351562,22.579999923706055,22.239999771118164,22.239999771118164,3491900,21.632553100585938
2025-11-28,22.290000915527344,22.459999084472656,22.219999313354492,22.34000015258789,2446500,21.729820251464844
2025-12-01,22.309999465942383,22.670000076293945,22.25,22.559999465942383,4422600,21.943809509277344
2025-12-02,22.690000534057617,22.690000534057617,22.290000915527344,22.309999465942383,3778500,21.700637817382812
2025-12-03,22.270000457763672,22.739999771118164,22.260000228881836,22.719999313354492,4869600,22.09943962097168
2025-12-04,22.75,22.979999542236328,22.639999389648438,22.829999923706055,5021100,22.206436157226562
2025-12-05,22.690000534057617,22.959999084472656,22.6299991607666,22.760000228881836,4816100,22.138347625732422
2025-12-08,22.770000457763672,22.959999084472656,22.690000534057617,22.780000686645508,5940400,22.157804489135742
2025-12-09,22.780000686645508,23.059999465942383,22.700000762939453,22.81999969482422,7122700,22.19670867919922
2025-12-10,22.959999084472656,23.899999618530273,22.850000381469727,23.8700008392334,8265800,23.21803092956543
2025-12-11,23.549999237060547,24.110000610351562,23.31999969482422,23.959999084472656,6174800,23.305570602416992
2025-12-12,23.84000015258789,24.0,23.549999237060547,23.59000015258789,7151700,23.090232849121094
2025-12-15,23.84000015258789,23.93000030517578,23.649999618530273,23.729999542236328,6007800,23.227266311645508
2025-12-16,24.100000381469727,24.100000381469727,23.540000915527344,23.670000076293945,5472800,23.16853904724121
2025-12-17,23.799999237060547,24.09000015258789,23.700000762939453,23.8700008392334,5853700,23.364301681518555
2025-12-18,24.010000228881836,24.209999084472656,23.84000015258789,24.040000915527344,6817000,23.530702590942383
2025-12-19,24.09000015258789,24.440000534057617,24.049999237060547,24.43000030517578,11845200,23.912437438964844
2025-12-22,24.459999084472656,24.690000534057617,24.329999923706055,24.610000610351562,4627200,24.088624954223633
2025-12-23,24.709999084472656,24.75,24.520000457763672,24.540000915527344,4169900,24.020109176635742
2025-12-24,24.600000381469727,24.690000534057617,24.479999542236328,24.510000228881836,2014300,23.99074363708496
2025-12-26,24.559999465942383,24.6200008392334,24.420000076293945,24.510000228881836,2746600,23.99074363708496
2025-12-29,24.489999771118164,24.56999969482422,24.040000915527344,24.06999969482422,4508800,23.5600643157959
2025-12-30,24.18000030517578,24.18000030517578,23.899999618530273,23.920000076293945,5365000,23.41324234008789
2025-12-31,24.1299991607666,24.1299991607666,23.81999969482422,23.899999618530273,4222400,23.393665313720703
2026-01-02,24.059999465942383,24.149999618530273,23.670000076293945,24.1299991607666,5865200,23.618791580200195
2026-01-05,24.0,24.8799991607666,24.0,24.56999969482422,6819200,24.049470901489258
2026-01-06,24.56999969482422,24.84000015258789,24.360000610351562,24.670000076293945,4656200,24.14735221862793
2026-01-07,24.84000015258789,24.850000381469727,24.360000610351562,24.59000015258789,5069200,24.069047927856445
2026-01-08,24.600000381469727,24.889999389648438,24.440000534057617,24.75,5475000,24.22566032409668
2026-01-09,24.75,24.90999984741211,24.3799991607666,24.469999313354492,4679800,23.951589584350586
2026-01-12,24.190000534057617,24.3700008392334,24.010000228881836,24.219999313354492,5119800,23.706886291503906
2026-01-13,24.299999237060547,24.3799991607666,24.049999237060547,24.09000015258789,5555100,23.579641342163086
2026-01-14,23.969999313354492,24.239999771118164,23.770000457763672,24.049999237060547,10089800,23.54048728942871
2026-01-15,24.350000381469727,24.760000228881836,24.100000381469727,24.440000534057617,11074800,23.922224044799805
2026-01-16,24.670000076293945,24.719999313354492,24.06999969482422,24.1200008392334,11606200,23.609006881713867
2026-01-20,23.739999771118164,24.270000457763672,23.610000610351562,23.90999984741211,6176800,23.40345573425293
2026-01-21,24.049999237060547,25.079999923706055,24.040000915527344,24.950000762939453,8742500,24.42142105102539
2026-01-22,24.979999542236328,25.209999084472656,24.510000228881836,24.6299991607666,6608400,24.108200073242188
2026-01-23,24.469999313354492,24.6299991607666,23.81999969482422,23.920000076293945,7201900,23.41324234008789
2026-01-26,23.8799991607666,24.31999969482422,23.8799991607666,24.229999542236328,5088400,23.716672897338867
2026-01-27,24.290000915527344,24.469999313354492,24.139999389648438,24.280000686645508,4044100,23.765615463256836
2026-01-28,24.260000228881836,24.43000030517578,24.09000015258789,24.200000762939453,5424300,23.68731117248535
2026-01-29,24.31999969482422,24.610000610351562,24.049999237060547,24.420000076293945,5524400,23.90264892578125
2026-01-30,24.43000030517578,24.690000534057617,24.350000381469727,24.489999771118164,10270500,23.971166610717773
2026-02-02,24.469999313354492,24.940000534057617,24.3799991607666,24.81999969482422,5377400,24.294174194335938
2026-02-03,24.8700008392334,25.790000915527344,24.84000015258789,25.719999313354492,10114500,25.175107955932617
2026-02-04,26.0,26.309999465942383,25.68000030517578,25.770000457763672,9078000,25.224050521850586
2026-02-05,25.510000228881836,25.940000534057617,25.479999542236328,25.84000015258789,5526000,25.292564392089844
2026-02-06,26.0,26.559999465942383,25.90999984741211,26.229999542236328,7779700,25.67430305480957
2026-02-09,26.0,26.389999389648438,25.93000030517578,26.030000686645508,6100900,25.47854232788086
2026-02-10,25.979999542236328,26.260000228881836,25.34000015258789,25.639999389648438,8372800,25.096803665161133
2026-02-11,25.899999618530273,26.110000610351562,24.90999984741211,24.959999084472656,10202500,24.431209564208984
2026-02-12,25.149999618530273,25.270000457763672,23.850000381469727,24.530000686645508,9221200,24.010318756103516
2026-02-13,24.329999923706055,24.75,24.049999237060547,24.559999465942383,4764200,24.039682388305664
2026-02-17,24.610000610351562,25.059999465942383,24.559999465942383,24.780000686645508,5135400,24.255023956298828
2026-02-18,24.899999618530273,25.239999771118164,24.770000457763672,25.100000381469727,4425800,24.5682430267334
2026-02-19,24.899999618530273,25.149999618530273,24.719999313354492,25.020000457763672,4880500,24.489940643310547
2026-02-20,24.860000610351562,25.290000915527344,24.700000762939453,25.25,5451900,24.71506690979004
2026-02-23,25.239999771118164,25.399999618530273,24.0,24.100000381469727,6164500,23.58942985534668
2026-02-24,24.020000457763672,24.239999771118164,23.81999969482422,24.1200008392334,4328600,23.609006881713867
2026-02-25,24.34000015258789,24.559999465942383,24.1299991607666,24.489999771118164,5632400,23.971166610717773
2026-02-26,24.579999923706055,25.059999465942383,24.549999237060547,24.90999984741211,4283000,24.38226890563965
2026-02-27,24.3799991607666,24.530000686645508,23.389999389648438,23.790000915527344,11765700,23.28599739074707
2026-03-02,23.270000457763672,24.219999313354492,23.239999771118164,24.15999984741211,6354500,23.64815902709961
2026-03-03,23.5,23.860000610351562,22.989999771118164,23.399999618530273,8618700,22.904258728027344
2026-03-04,23.540000915527344,23.709999084472656,23.299999237060547,23.469999313354492,4655300,22.972776412963867
2026-03-05,23.209999084472656,23.479999542236328,23.1299991607666,23.420000076293945,4381300,22.9238338470459
2026-03-06,22.709999084472656,22.950000762939453,22.219999313354492,22.809999465942383,4868800,22.326757431030273
2026-03-09,22.5,22.950000762939453,22.06999969482422,22.829999923706055,5805100,22.34633445739746
2026-03-10,22.81999969482422,23.260000228881836,22.489999771118164,23.0,7074300,22.512731552124023
2026-03-11,22.8700008392334,23.100000381469727,22.450000762939453,22.600000381469727,6802500,22.121206283569336
2026-03-12,22.09000015258789,22.229999542236328,21.950000762939453,22.170000076293945,6363300,21.7003173828125
2026-03-13,22.1299991607666,22.299999237060547,21.670000076293945,21.739999771118164,4874200,21.443857192993164
2026-03-16,21.899999618530273,22.229999542236328,21.799999237060547,21.8700008392334,5762900,21.57209014892578
2026-03-17,22.1200008392334,22.239999771118164,21.790000915527344,21.84000015258789,6410400,21.542497634887695
2026-03-18,21.799999237060547,22.049999237060547,21.709999084472656,21.770000457763672,4981600,21.47344970703125
2026-03-19,21.65999984741211,21.93000030517578,21.239999771118164,21.729999542236328,5658500,21.43399429321289
2026-03-20,21.760000228881836,21.93000030517578,21.610000610351562,21.850000381469727,11978600,21.55236053466797
2026-03-23,22.459999084472656,22.670000076293945,22.170000076293945,22.40999984741211,6355600,22.104732513427734
2026-03-24,22.200000762939453,22.969999313354492,22.100000381469727,22.690000534057617,5887800,22.380918502807617
2026-03-25,22.8799991607666,23.030000686645508,22.43000030517578,22.729999542236328,3524100,22.420372009277344
2026-03-26,22.540000915527344,22.739999771118164,22.440000534057617,22.549999237060547,2684200,22.24282455444336
2026-03-27,22.440000534057617,22.5,22.0,22.1299991607666,4364600,21.82854461669922
2026-03-30,22.309999465942383,22.3700008392334,21.950000762939453,22.049999237060547,3465100,21.749635696411133
2026-03-31,22.479999542236328,22.969999313354492,22.309999465942383,22.760000228881836,4450500,22.44996452331543
2026-04-01,23.0,23.200000762939453,22.860000610351562,22.979999542236328,3722100,22.666967391967773
2026-04-02,22.540000915527344,23.209999084472656,22.350000381469727,23.18000030517578,4238600,22.864242553710938
2026-04-06,23.170000076293945,23.3799991607666,23.100000381469727,23.280000686645508,3334300,22.96288299560547
2026-04-07,22.860000610351562,23.270000457763672,22.860000610351562,23.18000030517578,4173600,22.864242553710938
2026-04-08,23.8799991607666,24.219999313354492,23.8799991607666,24.100000381469727,5902800,23.771711349487305
2026-04-09,24.299999237060547,24.530000686645508,23.93000030517578,24.43000030517578,4357900,24.09721565246582
2026-04-10,24.389999389648438,24.459999084472656,23.989999771118164,24.049999237060547,4609700,23.72239112854004
2026-04-13,23.889999389648438,24.34000015258789,23.790000915527344,24.309999465942383,5504300,23.978849411010742
2026-04-14,24.290000915527344,24.860000610351562,23.950000762939453,24.25,14201800,23.919668197631836
2026-04-15,23.770000457763672,24.3700008392334,23.68000030517578,24.170000076293945,9588000,23.840757369995117
2026-04-16,24.15999984741211,24.389999389648438,23.950000762939453,23.979999542236328,6567100,23.653345108032227
2026-04-17,24.25,24.770000457763672,24.15999984741211,24.290000915527344,8668700,23.959123611450195
2026-04-20,24.200000762939453,24.889999389648438,24.1200008392334,24.790000915527344,5500800,24.452312469482422
2026-04-21,24.81999969482422,25.09000015258789,24.600000381469727,24.670000076293945,5122600,24.333946228027344
2026-04-22,24.739999771118164,24.889999389648438,24.43000030517578,24.579999923706055,3607500,24.24517250061035
2026-04-23,24.59000015258789,24.81999969482422,24.399999618530273,24.709999084472656,3076200,24.37339973449707
2026-04-24,24.6200008392334,24.719999313354492,24.149999618530273,24.209999084472656,3837600,23.880212783813477
2026-04-27,24.219999313354492,24.780000686645508,24.219999313354492,24.6200008392334,3269000,24.28462791442871
2026-04-28,24.8700008392334,24.979999542236328,24.59000015258789,24.649999618530273,2418100,24.314218521118164
2026-04-29,24.610000610351562,24.739999771118164,24.25,24.40999984741211,2242300,24.07748794555664
2026-04-30,24.360000610351562,25.030000686645508,24.229999542236328,24.959999084472656,4513600,24.6199951171875
2026-05-01,25.0,25.049999237060547,24.709999084472656,24.889999389648438,3068200,24.550949096679688
2026-05-04,24.68000030517578,24.860000610351562,24.489999771118164,24.6299991607666,2865400,24.294490814208984
2026-05-05,24.68000030517578,24.989999771118164,24.559999465942383,24.780000686645508,2881700,24.44244956970215
2026-05-06,25.0,25.3700008392334,25.0,25.06999969482422,3642000,24.728496551513672
2026-05-07,25.149999618530273,25.239999771118164,24.469999313354492,24.469999313354492,3952100,24.136669158935547
2026-05-08,24.59000015258789,24.739999771118164,24.43000030517578,24.610000610351562,4129800,24.274765014648438
2026-05-11,24.75,24.799999237060547,23.940000534057617,24.040000915527344,3572600,23.712528228759766
2026-05-12,24.040000915527344,24.1200008392334,23.450000762939453,23.899999618530273,3776300,23.574434280395508
2026-05-13,23.760000228881836,23.93000030517578,23.389999389648438,23.43000030517578,3662700,23.110837936401367
2026-05-14,23.719999313354492,23.959999084472656,23.65999984741211,23.719999313354492,2550800,23.396886825561523
2026-05-15,23.530000686645508,23.81999969482422,23.239999771118164,23.56999969482422,2834300,23.248929977416992
2026-05-18,23.6200008392334,23.950000762939453,23.6200008392334,23.729999542236328,4039200,23.40675163269043
2026-05-19,23.780000686645508,23.780000686645508,23.399999618530273,23.59000015258789,3122100,23.268657684326172
2026-05-20,23.760000228881836,24.270000457763672,23.5,24.229999542236328,4148200,23.899938583374023
2026-05-21,24.020000457763672,24.209999084472656,23.829999923706055,24.100000381469727,3139800,23.771711349487305
2026-05-22,24.110000610351562,24.399999618530273,23.959999084472656,24.229999542236328,2940300,23.899938583374023
2026-05-26,24.360000610351562,24.639999389648438,24.200000762939453,24.389999389648438,2934900,24.05776023864746
2026-05-27,24.450000762939453,24.549999237060547,24.139999389648438,24.200000762939453,4262500,23.87034797668457
2026-05-28,24.170000076293945,24.290000915527344,23.979999542236328,24.219999313354492,2824500,23.89007568359375
2026-05-29,24.170000076293945,24.40999984741211,24.149999618530273,24.229999542236328,4149800,23.899938583374023
2026-06-01,23.979999542236328,24.100000381469727,23.610000610351562,23.6200008392334,5293800,23.298250198364258
2026-06-02,23.530000686645508,24.1200008392334,23.530000686645508,24.0,4234900,23.673072814941406
2026-06-03,23.850000381469727,23.899999618530273,23.469999313354492,23.6299991607666,5232800,23.3081111907959
2026-06-04,23.90999984741211,24.34000015258789,23.8700008392334,24.25,4037600,23.919668197631836
2026-06-05,24.309999465942383,24.440000534057617,24.100000381469727,24.15999984741211,4478400,23.83089256286621
2026-06-08,24.219999313354492,24.440000534057617,24.1299991607666,24.270000457763672,4195200,23.939395904541016
2026-06-09,24.450000762939453,24.8799991607666,24.420000076293945,24.739999771118164,5933600,24.402992248535156
2026-06-10,24.739999771118164,25.1299991607666,24.610000610351562,24.719999313354492,4404900,24.383264541625977
2026-06-11,24.8700008392334,25.110000610351562,24.59000015258789,24.989999771118164,3719700,24.649587631225586
2026-06-12,25.0,25.270000457763672,24.950000762939453,25.139999389648438,4632200,24.967390060424805
2026-06-15,25.3700008392334,25.420000076293945,24.719999313354492,24.729999542236328,8033000,24.560205459594727
2026-06-16,25.0,25.09000015258789,24.799999237060547,24.93000030517578,3236900,24.758832931518555
2026-06-17,24.899999618530273,25.219999313354492,24.489999771118164,24.729999542236328,6875000,24.560205459594727
2026-06-18,25.040000915527344,25.09000015258789,24.709999084472656,24.809999465942383,6956800,24.63965606689453
2026-06-22,24.719999313354492,25.059999465942383,24.700000762939453,24.809999465942383,3957900,24.63965606689453
2026-06-23,24.809999465942383,25.049999237060547,24.700000762939453,24.950000762939453,3852200,24.778696060180664
2026-06-24,24.979999542236328,25.309999465942383,24.8799991607666,25.280000686645508,3384700,25.106430053710938
2026-06-25,25.40999984741211,25.8799991607666,25.350000381469727,25.559999465942383,5329300,25.384506225585938
2026-06-26,25.610000610351562,25.729999542236328,25.360000610351562,25.579999923706055,5543500,25.404369354248047
2026-06-29,25.450000762939453,25.719999313354492,25.34000015258789,25.579999923706055,3658800,25.404369354248047
2026-06-30,25.530000686645508,25.739999771118164,25.3700008392334,25.639999389648438,3750700,25.463956832885742
2026-07-01,25.75,26.110000610351562,25.489999771118164,26.049999237060547,3705600,25.87114143371582
2026-07-02,26.260000228881836,26.309999465942383,25.489999771118164,25.68000030517578,2849500,25.50368309020996
2026-07-06,25.540000915527344,25.940000534057617,25.540000915527344,25.850000381469727,3979300,25.672515869140625
2026-07-07,25.969999313354492,26.059999465942383,25.75,25.760000228881836,2884700,25.583133697509766
2026-07-08,25.6299991607666,25.65999984741211,24.860000610351562,25.25,4679800,25.076635360717773
2026-07-09,25.360000610351562,25.8700008392334,25.290000915527344,25.690000534057617,5536300,25.513614654541016
2026-07-10,25.81999969482422,25.920000076293945,25.559999465942383,25.739999771118164,3388000,25.563270568847656
2026-07-13,25.8700008392334,25.889999389648438,25.530000686645508,25.81999969482422,3369100,25.64272117614746
2026-07-14,25.8799991607666,26.18000030517578,25.649999618530273,25.719999313354492,8583300,25.543407440185547
2026-07-15,24.799999237060547,25.280000686645508,24.479999542236328,24.940000534057617,13918900,24.76876449584961
2026-07-16,24.719999313354492,25.399999618530273,24.690000534057617,25.399999618530273,11254600,25.225605010986328
2026-07-17,25.209999084472656,26.1299991607666,25.079999923706055,25.799999237060547,12230800,25.62285804748535
2026-07-20,25.799999237060547,25.899999618530273,25.350000381469727,25.469999313354492,5781900,25.295124053955078
2026-07-21,25.559999465942383,25.559999465942383,25.190000534057617,25.510000228881836,7539200,25.334850311279297
2026-07-22,25.559999465942383,25.739999771118164,25.420000076293945,25.719999313354492,4484700,25.543407440185547
2026-07-23,25.530000686645508,25.530000686645508,25.06999969482422,25.520000457763672,4786300,25.34478187561035
2026-07-24,25.489999771118164,25.670000076293945,25.3799991607666,25.530000686645508,3863300,25.354713439941406
2026-07-27,25.6200008392334,25.84000015258789,25.420000076293945,25.479999542236328,5041400,25.305055618286133
2026-07-28,25.739999771118164,26.040000915527344,25.489999771118164,26.020000457763672,4494400,25.84134864807129
2026-07-29,25.8700008392334,26.09000015258789,25.579999923706055,25.770000457763672,4782800,25.59306526184082
2026-07-30,25.90999984741211,25.940000534057617,25.43000030517578,25.450000762939453,4883400,25.2752628326416
2026-07-31,25.56999969482422,25.770000457763672,25.389999389648438,25.639999389648438,7389300,25.463956832885742
2026-08-03,25.579999923706055,26.010000228881836,25.56999969482422,25.799999237060547,3379700,25.62285804748535
2026-08-04,25.84000015258789,26.219999313354492,25.760000228881836,26.09000015258789,6518300,25.91086769104004
2026-08-05,26.260000228881836,26.43000030517578,26.09000015258789,26.170000076293945,5689800,25.990318298339844
2026-08-06,26.350000381469727,26.389999389648438,25.469999313354492,25.489999771118164,4364900,25.314987182617188
2026-08-07,25.75,25.75,25.15999984741211,25.459999084472656,7665500,25.285192489624023
2026-08-10,25.31999969482422,25.510000228881836,25.15999984741211,25.229999542236328,4220300,25.056772232055664
2026-08-11,25.219999313354492,25.469999313354492,25.219999313354492,25.43000030517578,11218400,25.255399703979492
2026-08-12,25.530000686645508,25.950000762939453,25.3799991607666,25.8799991607666,4541500,25.702308654785156
2026-08-13,26.0,26.110000610351562,25.799999237060547,26.020000457763672,4592000,25.84134864807129
2026-08-14,26.100000381469727,26.25,25.920000076293945,26.219999313354492,3446100,26.039974212646484
2026-08-17,26.15999984741211,26.329999923706055,25.889999389648438,26.020000457763672,2553900,25.84134864807129
2026-08-18,26.030000686645508,26.139999389648438,25.709999084472656,25.81999969482422,2459900,25.64272117614746
2026-08-19,25.84000015258789,25.84000015258789,24.770000457763672,24.8700008392334,4957900,24.69924545288086
2026-08-20,24.600000381469727,24.989999771118164,24.600000381469727,24.68000030517578,3519400,24.510549545288086
2026-08-21,24.799999237060547,24.889999389648438,24.40999984741211,24.6299991607666,4096400,24.460891723632812
2026-08-24,24.670000076293945,25.0,24.520000457763672,24.530000686645508,3700100,24.36157989501953
2026-08-25,24.530000686645508,24.549999237060547,24.3700008392334,24.420000076293945,3259400,24.252334594726562
2026-08-26,24.510000228881836,24.65999984741211,24.440000534057617,24.56999969482422,3809500,24.401304244995117
2026-08-27,24.5,24.5,24.18000030517578,24.420000076293945,3867100,24.252334594726562
2026-08-28,24.549999237060547,24.690000534057617,24.389999389648438,24.649999618530273,4543800,24.480754852294922
2026-08-31,24.600000381469727,24.700000762939453,24.309999465942383,24.31999969482422,5312800,24.15302085876465
2026-09-01,24.309999465942383,24.520000457763672,23.850000381469727,24.030000686645508,4868500,23.865013122558594
2026-09-02,24.15999984741211,24.75,24.1200008392334,24.56999969482422,3368200,24.401304244995117
2026-09-03,24.65999984741211,24.979999542236328,24.65999984741211,24.959999084472656,2152700,24.788625717163086
2026-09-04,24.8700008392334,25.079999923706055,24.850000381469727,24.940000534057617,3770600,24.76876449584961
2026-09-08,24.8799991607666,24.989999771118164,24.649999618530273,24.670000076293945,3983800,24.50061798095703
2026-09-09,24.530000686645508,24.790000915527344,24.40999984741211,24.579999923706055,3052900,24.411235809326172
2026-09-10,24.6200008392334,24.770000457763672,24.34000015258789,24.760000228881836,4183000,24.59000015258789
2026-09-11,24.850000381469727,24.8700008392334,24.34000015258789,24.469999313354492,5786500,24.469999313354492
2026-09-14,24.459999084472656,24.709999084472656,24.31999969482422,24.31999969482422,8447200,24.31999969482422
2026-09-15,24.40999984741211,24.6200008392334,24.360000610351562,24.469999313354492,7634700,24.469999313354492
2026-09-16,24.450000762939453,24.549999237060547,23.530000686645508,23.93000030517578,4741600,23.93000030517578
2026-09-17,24.010000228881836,24.25,23.770000457763672,24.010000228881836,4577100,24.010000228881836
2026-09-18,24.049999237060547,24.100000381469727,23.809999465942383,23.940000534057617,8004200,23.940000534057617
2026-09-21,24.1200008392334,24.1200008392334,23.889999389648438,23.93000030517578,3843500,23.93000030517578
2026-09-22,24.010000228881836,24.100000381469727,23.31999969482422,23.34000015258789,5803500,23.34000015258789
2026-09-23,23.290000915527344,23.530000686645508,23.010000228881836,23.020000457763672,4580900,23.020000457763672
2026-09-24,23.06999969482422,23.219999313354492,22.889999389648438,23.18000030517578,4013800,23.18000030517578
2026-09-25,23.25,23.549999237060547,23.219999313354492,23.459999084472656,4183100,23.459999084472656
2026-09-28,23.40999984741211,23.40999984741211,23.1299991607666,23.190000534057617,6834500,23.190000534057617
2026-09-29,23.15999984741211,23.309999465942383,22.889999389648438,23.100000381469727,5180400,23.100000381469727
2026-09-30,23.030000686645508,23.270000457763672,22.969999313354492,23.020000457763672,4523000,23.020000457763672
2026-10-01,22.920000076293945,23.079999923706055,22.479999542236328,23.049999237060547,6865200,23.049999237060547
