date,open,high,low,close,volume,adjclose
2021-10-04,380.2099914550781,386.8699951171875,372.82000732421875,374.1499938964844,2895600,331.451171875
2021-10-05,378.1000061035156,388.2200012207031,375.5,385.80999755859375,2508100,341.780517578125
2021-10-06,382.3800048828125,389.54998779296875,378.6600036621094,388.04998779296875,2111800,343.7648010253906
2021-10-07,392.9100036621094,397.8500061035156,389.760009765625,390.6199951171875,2348000,346.04156494140625
2021-10-08,390.8299865722656,394.30999755859375,388.17999267578125,392.80999755859375,1446700,347.9816589355469
2021-10-11,392.8999938964844,396.95001220703125,385.0199890136719,385.239990234375,1787400,341.2756042480469
2021-10-12,386.2200012207031,388.5899963378906,381.0199890136719,386.5299987792969,2088200,342.4183654785156
2021-10-13,388.0,388.3800048828125,378.6300048828125,386.30999755859375,2391600,342.22344970703125
2021-10-14,392.0,393.6600036621094,382.20001220703125,391.20001220703125,3380900,346.555419921875
2021-10-15,402.30999755859375,407.2699890136719,396.3399963378906,406.07000732421875,6451400,359.7283935546875
2021-10-18,408.010009765625,415.94000244140625,407.6000061035156,413.69000244140625,3832300,366.4787292480469
2021-10-19,415.17999267578125,415.8500061035156,409.69000244140625,412.1600036621094,2568300,365.1233825683594
2021-10-20,411.0,414.3299865722656,406.20001220703125,407.8900146484375,2453400,361.3406677246094
2021-10-21,406.79998779296875,412.6600036621094,404.6199951171875,407.5899963378906,2162100,361.07489013671875
2021-10-22,409.989990234375,415.3599853515625,409.1000061035156,414.32000732421875,2411000,367.036865234375
2021-10-25,416.2099914550781,419.489990234375,413.2699890136719,414.75,1824700,367.4177551269531
2021-10-26,416.3699951171875,419.80999755859375,413.760009765625,417.6099853515625,1843300,369.9513854980469
2021-10-27,416.54998779296875,418.05999755859375,410.54998779296875,410.989990234375,2067200,364.0869140625
2021-10-28,412.0,414.9200134277344,409.05999755859375,414.82000732421875,1444700,367.47979736328125
2021-10-29,414.0199890136719,415.9599914550781,411.17999267578125,413.3500061035156,2061700,366.1776123046875
2021-11-01,417.07000732421875,418.7300109863281,413.25,416.70001220703125,1820800,369.1452941894531
2021-11-02,415.1000061035156,426.1600036621094,412.7900085449219,423.8500061035156,3000800,375.47930908203125
2021-11-03,423.1199951171875,424.0,412.55999755859375,417.8999938964844,3542400,370.208251953125
2021-11-04,414.6499938964844,415.989990234375,403.0299987792969,408.07000732421875,3802300,361.5001525878906
2021-11-05,411.3999938964844,414.45001220703125,406.1000061035156,407.0799865722656,2105600,360.6231384277344
2021-11-08,409.8900146484375,413.6499938964844,407.9599914550781,408.3399963378906,1728400,361.73931884765625
2021-11-09,406.1099853515625,407.5799865722656,400.05999755859375,405.3500061035156,2246900,359.0905456542969
2021-11-10,402.3299865722656,405.54998779296875,397.25,399.1199951171875,2243900,353.5715026855469
2021-11-11,400.1400146484375,403.760009765625,398.510009765625,402.3399963378906,1252400,356.4240417480469
2021-11-12,403.0,405.1000061035156,399.20001220703125,404.9100036621094,1360100,358.7007751464844
2021-11-15,406.0,407.3399963378906,403.9100036621094,404.80999755859375,1436500,358.6122131347656
2021-11-16,403.9100036621094,405.8399963378906,399.0,403.0899963378906,1311000,357.0885314941406
2021-11-17,401.8500061035156,402.6499938964844,391.4700012207031,391.54998779296875,2927000,346.8654479980469
2021-11-18,392.29998779296875,393.9200134277344,385.67999267578125,391.3699951171875,1847400,346.70599365234375
2021-11-19,382.3800048828125,390.239990234375,381.0400085449219,387.3900146484375,2610400,343.1802062988281
2021-11-22,393.1600036621094,402.489990234375,390.17999267578125,396.1600036621094,3058700,350.9493408203125
2021-11-23,400.25,406.9599914550781,397.510009765625,406.3399963378906,2402300,359.9675598144531
2021-11-24,405.0,407.4800109863281,398.29998779296875,399.19000244140625,2186300,353.6335144042969
2021-11-26,384.4800109863281,391.7099914550781,382.7200012207031,389.3900146484375,2687900,344.95196533203125
2021-11-29,394.0,396.3699951171875,382.45001220703125,386.5400085449219,2883400,342.4272155761719
2021-11-30,383.5299987792969,386.8299865722656,377.260009765625,380.989990234375,4570400,337.5106201171875
2021-12-01,383.82000732421875,390.1600036621094,376.2099914550781,376.4800109863281,2476000,335.2752990722656
2021-12-02,378.0,389.0899963378906,376.0299987792969,387.5400085449219,3343700,345.12481689453125
2021-12-03,389.8800048828125,389.8800048828125,379.0299987792969,382.7300109863281,2807500,340.8412780761719
2021-12-06,388.6700134277344,393.6000061035156,383.489990234375,389.29998779296875,1990200,346.6921691894531
2021-12-07,393.5799865722656,401.75,393.05999755859375,400.1099853515625,2441000,356.31903076171875
2021-12-08,401.2300109863281,401.7099914550781,395.1400146484375,397.32000732421875,1635200,353.8343811035156
2021-12-09,395.70001220703125,400.19000244140625,393.0,396.489990234375,2111500,353.0952453613281
2021-12-10,398.0,398.8599853515625,388.6600036621094,391.05999755859375,1893800,348.259521484375
2021-12-13,391.19000244140625,391.19000244140625,382.6600036621094,384.6400146484375,2313300,342.5422058105469
2021-12-14,383.55999755859375,392.5,383.260009765625,388.82000732421875,2788500,346.26470947265625
2021-12-15,389.5,391.3999938964844,380.6000061035156,389.9100036621094,2802300,347.2354431152344
2021-12-16,395.1300048828125,399.8399963378906,391.79998779296875,397.3699951171875,3578200,353.87896728515625
2021-12-17,389.2099914550781,393.6700134277344,380.6300048828125,381.79998779296875,7058600,340.0130615234375
2021-12-20,375.5199890136719,375.6300048828125,366.6499938964844,371.6099853515625,3735600,330.938232421875
2021-12-21,376.42999267578125,382.0899963378906,374.760009765625,380.32000732421875,2942800,338.6950378417969
2021-12-22,380.4200134277344,384.010009765625,379.2699890136719,382.3299865722656,1487900,340.4850158691406
2021-12-23,383.7900085449219,387.6099853515625,383.57000732421875,385.0400085449219,1624000,342.8983459472656
2021-12-27,386.989990234375,389.1099853515625,385.0,388.0400085449219,1430400,345.5700988769531
2021-12-28,388.92999267578125,391.3299865722656,386.239990234375,387.6099853515625,1528200,345.1871337890625
2021-12-29,387.9700012207031,389.4599914550781,384.4200134277344,386.20001220703125,1327800,343.9314270019531
2021-12-30,387.75,389.7799987792969,385.20001220703125,385.5199890136719,1160100,343.325927734375
2021-12-31,385.0,387.0,380.8399963378906,382.54998779296875,1601300,340.6809997558594
2022-01-03,389.0,399.29998779296875,387.3399963378906,395.3299865722656,3334300,352.0622253417969
2022-01-04,402.2300109863281,410.2799987792969,401.17999267578125,407.4800109863281,3916400,362.8824462890625
2022-01-05,409.79998779296875,412.6600036621094,397.8900146484375,398.6300048828125,3469600,355.0010681152344
2022-01-06,401.0,401.20001220703125,386.42999267578125,396.92999267578125,2960900,353.48712158203125
2022-01-07,397.6700134277344,400.54998779296875,394.5299987792969,397.510009765625,2360700,354.0036315917969
2022-01-10,401.32000732421875,404.3699951171875,394.2200012207031,399.1700134277344,3009400,355.4818420410156
2022-01-11,400.25,403.3399963378906,396.30999755859375,403.04998779296875,1748800,358.937255859375
2022-01-12,403.239990234375,404.1199951171875,388.55999755859375,390.30999755859375,4158000,347.5915832519531
2022-01-13,394.04998779296875,396.8699951171875,389.75,390.79998779296875,2497800,348.02801513671875
2022-01-14,382.1300048828125,384.3900146484375,375.0,380.94000244140625,4685300,339.2471923828125
2022-01-18,360.0400085449219,361.57000732421875,347.2300109863281,354.3999938964844,13123500,315.61187744140625
2022-01-19,358.3399963378906,359.7099914550781,346.3900146484375,347.32000732421875,7426100,309.30682373046875
2022-01-20,348.8999938964844,357.17999267578125,346.1400146484375,348.1000061035156,4599900,310.00140380859375
2022-01-21,345.5400085449219,348.989990234375,340.7200012207031,343.9100036621094,4904100,306.26995849609375
2022-01-24,337.32000732421875,344.07000732421875,326.2300109863281,343.3900146484375,6569800,305.80694580078125
2022-01-25,337.8599853515625,342.92999267578125,330.9100036621094,341.54998779296875,3959300,304.168212890625
2022-01-26,346.6000061035156,350.4800109863281,338.4100036621094,342.67999267578125,3745900,305.1745910644531
2022-01-27,345.6700134277344,348.7699890136719,337.7200012207031,341.0299987792969,2573400,303.7051696777344
2022-01-28,337.7300109863281,347.1499938964844,333.45001220703125,347.010009765625,3714600,309.03070068359375
2022-01-31,344.6000061035156,355.2099914550781,343.44000244140625,354.67999267578125,3312400,315.8612976074219
2022-02-01,356.1300048828125,364.5400085449219,354.04998779296875,364.05999755859375,3303700,324.2146301269531
2022-02-02,363.5,368.5299987792969,357.8299865722656,363.05999755859375,2742400,323.3240661621094
2022-02-03,362.82000732421875,365.760009765625,358.1600036621094,358.8800048828125,2372900,319.6015930175781
2022-02-04,362.1700134277344,370.95001220703125,361.0199890136719,367.6000061035156,3762300,327.3671875
2022-02-07,365.489990234375,371.4700012207031,363.3500061035156,368.1499938964844,2635600,327.85699462890625
2022-02-08,371.0799865722656,372.6499938964844,366.25,370.1000061035156,3422300,329.59356689453125
2022-02-09,373.0,376.2799987792969,370.8999938964844,374.5299987792969,2250400,333.5386962890625
2022-02-10,371.7099914550781,377.3999938964844,368.8299865722656,370.57000732421875,2406200,330.01214599609375
2022-02-11,368.54998779296875,374.8999938964844,360.7699890136719,363.05999755859375,3142100,323.3240661621094
2022-02-14,363.05999755859375,364.2900085449219,357.17999267578125,360.239990234375,2585600,320.812744140625
2022-02-15,364.0899963378906,365.8900146484375,361.3599853515625,363.94000244140625,1846400,324.1078186035156
2022-02-16,361.3500061035156,363.0199890136719,356.5299987792969,360.04998779296875,2165300,320.6435546875
2022-02-17,358.7799987792969,360.9599914550781,347.8399963378906,349.05999755859375,3102400,310.8563537597656
2022-02-18,345.57000732421875,350.0,343.3699951171875,346.0400085449219,2910900,308.1668701171875
2022-02-22,342.4599914550781,349.0,341.20001220703125,344.2699890136719,2590800,306.59063720703125
2022-02-23,347.57000732421875,349.260009765625,339.82000732421875,341.19000244140625,2217300,303.8476257324219
2022-02-24,328.57000732421875,341.0,326.95001220703125,340.19000244140625,4564000,302.9571533203125
2022-02-25,340.19000244140625,350.70001220703125,340.19000244140625,350.1199951171875,2980500,311.8003845214844
2022-02-28,340.25,343.8399963378906,337.54998779296875,341.2900085449219,4245700,303.9367370605469
2022-03-01,337.3999938964844,338.1600036621094,327.0199890136719,328.20001220703125,5631500,294.00225830078125
2022-03-02,331.6000061035156,338.0,327.3999938964844,336.3800048828125,3469900,301.3299255371094
2022-03-03,338.8699951171875,341.5,330.1300048828125,333.4200134277344,2393700,298.6783752441406
2022-03-04,327.0,330.6600036621094,324.0,329.6700134277344,3293100,295.3190612792969
2022-03-07,326.82000732421875,327.7900085449219,320.8500061035156,321.8900146484375,3689900,288.3497619628906
2022-03-08,322.5,330.55999755859375,318.54998779296875,321.3699951171875,3596400,287.88397216796875
2022-03-09,331.67999267578125,337.4700012207031,330.0299987792969,333.5899963378906,3202100,298.8306579589844
2022-03-10,327.6300048828125,331.8399963378906,324.760009765625,329.8999938964844,2232600,295.52508544921875
2022-03-11,334.3699951171875,336.6099853515625,326.7099914550781,327.0,2613500,292.92730712890625
2022-03-14,329.2099914550781,331.6199951171875,322.8999938964844,324.9800109863281,2342200,291.1178283691406
2022-03-15,327.07000732421875,331.8999938964844,324.8399963378906,329.1600036621094,2140700,294.8622131347656
2022-03-16,335.07000732421875,341.3299865722656,334.260009765625,340.760009765625,3468500,305.2535705566406
2022-03-17,337.3699951171875,343.6000061035156,334.8999938964844,343.2699890136719,2403500,307.50201416015625
2022-03-18,338.8699951171875,346.7699890136719,337.29998779296875,345.3800048828125,5861900,309.3921813964844
2022-03-21,345.260009765625,346.29998779296875,337.1499938964844,339.0,3401200,303.67694091796875
2022-03-22,342.20001220703125,346.239990234375,340.1199951171875,343.010009765625,2840200,307.26910400390625
2022-03-23,340.0,340.8299865722656,335.1300048828125,335.6099853515625,2196800,300.64013671875
2022-03-24,336.44000244140625,337.5,334.29998779296875,336.2300109863281,1944100,301.195556640625
2022-03-25,337.42999267578125,341.8299865722656,335.4800109863281,337.489990234375,1580800,302.32427978515625
2022-03-28,338.1499938964844,338.5,331.510009765625,335.29998779296875,2182600,300.3623962402344
2022-03-29,342.4700012207031,344.0,336.7300109863281,339.6600036621094,2378700,304.2680969238281
2022-03-30,339.0,339.8599853515625,333.6300048828125,335.5899963378906,2650200,300.6221923828125
2022-03-31,336.1300048828125,336.5,330.1000061035156,330.1000061035156,2632000,295.7043151855469
2022-04-01,333.92999267578125,334.1600036621094,327.57000732421875,330.2200012207031,2444800,295.81182861328125
2022-04-04,330.0,331.8699951171875,325.8599853515625,328.2099914550781,2569400,294.01129150390625
2022-04-05,327.3599853515625,329.739990234375,323.4800109863281,323.9599914550781,2573900,290.2040710449219
2022-04-06,320.0,320.6199951171875,315.75,316.260009765625,3151300,283.30645751953125
2022-04-07,315.0,315.8299865722656,308.20001220703125,314.1499938964844,3562600,281.416259765625
2022-04-08,313.5799865722656,323.67999267578125,313.0,321.3900146484375,3294200,287.9018859863281
2022-04-11,320.6099853515625,328.8999938964844,319.0299987792969,320.760009765625,2747700,287.3375244140625
2022-04-12,321.67999267578125,327.1199951171875,318.010009765625,319.7799987792969,2365200,286.45965576171875
2022-04-13,315.79998779296875,322.6300048828125,314.7200012207031,321.9700012207031,3022900,288.42144775390625
2022-04-14,328.4700012207031,333.0299987792969,319.0299987792969,321.6400146484375,5460900,288.12579345703125
2022-04-18,320.6499938964844,332.6600036621094,320.6499938964844,329.8800048828125,3653400,295.5071716308594
2022-04-19,330.4700012207031,337.20001220703125,330.4700012207031,335.95001220703125,2774800,300.9447326660156
2022-04-20,338.1000061035156,344.8999938964844,337.5,341.05999755859375,3040100,305.5223693847656
2022-04-21,344.3299865722656,347.3500061035156,333.3599853515625,334.29998779296875,3097800,299.4666748046875
2022-04-22,332.30999755859375,332.5,319.4700012207031,319.7699890136719,3125200,286.45062255859375
2022-04-25,316.3800048828125,322.1600036621094,312.739990234375,321.4200134277344,3093600,287.92877197265625
2022-04-26,317.95001220703125,321.6000061035156,312.79998779296875,313.1199951171875,2791700,280.49359130859375
2022-04-27,312.1400146484375,319.239990234375,312.1400146484375,313.2300109863281,2469300,280.5921325683594
2022-04-28,317.1199951171875,319.3599853515625,312.1499938964844,318.4100036621094,2176000,285.232421875
2022-04-29,317.25,319.0799865722656,304.7099914550781,305.489990234375,3129600,273.6585693359375
2022-05-02,305.80999755859375,311.3699951171875,302.2099914550781,310.4200134277344,2968100,278.0749206542969
2022-05-03,311.5199890136719,319.5199890136719,311.32000732421875,314.6600036621094,2606200,281.8731384277344
2022-05-04,315.8299865722656,324.79998779296875,312.1700134277344,324.1099853515625,2629400,290.3384704589844
2022-05-05,320.5,320.67999267578125,308.69000244140625,313.07000732421875,2622100,280.4488220214844
2022-05-06,312.2799987792969,313.7099914550781,306.05999755859375,312.9599914550781,2375600,280.35028076171875
2022-05-09,308.9200134277344,313.7699890136719,304.9800109863281,308.8900146484375,3234000,276.7043151855469
2022-05-10,311.7200012207031,315.1499938964844,300.6499938964844,305.05999755859375,2798400,273.2734680175781
2022-05-11,305.05999755859375,310.9100036621094,301.0,301.54998779296875,2320600,270.1291198730469
2022-05-12,300.0,302.8900146484375,293.8999938964844,299.4100036621094,3408300,268.2121887207031
2022-05-13,303.6300048828125,309.6300048828125,303.57000732421875,306.989990234375,2152500,275.00225830078125
2022-05-16,305.95001220703125,306.4700012207031,300.54998779296875,303.44000244140625,1568800,271.82220458984375
2022-05-17,309.8699951171875,314.32000732421875,308.1300048828125,312.9700012207031,2096200,280.3592224121094
2022-05-18,309.0,312.8599853515625,304.8800048828125,306.7300109863281,2033200,274.7694396972656
2022-05-19,303.82000732421875,309.989990234375,303.3900146484375,308.20001220703125,2108800,276.08624267578125
2022-05-20,311.260009765625,312.5899963378906,299.4100036621094,306.79998779296875,2201100,274.8321228027344
2022-05-23,312.7200012207031,321.8299865722656,311.07000732421875,316.6099853515625,2653000,283.619873046875
2022-05-24,315.3500061035156,315.79998779296875,306.42999267578125,313.95001220703125,1870900,281.2371520996094
2022-05-25,311.25,317.6000061035156,309.9800109863281,314.8999938964844,1929500,282.0880432128906
2022-05-26,318.29998779296875,325.5,317.9800109863281,323.6300048828125,2440400,289.9084167480469
2022-05-27,326.75,328.6700134277344,323.19000244140625,328.5799865722656,2106700,294.3426513671875
2022-05-31,324.010009765625,329.7200012207031,322.6600036621094,326.8500061035156,2722900,294.58599853515625
2022-06-01,327.0,329.2699890136719,315.8299865722656,321.8500061035156,2330200,290.07958984375
2022-06-02,320.5899963378906,325.20001220703125,319.2300109863281,324.25,1957500,292.24267578125
2022-06-03,320.8800048828125,322.5,317.5,318.67999267578125,1238900,287.2225341796875
2022-06-06,323.0,325.2099914550781,319.7900085449219,320.510009765625,1099700,288.8718566894531
2022-06-07,318.2799987792969,321.8399963378906,316.6600036621094,321.510009765625,2516800,289.77313232421875
2022-06-08,318.3399963378906,319.54998779296875,312.79998779296875,314.67999267578125,1438100,283.61737060546875
2022-06-09,313.55999755859375,314.1400146484375,304.0199890136719,304.2200012207031,2896500,274.1899108886719
2022-06-10,296.989990234375,298.6499938964844,286.8500061035156,287.0199890136719,3866900,258.6877136230469
2022-06-13,279.0,286.4200134277344,278.32000732421875,283.32000732421875,4218100,255.35292053222656
2022-06-14,284.3299865722656,289.17999267578125,281.29998779296875,282.5400085449219,2487700,254.64999389648438
2022-06-15,287.1600036621094,294.4800109863281,284.1700134277344,290.07000732421875,2725800,261.4366760253906
2022-06-16,282.67999267578125,286.1300048828125,279.1499938964844,284.9800109863281,2777300,256.8490905761719
2022-06-17,282.1300048828125,286.260009765625,278.1499938964844,279.7900085449219,5234400,252.17144775390625
2022-06-21,287.7699890136719,288.07000732421875,282.9800109863281,284.80999755859375,2506300,256.69586181640625
2022-06-22,282.2900085449219,286.010009765625,281.0400085449219,284.5400085449219,2463100,256.4525146484375
2022-06-23,283.760009765625,286.5899963378906,278.92999267578125,286.1700134277344,2547000,257.9216613769531
2022-06-24,291.0,303.1300048828125,290.0,302.75,3984300,272.8650207519531
2022-06-27,303.05999755859375,304.32000732421875,298.8800048828125,300.7799987792969,2091700,271.0894470214844
2022-06-28,305.8999938964844,308.9700012207031,299.17999267578125,299.489990234375,2276600,269.92681884765625
2022-06-29,303.3699951171875,307.44000244140625,299.9100036621094,303.2799987792969,2475900,273.3426513671875
2022-06-30,296.5799865722656,300.3299865722656,292.2300109863281,297.0199890136719,2669500,267.70068359375
2022-07-01,295.2699890136719,300.3299865722656,291.7200012207031,299.2300109863281,1749400,269.69244384765625
2022-07-05,293.0,297.3500061035156,288.3599853515625,297.20001220703125,2480900,267.8628234863281
2022-07-06,296.2699890136719,297.3399963378906,290.6000061035156,293.760009765625,1774500,264.76239013671875
2022-07-07,297.6600036621094,299.07000732421875,293.6000061035156,298.6000061035156,2046500,269.1246643066406
2022-07-08,300.5,300.8900146484375,295.07000732421875,296.4700012207031,1438900,267.20489501953125
2022-07-11,293.20001220703125,296.5400085449219,291.8800048828125,293.17999267578125,1519400,264.2396240234375
2022-07-12,289.7099914550781,299.0799865722656,289.510009765625,292.5299987792969,1772600,263.6537780761719
2022-07-13,290.510009765625,291.19000244140625,285.80999755859375,290.1499938964844,1884100,261.50872802734375
2022-07-14,284.239990234375,284.239990234375,277.8399963378906,281.5899963378906,3171900,253.7937774658203
2022-07-15,286.5,296.42999267578125,285.1499938964844,293.8699951171875,3457600,264.8615417480469
2022-07-18,305.760009765625,311.25,298.7099914550781,301.260009765625,6767900,271.5221252441406
2022-07-19,303.5899963378906,319.1400146484375,303.5,318.04998779296875,5641100,286.6547546386719
2022-07-20,317.2799987792969,322.1700134277344,316.30999755859375,321.45001220703125,3489800,289.7190246582031
2022-07-21,320.510009765625,327.1600036621094,319.8500061035156,326.5400085449219,2518800,294.306640625
2022-07-22,327.1099853515625,329.04998779296875,322.19000244140625,323.92999267578125,1830300,291.95428466796875
2022-07-25,325.9700012207031,327.2900085449219,322.6000061035156,324.1199951171875,4024500,292.12548828125
2022-07-26,321.7699890136719,324.2900085449219,317.760009765625,318.54998779296875,2054700,287.1053771972656
2022-07-27,320.2900085449219,326.3900146484375,318.3800048828125,324.5400085449219,2081900,292.5040283203125
2022-07-28,325.29998779296875,329.9800109863281,321.8900146484375,329.1099853515625,1820700,296.6229553222656
2022-07-29,329.5,335.17999267578125,329.5,333.3900146484375,2112200,300.4804992675781
2022-08-01,331.7300109863281,334.79998779296875,329.010009765625,332.0799865722656,1476500,299.2997741699219
2022-08-02,329.5,331.8299865722656,327.2200012207031,327.8800048828125,1862900,295.51434326171875
2022-08-03,332.07000732421875,335.510009765625,329.6199951171875,333.1700134277344,1770600,300.2822570800781
2022-08-04,333.2799987792969,334.29998779296875,330.6199951171875,331.8699951171875,1533400,299.1105651855469
2022-08-05,330.8999938964844,336.9100036621094,329.6700134277344,334.6700134277344,1876400,301.6341552734375
2022-08-08,337.1099853515625,338.8399963378906,334.3399963378906,334.67999267578125,1460000,301.6431579589844
2022-08-09,336.1499938964844,338.1700134277344,334.57000732421875,336.6199951171875,1587900,303.3916015625
2022-08-10,341.3599853515625,349.70001220703125,341.3500061035156,347.9100036621094,2459500,313.56719970703125
2022-08-11,350.0,356.04998779296875,349.7799987792969,351.67999267578125,2360800,316.96502685546875
2022-08-12,353.44000244140625,354.55999755859375,350.1499938964844,353.82000732421875,2369000,318.8937683105469
2022-08-15,351.0,358.6199951171875,349.04998779296875,355.8500061035156,2045700,320.7234191894531
2022-08-16,352.989990234375,356.4700012207031,352.0199890136719,354.9700012207031,1740900,319.9303283691406
2022-08-17,351.8999938964844,355.5899963378906,350.7699890136719,353.739990234375,1576300,318.8216247558594
2022-08-18,352.6600036621094,355.1000061035156,350.8599853515625,354.5199890136719,1102200,319.52471923828125
2022-08-19,351.0,351.8599853515625,347.5,349.2699890136719,1812300,314.7929382324219
2022-08-22,342.44000244140625,344.5299987792969,340.760009765625,342.4200134277344,1723900,308.61907958984375
2022-08-23,341.95001220703125,344.07000732421875,339.0299987792969,340.17999267578125,1538000,306.6002197265625
2022-08-24,339.0199890136719,344.32000732421875,338.489990234375,341.94000244140625,1530800,308.1865539550781
2022-08-25,344.45001220703125,346.8599853515625,342.1099853515625,346.489990234375,1763900,312.287353515625
2022-08-26,348.3399963378906,348.739990234375,336.0,336.3999938964844,1703900,303.1933288574219
2022-08-29,333.9200134277344,336.3999938964844,332.010009765625,333.9200134277344,1835600,300.9581604003906
2022-08-30,335.0,336.010009765625,331.17999267578125,333.6300048828125,1830300,300.69677734375
2022-08-31,331.54998779296875,335.1400146484375,329.67999267578125,332.6700134277344,2488000,302.09527587890625
2022-09-01,329.8699951171875,333.69000244140625,324.6199951171875,333.5,1575100,302.84893798828125
2022-09-02,334.67999267578125,340.32000732421875,329.9700012207031,331.4800109863281,2215400,301.01458740234375
2022-09-06,332.32000732421875,333.25,323.4599914550781,326.489990234375,1578100,296.4831848144531
2022-09-07,324.25,332.1600036621094,323.25,330.55999755859375,1496600,300.17919921875
2022-09-08,330.2900085449219,335.80999755859375,327.3599853515625,335.3800048828125,1755600,304.5561828613281
2022-09-09,337.9800109863281,341.0299987792969,337.0299987792969,340.1000061035156,1445600,308.8423767089844
2022-09-12,341.6600036621094,344.3699951171875,340.0899963378906,342.5799865722656,1563200,311.0943908691406
2022-09-13,336.0799865722656,336.5199890136719,326.8299865722656,328.3900146484375,2242100,298.2086181640625
2022-09-14,328.45001220703125,330.92999267578125,323.5,327.260009765625,1953300,297.1824951171875
2022-09-15,328.7300109863281,335.2799987792969,327.5899963378906,331.6199951171875,1489400,301.1417236328125
2022-09-16,326.3800048828125,329.0,319.7900085449219,326.2099914550781,2946800,296.2289123535156
2022-09-19,320.57000732421875,329.2900085449219,320.5400085449219,328.6600036621094,1652700,298.45379638671875
2022-09-20,325.70001220703125,326.79998779296875,320.010009765625,323.260009765625,1569900,293.5501403808594
2022-09-21,324.9200134277344,329.7900085449219,320.6300048828125,320.7099914550781,1796700,291.23443603515625
2022-09-22,322.32000732421875,323.3900146484375,311.20001220703125,312.9200134277344,2239900,284.160400390625
2022-09-23,307.54998779296875,309.7900085449219,297.4599914550781,301.9700012207031,2918500,274.216796875
2022-09-26,299.0,302.1000061035156,292.30999755859375,294.6199951171875,2308800,267.54229736328125
2022-09-27,297.5,299.1499938964844,288.6199951171875,291.3800048828125,2007400,264.60009765625
2022-09-28,294.0,302.4100036621094,292.4599914550781,300.7900085449219,2289700,273.1452331542969
2022-09-29,297.07000732421875,299.3500061035156,291.54998779296875,296.1099853515625,1930800,268.8953857421875
2022-09-30,296.0,301.0899963378906,292.70001220703125,293.04998779296875,1970800,266.1165466308594
2022-10-03,297.1700134277344,301.2300109863281,291.1000061035156,299.1499938964844,1938800,271.65594482421875
2022-10-04,306.79998779296875,315.1600036621094,305.8800048828125,314.8699951171875,2399500,285.9311828613281
2022-10-05,306.5799865722656,310.2099914550781,303.6000061035156,309.0,1992800,280.60064697265625
2022-10-06,307.3900146484375,309.0799865722656,303.4200134277344,304.6700134277344,1367400,276.6686706542969
2022-10-07,304.0,305.1499938964844,299.1499938964844,301.0799865722656,1790100,273.4085693359375
2022-10-10,303.6300048828125,304.7200012207031,298.42999267578125,300.5400085449219,1309600,272.9181823730469
2022-10-11,298.010009765625,302.5199890136719,293.9200134277344,294.2099914550781,2392800,267.1700134277344
2022-10-12,293.989990234375,299.7799987792969,291.7099914550781,295.30999755859375,1763800,268.1689453125
2022-10-13,290.4200134277344,308.760009765625,287.75,307.07000732421875,2724900,278.84808349609375
2022-10-14,307.4599914550781,311.6199951171875,299.07000732421875,299.989990234375,2397600,272.41876220703125
2022-10-17,304.4100036621094,311.6199951171875,304.1400146484375,306.7099914550781,3118600,278.5211181640625
2022-10-18,321.6700134277344,324.4800109863281,312.0,313.8500061035156,6428600,285.00494384765625
2022-10-19,312.6099853515625,314.7900085449219,308.05999755859375,311.760009765625,2363800,283.1069641113281
2022-10-20,312.1000061035156,316.04998779296875,309.0,310.80999755859375,2382300,282.2443542480469
2022-10-21,311.0,325.7699890136719,309.489990234375,325.1000061035156,3545700,295.2209167480469
2022-10-24,328.5,331.239990234375,325.8500061035156,328.70001220703125,2232600,298.49017333984375
2022-10-25,327.8599853515625,333.6000061035156,325.9200134277344,332.3999938964844,1837700,301.8500671386719
2022-10-26,334.5199890136719,338.6700134277344,334.1400146484375,335.69000244140625,2176700,304.83770751953125
2022-10-27,339.30999755859375,341.92999267578125,336.5299987792969,337.17999267578125,1998800,306.190673828125
2022-10-28,338.5199890136719,342.5799865722656,336.0,341.82000732421875,1677100,310.4043273925781
2022-10-31,341.07000732421875,346.17999267578125,340.57000732421875,344.510009765625,2224000,312.8470458984375
2022-11-01,345.1300048828125,348.69000244140625,343.7699890136719,348.5799865722656,2316600,316.54302978515625
2022-11-02,347.6199951171875,357.44000244140625,346.739990234375,349.7900085449219,3221200,317.6418151855469
2022-11-03,347.5,350.6700134277344,342.5899963378906,348.8699951171875,2515600,316.8063659667969
2022-11-04,354.0,358.3800048828125,351.2300109863281,357.9100036621094,3172700,325.0155029296875
2022-11-07,360.010009765625,362.9599914550781,358.5199890136719,362.55999755859375,2526900,329.2381896972656
2022-11-08,362.29998779296875,367.19000244140625,361.4599914550781,364.0199890136719,3501300,330.56396484375
2022-11-09,362.95001220703125,367.1499938964844,360.8800048828125,362.0,3047200,328.7296142578125
2022-11-10,370.0,380.42999267578125,369.739990234375,378.30999755859375,3790400,343.5405578613281
2022-11-11,380.0,387.0,378.75,385.1700134277344,3409100,349.77008056640625
2022-11-14,384.0,387.29998779296875,380.5,382.3599853515625,2609100,347.21832275390625
2022-11-15,385.9800109863281,389.5799865722656,380.6499938964844,382.8800048828125,3192400,347.69061279296875
2022-11-16,383.2099914550781,385.3999938964844,380.010009765625,382.3299865722656,2303700,347.1911315917969
2022-11-17,377.1499938964844,381.7200012207031,375.010009765625,379.7799987792969,2297600,344.87548828125
2022-11-18,381.2799987792969,382.8299865722656,377.3900146484375,379.20001220703125,2384500,344.34881591796875
2022-11-21,378.8999938964844,380.7699890136719,375.4200134277344,380.2099914550781,1877500,345.2659606933594
2022-11-22,381.3999938964844,385.8299865722656,381.3999938964844,383.8699951171875,2019400,348.58953857421875
2022-11-23,383.8999938964844,388.20001220703125,383.4100036621094,386.25,1865400,350.7507629394531
2022-11-25,385.760009765625,389.44000244140625,385.17999267578125,388.8599853515625,1129300,353.1209411621094
2022-11-28,385.42999267578125,388.3900146484375,380.8900146484375,382.3599853515625,2232200,347.21832275390625
2022-11-29,381.1300048828125,384.92999267578125,379.260009765625,383.7099914550781,1746900,348.4442443847656
2022-11-30,382.5,386.1499938964844,375.1000061035156,386.1499938964844,2964100,352.9596862792969
2022-12-01,386.5,386.5,380.45001220703125,383.80999755859375,1706300,350.82086181640625
2022-12-02,381.5199890136719,382.5199890136719,378.3999938964844,380.5799865722656,1932300,347.8684387207031
2022-12-05,378.54998779296875,378.8699951171875,369.30999755859375,371.5400085449219,2329600,339.60546875
2022-12-06,369.4800109863281,370.3699951171875,360.3299865722656,362.9100036621094,3081900,331.71722412109375
2022-12-07,362.489990234375,365.29998779296875,358.1499938964844,359.9200134277344,2128200,328.9842834472656
2022-12-08,362.0299987792969,362.5899963378906,356.05999755859375,358.0799865722656,1967800,327.3023376464844
2022-12-09,356.7099914550781,361.6400146484375,356.2099914550781,359.1400146484375,1588800,328.271240234375
2022-12-12,358.57000732421875,364.010009765625,356.3399963378906,363.17999267578125,1750400,331.9640197753906
2022-12-13,374.6300048828125,378.55999755859375,365.510009765625,368.69000244140625,3062600,337.0003662109375
2022-12-14,367.010009765625,368.8299865722656,359.45001220703125,360.3800048828125,2519700,329.4046325683594
2022-12-15,354.4800109863281,356.1099853515625,347.94000244140625,349.8299865722656,3163700,319.761474609375
2022-12-16,345.0799865722656,347.7799987792969,343.4100036621094,346.3500061035156,5008800,316.5805969238281
2022-12-19,346.2699890136719,348.3999938964844,342.6300048828125,344.6099853515625,1646700,314.99017333984375
2022-12-20,345.989990234375,347.4200134277344,343.489990234375,344.489990234375,1623000,314.8804016113281
2022-12-21,348.260009765625,350.8800048828125,346.8900146484375,350.1600036621094,1923100,320.0630798339844
2022-12-22,347.1600036621094,348.04998779296875,339.8800048828125,345.5799865722656,1528900,315.8767395019531
2022-12-23,344.8399963378906,347.760009765625,343.1099853515625,345.510009765625,1062000,315.812744140625
2022-12-27,346.510009765625,347.75,341.7900085449219,341.9700012207031,1035000,312.5770568847656
2022-12-28,340.5,342.8500061035156,339.29998779296875,340.8699951171875,1117200,311.571533203125
2022-12-29,342.44000244140625,344.6400146484375,341.239990234375,343.42999267578125,1273600,313.9115905761719
2022-12-30,341.739990234375,343.69000244140625,339.3999938964844,343.3800048828125,1031400,313.8658752441406
2023-01-03,345.5,348.6000061035156,342.80999755859375,346.2200012207031,1589700,316.4617004394531
2023-01-04,348.0299987792969,350.30999755859375,345.0799865722656,347.70001220703125,1881000,317.81451416015625
2023-01-05,344.25,345.1400146484375,340.1400146484375,343.760009765625,1397800,314.2131652832031
2023-01-06,347.29998779296875,349.0,340.95001220703125,348.0799865722656,3097800,318.1618957519531
2023-01-09,351.8800048828125,356.5,349.5,353.0,1989000,322.6589050292969
2023-01-10,352.6400146484375,357.5,350.5,357.3599853515625,1610100,326.6442565917969
2023-01-11,358.8699951171875,365.5,356.2099914550781,364.4800109863281,2127000,333.1523132324219
2023-01-12,366.239990234375,370.1000061035156,362.57000732421875,369.94000244140625,2103100,338.1429443359375
2023-01-13,363.489990234375,374.3500061035156,362.3599853515625,374.0,3310200,341.8540344238281
2023-01-17,364.79998779296875,366.7900085449219,344.0,349.9200134277344,14448300,319.84368896484375
2023-01-18,348.32000732421875,354.7900085449219,347.79998779296875,349.0899963378906,5585200,319.0850524902344
2023-01-19,346.0299987792969,352.1600036621094,345.5199890136719,350.75,3100400,320.6024169921875
2023-01-20,349.8699951171875,352.25,338.2099914550781,341.8399963378906,11247200,312.4581604003906
2023-01-23,341.6700134277344,349.55999755859375,336.1600036621094,349.1400146484375,4915700,319.13079833984375
2023-01-24,340.0,350.29998779296875,340.0,348.3299865722656,2372000,318.390380859375
2023-01-25,344.75,349.9599914550781,343.8999938964844,349.6300048828125,1985200,319.5786437988281
2023-01-26,351.7300109863281,355.0,349.5199890136719,354.9700012207031,1919200,324.4596862792969
2023-01-27,351.95001220703125,355.989990234375,351.8299865722656,353.70001220703125,2427400,323.298828125
2023-01-30,353.2900085449219,362.3299865722656,352.3999938964844,357.4599914550781,3184500,326.7356262207031
2023-01-31,359.1600036621094,365.9200134277344,356.8599853515625,365.80999755859375,2311500,334.3679504394531
2023-02-01,359.1000061035156,368.94000244140625,358.760009765625,365.7099914550781,2889400,334.27655029296875
2023-02-02,368.0,372.8900146484375,364.54998779296875,369.4700012207031,2619600,337.71337890625
2023-02-03,365.6199951171875,374.57000732421875,365.44000244140625,369.95001220703125,2243100,338.1521301269531
2023-02-06,369.0,371.260009765625,365.7799987792969,370.79998779296875,1816200,338.9290466308594
2023-02-07,368.1700134277344,376.30999755859375,367.3399963378906,374.3999938964844,2205500,342.2196044921875
2023-02-08,372.9200134277344,378.3500061035156,371.9800109863281,375.1000061035156,1893200,342.8594665527344
2023-02-09,377.0400085449219,379.67999267578125,367.79998779296875,367.989990234375,2052500,336.360595703125
2023-02-10,367.0,372.2300109863281,364.55999755859375,371.2799987792969,1933400,339.3677978515625
2023-02-13,369.0899963378906,375.05999755859375,368.0,374.0199890136719,1570600,341.8722229003906
2023-02-14,373.94000244140625,377.04998779296875,369.3800048828125,371.7799987792969,2155500,339.8248291015625
2023-02-15,368.739990234375,374.3699951171875,368.25,374.3399963378906,1687200,342.1647644042969
2023-02-16,370.75,374.25,368.79998779296875,370.20001220703125,1947800,338.3805847167969
2023-02-17,368.04998779296875,371.05999755859375,366.8599853515625,368.5,1857300,336.8267822265625
2023-02-21,366.7200012207031,366.7200012207031,360.0899963378906,361.1199951171875,2403000,330.0810241699219
2023-02-22,361.6300048828125,363.0,358.0400085449219,360.8900146484375,2203800,329.8708190917969
2023-02-23,363.20001220703125,367.8800048828125,359.6099853515625,363.5400085449219,1931400,332.29302978515625
2023-02-24,360.1700134277344,365.17999267578125,359.5299987792969,363.8500061035156,2428600,332.576416015625
2023-02-27,368.2200012207031,370.29998779296875,364.510009765625,365.5299987792969,2842400,334.1120300292969
2023-02-28,366.0,366.010009765625,351.3299865722656,351.6499938964844,4945600,321.42498779296875
2023-03-01,349.3900146484375,352.5400085449219,345.9599914550781,346.2300109863281,2717400,318.7369384765625
2023-03-02,343.989990234375,349.7799987792969,340.489990234375,349.1000061035156,3259800,321.3790283203125
2023-03-03,350.6400146484375,357.7699890136719,349.55999755859375,357.0899963378906,2396200,328.7345275878906
2023-03-06,358.05999755859375,358.8599853515625,353.7300109863281,357.04998779296875,1614200,328.6976623535156
2023-03-07,355.54998779296875,356.20001220703125,345.6300048828125,346.0799865722656,2048500,318.59881591796875
2023-03-08,346.19000244140625,349.69000244140625,345.1700134277344,349.2900085449219,1584600,321.55389404296875
2023-03-09,349.20001220703125,354.2900085449219,341.04998779296875,342.0899963378906,3177800,314.9256286621094
2023-03-10,338.8699951171875,339.92999267578125,326.0299987792969,327.6700134277344,4559700,301.65069580078125
2023-03-13,319.6700134277344,326.1099853515625,314.5400085449219,315.510009765625,5660700,290.456298828125
2023-03-14,324.7699890136719,326.3800048828125,318.95001220703125,322.1499938964844,3785900,296.5689697265625
2023-03-15,310.7699890136719,312.510009765625,304.4100036621094,312.19000244140625,6596700,287.3998718261719
2023-03-16,309.0,318.32000732421875,304.9200134277344,315.0899963378906,4399100,290.0696716308594
2023-03-17,310.0899963378906,310.3999938964844,301.8699951171875,303.5400085449219,6369800,279.43682861328125
2023-03-20,306.7799987792969,312.20001220703125,306.260009765625,309.5299987792969,3963700,284.95111083984375
2023-03-21,317.6199951171875,320.32000732421875,315.3500061035156,317.2799987792969,3242400,292.08575439453125
2023-03-22,317.2799987792969,322.2200012207031,313.489990234375,313.6700134277344,2505900,288.7623291015625
2023-03-23,315.2099914550781,321.3599853515625,312.6400146484375,314.8500061035156,2585900,289.8486633300781
2023-03-24,310.1499938964844,312.75,305.3599853515625,312.57000732421875,2456700,287.7497253417969
2023-03-27,318.6199951171875,320.8999938964844,317.1700134277344,318.5299987792969,2300600,293.23651123046875
2023-03-28,319.0899963378906,320.6099853515625,316.1199951171875,318.44000244140625,1224300,293.15362548828125
2023-03-29,322.5,322.7099914550781,318.67999267578125,320.7200012207031,1475900,295.2525939941406
2023-03-30,324.55999755859375,324.8699951171875,319.8800048828125,321.1400146484375,1456300,295.63922119140625
2023-03-31,323.4700012207031,327.3299865722656,322.4200134277344,327.1099853515625,2281100,301.1351623535156
2023-04-03,326.1400146484375,328.9800109863281,323.1499938964844,326.5199890136719,1808800,300.59197998046875
2023-04-04,326.82000732421875,326.8699951171875,320.1199951171875,322.6499938964844,1536800,297.029296875
2023-04-05,319.6199951171875,322.20001220703125,319.3699951171875,321.5299987792969,1329300,295.9981994628906
2023-04-06,320.3800048828125,323.2300109863281,319.9800109863281,322.3999938964844,1311000,296.7991638183594
2023-04-10,322.3999938964844,324.989990234375,321.30999755859375,324.9599914550781,1114400,299.1558837890625
2023-04-11,326.04998779296875,329.20001220703125,323.6700134277344,327.3699951171875,1559600,301.37451171875
2023-04-12,331.7200012207031,332.07000732421875,327.17999267578125,330.239990234375,1862400,304.0166320800781
2023-04-13,330.0799865722656,332.94000244140625,327.0,332.1300048828125,1765500,305.75653076171875
2023-04-14,336.5299987792969,339.6300048828125,334.32000732421875,336.9200134277344,2275700,310.1662292480469
2023-04-17,336.0,340.45001220703125,333.67999267578125,339.67999267578125,3012100,312.7070007324219
2023-04-18,328.0,336.54998779296875,326.1300048828125,333.9100036621094,7549500,307.3951721191406
2023-04-19,332.9800109863281,336.989990234375,331.6700134277344,336.8900146484375,2625400,310.1385192871094
2023-04-20,334.95001220703125,339.30999755859375,334.32000732421875,338.7099914550781,2217900,311.81402587890625
2023-04-21,339.0,342.3599853515625,336.0,341.6600036621094,2278900,314.5298156738281
2023-04-24,341.989990234375,345.05999755859375,341.5299987792969,343.9599914550781,1966300,316.6470947265625
2023-04-25,341.0,343.4700012207031,338.3299865722656,339.4800109863281,2138200,312.52288818359375
2023-04-26,337.5799865722656,340.6000061035156,334.6400146484375,336.55999755859375,2041900,309.8347473144531
2023-04-27,340.1400146484375,343.3599853515625,338.760009765625,341.6000061035156,1768200,314.4745788574219
2023-04-28,340.04998779296875,344.1000061035156,339.70001220703125,343.44000244140625,1714100,316.16845703125
2023-05-01,344.04998779296875,347.4599914550781,340.3699951171875,340.57000732421875,1375000,313.5263366699219
2023-05-02,339.010009765625,339.8900146484375,330.0,333.3699951171875,2397600,306.8980712890625
2023-05-03,332.3599853515625,334.8299865722656,328.25,328.6499938964844,1825400,302.5528564453125
2023-05-04,325.95001220703125,326.9800109863281,318.55999755859375,321.260009765625,2965100,295.74969482421875
2023-05-05,325.05999755859375,327.8699951171875,322.4200134277344,327.0199890136719,2413400,301.05224609375
2023-05-08,329.6400146484375,330.29998779296875,325.6700134277344,326.510009765625,1607300,300.58282470703125
2023-05-09,325.0400085449219,327.17999267578125,323.29998779296875,324.7699890136719,1253300,298.98095703125
2023-05-10,329.9200134277344,329.9200134277344,319.0799865722656,322.54998779296875,1752200,296.93719482421875
2023-05-11,319.6600036621094,321.94000244140625,318.17999267578125,320.7200012207031,1515200,295.2525939941406
2023-05-12,322.0400085449219,323.2200012207031,317.32000732421875,319.5,1099100,294.1294250488281
2023-05-15,320.4200134277344,323.25,318.05999755859375,322.07000732421875,1178200,296.49542236328125
2023-05-16,322.5,323.07000732421875,320.5,320.80999755859375,1618900,295.33538818359375
2023-05-17,322.6600036621094,330.3900146484375,322.6600036621094,330.17999267578125,2098100,303.9613952636719
2023-05-18,330.0,330.6000061035156,325.6600036621094,329.5799865722656,1645400,303.4090270996094
2023-05-19,330.0,331.95001220703125,324.7900085449219,326.1499938964844,1546100,300.2513732910156
2023-05-22,326.1499938964844,327.3399963378906,322.42999267578125,324.9200134277344,1498900,299.11907958984375
2023-05-23,323.6000061035156,327.1400146484375,322.80999755859375,323.57000732421875,1550900,297.876220703125
2023-05-24,320.3900146484375,321.8999938964844,318.79998779296875,319.80999755859375,1439100,294.41485595703125
2023-05-25,318.9200134277344,325.17999267578125,318.79998779296875,323.8800048828125,1618500,298.16162109375
2023-05-26,324.7200012207031,332.8699951171875,324.0,332.010009765625,2718700,305.6461181640625
2023-05-30,332.0799865722656,332.5299987792969,327.7300109863281,330.8299865722656,1998600,304.55975341796875
2023-05-31,326.07000732421875,327.25,321.82000732421875,323.8999938964844,2938000,300.4504699707031
2023-06-01,324.510009765625,324.67999267578125,314.0199890136719,316.3999938964844,3339700,293.493408203125
2023-06-02,318.239990234375,325.2699890136719,317.04998779296875,323.6499938964844,3987700,300.2185363769531
2023-06-05,322.92999267578125,323.489990234375,320.32000732421875,321.80999755859375,1462900,298.5118103027344
2023-06-06,322.42999267578125,328.07000732421875,321.3999938964844,326.79998779296875,1495600,303.14056396484375
2023-06-07,327.6400146484375,337.8399963378906,326.32000732421875,335.75,3382700,311.4425354003906
2023-06-08,335.3599853515625,336.3299865722656,331.3399963378906,335.4700012207031,2009500,311.1828308105469
2023-06-09,335.2099914550781,336.20001220703125,332.5400085449219,336.0199890136719,1702100,311.6930236816406
2023-06-12,338.44000244140625,340.0899963378906,336.3500061035156,339.489990234375,2290800,314.91180419921875
2023-06-13,340.20001220703125,345.2799987792969,339.45001220703125,342.5,1772400,317.7038879394531
2023-06-14,344.7799987792969,347.7300109863281,337.2300109863281,338.4200134277344,1819400,313.9192810058594
2023-06-15,337.32000732421875,344.0,335.70001220703125,339.739990234375,3322700,315.1436462402344
2023-06-16,341.3800048828125,341.3999938964844,337.1099853515625,338.30999755859375,4544900,313.8172302246094
2023-06-20,335.32000732421875,335.3800048828125,329.2300109863281,330.7200012207031,3208100,306.7767639160156
2023-06-21,328.45001220703125,330.0,324.9200134277344,325.07000732421875,2158700,301.5358581542969
2023-06-22,323.69000244140625,324.260009765625,319.010009765625,319.5799865722656,2409100,296.4432373046875
2023-06-23,316.55999755859375,317.7099914550781,314.07000732421875,314.7099914550781,2612000,291.92584228515625
2023-06-26,315.1300048828125,316.6400146484375,312.1700134277344,312.3599853515625,2481000,289.7459411621094
2023-06-27,312.4100036621094,315.67999267578125,310.55999755859375,313.45001220703125,2156800,290.7570495605469
2023-06-28,311.7200012207031,314.8999938964844,310.69000244140625,313.6600036621094,2423500,290.95184326171875
2023-06-29,317.8500061035156,325.5,316.25,323.0899963378906,3553600,299.6991271972656
2023-06-30,325.82000732421875,326.0299987792969,322.45001220703125,322.5400085449219,2361800,299.1889953613281
2023-07-03,322.4100036621094,329.3999938964844,322.4100036621094,326.6099853515625,1106800,302.9642639160156
2023-07-05,323.95001220703125,324.6099853515625,319.6300048828125,320.04998779296875,2561000,296.87921142578125
2023-07-06,318.0,318.6400146484375,312.8399963378906,313.0,2896900,290.3396301269531
2023-07-07,313.20001220703125,317.3699951171875,312.70001220703125,315.1700134277344,2903100,292.3525085449219
2023-07-10,316.6700134277344,320.0799865722656,316.0,316.4700012207031,1775800,293.55841064453125
2023-07-11,318.8299865722656,321.0400085449219,314.5799865722656,320.8800048828125,2041700,297.6491394042969
2023-07-12,324.5799865722656,333.3500061035156,324.25,326.3999938964844,2741300,302.76947021484375
2023-07-13,327.3500061035156,329.2799987792969,325.69000244140625,328.67999267578125,2787800,304.8843994140625
2023-07-14,331.989990234375,332.4800109863281,325.0199890136719,326.19000244140625,1815200,302.57470703125
2023-07-17,325.8900146484375,327.489990234375,324.3599853515625,327.20001220703125,1777400,303.51153564453125
2023-07-18,327.29998779296875,338.25,327.29998779296875,337.2699890136719,3887400,312.85247802734375
2023-07-19,338.0,345.8800048828125,331.29998779296875,340.54998779296875,6037400,315.89508056640625
2023-07-20,339.1600036621094,351.67999267578125,339.1600036621094,350.8599853515625,3915000,325.4585876464844
2023-07-21,351.7799987792969,355.0799865722656,346.7799987792969,351.9599914550781,3217400,326.4790344238281
2023-07-24,352.8299865722656,361.6199951171875,352.0,358.92999267578125,3517500,332.9443664550781
2023-07-25,357.4200134277344,360.82000732421875,353.9800109863281,354.70001220703125,2893000,329.0206604003906
2023-07-26,354.489990234375,360.260009765625,354.2799987792969,357.55999755859375,2281600,331.6736145019531
2023-07-27,358.1300048828125,360.5400085449219,354.1700134277344,354.510009765625,2010800,328.8444519042969
2023-07-28,356.1099853515625,356.5,351.6099853515625,353.2300109863281,1827400,327.65704345703125
2023-07-31,354.8800048828125,357.20001220703125,354.0199890136719,355.8699951171875,1385500,330.1059265136719
2023-08-01,354.0,357.8699951171875,353.3900146484375,357.7200012207031,2024300,331.8220520019531
2023-08-02,354.989990234375,354.989990234375,348.8699951171875,351.1000061035156,2106600,325.6812744140625
2023-08-03,349.989990234375,355.2099914550781,348.6199951171875,353.1600036621094,1840400,327.5921325683594
2023-08-04,353.3399963378906,358.7300109863281,352.510009765625,353.2200012207031,1725300,327.6478271484375
2023-08-07,355.3999938964844,357.6700134277344,353.9200134277344,355.55999755859375,1260300,329.8183288574219
2023-08-08,351.70001220703125,352.0,342.0299987792969,348.260009765625,1917300,323.04693603515625
2023-08-09,346.82000732421875,348.4599914550781,342.489990234375,342.69000244140625,1326000,317.8800964355469
2023-08-10,344.07000732421875,347.260009765625,339.79998779296875,340.3999938964844,1345900,315.75592041015625
2023-08-11,339.92999267578125,341.7900085449219,337.54998779296875,340.7300109863281,1256800,316.0620422363281
2023-08-14,337.4100036621094,338.45001220703125,334.8599853515625,337.739990234375,1347000,313.28851318359375
2023-08-15,333.29998779296875,334.0299987792969,330.4800109863281,332.2099914550781,1657800,308.1588134765625
2023-08-16,330.5400085449219,332.9200134277344,328.9700012207031,329.1099853515625,3340300,305.2832946777344
2023-08-17,330.0,333.989990234375,324.0,327.5199890136719,3135200,303.8083190917969
2023-08-18,324.32000732421875,327.6199951171875,323.20001220703125,324.92999267578125,1730500,301.4059143066406
2023-08-21,325.3900146484375,326.3900146484375,319.3900146484375,322.05999755859375,1983500,298.74365234375
2023-08-22,322.4800109863281,322.6400146484375,318.30999755859375,318.7900085449219,1810300,295.7104187011719
2023-08-23,320.6199951171875,322.45001220703125,318.0,322.3299865722656,1429000,298.994140625
2023-08-24,322.1499938964844,327.489990234375,319.510009765625,319.9599914550781,1185600,296.7957763671875
2023-08-25,320.79998779296875,322.7200012207031,318.19000244140625,320.1499938964844,1159600,296.97198486328125
2023-08-28,321.3399963378906,326.6000061035156,321.3399963378906,325.9700012207031,1440100,302.3706359863281
2023-08-29,325.55999755859375,332.70001220703125,324.67999267578125,332.54998779296875,1831700,308.4742431640625
2023-08-30,330.0,331.9100036621094,327.6499938964844,328.5799865722656,1131500,307.3331604003906
2023-08-31,329.4100036621094,330.489990234375,325.9599914550781,327.7099914550781,1271100,306.5194091796875
2023-09-01,329.6700134277344,331.6199951171875,326.2099914550781,327.3999938964844,1201400,306.2294006347656
2023-09-05,327.3399963378906,328.4800109863281,322.6300048828125,323.75,1846000,302.8154296875
2023-09-06,322.30999755859375,324.1400146484375,319.30999755859375,321.1300048828125,2120800,300.3648376464844
2023-09-07,320.6199951171875,324.2200012207031,320.1300048828125,321.9599914550781,1471100,301.1412048339844
2023-09-08,321.9200134277344,325.9700012207031,321.6600036621094,325.5199890136719,2026400,304.470947265625
2023-09-11,328.260009765625,330.1499938964844,324.2900085449219,324.6499938964844,1283100,303.6572265625
2023-09-12,324.010009765625,335.2799987792969,324.0,330.8999938964844,2054700,309.5030822753906
2023-09-13,333.5,337.010009765625,330.82000732421875,334.9800109863281,2165000,313.3193359375
2023-09-14,339.0,345.1199951171875,336.8500061035156,344.57000732421875,2822700,322.2891845703125
2023-09-15,345.1499938964844,346.19000244140625,341.8599853515625,342.5400085449219,3063900,320.3905029296875
2023-09-18,342.5400085449219,344.260009765625,339.2699890136719,343.32000732421875,1356600,321.1199645996094
2023-09-19,343.4599914550781,344.9700012207031,337.9700012207031,341.8900146484375,1660200,319.7825012207031
2023-09-20,342.6099853515625,343.79998779296875,336.2900085449219,336.70001220703125,1224400,314.9280700683594
2023-09-21,334.5,334.69000244140625,330.0799865722656,330.239990234375,1685100,308.88580322265625
2023-09-22,330.1000061035156,331.5400085449219,326.8299865722656,327.8900146484375,1669100,306.6877746582031
2023-09-25,327.07000732421875,329.2900085449219,325.2799987792969,328.8399963378906,833300,307.5762634277344
2023-09-26,325.6099853515625,327.42999267578125,322.4200134277344,323.82000732421875,1481800,302.8809509277344
2023-09-27,324.9800109863281,325.0,318.9800109863281,321.95001220703125,1493000,301.1318664550781
2023-09-28,320.2099914550781,326.8399963378906,320.2099914550781,325.20001220703125,1389600,304.1716613769531
2023-09-29,327.20001220703125,327.9599914550781,322.2699890136719,323.57000732421875,1403900,302.6470947265625
2023-10-02,322.0299987792969,323.5799865722656,317.1000061035156,318.5,1303800,297.90496826171875
2023-10-03,315.2699890136719,315.67999267578125,304.3900146484375,306.1199951171875,3118600,286.3254089355469
2023-10-04,304.8500061035156,309.05999755859375,303.4800109863281,308.6000061035156,1872000,288.6451110839844
2023-10-05,307.3599853515625,310.54998779296875,304.2099914550781,310.5,1584600,290.4222106933594
2023-10-06,308.1099853515625,315.32000732421875,307.1700134277344,312.4800109863281,1595100,292.2742004394531
2023-10-09,308.8999938964844,313.4800109863281,308.3699951171875,312.6099853515625,1094400,292.3958435058594
2023-10-10,314.4700012207031,316.8500061035156,312.2900085449219,314.7699890136719,1193800,294.4161376953125
2023-10-11,315.42999267578125,316.6300048828125,311.6000061035156,313.0199890136719,1672500,292.77923583984375
2023-10-12,314.1499938964844,314.25,308.0199890136719,309.8500061035156,1727700,289.81427001953125
2023-10-13,312.0,316.17999267578125,308.1700134277344,309.29998779296875,1785200,289.2998046875
2023-10-16,313.17999267578125,315.8999938964844,310.25,314.3900146484375,2273900,294.0606994628906
2023-10-17,313.3800048828125,316.17999267578125,305.9100036621094,309.3599853515625,4123000,289.3559265136719
2023-10-18,307.0,307.2200012207031,301.4800109863281,301.9599914550781,3460300,282.4344177246094
2023-10-19,301.9599914550781,305.3399963378906,298.6300048828125,299.19000244140625,3211800,279.84356689453125
2023-10-20,298.5,303.25,298.1000061035156,300.04998779296875,2329000,280.64794921875
2023-10-23,298.2900085449219,303.54998779296875,298.19000244140625,299.2200012207031,2959800,279.87164306640625
2023-10-24,300.0,303.1000061035156,299.0799865722656,299.17999267578125,1697100,279.834228515625
2023-10-25,298.6000061035156,300.0,295.0299987792969,296.760009765625,1809300,277.5707702636719
2023-10-26,296.9599914550781,300.1400146484375,294.7799987792969,296.989990234375,2011200,277.78582763671875
2023-10-27,297.54998779296875,298.2699890136719,289.3599853515625,289.9100036621094,2601700,271.16363525390625
2023-10-30,293.45001220703125,301.80999755859375,293.2900085449219,300.8299865722656,3065200,281.3775329589844
2023-10-31,301.67999267578125,304.2900085449219,300.70001220703125,303.6099853515625,2611000,283.97772216796875
2023-11-01,303.3299865722656,308.25,302.8399963378906,307.1600036621094,2345400,287.2981872558594
2023-11-02,309.69000244140625,314.5400085449219,308.0,313.760009765625,2597000,293.47149658203125
2023-11-03,318.4599914550781,329.3299865722656,317.92999267578125,327.6199951171875,3742000,306.4352111816406
2023-11-06,326.6600036621094,328.8999938964844,322.1000061035156,323.9100036621094,2087600,302.9651184082031
2023-11-07,322.1300048828125,326.3900146484375,321.2900085449219,323.95001220703125,1505000,303.0025329589844
2023-11-08,323.95001220703125,326.6600036621094,323.6700134277344,324.55999755859375,1484400,303.5730895996094
2023-11-09,326.0,326.6499938964844,319.6600036621094,320.7799987792969,1787900,300.0375061035156
2023-11-10,323.32000732421875,326.05999755859375,321.6499938964844,325.510009765625,1781400,304.4617004394531
2023-11-13,324.1600036621094,328.7200012207031,323.5299987792969,326.9100036621094,1403300,305.7711181640625
2023-11-14,333.5299987792969,341.7799987792969,332.4700012207031,338.7200012207031,3592700,316.81744384765625
2023-11-15,339.8999938964844,341.0799865722656,335.3399963378906,337.6000061035156,2534500,315.76983642578125
2023-11-16,337.760009765625,339.75,335.010009765625,336.6700134277344,1620400,314.89996337890625
2023-11-17,339.5,340.45001220703125,338.1199951171875,339.19000244140625,1465200,317.2570495605469
2023-11-20,340.0,341.32000732421875,337.5,339.45001220703125,3146000,317.500244140625
2023-11-21,338.3599853515625,339.0899963378906,334.54998779296875,334.9700012207031,1900900,313.3099365234375
2023-11-22,336.94000244140625,338.9100036621094,335.3699951171875,338.6400146484375,1235200,316.74267578125
2023-11-24,338.79998779296875,340.2699890136719,337.6400146484375,339.1499938964844,460100,317.21966552734375
2023-11-27,339.19000244140625,340.0199890136719,335.739990234375,337.7099914550781,1250500,315.8727722167969
2023-11-28,337.3800048828125,338.3999938964844,334.8699951171875,337.6499938964844,1419000,315.816650390625
2023-11-29,337.0,343.5299987792969,336.510009765625,340.260009765625,2038100,320.8712463378906
2023-11-30,341.67999267578125,344.760009765625,340.0899963378906,341.5400085449219,1903600,322.0782775878906
2023-12-01,341.4599914550781,348.8900146484375,340.4200134277344,348.42999267578125,3623300,328.5757141113281
2023-12-04,346.29998779296875,350.489990234375,345.2900085449219,349.3900146484375,2178100,329.4809265136719
2023-12-05,346.6000061035156,346.8299865722656,340.5400085449219,341.75,2429700,322.27630615234375
2023-12-06,343.510009765625,347.0,341.6000061035156,341.9700012207031,1869300,322.4837951660156
2023-12-07,343.7099914550781,344.69000244140625,342.0,344.6199951171875,2162400,324.9827575683594
2023-12-08,344.30999755859375,352.2900085449219,343.7799987792969,350.8299865722656,2238800,330.8389587402344
2023-12-11,351.44000244140625,353.0299987792969,349.04998779296875,351.760009765625,1636000,331.7159423828125
2023-12-12,351.4100036621094,354.0,349.5799865722656,352.6099853515625,1597600,332.51751708984375
2023-12-13,352.94000244140625,362.8500061035156,351.6000061035156,362.7300109863281,2876500,342.0608825683594
2023-12-14,366.5,386.20001220703125,365.0,383.4700012207031,5376300,361.6190185546875
2023-12-15,380.19000244140625,385.8999938964844,379.32000732421875,380.510009765625,4522300,358.82769775390625
2023-12-18,381.260009765625,382.760009765625,375.9100036621094,376.3999938964844,2740900,354.951904296875
2023-12-19,376.010009765625,383.7699890136719,374.54998779296875,382.45001220703125,2091800,360.6571044921875
2023-12-20,380.7300109863281,385.1300048828125,377.25,377.5199890136719,1836500,356.008056640625
2023-12-21,380.04998779296875,381.489990234375,377.010009765625,380.57000732421875,1301600,358.88427734375
2023-12-22,382.0,383.489990234375,379.4100036621094,380.6499938964844,1538200,358.9596862792969
2023-12-26,380.6499938964844,382.6099853515625,380.04998779296875,381.6099853515625,837300,359.864990234375
2023-12-27,381.20001220703125,385.75,380.30999755859375,384.4800109863281,1367200,362.57147216796875
2023-12-28,384.5199890136719,387.760009765625,383.6300048828125,386.4100036621094,1024700,364.3914794921875
2023-12-29,385.57000732421875,386.6400146484375,383.57000732421875,385.7699890136719,881300,363.7879943847656
2024-01-02,383.0,389.1400146484375,382.19000244140625,388.29998779296875,2263100,366.1737976074219
2024-01-03,383.8800048828125,385.3999938964844,376.760009765625,381.7900085449219,2265300,360.0347595214844
2024-01-04,383.54998779296875,387.0899963378906,381.95001220703125,382.95001220703125,1618300,361.12860107421875
2024-01-05,381.9200134277344,389.4700012207031,381.0799865722656,386.44000244140625,2913900,364.4197692871094
2024-01-08,385.9700012207031,389.0799865722656,382.0299987792969,388.8599853515625,1902600,366.7018737792969
2024-01-09,384.6000061035156,385.95001220703125,381.7699890136719,383.739990234375,1708800,361.8736267089844
2024-01-10,381.3500061035156,383.04998779296875,378.5299987792969,381.9599914550781,1547300,360.1950378417969
2024-01-11,380.8900146484375,380.9800109863281,374.67999267578125,379.75,2209900,358.11102294921875
2024-01-12,383.3399963378906,385.8500061035156,376.5799865722656,377.75,2223800,356.2249755859375
2024-01-16,378.3599853515625,385.010009765625,374.32000732421875,380.45001220703125,3926600,358.7711181640625
2024-01-17,375.20001220703125,380.20001220703125,374.1300048828125,377.17999267578125,2415100,355.68743896484375
2024-01-18,380.3299865722656,381.6400146484375,374.55999755859375,376.9100036621094,1771200,355.432861328125
2024-01-19,376.7300109863281,383.29998779296875,372.07000732421875,382.20001220703125,2603300,360.42144775390625
2024-01-22,386.3599853515625,392.7300109863281,384.55999755859375,385.9599914550781,2922700,363.9671630859375
2024-01-23,379.9800109863281,383.3599853515625,378.6300048828125,380.7699890136719,3313300,359.0728454589844
2024-01-24,381.80999755859375,384.6099853515625,379.17999267578125,379.3999938964844,2235800,357.7809143066406
2024-01-25,382.69000244140625,386.7099914550781,382.010009765625,382.70001220703125,2376300,360.8929138183594
2024-01-26,378.6499938964844,380.8999938964844,376.75,377.7900085449219,3464700,356.2626953125
2024-01-29,375.8900146484375,380.8399963378906,374.239990234375,380.55999755859375,1632300,358.8748474121094
2024-01-30,384.0,387.9200134277344,381.5899963378906,386.8699951171875,3897900,364.8252868652344
2024-01-31,386.0,393.9100036621094,383.70001220703125,384.010009765625,3421100,362.1282653808594
2024-02-01,384.42999267578125,389.5400085449219,378.79998779296875,383.8500061035156,2138500,361.9773864746094
2024-02-02,381.79998779296875,388.739990234375,380.6000061035156,387.8599853515625,2180900,365.75885009765625
2024-02-05,384.6000061035156,385.3299865722656,381.0,383.0199890136719,2231100,361.19464111328125
2024-02-06,383.0199890136719,386.82000732421875,383.0,384.989990234375,1487800,363.0523986816406
2024-02-07,385.30999755859375,387.07000732421875,382.5,386.6600036621094,1963200,364.627197265625
2024-02-08,386.0,388.1099853515625,381.3399963378906,385.0400085449219,1913700,363.0995788574219
2024-02-09,384.7699890136719,386.1300048828125,382.5899963378906,384.260009765625,2028200,362.3639831542969
2024-02-12,385.0,396.3500061035156,384.32000732421875,392.6400146484375,2797200,370.26654052734375
2024-02-13,387.5899963378906,389.1600036621094,375.20001220703125,378.75,3030800,357.1679382324219
2024-02-14,380.8800048828125,381.4800109863281,375.7799987792969,378.0400085449219,2041300,356.4984436035156
2024-02-15,379.4200134277344,387.2099914550781,379.1400146484375,385.4200134277344,2218900,363.4579162597656
2024-02-16,383.239990234375,387.5799865722656,380.95001220703125,384.44000244140625,2376800,362.53375244140625
2024-02-20,380.95001220703125,385.5799865722656,380.8500061035156,384.5199890136719,2358900,362.6091613769531
2024-02-21,381.8399963378906,388.6600036621094,381.260009765625,388.2699890136719,1772500,366.1455383300781
2024-02-22,389.2300109863281,395.6000061035156,389.0,390.4700012207031,2326800,368.2201843261719
2024-02-23,390.0,396.7900085449219,389.2099914550781,391.04998779296875,2247400,368.7671203613281
2024-02-26,391.04998779296875,396.05999755859375,388.82000732421875,390.2200012207031,1797800,367.984375
2024-02-27,392.260009765625,395.8999938964844,389.3299865722656,390.80999755859375,1724900,368.540771484375
2024-02-28,387.19000244140625,393.260009765625,387.0,393.17999267578125,2572900,373.4032287597656
2024-02-29,395.2200012207031,395.9800109863281,385.6700134277344,389.04998779296875,3139100,369.48095703125
2024-03-01,389.6300048828125,391.0400085449219,385.25,388.1000061035156,1697700,368.5788269042969
2024-03-04,388.80999755859375,396.57000732421875,386.20001220703125,392.25,1955100,372.52001953125
2024-03-05,390.7200012207031,397.489990234375,390.30999755859375,390.9100036621094,2697800,371.2474670410156
2024-03-06,395.0,395.2900085449219,384.5199890136719,389.57000732421875,2692400,369.9748840332031
2024-03-07,391.8999938964844,394.510009765625,387.05999755859375,388.42999267578125,2033100,368.8921203613281
2024-03-08,388.7300109863281,395.6199951171875,386.7099914550781,386.989990234375,1657200,367.5246276855469
2024-03-11,385.6700134277344,386.4100036621094,381.4200134277344,386.1600036621094,1654200,366.7363586425781
2024-03-12,387.6199951171875,389.1300048828125,383.7799987792969,388.17999267578125,1703900,368.6546936035156
2024-03-13,388.9100036621094,395.25,388.17999267578125,392.30999755859375,2370600,372.5769958496094
2024-03-14,394.42999267578125,396.3800048828125,385.45001220703125,388.6099853515625,3029500,369.0631103515625
2024-03-15,388.8699951171875,391.1300048828125,386.3999938964844,387.2099914550781,3763900,367.7335205078125
2024-03-18,388.6499938964844,389.0299987792969,383.4100036621094,384.3699951171875,2069000,365.036376953125
2024-03-19,384.07000732421875,390.7799987792969,383.7099914550781,388.6600036621094,1858200,369.1105651855469
2024-03-20,386.3599853515625,396.5,386.0,396.4700012207031,2157400,376.5277404785156
2024-03-21,399.7699890136719,414.0199890136719,399.0899963378906,413.7099914550781,4613800,392.9006042480469
2024-03-22,414.3999938964844,416.760009765625,405.7799987792969,406.82000732421875,2190300,386.357177734375
2024-03-25,406.8699951171875,410.4599914550781,403.8599853515625,404.94000244140625,1683900,384.57171630859375
2024-03-26,406.0899963378906,409.3299865722656,404.5199890136719,406.17999267578125,1407000,385.7493591308594
2024-03-27,409.6199951171875,415.489990234375,408.3699951171875,415.25,2353600,394.3631591796875
2024-03-28,416.2099914550781,419.20001220703125,414.9800109863281,417.69000244140625,2409700,396.6804504394531
2024-04-01,416.67999267578125,417.95001220703125,412.0,413.510009765625,1863900,392.710693359375
2024-04-02,410.739990234375,413.1700134277344,407.6199951171875,410.1499938964844,1976000,389.5196533203125
2024-04-03,411.0,416.6300048828125,411.0,414.0,1549200,393.176025390625
2024-04-04,418.0,419.0,405.70001220703125,406.25,1704700,385.8158264160156
2024-04-05,406.55999755859375,409.1400146484375,401.4700012207031,408.07000732421875,1694900,387.5443420410156
2024-04-08,409.1000061035156,412.5299987792969,407.54998779296875,410.5400085449219,1181900,389.89007568359375
2024-04-09,411.510009765625,413.2200012207031,407.04998779296875,410.7099914550781,1247200,390.0514831542969
2024-04-10,404.010009765625,405.45001220703125,397.2900085449219,400.760009765625,1903300,380.60198974609375
2024-04-11,400.4800109863281,401.4700012207031,394.8399963378906,397.4800109863281,2176200,377.4869689941406
2024-04-12,392.8399963378906,394.0899963378906,387.1199951171875,389.489990234375,2815800,369.8988037109375
2024-04-15,407.0,412.8699951171875,398.69000244140625,400.8800048828125,6177000,380.7159118652344
2024-04-16,404.45001220703125,404.9700012207031,395.17999267578125,396.8599853515625,3459700,376.89813232421875
2024-04-17,402.3999938964844,407.1199951171875,401.17999267578125,403.9100036621094,4373800,383.5935363769531
2024-04-18,405.489990234375,407.8599853515625,402.4100036621094,403.1099853515625,2776300,382.8337707519531
2024-04-19,404.05999755859375,408.0,403.010009765625,404.0,2805500,383.67901611328125
2024-04-22,406.94000244140625,417.9800109863281,404.57000732421875,417.3500061035156,4165600,396.3575439453125
2024-04-23,417.7099914550781,425.3500061035156,416.20001220703125,424.0,2662300,402.6730041503906
2024-04-24,421.5,424.5799865722656,419.6099853515625,423.0400085449219,1575900,401.7613525390625
2024-04-25,420.989990234375,423.6099853515625,414.8500061035156,420.04998779296875,1970100,398.9216613769531
2024-04-26,420.2300109863281,428.5299987792969,419.6400146484375,427.57000732421875,2322700,406.0634765625
2024-04-29,427.57000732421875,433.3299865722656,427.20001220703125,430.80999755859375,2453000,409.1404724121094
2024-04-30,428.5,431.3900146484375,426.0,426.7099914550781,1829900,405.2467041015625
2024-05-01,426.69000244140625,433.42999267578125,425.19000244140625,426.95001220703125,2310100,405.4746398925781
2024-05-02,431.20001220703125,433.6499938964844,428.1700134277344,432.57000732421875,2087500,410.8119812011719
2024-05-03,435.0,442.29998779296875,434.9200134277344,438.17999267578125,2406300,416.1397705078125
2024-05-06,441.75,444.3800048828125,439.67999267578125,443.6700134277344,1914300,421.3536682128906
2024-05-07,445.1700134277344,447.4200134277344,442.8699951171875,443.79998779296875,2058200,421.47705078125
2024-05-08,442.79998779296875,448.0199890136719,442.04998779296875,446.95001220703125,2006700,424.4686279296875
2024-05-09,446.3399963378906,456.42999267578125,446.3399963378906,455.55999755859375,2710200,432.6455993652344
2024-05-10,456.5199890136719,458.75,454.32000732421875,454.7300109863281,1823900,431.8572998046875
2024-05-13,456.2699890136719,457.20001220703125,453.32000732421875,453.55999755859375,1579600,430.7462158203125
2024-05-14,454.8399963378906,461.7699890136719,454.010009765625,458.4700012207031,2412900,435.40924072265625
2024-05-15,461.5899963378906,466.19000244140625,460.95001220703125,466.0899963378906,2217700,442.6459045410156
2024-05-16,464.3699951171875,468.25,462.2799987792969,464.5199890136719,2070300,441.15484619140625
2024-05-17,466.3800048828125,468.6600036621094,464.25,467.7200012207031,1655900,444.1939392089844
2024-05-20,468.20001220703125,471.4800109863281,462.6000061035156,462.94000244140625,2591500,439.6543884277344
2024-05-21,462.2300109863281,471.30999755859375,462.20001220703125,470.4100036621094,2762600,446.7486267089844
2024-05-22,467.3599853515625,470.3299865722656,459.75,462.3800048828125,2729500,439.12249755859375
2024-05-23,464.2300109863281,464.30999755859375,457.4100036621094,458.1499938964844,2254500,435.1053161621094
2024-05-24,459.8399963378906,465.25,459.1000061035156,461.17999267578125,1932200,437.9828796386719
2024-05-28,459.94000244140625,463.69000244140625,458.9100036621094,459.80999755859375,1930800,436.68182373046875
2024-05-29,454.8399963378906,458.739990234375,451.6499938964844,457.1700134277344,2315700,434.17462158203125
2024-05-30,453.0,455.8599853515625,447.6000061035156,450.2300109863281,2135000,430.1712646484375
2024-05-31,449.760009765625,456.7699890136719,448.1199951171875,456.5199890136719,2638300,436.1810302734375
2024-06-03,458.8699951171875,458.8699951171875,450.20001220703125,454.9800109863281,1930700,434.7096252441406
2024-06-04,450.5,457.7099914550781,449.2099914550781,455.29998779296875,1835000,435.01531982421875
2024-06-05,457.54998779296875,463.0199890136719,457.5,461.67999267578125,1678900,441.1111145019531
2024-06-06,461.82000732421875,464.5199890136719,457.010009765625,458.1000061035156,1598000,437.6906433105469
2024-06-07,455.44000244140625,461.1600036621094,454.5,454.9100036621094,1736100,434.6427307128906
2024-06-10,452.3299865722656,455.3599853515625,450.29998779296875,453.54998779296875,1698600,433.3432922363281
2024-06-11,451.0400085449219,451.8599853515625,443.3800048828125,444.2699890136719,1938200,424.47674560546875
2024-06-12,455.6000061035156,457.6400146484375,446.19000244140625,448.70001220703125,1733000,428.7094421386719
2024-06-13,446.7300109863281,448.32000732421875,442.1499938964844,446.3500061035156,1849100,426.4640808105469
2024-06-14,441.989990234375,448.2300109863281,439.1499938964844,446.4599914550781,1559100,426.5692138671875
2024-06-17,445.1000061035156,450.7799987792969,443.3900146484375,450.17999267578125,1531600,430.12347412109375
2024-06-18,449.57000732421875,457.69000244140625,448.510009765625,457.42999267578125,1798400,437.0504455566406
2024-06-20,458.0,460.4100036621094,455.239990234375,458.04998779296875,2080600,437.642822265625
2024-06-21,458.67999267578125,458.79998779296875,449.8999938964844,450.17999267578125,3780800,430.12347412109375
2024-06-24,451.25,463.5199890136719,450.0,462.0899963378906,1882200,441.5028381347656
2024-06-25,459.4599914550781,464.0799865722656,456.75,457.3800048828125,1555900,437.002685546875
2024-06-26,455.4100036621094,457.92999267578125,452.45001220703125,455.8599853515625,2131700,435.55035400390625
2024-06-27,449.7799987792969,449.7799987792969,442.79998779296875,445.9599914550781,2835200,426.0914611816406
2024-06-28,450.1000061035156,457.3399963378906,449.5299987792969,452.32000732421875,3839700,432.16815185546875
2024-07-01,454.510009765625,464.0199890136719,454.010009765625,463.6600036621094,1850500,443.0028991699219
2024-07-02,461.510009765625,466.2699890136719,459.6000061035156,465.6099853515625,1491800,444.86602783203125
2024-07-03,469.0400085449219,469.8900146484375,465.82000732421875,467.9200134277344,993900,447.0731201171875
2024-07-05,467.4700012207031,467.5799865722656,460.1300048828125,464.75,1593800,444.04437255859375
2024-07-08,467.6499938964844,474.8599853515625,464.0400085449219,464.82000732421875,2214300,444.1112060546875
2024-07-09,465.6000061035156,479.29998779296875,461.5799865722656,472.8299865722656,4525100,451.76434326171875
2024-07-10,472.510009765625,479.8599853515625,469.8500061035156,478.8900146484375,1946000,457.554443359375
2024-07-11,480.0,483.1600036621094,476.2699890136719,479.2300109863281,2251400,457.8792419433594
2024-07-12,480.92999267578125,483.44000244140625,478.1000061035156,479.8800048828125,2727800,458.5002746582031
2024-07-15,480.25,493.0,476.30999755859375,492.2300109863281,3568200,470.3000793457031
2024-07-16,494.0,506.5899963378906,491.989990234375,503.0199890136719,3981700,480.60931396484375
2024-07-17,503.0,509.4800109863281,499.42999267578125,502.17999267578125,3908900,479.8067321777344
2024-07-18,499.5199890136719,503.69000244140625,484.2200012207031,486.2099914550781,3320200,464.5482482910156
2024-07-19,489.1199951171875,492.6000061035156,483.19000244140625,484.92999267578125,2032700,463.32525634765625
2024-07-22,484.55999755859375,489.4700012207031,482.3800048828125,487.0400085449219,1792500,465.34124755859375
2024-07-23,487.0799865722656,495.80999755859375,486.2799987792969,492.1499938964844,2020500,470.2236022949219
2024-07-24,489.260009765625,495.989990234375,485.82000732421875,486.70001220703125,1598600,465.0164794921875
2024-07-25,486.04998779296875,496.1099853515625,483.2300109863281,491.7099914550781,1489700,469.8031921386719
2024-07-26,495.7200012207031,504.0,495.6499938964844,499.0299987792969,2249700,476.7970886230469
2024-07-29,500.4200134277344,502.0,491.05999755859375,492.7200012207031,1599500,470.76824951171875
2024-07-30,498.30999755859375,509.4700012207031,498.29998779296875,505.6700134277344,2642500,483.14129638671875
2024-07-31,504.8599853515625,517.260009765625,504.8599853515625,509.0299987792969,2658900,486.3515625
2024-08-01,510.0,514.02001953125,494.67999267578125,500.1199951171875,4006800,477.83856201171875
2024-08-02,491.1000061035156,494.4599914550781,467.2099914550781,470.6400146484375,6115500,449.6719665527344
2024-08-05,447.5899963378906,463.17999267578125,437.3699951171875,459.0199890136719,4177200,438.5696105957031
2024-08-06,461.010009765625,475.25,457.42999267578125,470.2200012207031,2209300,449.2706604003906
2024-08-07,479.3900146484375,488.54998779296875,472.57000732421875,473.010009765625,2587600,451.9364318847656
2024-08-08,477.8699951171875,487.7300109863281,477.1600036621094,485.7699890136719,1936400,464.1278991699219
2024-08-09,485.0199890136719,492.0,482.20001220703125,490.260009765625,1622700,468.4178466796875
2024-08-12,490.260009765625,492.8699951171875,483.75,485.5,1839300,463.86993408203125
2024-08-13,490.2900085449219,493.2699890136719,486.4700012207031,491.94000244140625,1243700,470.02294921875
2024-08-14,492.8999938964844,499.3500061035156,488.3999938964844,498.70001220703125,1545600,476.4818420410156
2024-08-15,505.0,506.9100036621094,498.260009765625,499.0199890136719,1732300,476.7875061035156
2024-08-16,497.04998779296875,504.9100036621094,497.0,504.260009765625,1587000,481.79412841796875
2024-08-19,505.0,507.7799987792969,501.8599853515625,504.67999267578125,1027900,482.19537353515625
2024-08-20,503.8699951171875,504.1600036621094,496.5,497.3399963378906,2122700,475.18243408203125
2024-08-21,499.5,500.7799987792969,494.0299987792969,496.4599914550781,917100,474.3415832519531
2024-08-22,497.0,499.70001220703125,494.7900085449219,497.75,943800,475.5741271972656
2024-08-23,502.75,512.4400024414062,499.8500061035156,509.4200134277344,1751800,486.72418212890625
2024-08-26,512.3400268554688,513.5,505.32000732421875,507.8699951171875,1084200,485.24322509765625
2024-08-27,507.8399963378906,511.4800109863281,506.5899963378906,507.260009765625,977900,484.6604309082031
2024-08-28,506.6000061035156,508.3699951171875,498.4700012207031,503.3299865722656,1568100,480.905517578125
2024-08-29,506.0,513.239990234375,501.1400146484375,510.1000061035156,1566300,487.3738708496094
2024-08-30,507.8299865722656,511.19000244140625,505.1700134277344,510.25,1838900,490.4013671875
2024-09-03,507.4700012207031,509.70001220703125,485.3999938964844,487.4599914550781,2373600,468.4978942871094
2024-09-04,486.70001220703125,496.20001220703125,486.70001220703125,490.6400146484375,1509400,471.5542297363281
2024-09-05,493.5799865722656,495.7699890136719,483.07000732421875,487.8800048828125,1828300,468.90155029296875
2024-09-06,486.6000061035156,495.4100036621094,477.05999755859375,479.6099853515625,1995600,460.9532470703125
2024-09-09,485.5299987792969,494.2799987792969,483.3900146484375,488.57000732421875,1714200,469.5647277832031
2024-09-10,489.1300048828125,489.20001220703125,461.57000732421875,467.1300048828125,3583100,448.958740234375
2024-09-11,463.9800109863281,471.8900146484375,457.4800109863281,471.1700134277344,2426500,452.8415832519531
2024-09-12,471.29998779296875,474.3399963378906,465.3999938964844,474.05999755859375,1480500,455.619140625
2024-09-13,475.989990234375,482.1000061035156,475.5,478.989990234375,1794500,460.357421875
2024-09-16,481.42999267578125,487.3800048828125,479.489990234375,485.1600036621094,1500300,466.287353515625
2024-09-17,488.0,489.7300109863281,481.79998779296875,485.3900146484375,1444900,466.5083923339844
2024-09-18,485.3999938964844,492.989990234375,481.7699890136719,484.5799865722656,1699500,465.7298889160156
2024-09-19,494.739990234375,506.4100036621094,493.4599914550781,503.8299865722656,3060700,484.2311096191406
2024-09-20,500.19000244140625,502.04998779296875,495.4800109863281,498.42999267578125,4452600,479.0411682128906
2024-09-23,498.2099914550781,501.3999938964844,495.2200012207031,497.4100036621094,953200,478.0608825683594
2024-09-24,497.5899963378906,499.55999755859375,494.1000061035156,498.0199890136719,1035400,478.6470642089844
2024-09-25,498.5,502.0,490.3999938964844,491.1400146484375,1763900,472.03472900390625
2024-09-26,494.0,498.3999938964844,492.4800109863281,496.9200134277344,1378100,477.5899353027344
2024-09-27,498.9700012207031,505.3999938964844,495.8599853515625,498.510009765625,1420100,479.1180419921875
2024-09-30,494.8900146484375,496.5199890136719,488.8999938964844,495.1099853515625,1602500,475.85028076171875
2024-10-01,494.5799865722656,494.5799865722656,484.6099853515625,490.1700134277344,1528600,471.1025085449219
2024-10-02,491.1700134277344,494.8599853515625,487.95001220703125,491.989990234375,1445100,472.8516540527344
2024-10-03,489.92999267578125,490.510009765625,484.20001220703125,486.1000061035156,1290600,467.1908264160156
2024-10-04,495.6400146484375,496.30999755859375,486.0,495.1600036621094,1721600,475.8983154296875
2024-10-07,494.6300048828125,499.010009765625,490.7900085449219,494.6199951171875,1173300,475.37933349609375
2024-10-08,497.0,498.3399963378906,492.7799987792969,496.57000732421875,1296700,477.2535095214844
2024-10-09,498.20001220703125,506.2699890136719,495.25,505.17999267578125,1695900,485.5285949707031
2024-10-10,506.30999755859375,506.79998779296875,499.5899963378906,503.7200012207031,1309000,484.1253662109375
2024-10-11,508.0,517.969970703125,507.79998779296875,516.2999877929688,2409700,496.2160339355469
2024-10-14,517.6500244140625,523.0700073242188,515.510009765625,522.75,2174900,502.4151306152344
2024-10-15,538.7999877929688,540.510009765625,515.510009765625,522.3800048828125,4525400,502.05950927734375
2024-10-16,530.0,536.219970703125,525.97998046875,529.8599853515625,2649000,509.2485656738281
2024-10-17,531.239990234375,535.2899780273438,528.22998046875,529.0,2123500,508.4219970703125
2024-10-18,529.3900146484375,530.77001953125,526.8699951171875,528.5,1779200,507.94146728515625
2024-10-21,528.0,529.8499755859375,517.0,517.7999877929688,1752100,497.65771484375
2024-10-22,515.6099853515625,519.6300048828125,512.9400024414062,518.2999877929688,1588000,498.1381530761719
2024-10-23,515.7999877929688,520.0,513.4000244140625,517.2000122070312,1263200,497.0810546875
2024-10-24,519.0,525.0,518.2000122070312,524.5,2058200,504.0970764160156
2024-10-25,528.0499877929688,528.7999877929688,510.739990234375,512.5999755859375,1633200,492.6598815917969
2024-10-28,515.4000244140625,524.5900268554688,514.97998046875,523.5800170898438,1687100,503.21282958984375
2024-10-29,521.1799926757812,527.239990234375,521.0,524.280029296875,1281600,503.8855895996094
2024-10-30,523.4000244140625,530.7899780273438,523.0700073242188,524.4000244140625,1441600,504.0010070800781
2024-10-31,522.4400024414062,525.0,514.530029296875,517.7899780273438,2061700,497.6480407714844
2024-11-01,520.0,526.6400146484375,517.0399780273438,519.3499755859375,1625000,499.1473693847656
2024-11-04,518.0,518.0499877929688,510.510009765625,511.4700012207031,1797800,491.57391357421875
2024-11-05,513.0,527.4600219726562,512.5999755859375,526.9600219726562,2169900,506.4613342285156
2024-11-06,567.2999877929688,598.6099853515625,566.0999755859375,595.97998046875,8042800,572.7965087890625
2024-11-07,590.0,595.0,581.52001953125,582.1699829101562,4475600,559.5236206054688
2024-11-08,586.4199829101562,595.1500244140625,581.2999877929688,589.260009765625,2714000,566.3379516601562
2024-11-11,598.9000244140625,607.1500244140625,596.1699829101562,602.3400268554688,2510800,578.9090576171875
2024-11-12,598.0499877929688,602.0900268554688,591.469970703125,592.5900268554688,2392900,569.5383911132812
2024-11-13,594.6300048828125,603.5499877929688,592.6500244140625,594.219970703125,1763100,571.1049194335938
2024-11-14,600.0,601.530029296875,586.239990234375,588.6099853515625,1670500,565.713134765625
2024-11-15,593.3599853515625,595.1400146484375,587.0900268554688,593.5399780273438,2007700,570.4514770507812
2024-11-18,594.7100219726562,595.0700073242188,584.719970703125,587.989990234375,1848900,565.1173095703125
2024-11-19,579.6599731445312,584.760009765625,575.510009765625,581.3800048828125,2217400,558.7644653320312
2024-11-20,583.8300170898438,587.7999877929688,576.6199951171875,581.9299926757812,1528600,559.2930297851562
2024-11-21,586.510009765625,600.7000122070312,584.510009765625,596.1099853515625,2281900,572.92138671875
2024-11-22,596.219970703125,603.9400024414062,594.4400024414062,602.780029296875,1733700,579.3319702148438
2024-11-25,608.7899780273438,611.2999877929688,598.8300170898438,603.030029296875,2940800,579.5721435546875
2024-11-26,600.1300048828125,607.1900024414062,593.0,605.5,2846500,581.9462280273438
2024-11-27,607.6799926757812,612.25,603.280029296875,605.4299926757812,1424500,581.8788452148438
2024-11-29,609.3099975585938,612.72998046875,607.0599975585938,608.5700073242188,1170200,584.8966674804688
2024-12-02,608.0,611.9099731445312,601.2999877929688,601.7100219726562,1804100,581.1685791015625
2024-12-03,608.9600219726562,611.4199829101562,600.7999877929688,602.0800170898438,1718100,581.52587890625
2024-12-04,603.0,604.280029296875,596.760009765625,598.7100219726562,1617300,578.2709350585938
2024-12-05,600.530029296875,606.5599975585938,596.3499755859375,596.7999877929688,1672800,576.4261474609375
2024-12-06,597.1599731445312,600.0,594.3699951171875,599.6799926757812,1405700,579.2078247070312
2024-12-09,598.989990234375,603.0,593.719970703125,594.1199951171875,1633200,573.837646484375
2024-12-10,590.0,596.27001953125,583.760009765625,585.030029296875,2600800,565.0579223632812
2024-12-11,590.1199951171875,593.7100219726562,586.9000244140625,592.5599975585938,2195300,572.3308715820312
2024-12-12,592.5900268554688,596.3200073242188,588.6099853515625,591.6099853515625,1218400,571.413330078125
2024-12-13,594.0,595.0,585.0800170898438,585.47998046875,1215000,565.4925537109375
2024-12-16,588.0,588.27001953125,578.7000122070312,586.3300170898438,1713300,566.3135986328125
2024-12-17,580.8400268554688,581.6099853515625,572.2899780273438,574.6799926757812,2314100,555.0612182617188
2024-12-18,577.489990234375,579.469970703125,544.489990234375,550.25,3271600,531.4652099609375
2024-12-19,561.4400024414062,567.0,553.5999755859375,553.989990234375,2753300,535.07763671875
2024-12-20,554.9400024414062,572.9000244140625,553.3800048828125,566.0999755859375,4515900,546.7740478515625
2024-12-23,565.0,571.6400146484375,561.7999877929688,570.780029296875,1519500,551.2944946289062
2024-12-24,574.2000122070312,582.7899780273438,571.3599853515625,582.7899780273438,913400,562.8944702148438
2024-12-26,578.1500244140625,582.5900268554688,577.5,581.22998046875,1092000,561.3875732421875
2024-12-27,577.0,581.9600219726562,571.3499755859375,576.1799926757812,1486000,556.5100708007812
2024-12-30,567.27001953125,576.02001953125,565.0999755859375,573.5499877929688,1265900,553.9699096679688
2024-12-31,575.0700073242188,576.9199829101562,570.4000244140625,572.6199951171875,1055800,553.0715942382812
2025-01-02,579.3099975585938,584.3099975585938,569.739990234375,574.969970703125,2219000,555.3413696289062
2025-01-03,581.0,582.1400146484375,571.72998046875,580.1300048828125,1422600,560.3251953125
2025-01-06,584.97998046875,593.6500244140625,579.8200073242188,583.3900146484375,2257000,563.4739990234375
2025-01-07,587.1099853515625,588.280029296875,568.4000244140625,580.1199951171875,2021900,560.3156127929688
2025-01-08,581.0399780273438,581.2000122070312,572.6699829101562,580.02001953125,1513400,560.2190551757812
2025-01-10,576.25,576.25,558.010009765625,560.0,2817900,540.8825073242188
2025-01-13,557.8800048828125,566.1900024414062,556.760009765625,562.9500122070312,1871200,543.7317504882812
2025-01-14,569.6599731445312,573.5900268554688,565.2000122070312,571.530029296875,2221900,552.0188598632812
2025-01-15,598.0,609.4099731445312,593.0,605.9199829101562,5119800,585.2348022460938
2025-01-16,609.989990234375,616.8400268554688,606.0,612.989990234375,3224500,592.0633544921875
2025-01-17,617.7999877929688,627.0,613.0,625.9400024414062,3425200,604.5712890625
2025-01-21,616.8099975585938,635.4299926757812,609.0,634.739990234375,5076700,613.0709228515625
2025-01-22,633.4400024414062,635.5999755859375,629.7100219726562,632.72998046875,2835700,611.1295166015625
2025-01-23,634.9199829101562,645.5399780273438,634.489990234375,639.5,2582700,617.66845703125
2025-01-24,630.0,640.5999755859375,628.9600219726562,636.9000244140625,3183500,615.1572265625
2025-01-27,625.0,635.7100219726562,624.4600219726562,633.280029296875,3351700,611.6608276367188
2025-01-28,632.2000122070312,639.0800170898438,631.8099975585938,637.7999877929688,2338000,616.0264282226562
2025-01-29,637.0,649.0,636.4099731445312,637.3800048828125,1918900,615.6207275390625
2025-01-30,644.489990234375,649.52001953125,641.0,645.7000122070312,1812800,623.65673828125
2025-01-31,650.0,650.0,637.4400024414062,640.4000244140625,1995100,618.5377197265625
2025-02-03,626.0,638.47998046875,622.47998046875,632.3699951171875,2102600,610.7817993164062
2025-02-04,632.0,637.6699829101562,629.0900268554688,634.1799926757812,1743400,612.5300903320312
2025-02-05,638.0,646.4099731445312,635.530029296875,645.4500122070312,1908200,623.4153442382812
2025-02-06,650.0,658.8499755859375,648.9400024414062,658.219970703125,2439200,635.7493896484375
2025-02-07,659.4000244140625,663.8699951171875,653.1599731445312,655.9000244140625,2616700,633.5086059570312
2025-02-10,659.02001953125,662.489990234375,644.25,650.530029296875,2351600,628.3218994140625
2025-02-11,646.780029296875,649.0399780273438,643.5999755859375,647.239990234375,2711400,625.1441650390625
2025-02-12,643.760009765625,650.469970703125,639.1099853515625,649.0,2295800,626.8441772460938
2025-02-13,651.8300170898438,652.0,640.510009765625,648.9500122070312,2031800,626.7959594726562
2025-02-14,650.3200073242188,663.260009765625,650.3200073242188,660.5499877929688,2246000,637.9998168945312
2025-02-18,662.5900268554688,672.1900024414062,661.02001953125,672.1900024414062,2350100,649.2423706054688
2025-02-19,669.0800170898438,671.0399780273438,663.280029296875,668.1500244140625,1953600,645.3403930664062
2025-02-20,668.030029296875,670.280029296875,631.6599731445312,642.260009765625,3929000,620.3341064453125
2025-02-21,644.75,647.5,623.4299926757812,625.5999755859375,3000800,604.242919921875
2025-02-24,633.510009765625,637.2999877929688,614.7999877929688,626.1400146484375,3274100,604.764404296875
2025-02-25,628.530029296875,631.3200073242188,606.0,614.9099731445312,2885900,593.9179077148438
2025-02-26,616.6699829101562,623.1300048828125,615.2000122070312,617.77001953125,2001200,596.6802368164062
2025-02-27,617.5399780273438,625.22998046875,607.3099975585938,608.0,2396300,587.2437133789062
2025-02-28,607.7899780273438,623.6500244140625,604.010009765625,622.2899780273438,3337200,604.0263061523438
2025-03-03,622.4000244140625,628.780029296875,598.3200073242188,605.260009765625,3152300,587.49609375
2025-03-04,595.97998046875,600.0,567.5700073242188,581.1400146484375,4061000,564.0841064453125
2025-03-05,582.0900268554688,597.1199951171875,576.780029296875,593.0700073242188,2600600,575.6638793945312
2025-03-06,580.5900268554688,586.7100219726562,564.6199951171875,567.6699829101562,4332300,551.0093383789062
2025-03-07,568.1699829101562,568.1699829101562,544.9099731445312,559.6699829101562,4069600,543.244140625
2025-03-10,542.2999877929688,546.469970703125,523.1300048828125,531.6599731445312,5272100,516.0562133789062
2025-03-11,532.469970703125,539.989990234375,524.2000122070312,531.4299926757812,4190500,515.8329467773438
2025-03-12,544.0,545.0,528.5900268554688,535.7100219726562,3078100,519.9873657226562
2025-03-13,535.6699829101562,538.1400146484375,520.0599975585938,524.8099975585938,2529100,509.4073181152344
2025-03-14,533.989990234375,543.5700073242188,526.7000122070312,541.4099731445312,2808100,525.5200805664062
2025-03-17,541.22998046875,557.1599731445312,540.0,551.3400268554688,2695600,535.1586303710938
2025-03-18,550.2899780273438,553.75,546.6500244140625,551.780029296875,2641000,535.5857543945312
2025-03-19,549.0,563.0,544.5999755859375,557.3400268554688,2769800,540.9825439453125
2025-03-20,553.0999755859375,568.4400024414062,552.0,562.6799926757812,2531300,546.1658325195312
2025-03-21,555.3300170898438,567.0,551.2100219726562,565.1400146484375,3565600,548.5536499023438
2025-03-24,575.0,582.719970703125,573.0499877929688,580.0999755859375,1877700,563.0745239257812
2025-03-25,584.6900024414062,586.8900146484375,578.2100219726562,585.9400024414062,1875500,568.7431030273438
2025-03-26,588.3900146484375,592.6400146484375,571.0,573.9199829101562,1944200,557.075927734375
2025-03-27,565.0,566.0,552.5499877929688,558.9199829101562,2100900,542.5161743164062
2025-03-28,555.9500122070312,560.5,537.7100219726562,543.1199951171875,2773100,527.1798706054688
2025-03-31,533.8200073242188,547.3900146484375,528.5900268554688,546.2899780273438,2455100,530.2568969726562
2025-04-01,543.25,551.9600219726562,533.239990234375,548.4500122070312,1869600,532.353515625
2025-04-02,539.7999877929688,567.3200073242188,539.0800170898438,563.0999755859375,2560700,546.573486328125
2025-04-03,525.4299926757812,529.989990234375,509.55999755859375,511.2300109863281,5193900,496.225830078125
2025-04-04,487.0,492.0,460.0,470.80999755859375,8105200,456.9920959472656
2025-04-07,446.8999938964844,489.9800109863281,439.3800048828125,465.510009765625,6353800,451.84771728515625
2025-04-08,488.25,491.9200134277344,452.8299865722656,462.2200012207031,4240900,448.65423583984375
2025-04-09,451.3599853515625,522.0,447.1099853515625,516.8699951171875,7024100,501.7002868652344
2025-04-10,503.1000061035156,503.1000061035156,474.0,489.79998779296875,5374500,475.4248046875
2025-04-11,487.0,498.5199890136719,478.5799865722656,494.44000244140625,3770200,479.9285888671875
2025-04-14,510.0,512.0,497.1499938964844,503.9800109863281,4392600,489.18865966796875
2025-04-15,507.4100036621094,518.6500244140625,507.0,507.8900146484375,2501200,492.9838562011719
2025-04-16,501.7200012207031,509.45001220703125,492.69000244140625,499.04998779296875,2765600,484.4032897949219
2025-04-17,503.239990234375,514.8300170898438,499.1199951171875,509.489990234375,2593500,494.5368957519531
2025-04-21,505.3999938964844,509.2699890136719,494.67999267578125,501.3599853515625,2859300,486.6454772949219
2025-04-22,510.2300109863281,521.0,508.92999267578125,519.989990234375,2514600,504.7287292480469
2025-04-23,533.6300048828125,551.7899780273438,528.260009765625,529.3099975585938,3048100,513.7752075195312
2025-04-24,527.0999755859375,546.8400268554688,523.4199829101562,545.3699951171875,2223600,529.36376953125
2025-04-25,544.5999755859375,549.0900268554688,541.219970703125,544.8599853515625,1612700,528.8688354492188
2025-04-28,544.8599853515625,554.5,542.469970703125,546.4000244140625,1459700,530.3636474609375
2025-04-29,543.7899780273438,550.8800048828125,541.2999877929688,548.9199829101562,1695600,532.8096313476562
2025-04-30,535.760009765625,549.52001953125,531.4500122070312,547.5499877929688,2438300,531.4798583984375
2025-05-01,548.0999755859375,558.3499755859375,545.5,553.8300170898438,2583000,537.5756225585938
2025-05-02,561.5800170898438,569.780029296875,559.7000122070312,566.0999755859375,2883000,549.4854125976562
2025-05-05,558.3599853515625,566.5599975585938,557.5,559.5599975585938,2197200,543.137451171875
2025-05-06,549.5999755859375,557.4400024414062,547.0599975585938,549.3599853515625,2902500,533.23681640625
2025-05-07,550.2100219726562,555.3800048828125,547.739990234375,551.9199829101562,1954900,535.7216186523438
2025-05-08,558.8200073242188,572.1599731445312,558.2100219726562,565.7000122070312,1994600,549.09716796875
2025-05-09,570.25,572.0999755859375,565.780029296875,567.0999755859375,1522500,550.4560546875
2025-05-12,596.260009765625,603.3699951171875,588.0800170898438,591.3400268554688,3527700,573.9847412109375
2025-05-13,593.2999877929688,607.7100219726562,593.0599975585938,603.8099975585938,2765800,586.0887451171875
2025-05-14,603.7999877929688,615.0,602.5,611.5999755859375,2874400,593.6500854492188
2025-05-15,609.72998046875,619.2100219726562,609.72998046875,615.9000244140625,2428100,597.8239135742188
2025-05-16,616.9500122070312,620.7899780273438,613.5599975585938,619.030029296875,2021800,600.8619995117188
2025-05-19,609.1900024414062,619.3800048828125,598.3400268554688,612.2999877929688,2842100,594.3295288085938
2025-05-20,607.75,611.5499877929688,603.010009765625,606.52001953125,1601600,588.7191772460938
2025-05-21,601.7999877929688,609.8699951171875,592.0,593.4600219726562,2635900,576.0425415039062
2025-05-22,592.5499877929688,602.2000122070312,592.510009765625,598.22998046875,1939600,580.6724853515625
2025-05-23,585.0,601.9600219726562,582.5,598.5399780273438,1530600,580.973388671875
2025-05-27,605.9000244140625,617.6699829101562,604.9500122070312,615.72998046875,2364700,597.6588745117188
2025-05-28,617.280029296875,618.6300048828125,607.3099975585938,608.4400024414062,2001900,590.5828857421875
2025-05-29,608.52001953125,610.0,598.2999877929688,604.8599853515625,1736100,587.1078491210938
2025-05-30,600.0,603.5999755859375,593.8300170898438,600.4500122070312,2129500,585.732421875
2025-06-02,598.5999755859375,599.1699829101562,592.1699829101562,598.719970703125,1221200,584.0448608398438
2025-06-03,600.0,606.3200073242188,593.72998046875,603.8300170898438,1730300,589.0296630859375
2025-06-04,605.47998046875,606.3300170898438,598.719970703125,599.2100219726562,1294900,584.5228881835938
2025-06-05,600.0,609.719970703125,592.9000244140625,605.8800048828125,2086700,591.0293579101562
2025-06-06,613.0,621.3800048828125,610.0,614.0,1675900,598.9503784179688
2025-06-09,614.75,619.0999755859375,611.010009765625,613.52001953125,1610700,598.4820556640625
2025-06-10,613.0,616.5499877929688,609.3099975585938,614.8699951171875,1376400,599.7989501953125
2025-06-11,617.1799926757812,629.8400268554688,614.5900268554688,624.1699829101562,2063600,608.8710327148438
2025-06-12,621.0,626.010009765625,615.7999877929688,625.1099853515625,1634700,609.7879638671875
2025-06-13,616.0499877929688,620.1199951171875,609.5900268554688,613.5399780273438,1674800,598.5015258789062
2025-06-16,619.0,632.27001953125,618.0,627.8499755859375,1870400,612.4608154296875
2025-06-17,624.7000122070312,631.6699829101562,623.0,624.6400146484375,1479300,609.32958984375
2025-06-18,624.510009765625,639.8800048828125,623.6500244140625,635.239990234375,2423100,619.669677734375
2025-06-20,638.8300170898438,642.6400146484375,636.6900024414062,640.7999877929688,4115400,625.0933837890625
2025-06-23,639.260009765625,647.4199829101562,630.010009765625,646.8800048828125,2020800,631.0244140625
2025-06-24,654.4500122070312,663.77001953125,653.239990234375,662.1099853515625,2307800,645.8810424804688
2025-06-25,664.5999755859375,670.1199951171875,660.7899780273438,669.8699951171875,1566400,653.4508666992188
2025-06-26,670.6199951171875,689.3300170898438,670.510009765625,687.1599731445312,2849500,670.3170776367188
2025-06-27,691.0,694.2000122070312,685.3900146484375,690.8099975585938,3650500,673.8776245117188
2025-06-30,714.27001953125,714.2999877929688,702.9500122070312,707.75,3976400,690.4024047851562
2025-07-01,708.0,713.010009765625,700.6099853515625,706.4600219726562,3301000,689.1441650390625
2025-07-02,708.7999877929688,718.72998046875,705.0800170898438,715.8900146484375,2906500,698.3428955078125
2025-07-03,715.9099731445312,726.0,713.4000244140625,723.6799926757812,1502000,705.9419555664062
2025-07-07,721.7000122070312,723.969970703125,706.3400268554688,710.9299926757812,2863700,693.5044555664062
2025-07-08,710.719970703125,711.1900024414062,693.77001953125,697.280029296875,3100700,680.1890869140625
2025-07-09,704.3400268554688,704.3400268554688,694.7100219726562,696.5599975585938,1763400,679.4866943359375
2025-07-10,696.739990234375,710.3800048828125,696.4500122070312,709.1199951171875,1733500,691.7388305664062
2025-07-11,703.5900268554688,706.0,700.22998046875,704.9500122070312,1681800,687.671142578125
2025-07-14,704.739990234375,713.4299926757812,702.1300048828125,713.2999877929688,1909300,695.8163452148438
2025-07-15,713.2999877929688,714.6900024414062,700.0399780273438,702.510009765625,1981200,685.2908325195312
2025-07-16,708.5,709.780029296875,691.2999877929688,708.8200073242188,3323200,691.4462280273438
2025-07-17,706.280029296875,717.4500122070312,704.280029296875,705.8400268554688,2046100,688.539306640625
2025-07-18,707.0599975585938,710.2899780273438,698.3900146484375,708.260009765625,1925200,690.89990234375
2025-07-21,709.1400146484375,712.760009765625,704.3499755859375,706.0,2006500,688.6953125
2025-07-22,703.6599731445312,706.489990234375,691.8800048828125,700.4099731445312,1978900,683.2423095703125
2025-07-23,702.0,719.010009765625,701.5,717.52001953125,2395700,699.9329223632812
2025-07-24,718.9299926757812,725.77001953125,714.72998046875,719.1799926757812,1974700,701.5523071289062
2025-07-25,720.760009765625,729.8900146484375,718.3499755859375,728.97998046875,1851400,711.1119995117188
2025-07-28,728.0,732.52001953125,722.1699829101562,723.6500244140625,1464800,705.9127197265625
2025-07-29,726.8499755859375,734.1300048828125,722.4199829101562,731.97998046875,2136000,714.0385131835938
2025-07-30,731.1400146484375,737.8800048828125,723.1799926757812,730.75,1816200,712.8386840820312
2025-07-31,726.5900268554688,734.0399780273438,720.4400024414062,723.5900268554688,2358100,705.8541870117188
2025-08-01,710.510009765625,714.52001953125,694.0499877929688,709.5700073242188,2999100,692.1777954101562
2025-08-04,715.2000122070312,726.7899780273438,715.2000122070312,726.030029296875,1753700,708.2344360351562
2025-08-05,728.0,729.4000244140625,714.5499877929688,720.9099731445312,1977300,703.2398681640625
2025-08-06,724.5,728.2999877929688,722.0,724.739990234375,1477100,706.9759521484375
2025-08-07,730.6199951171875,732.9400024414062,717.6099853515625,719.739990234375,1400400,702.0985107421875
2025-08-08,725.8599853515625,728.0,718.6500244140625,721.27001953125,1275400,703.591064453125
2025-08-11,722.2000122070312,723.8400268554688,715.739990234375,719.239990234375,1273500,701.6107788085938
2025-08-12,725.280029296875,748.1400146484375,724.3499755859375,743.3800048828125,2418100,725.1591186523438
2025-08-13,745.780029296875,748.9099731445312,732.6199951171875,744.6900024414062,1862600,726.43701171875
2025-08-14,742.719970703125,748.1599731445312,737.0,747.2000122070312,1371200,728.885498046875
2025-08-15,749.0,749.0499877929688,729.1799926757812,730.719970703125,1645900,712.809326171875
2025-08-18,729.5,731.6099853515625,723.8699951171875,730.9600219726562,1157800,713.04345703125
2025-08-19,729.1599731445312,730.0,717.72998046875,721.3800048828125,1856400,703.6983032226562
2025-08-20,721.2000122070312,722.25,705.5499877929688,720.6799926757812,1872700,703.0155029296875
2025-08-21,716.5399780273438,719.219970703125,712.969970703125,715.9500122070312,1162000,698.4014282226562
2025-08-22,720.1400146484375,744.8400268554688,718.5800170898438,741.8900146484375,1948600,723.7056274414062
2025-08-25,741.8900146484375,746.5,738.3300170898438,738.7899780273438,1381200,720.6815795898438
2025-08-26,737.7100219726562,749.1599731445312,733.8599853515625,748.9500122070312,1511600,730.592529296875
2025-08-27,745.969970703125,753.0,745.02001953125,749.6699829101562,1534800,731.2948608398438
2025-08-28,750.989990234375,753.3300170898438,746.989990234375,751.219970703125,1411200,732.8069458007812
2025-08-29,746.7100219726562,748.9199829101562,738.9000244140625,745.25,1467000,730.8748779296875
2025-09-02,736.3900146484375,736.3900146484375,721.1599731445312,730.8499755859375,2296400,716.7526245117188
2025-09-03,728.5599975585938,732.02001953125,722.2999877929688,730.5599975585938,1485600,716.4683227539062
2025-09-04,733.75,748.9099731445312,731.1699829101562,748.9000244140625,1778200,734.4545288085938
2025-09-05,752.1900024414062,757.3499755859375,727.1500244140625,738.2100219726562,1822800,723.970703125
2025-09-08,739.4199829101562,743.5399780273438,733.5700073242188,741.8499755859375,1400100,727.5404663085938
2025-09-09,740.1300048828125,765.6199951171875,738.5399780273438,763.9199829101562,2611300,749.184814453125
2025-09-10,761.8599853515625,774.469970703125,761.6300048828125,769.5800170898438,1996200,754.735595703125
2025-09-11,772.0,793.1699829101562,771.3499755859375,784.72998046875,2075700,769.5934448242188
2025-09-12,783.5,787.030029296875,776.260009765625,780.0599975585938,1099400,765.0134887695312
2025-09-15,782.9500122070312,792.3800048828125,781.4400024414062,786.760009765625,1292000,771.584228515625
2025-09-16,789.530029296875,790.010009765625,779.6900024414062,785.530029296875,1529500,770.3779907226562
2025-09-17,788.8599853515625,798.5700073242188,785.22998046875,794.219970703125,1945300,778.9003295898438
2025-09-18,795.5700073242188,807.280029296875,792.4000244140625,804.3099975585938,1501600,788.7957153320312
2025-09-19,804.0900268554688,809.6599731445312,797.3699951171875,805.0,3789800,789.472412109375
2025-09-22,801.1400146484375,806.030029296875,797.5399780273438,805.5599975585938,1151000,790.0216064453125
2025-09-23,807.0999755859375,825.25,802.0,806.3200073242188,1758800,790.7669677734375
2025-09-24,809.5499877929688,812.8400268554688,792.3400268554688,792.4299926757812,1402500,777.1448974609375
2025-09-25,786.0,798.1799926757812,782.010009765625,794.760009765625,1413100,779.429931640625
2025-09-26,797.1599731445312,809.5,795.1300048828125,802.510009765625,1376200,787.0304565429688
2025-09-29,807.7999877929688,808.8400268554688,797.989990234375,804.1199951171875,1059000,788.6093139648438
2025-09-30,805.5,809.6199951171875,786.4500122070312,796.3499755859375,2463900,780.9891967773438
2025-10-01,793.6199951171875,796.280029296875,783.22998046875,785.510009765625,1788900,770.3583984375
2025-10-02,788.8800048828125,791.0,772.4400024414062,779.3800048828125,1553700,764.3465576171875
2025-10-03,783.0,794.9199829101562,777.8599853515625,789.97998046875,1470500,774.7420654296875
2025-10-06,795.0,802.5,780.0499877929688,796.780029296875,1632600,781.4110717773438
2025-10-07,798.0,805.3200073242188,781.3900146484375,789.6500244140625,1547200,774.4185791015625
2025-10-08,791.75,795.0,774.3400268554688,776.510009765625,1939300,761.531982421875
2025-10-09,778.8499755859375,782.9099731445312,771.3499755859375,779.9600219726562,1575000,764.9154052734375
2025-10-10,783.1199951171875,791.6599731445312,764.0,764.3599853515625,2457900,749.6162719726562
2025-10-13,777.8800048828125,791.0499877929688,777.8800048828125,786.780029296875,2766000,771.6039428710938
2025-10-14,764.4500122070312,786.5700073242188,742.4600219726562,770.760009765625,4710800,755.8928833007812
2025-10-15,778.6199951171875,782.489990234375,762.6599731445312,767.9299926757812,3217400,753.117431640625
2025-10-16,770.6599731445312,781.4400024414062,752.4099731445312,758.0900268554688,3160900,743.46728515625
2025-10-17,758.1500244140625,758.9400024414062,740.010009765625,750.77001953125,2884700,736.2884521484375
2025-10-20,757.0,766.4199829101562,752.8800048828125,763.3200073242188,1925400,748.5963745117188
2025-10-21,759.0,765.2999877929688,758.27001953125,758.97998046875,1782200,744.340087890625
2025-10-22,760.6099853515625,760.6099853515625,743.1099853515625,744.5999755859375,2141400,730.2373657226562
2025-10-23,749.3400268554688,755.0,744.6599731445312,750.780029296875,1615400,736.29833984375
2025-10-24,759.8499755859375,784.6099853515625,756.0,783.8800048828125,2505600,768.759765625
2025-10-27,789.0,796.7100219726562,787.010009765625,789.989990234375,1645300,774.7518920898438
2025-10-28,792.0499877929688,798.3599853515625,787.3499755859375,792.0900268554688,1242000,776.8115234375
2025-10-29,788.0,800.489990234375,778.8200073242188,783.0599975585938,2251500,767.9556274414062
2025-10-30,783.5599975585938,807.1400146484375,780.5999755859375,790.1599731445312,1829500,774.9186401367188
2025-10-31,784.97998046875,791.719970703125,783.0,789.3699951171875,1328100,774.1439819335938
2025-11-03,789.5700073242188,796.0,781.4400024414062,785.52001953125,1569100,770.3681640625
2025-11-04,777.0,806.0,773.0,790.8300170898438,2046000,775.5757446289062
2025-11-05,790.4400024414062,797.3599853515625,775.5800170898438,793.0900268554688,1832700,777.7921752929688
2025-11-06,794.0,798.2000122070312,777.0,787.5800170898438,1572500,772.388427734375
2025-11-07,783.0,787.0599975585938,762.7999877929688,786.3400268554688,2098400,771.1723022460938
2025-11-10,796.0800170898438,806.3599853515625,788.7999877929688,797.2000122070312,1698200,781.8228759765625
2025-11-11,798.47998046875,812.0,795.6099853515625,810.3099975585938,1521500,794.6799926757812
2025-11-12,814.1300048828125,840.0,814.1300048828125,838.969970703125,2954100,822.787109375
2025-11-13,833.0599975585938,841.280029296875,805.02001953125,805.5,2557400,789.9628295898438
2025-11-14,795.5499877929688,800.6099853515625,778.0,790.9099731445312,2552000,775.6541137695312
2025-11-17,790.0,796.72998046875,770.5,775.5599975585938,1850600,760.6002807617188
2025-11-18,772.0599975585938,787.7000122070312,766.5399780273438,776.2999877929688,1673500,761.3260498046875
2025-11-19,776.2999877929688,787.8699951171875,775.0,785.989990234375,1521100,770.8290405273438
2025-11-20,795.25,816.0,772.1900024414062,773.7000122070312,2599000,758.7761840820312
2025-11-21,776.8300170898438,780.3699951171875,754.0,774.030029296875,2284700,759.0997924804688
2025-11-24,778.6400146484375,793.989990234375,775.3599853515625,790.7100219726562,2319500,775.4580688476562
2025-11-25,797.0,805.260009765625,777.989990234375,802.3200073242188,2252900,786.8440551757812
2025-11-26,805.8400268554688,819.5800170898438,805.0,816.010009765625,1862500,800.27001953125
2025-11-28,820.0,830.5700073242188,818.9500122070312,826.0399780273438,868300,810.1065673828125
2025-12-01,818.5900268554688,824.72998046875,809.6099853515625,810.8599853515625,2133200,795.2193603515625
2025-12-02,811.1199951171875,819.7000122070312,808.2999877929688,815.2100219726562,2254200,803.448974609375
2025-12-03,812.9500122070312,837.9099731445312,812.9500122070312,836.5700073242188,2347900,824.5007934570312
2025-12-04,835.5399780273438,843.989990234375,834.5,837.8300170898438,1670800,825.7426147460938
2025-12-05,837.260009765625,856.2000122070312,836.52001953125,854.5599975585938,2277500,842.231201171875
2025-12-08,861.0999755859375,870.5599975585938,856.2999877929688,866.6900024414062,2238100,854.1862182617188
2025-12-09,866.0,883.719970703125,864.3099975585938,876.5800170898438,2274800,863.9335327148438
2025-12-10,871.3499755859375,897.2000122070312,869.27001953125,889.239990234375,2394300,876.410888671875
2025-12-11,889.97998046875,919.0999755859375,888.0,911.030029296875,2683000,897.8865356445312
2025-12-12,913.75,914.989990234375,886.989990234375,887.9600219726562,2715200,875.1493530273438
2025-12-15,892.0,904.469970703125,889.5900268554688,889.5900268554688,1976600,876.7559204101562
2025-12-16,890.22998046875,896.239990234375,874.3200073242188,879.1500244140625,2161600,866.4664916992188
2025-12-17,886.3300170898438,895.969970703125,868.4400024414062,872.3300170898438,2213300,859.7449340820312
2025-12-18,880.5,892.7899780273438,874.7000122070312,876.2999877929688,2066300,863.6575317382812
2025-12-19,883.1699829101562,899.75,881.9500122070312,893.47998046875,4808300,880.5896606445312
2025-12-22,896.52001953125,905.47998046875,894.8400268554688,899.0,1442300,886.030029296875
2025-12-23,900.3499755859375,905.9199829101562,893.7000122070312,901.7100219726562,1210200,888.7010498046875
2025-12-24,901.1599731445312,911.8800048828125,898.7000122070312,910.780029296875,771800,897.64013671875
2025-12-26,911.0,913.3200073242188,905.3099975585938,907.0399780273438,995300,893.9540405273438
2025-12-29,906.4500122070312,906.47998046875,891.5599975585938,892.1799926757812,1578000,879.3085327148438
2025-12-30,894.739990234375,895.02001953125,881.1799926757812,884.4199829101562,1833300,871.660400390625
2025-12-31,884.0999755859375,886.0,876.7899780273438,879.0,1221500,866.318603515625
2026-01-02,884.0,914.4400024414062,880.75,914.3400268554688,2817600,901.1488647460938
2026-01-05,914.4000244140625,961.6900024414062,912.5999755859375,948.4400024414062,3742000,934.7568359375
2026-01-06,949.4099731445312,958.5700073242188,943.25,955.469970703125,1966000,941.6853637695312
2026-01-07,956.8800048828125,958.25,934.0,941.02001953125,2683300,927.44384765625
2026-01-08,935.47998046875,945.1900024414062,932.0,934.8300170898438,1960800,921.3431396484375
2026-01-09,938.77001953125,946.1400146484375,932.7000122070312,938.97998046875,1334100,925.4332885742188
2026-01-12,934.0,950.5599975585938,929.1099853515625,949.5499877929688,2179600,935.8507690429688
2026-01-13,947.3200073242188,949.9400024414062,931.0,938.1500244140625,1969600,924.6152954101562
2026-01-14,932.2999877929688,938.1500244140625,917.9000244140625,932.6699829101562,2513000,919.21435546875
2026-01-15,924.9000244140625,981.260009765625,924.6699829101562,975.8599853515625,3773700,961.78125
2026-01-16,973.0,984.7000122070312,957.0,962.0,3071600,948.1211547851562
2026-01-20,946.3800048828125,962.5999755859375,939.0999755859375,943.3699951171875,2629100,929.760009765625
2026-01-21,944.0,968.9199829101562,943.4500122070312,953.010009765625,2251300,939.2609252929688
2026-01-22,960.0599975585938,970.9500122070312,950.8099975585938,954.6500244140625,2468300,940.8772583007812
2026-01-23,934.0800170898438,937.1900024414062,917.0499877929688,918.8800048828125,3872600,905.623291015625
2026-01-26,918.4099731445312,933.739990234375,917.97998046875,931.8599853515625,2655900,918.416015625
2026-01-27,924.0,933.4000244140625,920.3900146484375,929.719970703125,2012500,916.306884765625
2026-01-28,932.510009765625,937.1699829101562,922.760009765625,936.8099975585938,1674100,923.2945556640625
2026-01-29,937.2999877929688,955.3800048828125,925.1300048828125,940.1199951171875,2335400,926.5568237304688
2026-01-30,933.9500122070312,947.0,923.1699829101562,935.4099731445312,1893700,921.914794921875
2026-02-02,932.1300048828125,949.4400024414062,912.0800170898438,946.3300170898438,1802000,932.6773071289062
2026-02-03,949.5,964.5,919.0599975585938,938.989990234375,2321900,925.443115234375
2026-02-04,937.1199951171875,944.1599731445312,893.7999877929688,913.2999877929688,3561900,900.123779296875
2026-02-05,901.6699829101562,910.8300170898438,876.719970703125,890.4099731445312,3214300,877.56396484375
2026-02-06,907.8699951171875,931.77001953125,907.22998046875,928.75,2473200,915.3508911132812
2026-02-09,929.0,949.0,927.1099853515625,943.6199951171875,2322600,930.00634765625
2026-02-10,945.7000122070312,961.8300170898438,929.9299926757812,948.989990234375,3324900,935.2988891601562
2026-02-11,950.6400146484375,968.1300048828125,931.280029296875,944.5900268554688,2654300,930.96240234375
2026-02-12,956.1699829101562,968.3900146484375,903.97998046875,904.5499877929688,3188700,891.5
2026-02-13,894.4099731445312,905.989990234375,869.0,905.1400146484375,2623000,892.0814819335938
2026-02-17,907.72998046875,921.5499877929688,905.6799926757812,916.0399780273438,2008500,902.82421875
2026-02-18,921.5800170898438,947.7000122070312,919.97998046875,933.72998046875,1864900,920.259033203125
2026-02-19,925.0,929.6599731445312,906.489990234375,916.6500244140625,1974200,903.4254150390625
2026-02-20,912.5499877929688,922.3699951171875,900.5700073242188,922.239990234375,2009100,908.934814453125
2026-02-23,918.5,932.0,883.75,892.3099975585938,2535900,879.4365844726562
2026-02-24,885.4400024414062,911.77001953125,881.6500244140625,902.27001953125,1971500,889.2528686523438
2026-02-25,914.719970703125,922.510009765625,907.52001953125,921.3800048828125,1763600,908.087158203125
2026-02-26,927.760009765625,938.3900146484375,921.5399780273438,929.0,2220300,915.5972900390625
2026-02-27,912.0,916.25,854.1500244140625,859.5700073242188,5552300,847.1689453125
2026-03-02,840.0,873.6300048828125,836.0,861.7000122070312,2873200,853.7377319335938
2026-03-03,836.0,868.3400268554688,824.6400146484375,862.5800170898438,3782100,854.609619140625
2026-03-04,869.8400268554688,878.7999877929688,860.0,867.25,2081700,859.2364501953125
2026-03-05,862.010009765625,866.52001953125,822.2000122070312,835.4600219726562,3093700,827.7401733398438
2026-03-06,816.0,827.1599731445312,801.3300170898438,821.4199829101562,2473000,813.8298950195312
2026-03-09,810.0,836.6799926757812,795.0,832.030029296875,3258200,824.3419189453125
2026-03-10,834.6799926757812,846.0900268554688,826.3499755859375,833.8099975585938,1871900,826.1054077148438
2026-03-11,829.9500122070312,832.7999877929688,810.5399780273438,823.760009765625,2227000,816.1482543945312
2026-03-12,805.3200073242188,807.2100219726562,784.0999755859375,787.52001953125,3533000,780.2431640625
2026-03-13,789.3599853515625,798.0,780.5,782.2100219726562,2567400,774.982177734375
2026-03-16,792.0,805.4600219726562,790.0,794.77001953125,2082700,787.4261474609375
2026-03-17,806.2999877929688,820.4400024414062,803.469970703125,807.0399780273438,1955600,799.5827026367188
2026-03-18,801.0,816.1900024414062,801.0,805.47998046875,1541300,798.0371704101562
2026-03-19,792.9299926757812,816.1799926757812,790.5900268554688,809.5,1765900,802.0200805664062
2026-03-20,807.0,827.22998046875,804.9299926757812,813.530029296875,3918400,806.0128173828125
2026-03-23,833.0,849.530029296875,829.0,831.27001953125,2190300,823.5888671875
2026-03-24,824.9299926757812,844.5,818.0,835.719970703125,1656100,827.9977416992188
2026-03-25,845.010009765625,854.75,833.9000244140625,841.8400268554688,1628900,834.061279296875
2026-03-26,833.7899780273438,844.7999877929688,816.1099853515625,822.6400146484375,2052200,815.0386352539062
2026-03-27,813.6699829101562,817.0999755859375,797.780029296875,802.8900146484375,2106800,795.4711303710938
2026-03-30,811.1199951171875,818.6300048828125,801.8800048828125,807.5999755859375,1621400,800.1375732421875
2026-03-31,823.9000244140625,848.5,810.0,845.989990234375,2689800,838.1728515625
2026-04-01,859.9500122070312,870.2000122070312,850.1500244140625,860.2100219726562,1803600,852.261474609375
2026-04-02,838.3900146484375,867.2999877929688,831.0,863.0399780273438,1717700,855.0653076171875
2026-04-06,863.0,873.2100219726562,859.77001953125,866.0499877929688,1444500,858.0474853515625
2026-04-07,858.0,867.969970703125,850.0,864.1500244140625,1498400,856.1651000976562
2026-04-08,903.010009765625,918.1199951171875,893.5999755859375,905.75,2439000,897.3806762695312
2026-04-09,902.0,909.4000244140625,895.2899780273438,903.719970703125,1797800,895.369384765625
2026-04-10,903.3699951171875,908.9600219726562,895.0,907.7999877929688,1642700,899.4117431640625
2026-04-13,875.5499877929688,896.9400024414062,865.3400268554688,890.7899780273438,4236200,882.5588989257812
2026-04-14,894.4199829101562,914.1900024414062,890.0999755859375,909.6300048828125,2822600,901.2247924804688
2026-04-15,915.0,927.7899780273438,897.0999755859375,899.489990234375,2403900,891.178466796875
2026-04-16,897.989990234375,907.9600219726562,895.8499755859375,900.0,1742100,891.6837768554688
2026-04-17,915.5,929.1900024414062,912.219970703125,925.9500122070312,2805100,917.39404296875
2026-04-20,923.6799926757812,941.7999877929688,922.989990234375,941.739990234375,2374300,933.0381469726562
2026-04-21,944.5,952.010009765625,922.5399780273438,926.5499877929688,1765400,917.9884643554688
2026-04-22,939.0,940.97998046875,931.1500244140625,934.8400268554688,1382600,926.201904296875
2026-04-23,935.0,944.3900146484375,920.6900024414062,931.2999877929688,1655000,922.694580078125
2026-04-24,930.489990234375,932.9199829101562,919.219970703125,926.9099731445312,1263300,918.3451538085938
2026-04-27,926.0399780273438,941.72998046875,926.0,937.8099975585938,1223000,929.1444091796875
2026-04-28,941.239990234375,945.2999877929688,924.239990234375,926.5499877929688,1501600,917.9884643554688
2026-04-29,927.5,930.0,899.1599731445312,905.5999755859375,1725900,897.2320556640625
2026-04-30,910.4099731445312,928.0,905.0,923.77001953125,1880300,915.2341918945312
2026-05-01,916.4000244140625,935.780029296875,912.1400146484375,923.7100219726562,1359800,915.1747436523438
2026-05-04,922.27001953125,925.0,899.0,903.27001953125,1660100,894.923583984375
2026-05-05,909.72998046875,921.75,908.219970703125,918.8900146484375,1507200,910.3992309570312
2026-05-06,935.9299926757812,944.0599975585938,931.3300170898438,937.3499755859375,2318200,928.6886596679688
2026-05-07,937.9299926757812,945.2899780273438,921.97998046875,925.8699951171875,1715300,917.3147583007812
2026-05-08,936.0,939.780029296875,927.4600219726562,936.47998046875,1665000,927.8267211914062
2026-05-11,932.6500244140625,949.780029296875,926.6300048828125,944.8599853515625,2411400,936.1292724609375
2026-05-12,942.1599731445312,948.5,920.7999877929688,945.9000244140625,2236500,937.1597290039062
2026-05-13,941.8400268554688,959.5499877929688,933.0800170898438,955.4199829101562,2355200,946.5916748046875
2026-05-14,966.9000244140625,975.6599731445312,960.5,968.9600219726562,1898000,960.0066528320312
2026-05-15,953.6500244140625,959.5,941.6099853515625,948.469970703125,1862700,939.7059326171875
2026-05-18,947.739990234375,961.6900024414062,938.5499877929688,946.3599853515625,1508000,937.6154174804688
2026-05-19,933.219970703125,939.6400146484375,923.8099975585938,928.739990234375,1767300,920.158203125
2026-05-20,945.0,982.72998046875,940.5,982.1199951171875,3104400,973.0449829101562
2026-05-21,982.2100219726562,999.5,970.2999877929688,988.1699829101562,2452300,979.0390625
2026-05-22,994.6300048828125,1005.3599853515625,990.9000244140625,996.72998046875,1923500,987.5199584960938
2026-05-26,1006.530029296875,1016.5399780273438,987.030029296875,994.52001953125,2080600,985.3303833007812
2026-05-27,995.9099731445312,1003.6500244140625,974.4199829101562,996.469970703125,2195000,987.2623291015625
2026-05-28,986.4199829101562,1009.969970703125,982.4500122070312,1008.3699951171875,2273000,999.0524291992188
2026-05-29,1009.27001953125,1027.219970703125,1004.0,1025.56005859375,2158000,1016.0836791992188
2026-06-01,1015.3300170898438,1051.199951171875,1011.5999755859375,1048.5799560546875,2666700,1043.469482421875
2026-06-02,1049.739990234375,1073.969970703125,1047.8900146484375,1064.5799560546875,2125600,1059.3914794921875
2026-06-03,1055.280029296875,1055.969970703125,1031.010009765625,1041.02001953125,2562200,1035.9462890625
2026-06-04,1052.8699951171875,1095.9000244140625,1050.0,1092.6099853515625,2608800,1087.284912109375
2026-06-05,1092.8199462890625,1098.3599853515625,1035.5999755859375,1038.6800537109375,2643800,1033.6177978515625
2026-06-08,1052.780029296875,1063.1800537109375,1042.3299560546875,1045.0,2326700,1039.906982421875
2026-06-09,1061.7900390625,1064.3499755859375,1006.2999877929688,1032.010009765625,2868500,1026.980224609375
2026-06-10,1028.3499755859375,1036.31005859375,1000.0399780273438,1001.2899780273438,2287200,996.409912109375
2026-06-11,1013.5,1036.9200439453125,1000.4500122070312,1035.6400146484375,2561900,1030.592529296875
2026-06-12,1053.0,1073.739990234375,1048.06005859375,1062.75,2206000,1057.5704345703125
2026-06-15,1089.52001953125,1094.1800537109375,1075.0,1076.1700439453125,2364000,1070.925048828125
2026-06-16,1086.0,1097.25,1085.530029296875,1090.6700439453125,1965500,1085.3543701171875
2026-06-17,1098.4599609375,1121.949951171875,1094.2900390625,1099.1400146484375,2180000,1093.7830810546875
2026-06-18,1120.0,1125.0,1093.3299560546875,1096.56005859375,4499200,1091.2156982421875
2026-06-22,1109.699951171875,1115.97998046875,1091.6300048828125,1106.3699951171875,1894400,1100.977783203125
2026-06-23,1077.3399658203125,1103.550048828125,1069.0,1094.43994140625,2066900,1089.10595703125
2026-06-24,1090.0,1090.0999755859375,1068.510009765625,1076.9100341796875,1933100,1071.6614990234375
2026-06-25,1095.6199951171875,1105.25,1062.0999755859375,1065.0899658203125,1950000,1059.89892578125
2026-06-26,1054.739990234375,1057.0,1013.3800048828125,1019.6099853515625,4008500,1014.6406860351562
2026-06-29,1029.18994140625,1035.9300537109375,1016.1699829101562,1020.2100219726562,1887200,1015.23779296875
2026-06-30,1019.2899780273438,1026.3199462890625,1006.1099853515625,1011.3699951171875,3162800,1006.4408569335938
2026-07-01,1010.0,1033.530029296875,1003.0,1019.6099853515625,1735000,1014.6406860351562
2026-07-02,1038.989990234375,1039.280029296875,1009.72998046875,1021.0,1543500,1016.02392578125
2026-07-06,1029.8800048828125,1055.2900390625,1029.0,1055.2900390625,1754400,1050.1468505859375
2026-07-07,1052.0,1053.8599853515625,1035.1300048828125,1042.97998046875,1353500,1037.896728515625
2026-07-08,1030.0,1040.1800537109375,1011.9199829101562,1029.6400146484375,1699000,1024.621826171875
2026-07-09,1055.0,1064.010009765625,1042.6099853515625,1055.969970703125,1241800,1050.823486328125
2026-07-10,1063.2099609375,1067.1700439453125,1048.0,1055.1800537109375,1110600,1050.037353515625
2026-07-13,1056.3399658203125,1057.8199462890625,1036.8399658203125,1045.9100341796875,1799500,1040.8125
2026-07-14,1085.0,1143.8399658203125,1082.0,1140.0,3792600,1134.4439697265625
2026-07-15,1148.4200439453125,1153.989990234375,1117.4000244140625,1152.0699462890625,2736800,1146.455078125
2026-07-16,1147.6500244140625,1152.449951171875,1089.010009765625,1095.4599609375,2529400,1090.1209716796875
2026-07-17,1071.6400146484375,1085.9300537109375,1047.1500244140625,1065.219970703125,2162700,1060.0283203125
2026-07-20,1074.6500244140625,1087.9000244140625,1053.6600341796875,1055.030029296875,1718300,1049.8880615234375
2026-07-21,1070.0699462890625,1088.47998046875,1063.0,1085.56005859375,1718600,1080.269287109375
2026-07-22,1078.52001953125,1106.6600341796875,1078.0,1098.199951171875,1538700,1092.84765625
2026-07-23,1072.52001953125,1084.72998046875,1062.47998046875,1074.719970703125,1852700,1069.4820556640625
2026-07-24,1075.0,1077.3800048828125,1051.8199462890625,1061.22998046875,1381400,1056.057861328125
2026-07-27,1080.1800537109375,1088.5,1029.0,1048.22998046875,2538900,1043.1212158203125
2026-07-28,1041.9300537109375,1047.7099609375,1011.8699951171875,1033.3399658203125,2173100,1028.3037109375
2026-07-29,1025.0,1028.1199951171875,977.7000122070312,980.75,3198400,975.9700927734375
2026-07-30,1007.3599853515625,1029.7900390625,998.510009765625,1024.8599853515625,2330800,1019.8650512695312
2026-07-31,1034.719970703125,1042.97998046875,1008.5999755859375,1018.3800048828125,1553700,1013.4166870117188
2026-08-03,1025.0,1027.9599609375,1005.1599731445312,1027.06005859375,1706500,1022.054443359375
2026-08-04,1050.0,1066.1600341796875,1043.27001953125,1052.97998046875,2653600,1047.8480224609375
2026-08-05,1063.7099609375,1077.2099609375,1060.02001953125,1060.3800048828125,1648000,1055.2119140625
2026-08-06,1062.0400390625,1068.0400390625,1030.780029296875,1032.5799560546875,1726500,1027.54736328125
2026-08-07,1038.3399658203125,1047.0,1032.030029296875,1039.6099853515625,1429400,1034.543212890625
2026-08-10,1039.6099853515625,1045.4300537109375,1030.0699462890625,1034.510009765625,1819100,1029.468017578125
2026-08-11,1036.3900146484375,1043.4300537109375,1027.18994140625,1034.4100341796875,1829300,1029.3685302734375
2026-08-12,1055.0,1056.050048828125,1031.739990234375,1037.2099609375,1737800,1032.1549072265625
2026-08-13,1040.6099853515625,1059.0699462890625,1038.469970703125,1042.6300048828125,1421700,1037.5484619140625
2026-08-14,1040.9100341796875,1043.739990234375,1029.5799560546875,1039.4200439453125,1592900,1034.3541259765625
2026-08-17,1040.7900390625,1054.6300048828125,1038.1400146484375,1051.31005859375,1450400,1046.186279296875
2026-08-18,1040.0,1043.5,1026.0799560546875,1040.469970703125,1909200,1035.39892578125
2026-08-19,1044.8199462890625,1044.8199462890625,1014.5,1021.6500244140625,2744200,1016.6707763671875
2026-08-20,1016.989990234375,1026.4200439453125,1001.6799926757812,1001.9500122070312,1756200,997.0667724609375
2026-08-21,1015.989990234375,1043.6600341796875,1008.8499755859375,1039.280029296875,2744000,1034.21484375
2026-08-24,1039.0,1047.3699951171875,1030.1800537109375,1036.280029296875,1987500,1031.2294921875
2026-08-25,1050.0,1063.52001953125,1039.2900390625,1058.8800048828125,2497300,1053.71923828125
2026-08-26,1061.0,1062.56005859375,1036.780029296875,1040.4599609375,1487900,1035.3890380859375
2026-08-27,1041.6800537109375,1052.550048828125,1035.0,1040.8699951171875,1712500,1035.7969970703125
2026-08-28,1046.489990234375,1048.8399658203125,1031.5799560546875,1033.989990234375,1053100,1028.9505615234375
2026-08-31,1032.5999755859375,1032.5999755859375,1022.6199951171875,1025.9000244140625,1359800,1020.9000244140625
2026-09-01,1004.719970703125,1031.1199951171875,996.969970703125,1002.5599975585938,1845600,1002.5599975585938
2026-09-02,1009.739990234375,1021.8400268554688,998.0,1004.4199829101562,2193300,1004.4199829101562
2026-09-03,1013.5,1039.8299560546875,1012.5,1037.9300537109375,1675400,1037.9300537109375
2026-09-04,1031.0899658203125,1041.199951171875,1024.6300048828125,1038.6099853515625,1429000,1038.6099853515625
2026-09-08,1040.550048828125,1043.8399658203125,1028.56005859375,1036.530029296875,1263200,1036.530029296875
2026-09-09,1028.0,1038.4300537109375,1011.4000244140625,1028.780029296875,1661600,1028.780029296875
2026-09-10,1017.2899780273438,1027.22998046875,1011.6799926757812,1019.77001953125,1896900,1019.77001953125
2026-09-11,1035.050048828125,1042.989990234375,1018.5900268554688,1029.1800537109375,1163000,1029.1800537109375
2026-09-14,1010.0,1013.6900024414062,978.9299926757812,988.4500122070312,2206600,988.4500122070312
2026-09-15,984.6500244140625,988.280029296875,954.489990234375,976.6699829101562,2355200,976.6699829101562
2026-09-16,981.4600219726562,984.6599731445312,932.3699951171875,937.97998046875,3546200,937.97998046875
2026-09-17,940.0999755859375,957.969970703125,922.0,951.469970703125,3286700,951.469970703125
2026-09-18,948.9600219726562,952.989990234375,939.5499877929688,942.0,3980200,942.0
2026-09-21,956.5,962.219970703125,942.6199951171875,959.3900146484375,1863000,959.3900146484375
2026-09-22,967.3900146484375,967.760009765625,936.780029296875,949.489990234375,2052500,949.489990234375
2026-09-23,940.72998046875,954.97998046875,933.6799926757812,936.3599853515625,2131500,936.3599853515625
2026-09-24,931.0,933.4099731445312,914.6799926757812,923.2899780273438,2352600,923.2899780273438
2026-09-25,927.5,935.8300170898438,915.2999877929688,935.4500122070312,1955500,935.4500122070312
2026-09-28,930.9400024414062,932.0,914.5,916.280029296875,1825500,916.280029296875
2026-09-29,918.25,919.6199951171875,903.8499755859375,916.239990234375,1856800,916.239990234375
2026-09-30,915.0,916.0499877929688,900.3599853515625,900.3599853515625,1823300,900.3599853515625
2026-10-01,896.0900268554688,901.6300048828125,881.0,896.6699829101562,2581800,896.6699829101562
