date,open,high,low,close,volume,adjclose
2021-10-04,106.12000274658203,107.18000030517578,104.58999633789062,104.7699966430664,139900,96.79901885986328
2021-10-05,105.48999786376953,107.58999633789062,105.31999969482422,107.30000305175781,71800,99.13653564453125
2021-10-06,106.16999816894531,107.62999725341797,105.6500015258789,107.54000091552734,47800,99.35828399658203
2021-10-07,108.73999786376953,109.83000183105469,108.5,108.66000366210938,89200,100.39307403564453
2021-10-08,108.7699966430664,109.7300033569336,108.16999816894531,109.44999694824219,35500,101.12295532226562
2021-10-11,109.8499984741211,110.48999786376953,108.0199966430664,108.08999633789062,37700,99.86643981933594
2021-10-12,108.19000244140625,108.9800033569336,107.7699966430664,108.41999816894531,35600,100.17133331298828
2021-10-13,108.70999908447266,108.70999908447266,107.44000244140625,108.58000183105469,31700,100.31915283203125
2021-10-14,109.97000122070312,110.2300033569336,108.6500015258789,110.2300033569336,60500,101.84362030029297
2021-10-15,111.56999969482422,112.55999755859375,111.25,112.16000366210938,118600,103.62679290771484
2021-10-18,112.20999908447266,113.30000305175781,112.04000091552734,112.7300033569336,121300,104.15342712402344
2021-10-19,113.30999755859375,113.41999816894531,112.68000030517578,113.30000305175781,147800,104.68006134033203
2021-10-20,113.19000244140625,113.26000213623047,112.43000030517578,112.79000091552734,78100,104.20886993408203
2021-10-21,112.55000305175781,113.30000305175781,112.08999633789062,112.63999938964844,49500,104.07027435302734
2021-10-22,113.0,114.19999694824219,113.0,114.0999984741211,47300,105.41920471191406
2021-10-25,114.66000366210938,114.66000366210938,113.86000061035156,114.30999755859375,85100,105.61322784423828
2021-10-26,114.8499984741211,115.2699966430664,114.22000122070312,114.6500015258789,77800,105.92733764648438
2021-10-27,114.27999877929688,114.62000274658203,112.55000305175781,112.56999969482422,42000,104.00559997558594
2021-10-28,113.19000244140625,113.91000366210938,112.98999786376953,113.80000305175781,93900,105.14202880859375
2021-10-29,113.77999877929688,114.23999786376953,113.56999969482422,113.91000366210938,41800,105.24365234375
2021-11-01,114.83999633789062,115.13999938964844,114.23999786376953,115.13999938964844,146900,106.38007354736328
2021-11-02,115.27999877929688,116.25,114.87999725341797,116.1500015258789,165800,107.3132095336914
2021-11-03,116.05999755859375,116.0999984741211,114.93000030517578,115.80000305175781,75500,106.98986053466797
2021-11-04,115.81999969482422,115.88999938964844,112.7699966430664,113.62000274658203,140000,104.97572326660156
2021-11-05,114.62999725341797,115.23999786376953,113.41999816894531,113.62000274658203,56900,104.97572326660156
2021-11-08,114.38999938964844,114.70999908447266,113.58000183105469,113.73999786376953,302900,105.08657836914062
2021-11-09,113.4800033569336,113.5,112.13999938964844,112.87999725341797,41700,104.29199981689453
2021-11-10,112.69999694824219,112.83000183105469,111.30000305175781,111.70999908447266,52000,103.21101379394531
2021-11-11,111.94000244140625,112.86000061035156,111.80999755859375,112.6500015258789,29000,104.07951354980469
2021-11-12,112.94000244140625,113.37000274658203,112.19999694824219,113.31999969482422,70100,104.69854736328125
2021-11-15,113.83999633789062,114.02999877929688,113.30000305175781,113.4800033569336,34400,104.84635925292969
2021-11-16,113.4000015258789,114.23999786376953,112.76000213623047,113.56999969482422,96100,104.92952728271484
2021-11-17,113.44999694824219,113.44999694824219,111.3499984741211,111.54000091552734,67800,103.053955078125
2021-11-18,111.98999786376953,111.98999786376953,110.45999908447266,111.2300033569336,71800,102.76754760742188
2021-11-19,110.38999938964844,111.02999877929688,109.4000015258789,110.16000366210938,115200,101.77893829345703
2021-11-22,111.33999633789062,112.69000244140625,111.06999969482422,111.44000244140625,127100,102.9615707397461
2021-11-23,112.26000213623047,113.47000122070312,111.58999633789062,113.3499984741211,281900,104.72625732421875
2021-11-24,113.30999755859375,113.33999633789062,112.55000305175781,112.9800033569336,41200,104.38439178466797
2021-11-26,110.33000183105469,110.33000183105469,108.4800033569336,109.4000015258789,50700,101.0767593383789
2021-11-29,110.88999938964844,110.88999938964844,108.8499984741211,109.7300033569336,247200,101.38166046142578
2021-11-30,108.93000030517578,108.93000030517578,106.81999969482422,107.2300033569336,97100,99.07188415527344
2021-12-01,109.18000030517578,109.86000061035156,106.2300033569336,106.33999633789062,217000,98.24957275390625
2021-12-02,106.63999938964844,110.0199966430664,106.56999969482422,109.80999755859375,262300,101.45557403564453
2021-12-03,110.31999969482422,110.31999969482422,107.19000244140625,108.16999816894531,82400,99.94033813476562
2021-12-06,109.69999694824219,110.56999969482422,108.51000213623047,109.51000213623047,106200,101.17842102050781
2021-12-07,110.9000015258789,112.7699966430664,110.9000015258789,112.18000030517578,43800,103.645263671875
2021-12-08,112.51000213623047,112.51000213623047,111.55000305175781,111.6500015258789,42400,103.15558624267578
2021-12-09,111.2699966430664,111.63999938964844,110.4800033569336,110.52999877929688,29000,102.12081909179688
2021-12-10,111.16999816894531,111.16999816894531,109.16999816894531,109.8499984741211,77300,101.49254608154297
2021-12-13,109.2699966430664,109.2699966430664,107.80000305175781,108.08999633789062,168300,100.33867645263672
2021-12-14,107.97000122070312,109.52999877929688,107.69999694824219,108.91000366210938,49400,101.09988403320312
2021-12-15,109.37000274658203,110.05000305175781,107.81999969482422,109.88999938964844,22700,102.00960540771484
2021-12-16,111.18000030517578,111.98999786376953,110.30000305175781,110.86000061035156,31300,102.9100341796875
2021-12-17,110.06999969482422,110.06999969482422,107.95999908447266,108.2699966430664,24400,100.5057601928711
2021-12-20,107.0,107.0,104.7300033569336,105.94999694824219,65200,98.35213470458984
2021-12-21,107.11000061035156,108.66999816894531,107.11000061035156,108.43000030517578,86000,100.65428924560547
2021-12-22,108.47000122070312,109.30000305175781,108.2699966430664,109.30000305175781,63100,101.46190643310547
2021-12-23,110.05000305175781,110.91000366210938,110.05000305175781,110.3499984741211,46400,102.43660736083984
2021-12-27,110.77999877929688,111.58999633789062,110.2699966430664,111.58999633789062,51600,103.58767700195312
2021-12-28,111.5999984741211,112.19000244140625,111.41999816894531,111.5199966430664,41900,103.52269744873047
2021-12-29,111.9800033569336,111.98999786376953,110.91999816894531,111.0199966430664,40200,103.05854034423828
2021-12-30,111.33000183105469,111.75,110.5999984741211,110.66000366210938,20300,102.7243881225586
2021-12-31,110.62000274658203,110.69999694824219,110.0,110.19999694824219,32600,102.29737854003906
2022-01-03,111.12999725341797,111.98999786376953,110.9000015258789,111.31999969482422,78900,103.33706665039062
2022-01-04,112.4000015258789,114.26000213623047,112.4000015258789,113.5,101900,105.3607177734375
2022-01-05,114.19000244140625,114.19999694824219,111.36000061035156,111.43000030517578,79400,103.43914794921875
2022-01-06,112.62000274658203,112.76000213623047,110.41999816894531,112.54000091552734,60400,104.46956634521484
2022-01-07,112.98999786376953,113.58000183105469,112.05000305175781,113.22000122070312,48500,105.10078430175781
2022-01-10,113.41999816894531,113.5,111.5999984741211,113.04000091552734,102400,104.93368530273438
2022-01-11,113.18000030517578,114.6500015258789,112.5999984741211,114.54000091552734,125100,106.32613372802734
2022-01-12,114.6500015258789,114.73999786376953,112.4800033569336,112.73999786376953,202000,104.65523529052734
2022-01-13,113.38999938964844,113.4800033569336,111.19999694824219,111.58000183105469,123300,103.57841491699219
2022-01-14,110.37000274658203,110.37000274658203,108.33000183105469,109.76000213623047,85800,101.88890838623047
2022-01-18,107.58000183105469,107.58000183105469,104.5,105.44000244140625,129200,97.87871551513672
2022-01-19,107.0999984741211,107.0999984741211,104.66000366210938,104.66000366210938,90200,97.15464782714844
2022-01-20,105.3499984741211,107.72000122070312,105.30999755859375,105.5,67200,97.93441009521484
2022-01-21,104.76000213623047,105.19999694824219,103.23999786376953,103.81999969482422,79900,96.37489318847656
2022-01-24,101.72000122070312,103.54000091552734,98.88999938964844,103.52999877929688,194600,96.10568237304688
2022-01-25,101.72000122070312,103.79000091552734,100.19999694824219,102.91000366210938,263900,95.5301513671875
2022-01-26,104.52999877929688,105.04000091552734,102.04000091552734,103.05000305175781,66500,95.66011810302734
2022-01-27,104.47000122070312,105.55000305175781,102.87999725341797,103.52999877929688,75000,96.10568237304688
2022-01-28,103.27999877929688,105.0999984741211,101.58000183105469,105.06999969482422,104800,97.5352554321289
2022-01-31,104.69999694824219,107.05999755859375,104.16000366210938,107.02999877929688,71100,99.35469055175781
2022-02-01,107.05000305175781,108.88999938964844,106.80999755859375,108.69000244140625,630900,100.89563751220703
2022-02-02,108.94000244140625,109.58999633789062,107.83000183105469,108.8499984741211,93900,101.04418182373047
2022-02-03,108.43000030517578,109.23999786376953,107.48999786376953,107.6500015258789,107600,99.93022918701172
2022-02-04,107.97000122070312,110.87000274658203,107.97000122070312,110.02999877929688,102300,102.13956451416016
2022-02-07,110.16000366210938,111.26000213623047,109.87999725341797,110.33999633789062,68500,102.42733001708984
2022-02-08,110.87999725341797,112.02999877929688,110.75,111.88999938964844,47500,103.86618041992188
2022-02-09,112.93000030517578,114.20999908447266,112.83000183105469,113.4000015258789,50500,105.26788330078125
2022-02-10,112.44000244140625,113.97000122070312,111.4000015258789,111.80999755859375,62900,103.79190826416016
2022-02-11,111.75,112.55000305175781,108.97000122070312,109.66000366210938,85500,101.79608154296875
2022-02-14,109.31999969482422,109.66000366210938,107.58999633789062,108.43000030517578,121200,100.65428924560547
2022-02-15,109.5999984741211,110.37000274658203,109.1500015258789,109.77999877929688,920900,101.90747833251953
2022-02-16,109.08000183105469,109.58999633789062,108.41000366210938,109.23999786376953,73500,101.40618896484375
2022-02-17,108.36000061035156,108.37000274658203,105.73999786376953,105.94999694824219,103600,98.35213470458984
2022-02-18,105.56999969482422,105.98999786376953,104.61000061035156,105.12000274658203,45600,97.5816650390625
2022-02-22,104.5,105.66999816894531,103.61000061035156,104.19999694824219,99800,96.7276382446289
2022-02-23,105.2300033569336,105.48999786376953,102.63999938964844,102.87000274658203,57000,95.4930191040039
2022-02-24,99.33999633789062,103.12999725341797,98.55999755859375,102.7699966430664,183000,95.40018463134766
2022-02-25,103.18000030517578,105.52999877929688,103.18000030517578,105.48999786376953,46500,97.92513275146484
2022-02-28,103.20999908447266,104.4800033569336,102.66000366210938,103.58000183105469,231800,96.15208435058594
2022-03-01,103.08000183105469,103.08000183105469,99.52999877929688,100.0199966430664,194100,92.84738159179688
2022-03-02,100.69999694824219,102.52999877929688,100.33000183105469,102.0999984741211,51500,94.7782211303711
2022-03-03,102.80000305175781,103.06999969482422,100.41000366210938,101.06999969482422,47900,93.82209777832031
2022-03-04,99.6500015258789,99.6500015258789,98.25,99.48999786376953,50000,92.35540008544922
2022-03-07,98.87000274658203,98.97000122070312,95.66000366210938,95.73999786376953,1321600,88.87431335449219
2022-03-08,95.80000305175781,97.0999984741211,93.72000122070312,94.41999816894531,126400,87.64897918701172
2022-03-09,97.16000366210938,99.02999877929688,96.9000015258789,98.1500015258789,184000,91.11149597167969
2022-03-10,96.70999908447266,97.75,95.87000274658203,97.27999877929688,169800,90.30387878417969
2022-03-11,98.26000213623047,98.68000030517578,96.52999877929688,96.62000274658203,71800,89.69121551513672
2022-03-14,97.58999633789062,98.83000183105469,96.87999725341797,97.16999816894531,61700,90.2017822265625
2022-03-15,97.94000244140625,98.76000213623047,97.30999755859375,98.55000305175781,47600,91.48279571533203
2022-03-16,99.88999938964844,102.62999725341797,99.88999938964844,102.62999725341797,117000,95.27023315429688
2022-03-17,101.81999969482422,103.7300033569336,101.36000061035156,103.66000366210938,84300,96.22636413574219
2022-03-18,103.33000183105469,105.0199966430664,103.16999816894531,104.80000305175781,54700,97.28460693359375
2022-03-21,104.91000366210938,104.91999816894531,102.81999969482422,103.3499984741211,66400,95.9385986328125
2022-03-22,104.51000213623047,105.5,104.26000213623047,105.3499984741211,35700,97.795166015625
2022-03-23,104.6500015258789,104.6500015258789,103.08000183105469,103.0999984741211,49700,95.70650482177734
2022-03-24,103.05999755859375,103.19999694824219,102.2300033569336,103.1500015258789,150000,96.4338607788086
2022-03-25,103.30000305175781,104.08999633789062,102.87000274658203,103.37999725341797,26300,96.64888000488281
2022-03-28,103.26000213623047,103.33000183105469,102.48999786376953,103.31999969482422,79900,96.59280395507812
2022-03-29,104.5999984741211,105.01000213623047,103.4000015258789,103.98999786376953,32300,97.21919250488281
2022-03-30,103.91000366210938,103.91000366210938,102.08999633789062,102.51000213623047,39100,95.83554077148438
2022-03-31,102.16999816894531,102.55000305175781,99.81999969482422,99.87999725341797,86200,93.37677001953125
2022-04-01,100.44999694824219,100.69999694824219,99.1500015258789,99.97000122070312,49800,93.46092224121094
2022-04-04,99.80000305175781,100.41999816894531,99.0,99.44000244140625,29200,92.96543884277344
2022-04-05,99.12999725341797,99.69999694824219,97.95999908447266,98.18000030517578,56500,91.78744506835938
2022-04-06,97.5999984741211,97.5999984741211,96.13999938964844,96.37000274658203,50400,90.09532928466797
2022-04-07,96.2300033569336,96.66000366210938,94.61000061035156,96.16000366210938,85700,89.89897918701172
2022-04-08,96.58999633789062,97.91000366210938,96.58999633789062,97.16000366210938,49100,90.83389282226562
2022-04-11,96.91000366210938,98.25,96.6500015258789,96.91999816894531,79900,90.60951232910156
2022-04-12,97.38999938964844,98.22000122070312,95.80999755859375,96.11000061035156,67500,89.85224914550781
2022-04-13,95.62999725341797,98.08999633789062,95.29000091552734,98.01000213623047,29300,91.62854766845703
2022-04-14,98.55999755859375,99.3499984741211,97.5,97.62999725341797,38900,91.27330017089844
2022-04-18,96.08999633789062,96.61000061035156,95.19000244140625,96.06999969482422,33000,89.8148422241211
2022-04-19,96.20999908447266,98.5,96.20999908447266,98.4000015258789,20600,91.99311065673828
2022-04-20,98.80999755859375,99.79000091552734,98.76000213623047,99.12999725341797,32900,92.67561340332031
2022-04-21,99.9800033569336,100.19000244140625,96.04000091552734,96.26000213623047,56900,89.99247741699219
2022-04-22,95.8499984741211,95.8499984741211,92.75,92.80999755859375,39800,86.76710510253906
2022-04-25,92.06999969482422,93.33000183105469,91.19999694824219,93.26000213623047,54700,87.18780517578125
2022-04-26,92.55000305175781,93.27999877929688,90.5199966430664,90.5199966430664,103000,84.6261978149414
2022-04-27,90.73999786376953,92.2300033569336,90.73999786376953,91.05000305175781,44800,85.12171173095703
2022-04-28,91.76000213623047,92.91999816894531,90.06999969482422,92.44000244140625,64400,86.42120361328125
2022-04-29,91.98999786376953,92.44000244140625,88.72000122070312,88.87000274658203,22600,83.08363342285156
2022-05-02,89.13999938964844,90.51000213623047,88.20999908447266,90.08000183105469,186400,84.21483612060547
2022-05-03,90.0999984741211,91.88999938964844,90.0999984741211,91.29000091552734,55300,85.34607696533203
2022-05-04,91.8499984741211,93.77999877929688,90.73999786376953,93.5999984741211,37000,87.50567626953125
2022-05-05,92.38999938964844,92.4800033569336,89.94999694824219,90.86000061035156,59400,84.9440689086914
2022-05-06,90.29000091552734,90.29000091552734,88.33000183105469,89.1500015258789,62400,83.34540557861328
2022-05-09,87.7300033569336,88.08000183105469,85.88999938964844,86.23999786376953,65100,80.6248779296875
2022-05-10,87.2699966430664,87.2699966430664,84.69000244140625,86.06999969482422,127000,80.46595001220703
2022-05-11,85.83999633789062,87.77999877929688,85.11000061035156,85.25,49700,79.6993408203125
2022-05-12,84.72000122070312,85.7300033569336,83.37999725341797,85.0199966430664,60200,79.48431396484375
2022-05-13,86.2300033569336,87.70999908447266,86.05000305175781,86.94000244140625,31200,81.27930450439453
2022-05-16,86.62999725341797,86.79000091552734,85.47000122070312,85.97000122070312,27900,80.37246704101562
2022-05-17,87.25,88.44000244140625,86.8499984741211,88.26000213623047,28900,82.51335906982422
2022-05-18,87.13999938964844,87.19999694824219,84.91999816894531,85.3499984741211,38900,79.79283905029297
2022-05-19,84.31999969482422,86.12999725341797,84.31999969482422,85.4000015258789,266700,79.8395767211914
2022-05-20,86.3499984741211,86.66999816894531,84.05000305175781,85.91000366210938,59500,80.31636810302734
2022-05-23,87.12000274658203,88.5,86.83999633789062,88.0199966430664,41400,82.28897857666016
2022-05-24,87.51000213623047,87.69000244140625,85.33000183105469,87.0999984741211,31400,81.42890167236328
2022-05-25,86.8499984741211,88.73999786376953,86.47000122070312,88.16000366210938,54000,82.41986083984375
2022-05-26,89.12000274658203,91.19999694824219,89.12000274658203,90.75,21400,84.84121704101562
2022-05-27,91.4000015258789,92.77999877929688,91.4000015258789,92.76000213623047,23300,86.72037506103516
2022-05-31,92.30000305175781,93.04000091552734,91.69999694824219,92.38999938964844,57100,86.37445831298828
2022-06-01,92.47000122070312,92.5999984741211,90.29000091552734,91.22000122070312,73700,85.28062438964844
2022-06-02,91.25,92.94999694824219,90.98999786376953,92.9000015258789,24800,86.85122680664062
2022-06-03,92.08999633789062,92.16999816894531,91.19999694824219,91.30999755859375,71300,85.36476135253906
2022-06-06,92.2699966430664,93.30999755859375,91.30999755859375,91.41000366210938,21100,85.45826721191406
2022-06-07,90.7699966430664,91.80000305175781,90.66000366210938,91.7300033569336,39600,85.7574234008789
2022-06-08,90.94000244140625,91.31999969482422,89.6500015258789,90.0199966430664,47100,84.15875244140625
2022-06-09,89.23999786376953,89.36000061035156,87.55999755859375,87.58000183105469,22400,82.2394027709961
2022-06-10,85.94000244140625,86.04000091552734,84.2300033569336,84.52999877929688,52300,79.37537384033203
2022-06-13,82.11000061035156,83.22000122070312,81.08999633789062,82.05999755859375,74800,77.0560073852539
2022-06-14,82.20999908447266,83.2699966430664,82.08999633789062,82.44000244140625,58900,77.412841796875
2022-06-15,83.2300033569336,84.51000213623047,82.83000183105469,83.5199966430664,25700,78.4269790649414
2022-06-16,81.22000122070312,82.19000244140625,80.81999969482422,81.86000061035156,23800,76.86820983886719
2022-06-17,82.08000183105469,82.76000213623047,81.31999969482422,81.31999969482422,78300,76.36114501953125
2022-06-21,82.79000091552734,83.56999969482422,82.79000091552734,83.13999938964844,41000,78.07015991210938
2022-06-22,81.98999786376953,83.4000015258789,81.98999786376953,82.97000122070312,23800,77.9105224609375
2022-06-23,83.33000183105469,83.33000183105469,81.5999984741211,83.08000183105469,18000,78.0138168334961
2022-06-24,83.95999908447266,86.33999633789062,83.95999908447266,86.30000305175781,24400,81.03744506835938
2022-06-27,86.69000244140625,86.69999694824219,85.62000274658203,86.01000213623047,17300,80.76513671875
2022-06-28,87.20999908447266,87.94999694824219,85.75,85.7699966430664,36800,80.5397720336914
2022-06-29,85.97000122070312,86.36000061035156,85.16000366210938,85.4000015258789,13300,80.19234466552734
2022-06-30,84.0999984741211,84.69000244140625,82.8499984741211,83.97000122070312,28600,78.84953308105469
2022-07-01,83.33999633789062,84.62999725341797,82.54000091552734,84.43000030517578,20000,79.28148651123047
2022-07-05,83.11000061035156,84.95999908447266,82.18000030517578,84.95999908447266,22400,79.7791748046875
2022-07-06,84.7699966430664,84.7699966430664,83.5,84.0199966430664,40500,78.896484375
2022-07-07,84.58000183105469,85.5999984741211,84.58000183105469,85.44000244140625,19500,80.22991180419922
2022-07-08,85.47000122070312,85.81999969482422,84.66999816894531,85.08000183105469,9100,79.89185333251953
2022-07-11,84.1500015258789,84.41000366210938,83.61000061035156,83.9800033569336,61500,78.85892486572266
2022-07-12,83.61000061035156,85.25,83.45999908447266,83.69000244140625,11600,78.58662414550781
2022-07-13,82.83999633789062,83.5,82.13999938964844,83.12000274658203,24900,78.05138397216797
2022-07-14,81.75,81.94999694824219,80.62999725341797,81.80000305175781,37500,76.8118667602539
2022-07-15,82.77999877929688,85.12000274658203,82.77999877929688,84.55999755859375,59400,79.4035415649414
2022-07-18,85.88999938964844,86.62999725341797,84.45999908447266,84.75,8800,79.58197784423828
2022-07-19,85.83999633789062,88.19000244140625,85.62999725341797,87.98999786376953,36500,82.62439727783203
2022-07-20,88.0,89.12000274658203,88.0,88.95999908447266,18100,83.5352554321289
2022-07-21,88.55999755859375,90.12999725341797,88.55999755859375,90.12999725341797,51900,84.63390350341797
2022-07-22,90.30999755859375,90.5,89.22000122070312,89.69999694824219,70900,84.2301254272461
2022-07-25,90.25,90.25,89.29000091552734,89.79000091552734,14400,84.31463623046875
2022-07-26,89.37999725341797,89.5999984741211,88.31999969482422,88.47000122070312,23000,83.07512664794922
2022-07-27,88.87999725341797,90.13999938964844,88.4800033569336,89.5999984741211,21700,84.13623046875
2022-07-28,89.70999908447266,91.70999908447266,89.26000213623047,91.6500015258789,20400,86.06122589111328
2022-07-29,91.56999969482422,93.1500015258789,91.56999969482422,92.83000183105469,60000,87.16926574707031
2022-08-01,92.08999633789062,92.47000122070312,91.38999938964844,92.0199966430664,25900,86.40866088867188
2022-08-02,91.27999877929688,92.4000015258789,91.0199966430664,91.68000030517578,42200,86.0893783569336
2022-08-03,92.47000122070312,93.58999633789062,92.3499984741211,93.16999816894531,244500,87.48851013183594
2022-08-04,93.23999786376953,93.95999908447266,93.23999786376953,93.75,15900,88.03315734863281
2022-08-05,93.20999908447266,94.44999694824219,93.20999908447266,94.13999938964844,14400,88.39939880371094
2022-08-08,94.66000366210938,95.05000305175781,94.05000305175781,94.11000061035156,15000,88.37120056152344
2022-08-09,93.95999908447266,94.38999938964844,93.93000030517578,94.3499984741211,47300,88.59658813476562
2022-08-10,95.51000213623047,96.66000366210938,95.51000213623047,96.2300033569336,458800,90.36192321777344
2022-08-11,96.83000183105469,97.94000244140625,96.83000183105469,97.22000122070312,50600,91.29155731201172
2022-08-12,97.95999908447266,98.87000274658203,97.45999908447266,98.80999755859375,18400,92.78460693359375
2022-08-15,97.95999908447266,99.62000274658203,97.9000015258789,99.29000091552734,191000,93.23534393310547
2022-08-16,98.94999694824219,99.81999969482422,98.83999633789062,99.48999786376953,35300,93.42314147949219
2022-08-17,98.63999938964844,99.54000091552734,98.44999694824219,99.27999877929688,20200,93.22594451904297
2022-08-18,99.05999755859375,99.80999755859375,99.0,99.58000183105469,158000,93.50764465332031
2022-08-19,98.83000183105469,98.83000183105469,97.13999938964844,97.3499984741211,64600,91.41361999511719
2022-08-22,96.22000122070312,96.22000122070312,95.37000274658203,95.54000091552734,32100,89.7140121459961
2022-08-23,95.45999908447266,95.94000244140625,95.0999984741211,95.2300033569336,36500,89.42291259765625
2022-08-24,94.9800033569336,96.11000061035156,94.9800033569336,95.72000122070312,19800,89.88302612304688
2022-08-25,95.98999786376953,96.88999938964844,95.98999786376953,96.80999755859375,30500,90.90655517578125
2022-08-26,97.22000122070312,97.22000122070312,94.05999755859375,94.08999633789062,34400,88.35242462158203
2022-08-29,93.30000305175781,93.81999969482422,92.7699966430664,93.08000183105469,32400,87.4040298461914
2022-08-30,93.44000244140625,93.47000122070312,92.19999694824219,92.5199966430664,26600,86.87815856933594
2022-08-31,92.94000244140625,93.23999786376953,92.41000366210938,92.7300033569336,23200,87.07536315917969
2022-09-01,92.12999725341797,93.43000030517578,91.05000305175781,93.37000274658203,57600,87.67634582519531
2022-09-02,94.38999938964844,95.05000305175781,92.2699966430664,92.58000183105469,85400,86.93450927734375
2022-09-06,93.05000305175781,93.05000305175781,91.0999984741211,92.2699966430664,45100,86.64340209960938
2022-09-07,91.91999816894531,94.0999984741211,91.91999816894531,93.91000366210938,42200,88.18341064453125
2022-09-08,93.47000122070312,95.36000061035156,93.47000122070312,95.30000305175781,48200,89.48863983154297
2022-09-09,96.11000061035156,96.80000305175781,96.01000213623047,96.68000030517578,17500,90.78449249267578
2022-09-12,96.73999786376953,97.9000015258789,96.73999786376953,97.2300033569336,125400,91.30096435546875
2022-09-13,95.12999725341797,95.2699966430664,93.77999877929688,94.05000305175781,54500,88.31486511230469
2022-09-14,94.12000274658203,94.41000366210938,93.0999984741211,93.91000366210938,42100,88.18341064453125
2022-09-15,93.80000305175781,95.44000244140625,93.80000305175781,94.2699966430664,25600,88.52144622802734
2022-09-16,93.12000274658203,93.38999938964844,92.38999938964844,93.22000122070312,21200,87.53547668457031
2022-09-19,92.13999938964844,94.08999633789062,92.13999938964844,94.05999755859375,21200,88.32425689697266
2022-09-20,93.3499984741211,93.88999938964844,91.88999938964844,92.58000183105469,22200,86.93450927734375
2022-09-21,92.93000030517578,93.9800033569336,91.68000030517578,91.69999694824219,27700,86.10816192626953
2022-09-22,91.93000030517578,91.94999694824219,90.04000091552734,90.3499984741211,42300,84.8404769897461
2022-09-23,89.0999984741211,89.0999984741211,86.62000274658203,87.75,153400,82.3990249633789
2022-09-26,86.58999633789062,87.22000122070312,85.4800033569336,85.93000030517578,66200,81.13661193847656
2022-09-27,86.87999725341797,86.87999725341797,84.62999725341797,85.36000061035156,41400,80.5984115600586
2022-09-28,85.7300033569336,87.63999938964844,85.4800033569336,87.25,25600,82.38298797607422
2022-09-29,86.30999755859375,86.56999969482422,85.12000274658203,85.70999908447266,63400,80.92889404296875
2022-09-30,85.69999694824219,87.22000122070312,85.37999725341797,85.38999938964844,18400,80.6267318725586
2022-10-03,86.05000305175781,87.62000274658203,85.19999694824219,87.1500015258789,95900,82.28857421875
2022-10-04,88.4000015258789,91.19999694824219,88.4000015258789,91.19999694824219,24800,86.11264038085938
2022-10-05,89.69000244140625,91.02999877929688,89.37000274658203,90.62999725341797,75900,85.5744400024414
2022-10-06,90.01000213623047,90.72000122070312,89.70999908447266,89.94999694824219,20900,84.932373046875
2022-10-07,88.51000213623047,88.7300033569336,87.41000366210938,87.9000015258789,38100,82.99671173095703
2022-10-10,88.63999938964844,88.63999938964844,87.31999969482422,87.76000213623047,76400,82.86454010009766
2022-10-11,87.30000305175781,87.86000061035156,86.05999755859375,86.5,26500,81.67481231689453
2022-10-12,86.48999786376953,87.5,86.45999908447266,86.62999725341797,33000,81.79755401611328
2022-10-13,84.91999816894531,89.4800033569336,84.51000213623047,89.12000274658203,88900,84.14867401123047
2022-10-14,89.13999938964844,90.0,85.7699966430664,85.81999969482422,31800,81.0327377319336
2022-10-17,87.33000183105469,88.18000030517578,86.87000274658203,87.16999816894531,41900,82.30744934082031
2022-10-18,89.66000366210938,90.37999725341797,88.41999816894531,88.98999786376953,33800,84.02592468261719
2022-10-19,88.47000122070312,88.94000244140625,87.58999633789062,88.06999969482422,12900,83.15723419189453
2022-10-20,88.01000213623047,88.83000183105469,86.9800033569336,87.25,13300,82.38298797607422
2022-10-21,87.1500015258789,90.08000183105469,87.1500015258789,89.98999786376953,14200,84.97013092041016
2022-10-24,90.44000244140625,90.98999786376953,90.12999725341797,90.5999984741211,22500,85.54611206054688
2022-10-25,90.51000213623047,92.01000213623047,90.47000122070312,91.9800033569336,85500,86.8491439819336
2022-10-26,92.02999877929688,93.37999725341797,92.02999877929688,92.43000030517578,36100,87.27403259277344
2022-10-27,93.27999877929688,94.54000091552734,93.27999877929688,93.69999694824219,41900,88.47317504882812
2022-10-28,93.93000030517578,96.12999725341797,93.75,96.05999755859375,82400,90.70154571533203
2022-10-31,95.73999786376953,96.41999816894531,95.73999786376953,95.91000366210938,39600,90.5599136352539
2022-11-01,96.7300033569336,96.9800033569336,96.02999877929688,96.58999633789062,56700,91.20195770263672
2022-11-02,96.55999755859375,98.5,96.06999969482422,96.23999786376953,97600,90.87149810791016
2022-11-03,95.19999694824219,96.61000061035156,94.75,95.83999633789062,152600,90.49380493164062
2022-11-04,97.30000305175781,97.66999816894531,96.2300033569336,97.30999755859375,38000,91.8818130493164
2022-11-07,97.9800033569336,98.18000030517578,97.33000183105469,98.16000366210938,17600,92.68439483642578
2022-11-08,98.2300033569336,99.55000305175781,98.01000213623047,98.70999908447266,94700,93.2037124633789
2022-11-09,98.19000244140625,98.7300033569336,96.77999877929688,96.95999908447266,143600,91.55133819580078
2022-11-10,99.94999694824219,101.0199966430664,98.95999908447266,100.94000244140625,64700,95.309326171875
2022-11-11,101.4000015258789,102.0999984741211,101.12999725341797,101.5999984741211,32100,95.93250274658203
2022-11-14,101.06999969482422,102.2699966430664,100.58000183105469,100.73999786376953,2303300,95.1204833984375
2022-11-15,102.0999984741211,102.3499984741211,100.9000015258789,101.62999725341797,79800,95.9608383178711
2022-11-16,101.30999755859375,101.4000015258789,100.37000274658203,100.52999877929688,27300,94.9222183227539
2022-11-17,99.08000183105469,99.80999755859375,98.77999877929688,99.6500015258789,252100,94.09129333496094
2022-11-18,100.61000061035156,100.81999969482422,99.5199966430664,99.94999694824219,27100,94.37454986572266
2022-11-21,99.94999694824219,100.51000213623047,99.9000015258789,100.2300033569336,155100,94.6389389038086
2022-11-22,100.81999969482422,101.58999633789062,100.80999755859375,101.37999725341797,20300,95.72477722167969
2022-11-23,101.56999969482422,102.27999877929688,101.48999786376953,101.80999755859375,376300,96.13078308105469
2022-11-25,101.48999786376953,102.27999877929688,101.20999908447266,102.0199966430664,12800,96.3290786743164
2022-11-28,101.44000244140625,101.66000366210938,100.5,100.55999755859375,82600,94.95051574707031
2022-11-29,100.75,101.44000244140625,100.75,101.25,33600,95.60202026367188
2022-11-30,101.37999725341797,103.08000183105469,100.0,103.08000183105469,22800,97.3299560546875
2022-12-01,103.36000061035156,103.45999908447266,102.41999816894531,103.06999969482422,60400,97.32051086425781
2022-12-02,102.01000213623047,103.33000183105469,102.01000213623047,103.05999755859375,31400,97.31106567382812
2022-12-05,102.62000274658203,102.62000274658203,100.30000305175781,100.87000274658203,46600,95.24322509765625
2022-12-06,100.5,100.55999755859375,99.0999984741211,99.7699966430664,102200,94.2045669555664
2022-12-07,99.37999725341797,99.7300033569336,98.5,98.56999969482422,78500,93.07152557373047
2022-12-08,99.37000274658203,99.58000183105469,98.56999969482422,98.77999877929688,31900,93.26980590820312
2022-12-09,98.80999755859375,99.27999877929688,98.6500015258789,98.8499984741211,65700,93.3359146118164
2022-12-12,98.79000091552734,100.0,98.12000274658203,99.91000366210938,14300,94.33679962158203
2022-12-13,102.13999938964844,102.13999938964844,99.22000122070312,99.80999755859375,33400,94.66968536376953
2022-12-14,99.41999816894531,99.98999786376953,97.69999694824219,98.05999755859375,50800,93.00982666015625
2022-12-15,96.66000366210938,96.69000244140625,95.16000366210938,95.83999633789062,129600,90.9041519165039
2022-12-16,94.70999908447266,95.29000091552734,94.45999908447266,95.18000030517578,42900,90.27816009521484
2022-12-19,95.26000213623047,95.48999786376953,94.0999984741211,94.52999877929688,37600,89.66163635253906
2022-12-20,94.6500015258789,95.4800033569336,94.6500015258789,94.73999786376953,20000,89.86080169677734
2022-12-21,95.45999908447266,96.80999755859375,95.45999908447266,96.62999725341797,61500,91.6534652709961
2022-12-22,96.0199966430664,96.0199966430664,94.43000030517578,95.69999694824219,30700,90.77136993408203
2022-12-23,95.7699966430664,96.7300033569336,95.29000091552734,96.30999755859375,17200,91.34994506835938
2022-12-27,96.4800033569336,96.55000305175781,95.62999725341797,96.0,21300,91.05591583251953
2022-12-28,95.80000305175781,96.18000030517578,95.44999694824219,95.44999694824219,34700,90.53424072265625
2022-12-29,96.23999786376953,96.80999755859375,95.87000274658203,96.63999938964844,27700,91.66295623779297
2022-12-30,95.83999633789062,96.33999633789062,95.41999816894531,96.12999725341797,40800,91.17922973632812
2023-01-03,96.76000213623047,97.30000305175781,95.68000030517578,96.54000091552734,224500,91.56812286376953
2023-01-04,97.12999725341797,98.01000213623047,96.44000244140625,97.30999755859375,99800,92.29844665527344
2023-01-05,96.83999633789062,97.44000244140625,96.52999877929688,97.04000091552734,30500,92.0423583984375
2023-01-06,97.94000244140625,99.16999816894531,97.16000366210938,99.12000274658203,73900,94.0152359008789
2023-01-09,99.4800033569336,101.05000305175781,99.26000213623047,99.69999694824219,32600,94.56536865234375
2023-01-10,99.87000274658203,101.0,99.69999694824219,100.98999786376953,388900,95.78893280029297
2023-01-11,101.0,101.30000305175781,100.69999694824219,101.12000274658203,65700,95.91223907470703
2023-01-12,101.52999877929688,102.08999633789062,100.31999969482422,101.83999633789062,52500,96.59513854980469
2023-01-13,100.73999786376953,102.6500015258789,100.73999786376953,102.36000061035156,18900,97.08836364746094
2023-01-17,101.87000274658203,102.16999816894531,101.41000366210938,101.62000274658203,45400,96.38648223876953
2023-01-18,101.58999633789062,101.68000030517578,100.66999816894531,100.80000305175781,78100,95.60871124267578
2023-01-19,99.27999877929688,99.76000213623047,98.29000091552734,98.62000274658203,40600,93.54097747802734
2023-01-20,98.94000244140625,99.51000213623047,98.58000183105469,99.30999755859375,477600,94.19544982910156
2023-01-23,99.5199966430664,100.45999908447266,99.08999633789062,100.37999725341797,46900,95.21033477783203
2023-01-24,99.88999938964844,100.7699966430664,99.88999938964844,100.30000305175781,36300,95.13446807861328
2023-01-25,99.19000244140625,101.0,99.19000244140625,100.91999816894531,25100,95.7225341796875
2023-01-26,101.12999725341797,101.44999694824219,100.5,101.44000244140625,23700,96.21575927734375
2023-01-27,101.01000213623047,101.72000122070312,100.41999816894531,100.54000091552734,39800,95.36209869384766
2023-01-30,99.98999786376953,101.47000122070312,99.98999786376953,100.70999908447266,54900,95.52335357666016
2023-01-31,100.8499984741211,102.19000244140625,100.77999877929688,102.19000244140625,20400,96.92713165283203
2023-02-01,101.62999725341797,103.75,101.31999969482422,102.88999938964844,154600,97.591064453125
2023-02-02,103.31999969482422,103.93000030517578,102.05000305175781,102.55999755859375,59700,97.278076171875
2023-02-03,102.0,104.48999786376953,101.44999694824219,103.2699966430664,126400,97.95150756835938
2023-02-06,102.80000305175781,103.87000274658203,102.80000305175781,103.37000274658203,42000,98.04637145996094
2023-02-07,102.76000213623047,104.7699966430664,102.76000213623047,104.44999694824219,37600,99.07073974609375
2023-02-08,104.08000183105469,105.19999694824219,104.08000183105469,104.48999786376953,54400,99.10868072509766
2023-02-09,105.08999633789062,105.22000122070312,102.83999633789062,103.06999969482422,111200,97.76180267333984
2023-02-10,102.66000366210938,103.83999633789062,102.3499984741211,103.6500015258789,39400,98.31195068359375
2023-02-13,103.83000183105469,104.70999908447266,103.83000183105469,104.44999694824219,14700,99.07073974609375
2023-02-14,104.4000015258789,105.62999725341797,104.05000305175781,104.44999694824219,44500,99.07073974609375
2023-02-15,103.80000305175781,105.05999755859375,103.37999725341797,104.88999938964844,44500,99.48807525634766
2023-02-16,104.43000030517578,105.19999694824219,104.18000030517578,104.30000305175781,31600,98.92847442626953
2023-02-17,103.70999908447266,104.41000366210938,103.55000305175781,104.26000213623047,20800,98.89051818847656
2023-02-21,103.36000061035156,103.94999694824219,102.4800033569336,102.63999938964844,42500,97.35396575927734
2023-02-22,102.62000274658203,102.70999908447266,101.94000244140625,102.20999908447266,43600,96.94610595703125
2023-02-23,102.69000244140625,102.9000015258789,101.25,101.98999786376953,22200,96.73741912841797
2023-02-24,101.30000305175781,102.55000305175781,101.27999877929688,102.36000061035156,84000,97.08836364746094
2023-02-27,103.08999633789062,103.0999984741211,101.62999725341797,101.7300033569336,103800,96.49082946777344
2023-02-28,101.66000366210938,102.1500015258789,101.20999908447266,101.20999908447266,24700,95.99760437011719
2023-03-01,100.95999908447266,101.30000305175781,100.66000366210938,100.9800033569336,70600,95.77945709228516
2023-03-02,100.37000274658203,101.12999725341797,99.63999938964844,100.91999816894531,61400,95.7225341796875
2023-03-03,101.31999969482422,102.44999694824219,101.31999969482422,102.36000061035156,30300,97.08836364746094
2023-03-06,102.47000122070312,102.66999816894531,101.61000061035156,101.66000366210938,31600,96.42442321777344
2023-03-07,101.30000305175781,101.62000274658203,99.83999633789062,99.91999816894531,10500,94.77403259277344
2023-03-08,100.08000183105469,100.72000122070312,100.0199966430664,100.55000305175781,645200,95.37159729003906
2023-03-09,99.5999984741211,99.5999984741211,95.41999816894531,95.6500015258789,157600,90.72393035888672
2023-03-10,94.81999969482422,94.81999969482422,90.27999877929688,90.68000030517578,326300,86.00991821289062
2023-03-13,87.68000030517578,89.37999725341797,84.97000122070312,87.45999908447266,176400,82.95575714111328
2023-03-14,90.19999694824219,91.04000091552734,89.16000366210938,90.20999908447266,462900,85.5641098022461
2023-03-15,88.0199966430664,89.2699966430664,87.01000213623047,89.2699966430664,269200,84.67252349853516
2023-03-16,88.23999786376953,91.19999694824219,87.41999816894531,90.19000244140625,198200,85.5451431274414
2023-03-17,89.22000122070312,89.22000122070312,87.44000244140625,88.30999755859375,51600,83.76194763183594
2023-03-20,88.31999969482422,90.0999984741211,88.31999969482422,89.4000015258789,146800,84.79582977294922
2023-03-21,91.5,92.0999984741211,91.29000091552734,91.91999816894531,76300,87.18604278564453
2023-03-22,91.55000305175781,92.27999877929688,90.08999633789062,90.08999633789062,71000,85.45027923583984
2023-03-23,89.80000305175781,90.55999755859375,88.2699966430664,88.94999694824219,940200,84.7726821899414
2023-03-24,87.69999694824219,87.88999938964844,86.2699966430664,87.83000183105469,47700,83.70527648925781
2023-03-27,89.02999877929688,89.94999694824219,88.80999755859375,89.27999877929688,78200,85.0871810913086
2023-03-28,89.29000091552734,89.41000366210938,88.62999725341797,89.29000091552734,63600,85.09671020507812
2023-03-29,89.94999694824219,90.33999633789062,89.37999725341797,90.33999633789062,30200,86.09740447998047
2023-03-30,91.05000305175781,91.22000122070312,89.6500015258789,90.13999938964844,27700,85.90679931640625
2023-03-31,90.52999877929688,91.63999938964844,90.38999938964844,91.63999938964844,51100,87.33634948730469
2023-04-03,91.5199966430664,91.7300033569336,90.66999816894531,90.83999633789062,1069200,86.57393646240234
2023-04-04,90.77999877929688,91.23999786376953,89.29000091552734,89.72000122070312,95600,85.50651550292969
2023-04-05,89.33000183105469,89.33000183105469,88.2699966430664,88.66999816894531,117100,84.50582122802734
2023-04-06,88.7699966430664,89.31999969482422,88.7699966430664,89.25,87500,85.05860137939453
2023-04-10,88.8499984741211,89.55000305175781,88.8499984741211,89.19000244140625,36500,85.00140380859375
2023-04-11,89.43000030517578,90.44000244140625,89.2699966430664,89.91000366210938,46900,85.6875991821289
2023-04-12,90.62999725341797,90.88999938964844,89.88999938964844,90.3499984741211,37200,86.10693359375
2023-04-13,90.44999694824219,91.05000305175781,90.02999877929688,90.88999938964844,1020700,86.62156677246094
2023-04-14,91.44000244140625,92.0,91.02999877929688,91.54000091552734,53600,87.24104309082031
2023-04-17,91.27999877929688,92.91000366210938,91.18000030517578,92.9000015258789,68200,88.53717803955078
2023-04-18,92.2699966430664,93.12000274658203,92.05999755859375,92.94000244140625,47300,88.5753173828125
2023-04-19,91.83999633789062,93.93000030517578,91.83999633789062,93.62000274658203,86700,89.22337341308594
2023-04-20,92.88999938964844,93.68000030517578,92.88999938964844,93.27999877929688,34400,88.89933776855469
2023-04-21,93.2300033569336,93.69999694824219,92.56999969482422,93.69999694824219,28000,89.29960632324219
2023-04-24,93.37999725341797,93.52999877929688,92.61000061035156,92.93000030517578,54200,88.5657730102539
2023-04-25,92.26000213623047,92.26000213623047,91.0,91.12000274658203,61400,86.84076690673828
2023-04-26,90.87000274658203,91.05000305175781,89.76000213623047,90.06999969482422,35600,85.840087890625
2023-04-27,90.66999816894531,91.56999969482422,90.0199966430664,91.37000274658203,38300,87.07902526855469
2023-04-28,90.87000274658203,92.05000305175781,90.87000274658203,91.88999938964844,37200,87.5746078491211
2023-05-01,91.81999969482422,92.27999877929688,90.91999816894531,90.98999786376953,22600,86.71685791015625
2023-05-02,90.5,90.5,88.23999786376953,88.91000366210938,29400,84.73457336425781
2023-05-03,88.91000366210938,88.98999786376953,87.01000213623047,87.13999938964844,28900,83.04768371582031
2023-05-04,86.5999984741211,86.5999984741211,85.30000305175781,85.9000015258789,99100,81.86592864990234
2023-05-05,86.97000122070312,88.12000274658203,86.97000122070312,88.0,25800,83.8673095703125
2023-05-08,88.2300033569336,88.37000274658203,87.45999908447266,87.66999816894531,20000,83.55279541015625
2023-05-09,87.05999755859375,88.0,86.9800033569336,87.54000091552734,241900,83.42889404296875
2023-05-10,88.44000244140625,88.44000244140625,86.62000274658203,87.43000030517578,45000,83.32406616210938
2023-05-11,86.9800033569336,87.11000061035156,86.4800033569336,87.05000305175781,22500,82.9619140625
2023-05-12,87.52999877929688,87.70999908447266,86.36000061035156,86.7699966430664,41200,82.69506072998047
2023-05-15,87.18000030517578,88.0199966430664,86.9000015258789,87.41999816894531,28700,83.31453704833984
2023-05-16,87.25,87.27999877929688,86.58999633789062,86.7699966430664,168800,82.69506072998047
2023-05-17,87.01000213623047,88.4000015258789,86.7699966430664,88.1500015258789,25300,84.01026153564453
2023-05-18,88.05999755859375,88.6500015258789,87.41999816894531,88.5199966430664,32800,84.36285400390625
2023-05-19,88.54000091552734,88.88999938964844,87.5,87.80000305175781,26500,83.67668914794922
2023-05-22,88.04000091552734,88.3499984741211,87.48999786376953,88.13999938964844,24600,84.00071716308594
2023-05-23,87.97000122070312,88.69000244140625,87.48999786376953,87.6500015258789,238100,83.53372955322266
2023-05-24,86.98999786376953,87.19999694824219,86.33000183105469,86.68000030517578,22000,82.60929870605469
2023-05-25,86.31999969482422,87.5199966430664,86.31999969482422,87.30999755859375,18400,83.20968627929688
2023-05-26,87.36000061035156,88.63999938964844,87.36000061035156,88.30999755859375,15000,84.16272735595703
2023-05-30,88.7300033569336,88.7300033569336,87.83999633789062,88.41999816894531,23800,84.26756286621094
2023-05-31,87.93000030517578,87.93000030517578,86.98999786376953,87.19000244140625,36500,83.0953369140625
2023-06-01,87.38999938964844,87.5,86.6500015258789,87.08000183105469,1331600,82.99050903320312
2023-06-02,88.33999633789062,89.80999755859375,88.33000183105469,89.44999694824219,27700,85.24919128417969
2023-06-05,89.58999633789062,89.66999816894531,88.5999984741211,88.83000183105469,20600,84.65830993652344
2023-06-06,88.70999908447266,89.98999786376953,88.70999908447266,89.91000366210938,50800,85.6875991821289
2023-06-07,89.69000244140625,90.9000015258789,89.45999908447266,90.88999938964844,74700,87.11182403564453
2023-06-08,90.37999725341797,90.91999816894531,89.30000305175781,90.8499984741211,683000,87.073486328125
2023-06-09,90.69999694824219,91.18000030517578,90.33999633789062,91.08000183105469,217600,87.2939224243164
2023-06-12,90.62000274658203,90.62000274658203,89.22000122070312,89.87999725341797,377700,86.143798828125
2023-06-13,90.41999816894531,91.33000183105469,90.41999816894531,91.05999755859375,30100,87.27477264404297
2023-06-14,91.06999969482422,91.94000244140625,90.95999908447266,91.55000305175781,28100,87.74440002441406
2023-06-15,91.22000122070312,92.66000366210938,91.22000122070312,92.47000122070312,47600,88.62615203857422
2023-06-16,92.68000030517578,92.68000030517578,91.41999816894531,91.73999786376953,22600,87.92650604248047
2023-06-20,91.16999816894531,91.16999816894531,90.16000366210938,90.94000244140625,19000,87.15975952148438
2023-06-21,90.63999938964844,90.79000091552734,89.98999786376953,89.98999786376953,19600,86.24923706054688
2023-06-22,89.80999755859375,89.80999755859375,88.52999877929688,88.98999786376953,40200,85.29080963134766
2023-06-23,88.12000274658203,88.37999725341797,87.7300033569336,88.12000274658203,40000,84.45697784423828
2023-06-26,87.9000015258789,88.4800033569336,87.86000061035156,87.86000061035156,17500,84.2077865600586
2023-06-27,87.70999908447266,89.16000366210938,87.70999908447266,88.68000030517578,16000,84.99369812011719
2023-06-28,88.7699966430664,89.19000244140625,88.69999694824219,88.86000061035156,15500,85.16621398925781
2023-06-29,89.52999877929688,90.75,89.52999877929688,90.70999908447266,42900,86.93931579589844
2023-06-30,91.22000122070312,91.27999877929688,90.62999725341797,90.75,27900,86.9776382446289
2023-07-03,90.58999633789062,92.12000274658203,90.58999633789062,91.63999938964844,28900,87.83065032958984
2023-07-05,91.0199966430664,91.0199966430664,90.27999877929688,90.5999984741211,16100,86.8338851928711
2023-07-06,89.66000366210938,90.0,88.62000274658203,89.26000213623047,373200,85.54959869384766
2023-07-07,88.95999908447266,90.26000213623047,88.95999908447266,89.69000244140625,38200,85.96171569824219
2023-07-10,89.4800033569336,90.54000091552734,89.4800033569336,90.0,30500,86.25882720947266
2023-07-11,90.36000061035156,91.45999908447266,90.12999725341797,91.45999908447266,564100,87.65813446044922
2023-07-12,92.4000015258789,92.97000122070312,92.08000183105469,92.36000061035156,62900,88.5207290649414
2023-07-13,92.51000213623047,93.47000122070312,92.51000213623047,93.47000122070312,176300,89.58456420898438
2023-07-14,94.05000305175781,94.05000305175781,92.80000305175781,92.88999938964844,34900,89.02867889404297
2023-07-17,92.86000061035156,93.76000213623047,92.5,93.4000015258789,31700,89.51749420166016
2023-07-18,94.16999816894531,96.87000274658203,94.16999816894531,96.73999786376953,64600,92.7186508178711
2023-07-19,96.51000213623047,97.81999969482422,96.51000213623047,97.12000274658203,28200,93.0828628540039
2023-07-20,96.62999725341797,98.26000213623047,96.62999725341797,98.12999725341797,19000,94.05085754394531
2023-07-21,98.43000030517578,98.5999984741211,97.54000091552734,98.02999877929688,13300,93.95503997802734
2023-07-24,98.3499984741211,99.47000122070312,98.3499984741211,98.83000183105469,17100,94.7217788696289
2023-07-25,98.56999969482422,99.2300033569336,98.5,98.76000213623047,35600,94.6546859741211
2023-07-26,98.63999938964844,99.1500015258789,98.55999755859375,99.1500015258789,20900,95.02847290039062
2023-07-27,99.36000061035156,99.73999786376953,97.8499984741211,98.12999725341797,23600,94.05085754394531
2023-07-28,98.54000091552734,98.54000091552734,97.56999969482422,97.7300033569336,35600,93.66748809814453
2023-07-31,97.87999725341797,98.26000213623047,97.55000305175781,97.83000183105469,12300,93.76334381103516
2023-08-01,97.62000274658203,97.91000366210938,97.3499984741211,97.87000274658203,11300,93.80167388916016
2023-08-02,96.87999725341797,97.30000305175781,96.5999984741211,97.08999633789062,33300,93.05410766601562
2023-08-03,96.33000183105469,97.36000061035156,95.9000015258789,96.80000305175781,11300,92.77616882324219
2023-08-04,96.6500015258789,98.05999755859375,96.5199966430664,96.69000244140625,11500,92.67073059082031
2023-08-07,96.72000122070312,97.62999725341797,96.72000122070312,97.2699966430664,15200,93.22661590576172
2023-08-08,95.97000122070312,96.52999877929688,95.0199966430664,96.13999938964844,18300,92.14360046386719
2023-08-09,95.94999694824219,96.37000274658203,95.47000122070312,95.48999786376953,11300,91.52061462402344
2023-08-10,95.69000244140625,96.73999786376953,95.27999877929688,95.55000305175781,10300,91.578125
2023-08-11,95.1500015258789,95.87999725341797,95.1500015258789,95.73999786376953,10200,91.76022338867188
2023-08-14,95.06999969482422,95.45999908447266,94.81999969482422,95.19999694824219,15200,91.24268341064453
2023-08-15,94.62999725341797,94.62999725341797,93.61000061035156,93.97000122070312,38900,90.06379699707031
2023-08-16,93.37000274658203,94.12000274658203,93.37000274658203,93.70999908447266,37700,89.81461334228516
2023-08-17,93.8499984741211,94.18000030517578,93.16999816894531,93.38999938964844,12300,89.50791931152344
2023-08-18,92.70999908447266,93.63999938964844,92.70999908447266,93.12999725341797,12400,89.25872802734375
2023-08-21,93.2699966430664,93.44999694824219,92.55000305175781,93.31999969482422,26400,89.44081115722656
2023-08-22,93.31999969482422,93.33000183105469,92.02999877929688,92.05999755859375,13700,88.23318481445312
2023-08-23,92.18000030517578,93.02999877929688,92.18000030517578,92.93000030517578,11100,89.06703186035156
2023-08-24,92.69999694824219,93.8499984741211,92.52999877929688,92.79000091552734,10300,88.93284606933594
2023-08-25,92.81999969482422,93.41999816894531,92.2300033569336,93.19999694824219,17900,89.32579803466797
2023-08-28,93.52999877929688,94.41000366210938,93.52999877929688,94.1500015258789,25700,90.236328125
2023-08-29,94.41999816894531,95.27999877929688,94.41999816894531,94.94999694824219,14100,91.00305938720703
2023-08-30,95.04000091552734,95.48999786376953,94.80000305175781,94.80000305175781,13900,90.85930633544922
2023-08-31,95.05999755859375,95.25,94.45999908447266,94.52999877929688,7300,90.60051727294922
2023-09-01,95.27999877929688,95.41999816894531,95.12000274658203,95.41999816894531,7500,91.45352935791016
2023-09-05,94.98999786376953,94.98999786376953,94.1500015258789,94.1500015258789,11000,90.236328125
2023-09-06,94.01000213623047,94.05999755859375,93.38999938964844,93.72000122070312,9400,89.8241958618164
2023-09-07,93.12000274658203,93.75,93.12000274658203,93.63999938964844,6000,89.74752044677734
2023-09-08,93.69000244140625,94.44000244140625,93.69000244140625,94.36000061035156,10000,90.43758392333984
2023-09-11,94.95999908447266,94.95999908447266,93.98999786376953,93.98999786376953,6800,90.08296966552734
2023-09-12,93.8499984741211,96.0,93.8499984741211,95.19000244140625,37300,91.23307800292969
2023-09-13,95.25,95.73999786376953,95.06999969482422,95.12999725341797,24800,91.17556762695312
2023-09-14,95.41999816894531,97.19999694824219,95.41999816894531,97.19999694824219,20100,93.1595230102539
2023-09-15,95.98999786376953,96.75,95.98999786376953,96.52999877929688,9000,92.51737213134766
2023-09-18,96.26000213623047,96.91999816894531,96.25,96.68000030517578,11400,92.66114044189453
2023-09-19,96.62000274658203,96.98999786376953,96.19000244140625,96.48999786376953,19800,92.47904968261719
2023-09-20,96.55000305175781,97.04000091552734,95.44000244140625,95.45999908447266,5800,91.49186706542969
2023-09-21,94.70999908447266,94.70999908447266,93.13999938964844,93.13999938964844,21400,89.2682876586914
2023-09-22,93.26000213623047,93.41000366210938,92.37000274658203,92.58000183105469,23700,88.73157501220703
2023-09-25,92.11000061035156,92.62000274658203,92.11000061035156,92.62000274658203,7300,88.76992797851562
2023-09-26,91.1500015258789,91.2699966430664,90.45999908447266,90.68000030517578,22000,87.45729064941406
2023-09-27,91.11000061035156,91.11000061035156,89.80999755859375,90.48999786376953,11000,87.27403259277344
2023-09-28,90.38999938964844,91.88999938964844,90.38999938964844,91.41999816894531,27400,88.17097473144531
2023-09-29,92.20999908447266,92.20999908447266,90.86000061035156,91.02999877929688,9600,87.79483795166016
2023-10-02,91.05000305175781,91.05000305175781,90.0199966430664,90.4000015258789,21900,87.1872329711914
2023-10-03,89.41999816894531,89.66999816894531,87.91999816894531,88.05999755859375,26000,84.93038940429688
2023-10-04,88.20999908447266,89.36000061035156,88.0199966430664,89.33000183105469,15700,86.1552505493164
2023-10-05,89.02999877929688,89.97000122070312,88.80999755859375,89.76000213623047,7900,86.56998443603516
2023-10-06,89.43000030517578,91.44000244140625,89.41000366210938,91.13999938964844,8000,87.90093231201172
2023-10-09,90.33999633789062,91.44000244140625,90.33999633789062,91.25,23100,88.00700378417969
2023-10-10,91.5,92.33999633789062,91.31999969482422,91.68000030517578,8500,88.42176055908203
2023-10-11,91.77999877929688,92.1500015258789,90.97000122070312,91.48999786376953,8200,88.23849487304688
2023-10-12,91.58999633789062,91.93000030517578,89.9800033569336,90.44000244140625,8700,87.2258071899414
2023-10-13,90.69000244140625,90.69000244140625,89.4800033569336,89.9000015258789,8300,86.70501708984375
2023-10-16,90.61000061035156,91.70999908447266,90.61000061035156,91.18000030517578,12100,87.93950653076172
2023-10-17,90.52999877929688,92.18000030517578,90.52999877929688,91.41000366210938,15400,88.16133880615234
2023-10-18,90.27999877929688,90.27999877929688,89.11000061035156,89.13999938964844,9300,85.97201538085938
2023-10-19,88.69999694824219,89.5,87.88999938964844,88.0199966430664,7300,84.89180755615234
2023-10-20,87.93000030517578,88.02999877929688,87.08999633789062,87.38999938964844,9600,84.2842025756836
2023-10-23,86.86000061035156,87.83000183105469,86.86000061035156,87.0,8600,83.9080581665039
2023-10-24,87.2300033569336,87.79000091552734,86.66000366210938,86.86000061035156,8900,83.77304077148438
2023-10-25,86.62000274658203,86.97000122070312,86.0199966430664,86.08999633789062,48600,83.03040313720703
2023-10-26,87.22000122070312,87.83000183105469,86.75,87.0999984741211,8700,84.00452423095703
2023-10-27,87.11000061035156,87.11000061035156,85.0999984741211,85.18000030517578,33500,82.15274810791016
2023-10-30,85.70999908447266,86.88999938964844,85.70999908447266,86.55999755859375,14000,83.48369598388672
2023-10-31,86.93000030517578,87.48999786376953,86.61000061035156,87.30000305175781,22200,84.19740295410156
2023-11-01,87.36000061035156,88.3499984741211,87.36000061035156,87.75,7100,84.63140869140625
2023-11-02,88.62000274658203,90.5199966430664,88.62000274658203,90.38999938964844,40300,87.17759704589844
2023-11-03,91.75,92.58999633789062,91.5199966430664,92.19999694824219,9700,88.92324829101562
2023-11-06,92.30000305175781,92.30000305175781,91.72000122070312,92.26000213623047,9300,88.98113250732422
2023-11-07,92.01000213623047,92.69000244140625,92.01000213623047,92.19000244140625,5700,88.91361999511719
2023-11-08,92.1500015258789,92.5199966430664,91.83999633789062,92.41000366210938,11700,89.12579345703125
2023-11-09,92.7699966430664,93.0,92.13999938964844,92.16000366210938,5500,88.88468933105469
2023-11-10,92.95999908447266,93.36000061035156,92.30999755859375,93.2699966430664,25900,89.95524597167969
2023-11-13,92.79000091552734,93.38999938964844,92.79000091552734,93.13999938964844,9500,89.82984924316406
2023-11-14,94.0199966430664,95.55000305175781,94.0199966430664,94.9000015258789,12100,91.52730560302734
2023-11-15,95.19000244140625,95.72000122070312,95.19000244140625,95.4000015258789,11300,92.00952911376953
2023-11-16,95.31999969482422,95.41999816894531,95.08999633789062,95.2300033569336,4800,91.8455810546875
2023-11-17,95.7699966430664,95.97000122070312,95.56999969482422,95.79000091552734,12100,92.38567352294922
2023-11-20,96.0,96.58999633789062,95.88999938964844,96.55000305175781,8300,93.11866760253906
2023-11-21,96.04000091552734,96.52999877929688,95.93000030517578,96.41999816894531,7800,92.99327850341797
2023-11-22,96.5,97.0,96.4000015258789,96.9800033569336,3300,93.53338623046875
2023-11-24,96.9800033569336,97.37999725341797,96.9800033569336,97.31999969482422,6400,93.86129760742188
2023-11-27,96.73999786376953,97.4000015258789,96.73999786376953,97.26000213623047,9700,93.8034439086914
2023-11-28,97.0199966430664,97.51000213623047,96.7699966430664,96.95999908447266,4800,93.51408386230469
2023-11-29,97.1500015258789,98.43000030517578,97.1500015258789,97.87999725341797,20700,94.4013900756836
2023-11-30,97.86000061035156,98.6500015258789,97.86000061035156,98.6500015258789,8900,95.14402770996094
2023-12-01,98.47000122070312,100.2300033569336,98.47000122070312,100.06999969482422,35800,96.5135498046875
2023-12-04,100.06999969482422,101.02999877929688,100.05000305175781,100.83000183105469,14000,97.24656677246094
2023-12-05,100.2699966430664,100.33999633789062,99.88999938964844,100.2699966430664,17500,96.70645904541016
2023-12-06,100.7300033569336,101.06999969482422,99.2699966430664,99.2699966430664,6700,95.74199676513672
2023-12-07,99.44000244140625,99.70999908447266,99.29000091552734,99.41999816894531,56600,95.88666534423828
2023-12-08,99.44000244140625,100.94999694824219,99.4000015258789,100.94999694824219,6800,97.36228942871094
2023-12-11,100.54000091552734,101.37999725341797,100.54000091552734,101.29000091552734,23700,97.69022369384766
2023-12-12,101.61000061035156,102.05999755859375,101.25,101.98999786376953,40800,98.36532592773438
2023-12-13,102.2300033569336,104.01000213623047,102.16000366210938,103.9000015258789,19900,100.20745086669922
2023-12-14,105.12000274658203,106.75,105.12000274658203,106.44999694824219,67300,102.66683197021484
2023-12-15,105.8499984741211,105.87999725341797,105.1500015258789,105.61000061035156,9700,101.85667419433594
2023-12-18,105.45999908447266,106.19999694824219,105.43000030517578,105.83999633789062,30700,102.0784912109375
2023-12-19,105.9000015258789,107.08999633789062,105.9000015258789,106.86000061035156,25300,103.062255859375
2023-12-20,106.2300033569336,107.1500015258789,105.08999633789062,105.08999633789062,26700,101.77230072021484
2023-12-21,105.80000305175781,106.52999877929688,105.62000274658203,106.47000122070312,21900,103.10873413085938
2023-12-22,107.45999908447266,107.72000122070312,107.08000183105469,107.55999755859375,13200,104.16433715820312
2023-12-26,107.30999755859375,107.91999816894531,107.30000305175781,107.66999816894531,10000,104.27085876464844
2023-12-27,107.93000030517578,108.87000274658203,107.93000030517578,108.87000274658203,7500,105.43296813964844
2023-12-28,108.80999755859375,109.30000305175781,108.68000030517578,109.0999984741211,16200,105.65570068359375
2023-12-29,109.31999969482422,109.4000015258789,108.08000183105469,108.52999877929688,6300,105.10369110107422
2024-01-02,107.62999725341797,107.69000244140625,106.80999755859375,107.61000061035156,30100,104.2127456665039
2024-01-03,106.19999694824219,106.19999694824219,105.18000030517578,105.58000183105469,20700,102.24683380126953
2024-01-04,105.69000244140625,106.7699966430664,105.69000244140625,106.02999877929688,16600,102.68263244628906
2024-01-05,106.30999755859375,106.63999938964844,105.66999816894531,105.87000274658203,16100,102.52767944335938
2024-01-08,106.16999816894531,107.18000030517578,105.58000183105469,107.04000091552734,12800,103.6607437133789
2024-01-09,106.2699966430664,106.2699966430664,105.55999755859375,105.62000274658203,78700,102.28558349609375
2024-01-10,105.5199966430664,105.80999755859375,104.94000244140625,105.51000213623047,15700,102.1790542602539
2024-01-11,105.62999725341797,105.75,104.4000015258789,105.30000305175781,16600,101.97569274902344
2024-01-12,105.45999908447266,105.5,104.33999633789062,104.7699966430664,14300,101.46239471435547
2024-01-16,103.80000305175781,104.58000183105469,103.52999877929688,104.33000183105469,95900,101.03630065917969
2024-01-17,103.0,104.0,102.97000122070312,103.68000030517578,17200,100.40682220458984
2024-01-18,104.33000183105469,104.33000183105469,103.0999984741211,103.86000061035156,94100,100.58111572265625
2024-01-19,104.0,104.86000061035156,103.48999786376953,104.81999969482422,15400,101.51083374023438
2024-01-22,105.45999908447266,106.16000366210938,105.01000213623047,105.62999725341797,96600,102.29524993896484
2024-01-23,105.41000366210938,105.88999938964844,105.33999633789062,105.7300033569336,15000,102.39210510253906
2024-01-24,106.62000274658203,106.73999786376953,105.69999694824219,105.87000274658203,69600,102.52767944335938
2024-01-25,106.2699966430664,106.2699966430664,105.38999938964844,105.93000030517578,73200,102.58578491210938
2024-01-26,106.38999938964844,106.38999938964844,105.69000244140625,105.98999786376953,97000,102.6438980102539
2024-01-29,105.63999938964844,106.4800033569336,105.38999938964844,106.4800033569336,36400,103.11841583251953
2024-01-30,106.5199966430664,107.6500015258789,106.5199966430664,107.6500015258789,12900,104.2514877319336
2024-01-31,107.62000274658203,108.04000091552734,105.72000122070312,105.91000366210938,24100,102.56641387939453
2024-02-01,106.08000183105469,106.62000274658203,104.88999938964844,106.41000366210938,98200,103.05062866210938
2024-02-02,105.81999969482422,107.25,105.81999969482422,106.9000015258789,25000,103.52516174316406
2024-02-05,106.66000366210938,106.66000366210938,105.05000305175781,105.69999694824219,19000,102.36302947998047
2024-02-06,105.8499984741211,105.8499984741211,104.91999816894531,105.51000213623047,17000,102.1790542602539
2024-02-07,105.94999694824219,106.55000305175781,105.37999725341797,106.30999755859375,10400,102.95377349853516
2024-02-08,105.6500015258789,106.26000213623047,105.27999877929688,105.79000091552734,45700,102.4502182006836
2024-02-09,106.41000366210938,107.16000366210938,106.25,106.97000122070312,13400,103.59295654296875
2024-02-12,107.06999969482422,108.26000213623047,107.05999755859375,107.7300033569336,10000,104.32897186279297
2024-02-13,106.29000091552734,106.47000122070312,104.45999908447266,105.04000091552734,22000,101.72389221191406
2024-02-14,106.33000183105469,106.33000183105469,105.63999938964844,106.13999938964844,8000,102.7891616821289
2024-02-15,106.87999725341797,107.9000015258789,106.87999725341797,107.5999984741211,12000,104.20306396484375
2024-02-16,107.44000244140625,108.9800033569336,107.44000244140625,107.81999969482422,14000,104.4161148071289
2024-02-20,107.36000061035156,107.73999786376953,106.87000274658203,107.31999969482422,17900,103.9319076538086
2024-02-21,106.69000244140625,107.4000015258789,106.68000030517578,107.4000015258789,18500,104.00936889648438
2024-02-22,107.7699966430664,109.29000091552734,107.7699966430664,108.9000015258789,19300,105.46202850341797
2024-02-23,108.69999694824219,109.87999725341797,108.69999694824219,109.38999938964844,21400,105.93655395507812
2024-02-26,109.7300033569336,110.19000244140625,109.68000030517578,109.94000244140625,15200,106.46918487548828
2024-02-27,110.23999786376953,110.2699966430664,109.4800033569336,110.0,10800,106.52729797363281
2024-02-28,110.30000305175781,111.13999938964844,110.30000305175781,110.72000122070312,13400,107.22456359863281
2024-02-29,111.47000122070312,111.48999786376953,109.87999725341797,110.69000244140625,6600,107.19551849365234
2024-03-01,110.3499984741211,110.79000091552734,110.26000213623047,110.48999786376953,17600,107.00182342529297
2024-03-04,111.12000274658203,112.94999694824219,111.12000274658203,112.30000305175781,15600,108.75468444824219
2024-03-05,112.08000183105469,112.54000091552734,111.18000030517578,111.41999816894531,7600,107.90245819091797
2024-03-06,111.51000213623047,111.83000183105469,110.87000274658203,111.79000091552734,14700,108.26079559326172
2024-03-07,112.83000183105469,112.83000183105469,111.76000213623047,111.94999694824219,17500,108.41573333740234
2024-03-08,111.7699966430664,113.37999725341797,111.7699966430664,112.41999816894531,230400,108.87089538574219
2024-03-11,112.97000122070312,112.97000122070312,112.0999984741211,112.41999816894531,8700,108.87089538574219
2024-03-12,113.0199966430664,113.08000183105469,112.27999877929688,112.91999816894531,22400,109.35511016845703
2024-03-13,113.01000213623047,114.0,112.62000274658203,113.12999725341797,10700,109.55847930908203
2024-03-14,112.91999816894531,112.91999816894531,111.11000061035156,111.94000244140625,45200,108.40605163574219
2024-03-15,111.52999877929688,112.52999877929688,111.30999755859375,112.04000091552734,11500,108.50289154052734
2024-03-18,112.2699966430664,112.37000274658203,111.5999984741211,111.5999984741211,17700,108.07678985595703
2024-03-19,111.80000305175781,112.5199966430664,111.47000122070312,112.30000305175781,12400,108.75468444824219
2024-03-20,112.48999786376953,114.26000213623047,112.30000305175781,114.16999816894531,173500,110.5656509399414
2024-03-21,114.44999694824219,116.0,114.44999694824219,115.81999969482422,15900,112.51143646240234
2024-03-22,114.69000244140625,114.69000244140625,113.73999786376953,113.73999786376953,12400,110.49083709716797
2024-03-25,114.29000091552734,114.38999938964844,113.91999816894531,114.04000091552734,16500,110.78227996826172
2024-03-26,114.02999877929688,114.62000274658203,113.87999725341797,113.94000244140625,21600,110.68512725830078
2024-03-27,115.05000305175781,115.29000091552734,114.20999908447266,114.94999694824219,30700,111.66629028320312
2024-03-28,115.72000122070312,116.16000366210938,115.37999725341797,116.01000213623047,11000,112.69600677490234
2024-04-01,115.80999755859375,115.80999755859375,114.73999786376953,115.19999694824219,178800,111.90913391113281
2024-04-02,114.06999969482422,114.5199966430664,113.56999969482422,113.9800033569336,137700,110.72399139404297
2024-04-03,114.22000122070312,115.19999694824219,114.22000122070312,114.55999755859375,15000,111.28742218017578
2024-04-04,115.19999694824219,115.98999786376953,113.62999725341797,113.94999694824219,24500,110.6948471069336
2024-04-05,113.5999984741211,114.5,113.5,114.25,18800,110.98628997802734
2024-04-08,114.80000305175781,115.98999786376953,114.80000305175781,115.2300033569336,2022400,111.93827056884766
2024-04-09,115.87999725341797,116.08000183105469,114.18000030517578,114.97000122070312,2323700,111.68571472167969
2024-04-10,113.87999725341797,114.2699966430664,112.77999877929688,113.25,1520500,110.01483917236328
2024-04-11,113.3499984741211,113.62000274658203,112.16999816894531,112.41999816894531,124500,109.20856475830078
2024-04-12,111.45999908447266,111.75,110.31999969482422,110.83000183105469,113500,107.66397857666016
2024-04-15,112.54000091552734,112.95999908447266,109.5199966430664,109.69999694824219,104700,106.56624603271484
2024-04-16,110.51000213623047,110.51000213623047,109.16999816894531,109.87000274658203,76900,106.73140716552734
2024-04-17,110.55000305175781,111.20999908447266,110.0,110.3499984741211,31500,107.19767761230469
2024-04-18,110.6500015258789,111.38999938964844,110.18000030517578,110.51000213623047,32600,107.35311126708984
2024-04-19,110.98999786376953,111.43000030517578,110.62999725341797,111.02999877929688,129100,107.85826110839844
2024-04-22,111.6500015258789,113.26000213623047,111.3499984741211,112.87999725341797,74700,109.65541076660156
2024-04-23,112.94999694824219,113.33999633789062,112.43000030517578,113.0999984741211,38400,109.86913299560547
2024-04-24,113.0199966430664,113.3499984741211,112.62999725341797,112.9000015258789,108200,109.67485809326172
2024-04-25,112.02999877929688,112.58000183105469,111.0199966430664,112.1500015258789,50500,108.94627380371094
2024-04-26,112.3499984741211,113.19000244140625,111.94000244140625,113.01000213623047,28800,109.78170013427734
2024-04-29,113.19000244140625,113.6500015258789,112.5,112.9000015258789,52800,109.67485809326172
2024-04-30,112.05000305175781,112.33999633789062,111.36000061035156,111.37000274658203,44500,108.18856048583984
2024-05-01,111.41999816894531,113.43000030517578,111.31999969482422,112.06999969482422,53600,108.8685531616211
2024-05-02,112.66999816894531,113.3499984741211,111.80000305175781,113.16000366210938,53000,109.92742919921875
2024-05-03,114.01000213623047,114.43000030517578,113.66999816894531,114.2699966430664,47400,111.00570678710938
2024-05-06,115.01000213623047,115.73999786376953,114.93000030517578,115.73999786376953,43800,112.4337158203125
2024-05-07,116.18000030517578,116.19999694824219,115.44999694824219,115.55000305175781,125500,112.2491455078125
2024-05-08,115.2699966430664,115.81999969482422,114.95999908447266,115.69000244140625,47600,112.3851318359375
2024-05-09,115.56999969482422,116.72000122070312,115.55999755859375,116.72000122070312,66500,113.38572692871094
2024-05-10,117.02999877929688,117.19999694824219,116.19999694824219,116.45999908447266,64900,113.13314819335938
2024-05-13,116.83000183105469,117.02999877929688,116.01000213623047,116.12999725341797,61100,112.81257629394531
2024-05-14,116.36000061035156,117.11000061035156,116.20999908447266,117.0999984741211,31200,113.75487518310547
2024-05-15,117.5999984741211,118.94999694824219,117.5999984741211,118.94999694824219,65000,115.55201721191406
2024-05-16,118.66999816894531,118.94000244140625,118.19999694824219,118.19999694824219,133800,114.82344055175781
2024-05-17,118.52999877929688,119.55000305175781,118.48999786376953,119.47000122070312,39800,116.05715942382812
2024-05-20,119.56999969482422,119.88999938964844,119.05000305175781,119.58000183105469,56400,116.16402435302734
2024-05-21,119.55999755859375,120.4800033569336,119.54000091552734,120.12999725341797,52600,116.69829559326172
2024-05-22,119.8499984741211,120.08000183105469,118.87999725341797,119.23999786376953,40300,115.83372497558594
2024-05-23,119.45999908447266,119.45999908447266,117.26000213623047,117.30000305175781,30300,113.94915771484375
2024-05-24,117.87999725341797,118.91000366210938,117.87999725341797,118.91000366210938,33500,115.51317596435547
2024-05-28,118.58999633789062,118.58999633789062,117.18000030517578,117.68000030517578,58000,114.31829071044922
2024-05-29,116.5,116.56999969482422,115.94999694824219,116.43000030517578,118800,113.10399627685547
2024-05-30,116.22000122070312,116.41999816894531,115.6500015258789,116.0199966430664,37700,112.70571899414062
2024-05-31,116.4000015258789,116.63999938964844,115.05000305175781,116.63999938964844,23600,113.3080062866211
2024-06-03,117.16000366210938,117.16000366210938,115.37000274658203,116.30999755859375,28600,112.9874267578125
2024-06-04,115.9000015258789,116.73999786376953,115.9000015258789,116.52999877929688,23400,113.20114135742188
2024-06-05,116.93000030517578,117.66999816894531,116.4800033569336,117.66000366210938,20900,114.29886627197266
2024-06-06,117.73999786376953,117.94000244140625,117.27999877929688,117.36000061035156,19600,114.00743865966797
2024-06-07,116.9800033569336,117.75,116.33000183105469,116.33000183105469,20000,113.00685119628906
2024-06-10,115.97000122070312,116.7300033569336,115.7699966430664,116.52999877929688,42300,113.20114135742188
2024-06-11,115.41999816894531,115.41999816894531,114.61000061035156,115.11000061035156,24100,112.17208862304688
2024-06-12,116.72000122070312,117.26000213623047,116.20999908447266,116.23999786376953,19000,113.27325439453125
2024-06-13,116.0199966430664,116.0199966430664,114.94999694824219,115.33000183105469,106200,112.38648986816406
2024-06-14,114.45999908447266,115.22000122070312,114.27999877929688,115.22000122070312,119100,112.279296875
2024-06-17,115.02999877929688,115.93000030517578,114.22000122070312,115.93000030517578,222300,112.97117614746094
2024-06-18,115.76000213623047,116.38999938964844,115.61000061035156,116.36000061035156,51200,113.39019775390625
2024-06-20,116.58000183105469,116.87000274658203,116.01000213623047,116.58000183105469,69400,113.60457611083984
2024-06-21,116.45999908447266,116.45999908447266,115.86000061035156,116.16999816894531,20700,113.20503997802734
2024-06-24,116.26000213623047,117.33999633789062,116.04000091552734,116.70999908447266,118800,113.73126220703125
2024-06-25,117.01000213623047,117.08999633789062,116.54000091552734,116.87999725341797,22300,113.89691925048828
2024-06-26,116.58000183105469,116.58000183105469,115.9000015258789,116.44999694824219,103500,113.47789764404297
2024-06-27,116.01000213623047,116.54000091552734,115.95999908447266,116.54000091552734,42800,113.56558990478516
2024-06-28,116.83000183105469,117.33000183105469,116.47000122070312,116.93000030517578,32100,113.94563293457031
2024-07-01,117.80999755859375,118.20999908447266,117.26000213623047,117.94999694824219,30100,114.9395980834961
2024-07-02,118.2300033569336,118.81999969482422,117.9800033569336,118.81999969482422,44000,115.78742218017578
2024-07-03,118.9000015258789,119.01000213623047,118.61000061035156,118.61000061035156,114100,115.58277893066406
2024-07-05,118.58000183105469,118.70999908447266,117.5,118.70999908447266,35600,115.68020629882812
2024-07-08,119.0199966430664,119.41999816894531,118.3499984741211,118.37999725341797,37600,115.35863494873047
2024-07-09,118.63999938964844,119.98999786376953,118.45999908447266,119.5199966430664,28600,116.46953582763672
2024-07-10,119.5,120.37999725341797,119.30999755859375,120.33999633789062,23400,117.26861572265625
2024-07-11,120.80999755859375,121.63999938964844,120.72000122070312,121.41999816894531,25300,118.321044921875
2024-07-12,121.7300033569336,122.55000305175781,121.7300033569336,121.76000213623047,42200,118.65238189697266
2024-07-15,122.2300033569336,124.0199966430664,122.20999908447266,124.0199966430664,143900,120.85469055175781
2024-07-16,123.3499984741211,124.73999786376953,123.3499984741211,124.4000015258789,68400,121.22501373291016
2024-07-17,123.41000366210938,124.2300033569336,123.16999816894531,124.0999984741211,39500,120.93264770507812
2024-07-18,123.66999816894531,124.26000213623047,121.33000183105469,121.86000061035156,53000,118.74981689453125
2024-07-19,121.4800033569336,121.76000213623047,120.9000015258789,121.3499984741211,25900,118.25283813476562
2024-07-22,121.73999786376953,122.77999877929688,121.36000061035156,122.77999877929688,32800,119.6463394165039
2024-07-23,123.08999633789062,124.25,123.08999633789062,123.58000183105469,26400,120.4259262084961
2024-07-24,123.44999694824219,123.76000213623047,121.30000305175781,121.5,37400,118.39900970458984
2024-07-25,121.33000183105469,124.5,121.33000183105469,123.31999969482422,90900,120.17256164550781
2024-07-26,124.05000305175781,125.05999755859375,124.05000305175781,124.45999908447266,33300,121.28345489501953
2024-07-29,124.56999969482422,124.56999969482422,123.16000366210938,123.20999908447266,25800,120.06536102294922
2024-07-30,124.05000305175781,125.0199966430664,123.5,123.88999938964844,39000,120.72799682617188
2024-07-31,124.86000061035156,124.95999908447266,123.8499984741211,124.08999633789062,36500,120.92289733886719
2024-08-01,124.7699966430664,124.7699966430664,121.83999633789062,122.29000091552734,49600,119.1688461303711
2024-08-02,121.30999755859375,121.30999755859375,118.7699966430664,119.4800033569336,46700,116.4305648803711
2024-08-05,114.94000244140625,117.19999694824219,114.16999816894531,115.7300033569336,87500,112.77629089355469
2024-08-06,116.18000030517578,119.06999969482422,116.05000305175781,117.76000213623047,111000,114.75446319580078
2024-08-07,119.16999816894531,119.9000015258789,117.48999786376953,117.68000030517578,89600,114.67649841308594
2024-08-08,118.44999694824219,120.36000061035156,118.44999694824219,120.11000061035156,61000,117.04447937011719
2024-08-09,119.93000030517578,121.06999969482422,119.86000061035156,120.63999938964844,124400,117.56095886230469
2024-08-12,120.72000122070312,120.72000122070312,119.62999725341797,120.22000122070312,47700,117.15169525146484
2024-08-13,120.91999816894531,121.69000244140625,120.41000366210938,121.58999633789062,29000,118.48670959472656
2024-08-14,122.05999755859375,123.52999877929688,121.86000061035156,123.51000213623047,109800,120.35771179199219
2024-08-15,124.58999633789062,124.58999633789062,123.68000030517578,123.95999908447266,233500,120.79622650146484
2024-08-16,123.58000183105469,124.80000305175781,123.58000183105469,124.80000305175781,59000,121.6147689819336
2024-08-19,124.81999969482422,125.20999908447266,124.66999816894531,125.20999908447266,132100,122.01432037353516
2024-08-20,125.20999908447266,125.20999908447266,124.12000274658203,124.27999877929688,37800,121.10803985595703
2024-08-21,124.75,124.91999816894531,123.9000015258789,124.87000274658203,55900,121.68299865722656
2024-08-22,124.70999908447266,125.25,124.4800033569336,125.02999877929688,955300,121.83891296386719
2024-08-23,125.72000122070312,126.55000305175781,125.33999633789062,126.31999969482422,44800,123.09598541259766
2024-08-26,126.95999908447266,127.25,126.26000213623047,126.37999725341797,47000,123.15445709228516
2024-08-27,126.4800033569336,126.95999908447266,126.33000183105469,126.76000213623047,79500,123.52476501464844
2024-08-28,126.4800033569336,127.08999633789062,125.44000244140625,126.13999938964844,103200,122.92058563232422
2024-08-29,126.2699966430664,127.47000122070312,126.05999755859375,126.8499984741211,49600,123.61246490478516
2024-08-30,127.22000122070312,127.7300033569336,126.25,127.7300033569336,28500,124.47000885009766
2024-09-03,127.0,127.11000061035156,124.38999938964844,125.13999938964844,119600,121.94612121582031
2024-09-04,125.26000213623047,126.30000305175781,124.97000122070312,125.62999725341797,104800,122.4236068725586
2024-09-05,125.9800033569336,125.98999786376953,124.61000061035156,125.58000183105469,447200,122.37489318847656
2024-09-06,125.66000366210938,126.26000213623047,122.68000030517578,123.0199966430664,189300,119.88021087646484
2024-09-09,124.13999938964844,125.5,124.05999755859375,124.52999877929688,72600,121.35166931152344
2024-09-10,124.75,124.75,122.41000366210938,123.7699966430664,69300,120.6110610961914
2024-09-11,123.05000305175781,123.70999908447266,120.81999969482422,123.70999908447266,103800,120.55259704589844
2024-09-12,123.80000305175781,124.27999877929688,122.79000091552734,124.27999877929688,57400,121.10803985595703
2024-09-13,124.56999969482422,125.44000244140625,124.56999969482422,125.05000305175781,62200,121.8583984375
2024-09-16,125.54000091552734,126.87999725341797,125.54000091552734,126.61000061035156,130200,123.37858581542969
2024-09-17,127.2300033569336,127.30999755859375,126.2300033569336,126.66000366210938,76100,123.42731475830078
2024-09-18,126.72000122070312,127.97000122070312,126.19999694824219,126.19999694824219,48700,122.97904968261719
2024-09-19,128.22999572753906,128.63999938964844,127.30000305175781,128.4499969482422,43200,125.171630859375
2024-09-20,128.0,128.30999755859375,127.4800033569336,128.02000427246094,52300,124.75260162353516
2024-09-23,128.30999755859375,128.99000549316406,128.0800018310547,128.0800018310547,49600,124.81106567382812
2024-09-24,128.47000122070312,128.47000122070312,127.41999816894531,128.44000244140625,24700,125.16188049316406
2024-09-25,128.1699981689453,128.2899932861328,126.77999877929688,127.16000366210938,998100,124.26380920410156
2024-09-26,127.7699966430664,128.0399932861328,127.37000274658203,127.75,73300,124.84037017822266
2024-09-27,128.17999267578125,129.1199951171875,127.9000015258789,128.5800018310547,49100,125.65148162841797
2024-09-30,128.1199951171875,128.57000732421875,127.19999694824219,128.55999755859375,27600,125.63192749023438
2024-10-01,128.55999755859375,128.55999755859375,126.7699966430664,127.63999938964844,25800,124.73287963867188
2024-10-02,127.62999725341797,128.14999389648438,127.12999725341797,128.02000427246094,27600,125.1042251586914
2024-10-03,127.54000091552734,128.1699981689453,127.16000366210938,128.0500030517578,37800,125.13355255126953
2024-10-04,129.3000030517578,129.9199981689453,128.38999938964844,129.61000061035156,50400,126.65802001953125
2024-10-07,129.36000061035156,129.92999267578125,128.36000061035156,128.5399932861328,53300,125.61236572265625
2024-10-08,129.02000427246094,130.24000549316406,129.02000427246094,130.10000610351562,51200,127.13687133789062
2024-10-09,130.24000549316406,131.5500030517578,130.10000610351562,131.1999969482422,38700,128.21180725097656
2024-10-10,131.02999877929688,131.02999877929688,129.9600067138672,130.38999938964844,426500,127.42024993896484
2024-10-11,130.97000122070312,132.8300018310547,130.97000122070312,132.77999877929688,131000,129.75582885742188
2024-10-14,133.33999633789062,134.85000610351562,133.1199951171875,134.83999633789062,183200,131.76889038085938
2024-10-15,136.5,136.97999572753906,135.5399932861328,135.89999389648438,90700,132.8047332763672
2024-10-16,136.97999572753906,138.25,136.92999267578125,137.97999572753906,46600,134.8373565673828
2024-10-17,138.39999389648438,138.39999389648438,137.39999389648438,137.49000549316406,42100,134.3585662841797
2024-10-18,137.67999267578125,138.74000549316406,137.61000061035156,138.47999572753906,53600,135.3260040283203
2024-10-21,138.10000610351562,138.10000610351562,136.57000732421875,137.19000244140625,54300,134.06539916992188
2024-10-22,136.47000122070312,136.50999450683594,135.72000122070312,136.3800048828125,27400,133.27383422851562
2024-10-23,135.88999938964844,136.1699981689453,134.6300048828125,135.25,142600,132.1695556640625
2024-10-24,135.66000366210938,136.2100067138672,135.2100067138672,136.07000732421875,43300,132.9708709716797
2024-10-25,136.47999572753906,136.47999572753906,134.08999633789062,134.57000732421875,66100,131.50503540039062
2024-10-28,135.61000061035156,136.49000549316406,135.61000061035156,136.2899932861328,41200,133.1858367919922
2024-10-29,136.2100067138672,137.36000061035156,136.2100067138672,136.41000366210938,31400,133.30313110351562
2024-10-30,136.11000061035156,136.99000549316406,135.4199981689453,135.4199981689453,27200,132.33566284179688
2024-10-31,134.89999389648438,134.89999389648438,132.6199951171875,132.6199951171875,74800,129.59945678710938
2024-11-01,133.2899932861328,134.22999572753906,132.80999755859375,133.11000061035156,40000,130.0782928466797
2024-11-04,132.97999572753906,133.3300018310547,132.1300048828125,133.02000427246094,66300,129.9903564453125
2024-11-05,132.99000549316406,135.1199951171875,132.99000549316406,135.08999633789062,34100,132.01318359375
2024-11-06,142.10000610351562,145.42999267578125,141.0,145.22000122070312,311300,141.91249084472656
2024-11-07,144.69000244140625,144.97000122070312,143.69000244140625,143.92999267578125,144000,140.65187072753906
2024-11-08,144.57000732421875,146.75,144.36000061035156,145.94000244140625,142800,142.61610412597656
2024-11-11,148.6199951171875,151.2100067138672,148.6199951171875,150.50999450683594,376800,147.08200073242188
2024-11-12,149.8000030517578,150.41000366210938,148.72000122070312,149.39999389648438,74700,145.9972686767578
2024-11-13,150.19000244140625,150.9600067138672,148.24000549316406,148.47999572753906,84400,145.09823608398438
2024-11-14,149.6699981689453,150.02000427246094,147.75,147.77999877929688,73500,144.4141845703125
2024-11-15,147.8000030517578,148.86000061035156,147.3800048828125,148.7100067138672,50900,145.322998046875
2024-11-18,148.9600067138672,150.4499969482422,148.42999267578125,150.0800018310547,64700,146.6617889404297
2024-11-19,149.27000427246094,150.36000061035156,148.8800048828125,149.72999572753906,106300,146.31976318359375
2024-11-20,151.05999755859375,151.16000366210938,148.3300018310547,149.63999938964844,29300,146.23182678222656
2024-11-21,150.94000244140625,151.52999877929688,149.52000427246094,150.77000427246094,64500,147.33609008789062
2024-11-22,150.5800018310547,152.05999755859375,150.39999389648438,152.0,46300,148.53807067871094
2024-11-25,153.44000244140625,153.72999572753906,152.0,153.1300048828125,41900,149.64231872558594
2024-11-26,152.07000732421875,152.94000244140625,151.39999389648438,152.67999267578125,38000,149.2025604248047
2024-11-27,153.39999389648438,154.2899932861328,152.72000122070312,153.5800018310547,125100,150.08209228515625
2024-11-29,154.3699951171875,154.3800048828125,153.25,153.41000366210938,32500,149.91595458984375
2024-12-02,153.6699981689453,153.97000122070312,152.3800048828125,152.3800048828125,481600,148.90939331054688
2024-12-03,152.64999389648438,153.30999755859375,152.08999633789062,152.22000122070312,109800,148.75306701660156
2024-12-04,152.5500030517578,153.47000122070312,152.08999633789062,153.2899932861328,62700,149.7986602783203
2024-12-05,154.05999755859375,154.3800048828125,152.32000732421875,152.42999267578125,69800,148.95826721191406
2024-12-06,152.61000061035156,153.4499969482422,152.42999267578125,153.27999877929688,59000,149.78890991210938
2024-12-09,153.3800048828125,153.3800048828125,150.39999389648438,150.77000427246094,80800,147.33609008789062
2024-12-10,150.6999969482422,150.9199981689453,149.5,149.8000030517578,53500,146.38815307617188
2024-12-11,150.77999877929688,151.3699951171875,150.75999450683594,151.0500030517578,57000,147.60971069335938
2024-12-12,151.4199981689453,151.9199981689453,151.07000732421875,151.1199951171875,72100,147.6781005859375
2024-12-13,151.55999755859375,151.55999755859375,149.60000610351562,149.7899932861328,72000,146.37841796875
2024-12-16,150.64999389648438,151.16000366210938,150.16000366210938,150.25,266800,146.82791137695312
2024-12-17,149.39999389648438,149.41000366210938,147.74000549316406,148.1199951171875,348800,145.16575622558594
2024-12-18,148.39999389648438,148.50999450683594,141.8800048828125,142.10000610351562,84000,139.26580810546875
2024-12-19,144.1699981689453,145.07000732421875,141.80999755859375,141.80999755859375,98600,138.9816131591797
2024-12-20,141.0399932861328,144.77999877929688,141.0399932861328,144.05999755859375,132900,141.1867218017578
2024-12-23,143.47999572753906,144.63999938964844,142.83999633789062,144.57000732421875,155800,141.68655395507812
2024-12-24,145.1999969482422,146.77999877929688,144.8300018310547,146.77999877929688,74000,143.8524932861328
2024-12-26,146.1300048828125,147.25999450683594,146.0,147.22999572753906,35200,144.29348754882812
2024-12-27,146.44000244140625,147.0,144.97000122070312,145.91000366210938,37500,142.9998321533203
2024-12-30,144.0399932861328,144.92999267578125,143.00999450683594,144.3800048828125,54400,141.5003204345703
2024-12-31,145.22000122070312,145.22000122070312,143.5500030517578,144.10000610351562,62000,141.22593688964844
2025-01-02,145.3000030517578,145.86000061035156,143.4600067138672,144.4499969482422,107200,141.56893920898438
2025-01-03,145.27000427246094,146.0500030517578,144.2100067138672,146.0500030517578,133000,143.13702392578125
2025-01-06,146.88999938964844,147.4499969482422,146.1300048828125,146.39999389648438,254000,143.48004150390625
2025-01-07,146.67999267578125,146.89999389648438,143.4499969482422,144.4499969482422,92700,141.56893920898438
2025-01-08,144.3300018310547,145.3000030517578,143.2899932861328,145.27000427246094,173500,142.37258911132812
2025-01-10,143.80999755859375,143.80999755859375,140.89999389648438,141.30999755859375,1242700,138.49156188964844
2025-01-13,140.27000427246094,141.32000732421875,139.86000061035156,141.22999572753906,137100,138.4131317138672
2025-01-14,142.4600067138672,143.4199981689453,141.77000427246094,142.64999389648438,196600,139.80484008789062
2025-01-15,146.19000244140625,147.6199951171875,146.0,147.3800048828125,112400,144.4405059814453
2025-01-16,147.85000610351562,150.25,147.85000610351562,150.05999755859375,85900,147.0670623779297
2025-01-17,150.74000549316406,152.1699981689453,150.25999450683594,151.49000549316406,106100,148.4685516357422
2025-01-21,152.0,153.72999572753906,151.7100067138672,153.72999572753906,106100,150.6638641357422
2025-01-22,153.69000244140625,154.1999969482422,153.3800048828125,153.97000122070312,111000,150.8990478515625
2025-01-23,153.75999450683594,155.3800048828125,153.67999267578125,155.1999969482422,97400,152.1045379638672
2025-01-24,154.69000244140625,156.4199981689453,154.69000244140625,155.6699981689453,111400,152.565185546875
2025-01-27,154.0800018310547,154.55999755859375,152.75,154.50999450683594,118700,151.42828369140625
2025-01-28,154.4499969482422,155.9199981689453,154.07000732421875,155.4199981689453,95100,152.32012939453125
2025-01-29,154.9499969482422,155.89999389648438,154.27999877929688,155.22999572753906,105800,152.13392639160156
2025-01-30,156.3300018310547,157.75999450683594,156.16000366210938,157.14999389648438,119200,154.015625
2025-01-31,157.2899932861328,157.7899932861328,156.10000610351562,156.44000244140625,123900,153.31980895996094
2025-02-03,153.25,155.97999572753906,152.8800048828125,155.4499969482422,240900,152.3495330810547
2025-02-04,155.3000030517578,156.3000030517578,154.82000732421875,155.07000732421875,112500,151.97714233398438
2025-02-05,155.86000061035156,156.4600067138672,154.66000366210938,156.33999633789062,188000,153.2218017578125
2025-02-06,157.5,158.33999633789062,157.17999267578125,158.0500030517578,441100,154.89767456054688
2025-02-07,158.42999267578125,158.92999267578125,157.61000061035156,157.85000610351562,263100,154.70169067382812
2025-02-10,158.55999755859375,158.55999755859375,155.5500030517578,156.24000549316406,180400,153.1238250732422
2025-02-11,156.5500030517578,156.6300048828125,155.1199951171875,156.25999450683594,122400,153.14340209960938
2025-02-12,155.0500030517578,156.5500030517578,154.85000610351562,156.5500030517578,174000,153.42759704589844
2025-02-13,158.52999877929688,159.0800018310547,157.22999572753906,158.99000549316406,141000,155.81895446777344
2025-02-14,159.02999877929688,159.89999389648438,158.4199981689453,158.9499969482422,110200,155.7797393798828
2025-02-18,159.4499969482422,159.4499969482422,158.2899932861328,159.3000030517578,187700,156.1227569580078
2025-02-19,159.17999267578125,159.4199981689453,158.38999938964844,159.13999938964844,102900,155.9659423828125
2025-02-20,159.08999633789062,159.08999633789062,154.25,155.67999267578125,132900,152.57493591308594
2025-02-21,156.60000610351562,156.60000610351562,152.3000030517578,152.6999969482422,86600,149.65438842773438
2025-02-24,153.3300018310547,153.8000030517578,150.72999572753906,151.66000366210938,2093800,148.63511657714844
2025-02-25,151.86000061035156,152.1300048828125,148.11000061035156,149.9499969482422,3361500,146.95921325683594
2025-02-26,150.27999877929688,152.05999755859375,150.02000427246094,150.58999633789062,238900,147.5864715576172
2025-02-27,151.47000122070312,152.82000732421875,149.19000244140625,149.44000244140625,266000,146.45941162109375
2025-02-28,149.9499969482422,152.88999938964844,149.80999755859375,152.77000427246094,213300,149.72300720214844
2025-03-03,154.32000732421875,154.32000732421875,149.19000244140625,149.99000549316406,205300,146.99842834472656
2025-03-04,148.5399932861328,148.5399932861328,143.00999450683594,144.8699951171875,276800,141.9805450439453
2025-03-05,145.32000732421875,147.64999389648438,144.4499969482422,147.08999633789062,112300,144.15628051757812
2025-03-06,144.97000122070312,146.2899932861328,142.75999450683594,143.3800048828125,156700,140.52029418945312
2025-03-07,142.60000610351562,143.27999877929688,138.44000244140625,142.0800018310547,310000,139.24618530273438
2025-03-10,139.13999938964844,139.13999938964844,133.97000122070312,135.66000366210938,225300,132.9542694091797
2025-03-11,135.88999938964844,137.39999389648438,134.5500030517578,135.6699981689453,145600,132.9640655517578
2025-03-12,137.77999877929688,138.14999389648438,135.02999877929688,136.74000549316406,248100,134.01272583007812
2025-03-13,136.52000427246094,136.63999938964844,134.1199951171875,134.67999267578125,64000,131.99380493164062
2025-03-14,136.66000366210938,138.52000427246094,136.25,138.13999938964844,119000,135.38479614257812
2025-03-17,138.02999877929688,141.8300018310547,138.02999877929688,140.91000366210938,356300,138.09954833984375
2025-03-18,140.13999938964844,140.38999938964844,139.13999938964844,139.91000366210938,258200,137.572509765625
2025-03-19,140.1199951171875,143.10000610351562,139.50999450683594,141.89999389648438,134000,139.5292510986328
2025-03-20,140.85000610351562,143.1199951171875,140.85000610351562,142.25999450683594,248600,139.88323974609375
2025-03-21,141.17999267578125,142.22000122070312,140.35000610351562,142.0,126600,139.62757873535156
2025-03-24,144.36000061035156,146.0,144.0,145.52000427246094,264500,143.08877563476562
2025-03-25,146.19000244140625,146.92999267578125,145.52000427246094,146.74000549316406,155700,144.2884063720703
2025-03-26,147.14999389648438,147.5500030517578,143.82000732421875,144.39999389648438,93300,141.9874725341797
2025-03-27,143.3699951171875,143.8000030517578,141.85000610351562,142.27999877929688,405800,139.9029083251953
2025-03-28,141.9600067138672,142.35000610351562,138.74000549316406,139.41000366210938,449100,137.08084106445312
2025-03-31,137.30999755859375,140.66000366210938,136.61000061035156,140.11000061035156,176900,137.7691650390625
2025-04-01,139.83999633789062,141.33999633789062,138.35000610351562,140.4600067138672,211300,138.1133270263672
2025-04-02,138.89999389648438,143.25,138.8800048828125,142.72999572753906,116100,140.34539794921875
2025-04-03,136.16000366210938,137.1999969482422,133.58999633789062,133.80999755859375,657700,131.57440185546875
2025-04-04,128.8699951171875,129.8300018310547,123.5999984741211,123.93000030517578,432200,121.85948181152344
2025-04-07,119.56999969482422,127.5,116.87999725341797,122.86000061035156,852700,120.8073501586914
2025-04-08,128.3300018310547,128.61000061035156,120.27999877929688,122.04000091552734,210300,120.00105285644531
2025-04-09,120.33999633789062,134.27999877929688,119.5999984741211,133.5800018310547,233500,131.34825134277344
2025-04-10,130.6699981689453,130.6699981689453,125.0,128.77000427246094,111600,126.61862182617188
2025-04-11,128.13999938964844,132.27000427246094,127.51000213623047,131.6300048828125,90900,129.43084716796875
2025-04-14,134.24000549316406,134.44000244140625,132.22000122070312,133.32000732421875,83800,131.09262084960938
2025-04-15,134.02000427246094,135.24000549316406,133.82000732421875,133.82000732421875,139000,131.58425903320312
2025-04-16,132.64999389648438,133.19000244140625,129.83999633789062,130.91000366210938,132400,128.7228546142578
2025-04-17,131.6699981689453,133.4499969482422,131.6199951171875,132.1199951171875,108100,129.9126434326172
2025-04-21,130.85000610351562,131.1999969482422,127.73999786376953,128.97000122070312,285500,126.81527709960938
2025-04-22,130.6699981689453,133.63999938964844,130.6300048828125,133.47000122070312,99500,131.24009704589844
2025-04-23,136.6699981689453,139.0,134.67999267578125,134.8300018310547,60300,132.5773468017578
2025-04-24,135.08999633789062,138.50999450683594,134.83999633789062,138.30999755859375,98100,135.9992218017578
2025-04-25,138.13999938964844,139.36000061035156,137.94000244140625,138.8800048828125,46500,136.55970764160156
2025-04-28,139.2899932861328,140.27000427246094,137.5,138.77000427246094,67800,136.45155334472656
2025-04-29,138.57000732421875,140.66000366210938,138.42999267578125,140.4199981689453,61300,138.07398986816406
2025-04-30,138.2899932861328,141.27000427246094,137.14999389648438,140.8699951171875,150200,138.51644897460938
2025-05-01,141.25,142.6199951171875,140.6199951171875,141.33999633789062,99400,138.9785919189453
2025-05-02,143.52999877929688,145.0500030517578,143.36000061035156,144.69000244140625,143400,142.27264404296875
2025-05-05,143.33999633789062,145.27000427246094,143.0399932861328,144.0800018310547,202600,141.67283630371094
2025-05-06,142.3300018310547,144.02999877929688,142.17999267578125,143.05999755859375,240500,140.66989135742188
2025-05-07,143.6699981689453,144.8000030517578,143.55999755859375,144.41000366210938,94600,141.997314453125
2025-05-08,145.75999450683594,148.41000366210938,145.75999450683594,146.86000061035156,176900,144.40640258789062
2025-05-09,147.27000427246094,148.16000366210938,146.69000244140625,147.2899932861328,122800,144.82919311523438
2025-05-12,152.47999572753906,152.47999572753906,149.99000549316406,150.85000610351562,79400,148.3297119140625
2025-05-13,151.97999572753906,154.8699951171875,151.97999572753906,153.94000244140625,302100,151.36810302734375
2025-05-14,153.58999633789062,154.5399932861328,153.42999267578125,154.24000549316406,128600,151.6630859375
2025-05-15,153.67999267578125,155.2100067138672,153.30999755859375,154.94000244140625,85700,152.3513946533203
2025-05-16,155.00999450683594,156.77000427246094,155.00999450683594,156.58999633789062,125500,153.97381591796875
2025-05-19,154.77999877929688,157.0,154.4499969482422,156.60000610351562,293500,153.98367309570312
2025-05-20,155.97999572753906,156.25,154.7899932861328,155.9499969482422,133000,153.34451293945312
2025-05-21,154.8000030517578,155.80999755859375,152.6300048828125,152.80999755859375,120200,150.25697326660156
2025-05-22,152.99000549316406,154.63999938964844,152.6300048828125,153.77000427246094,93400,151.200927734375
2025-05-23,151.27999877929688,154.00999450683594,151.27999877929688,153.1999969482422,136300,150.64047241210938
2025-05-27,155.14999389648438,156.47000122070312,154.11000061035156,156.3000030517578,201700,153.6886749267578
2025-05-28,156.10000610351562,156.10000610351562,154.25,154.2899932861328,160000,151.7122344970703
2025-05-29,154.99000549316406,155.10000610351562,153.3699951171875,154.57000732421875,171800,151.98757934570312
2025-05-30,153.86000061035156,154.83999633789062,152.92999267578125,154.5500030517578,73000,151.96791076660156
2025-06-02,153.57000732421875,154.8300018310547,152.52000427246094,154.74000549316406,126500,152.1547393798828
2025-06-03,154.77999877929688,155.77000427246094,153.44000244140625,155.44000244140625,82700,152.84304809570312
2025-06-04,155.9600067138672,155.9600067138672,154.67999267578125,154.67999267578125,802300,152.09571838378906
2025-06-05,155.55999755859375,156.27999877929688,154.24000549316406,155.16000366210938,124500,152.56771850585938
2025-06-06,157.11000061035156,158.0,156.1999969482422,157.13999938964844,64300,154.51461791992188
2025-06-09,157.10000610351562,157.10000610351562,154.8000030517578,156.2899932861328,190100,153.67881774902344
2025-06-10,156.32000732421875,156.5,154.86000061035156,155.83999633789062,92200,153.236328125
2025-06-11,156.24000549316406,157.77000427246094,155.6999969482422,156.6999969482422,69800,154.0819854736328
2025-06-12,155.77999877929688,156.35000610351562,154.80999755859375,156.30999755859375,48300,153.69850158691406
2025-06-13,154.50999450683594,155.4199981689453,153.44000244140625,154.05999755859375,81400,151.486083984375
2025-06-16,154.7899932861328,157.49000549316406,154.7899932861328,156.61000061035156,62200,154.35317993164062
2025-06-17,155.67999267578125,156.44000244140625,154.97999572753906,155.66000366210938,78200,153.4168701171875
2025-06-18,155.88999938964844,159.2100067138672,155.52000427246094,158.47999572753906,78100,156.1962127685547
2025-06-20,159.4600067138672,159.5399932861328,158.2899932861328,158.77999877929688,75700,156.4918975830078
2025-06-23,158.72000122070312,160.22999572753906,157.10000610351562,160.1999969482422,262300,157.8914337158203
2025-06-24,161.77000427246094,164.0500030517578,161.38999938964844,163.4499969482422,147700,161.09458923339844
2025-06-25,164.50999450683594,164.83999633789062,163.57000732421875,164.83999633789062,199400,162.46456909179688
2025-06-26,165.2899932861328,166.63999938964844,164.7899932861328,166.57000732421875,68300,164.16964721679688
2025-06-27,166.85000610351562,167.47000122070312,165.4600067138672,166.67999267578125,93700,164.27804565429688
2025-06-30,168.25,169.33999633789062,167.1199951171875,169.13999938964844,137800,166.70260620117188
2025-07-01,168.77999877929688,169.42999267578125,167.39999389648438,168.92999267578125,109600,166.49562072753906
2025-07-02,169.02000427246094,170.97999572753906,168.63999938964844,170.9499969482422,124700,168.48651123046875
2025-07-03,171.02999877929688,171.72000122070312,170.61000061035156,171.69000244140625,163800,169.2158660888672
2025-07-07,171.57000732421875,172.0500030517578,170.16000366210938,171.4199981689453,261500,168.9497528076172
2025-07-08,171.63999938964844,171.85000610351562,168.83999633789062,168.99000549316406,176600,166.55477905273438
2025-07-09,170.07000732421875,170.6699981689453,169.4499969482422,170.6699981689453,139500,168.21054077148438
2025-07-10,170.60000610351562,172.8800048828125,170.60000610351562,172.64999389648438,85100,170.16201782226562
2025-07-11,171.49000549316406,172.1300048828125,171.0,171.25999450683594,96700,168.79205322265625
2025-07-14,171.75999450683594,173.02000427246094,171.41000366210938,172.88999938964844,112500,170.39857482910156
2025-07-15,172.6300048828125,172.75,170.41000366210938,170.44000244140625,107500,167.98388671875
2025-07-16,170.9499969482422,171.9600067138672,168.64999389648438,171.72999572753906,101700,169.2552947998047
2025-07-17,171.6199951171875,173.9600067138672,171.3300018310547,173.44000244140625,56100,170.94064331054688
2025-07-18,174.72999572753906,176.0,173.5399932861328,174.6300048828125,85400,172.1134796142578
2025-07-21,175.0,175.67999267578125,173.05999755859375,173.17999267578125,352600,170.6843719482422
2025-07-22,173.25999450683594,173.25999450683594,170.58999633789062,171.4199981689453,103800,168.9497528076172
2025-07-23,171.85000610351562,173.13999938964844,171.1999969482422,173.13999938964844,66900,170.6449737548828
2025-07-24,173.27000427246094,175.52000427246094,173.27000427246094,174.41000366210938,75900,171.89666748046875
2025-07-25,174.97999572753906,176.17999267578125,174.39999389648438,175.82000732421875,108500,173.28636169433594
2025-07-28,175.6999969482422,175.8000030517578,174.47999572753906,174.88999938964844,108500,172.3697509765625
2025-07-29,175.6300048828125,176.0,174.25,175.0800018310547,74100,172.5570068359375
2025-07-30,175.75999450683594,177.6199951171875,175.49000549316406,176.38999938964844,77300,173.84812927246094
2025-07-31,175.75,177.85000610351562,175.3800048828125,175.63999938964844,140500,173.1089324951172
2025-08-01,172.14999389648438,172.25,168.8000030517578,170.97000122070312,148600,168.50624084472656
2025-08-04,172.00999450683594,175.10000610351562,172.00999450683594,174.97000122070312,52900,172.44859313964844
2025-08-05,175.3300018310547,175.33999633789062,172.6199951171875,173.4499969482422,109400,170.95050048828125
2025-08-06,173.6999969482422,173.7100067138672,172.10000610351562,173.4600067138672,126800,170.96035766601562
2025-08-07,175.07000732421875,175.16000366210938,172.8000030517578,173.38999938964844,139500,170.891357421875
2025-08-08,174.39999389648438,175.27000427246094,173.77999877929688,174.52999877929688,101300,172.01492309570312
2025-08-11,175.52999877929688,176.19000244140625,174.67999267578125,174.74000549316406,153900,172.22190856933594
2025-08-12,176.25,177.1199951171875,175.72000122070312,176.77999877929688,181300,174.2324981689453
2025-08-13,177.6300048828125,177.92999267578125,174.30999755859375,175.92999267578125,138300,173.39476013183594
2025-08-14,175.39999389648438,176.4600067138672,175.16000366210938,176.39999389648438,90600,173.8579864501953
2025-08-15,176.24000549316406,176.24000549316406,174.11000061035156,174.3000030517578,120000,171.78826904296875
2025-08-18,174.00999450683594,174.07000732421875,172.91000366210938,173.9600067138672,194700,171.45315551757812
2025-08-19,174.25,174.25,171.86000061035156,172.3699951171875,213800,169.8860626220703
2025-08-20,172.2100067138672,172.97999572753906,169.8000030517578,172.63999938964844,311500,170.1521759033203
2025-08-21,172.11000061035156,172.8000030517578,171.52000427246094,172.0500030517578,130400,169.57066345214844
2025-08-22,172.47000122070312,175.94000244140625,172.47000122070312,175.3300018310547,179400,172.80340576171875
2025-08-25,175.0500030517578,175.32000732421875,174.27000427246094,174.36000061035156,89700,171.84738159179688
2025-08-26,174.14999389648438,175.6300048828125,173.47999572753906,175.6300048828125,104600,173.0990753173828
2025-08-27,175.38999938964844,175.8000030517578,174.57000732421875,174.57000732421875,134200,172.05435180664062
2025-08-28,175.1199951171875,175.2100067138672,174.3699951171875,174.60000610351562,95400,172.08392333984375
2025-08-29,174.44000244140625,174.63999938964844,173.2899932861328,174.17999267578125,157300,171.6699676513672
2025-09-02,172.19000244140625,172.35000610351562,170.3800048828125,171.9499969482422,355800,169.47210693359375
2025-09-03,171.97999572753906,172.52999877929688,170.55999755859375,171.9499969482422,285400,169.47210693359375
2025-09-04,172.3699951171875,173.92999267578125,172.3699951171875,173.89999389648438,128400,171.3939971923828
2025-09-05,174.6999969482422,174.6999969482422,169.0,170.72999572753906,256400,168.26968383789062
2025-09-08,171.61000061035156,173.91000366210938,171.61000061035156,173.8000030517578,386400,171.2954559326172
2025-09-09,173.5500030517578,175.85000610351562,173.17999267578125,175.63999938964844,181100,173.1089324951172
2025-09-10,175.7100067138672,176.92999267578125,174.77999877929688,175.4499969482422,85400,172.9216766357422
2025-09-11,175.99000549316406,178.88999938964844,175.77000427246094,178.6999969482422,178000,176.1248321533203
2025-09-12,178.80999755859375,178.80999755859375,177.0399932861328,177.39999389648438,97900,174.8435516357422
2025-09-15,177.8800048828125,178.47999572753906,176.2899932861328,176.60000610351562,107100,174.05508422851562
2025-09-16,176.5399932861328,176.5399932861328,175.16000366210938,175.72000122070312,127600,173.61642456054688
2025-09-17,176.4199981689453,177.50999450683594,175.0,177.0,99600,174.881103515625
2025-09-18,177.72000122070312,179.07000732421875,176.3000030517578,176.3800048828125,220000,174.26852416992188
2025-09-19,176.77000427246094,177.3699951171875,175.5,176.63999938964844,98400,174.52540588378906
2025-09-22,176.17999267578125,177.0800018310547,175.88999938964844,176.9199981689453,92500,174.8020782470703
2025-09-23,177.00999450683594,178.25999450683594,175.5500030517578,176.13999938964844,113100,174.03138732910156
2025-09-24,176.47999572753906,176.47999572753906,174.08999633789062,174.1300048828125,75000,172.0454559326172
2025-09-25,173.22000122070312,174.4199981689453,172.5800018310547,173.83999633789062,77300,171.75894165039062
2025-09-26,174.72999572753906,175.8699951171875,174.58999633789062,175.25999450683594,32800,173.16192626953125
2025-09-29,176.38999938964844,177.9600067138672,175.83999633789062,177.8300018310547,47000,175.701171875
2025-09-30,177.64999389648438,178.80999755859375,175.1999969482422,176.8800048828125,101300,174.76254272460938
2025-10-01,175.8699951171875,176.2100067138672,173.8800048828125,173.94000244140625,427400,171.85772705078125
2025-10-02,174.22999572753906,174.94000244140625,173.16000366210938,174.64999389648438,80000,172.55923461914062
2025-10-03,175.1699981689453,176.67999267578125,174.94000244140625,175.88999938964844,181000,173.78439331054688
2025-10-06,177.41000366210938,177.41000366210938,174.41000366210938,175.47000122070312,79700,173.36941528320312
2025-10-07,176.3699951171875,176.42999267578125,173.83999633789062,175.0500030517578,83300,172.95443725585938
2025-10-08,175.86000061035156,176.3300018310547,173.4499969482422,175.63999938964844,82100,173.53736877441406
2025-10-09,175.6699981689453,176.24000549316406,174.8300018310547,176.17999267578125,91200,174.07090759277344
2025-10-10,176.8300018310547,177.58999633789062,171.60000610351562,171.60000610351562,154200,169.54576110839844
2025-10-13,173.80999755859375,174.02000427246094,172.39999389648438,173.39999389648438,87100,171.32418823242188
2025-10-14,171.50999450683594,174.47000122070312,170.50999450683594,172.52000427246094,104300,170.45472717285156
2025-10-15,174.61000061035156,175.5,172.9499969482422,173.49000549316406,107300,171.41311645507812
2025-10-16,173.86000061035156,174.32000732421875,169.49000549316406,170.22000122070312,84400,168.18226623535156
2025-10-17,170.0,170.86000061035156,168.77999877929688,170.35000610351562,115200,168.3107147216797
2025-10-20,171.89999389648438,173.44000244140625,171.3000030517578,172.75,54400,170.68199157714844
2025-10-21,172.4499969482422,173.33999633789062,172.3699951171875,172.58999633789062,38400,170.5238800048828
2025-10-22,172.38999938964844,172.38999938964844,169.41000366210938,170.4499969482422,82700,168.40951538085938
2025-10-23,171.3300018310547,172.42999267578125,170.14999389648438,171.8699951171875,41500,169.8125
2025-10-24,173.7100067138672,176.00999450683594,173.49000549316406,175.69000244140625,48500,173.58677673339844
2025-10-27,177.0800018310547,178.0800018310547,177.0,177.6699981689453,181600,175.54307556152344
2025-10-28,177.74000549316406,178.4199981689453,176.89999389648438,176.9499969482422,90600,174.83168029785156
2025-10-29,175.89999389648438,175.89999389648438,172.5500030517578,173.1699981689453,141800,171.09693908691406
2025-10-30,173.02000427246094,176.00999450683594,173.02000427246094,173.69000244140625,67000,171.6107177734375
2025-10-31,174.0,176.02000427246094,174.0,175.08999633789062,52800,172.9939727783203
2025-11-03,175.3300018310547,175.33999633789062,173.07000732421875,175.02000427246094,214100,172.92478942871094
2025-11-04,173.6999969482422,176.0399932861328,172.7899932861328,173.92999267578125,144900,171.84783935546875
2025-11-05,174.27000427246094,175.77999877929688,173.22999572753906,174.97999572753906,69700,172.88526916503906
2025-11-06,174.35000610351562,174.35000610351562,172.0500030517578,172.8699951171875,47600,170.80052185058594
2025-11-07,172.33999633789062,174.50999450683594,170.5800018310547,174.50999450683594,71600,172.42091369628906
2025-11-10,175.6300048828125,176.75999450683594,174.5500030517578,176.07000732421875,122000,173.96224975585938
2025-11-11,175.69000244140625,177.47000122070312,175.69000244140625,176.8800048828125,77900,174.76254272460938
2025-11-12,177.6699981689453,179.83999633789062,177.6699981689453,179.2899932861328,427200,177.14369201660156
2025-11-13,178.08999633789062,178.77000427246094,174.80999755859375,175.0399932861328,170600,172.94456481933594
2025-11-14,173.32000732421875,175.0,171.50999450683594,173.22999572753906,77800,171.15623474121094
2025-11-17,172.9199981689453,172.9199981689453,168.17999267578125,169.05999755859375,95000,167.03614807128906
2025-11-18,167.75999450683594,170.77999877929688,167.75999450683594,169.08999633789062,462000,167.0657958984375
2025-11-19,169.19000244140625,170.47999572753906,168.6300048828125,170.0399932861328,129600,168.00439453125
2025-11-20,171.97999572753906,173.3699951171875,166.74000549316406,166.7899932861328,431700,164.79331970214844
2025-11-21,168.00999450683594,168.77000427246094,165.14999389648438,167.49000549316406,314500,165.4849395751953
2025-11-24,168.3699951171875,170.47000122070312,167.47000122070312,169.6699981689453,105600,167.63885498046875
2025-11-25,169.85000610351562,172.1699981689453,168.6199951171875,171.75,171400,169.69393920898438
2025-11-26,172.4199981689453,175.25,172.4199981689453,174.47000122070312,62800,172.3813934326172
2025-11-28,175.25,176.55999755859375,175.16000366210938,175.77000427246094,19400,173.66583251953125
2025-12-01,174.27999877929688,175.17999267578125,173.14999389648438,173.77999877929688,134400,171.6996612548828
2025-12-02,174.67999267578125,174.75999450683594,173.72000122070312,173.77999877929688,44700,171.6996612548828
2025-12-03,173.80999755859375,177.3000030517578,173.80999755859375,177.17999267578125,64700,175.05892944335938
2025-12-04,177.25,178.52000427246094,177.25,178.16000366210938,56300,176.02720642089844
2025-12-05,177.7100067138672,179.27999877929688,177.55999755859375,178.60000610351562,40300,176.4619598388672
2025-12-08,178.97000122070312,179.3000030517578,177.97000122070312,178.94000244140625,42900,176.79788208007812
2025-12-09,178.6199951171875,181.6199951171875,178.6199951171875,180.05999755859375,80200,177.9044647216797
2025-12-10,179.7100067138672,182.25,179.36000061035156,181.2899932861328,72200,179.11973571777344
2025-12-11,180.89999389648438,182.77000427246094,180.85000610351562,182.22000122070312,39900,180.03860473632812
2025-12-12,182.8699951171875,182.8800048828125,180.25,180.49000549316406,66400,178.32931518554688
2025-12-15,181.49000549316406,181.50999450683594,178.75999450683594,178.86000061035156,41500,176.71884155273438
2025-12-16,178.92999267578125,179.58999633789062,177.77000427246094,178.41000366210938,50000,176.71487426757812
2025-12-17,179.1300048828125,181.11000061035156,177.72999572753906,177.9600067138672,37900,176.26914978027344
2025-12-18,179.5399932861328,179.88999938964844,177.19000244140625,177.33999633789062,59400,175.655029296875
2025-12-19,178.25,180.5800018310547,178.25,180.1199951171875,60500,178.4086151123047
2025-12-22,180.8800048828125,183.22999572753906,180.8800048828125,182.80999755859375,78600,181.07305908203125
2025-12-23,182.6300048828125,183.08999633789062,182.3300018310547,182.99000549316406,41700,181.25135803222656
2025-12-24,183.14999389648438,184.1300048828125,182.8000030517578,183.92999267578125,20100,182.1824188232422
2025-12-26,183.86000061035156,184.10000610351562,183.5,184.02999877929688,800900,182.28146362304688
2025-12-29,183.6300048828125,183.8000030517578,182.47000122070312,182.57000732421875,61900,180.83535766601562
2025-12-30,182.97999572753906,182.97999572753906,181.08999633789062,181.1699981689453,134100,179.44863891601562
2025-12-31,181.30999755859375,181.3300018310547,179.35000610351562,179.3699951171875,70200,177.66574096679688
2026-01-02,180.0,182.0500030517578,178.9499969482422,181.80999755859375,103500,180.0825653076172
2026-01-05,182.10000610351562,189.33999633789062,182.10000610351562,188.11000061035156,121500,186.32269287109375
2026-01-06,188.0500030517578,189.3699951171875,187.7899932861328,189.0800018310547,96900,187.2834930419922
2026-01-07,189.07000732421875,189.07000732421875,186.0,186.07000732421875,54900,184.30210876464844
2026-01-08,185.30999755859375,186.88999938964844,185.30999755859375,185.64999389648438,73900,183.8860626220703
2026-01-09,186.38999938964844,186.82000732421875,185.52999877929688,185.67999267578125,125500,183.91578674316406
2026-01-12,184.9600067138672,187.60000610351562,184.9600067138672,187.47999572753906,78200,185.6986846923828
2026-01-13,187.82000732421875,187.82000732421875,185.24000549316406,186.4600067138672,132700,184.6884002685547
2026-01-14,186.0800018310547,187.55999755859375,184.6300048828125,187.55999755859375,118100,185.77792358398438
2026-01-15,187.32000732421875,191.6199951171875,187.32000732421875,190.39999389648438,146000,188.59095764160156
2026-01-16,190.1699981689453,191.4600067138672,189.5,190.1699981689453,72800,188.3631134033203
2026-01-20,187.1999969482422,188.85000610351562,184.57000732421875,184.85000610351562,115800,183.09368896484375
2026-01-21,185.8000030517578,189.1300048828125,185.61000061035156,186.94000244140625,98400,185.16383361816406
2026-01-22,188.24000549316406,189.52000427246094,187.83999633789062,188.16000366210938,90100,186.37225341796875
2026-01-23,187.27999877929688,187.27999877929688,184.42999267578125,184.8699951171875,79700,183.1134796142578
2026-01-26,184.8699951171875,186.3000030517578,184.8699951171875,185.75999450683594,108900,183.9950408935547
2026-01-27,185.4600067138672,185.92999267578125,184.2100067138672,185.02000427246094,697300,183.26206970214844
2026-01-28,184.8699951171875,185.77000427246094,184.10000610351562,185.25999450683594,261000,183.49978637695312
2026-01-29,185.82000732421875,187.52999877929688,183.22000122070312,184.74000549316406,172000,182.98472595214844
2026-01-30,184.3000030517578,185.55999755859375,182.6300048828125,184.4199981689453,106300,182.6677703857422
2026-02-02,184.22999572753906,185.3300018310547,182.8800048828125,184.9199981689453,143000,183.1630096435547
2026-02-03,184.02999877929688,184.5399932861328,177.36000061035156,179.57000732421875,192200,177.86386108398438
2026-02-04,178.97999572753906,179.13999938964844,175.8800048828125,177.88999938964844,280700,176.19981384277344
2026-02-05,177.49000549316406,178.22999572753906,173.4499969482422,173.97000122070312,518600,172.3170623779297
2026-02-06,176.36000061035156,178.8699951171875,176.36000061035156,178.47000122070312,219900,176.7742919921875
2026-02-09,178.13999938964844,181.83999633789062,178.13999938964844,181.2899932861328,67700,179.56748962402344
2026-02-10,179.0500030517578,180.6199951171875,173.6300048828125,175.6199951171875,934800,173.95138549804688
2026-02-11,176.08999633789062,176.5800018310547,170.8300018310547,171.3000030517578,264900,169.67242431640625
2026-02-12,172.2100067138672,172.44000244140625,165.3300018310547,167.0399932861328,304900,165.45289611816406
2026-02-13,167.16000366210938,169.64999389648438,165.27999877929688,169.3000030517578,227400,167.69142150878906
2026-02-17,169.8000030517578,170.6699981689453,168.4199981689453,169.25,229700,167.6418914794922
2026-02-18,170.0800018310547,173.69000244140625,170.0800018310547,172.91000366210938,118300,171.2671356201172
2026-02-19,171.77000427246094,171.99000549316406,169.69000244140625,171.2100067138672,109900,169.58328247070312
2026-02-20,170.57000732421875,172.13999938964844,169.58999633789062,172.0399932861328,358200,170.4053955078125
2026-02-23,171.10000610351562,172.05999755859375,166.72000122070312,167.1999969482422,115900,165.6113739013672
2026-02-24,166.27000427246094,170.6199951171875,166.27000427246094,169.58999633789062,132300,167.97866821289062
2026-02-25,171.72000122070312,173.8000030517578,170.5500030517578,173.33999633789062,64700,171.6930389404297
2026-02-26,174.10000610351562,176.74000549316406,174.07000732421875,176.64999389648438,101000,174.97158813476562
2026-02-27,173.80999755859375,173.80999755859375,169.5,170.69000244140625,129800,169.06822204589844
2026-03-02,168.1699981689453,173.13999938964844,167.50999450683594,171.99000549316406,147600,170.3558807373047
2026-03-03,168.25,172.42999267578125,167.3300018310547,171.1699981689453,166000,169.5436553955078
2026-03-04,172.27000427246094,174.05999755859375,171.6699981689453,173.2899932861328,129600,171.64352416992188
2026-03-05,171.6199951171875,174.25,168.99000549316406,170.5,118900,168.88002014160156
2026-03-06,167.5399932861328,168.88999938964844,165.6699981689453,168.6300048828125,65800,167.02780151367188
2026-03-09,166.0399932861328,169.4600067138672,163.61000061035156,168.5399932861328,81400,166.9386444091797
2026-03-10,168.6199951171875,169.10000610351562,165.6199951171875,166.75999450683594,94600,165.17555236816406
2026-03-11,166.4199981689453,167.13999938964844,163.25999450683594,165.49000549316406,74800,163.91761779785156
2026-03-12,162.6999969482422,163.25,161.22999572753906,161.3800048828125,153900,159.8466796875
2026-03-13,162.64999389648438,164.1199951171875,161.72000122070312,161.99000549316406,128100,160.4508819580078
2026-03-16,163.42999267578125,165.0800018310547,163.1699981689453,163.55999755859375,68900,162.00595092773438
2026-03-17,164.27999877929688,166.67999267578125,164.27999877929688,164.97000122070312,47900,164.0978546142578
2026-03-18,163.69000244140625,165.0399932861328,163.2100067138672,163.3699951171875,47200,162.5063018798828
2026-03-19,161.5500030517578,164.16000366210938,161.5500030517578,163.61000061035156,42800,162.7450408935547
2026-03-20,163.27000427246094,164.77000427246094,162.50999450683594,163.63999938964844,86500,162.77488708496094
2026-03-23,166.49000549316406,168.0500030517578,165.44000244140625,165.66000366210938,97300,164.78419494628906
2026-03-24,164.27999877929688,165.50999450683594,163.66000366210938,163.75,122300,162.88429260253906
2026-03-25,165.57000732421875,166.5399932861328,163.07000732421875,163.9499969482422,62100,163.08323669433594
2026-03-26,162.82000732421875,164.4499969482422,161.97999572753906,162.5,54500,161.64089965820312
2026-03-27,161.25,161.25,157.77999877929688,158.27999877929688,80900,157.44320678710938
2026-03-30,160.0,161.1300048828125,158.74000549316406,159.66000366210938,75900,158.81593322753906
2026-03-31,162.2100067138672,164.49000549316406,160.5399932861328,164.17999267578125,159700,163.31202697753906
2026-04-01,166.16000366210938,166.32000732421875,162.88999938964844,164.83999633789062,68200,163.96853637695312
2026-04-02,161.85000610351562,166.91000366210938,161.85000610351562,166.14999389648438,94800,165.2716064453125
2026-04-06,166.32000732421875,167.97999572753906,166.32000732421875,167.1699981689453,47300,166.28622436523438
2026-04-07,165.91000366210938,167.8300018310547,165.86000061035156,167.38999938964844,64500,166.50506591796875
2026-04-08,172.69000244140625,174.00999450683594,171.55999755859375,172.5399932861328,69100,171.62782287597656
2026-04-09,171.74000549316406,172.61000061035156,170.10000610351562,171.38999938964844,549600,170.48390197753906
2026-04-10,171.27999877929688,171.6699981689453,168.6999969482422,169.99000549316406,181300,169.09130859375
2026-04-13,168.05999755859375,173.25999450683594,168.05999755859375,173.22999572753906,241500,172.31417846679688
2026-04-14,174.30999755859375,176.22000122070312,174.24000549316406,175.64999389648438,66900,174.72137451171875
2026-04-15,177.44000244140625,180.0,177.44000244140625,179.39999389648438,67300,178.45155334472656
2026-04-16,178.52999877929688,179.1300048828125,176.94000244140625,177.08999633789062,88400,176.15377807617188
2026-04-17,178.77000427246094,180.5,178.02000427246094,179.0399932861328,153000,178.0934600830078
2026-04-20,178.1999969482422,180.24000549316406,178.1999969482422,180.14999389648438,35100,179.19760131835938
2026-04-21,180.58999633789062,182.14999389648438,177.6999969482422,178.1699981689453,49400,177.22805786132812
2026-04-22,179.8699951171875,180.88999938964844,178.8800048828125,179.1699981689453,29600,178.2227783203125
2026-04-23,178.42999267578125,178.89999389648438,174.30999755859375,176.2899932861328,30700,175.3579864501953
2026-04-24,176.50999450683594,176.80999755859375,175.5,176.5500030517578,97600,175.61663818359375
2026-04-27,175.94000244140625,178.10000610351562,175.94000244140625,177.63999938964844,184000,176.70086669921875
2026-04-28,177.9199981689453,178.63999938964844,177.0500030517578,177.22999572753906,56800,176.29302978515625
2026-04-29,175.75999450683594,175.75999450683594,173.33999633789062,174.6300048828125,60100,173.706787109375
2026-04-30,174.0399932861328,176.8000030517578,173.72000122070312,176.5,48400,175.56689453125
2026-05-01,176.8800048828125,178.1300048828125,176.24000549316406,176.24000549316406,45400,175.3082733154297
2026-05-04,176.16000366210938,177.9199981689453,175.58999633789062,175.9600067138672,111100,175.02975463867188
2026-05-05,176.91000366210938,177.60000610351562,175.67999267578125,176.99000549316406,58200,176.05430603027344
2026-05-06,178.41000366210938,178.77000427246094,177.94000244140625,178.47999572753906,56200,177.5364227294922
2026-05-07,178.47999572753906,178.9600067138672,176.0,176.6300048828125,44900,175.6962127685547
2026-05-08,177.27999877929688,177.49000549316406,176.07000732421875,177.49000549316406,31800,176.55166625976562
2026-05-11,177.0,178.1300048828125,175.58999633789062,177.82000732421875,172600,176.87991333007812
2026-05-12,177.25999450683594,178.36000061035156,175.5800018310547,178.25,650900,177.30764770507812
2026-05-13,177.00999450683594,178.80999755859375,175.89999389648438,178.52999877929688,127100,177.58616638183594
2026-05-14,179.47000122070312,181.25999450683594,178.1300048828125,179.66000366210938,46800,178.71018981933594
2026-05-15,178.63999938964844,179.19000244140625,177.42999267578125,177.6699981689453,57800,176.730712890625
2026-05-18,177.58999633789062,180.83999633789062,177.58999633789062,178.9600067138672,75000,178.01388549804688
2026-05-19,178.08999633789062,178.5,176.1199951171875,176.1199951171875,63200,175.18890380859375
2026-05-20,177.0800018310547,179.3800048828125,175.9199981689453,178.88999938964844,64400,177.9442596435547
2026-05-21,178.47999572753906,180.2100067138672,177.60000610351562,179.72999572753906,66600,178.77980041503906
2026-05-22,180.75999450683594,181.33999633789062,179.8000030517578,179.88999938964844,57100,178.93896484375
2026-05-26,180.47000122070312,180.75,178.63999938964844,179.10000610351562,397900,178.1531524658203
2026-05-27,178.8699951171875,178.8800048828125,176.25999450683594,177.63999938964844,76100,176.70086669921875
2026-05-28,176.8000030517578,179.60000610351562,176.0,179.5800018310547,224700,178.630615234375
2026-05-29,179.6699981689453,183.42999267578125,179.5800018310547,182.7899932861328,64000,181.82363891601562
2026-06-01,181.1199951171875,184.3300018310547,181.1199951171875,183.8800048828125,93600,182.9078826904297
2026-06-02,182.97999572753906,183.38999938964844,180.1300048828125,182.14999389648438,413100,181.18701171875
2026-06-03,180.97000122070312,180.97000122070312,177.85000610351562,179.0399932861328,71600,178.0934600830078
2026-06-04,180.85000610351562,184.25,180.77000427246094,184.02999877929688,368700,183.0570831298828
2026-06-05,183.75,183.75,178.86000061035156,179.97999572753906,46500,179.0284881591797
2026-06-08,180.52000427246094,181.67999267578125,179.6999969482422,180.0,77400,179.0483856201172
2026-06-09,180.82000732421875,182.2100067138672,176.97999572753906,180.1699981689453,90300,179.2174835205078
2026-06-10,179.52999877929688,181.27999877929688,178.67999267578125,178.8300018310547,67900,177.8845672607422
2026-06-11,179.72000122070312,181.3300018310547,178.35000610351562,180.9499969482422,49400,179.9933624267578
2026-06-12,183.07000732421875,185.88999938964844,182.6999969482422,184.27000427246094,38800,183.2958221435547
2026-06-15,187.11000061035156,188.58999633789062,186.27000427246094,186.4199981689453,135100,185.9126739501953
2026-06-16,187.9199981689453,189.0,186.30999755859375,187.75,56800,187.23904418945312
2026-06-17,187.36000061035156,190.24000549316406,186.99000549316406,187.58999633789062,87300,187.07948303222656
2026-06-18,189.7100067138672,189.7100067138672,185.55999755859375,186.10000610351562,339900,185.5935516357422
2026-06-22,186.55999755859375,187.9499969482422,186.0399932861328,186.6999969482422,67200,186.19190979003906
2026-06-23,184.49000549316406,187.07000732421875,184.49000549316406,185.49000549316406,56100,184.98521423339844
2026-06-24,184.92999267578125,184.92999267578125,181.27999877929688,181.38999938964844,91200,180.8963623046875
2026-06-25,182.7899932861328,183.52999877929688,177.6699981689453,177.75999450683594,83900,177.27622985839844
2026-06-26,176.97000122070312,177.3800048828125,174.3800048828125,175.82000732421875,127400,175.34152221679688
2026-06-29,177.02999877929688,177.41000366210938,174.9499969482422,175.2100067138672,47100,174.73318481445312
2026-06-30,174.7899932861328,176.97999572753906,174.60000610351562,175.3300018310547,49500,174.8528594970703
2026-07-01,175.58999633789062,182.1199951171875,175.58999633789062,181.2100067138672,55500,180.71685791015625
2026-07-02,183.13999938964844,186.16000366210938,182.9199981689453,184.27999877929688,65800,183.7784881591797
2026-07-06,184.80999755859375,189.33999633789062,184.80999755859375,189.32000732421875,101300,188.80477905273438
2026-07-07,189.85000610351562,189.9499969482422,187.9199981689453,188.8000030517578,60100,188.28619384765625
2026-07-08,187.02999877929688,187.57000732421875,185.32000732421875,186.3000030517578,39500,185.79299926757812
2026-07-09,187.25999450683594,189.58999633789062,186.8800048828125,188.72000122070312,24400,188.20640563964844
2026-07-10,190.74000549316406,191.0,187.52999877929688,188.5,23100,187.9870147705078
2026-07-13,188.80999755859375,190.1300048828125,187.49000549316406,188.7100067138672,40600,188.19644165039062
2026-07-14,189.8699951171875,194.0,189.77999877929688,193.47000122070312,346600,192.9434814453125
2026-07-15,193.67999267578125,196.44000244140625,193.42999267578125,196.32000732421875,62400,195.78573608398438
2026-07-16,196.24000549316406,196.24000549316406,191.19000244140625,192.27999877929688,43000,191.75672912597656
2026-07-17,189.4199981689453,190.41000366210938,187.80999755859375,188.3699951171875,75500,187.85736083984375
2026-07-20,188.75999450683594,189.44000244140625,187.10000610351562,187.72999572753906,114000,187.21910095214844
2026-07-21,187.7100067138672,190.11000061035156,187.7100067138672,188.61000061035156,50000,188.09671020507812
2026-07-22,188.6199951171875,191.0,188.6199951171875,189.80999755859375,61200,189.29344177246094
2026-07-23,187.66000366210938,188.4600067138672,186.72000122070312,187.3300018310547,46900,186.8201904296875
2026-07-24,187.80999755859375,187.80999755859375,184.92999267578125,186.89999389648438,89400,186.391357421875
2026-07-27,189.42999267578125,190.99000549316406,187.27999877929688,188.64999389648438,41400,188.1365966796875
2026-07-28,188.35000610351562,189.8000030517578,185.42999267578125,188.85000610351562,99000,188.3360595703125
2026-07-29,188.2899932861328,188.42999267578125,184.14999389648438,184.3699951171875,79200,183.8682403564453
2026-07-30,185.30999755859375,187.41000366210938,184.33999633789062,186.88999938964844,32000,186.3813934326172
2026-07-31,186.60000610351562,187.0500030517578,185.19000244140625,186.25999450683594,32800,185.7530975341797
2026-08-03,187.32000732421875,187.4199981689453,185.61000061035156,187.32000732421875,51600,186.8102264404297
2026-08-04,187.88999938964844,190.02999877929688,187.7100067138672,189.0,44600,188.48565673828125
2026-08-05,190.2100067138672,191.2899932861328,189.8000030517578,189.9499969482422,57700,189.4330596923828
2026-08-06,190.22999572753906,190.5500030517578,186.63999938964844,187.0500030517578,88000,186.54095458984375
2026-08-07,187.47000122070312,188.86000061035156,187.47000122070312,188.25,56500,187.73768615722656
2026-08-10,187.7899932861328,189.60000610351562,187.7899932861328,188.22999572753906,63100,187.71774291992188
2026-08-11,188.32000732421875,189.1199951171875,187.72000122070312,187.97999572753906,89400,187.46841430664062
2026-08-12,189.25,189.77999877929688,188.97000122070312,189.4199981689453,25700,188.90451049804688
2026-08-13,190.3800048828125,192.19000244140625,190.1999969482422,192.00999450683594,33500,191.48745727539062
2026-08-14,191.80999755859375,191.80999755859375,190.5800018310547,191.1699981689453,33800,190.64974975585938
2026-08-17,190.66000366210938,192.24000549316406,190.66000366210938,191.0,149500,190.48020935058594
2026-08-18,191.0,191.0,189.6999969482422,190.39999389648438,69900,189.8818359375
2026-08-19,191.22999572753906,192.36000061035156,189.58999633789062,190.17999267578125,116300,189.6624298095703
2026-08-20,190.77999877929688,191.4499969482422,188.67999267578125,188.85000610351562,133100,188.3360595703125
2026-08-21,190.8699951171875,194.74000549316406,190.8699951171875,194.52999877929688,91100,194.00059509277344
2026-08-24,194.85000610351562,196.08999633789062,194.25999450683594,194.75999450683594,77400,194.22996520996094
2026-08-25,194.80999755859375,197.27000427246094,193.67999267578125,196.77999877929688,76700,196.24447631835938
2026-08-26,195.72999572753906,195.72999572753906,194.16000366210938,194.9600067138672,43100,194.429443359375
2026-08-27,195.07000732421875,196.72999572753906,194.61000061035156,195.35000610351562,118800,194.81837463378906
2026-08-28,195.72999572753906,196.63999938964844,195.0,195.13999938964844,48300,194.6089324951172
2026-08-31,194.47999572753906,195.02000427246094,193.47999572753906,194.47000122070312,46000,193.94076538085938
2026-09-01,192.75999450683594,194.7100067138672,191.0500030517578,191.38999938964844,56600,190.869140625
2026-09-02,191.5399932861328,193.60000610351562,189.97000122070312,190.82000732421875,60200,190.3007049560547
2026-09-03,192.97000122070312,198.08999633789062,192.97000122070312,198.05999755859375,198700,197.52099609375
2026-09-04,195.75999450683594,196.85000610351562,195.0800018310547,196.4600067138672,62500,195.92535400390625
2026-09-08,195.77000427246094,195.77000427246094,193.19000244140625,193.2899932861328,44700,192.7639617919922
2026-09-09,192.97000122070312,193.42999267578125,191.58999633789062,191.6300048828125,53700,191.10848999023438
2026-09-10,190.4499969482422,191.63999938964844,189.3000030517578,189.77000427246094,76000,189.25355529785156
2026-09-11,191.77999877929688,191.77999877929688,189.6199951171875,190.50999450683594,37300,189.9915313720703
2026-09-14,190.30999755859375,191.75,188.10000610351562,188.8699951171875,47600,188.3560028076172
2026-09-15,187.0800018310547,187.0800018310547,183.4199981689453,185.22999572753906,340900,185.22999572753906
2026-09-16,185.44000244140625,185.44000244140625,179.22000122070312,181.16000366210938,89800,181.16000366210938
2026-09-17,182.85000610351562,182.86000061035156,180.30999755859375,182.50999450683594,95300,182.50999450683594
2026-09-18,182.42999267578125,184.91000366210938,182.07000732421875,184.8000030517578,47400,184.8000030517578
2026-09-21,187.2100067138672,187.61000061035156,186.0,187.10000610351562,39100,187.10000610351562
2026-09-22,187.47999572753906,187.47999572753906,181.9600067138672,183.44000244140625,91700,183.44000244140625
2026-09-23,182.49000549316406,185.0500030517578,182.49000549316406,182.8300018310547,48000,182.8300018310547
2026-09-24,182.0,182.0,179.8699951171875,181.0800018310547,50200,181.0800018310547
2026-09-25,181.44000244140625,181.58999633789062,179.08999633789062,180.8800048828125,41100,180.8800048828125
2026-09-28,180.36000061035156,180.36000061035156,178.1300048828125,178.3800048828125,41500,178.3800048828125
2026-09-29,179.3300018310547,179.3300018310547,176.6199951171875,177.88999938964844,31900,177.88999938964844
2026-09-30,178.41000366210938,178.41000366210938,176.00999450683594,176.13999938964844,50600,176.13999938964844
2026-10-01,175.47000122070312,176.49000549316406,173.91000366210938,176.2899932861328,261400,176.2899932861328
