date,open,high,low,close,volume,adjclose
2021-10-04,24.239999771118164,24.700000762939453,24.0,24.100000381469727,4199400,19.51008415222168
2021-10-05,24.290000915527344,25.65999984741211,24.1200008392334,25.3700008392334,5939500,20.538206100463867
2021-10-06,24.889999389648438,25.3700008392334,24.59000015258789,25.329999923706055,5182900,20.505826950073242
2021-10-07,25.81999969482422,25.860000610351562,25.299999237060547,25.3700008392334,5229600,20.538206100463867
2021-10-08,25.239999771118164,25.610000610351562,24.950000762939453,25.030000686645508,2398600,20.262962341308594
2021-10-11,25.020000457763672,25.40999984741211,24.700000762939453,24.799999237060547,2781500,20.076765060424805
2021-10-12,24.649999618530273,24.719999313354492,24.1200008392334,24.229999542236328,2657800,19.61532211303711
2021-10-13,24.18000030517578,24.579999923706055,23.90999984741211,24.459999084472656,3508900,19.8015193939209
2021-10-14,24.899999618530273,25.299999237060547,24.530000686645508,25.170000076293945,2535300,20.376293182373047
2021-10-15,25.5,25.65999984741211,25.06999969482422,25.079999923706055,3479200,20.30344009399414
2021-10-18,24.90999984741211,24.989999771118164,24.520000457763672,24.729999542236328,3872800,20.020095825195312
2021-10-19,24.8799991607666,25.059999465942383,24.420000076293945,25.0,3115600,20.238676071166992
2021-10-20,25.0,25.469999313354492,24.90999984741211,25.420000076293945,2221700,20.578685760498047
2021-10-21,25.34000015258789,25.479999542236328,24.8700008392334,25.0,2684800,20.238676071166992
2021-10-22,25.270000457763672,25.399999618530273,24.8700008392334,25.1200008392334,3464400,20.335817337036133
2021-10-25,25.110000610351562,25.18000030517578,24.520000457763672,24.75,7595400,20.036285400390625
2021-10-26,24.940000534057617,25.959999084472656,24.700000762939453,25.56999969482422,5980900,20.700115203857422
2021-10-27,25.56999969482422,25.59000015258789,24.799999237060547,24.940000534057617,5704700,20.190101623535156
2021-10-28,25.079999923706055,25.709999084472656,24.90999984741211,25.489999771118164,3710700,20.63534927368164
2021-10-29,25.40999984741211,25.8700008392334,25.299999237060547,25.40999984741211,5045800,20.570589065551758
2021-11-01,25.6299991607666,26.559999465942383,25.6299991607666,26.530000686645508,4024900,21.47728157043457
2021-11-02,26.6299991607666,26.81999969482422,26.020000457763672,26.290000915527344,4054900,21.282991409301758
2021-11-03,26.1299991607666,26.649999618530273,26.06999969482422,26.469999313354492,2761300,21.428709030151367
2021-11-04,26.389999389648438,26.440000534057617,25.639999389648438,25.93000030517578,2506400,20.991554260253906
2021-11-05,26.290000915527344,26.59000015258789,25.860000610351562,25.979999542236328,3405300,21.032032012939453
2021-11-08,26.270000457763672,26.450000762939453,26.030000686645508,26.260000228881836,3624500,21.25870132446289
2021-11-09,26.010000228881836,26.360000610351562,25.790000915527344,26.010000228881836,1847500,21.056316375732422
2021-11-10,25.81999969482422,25.950000762939453,25.399999618530273,25.530000686645508,2286800,20.803707122802734
2021-11-11,25.549999237060547,25.899999618530273,25.440000534057617,25.809999465942383,1658200,21.031869888305664
2021-11-12,25.8799991607666,26.260000228881836,25.760000228881836,26.15999984741211,2256500,21.317073822021484
2021-11-15,26.299999237060547,26.469999313354492,26.09000015258789,26.110000610351562,2108500,21.276329040527344
2021-11-16,26.049999237060547,26.15999984741211,25.649999618530273,25.690000534057617,2687400,20.934085845947266
2021-11-17,25.59000015258789,25.6200008392334,24.75,24.940000534057617,3354500,20.322933197021484
2021-11-18,25.049999237060547,25.1299991607666,24.420000076293945,24.540000915527344,2199000,19.99698257446289
2021-11-19,24.1299991607666,24.299999237060547,23.93000030517578,24.149999618530273,3436200,19.679180145263672
2021-11-22,24.3799991607666,24.690000534057617,24.139999389648438,24.31999969482422,4014100,19.817710876464844
2021-11-23,24.440000534057617,24.579999923706055,24.010000228881836,24.459999084472656,2756300,19.931791305541992
2021-11-24,24.350000381469727,24.610000610351562,24.1299991607666,24.40999984741211,3078100,19.89104652404785
2021-11-26,23.290000915527344,23.299999237060547,22.6299991607666,23.1299991607666,2925900,18.848011016845703
2021-11-29,23.440000534057617,23.579999923706055,22.75,23.239999771118164,3992200,18.937644958496094
2021-11-30,22.920000076293945,22.989999771118164,22.219999313354492,22.329999923706055,9332000,18.19611167907715
2021-12-01,22.969999313354492,23.309999465942383,21.969999313354492,21.969999313354492,3994400,17.90275764465332
2021-12-02,22.139999389648438,22.940000534057617,22.030000686645508,22.75,3507300,18.538358688354492
2021-12-03,22.790000915527344,22.979999542236328,22.18000030517578,22.43000030517578,4213900,18.277599334716797
2021-12-06,22.850000381469727,23.100000381469727,22.469999313354492,22.770000457763672,3302800,18.554655075073242
2021-12-07,23.049999237060547,23.549999237060547,23.010000228881836,23.389999389648438,2969800,19.059877395629883
2021-12-08,23.34000015258789,23.829999923706055,23.280000686645508,23.610000610351562,4165400,19.239152908325195
2021-12-09,23.479999542236328,23.6200008392334,23.190000534057617,23.209999084472656,3181700,18.913198471069336
2021-12-10,23.489999771118164,23.719999313354492,22.920000076293945,23.139999389648438,2536800,18.85616111755371
2021-12-13,23.110000610351562,23.110000610351562,22.56999969482422,22.81999969482422,6657600,18.59539794921875
2021-12-14,22.729999542236328,23.079999923706055,22.420000076293945,22.709999084472656,3333700,18.50576400756836
2021-12-15,22.760000228881836,22.940000534057617,22.31999969482422,22.899999618530273,3424700,18.660585403442383
2021-12-16,23.280000686645508,23.440000534057617,22.520000457763672,22.709999084472656,4816800,18.50576400756836
2021-12-17,22.969999313354492,23.010000228881836,22.280000686645508,22.610000610351562,6928900,18.424280166625977
2021-12-20,21.950000762939453,22.0,21.329999923706055,21.760000228881836,5804500,17.731637954711914
2021-12-21,22.170000076293945,22.84000015258789,22.149999618530273,22.739999771118164,3559000,18.530210494995117
2021-12-22,22.739999771118164,23.030000686645508,22.6200008392334,22.799999237060547,4510800,18.5791015625
2021-12-23,23.030000686645508,23.450000762939453,22.93000030517578,23.34000015258789,2849200,19.019134521484375
2021-12-27,23.31999969482422,23.579999923706055,23.229999542236328,23.549999237060547,2411600,19.190256118774414
2021-12-28,23.459999084472656,23.799999237060547,23.450000762939453,23.530000686645508,2725700,19.173961639404297
2021-12-29,23.5,23.6299991607666,23.309999465942383,23.360000610351562,1956400,19.035430908203125
2021-12-30,23.350000381469727,23.579999923706055,23.190000534057617,23.209999084472656,1445200,18.913198471069336
2021-12-31,23.190000534057617,23.309999465942383,22.969999313354492,23.020000457763672,2180300,18.758371353149414
2022-01-03,23.25,23.600000381469727,23.1299991607666,23.290000915527344,4652100,18.9783878326416
2022-01-04,23.709999084472656,24.520000457763672,23.59000015258789,24.309999465942383,4479100,19.809558868408203
2022-01-05,24.440000534057617,24.829999923706055,23.649999618530273,23.690000534057617,4069800,19.30434226989746
2022-01-06,24.219999313354492,24.360000610351562,23.760000228881836,24.139999389648438,3198800,19.671030044555664
2022-01-07,24.469999313354492,24.829999923706055,24.229999542236328,24.540000915527344,4912000,19.99698257446289
2022-01-10,24.649999618530273,24.75,23.719999313354492,24.15999984741211,4640200,19.687326431274414
2022-01-11,24.290000915527344,24.8700008392334,24.190000534057617,24.81999969482422,3165400,20.225147247314453
2022-01-12,24.989999771118164,25.329999923706055,24.6200008392334,24.709999084472656,3829300,20.13551139831543
2022-01-13,24.860000610351562,25.239999771118164,24.639999389648438,24.770000457763672,4063000,20.184404373168945
2022-01-14,24.31999969482422,24.90999984741211,24.110000610351562,24.889999389648438,3960400,20.282182693481445
2022-01-18,24.690000534057617,24.75,23.799999237060547,24.049999237060547,3348200,19.59769058227539
2022-01-19,24.290000915527344,24.440000534057617,23.239999771118164,23.25,3825600,18.9457950592041
2022-01-20,23.280000686645508,23.610000610351562,22.600000381469727,22.639999389648438,4580500,18.4487247467041
2022-01-21,22.399999618530273,22.479999542236328,21.829999923706055,21.940000534057617,5389400,17.878311157226562
2022-01-24,21.299999237060547,21.610000610351562,20.399999618530273,21.56999969482422,7659800,17.576810836791992
2022-01-25,21.0,21.6200008392334,20.25,21.34000015258789,6889500,17.389389038085938
2022-01-26,21.469999313354492,22.020000457763672,21.010000228881836,21.280000686645508,5940500,17.340496063232422
2022-01-27,21.559999465942383,22.079999923706055,21.270000457763672,21.579999923706055,5887600,17.5849552154541
2022-01-28,21.469999313354492,21.729999542236328,21.020000457763672,21.719999313354492,5985800,17.69903564453125
2022-01-31,21.56999969482422,22.700000762939453,21.5,22.65999984741211,5613500,18.46502113342285
2022-02-01,22.739999771118164,22.860000610351562,22.239999771118164,22.40999984741211,6918700,18.261301040649414
2022-02-02,22.440000534057617,22.440000534057617,21.770000457763672,22.239999771118164,5732200,18.122774124145508
2022-02-03,22.059999465942383,22.68000030517578,22.010000228881836,22.25,5577900,18.130924224853516
2022-02-04,22.280000686645508,23.09000015258789,22.239999771118164,22.829999923706055,5234100,18.603551864624023
2022-02-07,22.850000381469727,23.239999771118164,22.790000915527344,22.979999542236328,6628500,18.725780487060547
2022-02-08,23.0,23.3700008392334,22.979999542236328,23.09000015258789,6964400,18.81541633605957
2022-02-09,23.399999618530273,23.700000762939453,23.3700008392334,23.6299991607666,4657800,19.255449295043945
2022-02-10,23.309999465942383,24.309999465942383,23.270000457763672,23.399999618530273,5229100,19.068025588989258
2022-02-11,23.280000686645508,23.760000228881836,22.649999618530273,22.829999923706055,5165600,18.603551864624023
2022-02-14,22.8700008392334,23.190000534057617,22.489999771118164,22.81999969482422,5756300,18.59539794921875
2022-02-15,22.8799991607666,23.489999771118164,22.8799991607666,23.329999923706055,3731600,19.15367317199707
2022-02-16,23.030000686645508,23.690000534057617,23.030000686645508,23.579999923706055,4357500,19.35892105102539
2022-02-17,23.260000228881836,23.309999465942383,22.299999237060547,22.389999389648438,4570300,18.381940841674805
2022-02-18,22.299999237060547,22.65999984741211,22.239999771118164,22.469999313354492,3733000,18.447620391845703
2022-02-22,22.43000030517578,22.459999084472656,21.56999969482422,21.770000457763672,5186000,17.872928619384766
2022-02-23,21.979999542236328,22.139999389648438,21.049999237060547,21.139999389648438,4963200,17.3557071685791
2022-02-24,20.190000534057617,21.09000015258789,20.020000457763672,21.020000457763672,6709400,17.257186889648438
2022-02-25,21.229999542236328,21.920000076293945,21.229999542236328,21.790000915527344,5843800,17.88935089111328
2022-02-28,21.200000762939453,21.610000610351562,20.959999084472656,21.239999771118164,6171700,17.437807083129883
2022-03-01,20.959999084472656,21.079999923706055,19.360000610351562,19.709999084472656,7994900,16.18169593811035
2022-03-02,20.010000228881836,20.6299991607666,19.739999771118164,20.540000915527344,5262500,16.863117218017578
2022-03-03,20.520000457763672,20.610000610351562,19.68000030517578,20.059999465942383,4234300,16.469036102294922
2022-03-04,19.5,19.510000228881836,18.729999542236328,18.950000762939453,7600600,15.557743072509766
2022-03-07,18.809999465942383,18.959999084472656,18.420000076293945,18.639999389648438,9512500,15.30323314666748
2022-03-08,18.75,19.860000610351562,18.739999771118164,19.3700008392334,9992500,15.902555465698242
2022-03-09,20.049999237060547,20.479999542236328,19.93000030517578,20.06999969482422,5925300,16.477249145507812
2022-03-10,19.610000610351562,20.1299991607666,19.479999542236328,20.059999465942383,4748900,16.469036102294922
2022-03-11,20.149999618530273,20.420000076293945,20.030000686645508,20.040000915527344,3791600,16.452617645263672
2022-03-14,20.530000686645508,20.739999771118164,20.15999984741211,20.309999465942383,4911300,16.674285888671875
2022-03-15,20.459999084472656,20.75,19.959999084472656,20.290000915527344,5094500,16.65787124633789
2022-03-16,20.700000762939453,21.56999969482422,20.670000076293945,21.270000457763672,7147700,17.462432861328125
2022-03-17,20.93000030517578,21.329999923706055,20.809999465942383,21.299999237060547,4518800,17.487060546875
2022-03-18,21.06999969482422,21.5,20.889999389648438,21.399999618530273,8965500,17.56916618347168
2022-03-21,21.5,21.649999618530273,21.149999618530273,21.290000915527344,5172000,17.47886085510254
2022-03-22,21.639999389648438,21.969999313354492,21.579999923706055,21.6299991607666,3844200,17.75798797607422
2022-03-23,21.420000076293945,21.729999542236328,21.270000457763672,21.5,5951300,17.651264190673828
2022-03-24,21.6299991607666,21.889999389648438,21.420000076293945,21.829999923706055,4019300,17.92218780517578
2022-03-25,21.889999389648438,22.1200008392334,21.829999923706055,22.100000381469727,3906200,18.143856048583984
2022-03-28,22.18000030517578,22.40999984741211,21.979999542236328,22.389999389648438,3961600,18.381940841674805
2022-03-29,22.829999923706055,23.360000610351562,22.829999923706055,23.34000015258789,5841000,19.161884307861328
2022-03-30,23.270000457763672,23.450000762939453,23.149999618530273,23.420000076293945,4934000,19.227561950683594
2022-03-31,23.459999084472656,23.829999923706055,22.850000381469727,23.059999465942383,8312500,18.9320068359375
2022-04-01,23.3700008392334,23.3700008392334,22.780000686645508,23.309999465942383,6251200,19.13725471496582
2022-04-04,23.280000686645508,23.639999389648438,23.010000228881836,23.200000762939453,4443900,19.046945571899414
2022-04-05,23.149999618530273,23.239999771118164,22.56999969482422,22.610000610351562,4400300,18.562564849853516
2022-04-06,22.219999313354492,22.360000610351562,21.579999923706055,21.65999984741211,5226000,17.78261947631836
2022-04-07,21.459999084472656,21.56999969482422,20.90999984741211,21.34000015258789,4419300,17.51990509033203
2022-04-08,21.360000610351562,21.850000381469727,21.190000534057617,21.610000610351562,3425700,17.7415714263916
2022-04-11,21.280000686645508,21.8700008392334,21.280000686645508,21.479999542236328,3026300,17.634845733642578
2022-04-12,21.31999969482422,21.709999084472656,21.0,21.110000610351562,4411400,17.33108139038086
2022-04-13,21.0,21.479999542236328,20.950000762939453,21.469999313354492,2444100,17.626632690429688
2022-04-14,21.530000686645508,21.690000534057617,20.969999313354492,21.0,3157200,17.24077033996582
2022-04-18,20.920000076293945,21.280000686645508,20.850000381469727,21.149999618530273,2871400,17.363916397094727
2022-04-19,21.299999237060547,21.799999237060547,21.229999542236328,21.739999771118164,3055700,17.848299026489258
2022-04-20,21.940000534057617,22.09000015258789,21.700000762939453,21.739999771118164,2763700,17.848299026489258
2022-04-21,22.0,22.100000381469727,21.219999313354492,21.299999237060547,2447000,17.487060546875
2022-04-22,21.239999771118164,21.239999771118164,20.610000610351562,20.6299991607666,4005500,16.93700408935547
2022-04-25,20.40999984741211,20.829999923706055,19.950000762939453,20.790000915527344,5444200,17.0683650970459
2022-04-26,19.989999771118164,20.190000534057617,19.010000228881836,19.030000686645508,6023900,15.623419761657715
2022-04-27,18.889999389648438,19.190000534057617,18.700000762939453,18.700000762939453,5123100,15.352493286132812
2022-04-28,18.959999084472656,19.479999542236328,18.68000030517578,19.299999237060547,3876000,15.845088958740234
2022-04-29,19.290000915527344,19.510000228881836,18.329999923706055,18.3799991607666,3968300,15.089776992797852
2022-05-02,18.360000610351562,18.84000015258789,18.190000534057617,18.799999237060547,5203100,15.434592247009277
2022-05-03,18.81999969482422,19.450000762939453,18.670000076293945,19.229999542236328,4667500,15.787617683410645
2022-05-04,19.15999984741211,20.010000228881836,18.950000762939453,19.950000762939453,5047000,16.37872886657715
2022-05-05,19.6299991607666,19.6299991607666,18.579999923706055,18.850000381469727,3912300,15.475638389587402
2022-05-06,18.790000915527344,18.799999237060547,18.139999389648438,18.459999084472656,3789000,15.155454635620117
2022-05-09,17.989999771118164,18.1299991607666,17.520000457763672,17.709999084472656,3970200,14.689310073852539
2022-05-10,18.079999923706055,18.149999618530273,17.260000228881836,17.670000076293945,3806100,14.656135559082031
2022-05-11,17.600000381469727,18.079999923706055,17.020000457763672,17.040000915527344,4973900,14.13359260559082
2022-05-12,16.940000534057617,17.56999969482422,16.760000228881836,17.280000686645508,4696500,14.332656860351562
2022-05-13,17.6200008392334,18.0,17.56999969482422,17.84000015258789,4479900,14.797142028808594
2022-05-16,17.75,17.8799991607666,17.3700008392334,17.690000534057617,3157300,14.672725677490234
2022-05-17,18.15999984741211,18.700000762939453,17.940000534057617,18.639999389648438,3789200,15.460688591003418
2022-05-18,18.389999389648438,18.440000534057617,17.860000610351562,17.979999542236328,3192900,14.913261413574219
2022-05-19,17.670000076293945,18.270000457763672,17.670000076293945,18.020000457763672,3132300,14.946435928344727
2022-05-20,18.299999237060547,18.600000381469727,17.889999389648438,18.56999969482422,4216300,15.402629852294922
2022-05-23,19.0,19.100000381469727,18.6299991607666,18.700000762939453,3111800,15.510452270507812
2022-05-24,18.540000915527344,18.610000610351562,17.81999969482422,18.450000762939453,2752000,15.303098678588867
2022-05-25,18.290000915527344,18.719999313354492,18.25,18.6200008392334,2848500,15.444100379943848
2022-05-26,18.770000457763672,19.350000381469727,18.770000457763672,19.239999771118164,2981500,15.958352088928223
2022-05-27,19.360000610351562,19.549999237060547,19.34000015258789,19.540000915527344,1969800,16.20718002319336
2022-05-31,19.34000015258789,19.489999771118164,19.020000457763672,19.34000015258789,4510000,16.041292190551758
2022-06-01,19.350000381469727,19.450000762939453,18.719999313354492,19.06999969482422,3686300,15.81734848022461
2022-06-02,19.079999923706055,19.239999771118164,18.719999313354492,19.239999771118164,5091500,15.958352088928223
2022-06-03,19.010000228881836,19.079999923706055,18.6200008392334,18.700000762939453,3293300,15.510452270507812
2022-06-06,18.8700008392334,19.270000457763672,18.809999465942383,18.93000030517578,2482400,15.701227188110352
2022-06-07,18.700000762939453,19.149999618530273,18.610000610351562,19.100000381469727,2412700,15.842227935791016
2022-06-08,18.84000015258789,18.969999313354492,18.479999542236328,18.520000457763672,3549600,15.361156463623047
2022-06-09,18.5,18.530000686645508,18.049999237060547,18.059999465942383,3065600,14.97961711883545
2022-06-10,17.559999465942383,17.610000610351562,17.270000457763672,17.280000686645508,3653700,14.332656860351562
2022-06-13,16.530000686645508,16.600000381469727,15.819999694824219,15.930000305175781,6367000,13.212915420532227
2022-06-14,16.049999237060547,16.3799991607666,15.850000381469727,16.239999771118164,5133700,13.470044136047363
2022-06-15,16.43000030517578,16.739999771118164,16.1200008392334,16.420000076293945,4523700,13.619339942932129
2022-06-16,15.960000038146973,16.139999389648438,15.680000305175781,15.970000267028809,4918500,13.246092796325684
2022-06-17,15.899999618530273,16.3700008392334,15.850000381469727,16.1200008392334,6404000,13.37051010131836
2022-06-21,16.559999465942383,16.68000030517578,16.399999618530273,16.559999465942383,3970300,13.73546028137207
2022-06-22,16.209999084472656,16.690000534057617,16.209999084472656,16.600000381469727,3331100,13.768641471862793
2022-06-23,16.520000457763672,16.760000228881836,16.31999969482422,16.690000534057617,3583800,13.84328842163086
2022-06-24,16.899999618530273,17.43000030517578,16.829999923706055,17.360000610351562,5439600,14.399009704589844
2022-06-27,17.479999542236328,17.530000686645508,17.270000457763672,17.350000381469727,2329800,14.390715599060059
2022-06-28,17.540000915527344,17.729999542236328,17.040000915527344,17.100000381469727,2984500,14.183358192443848
2022-06-29,16.920000076293945,16.989999771118164,16.360000610351562,16.459999084472656,2733100,13.652515411376953
2022-06-30,16.010000228881836,16.34000015258789,15.619999885559082,16.1299991607666,4321800,13.378804206848145
2022-07-01,16.030000686645508,16.440000534057617,15.90999984741211,16.420000076293945,3041800,13.619339942932129
2022-07-05,15.979999542236328,16.40999984741211,15.760000228881836,16.389999389648438,3223000,13.594456672668457
2022-07-06,16.270000457763672,16.360000610351562,15.869999885559082,15.979999542236328,4403300,13.254386901855469
2022-07-07,16.200000762939453,16.5,16.139999389648438,16.389999389648438,3694000,13.594456672668457
2022-07-08,16.440000534057617,16.450000762939453,16.06999969482422,16.209999084472656,3035000,13.445158004760742
2022-07-11,15.920000076293945,15.960000038146973,15.630000114440918,15.6899995803833,2482400,13.0138521194458
2022-07-12,15.600000381469727,16.229999542236328,15.579999923706055,15.899999618530273,3343800,13.188033103942871
2022-07-13,15.529999732971191,15.710000038146973,15.199999809265137,15.640000343322754,7353300,12.972383499145508
2022-07-14,15.319999694824219,15.720000267028809,15.199999809265137,15.65999984741211,3344400,12.988968849182129
2022-07-15,15.960000038146973,16.360000610351562,15.59000015258789,16.239999771118164,3239200,13.470044136047363
2022-07-18,16.3700008392334,16.65999984741211,16.030000686645508,16.190000534057617,3469100,13.428570747375488
2022-07-19,16.469999313354492,16.920000076293945,16.469999313354492,16.860000610351562,3187300,13.984293937683105
2022-07-20,16.780000686645508,17.18000030517578,16.729999542236328,17.15999984741211,3334900,14.233123779296875
2022-07-21,17.06999969482422,17.260000228881836,16.979999542236328,17.18000030517578,3797100,14.249711990356445
2022-07-22,17.200000762939453,17.40999984741211,16.989999771118164,17.110000610351562,3150700,14.191650390625
2022-07-25,17.200000762939453,17.56999969482422,16.829999923706055,17.209999084472656,5499300,14.274593353271484
2022-07-26,17.059999465942383,17.31999969482422,16.709999084472656,16.770000457763672,5287800,13.909643173217773
2022-07-27,17.0,17.0,16.09000015258789,16.670000076293945,5016300,13.826700210571289
2022-07-28,16.65999984741211,17.280000686645508,16.450000762939453,17.25,5431100,14.307770729064941
2022-07-29,17.219999313354492,17.8799991607666,17.219999313354492,17.739999771118164,11033900,14.714200973510742
2022-08-01,17.6200008392334,18.06999969482422,17.3700008392334,18.049999237060547,4403800,14.971322059631348
2022-08-02,17.899999618530273,18.020000457763672,17.649999618530273,17.65999984741211,4359700,14.647839546203613
2022-08-03,17.889999389648438,17.950000762939453,17.6200008392334,17.899999618530273,3093000,14.846902847290039
2022-08-04,17.889999389648438,18.040000915527344,17.770000457763672,17.799999237060547,2644100,14.763960838317871
2022-08-05,17.59000015258789,18.020000457763672,17.530000686645508,17.920000076293945,2321300,14.863495826721191
2022-08-08,17.979999542236328,18.3799991607666,17.979999542236328,18.100000381469727,3811100,15.01279067993164
2022-08-09,18.040000915527344,18.049999237060547,17.670000076293945,17.850000381469727,3544500,14.805435180664062
2022-08-10,18.219999313354492,18.59000015258789,18.18000030517578,18.3799991607666,4733600,15.245033264160156
2022-08-11,18.299999237060547,18.670000076293945,18.280000686645508,18.489999771118164,3234300,15.494757652282715
2022-08-12,18.75,19.09000015258789,18.639999389648438,19.06999969482422,4184300,15.980806350708008
2022-08-15,18.790000915527344,19.040000915527344,18.770000457763672,18.940000534057617,2704700,15.871866226196289
2022-08-16,18.920000076293945,19.110000610351562,18.809999465942383,18.940000534057617,2618500,15.871866226196289
2022-08-17,18.610000610351562,18.760000228881836,18.43000030517578,18.6299991607666,2739400,15.612079620361328
2022-08-18,18.6299991607666,18.799999237060547,18.469999313354492,18.68000030517578,3496100,15.653985023498535
2022-08-19,18.440000534057617,18.469999313354492,17.8799991607666,18.100000381469727,3491000,15.167936325073242
2022-08-22,17.719999313354492,17.75,17.420000076293945,17.6200008392334,3954200,14.76569652557373
2022-08-23,17.729999542236328,17.899999618530273,17.610000610351562,17.649999618530273,3357900,14.7908353805542
2022-08-24,17.600000381469727,17.829999923706055,17.520000457763672,17.700000762939453,2440300,14.832734107971191
2022-08-25,17.81999969482422,17.979999542236328,17.709999084472656,17.969999313354492,2863800,15.058998107910156
2022-08-26,18.020000457763672,18.040000915527344,17.25,17.260000228881836,3002800,14.464010238647461
2022-08-29,17.09000015258789,17.209999084472656,16.950000762939453,16.979999542236328,1926800,14.229368209838867
2022-08-30,17.06999969482422,17.09000015258789,16.610000610351562,16.760000228881836,3308800,14.045008659362793
2022-08-31,16.8700008392334,16.8700008392334,16.43000030517578,16.469999313354492,4509700,13.801987648010254
2022-09-01,16.34000015258789,16.399999618530273,15.880000114440918,16.3700008392334,3059400,13.718186378479004
2022-09-02,16.690000534057617,16.81999969482422,16.170000076293945,16.25,3984900,13.61762523651123
2022-09-06,16.3700008392334,16.600000381469727,16.149999618530273,16.43000030517578,3864800,13.768465995788574
2022-09-07,16.360000610351562,16.600000381469727,16.190000534057617,16.56999969482422,4551400,13.885787010192871
2022-09-08,16.450000762939453,17.3799991607666,16.43000030517578,17.360000610351562,8281500,14.547812461853027
2022-09-09,17.549999237060547,17.709999084472656,17.3799991607666,17.579999923706055,4511800,14.732172966003418
2022-09-12,17.770000457763672,18.079999923706055,17.549999237060547,17.81999969482422,4654000,14.933292388916016
2022-09-13,17.280000686645508,17.420000076293945,16.489999771118164,16.520000457763672,5985600,13.84388542175293
2022-09-14,16.56999969482422,16.690000534057617,16.1299991607666,16.31999969482422,5581200,13.676284790039062
2022-09-15,16.389999389648438,16.860000610351562,16.31999969482422,16.3799991607666,5859200,13.726564407348633
2022-09-16,16.110000610351562,16.219999313354492,15.90999984741211,16.09000015258789,27455900,13.483543395996094
2022-09-19,15.84000015258789,16.889999389648438,15.770000457763672,16.860000610351562,5860700,14.128808975219727
2022-09-20,16.65999984741211,16.709999084472656,16.270000457763672,16.3700008392334,3080000,13.718186378479004
2022-09-21,16.530000686645508,16.709999084472656,16.0,16.010000228881836,3764000,13.416502952575684
2022-09-22,16.040000915527344,16.09000015258789,15.5600004196167,15.609999656677246,5084300,13.081300735473633
2022-09-23,15.34000015258789,15.420000076293945,14.850000381469727,15.220000267028809,5205700,12.754475593566895
2022-09-26,15.09000015258789,15.350000381469727,14.6899995803833,14.819999694824219,6417500,12.41927433013916
2022-09-27,15.0,15.100000381469727,14.34000015258789,14.550000190734863,4322700,12.193013191223145
2022-09-28,14.640000343322754,14.850000381469727,14.479999542236328,14.729999542236328,5195700,12.343852043151855
2022-09-29,14.390000343322754,14.5,13.989999771118164,14.130000114440918,4790300,11.841048240661621
2022-09-30,14.069999694824219,14.149999618530273,13.699999809265137,13.699999809265137,4998900,11.480706214904785
2022-10-03,13.930000305175781,14.479999542236328,13.5600004196167,14.350000381469727,5337900,12.025408744812012
2022-10-04,14.6899995803833,15.34000015258789,14.6899995803833,15.319999694824219,5445900,12.838274955749512
2022-10-05,14.970000267028809,15.329999923706055,14.850000381469727,15.25,3946200,12.779616355895996
2022-10-06,15.149999618530273,15.319999694824219,14.930000305175781,14.970000267028809,4275900,12.544974327087402
2022-10-07,14.699999809265137,14.819999694824219,14.229999542236328,14.369999885559082,4958600,12.042169570922852
2022-10-10,14.489999771118164,14.65999984741211,14.260000228881836,14.430000305175781,4595000,12.092450141906738
2022-10-11,14.300000190734863,14.430000305175781,13.890000343322754,14.130000114440918,4950600,11.841048240661621
2022-10-12,14.100000381469727,14.100000381469727,13.649999618530273,13.869999885559082,6051800,11.623165130615234
2022-10-13,13.449999809265137,14.59000015258789,13.199999809265137,14.510000228881836,5787900,12.159490585327148
2022-10-14,14.65999984741211,14.920000076293945,14.140000343322754,14.279999732971191,4303000,11.966750144958496
2022-10-17,14.75,15.0,14.600000381469727,14.710000038146973,4116900,12.327095031738281
2022-10-18,15.119999885559082,15.170000076293945,14.699999809265137,14.930000305175781,4835500,12.511455535888672
2022-10-19,14.6899995803833,14.989999771118164,14.449999809265137,14.640000343322754,3578600,12.2684326171875
2022-10-20,14.680000305175781,14.890000343322754,14.279999732971191,14.40999984741211,4377300,12.075690269470215
2022-10-21,14.420000076293945,14.90999984741211,14.300000190734863,14.890000343322754,6466700,12.477934837341309
2022-10-24,14.989999771118164,15.180000305175781,14.819999694824219,15.050000190734863,6435300,12.612017631530762
2022-10-25,14.800000190734863,15.199999809265137,14.329999923706055,15.050000190734863,7443800,12.612017631530762
2022-10-26,14.850000381469727,15.229999542236328,14.550000190734863,15.100000381469727,8200100,12.653915405273438
2022-10-27,15.319999694824219,15.609999656677246,15.079999923706055,15.149999618530273,5746800,12.695815086364746
2022-10-28,15.229999542236328,15.460000038146973,15.0,15.40999984741211,4179800,12.913700103759766
2022-10-31,15.350000381469727,15.479999542236328,15.239999771118164,15.319999694824219,5891300,12.838274955749512
2022-11-01,15.59000015258789,15.699999809265137,15.319999694824219,15.5600004196167,7555400,13.039399147033691
2022-11-02,15.460000038146973,15.989999771118164,15.380000114440918,15.430000305175781,5677400,12.930459022521973
2022-11-03,15.199999809265137,15.3100004196167,14.8100004196167,15.0600004196167,3964500,12.62039566040039
2022-11-04,15.359999656677246,15.859999656677246,15.3100004196167,15.729999542236328,6068100,13.181859970092773
2022-11-07,15.9399995803833,16.200000762939453,15.649999618530273,16.190000534057617,4553100,13.567344665527344
2022-11-08,16.260000228881836,16.639999389648438,16.149999618530273,16.510000228881836,6256300,13.835506439208984
2022-11-09,16.15999984741211,16.270000457763672,15.880000114440918,15.90999984741211,4077500,13.486270904541016
2022-11-10,16.65999984741211,18.850000381469727,16.65999984741211,18.75,12281600,15.893625259399414
2022-11-11,18.920000076293945,20.010000228881836,18.850000381469727,19.770000457763672,11229100,16.75823974609375
2022-11-14,19.510000228881836,19.809999465942383,19.06999969482422,19.110000610351562,8383900,16.198781967163086
2022-11-15,19.6200008392334,19.790000915527344,19.010000228881836,19.329999923706055,4405400,16.385265350341797
2022-11-16,19.149999618530273,19.239999771118164,18.549999237060547,18.799999237060547,5601300,15.93600845336914
2022-11-17,18.440000534057617,18.790000915527344,18.170000076293945,18.780000686645508,4398400,15.91905689239502
2022-11-18,19.139999389648438,19.200000762939453,18.889999389648438,18.940000534057617,4389400,16.0546817779541
2022-11-21,18.790000915527344,19.030000686645508,18.690000534057617,18.90999984741211,3316500,16.02924919128418
2022-11-22,19.09000015258789,19.389999389648438,19.030000686645508,19.190000534057617,3435300,16.266597747802734
2022-11-23,19.110000610351562,19.360000610351562,19.040000915527344,19.309999465942383,2708100,16.36831283569336
2022-11-25,19.209999084472656,19.489999771118164,19.149999618530273,19.40999984741211,1433400,16.453079223632812
2022-11-28,19.15999984741211,19.260000228881836,18.65999984741211,18.690000534057617,2844600,15.84276294708252
2022-11-29,18.68000030517578,18.989999771118164,18.649999618530273,18.84000015258789,3210000,15.969915390014648
2022-11-30,18.8700008392334,19.209999084472656,18.299999237060547,19.110000610351562,7572000,16.198781967163086
2022-12-01,19.100000381469727,19.520000457763672,18.899999618530273,19.43000030517578,4268100,16.47003173828125
2022-12-02,19.100000381469727,19.219999313354492,18.84000015258789,19.09000015258789,5510500,16.181833267211914
2022-12-05,18.969999313354492,19.1299991607666,18.420000076293945,18.59000015258789,4566300,15.758002281188965
2022-12-06,18.559999465942383,18.690000534057617,18.350000381469727,18.510000228881836,4270500,15.690186500549316
2022-12-07,18.43000030517578,18.610000610351562,18.270000457763672,18.360000610351562,3431600,15.563039779663086
2022-12-08,18.479999542236328,18.56999969482422,18.290000915527344,18.510000228881836,2952700,15.690186500549316
2022-12-09,18.40999984741211,18.579999923706055,18.31999969482422,18.350000381469727,4231100,15.554560661315918
2022-12-12,18.389999389648438,18.920000076293945,18.219999313354492,18.889999389648438,3963300,16.012300491333008
2022-12-13,19.770000457763672,20.540000915527344,19.350000381469727,19.610000610351562,5626700,16.622615814208984
2022-12-14,19.489999771118164,19.81999969482422,19.209999084472656,19.520000457763672,4980400,16.546323776245117
2022-12-15,19.15999984741211,19.350000381469727,18.8700008392334,19.0,5261200,16.105539321899414
2022-12-16,18.540000915527344,18.790000915527344,18.229999542236328,18.389999389648438,7756200,15.588465690612793
2022-12-19,18.329999923706055,18.489999771118164,18.0,18.100000381469727,3158700,15.342645645141602
2022-12-20,18.09000015258789,18.239999771118164,17.979999542236328,18.010000228881836,3179100,15.266355514526367
2022-12-21,18.290000915527344,18.6200008392334,18.290000915527344,18.549999237060547,2787900,15.724093437194824
2022-12-22,18.280000686645508,18.350000381469727,17.920000076293945,18.270000457763672,2464200,15.4867525100708
2022-12-23,18.260000228881836,18.40999984741211,18.110000610351562,18.3799991607666,2610100,15.579986572265625
2022-12-27,18.389999389648438,18.489999771118164,18.219999313354492,18.31999969482422,1536300,15.529133796691895
2022-12-28,18.270000457763672,18.3799991607666,17.799999237060547,17.8799991607666,2685600,15.156160354614258
2022-12-29,18.020000457763672,18.489999771118164,18.010000228881836,18.299999237060547,3113100,15.512174606323242
2022-12-30,18.049999237060547,18.1200008392334,17.700000762939453,17.989999771118164,3544800,15.249405860900879
2023-01-03,18.3700008392334,18.489999771118164,17.969999313354492,18.219999313354492,4142500,15.444365501403809
2023-01-04,18.5,19.020000457763672,18.420000076293945,18.979999542236328,4405000,16.08858871459961
2023-01-05,18.739999771118164,18.81999969482422,18.5,18.68000030517578,4655800,15.834290504455566
2023-01-06,18.8799991607666,19.270000457763672,18.610000610351562,19.170000076293945,3582300,16.249643325805664
2023-01-09,19.280000686645508,19.719999313354492,19.1299991607666,19.270000457763672,3697000,16.33440589904785
2023-01-10,19.1299991607666,19.559999465942383,19.0,19.520000457763672,3083800,16.546323776245117
2023-01-11,19.6200008392334,19.850000381469727,19.559999465942383,19.770000457763672,2870800,16.75823974609375
2023-01-12,19.93000030517578,20.0,19.290000915527344,19.56999969482422,4770200,16.588708877563477
2023-01-13,19.3799991607666,19.40999984741211,19.06999969482422,19.389999389648438,4693400,16.436124801635742
2023-01-17,19.350000381469727,19.389999389648438,19.010000228881836,19.149999618530273,4300400,16.232690811157227
2023-01-18,19.299999237060547,19.56999969482422,18.940000534057617,19.030000686645508,4108200,16.13097381591797
2023-01-19,18.65999984741211,18.729999542236328,18.280000686645508,18.579999923706055,4910100,15.749523162841797
2023-01-20,18.709999084472656,19.010000228881836,18.559999465942383,18.969999313354492,3793300,16.080108642578125
2023-01-23,19.0,19.270000457763672,18.760000228881836,18.899999618530273,15335400,16.020776748657227
2023-01-24,18.690000534057617,19.559999465942383,18.139999389648438,18.520000457763672,7847100,15.6986665725708
2023-01-25,18.110000610351562,18.270000457763672,17.610000610351562,18.0,7938500,15.257881164550781
2023-01-26,18.049999237060547,18.5,17.1299991607666,18.469999313354492,9191500,15.656283378601074
2023-01-27,18.43000030517578,18.56999969482422,18.239999771118164,18.299999237060547,7648100,15.512174606323242
2023-01-30,18.0,18.270000457763672,17.899999618530273,18.079999923706055,7088700,15.32569408416748
2023-01-31,18.06999969482422,18.530000686645508,17.989999771118164,18.510000228881836,5529800,15.690186500549316
2023-02-01,18.399999618530273,19.18000030517578,18.280000686645508,18.920000076293945,7639500,16.0377254486084
2023-02-02,19.170000076293945,20.559999465942383,19.15999984741211,20.209999084472656,9727100,17.131208419799805
2023-02-03,19.850000381469727,20.479999542236328,19.770000457763672,20.040000915527344,6230900,16.98710823059082
2023-02-06,19.729999542236328,19.770000457763672,19.290000915527344,19.40999984741211,3376100,16.453079223632812
2023-02-07,19.31999969482422,19.780000686645508,19.239999771118164,19.610000610351562,3511000,16.622615814208984
2023-02-08,19.31999969482422,19.3700008392334,18.940000534057617,18.989999771118164,5128700,16.097064971923828
2023-02-09,19.15999984741211,19.309999465942383,18.469999313354492,18.489999771118164,4619300,15.673233032226562
2023-02-10,18.329999923706055,18.850000381469727,18.309999465942383,18.739999771118164,5372300,15.885148048400879
2023-02-13,18.829999923706055,19.260000228881836,18.75,19.209999084472656,4453900,16.28354835510254
2023-02-14,19.1299991607666,19.329999923706055,18.809999465942383,19.0,4075900,16.105539321899414
2023-02-15,18.700000762939453,18.8799991607666,18.610000610351562,18.780000686645508,3352700,16.07814598083496
2023-02-16,18.440000534057617,18.709999084472656,18.34000015258789,18.459999084472656,3302700,15.804181098937988
2023-02-17,18.420000076293945,18.739999771118164,18.190000534057617,18.709999084472656,5049700,16.01821517944336
2023-02-21,18.329999923706055,18.450000762939453,17.649999618530273,17.719999313354492,4363300,15.170642852783203
2023-02-22,17.850000381469727,17.899999618530273,17.489999771118164,17.610000610351562,3252900,15.076472282409668
2023-02-23,17.850000381469727,17.959999084472656,17.469999313354492,17.739999771118164,3687400,15.187768936157227
2023-02-24,17.43000030517578,17.59000015258789,17.260000228881836,17.530000686645508,4402800,15.007980346679688
2023-02-27,17.65999984741211,17.889999389648438,17.420000076293945,17.469999313354492,3481200,14.956610679626465
2023-02-28,17.610000610351562,17.8799991607666,17.459999084472656,17.65999984741211,6094700,15.119277000427246
2023-03-01,17.110000610351562,17.700000762939453,17.110000610351562,17.530000686645508,5000200,15.007980346679688
2023-03-02,17.280000686645508,17.610000610351562,17.200000762939453,17.549999237060547,4600700,15.025101661682129
2023-03-03,17.700000762939453,17.90999984741211,17.510000228881836,17.899999618530273,4579400,15.324747085571289
2023-03-06,17.93000030517578,17.93000030517578,17.450000762939453,17.56999969482422,5105300,15.042223930358887
2023-03-07,17.549999237060547,17.68000030517578,17.149999618530273,17.170000076293945,3054800,14.699774742126465
2023-03-08,17.190000534057617,17.389999389648438,17.079999923706055,17.34000015258789,2654300,14.845316886901855
2023-03-09,17.350000381469727,17.600000381469727,17.0,17.030000686645508,6319500,14.579914093017578
2023-03-10,16.889999389648438,17.010000228881836,16.219999313354492,16.40999984741211,7448400,14.049111366271973
2023-03-13,15.84000015258789,16.270000457763672,15.630000114440918,16.030000686645508,7291400,13.723785400390625
2023-03-14,16.709999084472656,16.719999313354492,16.020000457763672,16.239999771118164,4938300,13.903571128845215
2023-03-15,15.609999656677246,16.079999923706055,15.489999771118164,16.020000457763672,6897500,13.715224266052246
2023-03-16,15.819999694824219,16.309999465942383,15.510000228881836,16.049999237060547,5379800,13.740903854370117
2023-03-17,15.890000343322754,15.890000343322754,15.380000114440918,15.5600004196167,10606200,13.321401596069336
2023-03-20,15.699999809265137,15.770000457763672,15.270000457763672,15.449999809265137,5761700,13.227225303649902
2023-03-21,15.829999923706055,16.09000015258789,15.789999961853027,16.020000457763672,5228200,13.715224266052246
2023-03-22,15.989999771118164,16.149999618530273,15.449999809265137,15.460000038146973,4733200,13.23578929901123
2023-03-23,15.520000457763672,15.680000305175781,14.899999618530273,15.039999961853027,6677600,12.876213073730469
2023-03-24,14.779999732971191,15.15999984741211,14.479999542236328,15.050000190734863,7058700,12.88477611541748
2023-03-27,15.350000381469727,15.550000190734863,15.1899995803833,15.34000015258789,4620300,13.133052825927734
2023-03-28,15.279999732971191,15.630000114440918,15.260000228881836,15.619999885559082,4306400,13.372767448425293
2023-03-29,16.110000610351562,16.209999084472656,15.819999694824219,16.059999465942383,5618700,13.749467849731445
2023-03-30,16.270000457763672,16.360000610351562,15.9399995803833,16.110000610351562,2629600,13.792274475097656
2023-03-31,16.239999771118164,16.420000076293945,16.170000076293945,16.399999618530273,3414400,14.040553092956543
2023-04-03,16.270000457763672,16.450000762939453,16.06999969482422,16.200000762939453,4244200,13.869325637817383
2023-04-04,16.290000915527344,16.309999465942383,15.680000305175781,15.800000190734863,5583900,13.526873588562012
2023-04-05,15.630000114440918,15.800000190734863,15.510000228881836,15.710000038146973,3475700,13.449820518493652
2023-04-06,15.710000038146973,15.949999809265137,15.630000114440918,15.819999694824219,2221500,13.54399585723877
2023-04-10,15.729999542236328,16.0,15.6899995803833,15.979999542236328,3220200,13.680975914001465
2023-04-11,16.020000457763672,16.40999984741211,16.0,16.31999969482422,3175400,13.972060203552246
2023-04-12,16.579999923706055,16.59000015258789,16.079999923706055,16.1299991607666,3066200,13.809396743774414
2023-04-13,16.170000076293945,16.770000457763672,16.149999618530273,16.6299991607666,6641300,14.237460136413574
2023-04-14,16.829999923706055,17.040000915527344,16.610000610351562,16.889999389648438,5818400,14.46005630493164
2023-04-17,16.780000686645508,17.200000762939453,16.75,17.190000534057617,4598900,14.71689510345459
2023-04-18,17.360000610351562,17.43000030517578,17.020000457763672,17.40999984741211,3995900,14.905243873596191
2023-04-19,17.209999084472656,17.549999237060547,17.200000762939453,17.469999313354492,2920700,14.956610679626465
2023-04-20,17.270000457763672,17.40999984741211,17.139999389648438,17.200000762939453,3280500,14.725457191467285
2023-04-21,17.190000534057617,17.270000457763672,17.0,17.06999969482422,3060500,14.614158630371094
2023-04-24,17.079999923706055,17.149999618530273,16.610000610351562,16.850000381469727,5176300,14.425811767578125
2023-04-25,16.65999984741211,17.309999465942383,16.399999618530273,16.799999237060547,5875200,14.383002281188965
2023-04-26,16.639999389648438,17.270000457763672,16.639999389648438,16.940000534057617,6142500,14.502862930297852
2023-04-27,17.149999618530273,17.239999771118164,16.790000915527344,17.229999542236328,3581200,14.751141548156738
2023-04-28,17.149999618530273,17.280000686645508,16.979999542236328,17.1299991607666,3546300,14.665526390075684
2023-05-01,17.229999542236328,17.31999969482422,16.75,16.780000686645508,4933800,14.365880966186523
2023-05-02,16.6200008392334,16.709999084472656,16.010000228881836,16.420000076293945,5269000,14.057672500610352
2023-05-03,16.600000381469727,16.920000076293945,16.40999984741211,16.459999084472656,4414600,14.09191608428955
2023-05-04,16.299999237060547,16.3799991607666,15.829999923706055,16.040000915527344,4178600,13.732346534729004
2023-05-05,16.34000015258789,16.690000534057617,16.299999237060547,16.56999969482422,3078100,14.186091423034668
2023-05-08,16.469999313354492,16.5,16.1200008392334,16.290000915527344,2670600,14.116767883300781
2023-05-09,16.1299991607666,16.299999237060547,16.020000457763672,16.190000534057617,3187900,14.030109405517578
2023-05-10,16.469999313354492,16.469999313354492,15.5600004196167,15.930000305175781,6382400,13.804794311523438
2023-05-11,15.779999732971191,15.800000190734863,14.880000114440918,15.399999618530273,8258800,13.345500946044922
2023-05-12,15.5600004196167,15.619999885559082,15.140000343322754,15.220000267028809,5069400,13.189513206481934
2023-05-15,15.350000381469727,15.350000381469727,15.050000190734863,15.210000038146973,5339300,13.18084716796875
2023-05-16,15.069999694824219,15.220000267028809,14.960000038146973,14.979999542236328,2957000,12.981531143188477
2023-05-17,15.09000015258789,15.300000190734863,14.90999984741211,15.210000038146973,3530000,13.18084716796875
2023-05-18,15.109999656677246,15.359999656677246,14.989999771118164,15.329999923706055,2928900,13.28483772277832
2023-05-19,15.380000114440918,15.430000305175781,15.020000457763672,15.239999771118164,4223000,13.206846237182617
2023-05-22,15.25,15.279999732971191,14.899999618530273,15.1899995803833,3652200,13.1635160446167
2023-05-23,15.119999885559082,15.369999885559082,15.029999732971191,15.0600004196167,2533600,13.050861358642578
2023-05-24,14.930000305175781,14.930000305175781,14.520000457763672,14.779999732971191,4406400,12.808215141296387
2023-05-25,14.680000305175781,14.770000457763672,14.4399995803833,14.699999809265137,5292500,12.738885879516602
2023-05-26,14.789999961853027,14.960000038146973,14.649999618530273,14.890000343322754,2914900,12.90354061126709
2023-05-30,14.90999984741211,14.970000267028809,14.600000381469727,14.819999694824219,3489500,12.842877388000488
2023-05-31,14.680000305175781,14.739999771118164,14.109999656677246,14.380000114440918,8838000,12.461579322814941
2023-06-01,14.470000267028809,14.890000343322754,14.460000038146973,14.739999771118164,7228800,12.77354907989502
2023-06-02,15.020000457763672,15.380000114440918,14.989999771118164,15.260000228881836,6094900,13.224176406860352
2023-06-05,15.350000381469727,15.619999885559082,15.1899995803833,15.390000343322754,6117300,13.336833953857422
2023-06-06,15.289999961853027,15.9399995803833,15.270000457763672,15.789999961853027,6141100,13.683469772338867
2023-06-07,15.899999618530273,16.030000686645508,15.829999923706055,15.9399995803833,5932300,13.813459396362305
2023-06-08,15.970000267028809,16.15999984741211,15.6899995803833,16.06999969482422,5940300,13.926117897033691
2023-06-09,16.09000015258789,16.270000457763672,15.920000076293945,16.139999389648438,5841000,13.986777305603027
2023-06-12,16.09000015258789,16.3799991607666,15.890000343322754,15.960000038146973,6360700,13.830790519714355
2023-06-13,15.979999542236328,16.610000610351562,15.899999618530273,16.5,6734200,14.298751831054688
2023-06-14,16.59000015258789,16.8799991607666,16.43000030517578,16.559999465942383,5233500,14.35074520111084
2023-06-15,16.43000030517578,16.959999084472656,16.389999389648438,16.899999618530273,4408200,14.645386695861816
2023-06-16,16.969999313354492,17.079999923706055,16.770000457763672,16.780000686645508,7933200,14.541396141052246
2023-06-20,16.68000030517578,16.709999084472656,16.43000030517578,16.540000915527344,3568200,14.333415985107422
2023-06-21,16.579999923706055,16.639999389648438,16.43000030517578,16.510000228881836,3347600,14.307415962219238
2023-06-22,16.399999618530273,16.459999084472656,16.110000610351562,16.18000030517578,3063700,14.021442413330078
2023-06-23,15.949999809265137,16.110000610351562,15.779999732971191,16.010000228881836,4459800,13.87411880493164
2023-06-26,16.030000686645508,16.229999542236328,16.010000228881836,16.1299991607666,4593100,13.97811222076416
2023-06-27,16.1299991607666,16.549999237060547,16.020000457763672,16.5,2534100,14.298751831054688
2023-06-28,16.520000457763672,16.579999923706055,16.329999923706055,16.559999465942383,3009100,14.35074520111084
2023-06-29,16.530000686645508,16.809999465942383,16.530000686645508,16.75,3117800,14.515399932861328
2023-06-30,16.959999084472656,17.0,16.719999313354492,16.809999465942383,2580000,14.567395210266113
2023-07-03,16.809999465942383,17.239999771118164,16.809999465942383,17.1299991607666,1710000,14.844700813293457
2023-07-05,16.920000076293945,17.1299991607666,16.780000686645508,16.8799991607666,2273300,14.628053665161133
2023-07-06,16.639999389648438,16.690000534057617,16.299999237060547,16.6299991607666,3646600,14.411406517028809
2023-07-07,16.65999984741211,17.139999389648438,16.65999984741211,16.920000076293945,4101800,14.662717819213867
2023-07-10,16.850000381469727,17.549999237060547,16.770000457763672,17.3700008392334,4153600,15.052687644958496
2023-07-11,17.459999084472656,17.59000015258789,17.34000015258789,17.559999465942383,3167800,15.217338562011719
2023-07-12,17.899999618530273,18.479999542236328,17.860000610351562,18.399999618530273,6158500,15.945272445678711
2023-07-13,18.459999084472656,18.709999084472656,18.290000915527344,18.329999923706055,5186300,15.884614944458008
2023-07-14,18.389999389648438,18.389999389648438,17.700000762939453,17.729999542236328,6509900,15.364653587341309
2023-07-17,17.68000030517578,17.81999969482422,17.520000457763672,17.600000381469727,4089900,15.251998901367188
2023-07-18,17.709999084472656,17.940000534057617,17.6299991607666,17.889999389648438,3369100,15.503314971923828
2023-07-19,17.920000076293945,18.149999618530273,17.770000457763672,18.040000915527344,3183600,15.633302688598633
2023-07-20,17.959999084472656,18.0,17.719999313354492,17.90999984741211,3025500,15.520642280578613
2023-07-21,18.020000457763672,18.079999923706055,17.760000228881836,17.84000015258789,2767000,15.459981918334961
2023-07-24,17.829999923706055,17.989999771118164,17.760000228881836,17.959999084472656,5176500,15.563972473144531
2023-07-25,17.3799991607666,17.440000534057617,16.510000228881836,16.6200008392334,9277500,14.402743339538574
2023-07-26,16.559999465942383,16.690000534057617,16.299999237060547,16.440000534057617,6325500,14.246758460998535
2023-07-27,16.549999237060547,16.59000015258789,16.1200008392334,16.149999618530273,4667400,13.995443344116211
2023-07-28,16.559999465942383,16.81999969482422,16.3799991607666,16.600000381469727,5413000,14.385411262512207
2023-07-31,16.649999618530273,16.889999389648438,16.489999771118164,16.799999237060547,4218600,14.55872631072998
2023-08-01,16.700000762939453,16.860000610351562,16.59000015258789,16.829999923706055,3689100,14.58472728729248
2023-08-02,16.549999237060547,16.559999465942383,16.200000762939453,16.360000610351562,4016200,14.177428245544434
2023-08-03,16.309999465942383,16.700000762939453,16.200000762939453,16.649999618530273,5351800,14.428738594055176
2023-08-04,16.739999771118164,17.139999389648438,16.600000381469727,16.649999618530273,4004600,14.428738594055176
2023-08-07,16.729999542236328,17.1200008392334,16.729999542236328,16.979999542236328,2242700,14.714713096618652
2023-08-08,16.639999389648438,16.81999969482422,16.440000534057617,16.75,3923900,14.515399932861328
2023-08-09,16.68000030517578,16.8700008392334,16.579999923706055,16.709999084472656,3265500,14.480732917785645
2023-08-10,16.760000228881836,16.809999465942383,16.200000762939453,16.229999542236328,4469900,14.235149383544922
2023-08-11,16.18000030517578,16.43000030517578,16.139999389648438,16.389999389648438,2312500,14.375483512878418
2023-08-14,16.239999771118164,16.299999237060547,16.100000381469727,16.200000762939453,3401400,14.208837509155273
2023-08-15,15.979999542236328,16.0,15.520000457763672,15.579999923706055,3869700,13.665042877197266
2023-08-16,15.479999542236328,15.619999885559082,15.319999694824219,15.319999694824219,2316200,13.43699836730957
2023-08-17,15.3100004196167,15.430000305175781,15.25,15.390000343322754,3017100,13.498394966125488
2023-08-18,15.15999984741211,15.40999984741211,15.15999984741211,15.239999771118164,2333500,13.366832733154297
2023-08-21,15.289999961853027,15.289999961853027,14.880000114440918,14.989999771118164,2480300,13.147560119628906
2023-08-22,15.0600004196167,15.149999618530273,14.84000015258789,14.949999809265137,3180400,13.112476348876953
2023-08-23,14.979999542236328,15.34000015258789,14.890000343322754,15.329999923706055,2229000,13.445769309997559
2023-08-24,15.319999694824219,15.550000190734863,15.109999656677246,15.130000114440918,3141600,13.270353317260742
2023-08-25,15.199999809265137,15.289999961853027,14.949999809265137,15.1899995803833,2208800,13.322978019714355
2023-08-28,15.350000381469727,15.460000038146973,15.300000190734863,15.390000343322754,1913200,13.498394966125488
2023-08-29,15.399999618530273,15.75,15.319999694824219,15.720000267028809,2854700,13.787835121154785
2023-08-30,15.75,15.90999984741211,15.670000076293945,15.729999542236328,2544700,13.796603202819824
2023-08-31,15.800000190734863,15.960000038146973,15.720000267028809,15.920000076293945,5407600,13.963252067565918
2023-09-01,16.079999923706055,16.1200008392334,15.9399995803833,16.030000686645508,2267300,14.059734344482422
2023-09-05,15.970000267028809,15.979999542236328,15.670000076293945,15.6899995803833,2401700,13.761521339416504
2023-09-06,15.600000381469727,15.75,15.420000076293945,15.550000190734863,2226700,13.638731956481934
2023-09-07,15.399999618530273,15.4399995803833,14.970000267028809,15.34000015258789,6307000,13.454540252685547
2023-09-08,15.34000015258789,15.520000457763672,15.25,15.449999809265137,3242800,13.551019668579102
2023-09-11,15.680000305175781,15.770000457763672,15.380000114440918,15.40999984741211,2501900,13.515937805175781
2023-09-12,15.369999885559082,15.699999809265137,15.319999694824219,15.5600004196167,7042000,13.647500991821289
2023-09-13,15.65999984741211,15.65999984741211,15.09000015258789,15.3100004196167,6677100,13.428230285644531
2023-09-14,15.399999618530273,15.59000015258789,15.319999694824219,15.510000228881836,3890000,13.603647232055664
2023-09-15,15.380000114440918,15.800000190734863,15.369999885559082,15.569999694824219,7424600,13.656270980834961
2023-09-18,15.550000190734863,15.550000190734863,15.170000076293945,15.229999542236328,3690700,13.358060836791992
2023-09-19,15.300000190734863,15.460000038146973,15.15999984741211,15.279999732971191,3500600,13.401915550231934
2023-09-20,15.329999923706055,15.520000457763672,15.020000457763672,15.050000190734863,3082300,13.20018482208252
2023-09-21,14.880000114440918,14.90999984741211,14.569999694824219,14.630000114440918,5116100,12.831808090209961
2023-09-22,14.640000343322754,14.670000076293945,14.380000114440918,14.489999771118164,4396600,12.709016799926758
2023-09-25,14.260000228881836,14.539999961853027,14.119999885559082,14.359999656677246,4524300,12.594993591308594
2023-09-26,14.180000305175781,14.350000381469727,14.050000190734863,14.09000015258789,4545400,12.358182907104492
2023-09-27,14.140000343322754,14.270000457763672,13.960000038146973,14.09000015258789,4257800,12.358182907104492
2023-09-28,14.0600004196167,14.479999542236328,14.050000190734863,14.470000267028809,4414300,12.691473007202148
2023-09-29,14.600000381469727,14.829999923706055,14.460000038146973,14.520000457763672,4140200,12.735328674316406
2023-10-02,14.449999809265137,14.479999542236328,14.1899995803833,14.210000038146973,4769200,12.463432312011719
2023-10-03,14.050000190734863,14.130000114440918,13.550000190734863,13.600000381469727,4531000,11.928406715393066
2023-10-04,13.59000015258789,13.75,13.430000305175781,13.65999984741211,3845700,11.981032371520996
2023-10-05,13.550000190734863,13.670000076293945,13.380000114440918,13.649999618530273,3477900,11.972260475158691
2023-10-06,13.479999542236328,13.680000305175781,13.260000228881836,13.5600004196167,3567800,11.893324851989746
2023-10-09,13.420000076293945,13.720000267028809,13.359999656677246,13.630000114440918,3297400,11.954719543457031
2023-10-10,13.699999809265137,13.960000038146973,13.699999809265137,13.880000114440918,3267400,12.173991203308105
2023-10-11,13.800000190734863,14.050000190734863,13.579999923706055,13.8100004196167,5402000,12.112595558166504
2023-10-12,13.770000457763672,13.779999732971191,13.260000228881836,13.319999694824219,4237400,11.682822227478027
2023-10-13,13.34000015258789,13.470000267028809,13.100000381469727,13.170000076293945,4469900,11.551259994506836
2023-10-16,13.289999961853027,13.569999694824219,13.199999809265137,13.34000015258789,4777200,11.70036506652832
2023-10-17,13.199999809265137,13.5600004196167,13.199999809265137,13.4399995803833,3734400,11.788071632385254
2023-10-18,13.25,13.25,12.989999771118164,13.050000190734863,4618800,11.446008682250977
2023-10-19,12.970000267028809,13.100000381469727,12.720000267028809,12.800000190734863,6717000,11.226736068725586
2023-10-20,12.819999694824219,12.890000343322754,12.649999618530273,12.699999809265137,6019000,11.13902759552002
2023-10-23,12.569999694824219,12.699999809265137,12.489999771118164,12.520000457763672,8134000,10.98115062713623
2023-10-24,12.9399995803833,13.270000457763672,12.770000457763672,13.029999732971191,9229600,11.428465843200684
2023-10-25,12.880000114440918,12.949999809265137,12.479999542236328,12.59000015258789,6090900,11.042549133300781
2023-10-26,12.619999885559082,13.130000114440918,12.609999656677246,12.899999618530273,8022100,11.314444541931152
2023-10-27,12.979999542236328,12.989999771118164,12.720000267028809,12.760000228881836,5449600,11.191651344299316
2023-10-30,12.949999809265137,13.079999923706055,12.680000305175781,12.949999809265137,4439600,11.358298301696777
2023-10-31,13.0,13.029999732971191,12.729999542236328,12.970000267028809,4461800,11.375842094421387
2023-11-01,12.989999771118164,13.170000076293945,12.800000190734863,13.069999694824219,4924600,11.46354866027832
2023-11-02,13.34000015258789,13.59000015258789,13.239999771118164,13.539999961853027,4270000,11.875781059265137
2023-11-03,13.90999984741211,14.130000114440918,13.850000381469727,13.880000114440918,3865000,12.173991203308105
2023-11-06,13.899999618530273,13.9399995803833,13.350000381469727,13.5,3458800,11.840697288513184
2023-11-07,13.4399995803833,13.520000457763672,13.289999961853027,13.300000190734863,2942000,11.665279388427734
2023-11-08,13.289999961853027,13.430000305175781,13.220000267028809,13.279999732971191,4688700,11.64773941040039
2023-11-09,13.199999809265137,13.289999961853027,12.770000457763672,12.779999732971191,4544700,11.38058853149414
2023-11-10,12.920000076293945,13.130000114440918,12.680000305175781,13.079999923706055,4233400,11.64773941040039
2023-11-13,12.970000267028809,13.039999961853027,12.829999923706055,12.960000038146973,3830000,11.540879249572754
2023-11-14,13.420000076293945,13.850000381469727,13.399999618530273,13.699999809265137,4838100,12.199849128723145
2023-11-15,13.630000114440918,13.960000038146973,13.600000381469727,13.739999771118164,6147800,12.235468864440918
2023-11-16,13.670000076293945,13.829999923706055,13.619999885559082,13.710000038146973,4279500,12.20875358581543
2023-11-17,13.880000114440918,13.930000305175781,13.770000457763672,13.84000015258789,3551200,12.324518203735352
2023-11-20,13.829999923706055,13.979999542236328,13.630000114440918,13.960000038146973,3816400,12.431380271911621
2023-11-21,13.84000015258789,13.90999984741211,13.59000015258789,13.75,4676100,12.24437427520752
2023-11-22,13.880000114440918,13.90999984741211,13.699999809265137,13.850000381469727,3171400,12.33342456817627
2023-11-24,13.770000457763672,13.829999923706055,13.670000076293945,13.8100004196167,1820900,12.297802925109863
2023-11-27,13.710000038146973,13.770000457763672,13.550000190734863,13.770000457763672,4308200,12.262184143066406
2023-11-28,13.729999542236328,13.850000381469727,13.529999732971191,13.770000457763672,12294500,12.262184143066406
2023-11-29,13.850000381469727,14.449999809265137,13.850000381469727,14.279999732971191,8324000,12.716338157653809
2023-11-30,14.399999618530273,14.520000457763672,14.229999542236328,14.270000457763672,36096700,12.70743465423584
2023-12-01,14.300000190734863,14.859999656677246,14.140000343322754,14.859999656677246,6636200,13.232829093933105
2023-12-04,14.729999542236328,15.069999694824219,14.710000038146973,15.029999732971191,6847100,13.3842134475708
2023-12-05,14.930000305175781,15.069999694824219,14.670000076293945,15.0,6790400,13.357498168945312
2023-12-06,15.100000381469727,15.239999771118164,14.930000305175781,15.0,4003500,13.357498168945312
2023-12-07,15.0600004196167,15.170000076293945,14.8100004196167,15.130000114440918,7076400,13.473262786865234
2023-12-08,15.170000076293945,15.270000457763672,15.0600004196167,15.210000038146973,7126400,13.544504165649414
2023-12-11,15.130000114440918,15.319999694824219,15.100000381469727,15.239999771118164,4935700,13.57121753692627
2023-12-12,15.270000457763672,15.539999961853027,15.220000267028809,15.520000457763672,6578900,13.820557594299316
2023-12-13,15.520000457763672,16.3799991607666,15.420000076293945,16.34000015258789,7671900,14.550768852233887
2023-12-14,16.799999237060547,17.709999084472656,16.780000686645508,17.579999923706055,11535800,15.654987335205078
2023-12-15,17.510000228881836,17.68000030517578,17.299999237060547,17.540000915527344,11243000,15.619372367858887
2023-12-18,17.600000381469727,17.68000030517578,17.309999465942383,17.34000015258789,3644500,15.441269874572754
2023-12-19,17.420000076293945,17.770000457763672,17.34000015258789,17.600000381469727,3928100,15.672797203063965
2023-12-20,17.489999771118164,17.610000610351562,17.079999923706055,17.079999923706055,4517400,15.209738731384277
2023-12-21,17.200000762939453,17.489999771118164,17.139999389648438,17.479999542236328,3895800,15.565934181213379
2023-12-22,17.600000381469727,17.81999969482422,17.520000457763672,17.700000762939453,3356700,15.761847496032715
2023-12-26,17.719999313354492,18.010000228881836,17.65999984741211,17.959999084472656,2909500,15.993377685546875
2023-12-27,18.010000228881836,18.100000381469727,17.899999618530273,18.040000915527344,2772700,16.064620971679688
2023-12-28,17.950000762939453,18.170000076293945,17.90999984741211,18.06999969482422,2129500,16.091331481933594
2023-12-29,17.940000534057617,18.09000015258789,17.790000915527344,17.84000015258789,2261300,15.886519432067871
2024-01-02,17.709999084472656,17.860000610351562,17.520000457763672,17.75,4070900,15.806374549865723
2024-01-03,17.5,17.520000457763672,17.139999389648438,17.270000457763672,4199000,15.37893295288086
2024-01-04,17.360000610351562,17.6299991607666,17.25,17.5,4227700,15.583745956420898
2024-01-05,17.389999389648438,18.020000457763672,17.329999923706055,17.899999618530273,6173500,15.939947128295898
2024-01-08,17.860000610351562,18.280000686645508,17.790000915527344,18.219999313354492,4504400,16.22490692138672
2024-01-09,17.969999313354492,18.1200008392334,17.719999313354492,17.760000228881836,4260200,15.815279006958008
2024-01-10,17.760000228881836,17.8700008392334,17.639999389648438,17.860000610351562,4899300,15.90433120727539
2024-01-11,17.860000610351562,18.1299991607666,17.489999771118164,17.639999389648438,4955600,15.70842170715332
2024-01-12,17.829999923706055,17.8700008392334,17.270000457763672,17.280000686645508,4758600,15.387840270996094
2024-01-16,17.030000686645508,17.110000610351562,16.81999969482422,16.93000030517578,8378700,15.076164245605469
2024-01-17,16.540000915527344,16.770000457763672,16.510000228881836,16.649999618530273,4196100,14.826825141906738
2024-01-18,16.770000457763672,16.770000457763672,16.329999923706055,16.549999237060547,3933000,14.737772941589355
2024-01-19,16.670000076293945,17.110000610351562,16.479999542236328,17.09000015258789,4924600,15.218644142150879
2024-01-22,17.209999084472656,17.520000457763672,17.200000762939453,17.389999389648438,7378600,15.485795974731445
2024-01-23,16.649999618530273,16.649999618530273,15.9399995803833,15.949999809265137,10966700,14.203472137451172
2024-01-24,16.1299991607666,16.360000610351562,15.779999732971191,15.819999694824219,5819400,14.08770751953125
2024-01-25,16.059999465942383,16.309999465942383,16.040000915527344,16.200000762939453,4322200,14.426098823547363
2024-01-26,16.270000457763672,16.389999389648438,16.18000030517578,16.209999084472656,2933900,14.435002326965332
2024-01-29,16.190000534057617,16.440000534057617,16.079999923706055,16.40999984741211,3815100,14.613102912902832
2024-01-30,16.290000915527344,16.329999923706055,16.15999984741211,16.270000457763672,3023800,14.488434791564941
2024-01-31,15.829999923706055,16.360000610351562,15.800000190734863,15.829999923706055,6301900,14.096613883972168
2024-02-01,15.930000305175781,16.15999984741211,15.510000228881836,16.079999923706055,7552000,14.319238662719727
2024-02-02,15.84000015258789,16.020000457763672,15.6899995803833,15.829999923706055,5836800,14.096613883972168
2024-02-05,15.619999885559082,15.699999809265137,15.34000015258789,15.680000305175781,6157800,13.963038444519043
2024-02-06,15.609999656677246,15.970000267028809,15.579999923706055,15.880000114440918,5308400,14.141138076782227
2024-02-07,15.9399995803833,16.010000228881836,15.470000267028809,15.920000076293945,4842400,14.17676067352295
2024-02-08,15.920000076293945,16.040000915527344,15.710000038146973,15.90999984741211,3192900,14.167853355407715
2024-02-09,15.949999809265137,15.949999809265137,15.680000305175781,15.899999618530273,5383900,14.158946990966797
2024-02-12,15.9399995803833,16.520000457763672,15.9399995803833,16.3700008392334,3784500,14.577485084533691
2024-02-13,15.779999732971191,15.789999961853027,14.90999984741211,15.239999771118164,8100700,13.57121753692627
2024-02-14,15.399999618530273,15.550000190734863,15.3100004196167,15.460000038146973,4021900,13.767128944396973
2024-02-15,15.430000305175781,15.729999542236328,15.40999984741211,15.6899995803833,4502500,14.155060768127441
2024-02-16,15.539999961853027,15.65999984741211,15.399999618530273,15.4399995803833,4428500,13.929518699645996
2024-02-20,15.220000267028809,15.619999885559082,15.149999618530273,15.529999732971191,5221000,14.010714530944824
2024-02-21,15.470000267028809,15.609999656677246,15.380000114440918,15.579999923706055,3212900,14.05582332611084
2024-02-22,15.699999809265137,15.720000267028809,15.5,15.619999885559082,3628500,14.091909408569336
2024-02-23,15.65999984741211,15.680000305175781,15.319999694824219,15.34000015258789,6088800,13.839302062988281
2024-02-26,15.279999732971191,15.479999542236328,15.039999961853027,15.09000015258789,5960900,13.613758087158203
2024-02-27,15.239999771118164,15.399999618530273,15.039999961853027,15.399999618530273,3753000,13.893431663513184
2024-02-28,15.279999732971191,15.489999771118164,15.1899995803833,15.289999961853027,2912200,13.794194221496582
2024-02-29,15.579999923706055,15.65999984741211,15.260000228881836,15.40999984741211,7583800,13.902454376220703
2024-03-01,15.380000114440918,15.550000190734863,15.100000381469727,15.529999732971191,3004100,14.010714530944824
2024-03-04,15.510000228881836,15.890000343322754,15.5,15.630000114440918,3268800,14.100931167602539
2024-03-05,15.489999771118164,15.770000457763672,15.449999809265137,15.680000305175781,3352000,14.146039962768555
2024-03-06,15.850000381469727,15.890000343322754,15.5600004196167,15.739999771118164,3091700,14.200169563293457
2024-03-07,15.930000305175781,16.0,15.609999656677246,15.65999984741211,4376200,14.127996444702148
2024-03-08,15.84000015258789,15.979999542236328,15.800000190734863,15.880000114440918,4784700,14.3264741897583
2024-03-11,15.729999542236328,15.920000076293945,15.609999656677246,15.800000190734863,3123900,14.254300117492676
2024-03-12,15.829999923706055,15.930000305175781,15.350000381469727,15.579999923706055,5571200,14.05582332611084
2024-03-13,15.640000343322754,15.869999885559082,15.550000190734863,15.739999771118164,4608100,14.200169563293457
2024-03-14,15.59000015258789,15.6899995803833,15.239999771118164,15.390000343322754,4453000,13.88440990447998
2024-03-15,15.1899995803833,15.579999923706055,15.1899995803833,15.430000305175781,5834800,13.92049789428711
2024-03-18,15.40999984741211,15.40999984741211,15.210000038146973,15.270000457763672,2440500,13.776151657104492
2024-03-19,15.199999809265137,15.449999809265137,15.199999809265137,15.40999984741211,4529200,13.902454376220703
2024-03-20,15.34000015258789,15.949999809265137,15.3100004196167,15.829999923706055,3635700,14.281365394592285
2024-03-21,16.0,16.260000228881836,15.960000038146973,16.0,3988400,14.434733390808105
2024-03-22,16.020000457763672,16.06999969482422,15.699999809265137,15.710000038146973,2957900,14.17310619354248
2024-03-25,15.789999961853027,16.18000030517578,15.720000267028809,16.0,4473400,14.434733390808105
2024-03-26,16.1200008392334,16.209999084472656,16.020000457763672,16.049999237060547,3667600,14.479842185974121
2024-03-27,16.229999542236328,16.459999084472656,16.170000076293945,16.450000762939453,3385200,14.840710639953613
2024-03-28,16.5,16.770000457763672,16.479999542236328,16.59000015258789,4757300,14.96701717376709
2024-04-01,16.540000915527344,16.559999465942383,16.350000381469727,16.489999771118164,3425400,14.876798629760742
2024-04-02,16.350000381469727,16.5,16.110000610351562,16.469999313354492,4246400,14.858757019042969
2024-04-03,16.43000030517578,16.770000457763672,16.399999618530273,16.68000030517578,4758400,15.048210144042969
2024-04-04,16.93000030517578,17.1200008392334,16.520000457763672,16.530000686645508,6240900,14.912886619567871
2024-04-05,16.450000762939453,16.770000457763672,16.25,16.649999618530273,5494200,15.021145820617676
2024-04-08,16.75,16.93000030517578,16.65999984741211,16.920000076293945,3895700,15.264730453491211
2024-04-09,17.040000915527344,17.049999237060547,16.670000076293945,16.940000534057617,2976900,15.282773971557617
2024-04-10,16.450000762939453,16.450000762939453,15.6899995803833,15.869999885559082,6344700,14.317453384399414
2024-04-11,15.90999984741211,15.970000267028809,15.649999618530273,15.710000038146973,3427200,14.17310619354248
2024-04-12,15.609999656677246,15.760000228881836,15.260000228881836,15.34000015258789,3484000,13.839302062988281
2024-04-15,15.5,15.630000114440918,15.069999694824219,15.1899995803833,2888900,13.703975677490234
2024-04-16,15.100000381469727,15.229999542236328,14.949999809265137,15.1899995803833,3451900,13.703975677490234
2024-04-17,15.359999656677246,15.470000267028809,15.229999542236328,15.239999771118164,2881600,13.749085426330566
2024-04-18,15.34000015258789,15.430000305175781,15.199999809265137,15.270000457763672,2885500,13.776151657104492
2024-04-19,15.289999961853027,15.489999771118164,15.279999732971191,15.369999885559082,3017700,13.866365432739258
2024-04-22,15.470000267028809,15.649999618530273,15.300000190734863,15.579999923706055,6745400,14.05582332611084
2024-04-23,14.640000343322754,15.0,14.5600004196167,14.579999923706055,11329200,13.153650283813477
2024-04-24,14.369999885559082,14.5600004196167,14.220000267028809,14.520000457763672,8464600,13.099522590637207
2024-04-25,14.329999923706055,14.59000015258789,14.210000038146973,14.510000228881836,3682400,13.090500831604004
2024-04-26,14.520000457763672,14.75,14.420000076293945,14.670000076293945,5254300,13.234847068786621
2024-04-29,14.720000267028809,14.760000228881836,14.300000190734863,14.460000038146973,6068800,13.045391082763672
2024-04-30,14.25,14.5,14.15999984741211,14.170000076293945,6136200,12.783761978149414
2024-05-01,14.199999809265137,14.609999656677246,14.180000305175781,14.34000015258789,4116300,12.937129974365234
2024-05-02,14.510000228881836,14.609999656677246,14.3100004196167,14.529999732971191,3158200,13.108545303344727
2024-05-03,14.829999923706055,15.119999885559082,14.779999732971191,14.84000015258789,5526800,13.388216972351074
2024-05-06,14.970000267028809,15.119999885559082,14.84000015258789,14.949999809265137,4611500,13.487454414367676
2024-05-07,14.989999771118164,15.050000190734863,14.869999885559082,14.880000114440918,2896100,13.42430305480957
2024-05-08,14.720000267028809,15.020000457763672,14.670000076293945,14.989999771118164,2708100,13.523541450500488
2024-05-09,14.960000038146973,15.270000457763672,14.9399995803833,15.210000038146973,3431300,13.722020149230957
2024-05-10,15.300000190734863,15.600000381469727,15.220000267028809,15.59000015258789,7083100,14.06484317779541
2024-05-13,15.489999771118164,15.869999885559082,15.479999542236328,15.789999961853027,6411500,14.435091018676758
2024-05-14,16.0,16.239999771118164,15.84000015258789,16.010000228881836,7406500,14.636214256286621
2024-05-15,16.270000457763672,16.420000076293945,16.170000076293945,16.309999465942383,7343800,14.91047191619873
2024-05-16,16.25,16.299999237060547,15.970000267028809,16.09000015258789,4267900,14.709351539611816
2024-05-17,16.06999969482422,16.170000076293945,15.869999885559082,16.0,3518400,14.627071380615234
2024-05-20,15.989999771118164,16.149999618530273,15.9399995803833,16.020000457763672,3135900,14.645356178283691
2024-05-21,16.0,16.110000610351562,15.930000305175781,15.960000038146973,1965600,14.590505599975586
2024-05-22,15.930000305175781,15.930000305175781,15.640000343322754,15.789999961853027,3729600,14.435091018676758
2024-05-23,15.770000457763672,15.770000457763672,15.369999885559082,15.460000038146973,3033700,14.13340950012207
2024-05-24,15.609999656677246,15.699999809265137,15.539999961853027,15.630000114440918,1722300,14.28882122039795
2024-05-28,15.649999618530273,15.710000038146973,15.350000381469727,15.449999809265137,2331400,14.124266624450684
2024-05-29,15.15999984741211,15.25,15.0600004196167,15.140000343322754,2262100,13.840866088867188
2024-05-30,15.289999961853027,15.399999618530273,15.170000076293945,15.359999656677246,2900100,14.041988372802734
2024-05-31,15.4399995803833,15.760000228881836,15.380000114440918,15.710000038146973,7314800,14.361957550048828
2024-06-03,15.8100004196167,15.829999923706055,15.479999542236328,15.649999618530273,2687100,14.30710506439209
2024-06-04,15.430000305175781,15.729999542236328,15.420000076293945,15.470000267028809,3046200,14.14255142211914
2024-06-05,15.520000457763672,15.550000190734863,15.279999732971191,15.5,3165700,14.169977188110352
2024-06-06,15.460000038146973,15.510000228881836,15.199999809265137,15.260000228881836,4252100,13.950570106506348
2024-06-07,15.010000228881836,15.220000267028809,14.989999771118164,15.029999732971191,3078900,13.74030590057373
2024-06-10,14.899999618530273,15.270000457763672,14.84000015258789,15.1899995803833,5115600,13.886576652526855
2024-06-11,15.020000457763672,15.039999961853027,14.829999923706055,14.979999542236328,3656700,13.694595336914062
2024-06-12,15.59000015258789,15.979999542236328,15.100000381469727,15.1899995803833,7611800,13.886576652526855
2024-06-13,15.100000381469727,15.130000114440918,14.789999961853027,14.829999923706055,4617100,13.557467460632324
2024-06-14,14.609999656677246,14.720000267028809,14.430000305175781,14.5600004196167,4053600,13.310636520385742
2024-06-17,14.550000190734863,14.640000343322754,14.319999694824219,14.59000015258789,3795700,13.338062286376953
2024-06-18,14.59000015258789,14.789999961853027,14.539999961853027,14.779999732971191,3242000,13.511757850646973
2024-06-20,14.800000190734863,15.079999923706055,14.710000038146973,14.949999809265137,3546200,13.667170524597168
2024-06-21,14.960000038146973,15.109999656677246,14.850000381469727,15.09000015258789,5744900,13.795156478881836
2024-06-24,15.140000343322754,15.4399995803833,15.079999923706055,15.3100004196167,3563200,13.996280670166016
2024-06-25,15.210000038146973,15.260000228881836,14.9399995803833,15.09000015258789,2764200,13.795156478881836
2024-06-26,14.9399995803833,15.050000190734863,14.859999656677246,14.979999542236328,2606700,13.694595336914062
2024-06-27,14.9399995803833,14.970000267028809,14.800000190734863,14.850000381469727,1733100,13.575752258300781
2024-06-28,14.979999542236328,15.09000015258789,14.8100004196167,14.960000038146973,3937800,13.676313400268555
2024-07-01,14.979999542236328,15.079999923706055,14.829999923706055,14.850000381469727,2238400,13.575752258300781
2024-07-02,14.850000381469727,15.069999694824219,14.789999961853027,15.0,2884100,13.712881088256836
2024-07-03,15.109999656677246,15.289999961853027,14.979999542236328,15.050000190734863,1119100,13.758590698242188
2024-07-05,15.010000228881836,15.029999732971191,14.8100004196167,14.920000076293945,3933100,13.63974380493164
2024-07-08,15.050000190734863,15.119999885559082,14.9399995803833,14.960000038146973,2695600,13.676313400268555
2024-07-09,14.930000305175781,15.329999923706055,14.869999885559082,15.229999542236328,4852900,13.923144340515137
2024-07-10,15.279999732971191,15.789999961853027,15.239999771118164,15.770000457763672,4146700,14.41680908203125
2024-07-11,16.0,16.200000762939453,15.90999984741211,15.989999771118164,3864900,14.61793041229248
2024-07-12,16.010000228881836,16.110000610351562,15.869999885559082,16.030000686645508,3572700,14.654499053955078
2024-07-15,16.15999984741211,16.329999923706055,16.040000915527344,16.219999313354492,2807700,14.828193664550781
2024-07-16,16.190000534057617,16.56999969482422,16.110000610351562,16.479999542236328,4814700,15.065884590148926
2024-07-17,16.40999984741211,16.68000030517578,16.3700008392334,16.450000762939453,4162700,15.038457870483398
2024-07-18,16.3799991607666,16.940000534057617,16.149999618530273,16.290000915527344,4157600,14.892189979553223
2024-07-19,16.209999084472656,16.5,16.040000915527344,16.209999084472656,3667000,14.819052696228027
2024-07-22,16.3700008392334,16.520000457763672,16.110000610351562,16.489999771118164,6004000,15.075026512145996
2024-07-23,16.520000457763672,16.93000030517578,16.190000534057617,16.799999237060547,8767100,15.35842514038086
2024-07-24,16.959999084472656,17.09000015258789,16.549999237060547,16.579999923706055,5584500,15.157303810119629
2024-07-25,16.670000076293945,17.3700008392334,16.579999923706055,17.110000610351562,5017200,15.641828536987305
2024-07-26,17.280000686645508,17.420000076293945,17.100000381469727,17.420000076293945,3457900,15.925225257873535
2024-07-29,17.350000381469727,17.420000076293945,16.920000076293945,17.0,3719800,15.54126262664795
2024-07-30,17.219999313354492,17.309999465942383,17.010000228881836,17.219999313354492,3141700,15.742384910583496
2024-07-31,17.260000228881836,17.489999771118164,17.190000534057617,17.260000228881836,3968600,15.77895450592041
2024-08-01,17.299999237060547,17.420000076293945,16.670000076293945,16.81999969482422,3636600,15.376708984375
2024-08-02,16.360000610351562,16.469999313354492,15.579999923706055,15.710000038146973,6142400,14.361957550048828
2024-08-05,15.119999885559082,15.390000343322754,14.760000228881836,14.970000267028809,6317300,13.685455322265625
2024-08-06,14.960000038146973,15.699999809265137,14.880000114440918,15.529999732971191,5174000,14.197402000427246
2024-08-07,15.850000381469727,16.030000686645508,15.260000228881836,15.329999923706055,4049900,14.01456356048584
2024-08-08,15.520000457763672,15.84000015258789,15.489999771118164,15.739999771118164,4395400,14.389382362365723
2024-08-09,15.729999542236328,16.18000030517578,15.59000015258789,16.15999984741211,4189800,14.77334213256836
2024-08-12,16.260000228881836,16.290000915527344,15.789999961853027,15.979999542236328,5430200,14.60878849029541
2024-08-13,16.190000534057617,16.360000610351562,16.010000228881836,16.25,6023700,14.855620384216309
2024-08-14,16.360000610351562,16.530000686645508,16.15999984741211,16.479999542236328,3503900,15.065884590148926
2024-08-15,16.68000030517578,16.93000030517578,16.6299991607666,16.850000381469727,3576400,15.404134750366211
2024-08-16,16.690000534057617,17.030000686645508,16.639999389648438,16.860000610351562,3068400,15.603106498718262
2024-08-19,16.860000610351562,16.979999542236328,16.770000457763672,16.940000534057617,2187100,15.677143096923828
2024-08-20,16.8799991607666,16.940000534057617,16.6200008392334,16.639999389648438,3341200,15.399505615234375
2024-08-21,16.690000534057617,16.780000686645508,16.450000762939453,16.75,3418100,15.501306533813477
2024-08-22,16.790000915527344,16.81999969482422,16.530000686645508,16.729999542236328,2536400,15.48279857635498
2024-08-23,16.8700008392334,17.229999542236328,16.850000381469727,17.200000762939453,3311800,15.917762756347656
2024-08-26,17.389999389648438,17.459999084472656,17.149999618530273,17.18000030517578,2268200,15.899250984191895
2024-08-27,17.079999923706055,17.18000030517578,16.940000534057617,17.030000686645508,2652300,15.760435104370117
2024-08-28,16.950000762939453,17.09000015258789,16.860000610351562,16.969999313354492,2196700,15.704906463623047
2024-08-29,17.059999465942383,17.1200008392334,16.850000381469727,16.90999984741211,3099100,15.649378776550293
2024-08-30,17.010000228881836,17.100000381469727,16.700000762939453,17.09000015258789,3313700,15.815962791442871
2024-09-03,16.889999389648438,16.920000076293945,16.43000030517578,16.520000457763672,3874100,15.288454055786133
2024-09-04,16.520000457763672,16.649999618530273,16.270000457763672,16.3799991607666,4124800,15.15888786315918
2024-09-05,16.530000686645508,16.65999984741211,16.219999313354492,16.3700008392334,2836900,15.149637222290039
2024-09-06,16.360000610351562,16.450000762939453,15.699999809265137,15.739999771118164,2866500,14.566603660583496
2024-09-09,15.920000076293945,16.139999389648438,15.869999885559082,15.930000305175781,4026500,14.742438316345215
2024-09-10,15.970000267028809,15.979999542236328,15.609999656677246,15.869999885559082,2262800,14.686910629272461
2024-09-11,15.729999542236328,15.829999923706055,15.329999923706055,15.800000190734863,3302000,14.622130393981934
2024-09-12,15.720000267028809,15.960000038146973,15.430000305175781,15.859999656677246,3847100,14.677656173706055
2024-09-13,15.960000038146973,16.190000534057617,15.920000076293945,16.010000228881836,2127700,14.816473960876465
2024-09-16,16.1200008392334,16.270000457763672,16.020000457763672,16.25,2965700,15.038581848144531
2024-09-17,16.3700008392334,16.739999771118164,16.329999923706055,16.600000381469727,3010000,15.3624906539917
2024-09-18,16.600000381469727,17.110000610351562,16.520000457763672,16.75,2671400,15.501306533813477
2024-09-19,17.170000076293945,17.3700008392334,16.969999313354492,17.350000381469727,3494900,16.05657958984375
2024-09-20,17.280000686645508,17.309999465942383,17.020000457763672,17.170000076293945,4439200,15.889996528625488
2024-09-23,17.25,17.34000015258789,17.049999237060547,17.1299991607666,2639000,15.85297679901123
2024-09-24,17.190000534057617,17.899999618530273,17.149999618530273,17.549999237060547,6165000,16.241668701171875
2024-09-25,17.520000457763672,17.56999969482422,17.170000076293945,17.25,2739500,15.964033126831055
2024-09-26,17.510000228881836,17.899999618530273,17.469999313354492,17.739999771118164,5135900,16.417503356933594
2024-09-27,17.899999618530273,18.059999465942383,17.6299991607666,17.639999389648438,4672300,16.32495880126953
2024-09-30,17.600000381469727,17.690000534057617,17.360000610351562,17.559999465942383,3293400,16.25092315673828
2024-10-01,17.559999465942383,17.559999465942383,17.18000030517578,17.25,2774100,15.964033126831055
2024-10-02,17.280000686645508,18.209999084472656,17.25,17.780000686645508,6212800,16.45452117919922
2024-10-03,17.600000381469727,17.68000030517578,17.360000610351562,17.469999313354492,3144000,16.167633056640625
2024-10-04,17.809999465942383,17.969999313354492,17.600000381469727,17.739999771118164,3215300,16.417503356933594
2024-10-07,17.690000534057617,17.700000762939453,17.34000015258789,17.6200008392334,3387900,16.30645179748535
2024-10-08,17.670000076293945,17.670000076293945,17.31999969482422,17.360000610351562,3581500,16.065832138061523
2024-10-09,17.399999618530273,17.81999969482422,17.31999969482422,17.770000457763672,3652300,16.445266723632812
2024-10-10,17.59000015258789,17.780000686645508,17.489999771118164,17.68000030517578,2480200,16.361976623535156
2024-10-11,17.899999618530273,18.0,17.56999969482422,17.690000534057617,3481200,16.371231079101562
2024-10-14,17.610000610351562,17.770000457763672,17.510000228881836,17.729999542236328,5449500,16.408248901367188
2024-10-15,17.8799991607666,18.09000015258789,17.690000534057617,17.700000762939453,4632700,16.3804874420166
2024-10-16,17.8799991607666,18.18000030517578,17.84000015258789,18.170000076293945,2181300,16.815446853637695
2024-10-17,18.270000457763672,18.350000381469727,18.149999618530273,18.280000686645508,3493600,16.917247772216797
2024-10-18,18.3700008392334,18.790000915527344,18.219999313354492,18.6299991607666,4376800,17.24115753173828
2024-10-21,18.489999771118164,18.690000534057617,17.940000534057617,18.020000457763672,6702000,16.676631927490234
2024-10-22,17.84000015258789,18.3700008392334,17.6299991607666,18.040000915527344,7079900,16.695140838623047
2024-10-23,17.979999542236328,18.0,17.18000030517578,17.5,5368400,16.195396423339844
2024-10-24,17.610000610351562,17.65999984741211,17.43000030517578,17.6200008392334,2488400,16.30645179748535
2024-10-25,17.780000686645508,17.93000030517578,17.579999923706055,17.6299991607666,2474600,16.315706253051758
2024-10-28,17.809999465942383,18.0,17.770000457763672,17.899999618530273,2246500,16.56557846069336
2024-10-29,17.709999084472656,17.989999771118164,17.709999084472656,17.93000030517578,2593200,16.593338012695312
2024-10-30,17.950000762939453,18.299999237060547,17.780000686645508,17.809999465942383,3364100,16.482284545898438
2024-10-31,17.729999542236328,17.770000457763672,17.299999237060547,17.34000015258789,4313500,16.04732322692871
2024-11-01,17.440000534057617,17.84000015258789,17.43000030517578,17.780000686645508,4350200,16.45452117919922
2024-11-04,17.75,17.760000228881836,17.270000457763672,17.469999313354492,2786800,16.167633056640625
2024-11-05,17.469999313354492,17.889999389648438,17.450000762939453,17.860000610351562,4530900,16.5285587310791
2024-11-06,18.81999969482422,18.940000534057617,18.25,18.59000015258789,6237600,17.204137802124023
2024-11-07,18.489999771118164,18.579999923706055,18.18000030517578,18.280000686645508,2797100,16.917247772216797
2024-11-08,18.200000762939453,18.219999313354492,17.93000030517578,17.979999542236328,2942400,16.639612197875977
2024-11-11,18.149999618530273,18.399999618530273,18.1200008392334,18.290000915527344,2842100,16.926502227783203
2024-11-12,17.950000762939453,18.059999465942383,17.579999923706055,17.790000915527344,4574500,16.463777542114258
2024-11-13,17.90999984741211,18.030000686645508,17.610000610351562,17.649999618530273,3476000,16.334213256835938
2024-11-14,17.559999465942383,17.850000381469727,17.420000076293945,17.739999771118164,3483300,16.610429763793945
2024-11-15,17.760000228881836,17.829999923706055,17.489999771118164,17.670000076293945,2610000,16.54488754272461
2024-11-18,17.6299991607666,17.700000762939453,17.389999389648438,17.469999313354492,5719500,16.357622146606445
2024-11-19,17.270000457763672,17.479999542236328,17.139999389648438,17.270000457763672,3109900,16.17035675048828
2024-11-20,17.190000534057617,17.420000076293945,17.149999618530273,17.40999984741211,3036600,16.301443099975586
2024-11-21,17.549999237060547,17.850000381469727,17.450000762939453,17.68000030517578,2363000,16.554250717163086
2024-11-22,17.65999984741211,17.829999923706055,17.6299991607666,17.739999771118164,2466100,16.610429763793945
2024-11-25,18.0,18.290000915527344,17.959999084472656,18.149999618530273,4412800,16.994325637817383
2024-11-26,18.110000610351562,18.15999984741211,17.8799991607666,18.149999618530273,2756600,16.994325637817383
2024-11-27,18.18000030517578,18.299999237060547,18.0,18.040000915527344,2565400,16.891328811645508
2024-11-29,18.200000762939453,18.290000915527344,18.06999969482422,18.09000015258789,1149800,16.93814468383789
2024-12-02,18.15999984741211,18.190000534057617,17.860000610351562,18.09000015258789,3300300,16.93814468383789
2024-12-03,18.1200008392334,18.260000228881836,17.760000228881836,17.940000534057617,3574300,16.79769515991211
2024-12-04,17.959999084472656,18.149999618530273,17.799999237060547,18.100000381469727,2786800,16.947507858276367
2024-12-05,18.149999618530273,18.190000534057617,17.829999923706055,17.899999618530273,3054200,16.760244369506836
2024-12-06,18.020000457763672,18.030000686645508,17.700000762939453,17.829999923706055,2320800,16.694700241088867
2024-12-09,17.940000534057617,18.690000534057617,17.899999618530273,18.360000610351562,5332400,17.19095230102539
2024-12-10,18.299999237060547,18.770000457763672,18.110000610351562,18.450000762939453,4743300,17.275222778320312
2024-12-11,18.670000076293945,18.729999542236328,18.399999618530273,18.40999984741211,2661900,17.237770080566406
2024-12-12,18.329999923706055,18.559999465942383,18.299999237060547,18.389999389648438,1693000,17.21904182434082
2024-12-13,18.440000534057617,18.440000534057617,18.0,18.040000915527344,2768700,16.891328811645508
2024-12-16,18.040000915527344,18.270000457763672,18.020000457763672,18.09000015258789,2678200,16.93814468383789
2024-12-17,17.850000381469727,17.950000762939453,17.65999984741211,17.799999237060547,2450200,16.666610717773438
2024-12-18,17.860000610351562,17.940000534057617,16.850000381469727,16.860000610351562,3466600,15.78646183013916
2024-12-19,17.110000610351562,17.200000762939453,16.75,16.780000686645508,4804600,15.71155834197998
2024-12-20,16.760000228881836,17.489999771118164,16.639999389648438,17.329999923706055,8594800,16.226537704467773
2024-12-23,17.239999771118164,17.520000457763672,17.1299991607666,17.479999542236328,2952000,16.366985321044922
2024-12-24,17.540000915527344,17.75,17.40999984741211,17.75,1191600,16.619792938232422
2024-12-26,17.610000610351562,17.90999984741211,17.600000381469727,17.8700008392334,1660600,16.732152938842773
2024-12-27,17.68000030517578,17.959999084472656,17.540000915527344,17.68000030517578,1863700,16.554250717163086
2024-12-30,17.459999084472656,17.610000610351562,17.260000228881836,17.479999542236328,1950200,16.366985321044922
2024-12-31,17.579999923706055,17.600000381469727,17.360000610351562,17.479999542236328,1866000,16.366985321044922
2025-01-02,17.670000076293945,17.790000915527344,17.459999084472656,17.649999618530273,2327700,16.526161193847656
2025-01-03,17.8799991607666,17.8799991607666,17.540000915527344,17.75,2280200,16.619792938232422
2025-01-06,17.84000015258789,17.93000030517578,17.329999923706055,17.399999618530273,2707000,16.292078018188477
2025-01-07,17.440000534057617,17.530000686645508,17.020000457763672,17.149999618530273,2251200,16.05799674987793
2025-01-08,17.0,17.15999984741211,16.90999984741211,17.1200008392334,2423600,16.029909133911133
2025-01-10,16.75,16.959999084472656,16.270000457763672,16.360000610351562,3796400,15.3183012008667
2025-01-13,16.239999771118164,16.510000228881836,16.1299991607666,16.420000076293945,4250300,15.374478340148926
2025-01-14,16.5,16.719999313354492,16.329999923706055,16.579999923706055,3712700,15.524290084838867
2025-01-15,17.139999389648438,17.200000762939453,16.809999465942383,17.049999237060547,4328000,15.964365005493164
2025-01-16,16.959999084472656,17.06999969482422,16.81999969482422,16.8700008392334,3581000,15.795825958251953
2025-01-17,16.93000030517578,17.3700008392334,16.899999618530273,17.200000762939453,4442400,16.104816436767578
2025-01-21,17.290000915527344,17.549999237060547,17.290000915527344,17.5,3897500,16.385711669921875
2025-01-22,17.3700008392334,17.520000457763672,17.15999984741211,17.420000076293945,3318100,16.310806274414062
2025-01-23,17.360000610351562,17.639999389648438,17.350000381469727,17.579999923706055,3428700,16.460617065429688
2025-01-24,17.5,17.8700008392334,17.5,17.6299991607666,3103300,16.507436752319336
2025-01-27,17.489999771118164,17.790000915527344,17.25,17.75,6909600,16.619792938232422
2025-01-28,18.75,19.489999771118164,18.459999084472656,19.34000015258789,12800300,18.108551025390625
2025-01-29,19.34000015258789,19.3700008392334,18.860000610351562,19.0,7343700,17.79020118713379
2025-01-30,19.260000228881836,19.549999237060547,19.079999923706055,19.219999313354492,7075600,17.996192932128906
2025-01-31,19.309999465942383,19.510000228881836,19.079999923706055,19.229999542236328,5778800,18.005556106567383
2025-02-03,18.739999771118164,18.739999771118164,18.270000457763672,18.34000015258789,5547000,17.172225952148438
2025-02-04,18.299999237060547,18.540000915527344,18.260000228881836,18.389999389648438,4525300,17.21904182434082
2025-02-05,18.489999771118164,18.790000915527344,18.350000381469727,18.729999542236328,3057100,17.53739356994629
2025-02-06,18.8700008392334,19.31999969482422,18.8700008392334,19.170000076293945,4695300,17.949377059936523
2025-02-07,19.270000457763672,19.270000457763672,18.809999465942383,18.90999984741211,3547200,17.705930709838867
2025-02-10,19.0,19.100000381469727,18.59000015258789,18.709999084472656,3917200,17.518667221069336
2025-02-11,18.579999923706055,18.760000228881836,18.40999984741211,18.739999771118164,3098100,17.546754837036133
2025-02-12,18.329999923706055,18.3700008392334,17.920000076293945,18.280000686645508,3729500,17.116046905517578
2025-02-13,18.34000015258789,18.5,18.219999313354492,18.420000076293945,3109900,17.24713134765625
2025-02-14,18.3799991607666,18.59000015258789,18.219999313354492,18.5,3145100,17.51698875427246
2025-02-18,18.56999969482422,18.760000228881836,18.40999984741211,18.520000457763672,3782500,17.535926818847656
2025-02-19,18.299999237060547,18.329999923706055,17.989999771118164,18.190000534057617,2882200,17.223461151123047
2025-02-20,18.219999313354492,18.290000915527344,17.760000228881836,17.860000610351562,4862800,16.91099739074707
2025-02-21,17.950000762939453,18.059999465942383,17.440000534057617,17.479999542236328,3270300,16.551185607910156
2025-02-24,17.68000030517578,17.860000610351562,17.399999618530273,17.6200008392334,4248700,16.683748245239258
2025-02-25,17.780000686645508,17.790000915527344,17.200000762939453,17.329999923706055,4648000,16.409156799316406
2025-02-26,17.450000762939453,17.59000015258789,17.139999389648438,17.190000534057617,3993700,16.276596069335938
2025-02-27,17.299999237060547,17.479999542236328,17.049999237060547,17.209999084472656,4509500,16.295534133911133
2025-02-28,17.229999542236328,17.420000076293945,17.139999389648438,17.389999389648438,3767100,16.465970993041992
2025-03-03,17.559999465942383,17.649999618530273,16.719999313354492,16.760000228881836,3948400,15.86944580078125
2025-03-04,16.5,16.5,15.720000267028809,16.0,5165400,15.14982795715332
2025-03-05,16.1200008392334,16.459999084472656,15.9399995803833,16.40999984741211,6028000,15.538041114807129
2025-03-06,16.170000076293945,16.350000381469727,15.6899995803833,15.75,6569900,14.913111686706543
2025-03-07,15.65999984741211,15.699999809265137,15.170000076293945,15.630000114440918,7188900,14.79948902130127
2025-03-10,15.260000228881836,15.4399995803833,14.680000305175781,14.819999694824219,7068100,14.032527923583984
2025-03-11,14.819999694824219,15.40999984741211,14.680000305175781,15.239999771118164,10083600,14.430211067199707
2025-03-12,15.569999694824219,15.720000267028809,15.220000267028809,15.25,11009700,14.439680099487305
2025-03-13,15.279999732971191,15.329999923706055,14.770000457763672,14.949999809265137,4806400,14.155620574951172
2025-03-14,15.3100004196167,15.359999656677246,15.100000381469727,15.279999732971191,4581300,14.468086242675781
2025-03-17,15.3100004196167,15.550000190734863,15.3100004196167,15.4399995803833,3202600,14.619583129882812
2025-03-18,15.4399995803833,15.470000267028809,15.1899995803833,15.329999923706055,5729100,14.51542854309082
2025-03-19,15.289999961853027,15.770000457763672,15.260000228881836,15.569999694824219,5366900,14.74267578125
2025-03-20,15.40999984741211,15.739999771118164,15.369999885559082,15.520000457763672,4074300,14.695334434509277
2025-03-21,15.329999923706055,15.420000076293945,15.15999984741211,15.319999694824219,9858200,14.505959510803223
2025-03-24,15.649999618530273,15.989999771118164,15.579999923706055,15.859999656677246,5432600,15.017267227172852
2025-03-25,15.930000305175781,16.18000030517578,15.829999923706055,15.970000267028809,5845100,15.121421813964844
2025-03-26,15.989999771118164,16.219999313354492,15.640000343322754,15.6899995803833,3686600,14.85629940032959
2025-03-27,15.609999656677246,15.720000267028809,15.40999984741211,15.550000190734863,3667800,14.723739624023438
2025-03-28,15.479999542236328,15.5600004196167,15.100000381469727,15.1899995803833,3401100,14.382866859436035
2025-03-31,14.970000267028809,15.260000228881836,14.800000190734863,15.170000076293945,3965600,14.363930702209473
2025-04-01,15.170000076293945,15.279999732971191,14.970000267028809,15.1899995803833,3047000,14.382866859436035
2025-04-02,14.949999809265137,15.829999923706055,14.9399995803833,15.6899995803833,6157300,14.85629940032959
2025-04-03,14.710000038146973,14.800000190734863,13.739999771118164,13.829999923706055,10158100,13.095132827758789
2025-04-04,13.350000381469727,13.420000076293945,12.350000381469727,12.8100004196167,13890800,12.129331588745117
2025-04-07,12.40999984741211,13.460000038146973,12.210000038146973,12.710000038146973,10658400,12.03464412689209
2025-04-08,13.229999542236328,13.239999771118164,11.869999885559082,12.140000343322754,9484500,11.494932174682617
2025-04-09,11.630000114440918,13.770000457763672,11.600000381469727,13.649999618530273,11592500,12.924696922302246
2025-04-10,13.220000267028809,13.5,12.300000190734863,12.6899995803833,9640400,12.015707015991211
2025-04-11,12.5600004196167,12.850000381469727,12.15999984741211,12.779999732971191,7808200,12.100924491882324
2025-04-14,13.100000381469727,13.199999809265137,12.800000190734863,12.970000267028809,6041400,12.280830383300781
2025-04-15,12.960000038146973,13.300000190734863,12.949999809265137,13.079999923706055,6752900,12.38498306274414
2025-04-16,12.829999923706055,13.0600004196167,12.479999542236328,12.640000343322754,5665500,11.968363761901855
2025-04-17,12.710000038146973,12.970000267028809,12.65999984741211,12.800000190734863,4677400,12.119863510131836
2025-04-21,12.579999923706055,12.6899995803833,12.270000457763672,12.460000038146973,7737300,11.797927856445312
2025-04-22,13.319999694824219,13.869999885559082,13.229999542236328,13.489999771118164,12076700,12.773199081420898
2025-04-23,13.949999809265137,14.329999923706055,13.430000305175781,13.510000228881836,7296600,12.792136192321777
2025-04-24,13.569999694824219,14.149999618530273,13.449999809265137,14.069999694824219,6606200,13.322380065917969
2025-04-25,13.970000267028809,14.210000038146973,13.899999618530273,13.930000305175781,6258200,13.1898193359375
2025-04-28,13.930000305175781,14.199999809265137,13.819999694824219,13.9399995803833,5102300,13.199286460876465
2025-04-29,13.850000381469727,14.0,13.800000190734863,13.960000038146973,3287800,13.218225479125977
2025-04-30,13.59000015258789,13.979999542236328,13.460000038146973,13.930000305175781,5413300,13.1898193359375
2025-05-01,14.010000228881836,14.170000076293945,13.859999656677246,13.920000076293945,4083900,13.180349349975586
2025-05-02,14.220000267028809,14.550000190734863,14.119999885559082,14.40999984741211,4372100,13.644312858581543
2025-05-05,14.279999732971191,14.649999618530273,14.199999809265137,14.329999923706055,3941100,13.568563461303711
2025-05-06,14.0600004196167,14.359999656677246,14.039999961853027,14.180000305175781,4933400,13.426534652709961
2025-05-07,14.25,14.470000267028809,14.220000267028809,14.329999923706055,4026100,13.568563461303711
2025-05-08,14.5600004196167,14.9399995803833,14.479999542236328,14.75,4305000,13.966246604919434
2025-05-09,14.829999923706055,14.869999885559082,14.680000305175781,14.829999923706055,4056200,14.041997909545898
2025-05-12,15.680000305175781,15.979999542236328,15.510000228881836,15.59000015258789,5319900,14.761613845825195
2025-05-13,15.65999984741211,15.8100004196167,15.600000381469727,15.649999618530273,4357800,14.818424224853516
2025-05-14,15.40999984741211,15.520000457763672,15.359999656677246,15.479999542236328,5104800,14.85681438446045
2025-05-15,15.359999656677246,15.449999809265137,15.260000228881836,15.319999694824219,3538300,14.703255653381348
2025-05-16,15.34000015258789,15.460000038146973,15.279999732971191,15.4399995803833,4291100,14.818425178527832
2025-05-19,15.1899995803833,15.380000114440918,15.09000015258789,15.329999923706055,2405400,14.71285343170166
2025-05-20,15.199999809265137,15.319999694824219,15.100000381469727,15.15999984741211,4193200,14.549697875976562
2025-05-21,15.0,15.09000015258789,14.600000381469727,14.640000343322754,4110600,14.05063247680664
2025-05-22,14.619999885559082,14.699999809265137,14.5,14.579999923706055,5970600,13.993045806884766
2025-05-23,14.1899995803833,14.5,14.100000381469727,14.380000114440918,4199100,13.801098823547363
2025-05-27,14.619999885559082,14.819999694824219,14.460000038146973,14.760000228881836,4847300,14.165802001953125
2025-05-28,14.760000228881836,14.779999732971191,14.489999771118164,14.489999771118164,4517700,13.906669616699219
2025-05-29,14.699999809265137,14.8100004196167,14.550000190734863,14.75,6538900,14.15620231628418
2025-05-30,14.640000343322754,14.699999809265137,14.369999885559082,14.460000038146973,5142200,13.877877235412598
2025-06-02,14.420000076293945,14.449999809265137,14.180000305175781,14.380000114440918,3348500,13.801098823547363
2025-06-03,14.34000015258789,14.510000228881836,14.149999618530273,14.449999809265137,5522300,13.868280410766602
2025-06-04,14.539999961853027,14.550000190734863,14.399999618530273,14.420000076293945,4749900,13.839488983154297
2025-06-05,14.430000305175781,14.5,14.170000076293945,14.25,5911700,13.676331520080566
2025-06-06,14.489999771118164,14.5600004196167,14.289999961853027,14.390000343322754,6668600,13.810696601867676
2025-06-09,14.579999923706055,14.890000343322754,14.4399995803833,14.680000305175781,6964400,14.089020729064941
2025-06-10,14.770000457763672,14.970000267028809,14.630000114440918,14.8100004196167,4739500,14.213788032531738
2025-06-11,14.880000114440918,15.180000305175781,14.770000457763672,15.069999694824219,4920200,14.4633207321167
2025-06-12,14.880000114440918,14.979999542236328,14.6899995803833,14.949999809265137,5505700,14.348152160644531
2025-06-13,14.640000343322754,14.8100004196167,14.449999809265137,14.529999732971191,5120700,13.945060729980469
2025-06-16,14.699999809265137,14.920000076293945,14.609999656677246,14.829999923706055,5043100,14.232983589172363
2025-06-17,14.729999542236328,14.819999694824219,14.460000038146973,14.520000457763672,3867100,13.93546199798584
2025-06-18,14.479999542236328,14.90999984741211,14.479999542236328,14.720000267028809,5322700,14.127410888671875
2025-06-20,14.819999694824219,14.960000038146973,14.760000228881836,14.8100004196167,8798500,14.213788032531738
2025-06-23,14.720000267028809,14.989999771118164,14.510000228881836,14.930000305175781,4608100,14.32895565032959
2025-06-24,15.09000015258789,15.4399995803833,15.0600004196167,15.289999961853027,5239500,14.674464225769043
2025-06-25,15.260000228881836,15.289999961853027,15.130000114440918,15.25,3253900,14.636075019836426
2025-06-26,15.34000015258789,15.600000381469727,15.300000190734863,15.579999923706055,3716800,14.952789306640625
2025-06-27,15.65999984741211,15.789999961853027,15.539999961853027,15.699999809265137,4751300,15.06795883178711
2025-06-30,15.710000038146973,15.829999923706055,15.670000076293945,15.770000457763672,3578100,15.135141372680664
2025-07-01,15.609999656677246,16.329999923706055,15.609999656677246,16.170000076293945,4306100,15.519037246704102
2025-07-02,16.309999465942383,16.6200008392334,16.200000762939453,16.59000015258789,4995200,15.922131538391113
2025-07-03,16.709999084472656,16.799999237060547,16.649999618530273,16.729999542236328,2855200,16.056493759155273
2025-07-07,16.6299991607666,16.950000762939453,16.610000610351562,16.719999313354492,5934900,16.046894073486328
2025-07-08,16.799999237060547,16.959999084472656,16.639999389648438,16.690000534057617,5293700,16.018104553222656
2025-07-09,16.899999618530273,17.079999923706055,16.829999923706055,16.950000762939453,5265400,16.26763916015625
2025-07-10,17.010000228881836,17.530000686645508,16.959999084472656,17.399999618530273,5242500,16.699522018432617
2025-07-11,17.299999237060547,17.520000457763672,17.239999771118164,17.43000030517578,4646800,16.728315353393555
2025-07-14,17.389999389648438,17.450000762939453,17.25,17.34000015258789,4294800,16.64193344116211
2025-07-15,17.3700008392334,17.43000030517578,16.729999542236328,16.739999771118164,6692300,16.066091537475586
2025-07-16,16.8700008392334,16.959999084472656,16.489999771118164,16.8799991607666,5831700,16.20045280456543
2025-07-17,16.850000381469727,17.299999237060547,16.850000381469727,17.280000686645508,5059000,16.584352493286133
2025-07-18,17.899999618530273,20.049999237060547,17.709999084472656,19.920000076293945,35673200,19.118070602416992
2025-07-21,20.209999084472656,20.6299991607666,20.020000457763672,20.200000762939453,20655900,19.38680076599121
2025-07-22,20.040000915527344,21.690000534057617,20.0,21.25,16474000,20.39453125
2025-07-23,21.40999984741211,21.649999618530273,21.020000457763672,21.440000534057617,14318400,20.57688331604004
2025-07-24,21.450000762939453,21.649999618530273,21.260000228881836,21.43000030517578,7930000,20.567283630371094
2025-07-25,21.549999237060547,21.84000015258789,21.270000457763672,21.809999465942383,4955000,20.93198585510254
2025-07-28,21.760000228881836,21.809999465942383,21.479999542236328,21.68000030517578,4263100,20.807218551635742
2025-07-29,21.84000015258789,21.84000015258789,21.469999313354492,21.719999313354492,6715000,20.845609664916992
2025-07-30,21.719999313354492,21.850000381469727,21.309999465942383,21.479999542236328,6512200,20.615270614624023
2025-07-31,21.479999542236328,21.68000030517578,20.90999984741211,21.010000228881836,7071700,20.16419219970703
2025-08-01,20.579999923706055,20.809999465942383,20.079999923706055,20.610000610351562,7071900,19.78029441833496
2025-08-04,20.93000030517578,21.110000610351562,20.709999084472656,21.0,5792600,20.15459442138672
2025-08-05,21.110000610351562,21.229999542236328,20.729999542236328,21.170000076293945,6340400,20.317750930786133
2025-08-06,21.200000762939453,21.299999237060547,21.020000457763672,21.100000381469727,6627400,20.25057029724121
2025-08-07,21.350000381469727,21.350000381469727,20.540000915527344,20.56999969482422,4723100,19.741907119750977
2025-08-08,20.780000686645508,20.969999313354492,20.56999969482422,20.719999313354492,2905700,19.885866165161133
2025-08-11,20.75,20.84000015258789,20.40999984741211,20.450000762939453,6822700,19.626737594604492
2025-08-12,20.760000228881836,21.1200008392334,20.639999389648438,21.040000915527344,4191300,20.19298553466797
2025-08-13,21.049999237060547,21.549999237060547,21.030000686645508,21.520000457763672,5014200,20.65365982055664
2025-08-14,21.1299991607666,21.3799991607666,21.0,21.34000015258789,3769600,20.682737350463867
2025-08-15,21.389999389648438,21.420000076293945,20.93000030517578,21.1200008392334,4019100,20.469512939453125
2025-08-18,20.979999542236328,21.1200008392334,20.940000534057617,21.0,3514000,20.353208541870117
2025-08-19,21.020000457763672,21.09000015258789,20.670000076293945,20.829999923706055,3545300,20.188444137573242
2025-08-20,20.729999542236328,20.8799991607666,20.479999542236328,20.780000686645508,3502700,20.139984130859375
2025-08-21,20.610000610351562,20.790000915527344,20.579999923706055,20.670000076293945,2148900,20.03337287902832
2025-08-22,20.829999923706055,21.639999389648438,20.770000457763672,21.549999237060547,3396200,20.88627052307129
2025-08-25,21.559999465942383,21.739999771118164,21.5,21.6200008392334,3047800,20.954113006591797
2025-08-26,21.600000381469727,21.950000762939453,21.56999969482422,21.93000030517578,4217700,21.254566192626953
2025-08-27,21.860000610351562,22.25,21.81999969482422,22.049999237060547,4823500,21.370866775512695
2025-08-28,22.190000534057617,22.25,21.829999923706055,22.059999465942383,3387000,21.38056182861328
2025-08-29,22.020000457763672,22.170000076293945,21.809999465942383,21.889999389648438,4221800,21.215797424316406
2025-09-02,21.3799991607666,21.65999984741211,21.079999923706055,21.649999618530273,4734000,20.983186721801758
2025-09-03,21.450000762939453,21.739999771118164,21.3700008392334,21.700000762939453,2928900,21.03165054321289
2025-09-04,21.809999465942383,21.979999542236328,21.709999084472656,21.959999084472656,2590400,21.283639907836914
2025-09-05,22.100000381469727,22.25,21.59000015258789,21.989999771118164,2834000,21.312715530395508
2025-09-08,22.0,22.15999984741211,21.829999923706055,22.0,5746000,21.32240867614746
2025-09-09,22.049999237060547,22.559999465942383,21.979999542236328,22.229999542236328,5085500,21.545324325561523
2025-09-10,22.239999771118164,22.3700008392334,22.049999237060547,22.15999984741211,2892200,21.477481842041016
2025-09-11,22.25,22.780000686645508,22.229999542236328,22.549999237060547,3874300,21.85546875
2025-09-12,22.40999984741211,22.530000686645508,22.280000686645508,22.43000030517578,2512700,21.739164352416992
2025-09-15,22.510000228881836,22.729999542236328,22.309999465942383,22.34000015258789,3893800,21.65193748474121
2025-09-16,22.350000381469727,22.450000762939453,21.889999389648438,22.100000381469727,3111300,21.419330596923828
2025-09-17,22.1200008392334,22.59000015258789,21.950000762939453,22.170000076293945,3153100,21.487173080444336
2025-09-18,22.360000610351562,22.709999084472656,22.200000762939453,22.649999618530273,3253600,21.9523868560791
2025-09-19,22.690000534057617,22.729999542236328,22.200000762939453,22.489999771118164,10276500,21.797317504882812
2025-09-22,22.420000076293945,22.809999465942383,22.350000381469727,22.56999969482422,4900900,21.874853134155273
2025-09-23,22.649999618530273,22.989999771118164,22.309999465942383,22.43000030517578,5992800,21.739164352416992
2025-09-24,22.469999313354492,22.510000228881836,22.049999237060547,22.18000030517578,3631200,21.496864318847656
2025-09-25,21.920000076293945,22.389999389648438,21.899999618530273,22.360000610351562,3056000,21.671321868896484
2025-09-26,22.389999389648438,22.8700008392334,22.389999389648438,22.719999313354492,4047300,22.020233154296875
2025-09-29,22.850000381469727,23.0,22.6299991607666,23.0,3425500,22.291608810424805
2025-09-30,23.0,23.200000762939453,22.56999969482422,22.940000534057617,4944500,22.233457565307617
2025-10-01,22.860000610351562,23.149999618530273,22.68000030517578,23.09000015258789,4417000,22.37883758544922
2025-10-02,23.110000610351562,23.829999923706055,23.110000610351562,23.610000610351562,4311400,22.882822036743164
2025-10-03,23.8700008392334,24.209999084472656,23.799999237060547,24.040000915527344,4505800,23.299577713012695
2025-10-06,24.079999923706055,24.540000915527344,23.729999542236328,24.1299991607666,4159200,23.386804580688477
2025-10-07,24.1200008392334,24.299999237060547,23.84000015258789,24.100000381469727,3996200,23.357730865478516
2025-10-08,24.149999618530273,24.209999084472656,23.760000228881836,24.0,3892700,23.26081085205078
2025-10-09,24.110000610351562,24.239999771118164,23.860000610351562,23.899999618530273,2313800,23.163888931274414
2025-10-10,24.030000686645508,24.34000015258789,22.440000534057617,22.469999313354492,6397200,21.77793312072754
2025-10-13,23.010000228881836,23.3799991607666,22.829999923706055,23.290000915527344,5613600,22.57267951965332
2025-10-14,22.93000030517578,23.75,22.75,23.450000762939453,7261800,22.727750778198242
2025-10-15,23.729999542236328,23.979999542236328,23.270000457763672,23.600000381469727,3131000,22.87312889099121
2025-10-16,23.690000534057617,23.709999084472656,22.670000076293945,22.799999237060547,3715800,22.097766876220703
2025-10-17,22.81999969482422,22.93000030517578,22.40999984741211,22.790000915527344,3803000,22.088077545166016
2025-10-20,22.989999771118164,23.059999465942383,22.799999237060547,22.84000015258789,5444800,22.136537551879883
2025-10-21,22.770000457763672,23.100000381469727,22.719999313354492,22.940000534057617,3808400,22.233457565307617
2025-10-22,22.969999313354492,23.06999969482422,22.530000686645508,22.780000686645508,2892000,22.078386306762695
2025-10-23,22.940000534057617,22.989999771118164,22.530000686645508,22.68000030517578,3787300,21.981464385986328
2025-10-24,23.010000228881836,23.780000686645508,20.670000076293945,23.0,23621100,22.291608810424805
2025-10-27,23.079999923706055,23.940000534057617,23.079999923706055,23.459999084472656,10798300,22.737442016601562
2025-10-28,23.559999465942383,24.75,23.420000076293945,23.959999084472656,10492800,23.2220401763916
2025-10-29,23.920000076293945,24.59000015258789,23.829999923706055,24.100000381469727,10981500,23.357730865478516
2025-10-30,24.030000686645508,24.209999084472656,23.450000762939453,23.479999542236328,4330500,22.756824493408203
2025-10-31,23.510000228881836,23.799999237060547,23.420000076293945,23.700000762939453,5898800,22.970050811767578
2025-11-03,23.68000030517578,23.700000762939453,23.25,23.579999923706055,3713400,22.853744506835938
2025-11-04,23.270000457763672,23.610000610351562,23.149999618530273,23.239999771118164,4174600,22.524215698242188
2025-11-05,23.329999923706055,23.549999237060547,23.020000457763672,23.3700008392334,3958200,22.65021324157715
2025-11-06,23.40999984741211,23.790000915527344,23.06999969482422,23.389999389648438,5212000,22.66959571838379
2025-11-07,23.18000030517578,23.389999389648438,22.600000381469727,23.3700008392334,5394000,22.65021324157715
2025-11-10,23.770000457763672,23.850000381469727,23.350000381469727,23.639999389648438,3182500,22.911897659301758
2025-11-11,23.639999389648438,24.260000228881836,23.6299991607666,23.8799991607666,3949400,23.14450454711914
2025-11-12,24.110000610351562,24.719999313354492,24.079999923706055,24.65999984741211,3342500,23.900480270385742
2025-11-13,24.469999313354492,24.559999465942383,23.889999389648438,23.979999542236328,3149300,23.241424560546875
2025-11-14,23.540000915527344,23.93000030517578,23.149999618530273,23.520000457763672,3893000,22.996986389160156
2025-11-17,23.360000610351562,23.43000030517578,22.239999771118164,22.440000534057617,3359600,21.941001892089844
2025-11-18,22.290000915527344,22.969999313354492,22.100000381469727,22.65999984741211,4089100,22.156108856201172
2025-11-19,22.639999389648438,23.049999237060547,22.56999969482422,22.920000076293945,2807500,22.41032600402832
2025-11-20,23.31999969482422,23.75,22.68000030517578,22.700000762939453,4296100,22.195219039916992
2025-11-21,22.799999237060547,23.350000381469727,22.31999969482422,23.219999313354492,6129000,22.703655242919922
2025-11-24,23.290000915527344,23.93000030517578,23.139999389648438,23.809999465942383,3218300,23.280536651611328
2025-11-25,23.75,24.350000381469727,23.420000076293945,24.229999542236328,3800500,23.69119644165039
2025-11-26,24.299999237060547,24.790000915527344,24.239999771118164,24.530000686645508,3556100,23.984525680541992
2025-11-28,24.540000915527344,24.610000610351562,24.389999389648438,24.450000762939453,1388300,23.90630340576172
2025-12-01,24.270000457763672,24.719999313354492,23.969999313354492,24.65999984741211,7919600,24.11163330078125
2025-12-02,24.700000762939453,24.729999542236328,24.209999084472656,24.239999771118164,5887300,23.700973510742188
2025-12-03,24.260000228881836,24.729999542236328,24.260000228881836,24.389999389648438,6340200,23.847637176513672
2025-12-04,24.690000534057617,25.700000762939453,24.59000015258789,25.209999084472656,8686300,24.649402618408203
2025-12-05,25.25,26.389999389648438,25.200000762939453,26.239999771118164,11943400,25.656497955322266
2025-12-08,26.239999771118164,26.239999771118164,25.450000762939453,25.809999465942383,6044700,25.236061096191406
2025-12-09,25.56999969482422,26.6299991607666,25.56999969482422,26.540000915527344,4776200,25.949831008911133
2025-12-10,26.65999984741211,27.0,25.959999084472656,26.93000030517578,4868700,26.33115577697754
2025-12-11,26.790000915527344,27.309999465942383,26.719999313354492,27.0,4952700,26.399599075317383
2025-12-12,27.139999389648438,27.15999984741211,26.15999984741211,26.260000228881836,5612100,25.676055908203125
2025-12-15,26.450000762939453,26.6299991607666,26.010000228881836,26.040000915527344,4402900,25.460947036743164
2025-12-16,26.059999465942383,26.350000381469727,25.899999618530273,26.030000686645508,4805300,25.451169967651367
2025-12-17,26.59000015258789,26.829999923706055,26.329999923706055,26.399999618530273,5714500,25.81294059753418
2025-12-18,26.690000534057617,27.079999923706055,26.360000610351562,26.479999542236328,4511800,25.891162872314453
2025-12-19,26.549999237060547,27.18000030517578,26.43000030517578,27.0,9079700,26.399599075317383
2025-12-22,27.139999389648438,27.479999542236328,27.1200008392334,27.34000015258789,6010100,26.732040405273438
2025-12-23,27.309999465942383,27.43000030517578,27.049999237060547,27.09000015258789,4037000,26.48759651184082
2025-12-24,27.229999542236328,27.270000457763672,27.110000610351562,27.209999084472656,1296500,26.604928970336914
2025-12-26,27.239999771118164,27.260000228881836,26.889999389648438,26.959999084472656,2385600,26.36048698425293
2025-12-29,26.899999618530273,26.90999984741211,26.6200008392334,26.84000015258789,3358600,26.2431583404541
2025-12-30,26.889999389648438,26.959999084472656,26.420000076293945,26.459999084472656,2662700,25.871606826782227
2025-12-31,26.469999313354492,26.549999237060547,26.270000457763672,26.270000457763672,2937800,25.685832977294922
2026-01-02,26.43000030517578,26.969999313354492,26.329999923706055,26.940000534057617,3294800,26.34093475341797
2026-01-05,26.940000534057617,28.440000534057617,26.940000534057617,28.15999984741211,8960200,27.533803939819336
2026-01-06,28.149999618530273,28.34000015258789,27.770000457763672,28.25,6516600,27.621803283691406
2026-01-07,28.100000381469727,28.149999618530273,27.43000030517578,27.690000534057617,4161900,27.074254989624023
2026-01-08,27.670000076293945,28.40999984741211,27.649999618530273,28.270000457763672,4381600,27.641359329223633
2026-01-09,28.299999237060547,28.639999389648438,27.969999313354492,28.56999969482422,5562800,27.9346866607666
2026-01-12,28.299999237060547,29.049999237060547,28.1200008392334,28.760000228881836,6473500,28.12046241760254
2026-01-13,28.799999237060547,28.850000381469727,28.270000457763672,28.299999237060547,5982200,27.670690536499023
2026-01-14,28.31999969482422,28.520000457763672,27.950000762939453,28.25,9725000,27.621803283691406
2026-01-15,28.450000762939453,29.450000762939453,28.389999389648438,29.389999389648438,5061900,28.736452102661133
2026-01-16,29.229999542236328,29.510000228881836,29.1200008392334,29.440000534057617,4823400,28.785341262817383
2026-01-20,28.639999389648438,28.979999542236328,27.860000610351562,27.90999984741211,6072600,27.289363861083984
2026-01-21,28.65999984741211,29.549999237060547,28.34000015258789,29.170000076293945,5205000,28.521345138549805
2026-01-22,29.479999542236328,29.610000610351562,29.06999969482422,29.239999771118164,4253000,28.58978843688965
2026-01-23,29.040000915527344,29.1299991607666,28.31999969482422,28.399999618530273,4411500,27.76846694946289
2026-01-26,28.549999237060547,28.790000915527344,28.459999084472656,28.6299991607666,7044600,27.99335289001465
2026-01-27,29.260000228881836,29.260000228881836,26.510000228881836,27.15999984741211,11826100,26.556041717529297
2026-01-28,26.899999618530273,27.920000076293945,26.809999465942383,27.559999465942383,8674600,26.947147369384766
2026-01-29,27.829999923706055,28.200000762939453,27.18000030517578,27.719999313354492,4984800,27.103588104248047
2026-01-30,27.6200008392334,28.229999542236328,27.1299991607666,27.290000915527344,10813300,26.683151245117188
2026-02-02,27.15999984741211,27.600000381469727,26.770000457763672,27.40999984741211,6170100,26.80048370361328
2026-02-03,27.459999084472656,27.670000076293945,25.790000915527344,26.530000686645508,6849600,25.940052032470703
2026-02-04,26.690000534057617,27.270000457763672,26.1299991607666,26.84000015258789,12065900,26.2431583404541
2026-02-05,26.469999313354492,26.670000076293945,25.65999984741211,25.770000457763672,8850900,25.196950912475586
2026-02-06,26.399999618530273,26.969999313354492,26.170000076293945,26.81999969482422,6239400,26.223602294921875
2026-02-09,26.649999618530273,27.270000457763672,26.649999618530273,26.889999389648438,5154200,26.29204559326172
2026-02-10,27.149999618530273,27.709999084472656,26.84000015258789,27.290000915527344,6836500,26.683151245117188
2026-02-11,27.790000915527344,27.790000915527344,25.90999984741211,26.440000534057617,6034500,25.852052688598633
2026-02-12,26.90999984741211,27.1299991607666,25.329999923706055,26.229999542236328,8609900,25.64672088623047
2026-02-13,26.229999542236328,26.56999969482422,25.709999084472656,26.520000457763672,3786600,26.139549255371094
2026-02-17,26.600000381469727,26.969999313354492,26.229999542236328,26.399999618530273,5475800,26.021270751953125
2026-02-18,26.43000030517578,27.020000457763672,26.209999084472656,26.739999771118164,6258500,26.356393814086914
2026-02-19,26.5,26.649999618530273,25.860000610351562,26.360000610351562,2580800,25.981843948364258
2026-02-20,26.219999313354492,26.6200008392334,25.850000381469727,26.469999313354492,4738800,26.09026527404785
2026-02-23,26.309999465942383,26.360000610351562,24.920000076293945,25.209999084472656,4403600,24.84834098815918
2026-02-24,25.420000076293945,26.40999984741211,25.190000534057617,26.1200008392334,4716200,25.74528694152832
2026-02-25,26.270000457763672,26.850000381469727,26.049999237060547,26.780000686645508,3264700,26.39581871032715
2026-02-26,26.90999984741211,27.270000457763672,26.68000030517578,27.09000015258789,3367400,26.701372146606445
2026-02-27,26.479999542236328,26.549999237060547,25.729999542236328,26.260000228881836,5292600,25.88327980041504
2026-03-02,25.5,26.40999984741211,25.3799991607666,26.1299991607666,5117100,25.755142211914062
2026-03-03,25.100000381469727,25.850000381469727,24.739999771118164,25.329999923706055,6019300,24.96661949157715
2026-03-04,25.559999465942383,25.760000228881836,25.110000610351562,25.260000228881836,6143000,24.897624969482422
2026-03-05,25.0,25.56999969482422,24.229999542236328,24.729999542236328,6165900,24.375226974487305
2026-03-06,23.940000534057617,24.06999969482422,23.170000076293945,23.670000076293945,9877500,23.330434799194336
2026-03-09,23.170000076293945,23.959999084472656,22.40999984741211,23.8799991607666,6089000,23.53742027282715
2026-03-10,23.920000076293945,24.549999237060547,23.579999923706055,23.969999313354492,5181600,23.626131057739258
2026-03-11,23.850000381469727,24.0,23.18000030517578,23.950000762939453,5202500,23.60641860961914
2026-03-12,23.100000381469727,23.40999984741211,22.670000076293945,22.899999618530273,5153500,22.571481704711914
2026-03-13,23.149999618530273,23.469999313354492,22.93000030517578,23.0,3877000,22.670045852661133
2026-03-16,23.510000228881836,23.68000030517578,23.020000457763672,23.030000686645508,4059800,22.699617385864258
2026-03-17,23.479999542236328,23.93000030517578,23.479999542236328,23.729999542236328,3901500,23.38957405090332
2026-03-18,23.5,24.06999969482422,23.3799991607666,23.420000076293945,4190200,23.084020614624023
2026-03-19,23.030000686645508,23.600000381469727,22.950000762939453,23.309999465942383,4291800,22.97559928894043
2026-03-20,23.299999237060547,23.40999984741211,22.799999237060547,23.209999084472656,9121800,22.877033233642578
2026-03-23,24.0,24.309999465942383,23.670000076293945,23.770000457763672,5747000,23.429000854492188
2026-03-24,23.43000030517578,24.299999237060547,23.350000381469727,23.979999542236328,3903000,23.635988235473633
2026-03-25,24.350000381469727,24.600000381469727,23.969999313354492,24.360000610351562,3541300,24.010536193847656
2026-03-26,23.979999542236328,24.34000015258789,23.790000915527344,24.100000381469727,3892400,23.7542667388916
2026-03-27,23.8700008392334,23.8799991607666,23.110000610351562,23.200000762939453,4189900,22.867177963256836
2026-03-30,23.469999313354492,23.790000915527344,23.079999923706055,23.290000915527344,3535200,22.955886840820312
2026-03-31,23.860000610351562,24.420000076293945,23.549999237060547,24.290000915527344,5626100,23.94154167175293
2026-04-01,24.5,24.790000915527344,24.25,24.31999969482422,4548800,23.97110939025879
2026-04-02,23.420000076293945,24.450000762939453,23.31999969482422,24.139999389648438,3038100,23.793691635131836
2026-04-06,23.93000030517578,23.959999084472656,22.600000381469727,22.8799991607666,11084500,22.55176544189453
2026-04-07,22.489999771118164,22.93000030517578,21.81999969482422,22.770000457763672,8537100,22.443347930908203
2026-04-08,23.899999618530273,24.309999465942383,23.799999237060547,24.209999084472656,6107600,23.862686157226562
2026-04-09,24.09000015258789,24.110000610351562,23.469999313354492,23.56999969482422,7506200,23.231868743896484
2026-04-10,23.450000762939453,23.889999389648438,23.3799991607666,23.579999923706055,4125500,23.24172592163086
2026-04-13,23.290000915527344,24.309999465942383,23.25,24.299999237060547,4857100,23.951396942138672
2026-04-14,24.549999237060547,24.940000534057617,24.489999771118164,24.719999313354492,7077800,24.365371704101562
2026-04-15,24.860000610351562,25.149999618530273,24.530000686645508,24.709999084472656,5588100,24.355514526367188
2026-04-16,24.719999313354492,24.8799991607666,23.40999984741211,24.010000228881836,8847400,23.665557861328125
2026-04-17,24.459999084472656,25.09000015258789,24.299999237060547,24.809999465942383,7682000,24.454078674316406
2026-04-20,24.56999969482422,25.1299991607666,24.56999969482422,24.950000762939453,7720100,24.592073440551758
2026-04-21,24.950000762939453,25.559999465942383,24.940000534057617,24.969999313354492,4253400,24.611783981323242
2026-04-22,25.280000686645508,25.649999618530273,25.079999923706055,25.559999465942383,5449400,25.193321228027344
2026-04-23,25.34000015258789,25.829999923706055,25.010000228881836,25.3700008392334,4802800,25.00604820251465
2026-04-24,25.399999618530273,25.799999237060547,25.170000076293945,25.510000228881836,6230000,25.144039154052734
2026-04-27,25.520000457763672,25.90999984741211,25.299999237060547,25.479999542236328,8888900,25.114469528198242
2026-04-28,25.139999389648438,26.489999771118164,24.639999389648438,25.860000610351562,10784800,25.489017486572266
2026-04-29,25.760000228881836,25.90999984741211,25.3700008392334,25.639999389648438,7473800,25.272172927856445
2026-04-30,25.610000610351562,26.270000457763672,25.290000915527344,26.209999084472656,6222300,25.833995819091797
2026-05-01,26.290000915527344,26.459999084472656,25.850000381469727,25.889999389648438,3411500,25.518585205078125
2026-05-04,25.739999771118164,26.56999969482422,25.739999771118164,26.040000915527344,3876200,25.66643524169922
2026-05-05,26.219999313354492,27.06999969482422,26.06999969482422,26.829999923706055,5289000,26.44510269165039
2026-05-06,27.350000381469727,27.739999771118164,27.079999923706055,27.350000381469727,5042600,26.957643508911133
2026-05-07,27.520000457763672,27.690000534057617,26.760000228881836,26.829999923706055,4832000,26.44510269165039
2026-05-08,27.09000015258789,27.6200008392334,26.790000915527344,27.59000015258789,4883600,27.19420051574707
2026-05-11,27.65999984741211,27.989999771118164,27.549999237060547,27.989999771118164,3865500,27.588459014892578
2026-05-12,27.989999771118164,28.459999084472656,27.700000762939453,28.3799991607666,5211400,27.97286605834961
2026-05-13,28.299999237060547,28.299999237060547,27.450000762939453,28.09000015258789,4838700,27.687026977539062
2026-05-14,28.469999313354492,28.600000381469727,27.5,27.729999542236328,4442900,27.332189559936523
2026-05-15,27.260000228881836,27.290000915527344,26.700000762939453,27.1200008392334,4083500,26.939815521240234
2026-05-18,27.170000076293945,27.600000381469727,27.010000228881836,27.389999389648438,2694000,27.208019256591797
2026-05-19,27.229999542236328,27.31999969482422,26.459999084472656,26.469999313354492,7798400,26.294132232666016
2026-05-20,26.729999542236328,27.15999984741211,26.360000610351562,26.979999542236328,4232800,26.800745010375977
2026-05-21,26.639999389648438,27.149999618530273,26.530000686645508,26.979999542236328,4385700,26.800745010375977
2026-05-22,27.06999969482422,27.299999237060547,27.0,27.049999237060547,2603600,26.87027931213379
2026-05-26,27.309999465942383,27.700000762939453,27.299999237060547,27.690000534057617,2666500,27.506027221679688
2026-05-27,27.8700008392334,27.8700008392334,27.3799991607666,27.610000610351562,2264700,27.426559448242188
2026-05-28,27.350000381469727,28.15999984741211,27.100000381469727,28.059999465942383,4700500,27.873567581176758
2026-05-29,28.040000915527344,28.709999084472656,27.790000915527344,28.459999084472656,7973000,28.270910263061523
2026-06-01,28.079999923706055,28.5,27.280000686645508,27.6200008392334,8460600,27.436492919921875
2026-06-02,27.459999084472656,28.09000015258789,27.020000457763672,27.579999923706055,8322900,27.396759033203125
2026-06-03,27.030000686645508,27.209999084472656,26.719999313354492,26.940000534057617,3928500,26.761011123657227
2026-06-04,27.209999084472656,28.290000915527344,27.079999923706055,28.170000076293945,2924800,27.982837677001953
2026-06-05,28.0,28.09000015258789,27.219999313354492,27.350000381469727,6776500,27.16828727722168
2026-06-08,27.84000015258789,28.139999389648438,27.440000534057617,27.549999237060547,6029700,27.36695671081543
2026-06-09,27.889999389648438,28.540000915527344,27.229999542236328,27.90999984741211,6131500,27.724565505981445
2026-06-10,27.600000381469727,28.280000686645508,27.309999465942383,27.459999084472656,4625900,27.277555465698242
2026-06-11,27.579999923706055,28.299999237060547,27.329999923706055,28.290000915527344,5253300,28.102041244506836
2026-06-12,28.639999389648438,29.1299991607666,28.479999542236328,28.920000076293945,3024800,28.727855682373047
2026-06-15,29.600000381469727,29.81999969482422,29.049999237060547,29.100000381469727,3339800,28.906660079956055
2026-06-16,29.43000030517578,29.59000015258789,29.09000015258789,29.200000762939453,2901100,29.00599479675293
2026-06-17,29.209999084472656,29.649999618530273,28.649999618530273,28.790000915527344,5777000,28.59872055053711
2026-06-18,29.15999984741211,29.299999237060547,27.809999465942383,28.139999389648438,11867800,27.95303726196289
2026-06-22,28.229999542236328,28.780000686645508,28.059999465942383,28.780000686645508,3656600,28.58878517150879
2026-06-23,28.209999084472656,28.489999771118164,26.690000534057617,27.020000457763672,11272800,26.840478897094727
2026-06-24,26.959999084472656,27.06999969482422,25.59000015258789,25.969999313354492,8747200,25.797454833984375
2026-06-25,26.43000030517578,26.68000030517578,25.709999084472656,25.8700008392334,3990000,25.6981201171875
2026-06-26,26.149999618530273,26.440000534057617,25.8799991607666,26.15999984741211,6440600,25.98619270324707
2026-06-29,25.950000762939453,26.420000076293945,25.75,26.299999237060547,4146600,26.125261306762695
2026-06-30,26.350000381469727,26.610000610351562,26.25,26.389999389648438,5008600,26.214664459228516
2026-07-01,26.34000015258789,27.399999618530273,26.229999542236328,26.829999923706055,5218500,26.65174102783203
2026-07-02,27.450000762939453,27.68000030517578,26.59000015258789,27.010000228881836,3173000,26.83054542541504
2026-07-06,27.149999618530273,27.950000762939453,26.969999313354492,27.829999923706055,2860300,27.645097732543945
2026-07-07,27.860000610351562,27.90999984741211,27.139999389648438,27.399999618530273,4009600,27.217954635620117
2026-07-08,26.950000762939453,27.270000457763672,26.540000915527344,27.030000686645508,6745500,26.850412368774414
2026-07-09,27.280000686645508,28.700000762939453,27.280000686645508,28.610000610351562,4557100,28.4199161529541
2026-07-10,29.329999923706055,29.68000030517578,28.809999465942383,28.979999542236328,3991900,28.787456512451172
2026-07-13,29.079999923706055,29.149999618530273,28.15999984741211,28.399999618530273,4766200,28.2113094329834
2026-07-14,28.600000381469727,28.81999969482422,28.360000610351562,28.729999542236328,4108500,28.53911781311035
2026-07-15,29.299999237060547,30.530000686645508,28.989999771118164,30.299999237060547,6265000,30.09868621826172
2026-07-16,30.0,31.020000457763672,30.0,30.299999237060547,4669200,30.09868621826172
2026-07-17,29.75,29.920000076293945,29.309999465942383,29.6299991607666,5798600,29.433137893676758
2026-07-20,29.760000228881836,30.149999618530273,29.520000457763672,29.65999984741211,4647100,29.46293830871582
2026-07-21,29.920000076293945,30.3799991607666,29.6299991607666,30.100000381469727,4380700,29.900014877319336
2026-07-22,30.0,30.65999984741211,29.920000076293945,30.5,5695800,30.2973575592041
2026-07-23,30.1299991607666,30.489999771118164,29.760000228881836,29.799999237060547,3558100,29.602006912231445
2026-07-24,30.059999465942383,30.3700008392334,29.809999465942383,29.93000030517578,3335800,29.73114585876465
2026-07-27,30.389999389648438,30.6299991607666,29.649999618530273,30.110000610351562,7346200,29.909950256347656
2026-07-28,29.8799991607666,30.360000610351562,29.059999465942383,29.43000030517578,8538400,29.234466552734375
2026-07-29,28.989999771118164,29.3700008392334,27.860000610351562,28.06999969482422,6412800,27.883502960205078
2026-07-30,28.489999771118164,29.579999923706055,28.149999618530273,29.420000076293945,4394300,29.224533081054688
2026-07-31,29.729999542236328,29.920000076293945,29.290000915527344,29.600000381469727,4722900,29.403337478637695
2026-08-03,29.670000076293945,30.920000076293945,29.649999618530273,30.90999984741211,4767300,30.704633712768555
2026-08-04,31.350000381469727,32.060001373291016,31.260000228881836,32.0,5865700,31.787391662597656
2026-08-05,32.0,32.439998626708984,31.75,32.0099983215332,6861900,31.79732322692871
2026-08-06,32.0,32.54999923706055,31.68000030517578,31.690000534057617,5207700,31.47945213317871
2026-08-07,31.829999923706055,31.920000076293945,31.520000457763672,31.579999923706055,4619400,31.370182037353516
2026-08-10,31.450000762939453,32.16999816894531,31.200000762939453,31.739999771118164,4184700,31.52911949157715
2026-08-11,31.709999084472656,32.25,31.34000015258789,31.360000610351562,3474600,31.151643753051758
2026-08-12,31.709999084472656,31.809999465942383,31.100000381469727,31.540000915527344,6381500,31.330448150634766
2026-08-13,31.700000762939453,32.40999984741211,31.649999618530273,32.36000061035156,3746500,32.14500045776367
2026-08-14,32.0,32.65999984741211,31.899999618530273,32.54999923706055,4434200,32.54999923706055
2026-08-17,32.439998626708984,32.79999923706055,32.15999984741211,32.56999969482422,4047800,32.56999969482422
2026-08-18,32.40999984741211,32.619998931884766,31.920000076293945,32.380001068115234,4061100,32.380001068115234
2026-08-19,32.79999923706055,32.79999923706055,32.08000183105469,32.209999084472656,3267500,32.209999084472656
2026-08-20,32.119998931884766,32.349998474121094,31.200000762939453,31.360000610351562,4467500,31.360000610351562
2026-08-21,31.889999389648438,32.31999969482422,31.719999313354492,32.02000045776367,3094600,32.02000045776367
2026-08-24,32.06999969482422,32.63999938964844,31.899999618530273,32.45000076293945,2803400,32.45000076293945
2026-08-25,32.56999969482422,33.0,32.380001068115234,32.720001220703125,2917200,32.720001220703125
2026-08-26,32.72999954223633,33.310001373291016,32.369998931884766,32.97999954223633,3622100,32.97999954223633
2026-08-27,32.95000076293945,33.650001525878906,32.849998474121094,33.310001373291016,2628800,33.310001373291016
2026-08-28,33.40999984741211,33.65999984741211,32.63999938964844,32.86000061035156,2777100,32.86000061035156
2026-08-31,32.720001220703125,32.939998626708984,32.5,32.779998779296875,4394700,32.779998779296875
2026-09-01,32.290000915527344,33.27000045776367,31.56999969482422,31.989999771118164,4820500,31.989999771118164
2026-09-02,31.989999771118164,32.720001220703125,31.649999618530273,31.719999313354492,3021400,31.719999313354492
2026-09-03,32.18000030517578,32.79999923706055,32.15999984741211,32.709999084472656,3470200,32.709999084472656
2026-09-04,32.31999969482422,33.34000015258789,32.29999923706055,33.06999969482422,2860600,33.06999969482422
2026-09-08,33.0,33.2599983215332,32.31999969482422,32.34000015258789,2405800,32.34000015258789
2026-09-09,32.38999938964844,32.560001373291016,32.08000183105469,32.09000015258789,2998600,32.09000015258789
2026-09-10,31.940000534057617,32.41999816894531,31.6299991607666,31.93000030517578,3383700,31.93000030517578
2026-09-11,32.599998474121094,32.849998474121094,32.15999984741211,32.279998779296875,3286700,32.279998779296875
2026-09-14,31.719999313354492,31.940000534057617,31.110000610351562,31.510000228881836,3538000,31.510000228881836
2026-09-15,31.3799991607666,31.56999969482422,30.6200008392334,30.780000686645508,4368300,30.780000686645508
2026-09-16,30.860000610351562,31.049999237060547,29.559999465942383,30.079999923706055,4676600,30.079999923706055
2026-09-17,30.649999618530273,30.829999923706055,30.209999084472656,30.219999313354492,4208100,30.219999313354492
2026-09-18,30.209999084472656,30.6299991607666,29.90999984741211,30.530000686645508,6942600,30.530000686645508
2026-09-21,31.059999465942383,31.459999084472656,30.8799991607666,31.3799991607666,4190700,31.3799991607666
2026-09-22,30.700000762939453,31.6299991607666,30.350000381469727,30.850000381469727,4788500,30.850000381469727
2026-09-23,30.399999618530273,30.950000762939453,30.25,30.739999771118164,4318800,30.739999771118164
2026-09-24,30.5,30.729999542236328,30.010000228881836,30.68000030517578,6970000,30.68000030517578
2026-09-25,30.850000381469727,31.110000610351562,30.420000076293945,30.920000076293945,7375300,30.920000076293945
2026-09-28,30.559999465942383,30.600000381469727,29.610000610351562,30.43000030517578,5481100,30.43000030517578
2026-09-29,30.3700008392334,30.59000015258789,29.969999313354492,30.420000076293945,3990600,30.420000076293945
2026-09-30,30.40999984741211,30.540000915527344,30.149999618530273,30.15999984741211,4125500,30.15999984741211
2026-10-01,30.139999389648438,30.670000076293945,29.75,30.420000076293945,5073400,30.420000076293945
