date,open,high,low,close,volume,adjclose
2021-10-04,166.97000122070312,170.44000244140625,165.72999572753906,166.9499969482422,14120000,147.31776428222656
2021-10-05,167.2100067138672,170.13999938964844,166.6699981689453,168.66000366210938,12292900,149.72348022460938
2021-10-06,167.99000549316406,169.10000610351562,166.0,169.02000427246094,8692600,150.04307556152344
2021-10-07,171.1999969482422,171.50999450683594,169.5399932861328,170.08999633789062,10195400,150.992919921875
2021-10-08,170.02000427246094,171.33999633789062,169.3000030517578,170.22000122070312,8190100,151.10833740234375
2021-10-11,170.8000030517578,171.2899932861328,166.4600067138672,166.63999938964844,12154700,147.93026733398438
2021-10-12,165.75,166.69000244140625,164.77000427246094,165.36000061035156,13032600,146.79396057128906
2021-10-13,164.07000732421875,165.41000366210938,160.60000610351562,161.0,22753500,142.92352294921875
2021-10-14,161.75,164.00999450683594,160.05999755859375,163.47000122070312,15176800,145.1162109375
2021-10-15,165.35000610351562,167.1699981689453,164.13999938964844,166.61000061035156,14267400,147.9036407470703
2021-10-18,166.47999572753906,168.61000061035156,165.91000366210938,166.5500030517578,12672900,147.85037231445312
2021-10-19,167.39999389648438,168.64999389648438,166.5800018310547,168.57000732421875,8053900,149.64356994628906
2021-10-20,168.3000030517578,170.8699951171875,167.4600067138672,170.83999633789062,8185600,151.65870666503906
2021-10-21,170.75999450683594,171.3300018310547,168.67999267578125,169.5,8415200,150.46917724609375
2021-10-22,170.02999877929688,172.08999633789062,169.6999969482422,171.77999877929688,8817900,152.49317932128906
2021-10-25,172.7100067138672,172.9600067138672,170.47999572753906,170.94000244140625,10159200,151.7474822998047
2021-10-26,171.0,172.49000549316406,170.5399932861328,171.39999389648438,8015100,152.1558380126953
2021-10-27,170.32000732421875,170.6999969482422,167.33999633789062,167.8300018310547,9847000,148.98666381835938
2021-10-28,168.3000030517578,170.50999450683594,167.9600067138672,170.36000061035156,7212900,151.23260498046875
2021-10-29,171.17999267578125,172.24000549316406,169.38999938964844,169.88999938964844,8140100,150.8153839111328
2021-11-01,172.0399932861328,172.3300018310547,169.00999450683594,169.8000030517578,7435500,150.73548889160156
2021-11-02,169.8000030517578,171.69000244140625,168.9199981689453,170.47000122070312,7173800,151.33021545410156
2021-11-03,170.1300048828125,171.1300048828125,169.14999389648438,170.52999877929688,8402700,151.38356018066406
2021-11-04,170.0,170.1999969482422,166.49000549316406,168.2899932861328,9574200,149.39501953125
2021-11-05,168.89999389648438,170.08999633789062,167.41000366210938,168.0500030517578,7975600,149.18194580078125
2021-11-08,169.0500030517578,170.9199981689453,168.74000549316406,169.05999755859375,6413700,150.07858276367188
2021-11-09,167.35000610351562,168.47000122070312,166.60000610351562,167.77999877929688,7990300,148.94229125976562
2021-11-10,167.4499969482422,168.9499969482422,167.08999633789062,167.6199951171875,6999200,148.8002471923828
2021-11-11,167.52000427246094,168.67999267578125,166.89999389648438,167.61000061035156,5815300,148.79136657714844
2021-11-12,167.64999389648438,167.74000549316406,165.72000122070312,166.86000061035156,8113400,148.1255645751953
2021-11-15,167.2100067138672,167.7899932861328,166.0,166.55999755859375,6492500,147.85926818847656
2021-11-16,167.05999755859375,167.07000732421875,165.1199951171875,165.36000061035156,9706100,146.79396057128906
2021-11-17,165.2100067138672,165.55999755859375,163.38999938964844,164.47000122070312,9909600,146.00390625
2021-11-18,164.38999938964844,164.85000610351562,162.55999755859375,163.0500030517578,8122500,144.74334716796875
2021-11-19,161.3000030517578,162.11000061035156,159.4499969482422,160.9199981689453,12193600,142.8524627685547
2021-11-22,164.16000366210938,165.97999572753906,162.99000549316406,164.35000610351562,14549900,145.8973846435547
2021-11-23,165.5,168.55999755859375,165.3699951171875,168.27999877929688,12354400,149.38613891601562
2021-11-24,168.4600067138672,169.44000244140625,166.44000244140625,166.9600067138672,9629800,148.21432495117188
2021-11-26,162.13999938964844,162.64999389648438,158.82000732421875,161.92999267578125,13619300,143.7490997314453
2021-11-29,163.30999755859375,164.77999877929688,159.82000732421875,161.22999572753906,12104400,143.1276397705078
2021-11-30,159.16000366210938,160.6300048828125,158.2899932861328,158.8300018310547,18922600,140.9971466064453
2021-12-01,161.0,163.27000427246094,157.8000030517578,157.88999938964844,12253400,140.16270446777344
2021-12-02,159.8300018310547,163.25,158.8000030517578,161.2100067138672,12969900,143.10992431640625
2021-12-03,161.5,161.8300018310547,157.19000244140625,158.2899932861328,12681800,140.51780700683594
2021-12-06,161.00999450683594,162.61000061035156,159.4600067138672,160.16000366210938,11186500,142.1778106689453
2021-12-07,161.8800048828125,163.38999938964844,161.16000366210938,162.57000732421875,9851600,144.31724548339844
2021-12-08,162.66000366210938,163.27000427246094,160.1699981689453,160.7100067138672,11705700,142.66607666015625
2021-12-09,159.64999389648438,160.92999267578125,158.64999389648438,160.4600067138672,11189600,142.44410705566406
2021-12-10,161.32000732421875,161.6999969482422,159.1300048828125,159.82000732421875,10405400,141.8760223388672
2021-12-13,159.5,159.7899932861328,157.27999877929688,157.9199981689453,12069000,140.1893310546875
2021-12-14,157.4499969482422,160.88999938964844,157.3000030517578,159.1300048828125,12563600,141.26348876953125
2021-12-15,159.85000610351562,159.85000610351562,157.35000610351562,157.94000244140625,14014200,140.20709228515625
2021-12-16,160.38999938964844,161.82000732421875,158.6999969482422,160.41000366210938,19542800,142.39974975585938
2021-12-17,159.32000732421875,159.3800048828125,155.17999267578125,156.75999450683594,28082000,139.15956115722656
2021-12-20,154.50999450683594,154.6999969482422,151.83999633789062,153.94000244140625,15148000,136.6561737060547
2021-12-21,155.41000366210938,157.17999267578125,155.08999633789062,156.08999633789062,11291300,138.56480407714844
2021-12-22,155.75,157.05999755859375,155.24000549316406,156.6999969482422,7273000,139.10629272460938
2021-12-23,157.61000061035156,159.1199951171875,157.2100067138672,157.25999450683594,8055200,139.60340881347656
2021-12-27,157.60000610351562,158.1999969482422,156.33999633789062,158.16000366210938,6188100,140.40235900878906
2021-12-28,158.1999969482422,160.14999389648438,158.0800018310547,158.63999938964844,6342300,140.82850646972656
2021-12-29,158.85000610351562,159.6300048828125,158.14999389648438,158.55999755859375,6398900,140.75747680664062
2021-12-30,159.11000061035156,160.24000549316406,158.3699951171875,158.47999572753906,6948200,140.6864471435547
2021-12-31,158.4499969482422,159.2899932861328,157.9600067138672,158.35000610351562,5805900,140.57106018066406
2022-01-03,159.86000061035156,162.63999938964844,159.50999450683594,161.6999969482422,13120900,143.544921875
2022-01-04,164.30999755859375,168.5800018310547,164.22999572753906,167.8300018310547,20195800,148.98666381835938
2022-01-05,167.82000732421875,168.36000061035156,163.72999572753906,163.77999877929688,17539400,146.2628936767578
2022-01-06,166.91000366210938,167.3699951171875,163.8699951171875,165.52000427246094,14047500,147.81680297851562
2022-01-07,165.6699981689453,167.52999877929688,165.05999755859375,167.16000366210938,13913300,149.2813720703125
2022-01-10,169.07000732421875,169.30999755859375,165.52999877929688,167.32000732421875,12922500,149.4242401123047
2022-01-11,168.25999450683594,168.52000427246094,166.30999755859375,167.49000549316406,11854100,149.57611083984375
2022-01-12,168.4600067138672,169.58999633789062,167.17999267578125,168.44000244140625,12568000,150.42446899414062
2022-01-13,168.33999633789062,169.80999755859375,167.88999938964844,168.22999572753906,13623400,150.2369384765625
2022-01-14,160.75999450683594,161.02999877929688,156.89999389648438,157.88999938964844,40158400,141.0028533935547
2022-01-18,155.77999877929688,155.77999877929688,150.5399932861328,151.27000427246094,32324800,135.0908966064453
2022-01-19,151.57000732421875,152.22999572753906,148.5500030517578,148.92999267578125,22380000,133.00115966796875
2022-01-20,148.99000549316406,150.61000061035156,147.36000061035156,147.66000366210938,14860800,131.86700439453125
2022-01-21,147.5,147.50999450683594,144.27000427246094,145.0800018310547,20705400,129.5629425048828
2022-01-24,142.27999877929688,145.47999572753906,139.57000732421875,144.9499969482422,28471400,129.4468536376953
2022-01-25,143.64999389648438,146.85000610351562,140.7899932861328,146.52999877929688,18915900,130.8578338623047
2022-01-26,148.72000122070312,150.57000732421875,145.9600067138672,147.9199981689453,20709100,132.0991973876953
2022-01-27,149.4199981689453,150.3800048828125,144.1300048828125,145.30999755859375,17536800,129.76832580566406
2022-01-28,144.19000244140625,146.75999450683594,142.1699981689453,146.61000061035156,14117000,130.9293212890625
2022-01-31,145.63999938964844,148.7899932861328,144.6699981689453,148.60000610351562,13985700,132.7064666748047
2022-02-01,148.69000244140625,151.47000122070312,148.3000030517578,151.14999389648438,14584900,134.9837188720703
2022-02-02,150.5,150.94000244140625,148.07000732421875,149.94000244140625,12441100,133.9031219482422
2022-02-03,150.0,151.64999389648438,148.2899932861328,148.6999969482422,12474900,132.79574584960938
2022-02-04,149.10000610351562,153.5,148.77000427246094,152.55999755859375,16654400,136.24288940429688
2022-02-07,153.27000427246094,153.6199951171875,150.85000610351562,153.07000732421875,12572300,136.6983642578125
2022-02-08,155.0,158.47999572753906,154.8000030517578,155.9499969482422,20411400,139.27032470703125
2022-02-09,156.58999633789062,157.42999267578125,155.82000732421875,156.60000610351562,9131100,139.850830078125
2022-02-10,156.66000366210938,159.02999877929688,155.22000122070312,155.9499969482422,16455600,139.27032470703125
2022-02-11,155.61000061035156,158.19000244140625,152.97000122070312,153.9199981689453,16830000,137.4574432373047
2022-02-14,152.72999572753906,153.67999267578125,150.32000732421875,152.49000549316406,17026500,136.180419921875
2022-02-15,154.50999450683594,155.94000244140625,153.85000610351562,154.72000122070312,9500000,138.17189025878906
2022-02-16,153.74000549316406,156.10000610351562,153.74000549316406,155.0,9076500,138.4219207763672
2022-02-17,153.0,153.72999572753906,150.6699981689453,151.42999267578125,11367500,135.2337646484375
2022-02-18,152.1300048828125,154.13999938964844,151.1300048828125,152.13999938964844,11733300,135.86785888671875
2022-02-22,150.60000610351562,153.24000549316406,150.41000366210938,151.8699951171875,11333500,135.626708984375
2022-02-23,153.1199951171875,153.3000030517578,147.97000122070312,148.69000244140625,11799000,132.7868194580078
2022-02-24,142.94000244140625,144.99000549316406,139.77999877929688,144.5500030517578,25655100,129.08963012695312
2022-02-25,145.25,150.1300048828125,144.91000366210938,147.97000122070312,18367700,132.1438751220703
2022-02-28,143.5500030517578,145.05999755859375,140.8800048828125,141.8000030517578,31315300,126.63374328613281
2022-03-01,140.0399932861328,140.47999572753906,133.5800018310547,136.4499969482422,36840400,121.85595703125
2022-03-02,137.2899932861328,140.0399932861328,136.61000061035156,139.27999877929688,19405600,124.3832778930664
2022-03-03,139.83999633789062,140.97999572753906,137.05999755859375,138.2899932861328,16640800,123.4991226196289
2022-03-04,134.94000244140625,135.4199981689453,132.39999389648438,134.39999389648438,21016000,120.02520751953125
2022-03-07,132.1699981689453,132.69000244140625,128.9499969482422,129.2100067138672,27560100,115.39031982421875
2022-03-08,129.63999938964844,131.7899932861328,127.2699966430664,128.3000030517578,19207800,114.57765197753906
2022-03-09,132.89999389648438,135.24000549316406,132.44000244140625,133.44000244140625,17536200,119.16790771484375
2022-03-10,131.86000061035156,133.4499969482422,130.32000732421875,131.86000061035156,15604200,117.75689697265625
2022-03-11,132.49000549316406,134.0800018310547,128.4199981689453,128.88999938964844,20061800,115.10455322265625
2022-03-14,129.4600067138672,132.9199981689453,129.22999572753906,130.1699981689453,15786900,116.24764251708984
2022-03-15,131.8000030517578,133.5500030517578,131.1300048828125,132.47999572753906,15096600,118.31057739257812
2022-03-16,134.8699951171875,138.49000549316406,134.42999267578125,138.39999389648438,20354900,123.59740447998047
2022-03-17,136.86000061035156,140.19000244140625,135.9199981689453,140.14999389648438,17050500,125.16023254394531
2022-03-18,140.19000244140625,140.85000610351562,138.4600067138672,140.10000610351562,23656500,125.1156005859375
2022-03-21,140.35000610351562,140.75999450683594,138.72999572753906,139.64999389648438,12676100,124.71370697021484
2022-03-22,142.27000427246094,143.92999267578125,141.72000122070312,142.6199951171875,13548600,127.36605834960938
2022-03-23,140.97999572753906,141.58999633789062,139.1999969482422,139.77999877929688,12093200,124.82979583740234
2022-03-24,140.3000030517578,140.7100067138672,139.11000061035156,140.69000244140625,10017600,125.6424789428711
2022-03-25,141.08999633789062,143.17999267578125,140.8000030517578,141.9199981689453,8383500,126.74095153808594
2022-03-28,140.0,140.97000122070312,137.89999389648438,140.8699951171875,10818100,125.80323028564453
2022-03-29,143.35000610351562,143.60000610351562,140.24000549316406,141.17999267578125,11316500,126.08003997802734
2022-03-30,141.89999389648438,142.1199951171875,139.91000366210938,140.5399932861328,8771000,125.50849151611328
2022-03-31,139.8300018310547,140.35000610351562,136.25999450683594,136.32000732421875,17353900,121.73985290527344
2022-04-01,137.39999389648438,137.41000366210938,133.8000030517578,135.30999755859375,15721300,120.83788299560547
2022-04-04,134.1199951171875,136.94000244140625,132.88999938964844,135.91000366210938,17416400,121.37369537353516
2022-04-05,134.07000732421875,135.39999389648438,133.00999450683594,133.33999633789062,12110300,119.96127319335938
2022-04-06,131.5800018310547,132.55999755859375,130.9600067138672,131.49000549316406,12914700,118.29685974121094
2022-04-07,130.9499969482422,131.9199981689453,128.72999572753906,131.08999633789062,12994200,117.93700408935547
2022-04-08,131.6699981689453,133.89999389648438,131.49000549316406,133.49000549316406,13126900,120.09619903564453
2022-04-11,133.0,134.89999389648438,132.57000732421875,133.0,10466400,119.65538787841797
2022-04-12,132.13999938964844,134.5800018310547,130.6999969482422,131.5399932861328,12989900,118.34185028076172
2022-04-13,126.94000244140625,129.25,126.01000213623047,127.30000305175781,30838000,114.52728271484375
2022-04-14,126.5,128.3000030517578,125.0199966430664,126.12000274658203,18835200,113.46566009521484
2022-04-18,125.66999816894531,129.24000549316406,125.54000091552734,128.4600067138672,11834400,115.57090759277344
2022-04-19,128.4499969482422,131.32000732421875,128.22999572753906,131.1199951171875,15015400,117.9639892578125
2022-04-20,132.52000427246094,133.50999450683594,131.33999633789062,131.5800018310547,13430200,118.37783813476562
2022-04-21,132.22000122070312,132.80999755859375,129.9600067138672,130.55999755859375,12174200,117.46016693115234
2022-04-22,130.27999877929688,130.52000427246094,126.69000244140625,126.80999755859375,14318800,114.08644104003906
2022-04-25,126.01000213623047,127.12000274658203,123.11000061035156,126.7699966430664,17149000,114.05046081542969
2022-04-26,124.63999938964844,126.41000366210938,122.87000274658203,123.0199966430664,17209500,110.67670440673828
2022-04-27,122.33000183105469,123.55999755859375,121.22000122070312,121.41999816894531,17215200,109.23723602294922
2022-04-28,122.80999755859375,123.6500015258789,121.13999938964844,123.33999633789062,13015600,110.96460723876953
2022-04-29,123.05000305175781,123.61000061035156,118.9000015258789,119.36000061035156,14874800,107.38394927978516
2022-05-02,119.87999725341797,120.70999908447266,118.22000122070312,120.44999694824219,18545000,108.36457061767578
2022-05-03,121.52999877929688,124.16999816894531,120.77999877929688,123.02999877929688,15720900,110.68572235107422
2022-05-04,122.80000305175781,127.4000015258789,122.73999786376953,127.0999984741211,17128500,114.34734344482422
2022-05-05,125.25,126.0999984741211,122.16000366210938,123.91999816894531,15055400,111.48640441894531
2022-05-06,123.80000305175781,124.29000091552734,121.18000030517578,123.72000122070312,14417900,111.30647277832031
2022-05-09,122.11000061035156,123.33000183105469,120.5,121.86000061035156,14312300,109.63309478759766
2022-05-10,123.11000061035156,123.77999877929688,117.55999755859375,118.88999938964844,16382400,106.96112060546875
2022-05-11,119.30000305175781,122.88999938964844,117.94000244140625,118.13999938964844,14630300,106.28636169433594
2022-05-12,117.0,118.31999969482422,115.37000274658203,118.04000091552734,16318800,106.19639587402344
2022-05-13,119.41000366210938,120.25,117.95999908447266,119.08999633789062,10443200,107.14105224609375
2022-05-16,118.54000091552734,119.45999908447266,117.2300033569336,118.26000213623047,10269000,106.39431762695312
2022-05-17,121.04000091552734,122.97000122070312,120.80999755859375,122.18000030517578,11160200,109.92100524902344
2022-05-18,121.30000305175781,121.97000122070312,119.52999877929688,120.08999633789062,12664900,108.04068756103516
2022-05-19,118.19000244140625,119.6500015258789,117.62999725341797,118.30999755859375,12765800,106.43929290771484
2022-05-20,119.45999908447266,119.66999816894531,115.0199966430664,117.33999633789062,13150100,105.5666275024414
2022-05-23,120.45999908447266,126.56999969482422,120.44999694824219,124.5999984741211,24376700,112.09819030761719
2022-05-24,124.36000061035156,127.48999786376953,123.11000061035156,126.36000061035156,19324900,113.68160247802734
2022-05-25,126.27999877929688,127.86000061035156,125.16999816894531,127.23999786376953,12780400,114.47330474853516
2022-05-26,128.3699951171875,130.19000244140625,128.2100067138672,129.44000244140625,15990900,116.45256805419922
2022-05-27,130.16000366210938,131.27000427246094,129.13999938964844,131.27000427246094,11177800,118.09895324707031
2022-05-31,130.17999267578125,133.14999389648438,129.7100067138672,132.22999572753906,17015000,118.96260833740234
2022-06-01,132.8699951171875,132.8699951171875,128.6699981689453,129.91000366210938,10768000,116.87540435791016
2022-06-02,129.89999389648438,132.00999450683594,128.6699981689453,132.0,8374800,118.75570678710938
2022-06-03,131.2100067138672,131.77000427246094,129.99000549316406,130.16000366210938,8596000,117.10032653808594
2022-06-06,131.08999633789062,132.38999938964844,129.4600067138672,129.72999572753906,11323500,116.71346282958984
2022-06-07,128.8300018310547,130.32000732421875,128.6199951171875,130.07000732421875,6722200,117.01933288574219
2022-06-08,129.0,129.4499969482422,126.9000015258789,128.0,8422100,115.15704345703125
2022-06-09,127.37000274658203,128.10000610351562,125.2699966430664,125.30999755859375,13560100,112.7369384765625
2022-06-10,122.58999633789062,123.4000015258789,119.31999969482422,119.55000305175781,12945200,107.55488586425781
2022-06-13,116.86000061035156,117.94999694824219,115.05999755859375,115.98999786376953,16805600,104.35208129882812
2022-06-14,115.55000305175781,117.31999969482422,113.22000122070312,114.05999755859375,13357900,102.61573028564453
2022-06-15,115.62000274658203,116.94999694824219,113.16999816894531,115.41000366210938,14083500,103.83028411865234
2022-06-16,113.86000061035156,114.26000213623047,111.87000274658203,113.43000030517578,16724900,102.0489273071289
2022-06-17,113.54000091552734,114.62999725341797,112.16000366210938,113.02999877929688,30919900,101.68907928466797
2022-06-21,115.87000274658203,117.02999877929688,115.04000091552734,115.83000183105469,11680500,104.20811462402344
2022-06-22,114.87999725341797,116.19999694824219,114.38999938964844,115.18000030517578,9842700,103.62334442138672
2022-06-23,115.01000213623047,115.18000030517578,111.4800033569336,113.91999816894531,11851500,102.48976135253906
2022-06-24,113.2300033569336,117.81999969482422,112.83000183105469,117.31999969482422,14841100,105.54862213134766
2022-06-27,118.05999755859375,118.5,115.63999938964844,116.37999725341797,11280500,104.70294952392578
2022-06-28,117.66999816894531,119.29000091552734,115.5999984741211,115.81999969482422,11590900,104.19914245605469
2022-06-29,116.0,116.81999969482422,114.7300033569336,115.30000305175781,9338400,103.7313003540039
2022-06-30,113.16999816894531,114.08000183105469,110.93000030517578,112.61000061035156,15172600,101.31121063232422
2022-07-01,112.6500015258789,114.41999816894531,111.16000366210938,114.05000305175781,10573600,102.60673522949219
2022-07-05,110.7699966430664,112.70999908447266,109.30000305175781,112.62000274658203,12514200,102.21646881103516
2022-07-06,111.7300033569336,112.98999786376953,110.79000091552734,111.88999938964844,10656200,101.55388641357422
2022-07-07,113.5,114.9000015258789,113.4000015258789,114.72000122070312,10347400,104.1224365234375
2022-07-08,115.16000366210938,115.6500015258789,113.61000061035156,114.36000061035156,8807800,103.79570007324219
2022-07-11,113.55000305175781,114.2300033569336,112.22000122070312,112.86000061035156,7939500,102.43426513671875
2022-07-12,112.58000183105469,115.18000030517578,112.26000213623047,112.97000122070312,11250900,102.53411865234375
2022-07-13,111.75,112.4800033569336,110.37999725341797,111.91000366210938,12979900,101.572021484375
2022-07-14,107.98999786376953,108.2300033569336,106.05999755859375,108.0,26204800,98.02324676513672
2022-07-15,109.16000366210938,113.87999725341797,107.66999816894531,112.94999694824219,18863900,102.51596069335938
2022-07-18,114.7699966430664,115.83999633789062,111.29000091552734,111.79000091552734,13977900,101.46311950683594
2022-07-19,113.12999725341797,114.94000244140625,112.66999816894531,114.55999755859375,11862300,103.97721862792969
2022-07-20,114.0999984741211,114.73999786376953,113.4800033569336,114.54000091552734,11667500,103.95909118652344
2022-07-21,114.44000244140625,115.52999877929688,113.37000274658203,115.31999969482422,11595900,104.66703796386719
2022-07-22,115.23999786376953,116.25,113.66999816894531,114.76000213623047,7645500,104.15876007080078
2022-07-25,115.83999633789062,116.45999908447266,114.7699966430664,115.22000122070312,9394000,104.57626342773438
2022-07-26,114.58000183105469,115.58000183105469,113.02999877929688,113.41999816894531,10675100,102.94255065917969
2022-07-27,114.01000213623047,115.73999786376953,113.30000305175781,115.23999786376953,9337400,104.59440612792969
2022-07-28,115.25,115.9800033569336,113.52999877929688,114.80999755859375,10384800,104.20413970947266
2022-07-29,115.58999633789062,116.5,114.79000091552734,115.36000061035156,12944500,104.70333099365234
2022-08-01,114.5,115.11000061035156,113.06999969482422,114.20999908447266,14740400,103.65956115722656
2022-08-02,113.91999816894531,114.4000015258789,112.2699966430664,112.43000030517578,14942900,102.04399108886719
2022-08-03,113.44999694824219,114.0999984741211,111.70999908447266,113.61000061035156,14394500,103.11499786376953
2022-08-04,112.8499984741211,113.31999969482422,111.0199966430664,112.36000061035156,18033900,101.98046112060547
2022-08-05,112.52999877929688,116.19000244140625,112.05000305175781,115.76000213623047,14174600,105.06639862060547
2022-08-08,116.25,116.69999694824219,114.18000030517578,114.3499984741211,10332500,103.78663635253906
2022-08-09,114.75,115.98999786376953,114.37000274658203,115.37999725341797,10233800,104.72147369384766
2022-08-10,117.95999908447266,119.37000274658203,117.5,118.38999938964844,12847300,107.45343780517578
2022-08-11,119.9000015258789,121.19999694824219,119.30999755859375,120.13999938964844,11684900,109.0417709350586
2022-08-12,120.66999816894531,122.25,119.44000244140625,122.12999725341797,9906700,110.84793090820312
2022-08-15,121.13999938964844,122.72000122070312,120.5999984741211,122.45999908447266,8456200,111.1474380493164
2022-08-16,122.29000091552734,124.23999786376953,121.87000274658203,123.62999725341797,9555000,112.20938110351562
2022-08-17,122.30000305175781,123.16000366210938,121.69000244140625,122.58999633789062,8149300,111.26544189453125
2022-08-18,122.23999786376953,122.47000122070312,120.55000305175781,121.63999938964844,9531800,110.40321350097656
2022-08-19,120.62000274658203,120.98999786376953,118.11000061035156,118.62999725341797,13464500,107.67124938964844
2022-08-22,116.75,117.16000366210938,115.5,116.66999816894531,8967600,105.8923110961914
2022-08-23,116.69000244140625,117.29000091552734,115.37999725341797,115.5199966430664,7607000,104.84854888916016
2022-08-24,115.29000091552734,116.41000366210938,114.44999694824219,115.80000305175781,9771300,105.10269165039062
2022-08-25,116.16000366210938,118.73999786376953,115.68000030517578,118.55000305175781,10758900,107.59864807128906
2022-08-26,119.45999908447266,119.98999786376953,114.5999984741211,114.66999816894531,11276200,104.07706451416016
2022-08-29,114.0,114.86000061035156,113.45999908447266,114.38999938964844,8117300,103.82292938232422
2022-08-30,115.0,115.58000183105469,113.36000061035156,114.41000366210938,10745400,103.84111022949219
2022-08-31,114.4800033569336,115.02999877929688,113.33999633789062,113.7300033569336,10738300,103.2238998413086
2022-09-01,113.29000091552734,114.62999725341797,111.91000366210938,114.51000213623047,9979800,103.93185424804688
2022-09-02,115.87000274658203,117.44999694824219,113.19000244140625,113.70999908447266,10666600,103.20574951171875
2022-09-06,114.33000183105469,114.75,112.06999969482422,113.73999786376953,9751900,103.23300170898438
2022-09-07,113.12999725341797,116.11000061035156,112.76000213623047,115.9000015258789,10647900,105.19344329833984
2022-09-08,115.27999877929688,118.79000091552734,114.62999725341797,118.5999984741211,11435000,107.64402770996094
2022-09-09,119.13999938964844,120.05000305175781,118.66999816894531,119.16999816894531,9299700,108.161376953125
2022-09-12,120.62000274658203,121.55000305175781,119.79000091552734,120.58000183105469,8614600,109.44113159179688
2022-09-13,118.06999969482422,118.91999816894531,115.77999877929688,116.38999938964844,12904600,105.63819122314453
2022-09-14,116.69999694824219,117.83999633789062,114.87999725341797,116.12000274658203,9345700,105.39314270019531
2022-09-15,116.12000274658203,119.37999725341797,115.76000213623047,117.87000274658203,10821400,106.98147583007812
2022-09-16,117.38999938964844,117.4000015258789,115.37000274658203,117.08000183105469,14844100,106.26445007324219
2022-09-19,116.0,118.7300033569336,115.51000213623047,118.16000366210938,8201300,107.24467468261719
2022-09-20,117.41000366210938,117.69000244140625,114.63999938964844,115.83000183105469,9619000,105.12991333007812
2022-09-21,116.54000091552734,116.5999984741211,112.41999816894531,112.48999786376953,12606300,102.09845733642578
2022-09-22,113.37999725341797,113.5999984741211,111.06999969482422,111.20999908447266,11684500,100.93669891357422
2022-09-23,110.05000305175781,110.33999633789062,107.16000366210938,109.13999938964844,18138600,99.05792236328125
2022-09-26,108.0,109.61000061035156,106.05999755859375,106.79000091552734,15753600,96.92500305175781
2022-09-27,107.75,108.16999816894531,104.6500015258789,105.8499984741211,12793600,96.07183837890625
2022-09-28,105.94999694824219,108.7300033569336,105.63999938964844,107.98999786376953,12762600,98.01416778564453
2022-09-29,106.94999694824219,107.27999877929688,104.4000015258789,106.16000366210938,12713900,96.35320281982422
2022-09-30,106.05999755859375,107.62000274658203,104.4000015258789,104.5,15973400,94.84654998779297
2022-10-03,105.62000274658203,108.36000061035156,104.45999908447266,107.7300033569336,12248100,97.7781753540039
2022-10-04,110.61000061035156,112.98999786376953,109.86000061035156,112.7699966430664,16013600,102.35258483886719
2022-10-05,109.75,110.94999694824219,108.83000183105469,110.38999938964844,10943500,101.08885955810547
2022-10-06,109.45999908447266,110.19000244140625,107.94000244140625,108.13999938964844,11521400,99.02842712402344
2022-10-07,107.5199966430664,107.70999908447266,105.2699966430664,105.9800033569336,11681100,97.05044555664062
2022-10-10,106.7300033569336,107.30999755859375,104.5199966430664,104.98999786376953,8931700,96.14385223388672
2022-10-11,104.37000274658203,104.54000091552734,101.8499984741211,101.95999908447266,12739700,93.3691635131836
2022-10-12,101.80000305175781,104.7300033569336,101.27999877929688,103.61000061035156,13181000,94.88011169433594
2022-10-13,101.9800033569336,109.9000015258789,101.76000213623047,109.37000274658203,22398700,100.15481567382812
2022-10-14,111.95999908447266,115.23999786376953,110.72000122070312,111.19000244140625,33387100,101.82146453857422
2022-10-17,115.41000366210938,117.01000213623047,114.31999969482422,115.86000061035156,22276300,106.09798431396484
2022-10-18,119.66000366210938,120.13999938964844,116.95999908447266,118.83999633789062,21539700,108.8268814086914
2022-10-19,117.98999786376953,118.83000183105469,115.66999816894531,116.51000213623047,17072000,106.6932144165039
2022-10-20,117.16000366210938,118.70999908447266,115.6500015258789,116.12999725341797,12207400,106.34523010253906
2022-10-21,116.45999908447266,122.38999938964844,116.33000183105469,122.2300033569336,20593300,111.93126678466797
2022-10-24,122.06999969482422,123.0999984741211,121.33000183105469,122.37999725341797,12624200,112.068603515625
2022-10-25,121.8499984741211,123.2699966430664,120.88999938964844,122.69999694824219,11289100,112.36164855957031
2022-10-26,123.0,125.19999694824219,122.87999725341797,124.11000061035156,11667000,113.65286254882812
2022-10-27,125.19999694824219,126.19999694824219,124.20999908447266,124.5999984741211,10727600,114.1015853881836
2022-10-28,125.29000091552734,126.27999877929688,124.05000305175781,126.08000183105469,11859500,115.45689392089844
2022-10-31,125.69999694824219,127.43000030517578,125.58999633789062,125.87999725341797,13295200,115.27372741699219
2022-11-01,126.87000274658203,128.27999877929688,126.33000183105469,128.14999389648438,13386900,117.35247039794922
2022-11-02,127.6500015258789,130.36000061035156,126.63999938964844,126.97000122070312,16546100,116.27188873291016
2022-11-03,126.30999755859375,128.17999267578125,125.91000366210938,127.19999694824219,12474400,116.48250579833984
2022-11-04,129.49000549316406,130.8300018310547,128.4600067138672,130.67999267578125,14953200,119.66929626464844
2022-11-07,131.0,132.2899932861328,130.47999572753906,131.3699951171875,12011200,120.30113220214844
2022-11-08,131.24000549316406,132.05999755859375,130.13999938964844,131.4499969482422,9884100,120.37440490722656
2022-11-09,131.32000732421875,131.42999267578125,129.22000122070312,129.74000549316406,9494000,118.80850219726562
2022-11-10,132.6300048828125,135.25,132.52999877929688,135.0800018310547,16351600,123.69855499267578
2022-11-11,135.19000244140625,136.1699981689453,133.77999877929688,135.3000030517578,10704700,123.9000244140625
2022-11-14,134.8000030517578,135.72999572753906,133.91000366210938,133.91000366210938,11085600,122.62714385986328
2022-11-15,134.67999267578125,135.7100067138672,131.60000610351562,132.94000244140625,14038300,121.73888397216797
2022-11-16,133.0,133.55999755859375,132.02999877929688,133.1199951171875,7893400,121.9036865234375
2022-11-17,132.0,132.88999938964844,131.27999877929688,132.5399932861328,8820200,121.37256622314453
2022-11-18,134.57000732421875,134.6699981689453,132.27999877929688,133.83999633789062,9468500,122.56302642822266
2022-11-21,133.74000549316406,134.55999755859375,132.75,133.0500030517578,7800500,121.83960723876953
2022-11-22,134.0,135.27000427246094,133.69000244140625,135.0399932861328,9185700,123.66194152832031
2022-11-23,134.94000244140625,136.5,134.86000061035156,136.47999572753906,7316200,124.9806137084961
2022-11-25,136.47999572753906,137.13999938964844,136.05999755859375,136.74000549316406,3220500,125.21871185302734
2022-11-28,136.07000732421875,136.7100067138672,134.19000244140625,134.35000610351562,9906900,123.03009796142578
2022-11-29,134.66000366210938,136.63999938964844,134.41000366210938,136.55999755859375,7925300,125.05386352539062
2022-11-30,136.08999633789062,138.17999267578125,133.19000244140625,138.17999267578125,14761200,126.537353515625
2022-12-01,138.17999267578125,138.66000366210938,135.42999267578125,136.24000549316406,8858500,124.76083374023438
2022-12-02,134.49000549316406,135.35000610351562,133.33999633789062,135.16000366210938,8931900,123.77181243896484
2022-12-05,134.24000549316406,134.57000732421875,130.60000610351562,131.3699951171875,10154500,120.30113220214844
2022-12-06,133.38999938964844,135.11000061035156,129.8699951171875,131.58999633789062,13966700,120.50262451171875
2022-12-07,131.30999755859375,133.0800018310547,130.3300018310547,131.5,11739400,120.42021179199219
2022-12-08,132.3300018310547,132.97999572753906,131.42999267578125,132.8800048828125,8907300,121.6839599609375
2022-12-09,132.1999969482422,133.75999450683594,132.0,132.16000366210938,7957800,121.02459716796875
2022-12-12,132.39999389648438,134.64999389648438,131.60000610351562,134.2100067138672,8841600,122.90187072753906
2022-12-13,136.88999938964844,137.08999633789062,133.0800018310547,134.0800018310547,10025400,122.78279876708984
2022-12-14,133.77999877929688,135.7100067138672,132.75999450683594,133.41000366210938,9966100,122.16927337646484
2022-12-15,131.14999389648438,132.0800018310547,129.0500030517578,130.10000610351562,12087800,119.13817596435547
2022-12-16,129.14999389648438,129.89999389648438,128.42999267578125,129.2899932861328,21133700,118.39639282226562
2022-12-19,129.64999389648438,131.3300018310547,129.08999633789062,130.05999755859375,9017200,119.10151672363281
2022-12-20,130.97000122070312,132.0500030517578,130.1999969482422,130.69000244140625,8549900,119.67845916748047
2022-12-21,132.17999267578125,132.97999572753906,131.77000427246094,132.16000366210938,8051700,121.02459716796875
2022-12-22,131.10000610351562,131.3000030517578,128.41000366210938,130.66000366210938,8648200,119.65098571777344
2022-12-23,130.5800018310547,131.44000244140625,129.63999938964844,131.27999877929688,5091900,120.21873474121094
2022-12-27,131.57000732421875,132.22000122070312,130.5500030517578,131.74000549316406,5411000,120.63997650146484
2022-12-28,131.85000610351562,133.41000366210938,131.00999450683594,132.4600067138672,8827700,121.29931640625
2022-12-29,132.92999267578125,133.27000427246094,132.30999755859375,133.22000122070312,6585200,121.99527740478516
2022-12-30,132.80999755859375,134.3300018310547,132.44000244140625,134.10000610351562,9292500,122.80113220214844
2023-01-03,135.24000549316406,136.74000549316406,133.88999938964844,135.1199951171875,11054800,123.73519897460938
2023-01-04,135.99000549316406,137.67999267578125,135.57000732421875,136.3800048828125,11687600,124.88904571533203
2023-01-05,135.66000366210938,135.7100067138672,133.6999969482422,135.35000610351562,8381300,124.86136627197266
2023-01-06,136.1300048828125,138.3800048828125,134.49000549316406,137.94000244140625,10029100,127.2506332397461
2023-01-09,138.60000610351562,138.8800048828125,136.8800048828125,137.3699951171875,8482300,126.72478485107422
2023-01-10,137.7899932861328,138.72000122070312,137.30999755859375,138.60000610351562,9048700,127.8594970703125
2023-01-11,138.89999389648438,139.75,138.10000610351562,139.6300048828125,8703700,128.80966186523438
2023-01-12,140.0,140.86000061035156,139.22000122070312,139.49000549316406,11001700,128.68051147460938
2023-01-13,135.60000610351562,143.49000549316406,134.8000030517578,143.00999450683594,20200000,131.927734375
2023-01-17,141.1699981689453,141.5399932861328,139.22999572753906,140.8000030517578,14292900,129.88902282714844
2023-01-18,138.9199981689453,140.72999572753906,136.41000366210938,136.57000732421875,13392600,125.98682403564453
2023-01-19,135.32000732421875,135.89999389648438,133.58999633789062,134.75,13303400,124.30782318115234
2023-01-20,135.16000366210938,135.49000549316406,133.5500030517578,135.0800018310547,13092500,124.61227416992188
2023-01-23,135.1199951171875,137.9600067138672,134.82000732421875,137.27000427246094,10487100,126.63257598876953
2023-01-24,136.4199981689453,140.2899932861328,135.0,138.4499969482422,6945000,127.72111511230469
2023-01-25,138.0500030517578,139.1199951171875,137.25,139.1199951171875,8967000,128.3392333984375
2023-01-26,139.4199981689453,140.05999755859375,138.36000061035156,139.97999572753906,7487600,129.132568359375
2023-01-27,140.61000061035156,141.25999450683594,139.75,140.32000732421875,7489900,129.4462127685547
2023-01-30,139.22999572753906,140.08999633789062,138.91000366210938,139.1300048828125,6729300,128.3484649658203
2023-01-31,139.8800048828125,140.07000732421875,138.25,139.9600067138672,9188700,129.11412048339844
2023-02-01,138.2100067138672,140.8800048828125,138.1199951171875,139.58999633789062,8841800,128.7727813720703
2023-02-02,140.0,140.4600067138672,138.0,138.94000244140625,11822100,128.1731414794922
2023-02-03,138.17999267578125,142.3300018310547,138.1300048828125,141.08999633789062,11501200,130.15655517578125
2023-02-06,140.22999572753906,142.24000549316406,140.02999877929688,141.9199981689453,8406200,130.92222595214844
2023-02-07,141.3800048828125,144.33999633789062,141.17999267578125,143.64999389648438,10447900,132.51815795898438
2023-02-08,142.64999389648438,144.0399932861328,142.27999877929688,142.63999938964844,6958000,131.58642578125
2023-02-09,143.1199951171875,143.33999633789062,139.8699951171875,140.4199981689453,6443100,129.53846740722656
2023-02-10,139.77999877929688,141.27999877929688,138.58999633789062,141.0399932861328,6582900,130.1103973388672
2023-02-13,141.3000030517578,142.72999572753906,140.74000549316406,142.57000732421875,7134600,131.52186584472656
2023-02-14,142.5,143.80999755859375,141.60000610351562,143.1999969482422,9249400,132.10301208496094
2023-02-15,141.61000061035156,143.88999938964844,141.3000030517578,143.8000030517578,6728300,132.6565399169922
2023-02-16,142.91000366210938,143.38999938964844,141.67999267578125,141.82000732421875,8165300,130.8299560546875
2023-02-17,140.97999572753906,142.8300018310547,140.07000732421875,142.24000549316406,7948800,131.2174072265625
2023-02-21,140.69000244140625,141.33999633789062,138.75,139.6300048828125,9996300,128.80966186523438
2023-02-22,138.9199981689453,139.42999267578125,137.44000244140625,138.55999755859375,11107500,127.82259368896484
2023-02-23,138.72999572753906,140.1699981689453,137.94000244140625,139.6699981689453,8068000,128.8465576171875
2023-02-24,139.11000061035156,141.36000061035156,138.92999267578125,140.92999267578125,9126900,130.00892639160156
2023-02-27,142.11000061035156,143.30999755859375,141.72000122070312,142.16000366210938,10014700,131.1436309814453
2023-02-28,142.94000244140625,143.75999450683594,141.89999389648438,143.35000610351562,11019800,132.24139404296875
2023-03-01,142.10000610351562,143.4600067138672,141.8000030517578,142.5500030517578,7139200,131.50341796875
2023-03-02,142.24000549316406,142.42999267578125,139.5399932861328,141.07000732421875,11106800,130.13812255859375
2023-03-03,141.50999450683594,143.74000549316406,141.0800018310547,143.66000366210938,9513100,132.5273895263672
2023-03-06,143.44000244140625,144.0399932861328,142.66000366210938,142.82000732421875,9261300,131.7524871826172
2023-03-07,142.00999450683594,142.30999755859375,137.80999755859375,138.6199951171875,11747600,127.8779525756836
2023-03-08,138.0,138.58999633789062,136.88999938964844,137.8000030517578,10002500,127.1214828491211
2023-03-09,136.75999450683594,137.35000610351562,129.22000122070312,130.33999633789062,25888100,120.23957824707031
2023-03-10,128.9600067138672,135.25999450683594,127.81999969482422,133.64999389648438,37599700,123.29307556152344
2023-03-13,131.2100067138672,133.8800048828125,129.41000366210938,131.25,42901100,121.07907104492188
2023-03-14,135.27999877929688,135.52999877929688,131.2899932861328,134.6199951171875,29648100,124.18790435791016
2023-03-15,130.97999572753906,130.99000549316406,126.7300033569336,128.25999450683594,34280600,118.32076263427734
2023-03-16,128.00999450683594,131.9499969482422,126.0199966430664,130.75,24558500,120.6178207397461
2023-03-17,128.3800048828125,128.47999572753906,125.44999694824219,125.80999755859375,38396000,116.06063079833984
2023-03-20,126.98999786376953,129.47000122070312,126.01000213623047,127.13999938964844,22875500,117.28755950927734
2023-03-21,130.58999633789062,131.72999572753906,130.19000244140625,130.5500030517578,17807800,120.43331146240234
2023-03-22,130.55999755859375,130.66000366210938,127.08000183105469,127.18000030517578,17250200,117.32445526123047
2023-03-23,127.9000015258789,129.52999877929688,126.0199966430664,126.83999633789062,16677600,117.01081085205078
2023-03-24,125.62999725341797,125.68000030517578,123.11000061035156,124.91000366210938,22311100,115.23038482666016
2023-03-27,126.79000091552734,129.3800048828125,126.29000091552734,128.49000549316406,18853900,118.53295135498047
2023-03-28,128.7100067138672,129.33999633789062,127.73999786376953,128.8800048828125,10820500,118.89271545410156
2023-03-29,130.10000610351562,130.22000122070312,127.7699966430664,129.13999938964844,14595300,119.13258361816406
2023-03-30,129.9499969482422,130.1199951171875,127.6500015258789,128.75,12134700,118.77281188964844
2023-03-31,129.66000366210938,130.33999633789062,128.85000610351562,130.30999755859375,13105200,120.2119140625
2023-04-03,129.91000366210938,131.44000244140625,129.41000366210938,130.16000366210938,11775400,120.07354736328125
2023-04-04,130.5,130.58999633789062,127.41000366210938,128.4199981689453,11579900,118.4683837890625
2023-04-05,126.80000305175781,128.14999389648438,126.45999908447266,127.61000061035156,9614700,118.64503479003906
2023-04-06,127.0,128.0800018310547,126.86000061035156,127.47000122070312,8760200,118.5148696899414
2023-04-10,126.54000091552734,128.22999572753906,126.22000122070312,127.88999938964844,9477300,118.90535736083984
2023-04-11,128.3000030517578,128.94000244140625,127.54000091552734,128.52000427246094,10516300,119.49109649658203
2023-04-12,129.17999267578125,130.42999267578125,128.05999755859375,128.5,11821000,119.47249603271484
2023-04-13,128.4600067138672,129.0399932861328,126.83000183105469,128.99000549316406,12450200,119.9280776977539
2023-04-14,135.14999389648438,139.1199951171875,134.89999389648438,138.72999572753906,43931300,128.98382568359375
2023-04-17,139.9499969482422,140.05999755859375,137.66000366210938,139.8300018310547,16050500,130.00653076171875
2023-04-18,140.27000427246094,141.77999877929688,139.02999877929688,141.39999389648438,13760100,131.4662322998047
2023-04-19,141.22999572753906,141.5,140.39999389648438,141.22000122070312,9158100,131.2988739013672
2023-04-20,139.91000366210938,141.42999267578125,139.83999633789062,140.80999755859375,10586200,130.9176788330078
2023-04-21,139.74000549316406,141.11000061035156,138.77999877929688,140.5399932861328,11842500,130.66665649414062
2023-04-24,140.4600067138672,141.10000610351562,140.0399932861328,140.72999572753906,7567500,130.8433074951172
2023-04-25,139.60000610351562,139.9600067138672,137.6300048828125,137.6699981689453,10629300,127.99828338623047
2023-04-26,137.6199951171875,137.80999755859375,134.0,135.22999572753906,14416100,125.72969818115234
2023-04-27,136.0,137.91000366210938,135.66000366210938,137.0500030517578,9041100,127.42183685302734
2023-04-28,136.55999755859375,138.32000732421875,135.6699981689453,138.24000549316406,9887300,128.52825927734375
2023-05-01,142.25999450683594,143.3699951171875,140.8300018310547,141.1999969482422,20415800,131.2802734375
2023-05-02,141.39999389648438,142.41000366210938,138.42999267578125,138.9199981689453,14113400,129.1604766845703
2023-05-03,138.44000244140625,138.6699981689453,135.75999450683594,135.97999572753906,12930900,126.4270248413086
2023-05-04,134.9600067138672,135.72000122070312,131.80999755859375,134.1199951171875,17089200,124.69769287109375
2023-05-05,136.44000244140625,137.8800048828125,135.91000366210938,136.74000549316406,11261400,127.13365173339844
2023-05-08,137.49000549316406,137.97000122070312,136.47999572753906,137.07000732421875,7484900,127.44043731689453
2023-05-09,135.92999267578125,136.9499969482422,135.2100067138672,136.41000366210938,7343600,126.82682800292969
2023-05-10,137.9499969482422,138.05999755859375,134.8699951171875,136.47999572753906,8133400,126.89188385009766
2023-05-11,135.0,136.80999755859375,134.89999389648438,136.0500030517578,7057300,126.49210357666016
2023-05-12,136.82000732421875,136.99000549316406,133.1300048828125,134.10000610351562,9988600,124.67908477783203
2023-05-15,134.27000427246094,135.6699981689453,133.9600067138672,135.22999572753906,7639500,125.72969818115234
2023-05-16,135.4600067138672,135.94000244140625,133.9600067138672,134.32000732421875,6477200,124.88365173339844
2023-05-17,135.89999389648438,138.58999633789062,135.4600067138672,138.4499969482422,12711500,128.72348022460938
2023-05-18,138.27000427246094,139.72999572753906,137.75999450683594,139.5,10999600,129.69973754882812
2023-05-19,139.7899932861328,140.49000549316406,138.1300048828125,139.17999267578125,13492200,129.40219116210938
2023-05-22,141.0,141.63999938964844,137.66000366210938,138.02999877929688,11402500,128.3330078125
2023-05-23,137.5399932861328,139.02999877929688,136.4600067138672,136.58999633789062,9514900,126.99414825439453
2023-05-24,135.39999389648438,136.35000610351562,135.0800018310547,135.33999633789062,8578000,125.83196258544922
2023-05-25,134.82000732421875,136.27000427246094,134.5800018310547,135.6699981689453,8472500,126.13877868652344
2023-05-26,136.11000061035156,137.60000610351562,135.6300048828125,136.94000244140625,8579900,127.31958770751953
2023-05-30,136.8000030517578,137.72000122070312,136.02000427246094,137.4600067138672,7399900,127.80302429199219
2023-05-31,136.72999572753906,136.83999633789062,134.39999389648438,135.7100067138672,14219900,126.17596435546875
2023-06-01,136.52000427246094,138.22999572753906,135.4499969482422,137.5800018310547,12248100,127.91460418701172
2023-06-02,139.55999755859375,141.47999572753906,139.33999633789062,140.47000122070312,12922500,130.6015625
2023-06-05,140.11000061035156,140.11000061035156,138.1300048828125,139.08999633789062,8511900,129.3184814453125
2023-06-06,138.67999267578125,140.10000610351562,138.2100067138672,139.33999633789062,9329500,129.55096435546875
2023-06-07,139.5500030517578,141.27000427246094,138.8300018310547,140.69000244140625,9281400,130.80612182617188
2023-06-08,140.6699981689453,140.88999938964844,139.47999572753906,140.72999572753906,7368100,130.8433074951172
2023-06-09,140.35000610351562,141.8000030517578,140.2100067138672,141.00999450683594,7249100,131.10365295410156
2023-06-12,141.07000732421875,141.32000732421875,139.75999450683594,141.0,7596600,131.09434509277344
2023-06-13,140.47999572753906,142.8699951171875,140.13999938964844,142.02000427246094,7701600,132.0426788330078
2023-06-14,143.0,143.61000061035156,140.6999969482422,141.49000549316406,9068700,131.54994201660156
2023-06-15,140.58999633789062,143.39999389648438,140.02999877929688,143.08999633789062,9343100,133.03750610351562
2023-06-16,143.0500030517578,143.97000122070312,142.5,143.25999450683594,13813500,133.19557189941406
2023-06-20,142.61000061035156,143.0,141.0399932861328,142.52999877929688,8428600,132.516845703125
2023-06-21,142.89999389648438,144.02000427246094,141.69000244140625,142.32000732421875,9926500,132.3216094970703
2023-06-22,142.30999755859375,142.60000610351562,138.9499969482422,139.5800018310547,10075200,129.7740936279297
2023-06-23,138.5399932861328,139.17999267578125,137.6199951171875,138.85000610351562,9919500,129.0954132080078
2023-06-26,138.8699951171875,140.00999450683594,137.69000244140625,139.19000244140625,8429700,129.4114990234375
2023-06-27,139.0,139.83999633789062,138.5399932861328,139.1999969482422,8154000,129.4207763671875
2023-06-28,139.16000366210938,139.2100067138672,137.9600067138672,138.58999633789062,7558600,128.85366821289062
2023-06-29,140.07000732421875,143.55999755859375,139.85000610351562,143.42999267578125,15423200,133.3535919189453
2023-06-30,144.60000610351562,146.0,143.66000366210938,145.44000244140625,14212800,135.222412109375
2023-07-03,146.19000244140625,147.47999572753906,146.0,146.61000061035156,8021600,136.3102264404297
2023-07-05,144.94000244140625,145.42999267578125,144.36000061035156,144.63999938964844,8934900,135.4021759033203
2023-07-06,143.02000427246094,143.38999938964844,141.44000244140625,143.2100067138672,9709500,134.06349182128906
2023-07-07,143.91000366210938,145.83999633789062,143.0,144.33999633789062,8981500,135.12130737304688
2023-07-10,144.5,145.99000549316406,144.5,145.14999389648438,9100100,135.8795928955078
2023-07-11,146.33999633789062,147.82000732421875,145.7100067138672,147.4199981689453,11260900,138.00462341308594
2023-07-12,147.4499969482422,149.8699951171875,147.0,148.14999389648438,11323200,138.68795776367188
2023-07-13,148.6999969482422,149.3699951171875,147.75,148.8699951171875,11234900,139.3620147705078
2023-07-14,151.5500030517578,152.88999938964844,148.41000366210938,149.77000427246094,27028400,140.2045440673828
2023-07-17,150.35000610351562,153.75,150.35000610351562,153.3800048828125,17262400,143.5839385986328
2023-07-18,153.3800048828125,154.39999389648438,152.82000732421875,153.66000366210938,13491700,143.84608459472656
2023-07-19,152.75,155.2100067138672,152.22000122070312,154.25,12510000,144.39837646484375
2023-07-20,154.52999877929688,156.58999633789062,154.41000366210938,156.14999389648438,9935900,146.1770477294922
2023-07-21,155.8000030517578,156.13999938964844,154.69000244140625,154.9499969482422,10636400,145.05368041992188
2023-07-24,154.97000122070312,158.7899932861328,154.72999572753906,158.0,14381400,147.9088897705078
2023-07-25,157.3000030517578,157.72000122070312,155.9600067138672,156.82000732421875,9944700,146.80426025390625
2023-07-26,156.7100067138672,158.25,156.27999877929688,157.75999450683594,8728600,147.68418884277344
2023-07-27,157.77000427246094,158.77999877929688,155.5500030517578,156.02000427246094,10778400,146.0553741455078
2023-07-28,157.27999877929688,157.60000610351562,156.44000244140625,156.91000366210938,9103800,146.8885040283203
2023-07-31,157.17999267578125,159.3800048828125,157.14999389648438,157.9600067138672,8892700,147.87144470214844
2023-08-01,157.42999267578125,158.0,156.14999389648438,157.17999267578125,6853900,147.1412353515625
2023-08-02,155.55999755859375,155.69000244140625,153.94000244140625,155.39999389648438,8299400,145.47494506835938
2023-08-03,155.0,156.9199981689453,154.35000610351562,156.35000610351562,6084000,146.36428833007812
2023-08-04,156.39999389648438,157.8000030517578,155.6999969482422,156.02000427246094,6209400,146.0553741455078
2023-08-07,156.60000610351562,157.6999969482422,156.60000610351562,156.75999450683594,7251800,146.74806213378906
2023-08-08,154.32000732421875,155.97999572753906,152.58999633789062,155.8800048828125,8623400,145.92430114746094
2023-08-09,155.32000732421875,155.52000427246094,153.47000122070312,153.7899932861328,6277800,143.9677734375
2023-08-10,154.3800048828125,155.44000244140625,153.08999633789062,153.55999755859375,5995100,143.75244140625
2023-08-11,153.02999877929688,154.52000427246094,152.6300048828125,154.4499969482422,5180700,144.5856170654297
2023-08-14,153.61000061035156,154.9199981689453,152.9199981689453,154.77000427246094,5044300,144.8851776123047
2023-08-15,152.85000610351562,153.27000427246094,150.22999572753906,150.8300018310547,10300300,141.19680786132812
2023-08-16,150.60000610351562,150.9600067138672,149.67999267578125,150.19000244140625,6978200,140.5977020263672
2023-08-17,150.8800048828125,151.25999450683594,148.39999389648438,148.6300048828125,9953900,139.1373748779297
2023-08-18,147.64999389648438,149.5,147.44000244140625,148.97000122070312,8517500,139.4556427001953
2023-08-21,149.64999389648438,150.10000610351562,148.02000427246094,149.47999572753906,8327000,139.93304443359375
2023-08-22,149.25999450683594,149.63999938964844,145.85000610351562,146.3800048828125,9673300,137.0310516357422
2023-08-23,146.35000610351562,147.58999633789062,145.4600067138672,147.3699951171875,7858000,137.9578094482422
2023-08-24,147.5,149.41000366210938,146.99000549316406,147.22999572753906,6534000,137.8267364501953
2023-08-25,147.27999877929688,148.6199951171875,145.85000610351562,147.0500030517578,6695500,137.65823364257812
2023-08-28,147.57000732421875,148.61000061035156,147.1300048828125,147.55999755859375,5094100,138.1356658935547
2023-08-29,147.7100067138672,148.85000610351562,147.17999267578125,148.75999450683594,6337000,139.25904846191406
2023-08-30,148.6199951171875,149.14999389648438,147.19000244140625,148.16000366210938,6277300,138.6973419189453
2023-08-31,148.25999450683594,148.35000610351562,145.9600067138672,146.3300018310547,10933900,136.98422241210938
2023-09-01,146.08999633789062,148.0800018310547,145.6999969482422,146.82000732421875,7903500,137.44296264648438
2023-09-05,147.16000366210938,148.2100067138672,145.00999450683594,145.1999969482422,7854700,135.92640686035156
2023-09-06,144.6999969482422,145.5399932861328,144.11000061035156,144.9600067138672,8629200,135.7017059326172
2023-09-07,144.1300048828125,145.27000427246094,143.38999938964844,143.72000122070312,8373700,134.5409393310547
2023-09-08,143.3699951171875,144.1199951171875,142.64999389648438,143.8300018310547,7107900,134.64390563964844
2023-09-11,144.75,145.0500030517578,143.69000244140625,144.4600067138672,6854200,135.2336883544922
2023-09-12,144.5,147.32000732421875,144.0500030517578,146.33999633789062,8363200,136.99359130859375
2023-09-13,147.33999633789062,147.6999969482422,145.82000732421875,146.41000366210938,8325900,137.0591278076172
2023-09-14,147.83999633789062,149.89999389648438,147.52000427246094,149.25,10034900,139.71775817871094
2023-09-15,148.9199981689453,149.72999572753906,148.30999755859375,148.80999755859375,19863400,139.30584716796875
2023-09-18,148.16000366210938,149.13999938964844,147.75,149.1199951171875,6512400,139.59603881835938
2023-09-19,149.5,149.72000122070312,147.2100067138672,148.92999267578125,7943400,139.41818237304688
2023-09-20,149.64999389648438,150.25,148.13999938964844,148.3000030517578,7332000,138.8284149169922
2023-09-21,147.5800018310547,148.85000610351562,146.6300048828125,147.13999938964844,8052400,137.74252319335938
2023-09-22,147.2899932861328,147.50999450683594,145.19000244140625,145.72999572753906,7071700,136.42254638671875
2023-09-25,145.35000610351562,146.52000427246094,143.6999969482422,146.4499969482422,7044700,137.09657287597656
2023-09-26,144.60000610351562,145.83999633789062,144.22999572753906,144.92999267578125,7468400,135.6736297607422
2023-09-27,145.19000244140625,146.08999633789062,144.50999450683594,145.77999877929688,6717800,136.46934509277344
2023-09-28,146.27999877929688,148.8699951171875,146.00999450683594,147.58999633789062,8868100,138.16375732421875
2023-09-29,148.60000610351562,148.75999450683594,144.86000061035156,145.02000427246094,11917800,135.7578887939453
2023-10-02,144.8300018310547,145.6199951171875,142.6300048828125,143.77000427246094,9170600,134.58775329589844
2023-10-03,143.1999969482422,143.58999633789062,142.35000610351562,142.7100067138672,9431100,133.59544372558594
2023-10-04,143.19000244140625,143.47000122070312,141.92999267578125,143.35000610351562,8128700,134.19454956054688
2023-10-05,142.0399932861328,143.10000610351562,140.8300018310547,142.89999389648438,8576200,134.7603759765625
2023-10-06,142.91000366210938,145.8800048828125,142.13999938964844,145.10000610351562,10270600,136.8350830078125
2023-10-09,143.66000366210938,145.39999389648438,143.5,144.77000427246094,6964900,136.5238800048828
2023-10-10,145.4199981689453,146.77000427246094,145.27999877929688,145.64999389648438,11288800,137.35372924804688
2023-10-11,146.50999450683594,147.22999572753906,145.02000427246094,146.14999389648438,8698200,137.82525634765625
2023-10-12,146.3000030517578,146.9600067138672,145.1300048828125,145.80999755859375,10484400,137.504638671875
2023-10-13,148.5,153.11000061035156,147.83999633789062,148.0,29427000,139.56988525390625
2023-10-16,149.4499969482422,149.52000427246094,146.72000122070312,147.85000610351562,12663500,139.42843627929688
2023-10-17,147.57000732421875,149.30999755859375,146.7899932861328,147.52999877929688,11482700,139.1266632080078
2023-10-18,146.58999633789062,147.47999572753906,145.3699951171875,145.91000366210938,9620300,137.5989227294922
2023-10-19,145.47999572753906,147.02000427246094,144.8800048828125,145.2899932861328,11143600,137.01425170898438
2023-10-20,144.57000732421875,145.13999938964844,142.1199951171875,142.9499969482422,13332900,134.80752563476562
2023-10-23,142.94000244140625,143.67999267578125,140.72999572753906,141.0,10133400,132.9686279296875
2023-10-24,141.19000244140625,141.72999572753906,140.36000061035156,141.1699981689453,8881400,133.12893676757812
2023-10-25,140.57000732421875,141.17999267578125,139.50999450683594,140.39999389648438,8242600,132.4027862548828
2023-10-26,139.75999450683594,141.6699981689453,139.42999267578125,140.75999450683594,9109400,132.7422637939453
2023-10-27,138.9499969482422,139.10000610351562,135.19000244140625,135.69000244140625,17434700,127.96107482910156
2023-10-30,136.44000244140625,138.0399932861328,136.0399932861328,137.4199981689453,9855500,129.59251403808594
2023-10-31,137.7100067138672,139.24000549316406,137.47000122070312,139.05999755859375,9672500,131.13909912109375
2023-11-01,139.25,140.52999877929688,138.47000122070312,138.94000244140625,9432000,131.02593994140625
2023-11-02,140.08999633789062,141.47999572753906,139.22999572753906,141.4199981689453,10186200,133.3646697998047
2023-11-03,142.19000244140625,143.77000427246094,141.85000610351562,143.0,9538700,134.85470581054688
2023-11-06,143.1699981689453,144.19000244140625,142.7899932861328,144.0800018310547,7625100,135.87318420410156
2023-11-07,143.50999450683594,144.25999450683594,142.82000732421875,144.00999450683594,6297900,135.80712890625
2023-11-08,144.11000061035156,144.83999633789062,143.6199951171875,144.72000122070312,7618200,136.47671508789062
2023-11-09,145.44000244140625,145.64999389648438,143.6999969482422,144.2899932861328,7992500,136.07119750976562
2023-11-10,144.94000244140625,146.47999572753906,144.0800018310547,146.42999267578125,7983300,138.0893096923828
2023-11-13,145.6999969482422,146.25,145.16000366210938,145.77999877929688,6676300,137.476318359375
2023-11-14,146.67999267578125,149.25,146.52000427246094,148.44000244140625,9927700,139.98483276367188
2023-11-15,148.4600067138672,150.16000366210938,148.4600067138672,149.74000549316406,8365300,141.21080017089844
2023-11-16,150.08999633789062,151.52999877929688,150.08999633789062,151.4499969482422,8126200,142.8233642578125
2023-11-17,152.1999969482422,152.86000061035156,151.5399932861328,152.82000732421875,7812400,144.11532592773438
2023-11-20,152.0800018310547,153.75,151.9199981689453,153.2899932861328,7019000,144.55856323242188
2023-11-21,153.1999969482422,153.6300048828125,152.57000732421875,152.97000122070312,7083500,144.25680541992188
2023-11-22,153.41000366210938,153.8800048828125,152.89999389648438,153.3300018310547,5174500,144.59629821777344
2023-11-24,153.58999633789062,154.44000244140625,153.27999877929688,153.5399932861328,3496900,144.7943115234375
2023-11-27,153.42999267578125,153.52999877929688,152.7100067138672,153.19000244140625,6259100,144.46426391601562
2023-11-28,153.22000122070312,153.8699951171875,152.72000122070312,153.5399932861328,6582700,144.7943115234375
2023-11-29,154.1699981689453,155.6300048828125,154.0,154.32000732421875,9126100,145.52989196777344
2023-11-30,154.91000366210938,156.1300048828125,154.3800048828125,156.0800018310547,9869800,147.1896514892578
2023-12-01,155.82000732421875,157.86000061035156,155.82000732421875,156.83999633789062,8916000,147.9063720703125
2023-12-04,156.02000427246094,158.0500030517578,155.8800048828125,157.99000549316406,9607500,148.9908447265625
2023-12-05,157.25999450683594,158.5,156.97000122070312,157.97000122070312,9135600,148.97201538085938
2023-12-06,158.83999633789062,159.22000122070312,156.0,156.30999755859375,9366000,147.40655517578125
2023-12-07,156.69000244140625,157.30999755859375,156.14999389648438,156.7899932861328,8130900,147.8592071533203
2023-12-08,157.25999450683594,158.77999877929688,156.97999572753906,158.52000427246094,7369400,149.4906768798828
2023-12-11,158.52000427246094,159.3000030517578,158.14999389648438,159.10000610351562,8093900,150.0376434326172
2023-12-12,159.22999572753906,160.64999389648438,158.8800048828125,160.52000427246094,10223000,151.3767547607422
2023-12-13,160.52000427246094,162.02999877929688,159.77000427246094,161.05999755859375,12379100,151.885986328125
2023-12-14,161.8300018310547,164.83999633789062,161.7100067138672,163.99000549316406,13643000,154.64910888671875
2023-12-15,163.0800018310547,165.27999877929688,162.38999938964844,165.22999572753906,20309300,155.81849670410156
2023-12-18,165.9199981689453,167.1300048828125,165.6300048828125,166.22999572753906,8469600,156.76148986816406
2023-12-19,166.0,168.47000122070312,165.5500030517578,168.4499969482422,10345700,158.85504150390625
2023-12-20,167.99000549316406,169.41000366210938,166.4499969482422,166.5500030517578,10734700,157.06326293945312
2023-12-21,166.83999633789062,168.08999633789062,165.67999267578125,167.5,7601700,157.95916748046875
2023-12-22,167.5,168.22999572753906,167.22999572753906,167.39999389648438,6576300,157.8648681640625
2023-12-26,167.4600067138672,168.77000427246094,167.17999267578125,168.38999938964844,4683600,158.79847717285156
2023-12-27,167.83999633789062,169.47000122070312,167.5800018310547,169.39999389648438,6428600,159.75091552734375
2023-12-28,169.35000610351562,170.66000366210938,169.0,170.3000030517578,6320100,160.5996856689453
2023-12-29,170.0,170.69000244140625,169.6300048828125,170.10000610351562,6435100,160.4110870361328
2024-01-02,169.08999633789062,172.1699981689453,168.91000366210938,172.0800018310547,9977400,162.27830505371094
2024-01-03,171.86000061035156,172.0399932861328,170.3699951171875,171.3300018310547,9852300,161.57101440429688
2024-01-04,170.63999938964844,173.35000610351562,170.5399932861328,171.41000366210938,11972500,162.6432342529297
2024-01-05,171.47000122070312,173.3800048828125,171.47000122070312,172.27000427246094,10066000,163.45924377441406
2024-01-08,172.02000427246094,172.36000061035156,169.49000549316406,172.02000427246094,11229900,163.2220458984375
2024-01-09,171.6199951171875,171.7899932861328,170.10000610351562,170.66000366210938,9923600,161.93157958984375
2024-01-10,170.0,171.0800018310547,168.9499969482422,171.02000427246094,9670200,162.273193359375
2024-01-11,170.3300018310547,170.36000061035156,168.63999938964844,170.3000030517578,11919500,161.58999633789062
2024-01-12,173.8000030517578,176.30999755859375,168.89999389648438,169.0500030517578,19436500,160.40391540527344
2024-01-16,164.8699951171875,168.08999633789062,164.3000030517578,167.99000549316406,17206400,159.39810180664062
2024-01-17,167.33999633789062,169.07000732421875,166.49000549316406,167.08999633789062,11107500,158.5441436767578
2024-01-18,167.1199951171875,167.52999877929688,165.24000549316406,167.4199981689453,9382300,158.85726928710938
2024-01-19,167.5500030517578,170.57000732421875,167.0800018310547,170.30999755859375,13115700,161.59945678710938
2024-01-22,170.4600067138672,171.97999572753906,169.7100067138672,170.11000061035156,12837500,161.40968322753906
2024-01-23,169.6699981689453,169.75,168.44000244140625,168.99000549316406,8360800,160.34698486328125
2024-01-24,169.36000061035156,171.00999450683594,168.86000061035156,170.5,9967100,161.77975463867188
2024-01-25,172.30999755859375,172.99000549316406,170.91000366210938,172.94000244140625,8873500,164.09495544433594
2024-01-26,172.61000061035156,173.05999755859375,171.77999877929688,172.27999877929688,7443000,163.46871948242188
2024-01-29,172.24000549316406,172.83999633789062,171.3000030517578,172.72999572753906,6971200,163.89569091796875
2024-01-30,172.8300018310547,176.75999450683594,172.8300018310547,176.27000427246094,10822100,167.25465393066406
2024-01-31,176.1999969482422,178.3000030517578,174.33999633789062,174.36000061035156,11521800,165.44235229492188
2024-02-01,173.63999938964844,174.83999633789062,171.42999267578125,173.72999572753906,9354800,164.84454345703125
2024-02-02,173.3000030517578,175.82000732421875,173.25999450683594,174.72999572753906,8607600,165.79339599609375
2024-02-05,173.86000061035156,175.08999633789062,172.9199981689453,174.5,7820200,165.57516479492188
2024-02-06,174.61000061035156,175.8699951171875,173.75999450683594,175.10000610351562,6764800,166.14450073242188
2024-02-07,175.69000244140625,175.8699951171875,173.9600067138672,175.42999267578125,7225500,166.45762634277344
2024-02-08,175.0,175.30999755859375,173.57000732421875,174.8000030517578,6060300,165.85984802246094
2024-02-09,175.0,175.10000610351562,173.6699981689453,175.00999450683594,6296700,166.05906677246094
2024-02-12,174.77999877929688,176.80999755859375,173.6999969482422,175.7899932861328,8539300,166.7991943359375
2024-02-13,175.32000732421875,176.22999572753906,172.6199951171875,174.25999450683594,8397600,165.3474578857422
2024-02-14,175.07000732421875,176.10000610351562,174.4199981689453,176.02999877929688,7056700,167.02691650390625
2024-02-15,176.14999389648438,180.2100067138672,176.14999389648438,179.8699951171875,8723400,170.6705322265625
2024-02-16,179.61000061035156,179.97999572753906,178.16000366210938,179.02999877929688,8152600,169.87347412109375
2024-02-20,179.19000244140625,180.4600067138672,178.41000366210938,179.72999572753906,9668000,170.5376739501953
2024-02-21,179.9499969482422,180.99000549316406,178.52000427246094,180.89999389648438,7024000,171.64785766601562
2024-02-22,181.82000732421875,183.4199981689453,181.24000549316406,183.07000732421875,9296500,173.7068634033203
2024-02-23,183.80999755859375,185.1999969482422,183.19000244140625,183.99000549316406,7105800,174.5797882080078
2024-02-26,183.75,184.4600067138672,182.47999572753906,183.36000061035156,7145400,173.98202514648438
2024-02-27,183.30999755859375,183.5399932861328,182.24000549316406,183.4499969482422,5717100,174.0674285888672
2024-02-28,183.42999267578125,185.1999969482422,182.9600067138672,184.3800048828125,6131600,174.9498748779297
2024-02-29,185.66000366210938,186.42999267578125,183.85000610351562,186.05999755859375,9643000,176.54393005371094
2024-03-01,185.6999969482422,186.44000244140625,185.10000610351562,185.2899932861328,6311800,175.8133087158203
2024-03-04,184.7100067138672,187.58999633789062,184.27000427246094,186.67999267578125,7063600,177.13221740722656
2024-03-05,186.36000061035156,189.3000030517578,186.36000061035156,188.5500030517578,6617800,178.90658569335938
2024-03-06,189.25,190.07000732421875,187.6300048828125,189.52999877929688,7572900,179.8364715576172
2024-03-07,189.91000366210938,190.5,186.6300048828125,187.8699951171875,7618300,178.26136779785156
2024-03-08,188.44000244140625,190.4600067138672,187.9199981689453,188.22000122070312,6172200,178.59347534179688
2024-03-11,187.27999877929688,188.44000244140625,186.22000122070312,188.2899932861328,5762600,178.6598663330078
2024-03-12,188.9499969482422,190.16000366210938,187.91000366210938,189.83999633789062,5708400,180.13059997558594
2024-03-13,190.36000061035156,191.72999572753906,189.83999633789062,191.3800048828125,7795500,181.59185791015625
2024-03-14,191.02999877929688,191.6300048828125,187.10000610351562,187.97000122070312,10310900,178.3562469482422
2024-03-15,186.47999572753906,190.94000244140625,186.47999572753906,190.3000030517578,17214200,180.5670928955078
2024-03-18,190.6300048828125,192.6999969482422,189.88999938964844,192.66000366210938,9013800,182.806396484375
2024-03-19,192.7100067138672,193.92999267578125,192.3800048828125,193.7899932861328,8478700,183.87857055664062
2024-03-20,194.19000244140625,196.55999755859375,193.61000061035156,196.3300018310547,9367000,186.28866577148438
2024-03-21,196.52000427246094,199.42999267578125,196.3300018310547,199.05999755859375,11203800,188.8790283203125
2024-03-22,199.00999450683594,200.47999572753906,196.5399932861328,196.6199951171875,8108800,186.56385803222656
2024-03-25,196.60000610351562,196.94000244140625,194.36000061035156,194.82000732421875,8620000,184.85592651367188
2024-03-26,194.58999633789062,196.66000366210938,194.05999755859375,195.72999572753906,5961500,185.71937561035156
2024-03-27,196.5,199.60000610351562,196.3800048828125,199.52000427246094,8725800,189.31552124023438
2024-03-28,199.49000549316406,200.72000122070312,198.5399932861328,200.3000030517578,8628300,190.05564880371094
2024-04-01,199.99000549316406,200.94000244140625,198.57000732421875,198.94000244140625,7309000,188.7651824951172
2024-04-02,198.38999938964844,199.77999877929688,198.0800018310547,198.86000061035156,7014700,188.6892852783203
2024-04-03,199.0399932861328,199.55999755859375,197.6999969482422,198.3000030517578,9353400,188.1579132080078
2024-04-04,199.14999389648438,199.67999267578125,195.5500030517578,195.64999389648438,9243800,186.7263641357422
2024-04-05,196.16000366210938,198.1199951171875,195.11000061035156,197.4499969482422,6532300,188.44424438476562
2024-04-08,197.6199951171875,198.97999572753906,197.6199951171875,198.47999572753906,8001000,189.42724609375
2024-04-09,198.07000732421875,198.8800048828125,194.91000366210938,197.14999389648438,7351500,188.15789794921875
2024-04-10,195.5500030517578,197.07000732421875,194.17999267578125,195.47000122070312,7681400,186.5545654296875
2024-04-11,196.0,196.57000732421875,193.24000549316406,195.42999267578125,10137700,186.51634216308594
2024-04-12,188.32000732421875,188.92999267578125,182.5399932861328,182.7899932861328,31532300,174.45286560058594
2024-04-15,184.5,187.4600067138672,182.1999969482422,182.88999938964844,14766600,174.54833984375
2024-04-16,182.89999389648438,183.16000366210938,179.64999389648438,180.8000030517578,16451800,172.5536651611328
2024-04-17,181.3699951171875,182.4199981689453,179.1999969482422,180.0800018310547,9017100,171.8665008544922
2024-04-18,181.10000610351562,183.36000061035156,179.97000122070312,181.25,9557700,172.98313903808594
2024-04-19,182.39999389648438,185.8800048828125,181.41000366210938,185.8000030517578,13402300,177.32559204101562
2024-04-22,185.99000549316406,190.1300048828125,185.97999572753906,189.41000366210938,11529700,180.7709197998047
2024-04-23,191.1300048828125,192.22999572753906,190.52000427246094,192.13999938964844,9144400,183.3764190673828
2024-04-24,190.52999877929688,193.22999572753906,190.1699981689453,193.0800018310547,6964900,184.27354431152344
2024-04-25,192.25,193.94000244140625,191.17999267578125,193.3699951171875,9802300,184.55032348632812
2024-04-26,193.57000732421875,194.8699951171875,193.05999755859375,193.49000549316406,6413700,184.6648712158203
2024-04-29,193.47999572753906,194.25999450683594,192.42999267578125,193.27999877929688,5387800,184.46444702148438
2024-04-30,192.80999755859375,194.99000549316406,191.63999938964844,191.74000549316406,8153700,182.9946746826172
2024-05-01,192.27000427246094,194.4600067138672,190.7899932861328,191.86000061035156,7445300,183.1092071533203
2024-05-02,193.07000732421875,193.5,189.52000427246094,191.66000366210938,6501700,182.91831970214844
2024-05-03,192.0,192.52999877929688,188.4600067138672,190.50999450683594,8922800,181.82077026367188
2024-05-06,191.72999572753906,192.1999969482422,189.82000732421875,192.0,7911100,183.24282836914062
2024-05-07,191.6999969482422,192.92999267578125,191.64999389648438,191.75,7688800,183.00421142578125
2024-05-08,191.0,196.64999389648438,191.0,195.64999389648438,9227600,186.7263641357422
2024-05-09,195.1699981689453,197.58999633789062,195.10000610351562,197.5,7977300,188.49195861816406
2024-05-10,198.5399932861328,199.33999633789062,198.27000427246094,198.77000427246094,7529800,189.70404052734375
2024-05-13,198.8000030517578,199.85000610351562,198.0399932861328,198.72999572753906,7049200,189.66586303710938
2024-05-14,199.0,201.5800018310547,198.16000366210938,201.50999450683594,8596200,192.3190460205078
2024-05-15,202.00999450683594,202.69000244140625,199.77000427246094,202.11000061035156,8370000,192.8917236328125
2024-05-16,202.22000122070312,204.47999572753906,201.99000549316406,202.47000122070312,8497900,193.23529052734375
2024-05-17,203.80999755859375,205.0500030517578,202.80999755859375,204.7899932861328,9260500,195.44944763183594
2024-05-20,204.38999938964844,205.8800048828125,195.39999389648438,195.5800018310547,17373300,186.65951538085938
2024-05-21,197.0,199.89999389648438,196.60000610351562,199.52000427246094,14420800,190.41981506347656
2024-05-22,199.0,200.94000244140625,197.69000244140625,198.30999755859375,9425300,189.2650146484375
2024-05-23,197.80999755859375,198.3000030517578,196.07000732421875,196.9199981689453,8069400,187.93841552734375
2024-05-24,197.75,200.75999450683594,197.55999755859375,200.7100067138672,7356200,191.55552673339844
2024-05-28,199.86000061035156,200.41000366210938,198.66000366210938,199.5,6910200,190.40072631835938
2024-05-29,198.0,198.99000549316406,196.88999938964844,198.11000061035156,6120000,189.0741424560547
2024-05-30,198.55999755859375,199.85000610351562,198.39999389648438,199.3300018310547,6829100,190.2384796142578
2024-05-31,199.3000030517578,203.3000030517578,198.35000610351562,202.6300048828125,14417900,193.3879852294922
2024-06-03,202.30999755859375,202.4199981689453,199.19000244140625,201.82000732421875,6444300,192.61492919921875
2024-06-04,200.16000366210938,201.97999572753906,198.27999877929688,199.16000366210938,6848300,190.07623291015625
2024-06-05,199.75999450683594,199.82000732421875,196.9199981689453,197.25999450683594,8351600,188.2628936767578
2024-06-06,197.25999450683594,198.02000427246094,195.3300018310547,196.91000366210938,7640300,187.92889404296875
2024-06-07,197.42999267578125,200.9199981689453,197.00999450683594,199.9499969482422,6964500,190.83021545410156
2024-06-10,199.24000549316406,200.83999633789062,198.44000244140625,199.61000061035156,6070800,190.5057373046875
2024-06-11,197.91000366210938,197.94000244140625,193.60000610351562,194.36000061035156,9235300,185.4951934814453
2024-06-12,196.0,196.72000122070312,191.30999755859375,191.52999877929688,12751300,182.7942657470703
2024-06-13,192.32000732421875,194.5800018310547,190.8800048828125,193.66000366210938,8587800,184.82713317871094
2024-06-14,191.4499969482422,194.86000061035156,191.4199981689453,193.77999877929688,6874000,184.94161987304688
2024-06-17,193.47999572753906,195.5800018310547,192.63999938964844,194.97999572753906,8725400,186.08688354492188
2024-06-18,194.60000610351562,197.9600067138672,194.1300048828125,197.0,9023000,188.01478576660156
2024-06-20,196.38999938964844,199.4499969482422,196.11000061035156,198.6699981689453,8731100,189.6085968017578
2024-06-21,196.7100067138672,197.1699981689453,194.22000122070312,196.3000030517578,20972100,187.3466796875
2024-06-24,197.80999755859375,199.22999572753906,197.10000610351562,198.8800048828125,9785900,189.8090057373047
2024-06-25,198.08999633789062,200.07000732421875,197.74000549316406,198.07000732421875,6862500,189.0359649658203
2024-06-26,197.4499969482422,197.94000244140625,196.27999877929688,197.42999267578125,7758600,188.42515563964844
2024-06-27,197.44000244140625,199.86000061035156,196.89999389648438,199.1699981689453,7913500,190.08578491210938
2024-06-28,200.00999450683594,202.60000610351562,199.3000030517578,202.25999450683594,15307600,193.03482055664062
2024-07-01,202.83999633789062,207.08999633789062,202.66000366210938,205.4499969482422,10205800,196.079345703125
2024-07-02,205.2899932861328,208.86000061035156,204.77000427246094,208.8300018310547,7802900,199.3052215576172
2024-07-03,209.5500030517578,210.3800048828125,207.64999389648438,208.69000244140625,5560900,199.1715850830078
2024-07-05,206.99000549316406,207.3699951171875,204.52000427246094,204.7899932861328,8093100,196.53245544433594
2024-07-08,205.0399932861328,206.89999389648438,203.97000122070312,205.1699981689453,8707000,196.8971405029297
2024-07-09,205.6300048828125,209.75999450683594,205.4499969482422,207.6300048828125,9058900,199.2579803466797
2024-07-10,206.13999938964844,207.97000122070312,205.5800018310547,207.8000030517578,8328500,199.4210968017578
2024-07-11,206.2100067138672,208.10000610351562,205.3800048828125,207.4499969482422,10658100,199.085205078125
2024-07-12,204.0,207.4499969482422,202.10000610351562,204.94000244140625,15443400,196.67640686035156
2024-07-15,207.19000244140625,211.61000061035156,206.72000122070312,210.0500030517578,10719700,201.58035278320312
2024-07-16,210.0,213.74000549316406,208.0800018310547,213.6199951171875,11557000,205.00643920898438
2024-07-17,213.8000030517578,217.55999755859375,213.27000427246094,216.8699951171875,11572500,208.1253662109375
2024-07-18,215.6300048828125,216.63999938964844,209.24000549316406,209.97999572753906,12415100,201.51319885253906
2024-07-19,211.1999969482422,212.35000610351562,208.9199981689453,209.77999877929688,8095900,201.32125854492188
2024-07-22,210.4600067138672,212.1699981689453,209.7100067138672,210.27999877929688,7663200,201.80108642578125
2024-07-23,211.02000427246094,211.47999572753906,209.35000610351562,210.3300018310547,5557300,201.8490753173828
2024-07-24,209.5500030517578,212.02999877929688,208.07000732421875,208.58999633789062,7119000,200.17926025390625
2024-07-25,208.64999389648438,210.19000244140625,208.0500030517578,208.6699981689453,6403800,200.25601196289062
2024-07-26,209.24000549316406,213.16000366210938,208.6199951171875,212.24000549316406,8027800,203.68206787109375
2024-07-29,212.64999389648438,213.61000061035156,210.5500030517578,210.85000610351562,6533600,202.34812927246094
2024-07-30,213.22999572753906,215.7899932861328,212.9600067138672,215.19000244140625,8850700,206.5131378173828
2024-07-31,214.77999877929688,216.38999938964844,212.6699981689453,212.8000030517578,9071600,204.219482421875
2024-08-01,213.1999969482422,213.8300018310547,206.3800048828125,207.9600067138672,10918600,199.5746612548828
2024-08-02,203.8800048828125,204.6699981689453,196.88999938964844,199.13999938964844,18041700,191.1102752685547
2024-08-05,194.0500030517578,196.1699981689453,190.89999389648438,194.89999389648438,13927000,187.04122924804688
2024-08-06,195.39999389648438,202.60000610351562,194.0,200.33999633789062,10605800,192.2618865966797
2024-08-07,203.50999450683594,205.75,200.1999969482422,200.39999389648438,9204400,192.3194580078125
2024-08-08,202.47000122070312,204.91000366210938,201.7899932861328,204.05999755859375,7761200,195.83189392089844
2024-08-09,203.47000122070312,206.47000122070312,202.89999389648438,205.8000030517578,5540200,197.5017547607422
2024-08-12,206.41000366210938,207.13999938964844,203.66000366210938,206.19000244140625,6936000,197.8760223388672
2024-08-13,207.72999572753906,208.08999633789062,205.39999389648438,207.94000244140625,6387800,199.55545043945312
2024-08-14,207.74000549316406,210.75999450683594,207.1199951171875,210.24000549316406,6999800,201.76272583007812
2024-08-15,213.0,213.88999938964844,211.10000610351562,211.5500030517578,7001000,203.01991271972656
2024-08-16,211.69000244140625,214.08999633789062,211.58999633789062,213.97000122070312,7931200,205.3423309326172
2024-08-19,214.0,215.52999877929688,213.82000732421875,215.4499969482422,6090800,206.76263427734375
2024-08-20,215.0,216.0,213.67999267578125,214.52000427246094,5640000,205.87014770507812
2024-08-21,214.42999267578125,215.0,212.83999633789062,214.60000610351562,5202300,205.94692993164062
2024-08-22,214.5800018310547,216.8000030517578,214.33999633789062,216.6300048828125,5247100,207.8950653076172
2024-08-23,217.60000610351562,219.19000244140625,216.5,218.30999755859375,7214000,209.50730895996094
2024-08-26,219.00999450683594,219.67999267578125,218.0500030517578,219.1699981689453,5105200,210.3326416015625
2024-08-27,219.50999450683594,220.4199981689453,219.19000244140625,220.17999267578125,5185200,211.30189514160156
2024-08-28,219.25,222.2100067138672,219.19000244140625,221.2899932861328,6506400,212.36717224121094
2024-08-29,222.14999389648438,222.97999572753906,218.94000244140625,222.2100067138672,6416100,213.25006103515625
2024-08-30,222.5,225.47999572753906,221.92999267578125,224.8000030517578,8574100,215.73562622070312
2024-09-03,222.3000030517578,224.10000610351562,219.24000549316406,220.3000030517578,8956100,211.41709899902344
2024-09-04,221.0399932861328,222.07000732421875,217.2100067138672,219.3300018310547,7389500,210.4862060546875
2024-09-05,220.14999389648438,220.8000030517578,216.02999877929688,217.6300048828125,8067900,208.854736328125
2024-09-06,217.60000610351562,218.74000549316406,211.08999633789062,212.4600067138672,7777000,203.89320373535156
2024-09-09,215.19000244140625,218.14999389648438,214.17999267578125,216.80999755859375,8935100,208.0677947998047
2024-09-10,218.60000610351562,218.63999938964844,200.61000061035156,205.55999755859375,28406900,197.2714385986328
2024-09-11,205.25,207.6999969482422,201.8300018310547,207.22999572753906,13658700,198.87408447265625
2024-09-12,207.64999389648438,208.77999877929688,204.88999938964844,206.60000610351562,9054400,198.2694854736328
2024-09-13,206.86000061035156,207.85000610351562,203.02000427246094,204.32000732421875,10226700,196.08143615722656
2024-09-16,205.8300018310547,208.2100067138672,205.58999633789062,207.86000061035156,8634900,199.4786834716797
2024-09-17,207.72999572753906,209.92999267578125,207.66000366210938,209.25,7573300,200.81263732910156
2024-09-18,209.00999450683594,211.33999633789062,206.6999969482422,207.52999877929688,8259900,199.16197204589844
2024-09-19,209.77999877929688,211.91000366210938,207.33999633789062,210.47999572753906,11635200,201.99301147460938
2024-09-20,209.92999267578125,211.4199981689453,209.5,211.08999633789062,20885000,202.5784454345703
2024-09-23,211.0,211.8000030517578,209.99000549316406,211.44000244140625,7223500,202.91432189941406
2024-09-24,211.14999389648438,212.9499969482422,210.3699951171875,211.58999633789062,7323200,203.05828857421875
2024-09-25,211.67999267578125,212.24000549316406,208.61000061035156,210.19000244140625,8976500,201.71475219726562
2024-09-26,211.1300048828125,211.6999969482422,209.00999450683594,209.77999877929688,7807500,201.32125854492188
2024-09-27,210.64999389648438,212.44000244140625,209.3300018310547,210.5,7032500,202.01223754882812
2024-09-30,206.30999755859375,210.9600067138672,205.25999450683594,210.86000061035156,8663800,202.35772705078125
2024-10-01,208.89999389648438,209.08999633789062,206.19000244140625,207.0399932861328,8540100,198.69174194335938
2024-10-02,207.0800018310547,208.9499969482422,205.69000244140625,207.2899932861328,5810900,198.93165588378906
2024-10-03,206.1699981689453,206.49000549316406,204.33999633789062,205.22999572753906,7251300,196.95472717285156
2024-10-04,209.3000030517578,211.6699981689453,206.91000366210938,211.22000122070312,10211700,203.94537353515625
2024-10-07,211.02999877929688,213.3300018310547,209.69000244140625,210.92999267578125,6718900,203.6653594970703
2024-10-08,210.5800018310547,211.3300018310547,208.3800048828125,210.75,6021800,203.49154663085938
2024-10-09,209.6999969482422,214.24000549316406,209.3800048828125,213.4199981689453,7024000,206.06961059570312
2024-10-10,214.80999755859375,214.80999755859375,211.47000122070312,212.83999633789062,7927100,205.50958251953125
2024-10-11,215.6699981689453,224.6300048828125,215.16000366210938,222.2899932861328,18320700,214.63409423828125
2024-10-14,223.1999969482422,223.6999969482422,218.8800048828125,221.47999572753906,9048900,213.8520050048828
2024-10-15,223.66000366210938,225.4499969482422,221.82000732421875,222.38999938964844,9235800,214.7306671142578
2024-10-16,222.3300018310547,223.67999267578125,221.0399932861328,223.63999938964844,6382500,215.9376220703125
2024-10-17,224.27000427246094,225.85000610351562,223.30999755859375,224.4199981689453,6470200,216.69076538085938
2024-10-18,225.0,225.9199981689453,223.10000610351562,225.3699951171875,7000500,217.6080322265625
2024-10-21,225.22000122070312,225.6999969482422,222.89999389648438,223.0,5870000,215.31964111328125
2024-10-22,223.02000427246094,225.27999877929688,221.10000610351562,224.1199951171875,9586800,216.40106201171875
2024-10-23,223.66000366210938,224.8000030517578,222.52999877929688,223.41000366210938,6180500,215.7155303955078
2024-10-24,221.8300018310547,225.05999755859375,221.66000366210938,224.97999572753906,6002200,217.2314453125
2024-10-25,225.0,225.6199951171875,220.8800048828125,222.30999755859375,6369700,214.65342712402344
2024-10-28,223.35000610351562,225.63999938964844,222.9499969482422,225.5,6843000,217.73355102539062
2024-10-29,225.2100067138672,226.75,222.80999755859375,222.89999389648438,6580000,215.2230987548828
2024-10-30,222.5399932861328,226.30999755859375,221.5800018310547,224.41000366210938,7110900,216.68112182617188
2024-10-31,224.6999969482422,225.69000244140625,221.82000732421875,221.9199981689453,7829900,214.27685546875
2024-11-01,223.55999755859375,226.14999389648438,222.6999969482422,222.94000244140625,6923500,215.26171875
2024-11-04,222.64999389648438,223.75999450683594,219.1699981689453,219.77999877929688,8229600,212.21054077148438
2024-11-05,220.02999877929688,221.9600067138672,220.0,221.49000549316406,5600700,213.86167907714844
2024-11-06,235.0,248.0,234.77000427246094,247.05999755859375,23987800,238.55101013183594
2024-11-07,244.5,244.57000732421875,235.22000122070312,236.3800048828125,16451100,228.23883056640625
2024-11-08,239.33999633789062,239.33999633789062,235.77999877929688,236.97999572753906,9502100,228.8181915283203
2024-11-11,240.0,242.10000610351562,239.0,239.2899932861328,9017100,231.0486297607422
2024-11-12,240.5500030517578,241.4600067138672,238.75999450683594,239.55999755859375,6861000,231.30931091308594
2024-11-13,240.5800018310547,244.08999633789062,240.30999755859375,241.16000366210938,11472600,232.85421752929688
2024-11-14,242.4199981689453,244.2899932861328,241.0500030517578,241.8699951171875,10172200,233.5397491455078
2024-11-15,241.4600067138672,246.4199981689453,241.4600067138672,245.30999755859375,11518800,236.86126708984375
2024-11-18,247.75999450683594,247.92999267578125,242.67999267578125,245.02999877929688,9051400,236.59091186523438
2024-11-19,242.25,245.14999389648438,241.5500030517578,243.08999633789062,6792700,234.71771240234375
2024-11-20,244.39999389648438,244.61000061035156,238.63999938964844,240.77999877929688,9015300,232.48727416992188
2024-11-21,243.22999572753906,245.49000549316406,242.11000061035156,244.75999450683594,8783500,236.33021545410156
2024-11-22,243.61000061035156,249.14999389648438,243.02999877929688,248.5500030517578,7997300,239.98968505859375
2024-11-25,249.58999633789062,254.30999755859375,249.05999755859375,250.2899932861328,10295400,241.6697540283203
2024-11-26,250.49000549316406,251.0,248.33999633789062,249.97000122070312,6212100,241.3607635498047
2024-11-27,249.35000610351562,251.19000244140625,248.77000427246094,249.7899932861328,5472300,241.18695068359375
2024-11-29,249.86000061035156,251.77000427246094,249.4499969482422,249.72000122070312,5494800,241.11940002441406
2024-12-02,249.5500030517578,250.25,245.02999877929688,246.25,8899700,237.76889038085938
2024-12-03,248.22999572753906,249.0399932861328,244.6300048828125,244.82000732421875,6657700,236.38815307617188
2024-12-04,244.6999969482422,245.35000610351562,242.22999572753906,243.39999389648438,7346300,235.0170440673828
2024-12-05,245.38999938964844,247.17999267578125,244.6199951171875,245.47999572753906,6572500,237.025390625
2024-12-06,245.6999969482422,247.74000549316406,244.83999633789062,247.36000061035156,5519700,238.84066772460938
2024-12-09,247.1300048828125,247.8699951171875,243.75999450683594,243.80999755859375,7076500,235.4129180908203
2024-12-10,243.88999938964844,247.9600067138672,242.22000122070312,242.86000061035156,9108300,234.49566650390625
2024-12-11,244.0,244.27000427246094,242.17999267578125,243.52999877929688,7884400,235.14259338378906
2024-12-12,243.0,244.10000610351562,241.0399932861328,241.52999877929688,6113800,233.21145629882812
2024-12-13,242.07000732421875,242.72000122070312,239.13999938964844,239.94000244140625,10392700,231.67623901367188
2024-12-16,240.61000061035156,240.6699981689453,237.52000427246094,239.5800018310547,9032000,231.32861328125
2024-12-17,238.64999389648438,239.02000427246094,236.6300048828125,238.36000061035156,8083600,230.15066528320312
2024-12-18,239.0,239.07000732421875,229.52999877929688,230.3699951171875,11322400,222.43580627441406
2024-12-19,232.27000427246094,236.36000061035156,232.27000427246094,232.9600067138672,11790800,224.93661499023438
2024-12-20,231.9199981689453,239.2100067138672,231.58999633789062,237.60000610351562,32348400,229.41683959960938
2024-12-23,236.07000732421875,238.6199951171875,234.8800048828125,238.38999938964844,8611500,230.17962646484375
2024-12-24,239.42999267578125,242.49000549316406,239.07000732421875,242.30999755859375,3729100,233.964599609375
2024-12-26,241.42999267578125,243.25999450683594,240.7899932861328,243.13999938964844,4451800,234.76600646972656
2024-12-27,242.72000122070312,243.38999938964844,240.0399932861328,241.1699981689453,5730200,232.86387634277344
2024-12-30,238.77000427246094,240.83999633789062,237.11000061035156,239.32000732421875,5723800,231.0775909423828
2024-12-31,240.0500030517578,241.44000244140625,239.02999877929688,239.7100067138672,4871000,231.45413208007812
2025-01-02,240.9199981689453,243.27999877929688,239.4499969482422,240.0,9220900,231.73416137695312
2025-01-03,243.88999938964844,244.8800048828125,240.25999450683594,243.27999877929688,9491100,234.90118408203125
2025-01-06,243.6999969482422,245.69000244140625,240.5800018310547,240.85000610351562,9917800,233.75595092773438
2025-01-07,242.13999938964844,245.25999450683594,240.89999389648438,243.1699981689453,8753400,236.0076141357422
2025-01-08,242.75,244.25,240.5,243.1300048828125,8675300,235.96878051757812
2025-01-10,243.08999633789062,243.80999755859375,238.74000549316406,239.8699951171875,10256800,232.80479431152344
2025-01-13,239.6699981689453,244.5399932861328,239.0,244.2100067138672,10005300,237.01698303222656
2025-01-14,242.66000366210938,247.72000122070312,242.19000244140625,247.47000122070312,12407400,240.1809539794922
2025-01-15,250.39999389648438,253.6699981689453,243.67999267578125,252.35000610351562,18448500,244.917236328125
2025-01-16,254.0,257.0400085449219,252.3300018310547,254.27000427246094,15292300,246.78065490722656
2025-01-17,254.13999938964844,260.6199951171875,252.13999938964844,259.1600036621094,17678100,251.52664184570312
2025-01-21,260.07000732421875,264.25,259.5,263.0299987792969,13712100,255.28262329101562
2025-01-22,262.8999938964844,263.3800048828125,260.25,262.8399963378906,9021900,255.09823608398438
2025-01-23,264.69000244140625,266.8599853515625,263.80999755859375,265.95001220703125,10749700,258.1166076660156
2025-01-24,263.69000244140625,267.1000061035156,263.010009765625,264.8399963378906,7666300,257.0393371582031
2025-01-27,264.1700134277344,265.9700012207031,262.260009765625,265.8500061035156,7522300,258.01959228515625
2025-01-28,265.8500061035156,267.3299865722656,264.8299865722656,267.1400146484375,7375400,259.27154541015625
2025-01-29,267.2099914550781,270.67999267578125,265.6099853515625,266.5799865722656,7684900,258.7280578613281
2025-01-30,268.6300048828125,269.70001220703125,266.6199951171875,268.2300109863281,8753500,260.3294677734375
2025-01-31,269.2300109863281,270.82000732421875,266.9599914550781,267.29998779296875,7193800,259.4268798828125
2025-02-03,261.8299865722656,268.1700134277344,261.70001220703125,266.80999755859375,8381400,258.9512939453125
2025-02-04,269.8399963378906,269.8399963378906,266.8299865722656,267.94000244140625,5626000,260.04803466796875
2025-02-05,268.9100036621094,270.6400146484375,268.3299865722656,270.42999267578125,5704400,262.4646301269531
2025-02-06,272.45001220703125,276.9800109863281,271.19000244140625,276.8999938964844,7264400,268.7441101074219
2025-02-07,277.2699890136719,278.54998779296875,274.7099914550781,275.79998779296875,6857900,267.676513671875
2025-02-10,276.1499938964844,276.17999267578125,269.5899963378906,271.0400085449219,8627400,263.0567626953125
2025-02-11,270.260009765625,276.2200012207031,269.6600036621094,274.989990234375,7196400,266.890380859375
2025-02-12,274.0799865722656,276.45001220703125,273.25,275.45001220703125,6683900,267.3367919921875
2025-02-13,275.5,276.9700012207031,273.80999755859375,276.32000732421875,8398700,268.1811828613281
2025-02-14,277.3699951171875,279.2300109863281,276.45001220703125,276.5899963378906,5688600,268.4432373046875
2025-02-18,276.760009765625,279.9700012207031,276.0199890136719,279.95001220703125,7919800,271.70428466796875
2025-02-19,278.3800048828125,280.25,277.2200012207031,279.25,7007200,271.02490234375
2025-02-20,278.67999267578125,278.739990234375,265.739990234375,266.79998779296875,13846700,258.9415588378906
2025-02-21,268.32000732421875,269.20001220703125,262.8399963378906,264.239990234375,12835600,256.45703125
2025-02-24,265.489990234375,267.0,258.6099853515625,261.3399963378906,10372800,253.64244079589844
2025-02-25,262.2300109863281,263.0,253.35000610351562,257.3999938964844,9608400,249.81846618652344
2025-02-26,257.1600036621094,260.9100036621094,256.92999267578125,258.7900085449219,5943600,251.16751098632812
2025-02-27,260.17999267578125,263.6400146484375,257.8599853515625,259.04998779296875,8204400,251.41986083984375
2025-02-28,260.7300109863281,264.80999755859375,257.8900146484375,264.6499938964844,10467100,256.85491943359375
2025-03-03,264.0,266.32000732421875,257.82000732421875,260.6199951171875,9058300,252.94363403320312
2025-03-04,255.27999877929688,257.2300109863281,245.9499969482422,250.25,13465600,242.8790740966797
2025-03-05,251.25,253.0500030517578,247.8300018310547,251.52999877929688,7861400,244.12135314941406
2025-03-06,248.11000061035156,249.36000061035156,243.85000610351562,246.5399932861328,9983200,239.2783203125
2025-03-07,245.22999572753906,246.72000122070312,239.4199981689453,242.27999877929688,20498700,235.143798828125
2025-03-10,236.2100067138672,237.50999450683594,228.6999969482422,232.22000122070312,18887200,225.380126953125
2025-03-11,231.75,233.32000732421875,226.69000244140625,229.13999938964844,18143000,222.39085388183594
2025-03-12,234.0,234.32000732421875,227.25999450683594,227.89999389648438,16054000,221.1873779296875
2025-03-13,229.3000030517578,229.5,224.22999572753906,225.19000244140625,16467900,218.55718994140625
2025-03-14,228.1199951171875,233.13999938964844,227.5800018310547,232.44000244140625,11962100,225.59365844726562
2025-03-17,231.17999267578125,235.6699981689453,230.4600067138672,233.92999267578125,9586000,227.03977966308594
2025-03-18,234.32000732421875,236.1699981689453,233.52000427246094,234.97000122070312,10344900,228.04913330078125
2025-03-19,235.74000549316406,242.3300018310547,234.88999938964844,239.11000061035156,10120600,232.0671844482422
2025-03-20,236.55999755859375,241.75999450683594,236.1999969482422,239.00999450683594,8328500,231.9701385498047
2025-03-21,237.80999755859375,242.3000030517578,236.5,241.6300048828125,19326900,234.5129852294922
2025-03-24,245.47999572753906,248.69000244140625,244.41000366210938,248.05999755859375,9422700,240.7535858154297
2025-03-25,249.30999755859375,251.82000732421875,247.6199951171875,251.1300048828125,9287700,243.733154296875
2025-03-26,252.60000610351562,254.6699981689453,249.77999877929688,251.02999877929688,12779300,243.6361083984375
2025-03-27,249.52999877929688,250.63999938964844,247.17999267578125,248.1199951171875,8022500,240.81179809570312
2025-03-28,246.94000244140625,249.50999450683594,241.11000061035156,242.85000610351562,11978400,235.69703674316406
2025-03-31,239.41000366210938,245.86000061035156,237.36000061035156,245.3000030517578,13603000,238.0748748779297
2025-04-01,242.6199951171875,245.69000244140625,240.8800048828125,243.66000366210938,8054700,236.48316955566406
2025-04-02,241.60000610351562,247.25,241.4600067138672,245.82000732421875,7758800,238.57955932617188
2025-04-03,234.27000427246094,235.13999938964844,227.3000030517578,228.69000244140625,17188500,221.9541015625
2025-04-04,215.30999755859375,217.6999969482422,208.92999267578125,210.27999877929688,27170700,205.3434295654297
2025-04-07,205.77000427246094,222.0500030517578,202.16000366210938,214.44000244140625,22914400,209.40579223632812
2025-04-08,223.52000427246094,227.83999633789062,213.25,216.8699951171875,19485700,211.77871704101562
2025-04-09,212.5,237.47999572753906,211.0,234.33999633789062,24022400,228.83859252929688
2025-04-10,230.0,230.35000610351562,220.10000610351562,227.11000061035156,18896400,221.77833557128906
2025-04-11,226.30999755859375,238.5800018310547,225.0,236.1999969482422,20284500,230.65493774414062
2025-04-14,237.10000610351562,239.77999877929688,233.6300048828125,234.72000122070312,13017800,229.20965576171875
2025-04-15,236.10000610351562,238.64999389648438,232.82000732421875,233.1300048828125,10912900,227.65701293945312
2025-04-16,232.0,233.5800018310547,227.92999267578125,229.61000061035156,9322300,224.21961975097656
2025-04-17,230.8000030517578,234.33999633789062,230.5500030517578,231.9600067138672,9557900,226.5144805908203
2025-04-21,230.6300048828125,231.80999755859375,226.33999633789062,228.99000549316406,8716200,223.6142120361328
2025-04-22,231.97999572753906,235.99000549316406,231.3699951171875,235.58999633789062,10701400,230.0592498779297
2025-04-23,240.22000122070312,246.7899932861328,240.0,240.8800048828125,14126800,235.22508239746094
2025-04-24,239.74000549316406,245.47000122070312,237.5800018310547,244.63999938964844,9055200,238.89678955078125
2025-04-25,244.64999389648438,245.6199951171875,241.75,243.5500030517578,8588600,237.83238220214844
2025-04-28,244.55999755859375,246.83999633789062,240.83999633789062,243.22000122070312,7394300,237.51011657714844
2025-04-29,242.19000244140625,245.25,241.69000244140625,244.6199951171875,7216800,238.87725830078125
2025-04-30,241.2100067138672,245.22000122070312,238.42999267578125,244.6199951171875,12991700,238.87725830078125
2025-05-01,242.83999633789062,248.4499969482422,242.1699981689453,246.88999938964844,8689600,241.093994140625
2025-05-02,251.25999450683594,253.6199951171875,249.4600067138672,252.50999450683594,7165000,246.58203125
2025-05-05,251.17999267578125,255.16000366210938,250.58999633789062,252.55999755859375,5450700,246.63087463378906
2025-05-06,250.0,252.64999389648438,249.0,249.25,6369900,243.3985595703125
2025-05-07,249.85000610351562,252.4499969482422,248.8300018310547,249.38999938964844,8724100,243.5352783203125
2025-05-08,251.57000732421875,255.8800048828125,251.5500030517578,253.47000122070312,8320100,247.51950073242188
2025-05-09,254.5,255.50999450683594,252.33999633789062,253.0800018310547,5087600,247.13864135742188
2025-05-12,262.8999938964844,263.6000061035156,258.70001220703125,260.04998779296875,9603900,253.94500732421875
2025-05-13,261.0299987792969,263.6700134277344,260.3900146484375,263.010009765625,8589000,256.83551025390625
2025-05-14,263.0,266.6400146484375,262.2900085449219,265.6400146484375,8643100,259.40380859375
2025-05-15,266.9700012207031,269.5199890136719,264.760009765625,267.489990234375,9214600,261.2103576660156
2025-05-16,267.5,268.4599914550781,264.7099914550781,267.55999755859375,8932900,261.2787170410156
2025-05-19,265.54998779296875,268.32000732421875,261.92999267578125,264.8800048828125,12145000,258.6616516113281
2025-05-20,262.5199890136719,266.6600036621094,262.29998779296875,265.67999267578125,8436300,259.4428405761719
2025-05-21,264.3500061035156,265.6499938964844,260.7300109863281,261.0400085449219,7464000,254.9117889404297
2025-05-22,259.44000244140625,262.29998779296875,258.8699951171875,260.6700134277344,6514100,254.5504608154297
2025-05-23,256.80999755859375,261.989990234375,256.0,260.7099914550781,6671800,254.5895233154297
2025-05-27,262.0400085449219,265.29998779296875,261.989990234375,265.2900085449219,7506600,259.0619812011719
2025-05-28,266.239990234375,266.7200012207031,262.8999938964844,263.489990234375,5535400,257.30426025390625
2025-05-29,264.79998779296875,265.4100036621094,262.5299987792969,264.3699951171875,5081200,258.1636047363281
2025-05-30,263.45001220703125,265.3299865722656,262.7300109863281,264.0,10977700,257.80230712890625
2025-06-02,263.0199890136719,265.0299987792969,261.8999938964844,264.6600036621094,6011200,258.4468078613281
2025-06-03,263.7300109863281,266.5799865722656,262.8800048828125,266.2699890136719,6998400,260.01898193359375
2025-06-04,265.9200134277344,267.1199951171875,264.17999267578125,264.2200012207031,5915700,258.0171203613281
2025-06-05,264.739990234375,264.739990234375,260.30999755859375,261.95001220703125,8173800,255.8004150390625
2025-06-06,264.3299865722656,266.6499938964844,264.260009765625,265.7300109863281,7738100,259.4917297363281
2025-06-09,266.0,267.8999938964844,263.3500061035156,266.739990234375,8285000,260.47796630859375
2025-06-10,265.8800048828125,268.8999938964844,265.8500061035156,268.6000061035156,7538100,262.2943115234375
2025-06-11,268.67999267578125,269.6199951171875,265.7900085449219,268.1499938964844,7434100,261.8548278808594
2025-06-12,266.8599853515625,268.2900085449219,265.1400146484375,268.239990234375,6618000,261.9427795410156
2025-06-13,265.0799865722656,267.0199890136719,262.7099914550781,264.95001220703125,7098300,258.7300109863281
2025-06-16,267.0,271.7300109863281,266.8500061035156,270.3599853515625,8566000,264.0129699707031
2025-06-17,268.1700134277344,270.5899963378906,267.79998779296875,269.5199890136719,6739300,263.19268798828125
2025-06-18,270.0,277.7200012207031,269.7200012207031,273.9599914550781,9586400,267.5284729003906
2025-06-20,275.57000732421875,277.29998779296875,273.80999755859375,275.0,13969700,268.5440368652344
2025-06-23,275.05999755859375,278.54998779296875,272.1099853515625,278.2699890136719,8094600,271.7372741699219
2025-06-24,280.2099914550781,282.7099914550781,279.510009765625,281.260009765625,9267900,274.6571044921875
2025-06-25,281.5,284.2799987792969,280.9100036621094,284.05999755859375,6826900,277.3913879394531
2025-06-26,284.70001220703125,289.4100036621094,284.4700012207031,288.75,8942100,281.9712829589844
2025-06-27,285.80999755859375,288.70001220703125,285.0400085449219,287.1099853515625,17868600,280.3697509765625
2025-06-30,290.3999938964844,292.6499938964844,288.9200134277344,289.9100036621094,12689200,283.10400390625
2025-07-01,290.8900146484375,291.1300048828125,286.5899963378906,290.4100036621094,9338300,283.59228515625
2025-07-02,292.0400085449219,292.82000732421875,289.70001220703125,292.0,8158700,285.14495849609375
2025-07-03,292.1499938964844,296.3999938964844,291.2099914550781,296.0,6541600,290.443603515625
2025-07-07,295.25,296.0400085449219,290.0799865722656,291.9700012207031,8825700,286.4892578125
2025-07-08,289.2699890136719,289.70001220703125,280.30999755859375,282.7799987792969,15440900,277.47174072265625
2025-07-09,287.17999267578125,287.20001220703125,282.4800109863281,283.1600036621094,11273800,277.8446350097656
2025-07-10,283.0,288.30999755859375,283.0,288.19000244140625,8410900,282.78021240234375
2025-07-11,285.5199890136719,287.3800048828125,283.6499938964844,286.8599853515625,7384700,281.4751281738281
2025-07-14,287.07000732421875,289.29998779296875,285.260009765625,288.70001220703125,9079900,283.2806701660156
2025-07-15,288.0,291.95001220703125,285.4800109863281,286.54998779296875,12526100,281.1709899902344
2025-07-16,288.3999938964844,290.7300109863281,283.010009765625,285.82000732421875,9979800,280.4547119140625
2025-07-17,283.44000244140625,290.29998779296875,283.44000244140625,289.8999938964844,8509500,284.4580993652344
2025-07-18,289.5199890136719,292.5,288.2300109863281,291.2699890136719,12217000,285.8023681640625
2025-07-21,291.0,294.17999267578125,290.5799865722656,290.9700012207031,7898100,285.50799560546875
2025-07-22,291.5,293.6300048828125,289.17999267578125,291.42999267578125,6717500,285.9593811035156
2025-07-23,292.8399963378906,296.989990234375,292.54998779296875,296.760009765625,7083500,291.1893615722656
2025-07-24,297.4200134277344,299.5899963378906,296.20001220703125,296.54998779296875,7001200,290.9832763671875
2025-07-25,296.70001220703125,298.8999938964844,295.9599914550781,298.6199951171875,5918500,293.014404296875
2025-07-28,297.6600036621094,299.42999267578125,296.82000732421875,298.2799987792969,5840400,292.6808166503906
2025-07-29,300.0,301.2900085449219,296.20001220703125,297.0400085449219,7635700,291.4640808105469
2025-07-30,297.4200134277344,300.6099853515625,297.3800048828125,299.6300048828125,8061700,294.0054626464844
2025-07-31,299.1400146484375,300.9800109863281,295.5,296.239990234375,14749700,290.6790771484375
2025-08-01,290.3999938964844,291.79998779296875,284.239990234375,289.3699951171875,12007100,283.9380798339844
2025-08-04,290.260009765625,294.32000732421875,290.260009765625,294.260009765625,6649500,288.7362365722656
2025-08-05,294.69000244140625,295.7900085449219,287.239990234375,291.3699951171875,7182300,285.9005126953125
2025-08-06,292.29998779296875,293.2900085449219,290.1600036621094,291.3500061035156,6330200,285.8808898925781
2025-08-07,292.94000244140625,293.4599914550781,286.4100036621094,286.94000244140625,8057100,281.5537109375
2025-08-08,288.9800109863281,291.2300109863281,284.7099914550781,288.760009765625,6634100,283.3395080566406
2025-08-11,289.3999938964844,291.32000732421875,288.7799987792969,289.55999755859375,5510100,284.1244812011719
2025-08-12,291.5,294.75,290.3399963378906,292.8500061035156,8570900,287.35272216796875
2025-08-13,293.95001220703125,294.54998779296875,287.1600036621094,290.5299987792969,8420400,285.0762939453125
2025-08-14,290.5799865722656,294.20001220703125,289.6400146484375,294.1600036621094,6322400,288.6381530761719
2025-08-15,294.8399963378906,295.5,289.82000732421875,290.489990234375,7340500,285.03704833984375
2025-08-18,290.0,291.8999938964844,288.4100036621094,291.5299987792969,5386900,286.0574951171875
2025-08-19,290.8299865722656,292.4800109863281,289.5299987792969,290.6600036621094,6031500,285.2038269042969
2025-08-20,290.80999755859375,293.3299865722656,287.2699890136719,292.239990234375,7374200,286.754150390625
2025-08-21,291.94000244140625,292.7699890136719,289.4700012207031,291.4700012207031,6624000,285.9986572265625
2025-08-22,293.20001220703125,297.1600036621094,290.1300048828125,296.239990234375,8552800,290.6790771484375
2025-08-25,296.239990234375,297.3500061035156,294.1400146484375,294.8999938964844,5856300,289.3642272949219
2025-08-26,294.1600036621094,298.739990234375,293.5,298.57000732421875,6714700,292.96539306640625
2025-08-27,297.25,301.07000732421875,297.0400085449219,299.2799987792969,6056500,293.6620178222656
2025-08-28,300.0199890136719,301.239990234375,298.70001220703125,301.07000732421875,6410500,295.4184265136719
2025-08-29,302.0400085449219,302.95001220703125,299.7300109863281,301.4200134277344,6796400,295.7618713378906
2025-09-02,300.260009765625,300.4599914550781,294.5,299.70001220703125,7221900,294.0741882324219
2025-09-03,300.57000732421875,300.57000732421875,296.3800048828125,299.510009765625,6316900,293.8876953125
2025-09-04,300.0,304.42999267578125,298.2799987792969,303.82000732421875,6605800,298.1167907714844
2025-09-05,303.6499938964844,305.1499938964844,294.30999755859375,294.3800048828125,9837700,288.85400390625
2025-09-08,294.8900146484375,296.4599914550781,291.44000244140625,292.9100036621094,8188500,287.4115905761719
2025-09-09,292.6000061035156,299.0,292.30999755859375,297.8500061035156,7848200,292.2588806152344
2025-09-10,296.70001220703125,301.5400085449219,295.3999938964844,300.5400085449219,7787300,294.8984069824219
2025-09-11,301.239990234375,305.7300109863281,300.7900085449219,305.55999755859375,7942500,299.8241271972656
2025-09-12,305.0,307.54998779296875,303.70001220703125,306.9100036621094,6846700,301.1488037109375
2025-09-15,307.1700134277344,309.95001220703125,307.1700134277344,308.8999938964844,7122000,303.1014404296875
2025-09-16,310.0,310.8999938964844,307.1300048828125,309.19000244140625,10525600,303.3860168457031
2025-09-17,310.3900146484375,312.9100036621094,308.7699890136719,311.75,8657800,305.8979187011719
2025-09-18,311.7900085449219,313.44000244140625,309.6099853515625,313.2300109863281,8050700,307.3501892089844
2025-09-19,313.6000061035156,315.79998779296875,309.1199951171875,314.7799987792969,23568600,308.8710632324219
2025-09-22,309.79998779296875,313.70001220703125,309.55999755859375,312.44000244140625,7520200,306.5749816894531
2025-09-23,311.82000732421875,316.30999755859375,310.5799865722656,312.739990234375,8584400,306.8693542480469
2025-09-24,314.04998779296875,316.5799865722656,311.6700134277344,313.4200134277344,7310500,307.5365905761719
2025-09-25,314.1199951171875,315.6499938964844,311.79998779296875,313.45001220703125,7083200,307.5660400390625
2025-09-26,314.8999938964844,317.80999755859375,313.70001220703125,316.05999755859375,7258100,310.1270446777344
2025-09-29,317.05999755859375,318.010009765625,313.6600036621094,315.69000244140625,6462400,309.7640075683594
2025-09-30,316.25,317.4100036621094,310.1099853515625,315.42999267578125,11823300,309.50885009765625
2025-10-01,313.9700012207031,314.5899963378906,307.4100036621094,310.7099914550781,9235200,304.8774719238281
2025-10-02,310.0,310.55999755859375,306.1400146484375,307.54998779296875,7600000,301.77679443359375
2025-10-03,308.510009765625,311.6600036621094,308.2099914550781,310.0299987792969,6029900,304.2102355957031
2025-10-06,310.17999267578125,311.75,305.1300048828125,309.17999267578125,7214500,304.8511047363281
2025-10-07,309.3500061035156,310.010009765625,304.70001220703125,307.69000244140625,8454200,303.3819885253906
2025-10-08,308.2099914550781,308.7799987792969,303.54998779296875,304.0299987792969,6489900,299.7732238769531
2025-10-09,305.04998779296875,308.0400085449219,303.3900146484375,305.5299987792969,7060300,301.25225830078125
2025-10-10,305.6600036621094,310.4700012207031,300.80999755859375,300.8900146484375,8597400,296.6772155761719
2025-10-13,305.6000061035156,309.4599914550781,305.45001220703125,307.9700012207031,10788700,303.6580505371094
2025-10-14,305.8399963378906,307.0,294.2099914550781,302.0799865722656,16178800,297.85052490234375
2025-10-15,306.3900146484375,312.1199951171875,305.44000244140625,305.69000244140625,11354800,301.40997314453125
2025-10-16,305.3500061035156,308.67999267578125,297.07000732421875,298.5400085449219,10549400,294.360107421875
2025-10-17,299.1600036621094,299.54998779296875,294.20001220703125,297.55999755859375,10153500,293.3938293457031
2025-10-20,298.5,303.69000244140625,298.1600036621094,302.3599853515625,6894900,298.1266174316406
2025-10-21,301.6600036621094,304.04998779296875,297.0,297.0899963378906,7372700,292.9303894042969
2025-10-22,297.7699890136719,298.05999755859375,290.5400085449219,294.1099853515625,8054100,289.9920959472656
2025-10-23,294.3800048828125,296.3699951171875,292.510009765625,294.5400085449219,5438800,290.4161071777344
2025-10-24,296.0799865722656,302.6000061035156,295.45001220703125,300.44000244140625,7228300,296.2334899902344
2025-10-27,302.1600036621094,304.5299987792969,301.010009765625,304.1499938964844,5642200,299.8915710449219
2025-10-28,304.8599853515625,307.9700012207031,303.1600036621094,305.3599853515625,6336000,301.0845947265625
2025-10-29,303.510009765625,308.25,303.010009765625,305.510009765625,7520300,301.2325134277344
2025-10-30,305.7900085449219,312.6099853515625,305.1000061035156,309.44000244140625,7514600,305.10748291015625
2025-10-31,308.5400085449219,312.8699951171875,307.25,311.1199951171875,7721300,306.7639465332031
2025-11-03,311.0,312.32000732421875,306.2099914550781,309.3500061035156,7770000,305.01873779296875
2025-11-04,306.7099914550781,312.2200012207031,305.1000061035156,309.25,7085200,304.920166015625
2025-11-05,309.6099853515625,313.1000061035156,305.6300048828125,311.67999267578125,6865200,307.3161315917969
2025-11-06,310.989990234375,314.8399963378906,310.260009765625,313.4200134277344,7206100,309.0317687988281
2025-11-07,311.8900146484375,314.42999267578125,307.6400146484375,314.2099914550781,7302300,309.8106689453125
2025-11-10,315.0,319.55999755859375,314.2099914550781,316.8900146484375,5794100,312.4531555175781
2025-11-11,317.5,319.04998779296875,315.2799987792969,315.6199951171875,5030200,311.2009582519531
2025-11-12,316.260009765625,322.25,316.2099914550781,320.4100036621094,10578300,315.92388916015625
2025-11-13,319.2300109863281,320.6300048828125,309.1000061035156,309.4800109863281,8973300,305.1469421386719
2025-11-14,307.510009765625,307.6400146484375,301.2300109863281,303.6099853515625,10327000,299.3591003417969
2025-11-17,304.0,305.5899963378906,297.6700134277344,300.3699951171875,8344000,296.1644592285156
2025-11-18,299.5,302.95001220703125,297.0199890136719,299.4100036621094,8077300,295.2179260253906
2025-11-19,299.739990234375,304.45001220703125,299.2699890136719,303.2699890136719,5546600,299.02386474609375
2025-11-20,306.3399963378906,309.9200134277344,298.1600036621094,298.3800048828125,7501600,294.2023620605469
2025-11-21,301.2900085449219,301.67999267578125,292.80999755859375,298.0199890136719,11766800,293.84735107421875
2025-11-24,298.239990234375,299.82000732421875,294.510009765625,298.0,10940200,293.8276672363281
2025-11-25,300.04998779296875,304.5,295.55999755859375,303.0,8877200,298.7576599121094
2025-11-26,305.0,308.5299987792969,303.20001220703125,307.6400146484375,7910900,303.33270263671875
2025-11-28,309.1000061035156,313.7200012207031,308.239990234375,313.0799865722656,4322400,308.6965026855469
2025-12-01,312.95001220703125,314.0400085449219,308.5400085449219,308.9200134277344,7727300,304.59478759765625
2025-12-02,308.739990234375,310.4800109863281,307.0899963378906,307.8800048828125,7249000,303.5693054199219
2025-12-03,307.20001220703125,312.3599853515625,306.79998779296875,312.1300048828125,8535300,307.75982666015625
2025-12-04,313.260009765625,318.489990234375,313.0,316.1000061035156,9627800,311.6742248535156
2025-12-05,315.6400146484375,318.4800109863281,314.67999267578125,315.0400085449219,6518900,310.6290588378906
2025-12-08,315.05999755859375,316.4700012207031,313.3500061035156,315.2099914550781,7417200,310.79669189453125
2025-12-09,314.95001220703125,318.79998779296875,300.0199890136719,300.510009765625,18049200,296.30255126953125
2025-12-10,300.5,311.19000244140625,298.4599914550781,310.1099853515625,18874100,305.7680969238281
2025-12-11,309.239990234375,318.0,309.239990234375,317.3800048828125,9721900,312.9363098144531
2025-12-12,319.67999267578125,320.2699890136719,316.6000061035156,318.5199890136719,8982900,314.06036376953125
2025-12-15,319.5899963378906,322.8800048828125,318.3900146484375,320.0199890136719,10864100,315.5393371582031
2025-12-16,319.0899963378906,319.5199890136719,314.3999938964844,315.54998779296875,8331300,311.1319274902344
2025-12-17,318.42999267578125,319.3699951171875,314.6600036621094,314.9800109863281,8718700,310.5699157714844
2025-12-18,316.0,317.70001220703125,312.2200012207031,313.0,11444900,308.6176452636719
2025-12-19,313.7900085449219,318.55999755859375,313.19000244140625,317.2099914550781,24494400,312.7686767578125
2025-12-22,317.510009765625,323.2300109863281,317.510009765625,323.0899963378906,8354600,318.56634521484375
2025-12-23,323.6099853515625,327.7799987792969,323.0899963378906,325.92999267578125,6668300,321.3666076660156
2025-12-24,326.239990234375,329.989990234375,325.5,329.1700134277344,4289300,324.561279296875
2025-12-26,329.1099853515625,330.8599853515625,326.5400085449219,327.9100036621094,4158300,323.3188781738281
2025-12-29,327.0,327.7699890136719,323.5299987792969,323.75,8635300,319.2171325683594
2025-12-30,324.80999755859375,324.94000244140625,322.489990234375,323.4200134277344,7904300,318.89178466796875
2025-12-31,324.3399963378906,324.8800048828125,322.0400085449219,322.2200012207031,5048500,317.70855712890625
2026-01-02,322.5,325.7300109863281,320.739990234375,325.4800109863281,8054000,320.92291259765625
2026-01-05,325.5,337.25,325.19000244140625,334.0400085449219,10752600,329.3630676269531
2026-01-06,332.6199951171875,335.8699951171875,330.6499938964844,334.6099853515625,7660800,331.41326904296875
2026-01-07,331.1400146484375,332.1499938964844,324.6000061035156,326.989990234375,9815200,323.8660583496094
2026-01-08,326.3900146484375,331.3999938964844,325.6499938964844,329.7900085449219,11737100,326.63934326171875
2026-01-09,329.3399963378906,331.8999938964844,328.1700134277344,329.19000244140625,6738100,326.0450744628906
2026-01-12,321.8800048828125,326.0199890136719,321.2300109863281,324.489990234375,12805100,321.3899841308594
2026-01-13,324.29998779296875,326.8599853515625,310.57000732421875,310.8999938964844,19371200,307.9298095703125
2026-01-14,308.20001220703125,311.760009765625,306.1199951171875,307.8699951171875,25951500,304.9287414550781
2026-01-15,308.4700012207031,312.94000244140625,307.75,309.260009765625,14751400,306.30548095703125
2026-01-16,310.3500061035156,317.2099914550781,310.0,312.4700012207031,14652500,309.48480224609375
2026-01-20,306.2099914550781,311.1499938964844,301.8599853515625,302.739990234375,12900600,299.8477478027344
2026-01-21,303.42999267578125,305.3999938964844,301.1499938964844,302.0400085449219,10270100,299.15447998046875
2026-01-22,304.8599853515625,308.20001220703125,302.8999938964844,303.6300048828125,10535800,300.729248046875
2026-01-23,302.0,302.3699951171875,296.510009765625,297.7200012207031,11107900,294.875732421875
2026-01-26,297.80999755859375,301.7799987792969,297.45001220703125,301.0400085449219,11752700,298.1640319824219
2026-01-27,301.3299865722656,301.9700012207031,298.1499938964844,300.30999755859375,11527400,297.44097900390625
2026-01-28,300.2699890136719,301.9200134277344,298.04998779296875,300.7699890136719,9556700,297.89654541015625
2026-01-29,302.3999938964844,306.8299865722656,302.2200012207031,306.4200134277344,11580000,303.49261474609375
2026-01-30,305.25,307.92999267578125,302.55999755859375,305.8900146484375,11953200,302.9676818847656
2026-02-02,304.4599914550781,309.29998779296875,301.3699951171875,308.1400146484375,9839400,305.1961669921875
2026-02-03,309.7300109863281,316.25,309.1000061035156,314.8500061035156,12688000,311.8420715332031
2026-02-04,314.4100036621094,319.30999755859375,314.4100036621094,317.2699890136719,9848800,314.23895263671875
2026-02-05,315.0,316.010009765625,305.5400085449219,310.1600036621094,9388000,307.1968688964844
2026-02-06,314.7099914550781,324.25,314.7099914550781,322.3999938964844,17797400,319.3199462890625
2026-02-09,321.3399963378906,326.3999938964844,320.1099853515625,322.1000061035156,11477500,319.0228271484375
2026-02-10,322.54998779296875,326.1300048828125,315.1199951171875,318.2799987792969,9902200,315.2392883300781
2026-02-11,323.239990234375,325.2799987792969,308.7300109863281,310.82000732421875,8703500,307.8505554199219
2026-02-12,312.2799987792969,313.6199951171875,300.0199890136719,302.6400146484375,13443400,299.7487487792969
2026-02-13,298.5199890136719,304.2900085449219,296.5199890136719,302.54998779296875,9114500,299.6595764160156
2026-02-17,302.760009765625,308.239990234375,302.5,307.1300048828125,8896800,304.1958312988281
2026-02-18,308.4599914550781,312.2799987792969,307.2200012207031,308.7799987792969,7209600,305.8300476074219
2026-02-19,307.1700134277344,309.17999267578125,305.1199951171875,308.04998779296875,6737700,305.10699462890625
2026-02-20,308.3999938964844,311.0,305.67999267578125,310.7900085449219,7792700,307.82086181640625
2026-02-23,308.79998779296875,311.0,295.1000061035156,297.6700134277344,12955400,294.8262023925781
2026-02-24,296.82000732421875,299.75,291.3800048828125,297.29998779296875,13554100,294.459716796875
2026-02-25,298.6400146484375,303.6600036621094,297.010009765625,303.29998779296875,8095500,300.40240478515625
2026-02-26,304.5799865722656,309.010009765625,303.6400146484375,306.1300048828125,7007800,303.20538330078125
2026-02-27,300.0,302.95001220703125,294.45001220703125,300.29998779296875,18620800,297.4310607910156
2026-03-02,294.80999755859375,299.9800109863281,293.2099914550781,297.55999755859375,8508900,294.7172546386719
2026-03-03,292.2900085449219,302.3900146484375,289.5,300.260009765625,10278200,297.3914489746094
2026-03-04,299.989990234375,301.0,295.82000732421875,299.3900146484375,8055700,296.52978515625
2026-03-05,297.9800109863281,301.239990234375,292.42999267578125,293.54998779296875,12732500,290.74554443359375
2026-03-06,286.3399963378906,289.989990234375,283.7099914550781,289.4800109863281,13496500,286.7144470214844
2026-03-09,285.5,291.1000061035156,280.45001220703125,289.9200134277344,12241100,287.1502685546875
2026-03-10,289.2900085449219,292.75,287.17999267578125,288.7300109863281,8344900,285.97161865234375
2026-03-11,288.80999755859375,290.4800109863281,284.8599853515625,287.5199890136719,10205000,284.77313232421875
2026-03-12,282.8299865722656,283.8800048828125,279.1000061035156,282.8900146484375,13760500,280.1874084472656
2026-03-13,284.6700134277344,287.19000244140625,282.95001220703125,283.44000244140625,9091200,280.7321472167969
2026-03-16,286.3399963378906,289.2699890136719,284.6099853515625,286.1600036621094,8149000,283.4261474609375
2026-03-17,289.0,291.760009765625,285.95001220703125,286.8900146484375,8961200,284.1492004394531
2026-03-18,286.8299865722656,289.4100036621094,285.1199951171875,287.739990234375,10057000,284.9910583496094
2026-03-19,286.8800048828125,289.510009765625,284.6199951171875,287.9700012207031,9846700,285.2188415527344
2026-03-20,288.0799865722656,290.7099914550781,285.2699890136719,286.55999755859375,22436500,283.8223571777344
2026-03-23,294.30999755859375,295.75,287.9700012207031,289.9100036621094,11470800,287.14031982421875
2026-03-24,286.1700134277344,295.4800109863281,285.3699951171875,292.3999938964844,11092300,289.6065368652344
2026-03-25,294.1499938964844,297.6400146484375,292.44000244140625,295.4200134277344,12188200,292.59771728515625
2026-03-26,292.5799865722656,294.989990234375,290.7300109863281,291.6600036621094,8669200,288.8736267089844
2026-03-27,289.1400146484375,290.1099853515625,281.75,282.8399963378906,9873300,280.13787841796875
2026-03-30,284.739990234375,287.25,282.3299865722656,283.7699890136719,11734400,281.0589904785156
2026-03-31,288.4700012207031,295.07000732421875,284.95001220703125,294.1600036621094,12956900,291.3497314453125
2026-04-01,295.3900146484375,298.7200012207031,292.9100036621094,295.3800048828125,11267200,292.5580749511719
2026-04-02,291.9100036621094,295.6199951171875,288.7200012207031,294.6000061035156,6669300,291.7855224609375
2026-04-06,294.05999755859375,296.8299865722656,293.20001220703125,295.45001220703125,7142600,294.125
2026-04-07,293.1400146484375,298.17999267578125,292.70001220703125,297.3999938964844,7849100,296.0662536621094
2026-04-08,307.9700012207031,311.260009765625,305.3299865722656,307.9700012207031,10590200,306.5888366699219
2026-04-09,306.95001220703125,311.260009765625,306.1099853515625,310.3299865722656,6586600,308.938232421875
2026-04-10,310.0,310.3500061035156,306.7200012207031,309.8699951171875,6069700,308.4803161621094
2026-04-13,307.4700012207031,313.739990234375,305.4599914550781,313.67999267578125,8318200,312.2732238769531
2026-04-14,309.82000732421875,314.32000732421875,308.8699951171875,311.1199951171875,11455500,309.7247009277344
2026-04-15,313.95001220703125,314.239990234375,304.260009765625,305.92999267578125,9885800,304.5579833984375
2026-04-16,305.3500061035156,309.95001220703125,305.20001220703125,309.95001220703125,8208600,308.5599670410156
2026-04-17,312.4700012207031,314.8999938964844,310.0899963378906,310.2900085449219,11082400,308.8984375
2026-04-20,310.8500061035156,317.1300048828125,310.3699951171875,316.989990234375,10772000,315.5683898925781
2026-04-21,317.489990234375,320.239990234375,312.75,313.0,7084300,311.5962829589844
2026-04-22,314.8500061035156,315.1499938964844,311.94000244140625,313.0199890136719,5545900,311.6161804199219
2026-04-23,313.5199890136719,314.989990234375,308.8900146484375,311.69000244140625,6969700,310.29217529296875
2026-04-24,311.1499938964844,311.1499938964844,307.8900146484375,308.2799987792969,5215300,306.8974609375
2026-04-27,306.8800048828125,312.5799865722656,306.8800048828125,311.6300048828125,7925300,310.232421875
2026-04-28,315.20001220703125,315.45001220703125,311.1700134277344,311.45001220703125,7398600,310.0532531738281
2026-04-29,310.57000732421875,312.04998779296875,307.2900085449219,309.25,8031800,307.86309814453125
2026-04-30,307.07000732421875,314.1000061035156,306.57000732421875,313.2300109863281,8865400,311.82525634765625
2026-05-01,313.95001220703125,316.0799865722656,311.8299865722656,312.4700012207031,6135400,311.06866455078125
2026-05-04,310.6199951171875,310.6499938964844,306.510009765625,307.6499938964844,7338200,306.270263671875
2026-05-05,307.7099914550781,310.9700012207031,306.79998779296875,309.3999938964844,6316800,308.0124206542969
2026-05-06,311.45001220703125,316.260009765625,311.3500061035156,314.8999938964844,8629500,313.4877624511719
2026-05-07,314.6499938964844,316.29998779296875,306.1400146484375,306.2699890136719,8359600,304.8964538574219
2026-05-08,308.25,308.989990234375,300.5,302.1000061035156,9464300,300.74517822265625
2026-05-11,302.1000061035156,303.19000244140625,298.8800048828125,300.0,9512000,298.6545715332031
2026-05-12,300.0199890136719,306.05999755859375,295.54998779296875,304.8800048828125,9498200,303.5126953125
2026-05-13,302.2699890136719,303.0,300.07000732421875,300.25,7709500,298.9034729003906
2026-05-14,302.25,303.75,298.80999755859375,299.9100036621094,7364300,298.56500244140625
2026-05-15,300.2099914550781,300.7900085449219,296.45001220703125,297.80999755859375,8699300,296.4743957519531
2026-05-18,298.0,301.260009765625,297.2200012207031,300.7300109863281,7546300,299.3813171386719
2026-05-19,301.0899963378906,301.7900085449219,295.260009765625,295.70001220703125,8066900,294.3738708496094
2026-05-20,296.70001220703125,302.92999267578125,293.6700134277344,301.9800109863281,9327000,300.625732421875
2026-05-21,301.2300109863281,303.9800109863281,300.2099914550781,303.0,7874400,301.6411437988281
2026-05-22,304.67999267578125,307.45001220703125,303.8399963378906,306.3800048828125,5973900,305.0059814453125
2026-05-26,308.489990234375,309.92999267578125,305.44000244140625,306.739990234375,7725400,305.3643493652344
2026-05-27,305.0,305.8999938964844,295.75,299.2799987792969,11779200,297.93780517578125
2026-05-28,297.57000732421875,301.07000732421875,295.75,296.7300109863281,9757700,295.3992614746094
2026-05-29,296.3999938964844,299.8800048828125,295.20001220703125,299.30999755859375,13969000,297.9676818847656
2026-06-01,297.69000244140625,299.54998779296875,295.2699890136719,296.5799865722656,7930000,295.2499084472656
2026-06-02,296.5,302.07000732421875,295.2699890136719,300.9599914550781,8296200,299.6102600097656
2026-06-03,299.9200134277344,301.9599914550781,296.55999755859375,300.8500061035156,7003900,299.50079345703125
2026-06-04,305.739990234375,312.9100036621094,304.44000244140625,310.8900146484375,10345200,309.4957580566406
2026-06-05,314.2900085449219,315.0,309.6000061035156,312.3699951171875,9118800,310.9691162109375
2026-06-08,313.25,316.29998779296875,310.7799987792969,311.1099853515625,6827000,309.7147521972656
2026-06-09,313.510009765625,316.4200134277344,309.010009765625,312.70001220703125,11594600,311.2976379394531
2026-06-10,312.55999755859375,314.75,309.0299987792969,309.1400146484375,7446200,307.75360107421875
2026-06-11,309.55999755859375,314.7200012207031,308.8800048828125,313.489990234375,9116600,312.0840759277344
2026-06-12,315.9700012207031,321.29998779296875,315.54998779296875,320.7200012207031,7426200,319.28167724609375
2026-06-15,323.9200134277344,325.9200134277344,318.8399963378906,319.3999938964844,7988900,317.96759033203125
2026-06-16,324.29998779296875,331.75,324.0199890136719,331.1400146484375,11094900,329.6549377441406
2026-06-17,332.17999267578125,337.7699890136719,331.5,333.4599914550781,12246400,331.9645080566406
2026-06-18,336.95001220703125,338.0899963378906,324.1600036621094,325.2200012207031,20111000,323.761474609375
2026-06-22,329.70001220703125,332.7699890136719,326.75,331.4800109863281,10182500,329.993408203125
2026-06-23,329.4700012207031,335.3699951171875,327.2099914550781,334.1400146484375,7582200,332.6414794921875
2026-06-24,333.07000732421875,334.5299987792969,329.7699890136719,333.45001220703125,7907400,331.95458984375
2026-06-25,334.9599914550781,343.45001220703125,334.760009765625,335.1199951171875,10043100,333.6170654296875
2026-06-26,336.0,336.3999938964844,327.5,329.04998779296875,17640900,327.57427978515625
2026-06-29,328.2799987792969,332.3900146484375,327.20001220703125,329.3900146484375,7981800,327.91278076171875
2026-06-30,328.8900146484375,330.44000244140625,326.67999267578125,327.3299865722656,8080100,325.86199951171875
2026-07-01,328.3699951171875,335.6400146484375,325.010009765625,334.07000732421875,15210200,332.5718078613281
2026-07-02,338.0199890136719,340.0,331.7699890136719,334.4700012207031,8413900,332.9700012207031
2026-07-06,335.0,339.7200012207031,334.1099853515625,337.7200012207031,8673500,337.7200012207031
2026-07-07,340.9800109863281,341.3999938964844,337.0899963378906,339.2200012207031,7115800,339.2200012207031
2026-07-08,336.5299987792969,336.5299987792969,330.1300048828125,330.6199951171875,18505200,330.6199951171875
2026-07-09,331.4599914550781,337.0,330.80999755859375,335.4700012207031,15570600,335.4700012207031
2026-07-10,337.4700012207031,338.5899963378906,335.7699890136719,336.4700012207031,6299000,336.4700012207031
2026-07-13,338.3399963378906,338.3500061035156,332.5,334.5299987792969,7120300,334.5299987792969
2026-07-14,327.0,344.7300109863281,325.75,342.8900146484375,14537900,342.8900146484375
2026-07-15,345.8500061035156,351.239990234375,344.04998779296875,346.9100036621094,10750000,346.9100036621094
2026-07-16,349.2799987792969,349.3399963378906,341.1099853515625,343.1499938964844,12432400,343.1499938964844
2026-07-17,339.0299987792969,346.1300048828125,335.04998779296875,341.1000061035156,9250900,341.1000061035156
2026-07-20,341.79998779296875,344.260009765625,337.3699951171875,338.8699951171875,7723300,338.8699951171875
2026-07-21,340.1199951171875,345.739990234375,337.29998779296875,345.2300109863281,6015300,345.2300109863281
2026-07-22,345.07000732421875,349.07000732421875,344.25,348.2099914550781,8040200,348.2099914550781
2026-07-23,346.5799865722656,349.9200134277344,345.4200134277344,349.8999938964844,10913000,349.8999938964844
2026-07-24,350.6400146484375,353.3699951171875,347.5,353.2099914550781,7520800,353.2099914550781
2026-07-27,357.8900146484375,359.04998779296875,352.5799865722656,356.20001220703125,7884900,356.20001220703125
2026-07-28,357.29998779296875,359.29998779296875,354.1499938964844,357.30999755859375,6533800,357.30999755859375
2026-07-29,356.5,357.3699951171875,343.7799987792969,344.7099914550781,8265300,344.7099914550781
2026-07-30,347.5400085449219,352.2799987792969,345.3699951171875,350.8500061035156,7606500,350.8500061035156
2026-07-31,353.29998779296875,354.4700012207031,349.70001220703125,351.7900085449219,6603400,351.7900085449219
2026-08-03,353.75,355.6199951171875,350.8399963378906,352.6400146484375,6436600,352.6400146484375
2026-08-04,355.0,363.0,353.8699951171875,357.5199890136719,8477200,357.5199890136719
2026-08-05,358.9700012207031,362.1700134277344,358.20001220703125,359.239990234375,5269500,359.239990234375
2026-08-06,362.80999755859375,362.80999755859375,354.95001220703125,356.29998779296875,5820100,356.29998779296875
2026-08-07,355.760009765625,358.8500061035156,353.3299865722656,357.5199890136719,4566200,357.5199890136719
2026-08-10,357.9599914550781,359.989990234375,356.5,359.7900085449219,5327500,359.7900085449219
2026-08-11,360.04998779296875,363.1199951171875,358.6000061035156,362.0400085449219,4576500,362.0400085449219
2026-08-12,362.9700012207031,366.0899963378906,361.29998779296875,365.17999267578125,4366800,365.17999267578125
2026-08-13,366.5,366.5,361.5199890136719,363.1099853515625,5102700,363.1099853515625
2026-08-14,363.0,365.8999938964844,361.45001220703125,362.8399963378906,5058600,362.8399963378906
2026-08-17,361.94000244140625,365.75,360.9599914550781,360.9599914550781,5282600,360.9599914550781
2026-08-18,362.3399963378906,363.57000732421875,359.2699890136719,363.25,5525100,363.25
2026-08-19,363.010009765625,363.04998779296875,355.6499938964844,357.260009765625,6696200,357.260009765625
2026-08-20,357.6000061035156,357.95001220703125,351.54998779296875,351.54998779296875,6799700,351.54998779296875
2026-08-21,354.07000732421875,356.8599853515625,350.3699951171875,351.5799865722656,8112100,351.5799865722656
2026-08-24,353.29998779296875,358.2799987792969,352.82000732421875,356.3900146484375,4394400,356.3900146484375
2026-08-25,357.0,357.3699951171875,353.07000732421875,356.69000244140625,4298000,356.69000244140625
2026-08-26,356.5,358.3500061035156,354.6000061035156,356.5,5796500,356.5
2026-08-27,354.67999267578125,357.57000732421875,352.2300109863281,354.2200012207031,5209900,354.2200012207031
2026-08-28,355.6700134277344,358.7300109863281,354.2200012207031,357.6199951171875,3914500,357.6199951171875
2026-08-31,355.8999938964844,357.7699890136719,354.7699890136719,356.0199890136719,7962900,356.0199890136719
2026-09-01,355.7300109863281,359.92999267578125,354.1199951171875,354.95001220703125,5079000,354.95001220703125
2026-09-02,357.54998779296875,361.4700012207031,353.7900085449219,356.2200012207031,5341400,356.2200012207031
2026-09-03,358.67999267578125,362.8500061035156,356.3900146484375,362.05999755859375,5414200,362.05999755859375
2026-09-04,361.0,362.8599853515625,355.20001220703125,358.6400146484375,4873500,358.6400146484375
2026-09-08,357.1000061035156,358.54998779296875,353.2300109863281,353.510009765625,5631400,353.510009765625
2026-09-09,352.0,356.3299865722656,348.69000244140625,354.7099914550781,6318200,354.7099914550781
2026-09-10,353.510009765625,354.2200012207031,351.1199951171875,353.55999755859375,4184200,353.55999755859375
2026-09-11,358.32000732421875,360.04998779296875,354.7900085449219,356.2300109863281,5354600,356.2300109863281
2026-09-14,354.2300109863281,355.2799987792969,347.54998779296875,350.1300048828125,9609900,350.1300048828125
2026-09-15,351.0,354.70001220703125,343.07000732421875,352.489990234375,14026500,352.489990234375
2026-09-16,353.3800048828125,355.6000061035156,344.69000244140625,348.9200134277344,8303400,348.9200134277344
2026-09-17,352.25,353.489990234375,345.2699890136719,349.30999755859375,6480100,349.30999755859375
2026-09-18,347.8900146484375,349.6700134277344,345.010009765625,349.6700134277344,18312400,349.6700134277344
2026-09-21,353.6700134277344,354.5,350.0799865722656,352.0400085449219,6414700,352.0400085449219
2026-09-22,352.0,352.1000061035156,337.29998779296875,340.0,11485600,340.0
2026-09-23,337.6099853515625,341.44000244140625,336.9800109863281,337.5299987792969,7068500,337.5299987792969
2026-09-24,338.1199951171875,339.3699951171875,335.2799987792969,338.55999755859375,6934300,338.55999755859375
2026-09-25,340.7699890136719,343.30999755859375,338.6400146484375,343.05999755859375,11460300,343.05999755859375
2026-09-28,341.8299865722656,342.0,336.29998779296875,336.5899963378906,10483700,336.5899963378906
2026-09-29,337.0,338.75,333.3299865722656,334.9800109863281,7254900,334.9800109863281
2026-09-30,334.8900146484375,336.3399963378906,330.8299865722656,330.8299865722656,9113300,330.8299865722656
2026-10-01,328.75,333.5799865722656,325.8699951171875,333.17999267578125,8160000,333.17999267578125
