date,open,high,low,close,volume,adjclose
2021-10-04,68.47000122070312,69.69999694824219,68.26000213623047,68.5,2765000,59.480194091796875
2021-10-05,68.98999786376953,70.0199966430664,68.66999816894531,69.52999877929688,474300,60.37456130981445
2021-10-06,68.83999633789062,69.47000122070312,67.97000122070312,69.4000015258789,2052100,60.26167678833008
2021-10-07,69.95999908447266,70.51000213623047,69.44000244140625,69.68000030517578,1960500,60.50482177734375
2021-10-08,69.44999694824219,70.5199966430664,69.37999725341797,70.18000030517578,422700,60.93896484375
2021-10-11,70.5999984741211,71.0199966430664,69.4000015258789,69.44000244140625,4357100,60.29640579223633
2021-10-12,69.31999969482422,69.72000122070312,68.93000030517578,69.18000030517578,521900,60.07064437866211
2021-10-13,69.12999725341797,69.19000244140625,67.33000183105469,68.62000274658203,564000,59.58439254760742
2021-10-14,69.26000213623047,69.58000183105469,68.41999816894531,69.56999969482422,1407300,60.4092903137207
2021-10-15,70.19999694824219,71.02999877929688,69.87000274658203,70.51000213623047,1118400,61.22552490234375
2021-10-18,70.18000030517578,71.44000244140625,70.18000030517578,70.86000061035156,888900,61.529441833496094
2021-10-19,71.05999755859375,71.47000122070312,70.55999755859375,71.47000122070312,520000,62.059104919433594
2021-10-20,71.37999725341797,72.87000274658203,71.05999755859375,72.87000274658203,497500,63.27476501464844
2021-10-21,72.8499984741211,73.19000244140625,71.87999725341797,72.33999633789062,553400,62.81453323364258
2021-10-22,72.7300033569336,73.66999816894531,72.7300033569336,73.38999938964844,571300,63.726287841796875
2021-10-25,73.73999786376953,73.7699966430664,73.02999877929688,73.16999816894531,391600,63.535247802734375
2021-10-26,73.33999633789062,73.41999816894531,72.66999816894531,72.80999755859375,460000,63.22265625
2021-10-27,72.4000015258789,72.44000244140625,70.9000015258789,70.91999816894531,1383800,61.58152389526367
2021-10-28,71.22000122070312,71.80999755859375,71.04000091552734,71.80000305175781,943500,62.345645904541016
2021-10-29,71.80999755859375,72.12999725341797,71.2300033569336,71.41999816894531,517100,62.01568603515625
2021-11-01,71.94000244140625,72.27999877929688,71.69000244140625,72.20999908447266,1874400,62.701656341552734
2021-11-02,72.08000183105469,72.44999694824219,71.72000122070312,72.06999969482422,1448500,62.5800895690918
2021-11-03,71.75,73.41999816894531,71.66999816894531,73.06999969482422,586500,63.44842529296875
2021-11-04,72.88999938964844,72.88999938964844,71.05999755859375,71.69999694824219,910500,62.25881576538086
2021-11-05,72.29000091552734,72.66999816894531,71.38999938964844,71.70999908447266,794900,62.26749801635742
2021-11-08,72.06999969482422,72.62000274658203,71.69999694824219,72.08999633789062,1527700,62.59746170043945
2021-11-09,71.51000213623047,71.91000366210938,71.1500015258789,71.69000244140625,3042500,62.25014877319336
2021-11-10,71.48999786376953,72.44999694824219,71.48999786376953,71.86000061035156,3423700,62.39773941040039
2021-11-11,72.05999755859375,72.62999725341797,71.70999908447266,72.30000305175781,2866000,62.77982711791992
2021-11-12,72.44000244140625,72.51000213623047,71.55999755859375,72.16999816894531,5907600,62.666934967041016
2021-11-15,72.4000015258789,72.75,72.20999908447266,72.43000030517578,241000,62.8927001953125
2021-11-16,72.55000305175781,72.7699966430664,71.94999694824219,72.27999877929688,1386200,62.762451171875
2021-11-17,72.16000366210938,72.16999816894531,71.19999694824219,71.43000030517578,1423100,62.024375915527344
2021-11-18,71.54000091552734,71.7300033569336,70.70999908447266,71.1500015258789,535600,61.78125
2021-11-19,70.27999877929688,70.63999938964844,69.2300033569336,70.2300033569336,358900,60.982391357421875
2021-11-22,71.2699966430664,72.25,70.94999694824219,71.4800033569336,1107300,62.06778335571289
2021-11-23,72.01000213623047,72.66999816894531,71.75,72.61000061035156,4054800,63.049007415771484
2021-11-24,72.55999755859375,73.02999877929688,72.13999938964844,72.5,905800,62.953487396240234
2021-11-26,69.79000091552734,69.98999786376953,68.27999877929688,69.51000213623047,1196200,60.357200622558594
2021-11-29,70.3499984741211,70.77999877929688,69.0199966430664,69.5999984741211,606600,60.435340881347656
2021-11-30,68.58000183105469,68.88999938964844,67.4000015258789,67.43000030517578,2695900,58.551082611083984
2021-12-01,68.93000030517578,69.7300033569336,66.6500015258789,66.6500015258789,1767500,57.87378692626953
2021-12-02,67.51000213623047,69.4800033569336,67.08999633789062,69.08999633789062,1929700,59.992488861083984
2021-12-03,69.20999908447266,69.25,66.80000305175781,67.23999786376953,1105200,58.3860969543457
2021-12-06,68.22000122070312,69.48999786376953,67.8499984741211,68.61000061035156,2834900,59.57569122314453
2021-12-07,69.38999938964844,69.94000244140625,68.9800033569336,69.62999725341797,1307100,60.46139144897461
2021-12-08,69.8499984741211,69.9000015258789,68.91999816894531,69.02999877929688,607200,59.94039535522461
2021-12-09,68.5,69.47000122070312,68.2300033569336,68.94999694824219,763700,59.87092971801758
2021-12-10,69.4000015258789,69.48999786376953,68.25,68.79000091552734,780400,59.73200607299805
2021-12-13,68.47000122070312,68.58000183105469,67.0999984741211,67.22000122070312,1099800,58.36874008178711
2021-12-14,67.31999969482422,68.66999816894531,67.31999969482422,67.93000030517578,2147100,58.98523712158203
2021-12-15,68.2300033569336,68.45999908447266,67.12999725341797,68.08000183105469,1418300,59.11548614501953
2021-12-16,69.0199966430664,69.80000305175781,68.43000030517578,68.79000091552734,5143900,59.73200607299805
2021-12-17,68.43000030517578,68.43000030517578,66.4000015258789,66.8499984741211,1554100,58.04745101928711
2021-12-20,65.29000091552734,65.29000091552734,63.869998931884766,64.94000244140625,1375300,56.798484802246094
2021-12-21,65.76000213623047,66.93000030517578,65.76000213623047,66.68000030517578,1117100,58.320335388183594
2021-12-22,66.51000213623047,67.11000061035156,66.3499984741211,66.93000030517578,1537800,58.539005279541016
2021-12-23,67.4000015258789,68.08999633789062,67.29000091552734,67.30000305175781,1670400,58.86262130737305
2021-12-27,67.55999755859375,68.1500015258789,66.97000122070312,68.1500015258789,378300,59.60606002807617
2021-12-28,68.04000091552734,68.5999984741211,67.9000015258789,68.0999984741211,241300,59.56231689453125
2021-12-29,68.26000213623047,68.4000015258789,67.91000366210938,68.08999633789062,280500,59.553565979003906
2021-12-30,68.25,68.70999908447266,67.80000305175781,67.91999816894531,407800,59.404869079589844
2021-12-31,67.83000183105469,68.18000030517578,67.62000274658203,67.83999633789062,228800,59.334896087646484
2022-01-03,68.5999984741211,69.76000213623047,68.5999984741211,69.62000274658203,1983700,60.891754150390625
2022-01-04,70.72000122070312,72.41999816894531,70.70999908447266,71.9800033569336,1963800,62.95588302612305
2022-01-05,72.43000030517578,72.75,71.16999816894531,71.30000305175781,1444300,62.36112594604492
2022-01-06,72.41000366210938,73.55999755859375,71.7699966430664,73.55000305175781,1017900,64.32904052734375
2022-01-07,73.7699966430664,74.87000274658203,73.36000061035156,74.72000122070312,4872300,65.35237884521484
2022-01-10,75.41999816894531,75.6500015258789,73.70999908447266,74.54000091552734,6244800,65.1949234008789
2022-01-11,75.0199966430664,75.2300033569336,74.08999633789062,75.19000244140625,2185700,65.76343536376953
2022-01-12,75.41000366210938,76.01000213623047,75.18000030517578,75.58000183105469,1643400,66.10456085205078
2022-01-13,76.01000213623047,76.47000122070312,75.51000213623047,75.75,4427600,66.25323486328125
2022-01-14,74.44999694824219,75.56999969482422,73.94999694824219,75.54000091552734,1853400,66.0695571899414
2022-01-18,75.5,75.5,73.37000274658203,73.73999786376953,1376500,64.49523162841797
2022-01-19,74.04000091552734,74.16000366210938,71.4000015258789,71.44000244140625,2035200,62.48358917236328
2022-01-20,71.44999694824219,72.3499984741211,70.06999969482422,70.2300033569336,791800,61.42528533935547
2022-01-21,69.52999877929688,69.58000183105469,67.58000183105469,67.94000244140625,1737800,59.42236328125
2022-01-24,66.66999816894531,68.83999633789062,65.31999969482422,68.61000061035156,8826700,60.008358001708984
2022-01-25,67.87999725341797,69.5,66.62000274658203,68.98999786376953,713100,60.340728759765625
2022-01-26,69.66000366210938,70.41000366210938,68.08000183105469,69.1500015258789,2637100,60.48065948486328
2022-01-27,69.95999908447266,70.66999816894531,67.83000183105469,68.31999969482422,750900,59.754722595214844
2022-01-28,68.37999725341797,69.06999969482422,67.12999725341797,69.06999969482422,842100,60.41071319580078
2022-01-31,68.56999969482422,69.5,67.75,69.31999969482422,5820700,60.629364013671875
2022-02-01,69.25,71.08000183105469,69.12999725341797,70.98999786376953,3318300,62.08998107910156
2022-02-02,70.97000122070312,71.36000061035156,70.19999694824219,71.23999786376953,1069800,62.308658599853516
2022-02-03,71.5199966430664,71.91000366210938,70.41000366210938,70.54000091552734,525700,61.69641876220703
2022-02-04,70.8499984741211,72.5999984741211,70.77999877929688,72.0199966430664,531500,62.9908561706543
2022-02-07,72.30000305175781,72.88999938964844,71.72000122070312,72.44999694824219,1749700,63.36693572998047
2022-02-08,73.31999969482422,74.08999633789062,73.26000213623047,73.94000244140625,993900,64.67015075683594
2022-02-09,74.16000366210938,74.38999938964844,73.72000122070312,74.05999755859375,1346000,64.77510833740234
2022-02-10,74.13999938964844,75.2300033569336,73.41999816894531,73.79000091552734,898300,64.53897857666016
2022-02-11,73.27999877929688,74.81999969482422,72.22000122070312,72.75,2920500,63.62932586669922
2022-02-14,73.0,73.30000305175781,71.37999725341797,72.0,907100,62.973358154296875
2022-02-15,72.9000015258789,73.66000366210938,72.75,73.38999938964844,3026900,64.18910217285156
2022-02-16,72.94999694824219,74.01000213623047,72.75,73.58000183105469,519300,64.35527801513672
2022-02-17,72.6500015258789,72.8499984741211,70.62000274658203,70.88999938964844,598200,62.002532958984375
2022-02-18,70.8499984741211,71.48999786376953,70.29000091552734,70.68000030517578,1067500,61.818843841552734
2022-02-22,70.31999969482422,71.16999816894531,69.79000091552734,70.47000122070312,1384300,61.63519287109375
2022-02-23,71.11000061035156,71.19000244140625,68.44000244140625,68.72000122070312,1095100,60.10458755493164
2022-02-24,65.88999938964844,67.43000030517578,64.91000366210938,67.20999908447266,1406700,58.78388595581055
2022-02-25,67.7300033569336,70.0999984741211,67.7300033569336,69.91999816894531,754000,61.154136657714844
2022-02-28,68.33999633789062,69.45999908447266,68.12000274658203,69.04000091552734,4787700,60.38446044921875
2022-03-01,68.19000244140625,68.30999755859375,64.56999969482422,65.08999633789062,5877500,56.92966842651367
2022-03-02,65.63999938964844,67.91000366210938,65.5999984741211,67.44000244140625,1945700,58.98504638671875
2022-03-03,67.73999786376953,67.91999816894531,66.25,66.87999725341797,758000,58.49525451660156
2022-03-04,65.37000274658203,65.37000274658203,63.709999084472656,64.61000061035156,3421000,56.509849548339844
2022-03-07,64.05000305175781,64.05000305175781,61.599998474121094,61.63999938964844,3863000,53.912193298339844
2022-03-08,62.400001525878906,63.939998626708984,61.45000076293945,62.02000045776367,4572200,54.244564056396484
2022-03-09,64.19000244140625,65.22000122070312,64.19000244140625,64.61000061035156,1566800,56.509849548339844
2022-03-10,63.529998779296875,64.5199966430664,63.0,63.88999938964844,569000,55.880126953125
2022-03-11,64.52999877929688,65.1500015258789,63.11000061035156,63.150001525878906,7028700,55.232887268066406
2022-03-14,64.11000061035156,65.51000213623047,63.869998931884766,64.25,2036200,56.19498825073242
2022-03-15,64.61000061035156,65.19999694824219,63.900001525878906,64.77999877929688,739100,56.658546447753906
2022-03-16,65.75,67.44999694824219,65.75,67.16000366210938,2244700,58.74016189575195
2022-03-17,66.33000183105469,67.0999984741211,65.30999755859375,67.0999984741211,910900,58.687686920166016
2022-03-18,66.77999877929688,67.16000366210938,65.6500015258789,66.95999908447266,503500,58.56523132324219
2022-03-21,67.12999725341797,67.31999969482422,65.7699966430664,66.31999969482422,882700,58.303245544433594
2022-03-22,67.19000244140625,68.45999908447266,67.19000244140625,67.80999755859375,623700,59.613136291503906
2022-03-23,67.05000305175781,67.31999969482422,65.7699966430664,65.87999725341797,424700,57.91643142700195
2022-03-24,66.4800033569336,66.58999633789062,65.72000122070312,66.33000183105469,513000,58.31205368041992
2022-03-25,66.66999816894531,67.62000274658203,66.44000244140625,67.30000305175781,799700,59.16480255126953
2022-03-28,66.9800033569336,66.9800033569336,65.52999877929688,66.5199966430664,1348800,58.47907257080078
2022-03-29,67.6500015258789,68.05000305175781,66.69999694824219,67.12999725341797,523400,59.015342712402344
2022-03-30,66.97000122070312,67.12999725341797,65.2699966430664,65.73999786376953,1174600,57.79336166381836
2022-03-31,65.55000305175781,65.81999969482422,63.709999084472656,63.7400016784668,1166200,56.035125732421875
2022-04-01,64.33999633789062,64.55999755859375,62.52000045776367,62.91999816894531,744400,55.31424331665039
2022-04-04,62.66999816894531,63.279998779296875,61.849998474121094,62.869998931884766,1954300,55.270286560058594
2022-04-05,62.79999923706055,63.20000076293945,62.18000030517578,62.33000183105469,932300,54.795570373535156
2022-04-06,61.900001525878906,61.97999954223633,61.290000915527344,61.439998626708984,2464500,54.01314926147461
2022-04-07,61.459999084472656,61.70000076293945,60.029998779296875,61.029998779296875,1227600,53.652713775634766
2022-04-08,61.119998931884766,61.88999938964844,60.849998474121094,61.529998779296875,593800,54.09226608276367
2022-04-11,61.369998931884766,62.650001525878906,61.2599983215332,61.540000915527344,738200,54.10105895996094
2022-04-12,61.4900016784668,62.18000030517578,60.33000183105469,60.709999084472656,758200,53.371395111083984
2022-04-13,59.97999954223633,60.810001373291016,59.66999816894531,60.810001373291016,981700,53.45929718017578
2022-04-14,60.810001373291016,61.27000045776367,59.79999923706055,59.95000076293945,486500,52.70325469970703
2022-04-18,59.61000061035156,60.77000045776367,59.61000061035156,60.52000045776367,1237800,53.2043571472168
2022-04-19,60.84000015258789,61.95000076293945,60.84000015258789,61.81999969482422,783400,54.34720993041992
2022-04-20,62.20000076293945,63.16999816894531,62.130001068115234,62.27000045776367,821400,54.74281692504883
2022-04-21,62.7599983215332,63.2400016784668,60.88999938964844,61.13999938964844,1883100,53.74940490722656
2022-04-22,61.27000045776367,61.369998931884766,59.54999923706055,59.59000015258789,923400,52.386783599853516
2022-04-25,59.040000915527344,59.77000045776367,57.900001525878906,59.599998474121094,3407600,52.39556121826172
2022-04-26,58.7599983215332,59.68000030517578,58.09000015258789,58.09000015258789,912100,51.068084716796875
2022-04-27,57.790000915527344,58.38999938964844,57.45000076293945,57.720001220703125,3253300,50.742820739746094
2022-04-28,58.349998474121094,58.63999938964844,57.38999938964844,58.5,537300,51.42853927612305
2022-04-29,58.2599983215332,58.709999084472656,56.47999954223633,56.58000183105469,597300,49.74061584472656
2022-05-02,57.0,57.34000015258789,55.9900016784668,57.2400016784668,2861200,50.320838928222656
2022-05-03,57.439998626708984,58.720001220703125,57.439998626708984,58.18000030517578,366600,51.147216796875
2022-05-04,58.25,60.22999954223633,57.970001220703125,60.16999816894531,1208300,52.896663665771484
2022-05-05,59.349998474121094,59.40999984741211,57.470001220703125,58.59000015258789,1247900,51.507652282714844
2022-05-06,58.29999923706055,58.38999938964844,56.90999984741211,57.90999984741211,853500,50.90985107421875
2022-05-09,57.09000015258789,57.47999954223633,56.290000915527344,56.779998779296875,910000,49.916439056396484
2022-05-10,57.310001373291016,57.689998626708984,54.869998931884766,55.93000030517578,1337800,49.169193267822266
2022-05-11,55.900001525878906,57.349998474121094,54.900001525878906,54.95000076293945,1357500,48.30765914916992
2022-05-12,54.52000045776367,55.22999954223633,53.439998626708984,54.65999984741211,2924400,48.05270767211914
2022-05-13,55.310001373291016,55.900001525878906,54.779998779296875,55.25,528700,48.5713996887207
2022-05-16,55.08000183105469,55.33000183105469,54.209999084472656,54.65999984741211,3515200,48.05270767211914
2022-05-17,55.86000061035156,56.95000076293945,55.790000915527344,56.7599983215332,1037100,49.89885711669922
2022-05-18,56.2599983215332,56.279998779296875,54.869998931884766,55.16999816894531,538600,48.50106430053711
2022-05-19,54.34000015258789,55.34000015258789,54.33000183105469,54.81999969482422,1042500,48.19337844848633
2022-05-20,55.45000076293945,55.66999816894531,53.56999969482422,54.84000015258789,1836800,48.21095657348633
2022-05-23,56.02000045776367,57.63999938964844,55.86000061035156,57.06999969482422,6016200,50.171390533447266
2022-05-24,56.689998626708984,57.0,55.5,56.81999969482422,1007500,49.95161056518555
2022-05-25,56.61000061035156,58.09000015258789,56.59000015258789,57.7400016784668,590800,50.76039505004883
2022-05-26,58.34000015258789,59.36000061035156,58.34000015258789,59.130001068115234,786500,51.982391357421875
2022-05-27,59.29999923706055,59.939998626708984,59.099998474121094,59.939998626708984,398200,52.69447326660156
2022-05-31,59.38999938964844,60.43000030517578,58.959999084472656,60.099998474121094,780500,52.835121154785156
2022-06-01,60.11000061035156,60.25,58.18000030517578,58.86000061035156,447200,51.745018005371094
2022-06-02,58.959999084472656,59.81999969482422,58.459999084472656,59.779998779296875,1077000,52.55380630493164
2022-06-03,59.220001220703125,59.4900016784668,58.88999938964844,58.970001220703125,338100,51.84172821044922
2022-06-06,59.4900016784668,60.2400016784668,59.150001525878906,59.18000030517578,382500,52.026344299316406
2022-06-07,58.61000061035156,59.75,58.52000045776367,59.630001068115234,1478300,52.421939849853516
2022-06-08,59.150001525878906,59.2599983215332,58.29999923706055,58.630001068115234,368600,51.542823791503906
2022-06-09,58.459999084472656,58.56999969482422,56.81999969482422,56.83000183105469,1395900,49.96039962768555
2022-06-10,55.470001220703125,55.81999969482422,54.22999954223633,54.349998474121094,968300,47.78018569946289
2022-06-13,53.0,53.40999984741211,52.16999816894531,52.5,1047200,46.15380859375
2022-06-14,52.86000061035156,53.380001068115234,51.619998931884766,52.099998474121094,927600,45.80216598510742
2022-06-15,52.83000183105469,53.689998626708984,52.0,52.869998931884766,836200,46.47908020019531
2022-06-16,51.75,51.81999969482422,50.810001373291016,51.43000030517578,656500,45.21315383911133
2022-06-17,51.650001525878906,52.529998779296875,51.33000183105469,51.880001068115234,797500,45.6087532043457
2022-06-21,52.47999954223633,53.060001373291016,52.11000061035156,52.41999816894531,460500,46.48218536376953
2022-06-22,51.66999816894531,52.56999969482422,51.66999816894531,52.25,690100,46.33144760131836
2022-06-23,52.189998626708984,52.189998626708984,50.63999938964844,51.54999923706055,1578000,45.71072769165039
2022-06-24,51.63999938964844,53.88999938964844,51.63999938964844,53.7400016784668,673500,47.652652740478516
2022-06-27,53.97999954223633,54.099998474121094,52.970001220703125,53.310001373291016,1529600,47.271358489990234
2022-06-28,54.0099983215332,54.709999084472656,53.0,53.09000015258789,683000,47.0762825012207
2022-06-29,53.220001220703125,53.25,52.369998931884766,52.58000183105469,348000,46.624061584472656
2022-06-30,51.619998931884766,52.45000076293945,50.599998474121094,51.7599983215332,1400300,45.896942138671875
2022-07-01,51.47999954223633,52.689998626708984,50.97999954223633,52.529998779296875,2968900,46.57971954345703
2022-07-05,51.38999938964844,52.4900016784668,50.709999084472656,52.47999954223633,546100,46.53538513183594
2022-07-06,52.209999084472656,52.529998779296875,51.5,52.0099983215332,1635000,46.118621826171875
2022-07-07,52.619998931884766,53.27000045776367,52.619998931884766,53.040000915527344,373100,47.031951904296875
2022-07-08,53.13999938964844,53.33000183105469,52.470001220703125,52.810001373291016,305600,46.828006744384766
2022-07-11,52.369998931884766,52.70000076293945,51.939998626708984,52.400001525878906,270000,46.46444320678711
2022-07-12,51.880001068115234,53.22999954223633,51.72999954223633,52.310001373291016,274200,46.384639739990234
2022-07-13,51.72999954223633,51.72999954223633,50.65999984741211,51.41999816894531,670500,45.595462799072266
2022-07-14,50.45000076293945,50.59000015258789,49.7400016784668,50.470001220703125,1599900,44.75306701660156
2022-07-15,51.439998626708984,53.720001220703125,51.33000183105469,53.31999969482422,1465400,47.28023147583008
2022-07-18,54.06999969482422,54.86000061035156,53.16999816894531,53.400001525878906,574500,47.35117721557617
2022-07-19,54.029998779296875,55.119998931884766,54.0099983215332,54.86000061035156,554100,48.64579391479492
2022-07-20,54.63999938964844,54.97999954223633,54.209999084472656,54.93000030517578,407600,48.707862854003906
2022-07-21,54.75,55.310001373291016,54.310001373291016,55.279998779296875,337400,49.01822280883789
2022-07-22,55.0099983215332,55.380001068115234,54.04999923706055,54.5099983215332,390700,48.33543395996094
2022-07-25,54.869998931884766,55.4900016784668,54.59000015258789,55.150001525878906,261300,48.9029426574707
2022-07-26,54.7599983215332,55.16999816894531,53.84000015258789,53.97999954223633,193200,47.865478515625
2022-07-27,54.16999816894531,55.349998474121094,54.02000045776367,55.0099983215332,321800,48.778812408447266
2022-07-28,54.959999084472656,55.279998779296875,53.9900016784668,54.88999938964844,1476400,48.672393798828125
2022-07-29,54.90999984741211,55.84000015258789,54.90999984741211,55.66999816894531,271300,49.36404037475586
2022-08-01,55.31999969482422,55.63999938964844,54.720001220703125,55.54999923706055,1108100,49.257633209228516
2022-08-02,55.209999084472656,55.41999816894531,54.63999938964844,54.7400016784668,375400,48.53939437866211
2022-08-03,55.27000045776367,55.84000015258789,54.939998626708984,55.58000183105469,600900,49.28424072265625
2022-08-04,55.59000015258789,55.630001068115234,54.959999084472656,55.11000061035156,197800,48.86747741699219
2022-08-05,54.900001525878906,56.099998474121094,54.900001525878906,55.779998779296875,680500,49.46158218383789
2022-08-08,56.099998474121094,56.2599983215332,55.47999954223633,55.52000045776367,177900,49.23103332519531
2022-08-09,55.59000015258789,55.81999969482422,55.400001525878906,55.779998779296875,177600,49.46158218383789
2022-08-10,56.52000045776367,57.790000915527344,56.52000045776367,57.31999969482422,1203900,50.82714080810547
2022-08-11,58.06999969482422,58.61000061035156,58.0,58.310001373291016,1506800,51.70500564575195
2022-08-12,58.619998931884766,59.099998474121094,58.209999084472656,59.099998474121094,222500,52.405513763427734
2022-08-15,58.470001220703125,59.04999923706055,58.2599983215332,58.93000030517578,1142000,52.2547721862793
2022-08-16,58.66999816894531,59.7599983215332,58.66999816894531,59.400001525878906,581100,52.67152786254883
2022-08-17,58.70000076293945,59.150001525878906,58.369998931884766,58.880001068115234,1634700,52.2104377746582
2022-08-18,58.72999954223633,58.86000061035156,58.31999969482422,58.84000015258789,114500,52.174964904785156
2022-08-19,58.380001068115234,58.380001068115234,57.41999816894531,57.68000030517578,158100,51.146366119384766
2022-08-22,56.77000045776367,56.77000045776367,56.11000061035156,56.41999816894531,235100,50.02908706665039
2022-08-23,56.349998474121094,56.81999969482422,56.15999984741211,56.220001220703125,342100,49.851749420166016
2022-08-24,56.119998931884766,56.560001373291016,55.81999969482422,56.310001373291016,377200,49.931549072265625
2022-08-25,56.4900016784668,57.33000183105469,56.34000015258789,57.279998779296875,215300,50.79167175292969
2022-08-26,57.52000045776367,57.650001525878906,55.34000015258789,55.38999938964844,389100,49.115753173828125
2022-08-29,55.0099983215332,55.33000183105469,54.560001373291016,54.88999938964844,289000,48.672393798828125
2022-08-30,55.189998626708984,55.290000915527344,54.31999969482422,54.7599983215332,259100,48.55712890625
2022-08-31,55.099998474121094,55.220001220703125,54.33000183105469,54.439998626708984,796300,48.27336883544922
2022-09-01,54.220001220703125,54.41999816894531,53.349998474121094,54.41999816894531,370900,48.25563430786133
2022-09-02,55.0099983215332,55.630001068115234,53.77000045776367,54.0,353800,47.88320541381836
2022-09-06,54.349998474121094,54.400001525878906,52.95000076293945,53.560001373291016,369700,47.4930419921875
2022-09-07,53.31999969482422,54.81999969482422,53.209999084472656,54.65999984741211,515600,48.46845245361328
2022-09-08,54.279998779296875,56.349998474121094,54.150001525878906,56.349998474121094,580400,49.96701431274414
2022-09-09,56.54999923706055,57.09000015258789,56.54999923706055,56.7400016784668,210000,50.312835693359375
2022-09-12,56.959999084472656,57.70000076293945,56.88999938964844,57.29999923706055,307400,50.80940628051758
2022-09-13,56.02000045776367,56.36000061035156,54.79999923706055,55.0099983215332,335200,48.778812408447266
2022-09-14,55.150001525878906,55.43000030517578,54.04999923706055,54.75,1068700,48.548248291015625
2022-09-15,54.709999084472656,56.220001220703125,54.709999084472656,55.439998626708984,2392000,49.16009521484375
2022-09-16,54.72999954223633,54.84000015258789,54.09000015258789,54.709999084472656,345900,48.512779235839844
2022-09-19,53.560001373291016,55.06999969482422,53.560001373291016,54.88999938964844,275900,49.01372146606445
2022-09-20,54.36000061035156,54.560001373291016,53.61000061035156,54.130001068115234,291700,48.33509063720703
2022-09-21,54.2400016784668,54.709999084472656,52.93000030517578,52.959999084472656,398800,47.290340423583984
2022-09-22,53.099998474121094,53.209999084472656,51.54999923706055,51.599998474121094,461700,46.07593536376953
2022-09-23,51.060001373291016,51.130001068115234,49.720001220703125,50.630001068115234,587400,45.20978546142578
2022-09-26,50.150001525878906,50.709999084472656,49.290000915527344,49.720001220703125,502100,44.39720153808594
2022-09-27,50.150001525878906,50.34000015258789,48.68000030517578,49.2599983215332,1550600,43.986446380615234
2022-09-28,49.310001373291016,50.529998779296875,49.220001220703125,50.20000076293945,1178100,44.825809478759766
2022-09-29,49.560001373291016,49.86000061035156,48.81999969482422,49.54999923706055,542400,44.24540710449219
2022-09-30,49.63999938964844,50.34000015258789,49.060001373291016,49.119998931884766,429600,43.86144256591797
2022-10-03,49.689998626708984,50.880001068115234,48.9900016784668,50.529998779296875,465700,45.1204833984375
2022-10-04,51.459999084472656,52.77000045776367,51.45000076293945,52.7599983215332,593700,47.11175537109375
2022-10-05,51.880001068115234,52.369998931884766,51.56999969482422,52.189998626708984,278600,46.6027717590332
2022-10-06,51.790000915527344,52.150001525878906,51.099998474121094,51.220001220703125,1053200,45.73662185668945
2022-10-07,50.70000076293945,50.81999969482422,49.75,50.099998474121094,851900,44.73651885986328
2022-10-10,50.31999969482422,50.529998779296875,49.36000061035156,49.66999816894531,558600,44.35255432128906
2022-10-11,49.25,49.58000183105469,48.40999984741211,48.630001068115234,904500,43.423892974853516
2022-10-12,48.52000045776367,49.209999084472656,48.16999816894531,48.56999969482422,405100,43.370323181152344
2022-10-13,47.7400016784668,51.2400016784668,47.5,51.02000045776367,1136400,45.558040618896484
2022-10-14,51.58000183105469,52.529998779296875,50.310001373291016,50.459999084472656,793100,45.057979583740234
2022-10-17,51.849998474121094,52.369998931884766,51.47999954223633,51.84000015258789,1104800,46.29024887084961
2022-10-18,53.04999923706055,53.310001373291016,51.709999084472656,52.4900016784668,734700,46.87065505981445
2022-10-19,51.59000015258789,52.0099983215332,50.36000061035156,50.560001373291016,356900,45.147281646728516
2022-10-20,50.400001525878906,51.15999984741211,49.220001220703125,49.400001525878906,1246400,44.11146545410156
2022-10-21,49.27000045776367,50.79999923706055,48.88999938964844,50.689998626708984,532700,45.26335906982422
2022-10-24,51.02000045776367,51.79999923706055,50.79999923706055,51.59000015258789,359900,46.0670166015625
2022-10-25,51.279998779296875,52.66999816894531,51.15999984741211,52.4900016784668,312400,46.87065505981445
2022-10-26,52.459999084472656,53.310001373291016,52.459999084472656,52.72999954223633,459200,47.084957122802734
2022-10-27,53.20000076293945,53.540000915527344,52.650001525878906,52.72999954223633,271200,47.084957122802734
2022-10-28,52.869998931884766,53.72999954223633,52.65999984741211,53.66999816894531,398900,47.9243278503418
2022-10-31,53.29999923706055,53.869998931884766,53.27000045776367,53.439998626708984,238600,47.71895980834961
2022-11-01,54.0099983215332,54.08000183105469,53.5,53.83000183105469,225800,48.067203521728516
2022-11-02,53.70000076293945,54.5,52.72999954223633,52.779998779296875,412400,47.129615783691406
2022-11-03,52.13999938964844,52.470001220703125,51.560001373291016,52.04999923706055,208900,46.47776794433594
2022-11-04,52.880001068115234,53.61000061035156,52.529998779296875,53.41999816894531,228000,47.70109176635742
2022-11-07,53.75,54.04999923706055,53.29999923706055,53.810001373291016,1061800,48.049346923828125
2022-11-08,53.86000061035156,54.400001525878906,53.560001373291016,54.099998474121094,371100,48.30829620361328
2022-11-09,53.66999816894531,53.66999816894531,52.849998474121094,52.95000076293945,921700,47.28140640258789
2022-11-10,54.52000045776367,56.040000915527344,54.52000045776367,55.95000076293945,1333700,49.960243225097656
2022-11-11,56.060001373291016,56.86000061035156,56.060001373291016,56.540000915527344,263700,50.48707962036133
2022-11-14,56.34000015258789,56.349998474121094,55.2400016784668,55.310001373291016,590800,49.388763427734375
2022-11-15,55.849998474121094,56.290000915527344,54.880001068115234,55.4900016784668,450300,49.549495697021484
2022-11-16,55.439998626708984,55.47999954223633,54.58000183105469,54.689998626708984,209800,48.83513641357422
2022-11-17,54.0,54.18000030517578,53.54999923706055,54.060001373291016,947600,48.272586822509766
2022-11-18,54.790000915527344,55.0,53.91999816894531,54.45000076293945,599700,48.6208381652832
2022-11-21,54.38999938964844,54.779998779296875,54.27000045776367,54.59000015258789,166800,48.745853424072266
2022-11-22,54.93000030517578,55.40999984741211,54.93000030517578,55.18000030517578,258700,49.272682189941406
2022-11-23,55.060001373291016,55.47999954223633,55.029998779296875,55.31999969482422,286800,49.3976936340332
2022-11-25,55.40999984741211,55.63999938964844,55.34000015258789,55.59000015258789,99700,49.63878631591797
2022-11-28,55.099998474121094,55.31999969482422,54.18000030517578,54.310001373291016,1081500,48.49581527709961
2022-11-29,54.33000183105469,54.959999084472656,54.27000045776367,54.93000030517578,214400,49.049442291259766
2022-11-30,54.880001068115234,56.02000045776367,53.75,55.97999954223633,1011900,49.987037658691406
2022-12-01,55.90999984741211,56.33000183105469,54.900001525878906,55.34000015258789,819900,49.41555404663086
2022-12-02,54.72999954223633,54.86000061035156,54.36000061035156,54.779998779296875,172700,48.91550064086914
2022-12-05,54.29999923706055,54.470001220703125,52.13999938964844,52.36000061035156,2410300,46.75457763671875
2022-12-06,52.220001220703125,52.650001525878906,51.02000045776367,51.52000045776367,828600,46.00450897216797
2022-12-07,51.130001068115234,52.099998474121094,50.90999984741211,51.619998931884766,406300,46.09379959106445
2022-12-08,51.880001068115234,52.11000061035156,51.380001068115234,51.779998779296875,700600,46.236671447753906
2022-12-09,51.5,52.13999938964844,51.5,51.7599983215332,197600,46.21881103515625
2022-12-12,51.77000045776367,52.689998626708984,51.36000061035156,52.52000045776367,1243500,46.8974494934082
2022-12-13,53.84000015258789,54.029998779296875,52.150001525878906,52.56999969482422,536900,46.94209289550781
2022-12-14,52.4900016784668,52.810001373291016,51.47999954223633,51.689998626708984,713500,46.15629577636719
2022-12-15,50.84000015258789,51.0099983215332,50.380001068115234,50.75,895500,45.31693649291992
2022-12-16,50.130001068115234,50.72999954223633,49.90999984741211,50.33000183105469,361600,44.941898345947266
2022-12-19,49.83000183105469,50.41999816894531,49.560001373291016,49.90999984741211,376300,44.930198669433594
2022-12-20,49.970001220703125,50.47999954223633,49.90999984741211,49.9900016784668,355000,45.00221252441406
2022-12-21,50.41999816894531,50.970001220703125,50.41999816894531,50.7599983215332,383500,45.69538879394531
2022-12-22,50.380001068115234,50.54999923706055,49.5099983215332,50.540000915527344,509200,45.49734115600586
2022-12-23,50.52000045776367,50.83000183105469,50.290000915527344,50.72999954223633,178800,45.66838836669922
2022-12-27,50.810001373291016,51.099998474121094,50.41999816894531,50.90999984741211,1454800,45.830421447753906
2022-12-28,50.869998931884766,51.11000061035156,50.56999969482422,50.77000045776367,1581000,45.70439147949219
2022-12-29,50.970001220703125,51.75,50.880001068115234,51.65999984741211,266600,46.50559616088867
2022-12-30,51.349998474121094,51.779998779296875,51.220001220703125,51.619998931884766,240400,46.46957778930664
2023-01-03,52.09000015258789,52.650001525878906,51.54999923706055,51.91999816894531,304500,46.73964309692383
2023-01-04,52.4900016784668,53.70000076293945,52.47999954223633,53.11000061035156,1890100,47.810916900634766
2023-01-05,52.65999984741211,52.790000915527344,52.08000183105469,52.619998931884766,1070100,47.36979675292969
2023-01-06,52.9900016784668,54.06999969482422,52.470001220703125,53.959999084472656,395500,48.57610321044922
2023-01-09,54.16999816894531,54.290000915527344,53.58000183105469,53.65999984741211,386300,48.306034088134766
2023-01-10,53.54999923706055,54.02000045776367,53.25,54.02000045776367,918300,48.6301155090332
2023-01-11,54.11000061035156,54.560001373291016,53.900001525878906,54.439998626708984,992900,49.00820541381836
2023-01-12,54.720001220703125,55.150001525878906,54.41999816894531,54.72999954223633,258500,49.2692756652832
2023-01-13,53.779998779296875,55.220001220703125,53.31999969482422,55.209999084472656,971400,49.70138168334961
2023-01-17,55.0,55.279998779296875,54.470001220703125,55.0099983215332,1152400,49.521339416503906
2023-01-18,54.529998779296875,54.93000030517578,53.59000015258789,53.61000061035156,661900,48.261024475097656
2023-01-19,52.95000076293945,53.5099983215332,52.459999084472656,53.18000030517578,1984800,47.87392807006836
2023-01-20,53.72999954223633,54.88999938964844,53.47999954223633,54.880001068115234,640300,49.404319763183594
2023-01-23,54.939998626708984,56.34000015258789,54.939998626708984,56.04999923706055,4068200,50.45756530761719
2023-01-24,55.959999084472656,56.22999954223633,55.380001068115234,55.689998626708984,311800,50.133487701416016
2023-01-25,55.2599983215332,56.58000183105469,55.20000076293945,56.560001373291016,649600,50.916683197021484
2023-01-26,56.86000061035156,57.310001373291016,56.47999954223633,57.130001068115234,1168700,51.4298095703125
2023-01-27,57.11000061035156,57.75,57.0099983215332,57.459999084472656,650900,51.72689437866211
2023-01-30,56.970001220703125,57.38999938964844,56.900001525878906,56.959999084472656,940700,51.276771545410156
2023-01-31,57.040000915527344,57.939998626708984,56.7400016784668,57.939998626708984,2311500,52.15899658203125
2023-02-01,57.290000915527344,58.79999923706055,57.2400016784668,58.2599983215332,673900,52.44706726074219
2023-02-02,58.709999084472656,59.5,58.29999923706055,58.95000076293945,2187100,53.06822967529297
2023-02-03,58.369998931884766,59.38999938964844,58.290000915527344,58.83000183105469,2095400,52.96019744873047
2023-02-06,58.27000045776367,58.459999084472656,57.970001220703125,58.36000061035156,468000,52.53709411621094
2023-02-07,58.119998931884766,59.349998474121094,58.0099983215332,59.119998931884766,6203800,53.22126007080078
2023-02-08,58.540000915527344,59.130001068115234,58.41999816894531,58.689998626708984,4767400,52.834171295166016
2023-02-09,58.88999938964844,59.06999969482422,57.68000030517578,57.83000183105469,595700,52.059974670410156
2023-02-10,57.560001373291016,57.79999923706055,57.209999084472656,57.77000045776367,508600,52.00596237182617
2023-02-13,57.650001525878906,58.40999984741211,57.58000183105469,58.40999984741211,206600,52.58210372924805
2023-02-14,58.27000045776367,58.650001525878906,57.72999954223633,58.27000045776367,248700,52.4560661315918
2023-02-15,57.91999816894531,58.38999938964844,57.59000015258789,58.27000045776367,1121000,52.4560661315918
2023-02-16,57.630001068115234,58.0099983215332,57.310001373291016,57.45000076293945,284300,51.71788787841797
2023-02-17,57.209999084472656,57.540000915527344,56.84000015258789,57.459999084472656,332900,51.72689437866211
2023-02-21,56.84000015258789,56.93000030517578,55.619998931884766,55.91999816894531,1813700,50.34054946899414
2023-02-22,55.90999984741211,56.099998474121094,55.41999816894531,55.75,635400,50.18750762939453
2023-02-23,55.880001068115234,56.40999984741211,55.279998779296875,55.939998626708984,3292900,50.358543395996094
2023-02-24,55.310001373291016,56.08000183105469,55.220001220703125,56.029998779296875,1080600,50.439571380615234
2023-02-27,56.540000915527344,56.90999984741211,56.04999923706055,56.220001220703125,2568500,50.61061477661133
2023-02-28,56.25,56.709999084472656,56.15999984741211,56.33000183105469,2790700,50.709632873535156
2023-03-01,56.11000061035156,56.41999816894531,55.84000015258789,56.20000076293945,612500,50.59260559082031
2023-03-02,55.79999923706055,55.79999923706055,54.599998474121094,55.22999954223633,1287900,49.719390869140625
2023-03-03,55.43000030517578,56.36000061035156,55.43000030517578,56.290000915527344,279400,50.67362594604492
2023-03-06,56.310001373291016,56.709999084472656,55.959999084472656,56.060001373291016,2525000,50.466575622558594
2023-03-07,55.790000915527344,55.790000915527344,53.77000045776367,53.900001525878906,648600,48.522090911865234
2023-03-08,53.86000061035156,54.130001068115234,53.189998626708984,53.4900016784668,573500,48.15300369262695
2023-03-09,52.439998626708984,52.439998626708984,49.189998626708984,49.40999984741211,1870700,44.48008346557617
2023-03-10,47.5099983215332,49.810001373291016,45.79999923706055,47.54999923706055,15369000,42.805667877197266
2023-03-13,42.560001373291016,43.810001373291016,40.27000045776367,41.849998474121094,12097600,37.67438507080078
2023-03-14,45.58000183105469,45.599998474121094,42.540000915527344,43.130001068115234,4044000,38.8266716003418
2023-03-15,41.5,42.150001525878906,40.970001220703125,41.75,5728800,37.58436965942383
2023-03-16,41.13999938964844,43.56999969482422,40.22999954223633,42.849998474121094,6523100,38.57461166381836
2023-03-17,41.810001373291016,41.939998626708984,40.439998626708984,40.630001068115234,4267600,36.57611846923828
2023-03-20,41.02000045776367,41.869998931884766,40.459999084472656,40.58000183105469,3395600,36.83390426635742
2023-03-21,42.189998626708984,42.91999816894531,41.959999084472656,42.58000183105469,2723600,38.64926528930664
2023-03-22,42.65999984741211,42.65999984741211,40.560001373291016,40.560001373291016,4540900,36.81574249267578
2023-03-23,40.939998626708984,41.22999954223633,39.63999938964844,39.869998931884766,2220300,36.18943786621094
2023-03-24,39.290000915527344,40.189998626708984,38.91999816894531,40.06999969482422,1793500,36.3709831237793
2023-03-27,41.43000030517578,41.75,40.70000076293945,41.06999969482422,1306800,37.278663635253906
2023-03-28,41.060001373291016,41.439998626708984,40.7599983215332,41.209999084472656,1071700,37.40574264526367
2023-03-29,41.68000030517578,42.09000015258789,41.56999969482422,42.08000183105469,1406700,38.195430755615234
2023-03-30,42.599998474121094,42.689998626708984,41.38999938964844,41.630001068115234,1861500,37.786964416503906
2023-03-31,41.97999954223633,42.11000061035156,41.45000076293945,41.970001220703125,889700,38.095584869384766
2023-04-03,42.04999923706055,42.349998474121094,41.470001220703125,41.7599983215332,3668800,37.90496063232422
2023-04-04,41.939998626708984,42.04999923706055,40.5099983215332,40.95000076293945,2285300,37.169734954833984
2023-04-05,40.439998626708984,40.939998626708984,40.22999954223633,40.77000045776367,3084700,37.0063591003418
2023-04-06,40.81999969482422,41.5099983215332,40.779998779296875,41.220001220703125,936200,37.41481399536133
2023-04-10,41.040000915527344,41.75,40.88999938964844,41.560001373291016,648600,37.723426818847656
2023-04-11,41.709999084472656,42.29999923706055,41.529998779296875,42.09000015258789,6278800,38.204505920410156
2023-04-12,42.310001373291016,42.5,41.459999084472656,41.77000045776367,2409200,37.91404342651367
2023-04-13,41.81999969482422,42.150001525878906,41.31999969482422,42.060001373291016,914200,38.177276611328125
2023-04-14,42.84000015258789,43.08000183105469,42.279998779296875,42.52000045776367,2906600,38.59480667114258
2023-04-17,42.060001373291016,43.13999938964844,41.41999816894531,43.130001068115234,797100,39.14849853515625
2023-04-18,43.27000045776367,43.27000045776367,42.58000183105469,43.209999084472656,1704700,39.22110366821289
2023-04-19,43.209999084472656,44.060001373291016,42.9900016784668,43.939998626708984,1548500,39.88372039794922
2023-04-20,43.2599983215332,43.61000061035156,42.91999816894531,43.15999984741211,852900,39.17572021484375
2023-04-21,42.83000183105469,42.83000183105469,42.22999954223633,42.4900016784668,674900,38.56757736206055
2023-04-24,42.38999938964844,42.59000015258789,42.09000015258789,42.310001373291016,666200,38.404197692871094
2023-04-25,41.709999084472656,41.709999084472656,40.630001068115234,40.86000061035156,1331600,37.088050842285156
2023-04-26,40.709999084472656,41.13999938964844,40.08000183105469,40.439998626708984,997700,36.706825256347656
2023-04-27,40.61000061035156,41.27000045776367,40.54999923706055,41.06999969482422,572600,37.278663635253906
2023-04-28,40.650001525878906,41.849998474121094,40.5099983215332,41.720001220703125,1114500,37.86865997314453
2023-05-01,41.880001068115234,41.970001220703125,40.95000076293945,40.970001220703125,891000,37.187896728515625
2023-05-02,40.79999923706055,40.810001373291016,38.70000076293945,39.189998626708984,2701300,35.57221221923828
2023-05-03,39.25,39.7599983215332,38.33000183105469,38.439998626708984,4187100,34.891448974609375
2023-05-04,37.5099983215332,37.93000030517578,36.189998626708984,37.0,6299100,33.584381103515625
2023-05-05,38.459999084472656,38.84000015258789,38.0,38.689998626708984,1581800,35.11837387084961
2023-05-08,39.400001525878906,39.529998779296875,38.540000915527344,38.599998474121094,1911900,35.036685943603516
2023-05-09,38.22999954223633,38.83000183105469,37.939998626708984,38.59000015258789,1493500,35.02760696411133
2023-05-10,39.2400016784668,39.2400016784668,37.689998626708984,38.11000061035156,1293000,34.5919075012207
2023-05-11,37.59000015258789,37.95000076293945,37.279998779296875,37.65999984741211,1116500,34.18345642089844
2023-05-12,38.0099983215332,38.029998779296875,37.04999923706055,37.38999938964844,812000,33.938377380371094
2023-05-15,37.52000045776367,38.4900016784668,37.45000076293945,38.369998931884766,910100,34.827911376953125
2023-05-16,38.439998626708984,38.599998474121094,37.79999923706055,37.79999923706055,807000,34.31053161621094
2023-05-17,38.40999984741211,39.75,38.40999984741211,39.72999954223633,3023000,36.0623664855957
2023-05-18,39.63999938964844,40.029998779296875,39.209999084472656,39.959999084472656,1293500,36.2711296081543
2023-05-19,40.08000183105469,40.220001220703125,39.119998931884766,39.560001373291016,1676200,35.908058166503906
2023-05-22,39.86000061035156,40.33000183105469,39.540000915527344,40.2599983215332,1219800,36.543434143066406
2023-05-23,40.29999923706055,41.34000015258789,40.29999923706055,40.5,1374600,36.761287689208984
2023-05-24,40.130001068115234,40.31999969482422,39.599998474121094,39.790000915527344,2785500,36.1168327331543
2023-05-25,39.68000030517578,39.97999954223633,39.310001373291016,39.720001220703125,662300,36.05328369140625
2023-05-26,39.779998779296875,40.189998626708984,39.459999084472656,40.099998474121094,2355200,36.39820861816406
2023-05-30,40.220001220703125,40.36000061035156,39.529998779296875,40.22999954223633,1364100,36.516212463378906
2023-05-31,39.83000183105469,39.880001068115234,38.84000015258789,39.2400016784668,3390000,35.61760711669922
2023-06-01,39.540000915527344,40.189998626708984,39.060001373291016,39.93000030517578,777900,36.243900299072266
2023-06-02,40.63999938964844,41.619998931884766,40.45000076293945,41.400001525878906,1420200,37.57819366455078
2023-06-05,41.5,41.560001373291016,40.619998931884766,40.959999084472656,958400,37.17881774902344
2023-06-06,40.900001525878906,42.470001220703125,40.81999969482422,42.150001525878906,2348700,38.25895690917969
2023-06-07,42.38999938964844,42.91999816894531,41.95000076293945,42.779998779296875,1105600,38.830814361572266
2023-06-08,42.619998931884766,42.70000076293945,42.08000183105469,42.599998474121094,651700,38.66741943359375
2023-06-09,42.5099983215332,42.7400016784668,42.2400016784668,42.380001068115234,883100,38.46773910522461
2023-06-12,42.349998474121094,42.90999984741211,41.439998626708984,41.939998626708984,973700,38.06835174560547
2023-06-13,41.959999084472656,42.93000030517578,41.68000030517578,42.58000183105469,1109200,38.64926528930664
2023-06-14,42.790000915527344,43.0099983215332,41.619998931884766,41.83000183105469,1257500,37.96851348876953
2023-06-15,41.63999938964844,42.529998779296875,41.45000076293945,42.45000076293945,1277500,38.5312614440918
2023-06-16,42.720001220703125,42.720001220703125,41.9900016784668,42.16999816894531,597900,38.27711868286133
2023-06-20,41.40999984741211,41.470001220703125,40.900001525878906,41.279998779296875,1035000,37.86979675292969
2023-06-21,41.2400016784668,41.40999984741211,40.90999984741211,41.029998779296875,1599300,37.640445709228516
2023-06-22,40.97999954223633,40.97999954223633,40.02000045776367,40.060001373291016,1221900,36.75058364868164
2023-06-23,39.66999816894531,39.86000061035156,39.43000030517578,39.63999938964844,627800,36.36528015136719
2023-06-26,39.689998626708984,40.29999923706055,39.689998626708984,39.90999984741211,632900,36.61296844482422
2023-06-27,39.939998626708984,40.45000076293945,39.650001525878906,40.33000183105469,608700,36.99828338623047
2023-06-28,40.279998779296875,40.279998779296875,39.84000015258789,40.18000030517578,773100,36.860660552978516
2023-06-29,40.630001068115234,41.08000183105469,40.529998779296875,40.95000076293945,1925000,37.56705856323242
2023-06-30,41.29999923706055,41.439998626708984,40.88999938964844,41.04999923706055,607900,37.65879821777344
2023-07-03,41.189998626708984,42.0099983215332,41.189998626708984,41.75,378100,38.300968170166016
2023-07-05,41.470001220703125,41.84000015258789,41.209999084472656,41.40999984741211,2371200,37.98906326293945
2023-07-06,40.90999984741211,40.90999984741211,40.18000030517578,40.75,1843700,37.38357925415039
2023-07-07,40.70000076293945,41.689998626708984,40.70000076293945,41.290000915527344,569700,37.878971099853516
2023-07-10,41.13999938964844,41.720001220703125,41.08000183105469,41.41999816894531,400300,37.99822998046875
2023-07-11,41.65999984741211,42.189998626708984,41.38999938964844,42.09000015258789,2787600,38.61288833618164
2023-07-12,42.790000915527344,43.369998931884766,42.43000030517578,42.560001373291016,807500,39.04405975341797
2023-07-13,42.83000183105469,43.22999954223633,42.59000015258789,43.11000061035156,645700,39.54861831665039
2023-07-14,43.560001373291016,43.66999816894531,42.08000183105469,42.130001068115234,1045500,38.64958190917969
2023-07-17,42.08000183105469,42.70000076293945,41.970001220703125,42.56999969482422,459600,39.053226470947266
2023-07-18,42.650001525878906,43.90999984741211,42.650001525878906,43.869998931884766,849100,40.24583435058594
2023-07-19,44.04999923706055,45.2400016784668,43.95000076293945,45.06999969482422,9802800,41.346702575683594
2023-07-20,44.900001525878906,45.349998474121094,44.61000061035156,45.33000183105469,4626500,41.585227966308594
2023-07-21,45.630001068115234,45.630001068115234,44.72999954223633,44.88999938964844,784900,41.18157196044922
2023-07-24,44.95000076293945,45.939998626708984,44.93000030517578,45.65999984741211,1373200,41.887962341308594
2023-07-25,45.65999984741211,45.849998474121094,44.90999984741211,44.91999816894531,1567100,41.20908737182617
2023-07-26,45.459999084472656,45.9900016784668,45.400001525878906,45.779998779296875,1133700,41.998046875
2023-07-27,45.959999084472656,46.380001068115234,45.11000061035156,45.22999954223633,1645500,41.49348831176758
2023-07-28,45.599998474121094,45.77000045776367,45.29999923706055,45.61000061035156,1644900,41.84208679199219
2023-07-31,45.779998779296875,46.06999969482422,45.5,45.810001373291016,407800,42.025569915771484
2023-08-01,45.599998474121094,45.599998474121094,44.97999954223633,45.36000061035156,580700,41.61274719238281
2023-08-02,44.720001220703125,44.90999984741211,44.290000915527344,44.86000061035156,805600,41.154052734375
2023-08-03,44.68000030517578,45.34000015258789,44.4900016784668,45.16999816894531,630200,41.438438415527344
2023-08-04,45.13999938964844,45.70000076293945,45.02000045776367,45.130001068115234,867000,41.401737213134766
2023-08-07,45.29999923706055,45.66999816894531,45.279998779296875,45.540000915527344,439200,41.77787399291992
2023-08-08,44.310001373291016,45.029998779296875,43.75,44.97999954223633,809900,41.26413345336914
2023-08-09,44.75,44.959999084472656,44.22999954223633,44.25,940000,40.594444274902344
2023-08-10,44.43000030517578,44.86000061035156,44.18000030517578,44.36000061035156,520200,40.69535827636719
2023-08-11,44.130001068115234,44.650001525878906,44.029998779296875,44.52000045776367,584200,40.842140197753906
2023-08-14,44.209999084472656,44.209999084472656,43.630001068115234,43.79999923706055,854000,40.181617736816406
2023-08-15,43.13999938964844,43.189998626708984,42.459999084472656,42.599998474121094,736900,39.080745697021484
2023-08-16,42.40999984741211,42.599998474121094,42.130001068115234,42.20000076293945,817000,38.71379089355469
2023-08-17,42.38999938964844,42.54999923706055,42.029998779296875,42.18000030517578,875300,38.6954460144043
2023-08-18,41.79999923706055,42.25,41.689998626708984,42.040000915527344,616600,38.567020416259766
2023-08-21,42.119998931884766,42.22999954223633,41.5,41.900001525878906,410600,38.43857955932617
2023-08-22,41.880001068115234,41.97999954223633,40.779998779296875,40.81999969482422,433500,37.44779968261719
2023-08-23,40.810001373291016,41.29999923706055,40.59000015258789,41.27000045776367,385500,37.860626220703125
2023-08-24,41.27000045776367,41.959999084472656,41.18000030517578,41.29999923706055,489300,37.888145446777344
2023-08-25,41.459999084472656,41.709999084472656,40.810001373291016,41.11000061035156,851400,37.71384811401367
2023-08-28,41.349998474121094,41.90999984741211,41.34000015258789,41.63999938964844,644800,38.2000617980957
2023-08-29,41.630001068115234,42.33000183105469,41.5099983215332,42.20000076293945,386200,38.71379089355469
2023-08-30,42.20000076293945,42.310001373291016,41.880001068115234,41.970001220703125,381300,38.50279998779297
2023-08-31,42.09000015258789,42.20000076293945,41.83000183105469,41.959999084472656,352000,38.493629455566406
2023-09-01,42.22999954223633,42.689998626708984,42.22999954223633,42.43000030517578,639200,38.92479705810547
2023-09-05,42.279998779296875,42.77000045776367,42.02000045776367,42.02000045776367,538600,38.548667907714844
2023-09-06,41.81999969482422,41.900001525878906,41.130001068115234,41.470001220703125,650100,38.04410171508789
2023-09-07,41.22999954223633,41.61000061035156,40.880001068115234,40.9900016784668,527100,37.603755950927734
2023-09-08,40.9900016784668,41.439998626708984,40.66999816894531,41.43000030517578,301900,38.007408142089844
2023-09-11,41.720001220703125,42.209999084472656,41.47999954223633,41.54999923706055,350800,38.11750030517578
2023-09-12,41.56999969482422,42.59000015258789,41.439998626708984,42.25,506400,38.7596549987793
2023-09-13,42.459999084472656,42.70000076293945,41.66999816894531,41.900001525878906,432600,38.43857955932617
2023-09-14,42.290000915527344,42.83000183105469,42.290000915527344,42.66999816894531,468900,39.14495849609375
2023-09-15,42.439998626708984,42.66999816894531,42.16999816894531,42.40999984741211,493800,38.90644836425781
2023-09-18,41.970001220703125,41.970001220703125,41.5,41.77000045776367,476000,38.68878173828125
2023-09-19,41.7599983215332,41.9900016784668,41.279998779296875,41.59000015258789,1637000,38.52206039428711
2023-09-20,41.77000045776367,42.06999969482422,41.220001220703125,41.25,1653300,38.20714569091797
2023-09-21,40.939998626708984,41.31999969482422,40.59000015258789,40.599998474121094,637900,37.605079650878906
2023-09-22,40.72999954223633,40.72999954223633,40.06999969482422,40.08000183105469,451200,37.123451232910156
2023-09-25,39.970001220703125,40.31999969482422,39.75,40.29999923706055,327500,37.32722091674805
2023-09-26,39.88999938964844,40.209999084472656,39.5099983215332,39.65999984741211,411700,36.73442459106445
2023-09-27,39.779998779296875,39.79999923706055,39.18000030517578,39.52000045776367,528600,36.604759216308594
2023-09-28,39.45000076293945,40.16999816894531,39.45000076293945,39.97999954223633,552500,37.03082275390625
2023-09-29,40.34000015258789,40.619998931884766,39.91999816894531,40.06999969482422,440700,37.11418533325195
2023-10-02,39.880001068115234,40.02000045776367,38.93000030517578,39.099998474121094,3660400,36.215728759765625
2023-10-03,38.810001373291016,38.84000015258789,38.099998474121094,38.279998779296875,1017100,35.45623016357422
2023-10-04,38.31999969482422,38.459999084472656,37.88999938964844,38.40999984741211,627500,35.576637268066406
2023-10-05,38.2599983215332,38.720001220703125,37.970001220703125,38.65999984741211,457400,35.80819320678711
2023-10-06,38.36000061035156,39.25,38.060001373291016,38.939998626708984,621200,36.06753921508789
2023-10-09,38.560001373291016,39.099998474121094,38.45000076293945,38.97999954223633,4336200,36.104591369628906
2023-10-10,39.33000183105469,39.939998626708984,39.33000183105469,39.58000183105469,3783100,36.66032409667969
2023-10-11,39.70000076293945,40.04999923706055,39.279998779296875,39.529998779296875,815400,36.614017486572266
2023-10-12,39.560001373291016,39.59000015258789,38.83000183105469,39.150001525878906,731700,36.262054443359375
2023-10-13,39.599998474121094,39.970001220703125,38.79999923706055,38.9900016784668,827100,36.11384963989258
2023-10-16,39.36000061035156,39.689998626708984,39.09000015258789,39.599998474121094,648400,36.67885208129883
2023-10-17,39.33000183105469,40.540000915527344,39.27000045776367,40.290000915527344,977000,37.31795883178711
2023-10-18,39.880001068115234,40.06999969482422,39.16999816894531,39.2599983215332,1145200,36.36393356323242
2023-10-19,39.209999084472656,39.779998779296875,38.70000076293945,38.720001220703125,1503900,35.86376953125
2023-10-20,38.41999816894531,38.52000045776367,37.40999984741211,37.54999923706055,900700,34.78007507324219
2023-10-23,37.400001525878906,37.79999923706055,37.11000061035156,37.13999938964844,870400,34.40031814575195
2023-10-24,37.310001373291016,37.54999923706055,36.91999816894531,37.11000061035156,2415600,34.37253189086914
2023-10-25,36.939998626708984,37.130001068115234,36.5099983215332,37.0099983215332,1144900,34.2799072265625
2023-10-26,37.0099983215332,37.93000030517578,37.0,37.619998931884766,1520100,34.844913482666016
2023-10-27,37.63999938964844,37.63999938964844,36.599998474121094,36.7400016784668,890100,34.02983474731445
2023-10-30,37.04999923706055,37.58000183105469,36.83000183105469,37.459999084472656,622200,34.69671630859375
2023-10-31,37.47999954223633,37.93000030517578,37.349998474121094,37.900001525878906,2825700,35.1042594909668
2023-11-01,37.93000030517578,38.2400016784668,37.66999816894531,37.959999084472656,1695200,35.15983581542969
2023-11-02,38.33000183105469,39.70000076293945,38.33000183105469,39.66999816894531,687000,36.74368667602539
2023-11-03,40.47999954223633,41.16999816894531,40.47999954223633,40.900001525878906,939800,37.882957458496094
2023-11-06,40.97999954223633,41.119998931884766,40.29999923706055,40.58000183105469,403000,37.58656311035156
2023-11-07,40.349998474121094,40.54999923706055,40.20000076293945,40.380001068115234,432200,37.40131759643555
2023-11-08,40.400001525878906,40.400001525878906,40.0,40.22999954223633,600100,37.26237487792969
2023-11-09,40.380001068115234,40.4900016784668,39.560001373291016,39.66999816894531,409600,36.74368667602539
2023-11-10,39.84000015258789,40.13999938964844,39.529998779296875,40.119998931884766,396600,37.16049575805664
2023-11-13,39.900001525878906,40.209999084472656,39.66999816894531,40.0099983215332,396200,37.05860900878906
2023-11-14,41.02000045776367,42.2599983215332,41.0099983215332,41.869998931884766,747100,38.781402587890625
2023-11-15,41.95000076293945,42.619998931884766,41.939998626708984,42.4900016784668,548600,39.35567092895508
2023-11-16,42.41999816894531,42.59000015258789,41.9900016784668,42.27000045776367,976600,39.15190124511719
2023-11-17,42.560001373291016,42.880001068115234,42.369998931884766,42.880001068115234,1321600,39.71690368652344
2023-11-20,42.79999923706055,42.970001220703125,42.40999984741211,42.79999923706055,590800,39.642799377441406
2023-11-21,42.68000030517578,42.68000030517578,42.22999954223633,42.2599983215332,1185400,39.14263153076172
2023-11-22,42.45000076293945,42.58000183105469,42.16999816894531,42.36000061035156,319800,39.235260009765625
2023-11-24,42.369998931884766,42.65999984741211,42.20000076293945,42.4900016784668,163500,39.35567092895508
2023-11-27,42.349998474121094,42.36000061035156,42.11000061035156,42.290000915527344,344700,39.17042541503906
2023-11-28,42.209999084472656,42.5,41.97999954223633,42.41999816894531,345000,39.290828704833984
2023-11-29,42.63999938964844,43.65999984741211,42.63999938964844,43.290000915527344,2376900,40.096656799316406
2023-11-30,43.5099983215332,43.84000015258789,43.18000030517578,43.7400016784668,716400,40.51346206665039
2023-12-01,43.63999938964844,45.0099983215332,43.59000015258789,44.939998626708984,1328200,41.62493896484375
2023-12-04,44.58000183105469,45.27000045776367,44.47999954223633,45.16999816894531,749700,41.837974548339844
2023-12-05,44.95000076293945,44.95000076293945,44.43000030517578,44.65999984741211,646800,41.3656005859375
2023-12-06,44.939998626708984,45.630001068115234,44.41999816894531,44.4900016784668,2658400,41.2081413269043
2023-12-07,44.599998474121094,45.130001068115234,44.560001373291016,45.08000183105469,812100,41.75461196899414
2023-12-08,45.13999938964844,45.849998474121094,44.9900016784668,45.689998626708984,1732600,42.31961441040039
2023-12-11,45.54999923706055,45.869998931884766,45.5,45.720001220703125,737600,42.34740447998047
2023-12-12,45.7599983215332,45.81999969482422,45.40999984741211,45.68000030517578,472700,42.31035232543945
2023-12-13,45.709999084472656,47.41999816894531,45.56999969482422,47.380001068115234,1289900,43.88495635986328
2023-12-14,48.369998931884766,50.040000915527344,48.349998474121094,49.79999923706055,1689500,46.12643814086914
2023-12-15,49.56999969482422,49.9900016784668,49.150001525878906,49.400001525878906,1520100,45.755950927734375
2023-12-18,49.290000915527344,49.290000915527344,48.61000061035156,48.619998931884766,1074500,45.38998794555664
2023-12-19,48.61000061035156,49.290000915527344,48.36000061035156,49.189998626708984,803100,45.92211151123047
2023-12-20,48.939998626708984,49.27000045776367,48.09000015258789,48.130001068115234,1611700,44.93254089355469
2023-12-21,48.529998779296875,48.790000915527344,48.220001220703125,48.65999984741211,383900,45.427330017089844
2023-12-22,48.91999816894531,49.2400016784668,48.56999969482422,48.77000045776367,364000,45.53002166748047
2023-12-26,48.900001525878906,49.369998931884766,48.72999954223633,49.2599983215332,247100,45.98747253417969
2023-12-27,49.18000030517578,49.459999084472656,48.93000030517578,49.38999938964844,415900,46.108821868896484
2023-12-28,49.2400016784668,49.56999969482422,49.2400016784668,49.5099983215332,448900,46.220855712890625
2023-12-29,49.40999984741211,49.529998779296875,49.09000015258789,49.189998626708984,548800,45.92211151123047
2024-01-02,48.91999816894531,49.86000061035156,48.81999969482422,49.650001525878906,1155600,46.351558685302734
2024-01-03,49.380001068115234,49.400001525878906,48.45000076293945,48.689998626708984,1157100,45.4553337097168
2024-01-04,48.66999816894531,49.470001220703125,48.65999984741211,48.9900016784668,446300,45.73541259765625
2024-01-05,48.880001068115234,50.15999984741211,48.84000015258789,49.779998779296875,2143700,46.47291946411133
2024-01-08,49.7400016784668,49.970001220703125,49.189998626708984,49.939998626708984,752900,46.622291564941406
2024-01-09,49.58000183105469,49.619998931884766,49.27000045776367,49.400001525878906,573800,46.11817169189453
2024-01-10,49.2599983215332,49.279998779296875,48.849998474121094,49.220001220703125,679700,45.95012664794922
2024-01-11,48.970001220703125,48.970001220703125,48.060001373291016,48.72999954223633,1459600,45.492679595947266
2024-01-12,48.810001373291016,49.22999954223633,47.959999084472656,48.25,2190200,45.0445671081543
2024-01-16,47.54999923706055,47.86000061035156,47.13999938964844,47.599998474121094,2086200,44.437747955322266
2024-01-17,46.90999984741211,47.68000030517578,46.84000015258789,47.279998779296875,3584800,44.138999938964844
2024-01-18,47.34000015258789,47.54999923706055,46.529998779296875,47.04999923706055,1554500,43.924285888671875
2024-01-19,47.31999969482422,48.27000045776367,47.029998779296875,48.25,767500,45.0445671081543
2024-01-22,48.439998626708984,48.959999084472656,48.349998474121094,48.63999938964844,400500,45.40865707397461
2024-01-23,48.59000015258789,48.84000015258789,48.29999923706055,48.619998931884766,387700,45.38998794555664
2024-01-24,48.93000030517578,49.459999084472656,48.83000183105469,49.099998474121094,1508800,45.83809280395508
2024-01-25,49.439998626708984,49.58000183105469,48.86000061035156,49.33000183105469,426700,46.052818298339844
2024-01-26,49.31999969482422,49.77000045776367,49.29999923706055,49.41999816894531,342300,46.1368293762207
2024-01-29,49.290000915527344,49.79999923706055,49.189998626708984,49.779998779296875,391300,46.47291946411133
2024-01-30,49.90999984741211,50.41999816894531,49.849998474121094,50.31999969482422,1478500,46.977046966552734
2024-01-31,49.5099983215332,50.27000045776367,49.11000061035156,49.119998931884766,879000,45.85676956176758
2024-02-01,49.130001068115234,49.34000015258789,47.34000015258789,48.29999923706055,2613500,45.09123992919922
2024-02-02,47.77000045776367,48.88999938964844,47.77000045776367,48.68000030517578,945300,45.44599914550781
2024-02-05,48.209999084472656,48.310001373291016,47.7400016784668,48.04999923706055,1773700,44.857852935791016
2024-02-06,47.959999084472656,48.439998626708984,47.720001220703125,48.02000045776367,909100,44.8298454284668
2024-02-07,48.04999923706055,48.25,47.189998626708984,48.02000045776367,934400,44.8298454284668
2024-02-08,47.790000915527344,48.130001068115234,47.599998474121094,48.02000045776367,1966400,44.8298454284668
2024-02-09,48.02000045776367,48.2400016784668,47.650001525878906,48.13999938964844,890400,44.941871643066406
2024-02-12,48.04999923706055,49.310001373291016,48.04999923706055,48.88999938964844,598400,45.642051696777344
2024-02-13,48.13999938964844,48.220001220703125,46.869998931884766,47.459999084472656,1411100,44.307044982910156
2024-02-14,47.86000061035156,48.11000061035156,47.63999938964844,48.06999969482422,768100,44.876522064208984
2024-02-15,48.27000045776367,49.45000076293945,48.27000045776367,49.22999954223633,1077000,45.95945739746094
2024-02-16,48.849998474121094,49.34000015258789,48.63999938964844,49.06999969482422,584200,45.810089111328125
2024-02-20,48.52000045776367,49.11000061035156,48.43000030517578,48.88999938964844,492400,45.642051696777344
2024-02-21,48.61000061035156,49.029998779296875,48.2599983215332,48.90999984741211,514300,45.66071319580078
2024-02-22,49.06999969482422,49.59000015258789,48.81999969482422,49.099998474121094,713400,45.83809280395508
2024-02-23,49.130001068115234,49.58000183105469,49.029998779296875,49.279998779296875,629100,46.00613784790039
2024-02-26,49.11000061035156,49.66999816894531,48.72999954223633,48.880001068115234,1687700,45.63270950317383
2024-02-27,49.040000915527344,49.47999954223633,49.0099983215332,49.439998626708984,479700,46.15550994873047
2024-02-28,49.20000076293945,49.779998779296875,49.20000076293945,49.380001068115234,440700,46.099491119384766
2024-02-29,49.77000045776367,50.09000015258789,49.38999938964844,49.7400016784668,268000,46.435577392578125
2024-03-01,49.54999923706055,49.83000183105469,49.04999923706055,49.65999984741211,612900,46.36088943481445
2024-03-04,49.709999084472656,51.09000015258789,49.709999084472656,50.56999969482422,1245200,47.2104377746582
2024-03-05,50.2599983215332,51.65999984741211,50.2400016784668,51.279998779296875,825400,47.87327194213867
2024-03-06,51.25,51.25,50.310001373291016,50.939998626708984,2080900,47.55585861206055
2024-03-07,51.130001068115234,51.619998931884766,50.779998779296875,51.06999969482422,618800,47.677223205566406
2024-03-08,51.31999969482422,51.810001373291016,51.13999938964844,51.13999938964844,667100,47.74257278442383
2024-03-11,50.90999984741211,51.310001373291016,50.66999816894531,51.220001220703125,524300,47.817256927490234
2024-03-12,51.2400016784668,51.52000045776367,50.970001220703125,51.16999816894531,583500,47.77058029174805
2024-03-13,51.20000076293945,51.75,51.20000076293945,51.459999084472656,506100,48.04130935668945
2024-03-14,51.40999984741211,51.540000915527344,50.25,50.59000015258789,550300,47.2291145324707
2024-03-15,50.29999923706055,51.0099983215332,50.29999923706055,50.61000061035156,1137900,47.247779846191406
2024-03-18,50.310001373291016,50.439998626708984,49.81999969482422,50.38999938964844,432400,47.44172668457031
2024-03-19,50.36000061035156,50.689998626708984,50.279998779296875,50.5,342400,47.545291900634766
2024-03-20,50.279998779296875,51.81999969482422,50.18000030517578,51.689998626708984,746500,48.665672302246094
2024-03-21,51.869998931884766,52.880001068115234,51.869998931884766,52.810001373291016,802200,49.72013473510742
2024-03-22,52.91999816894531,53.15999984741211,52.0,52.0,475300,48.957523345947266
2024-03-25,51.9900016784668,52.47999954223633,51.810001373291016,51.900001525878906,512100,48.86338424682617
2024-03-26,52.060001373291016,52.20000076293945,51.91999816894531,51.959999084472656,241200,48.91987609863281
2024-03-27,52.16999816894531,53.220001220703125,52.16999816894531,53.220001220703125,1050100,50.10615539550781
2024-03-28,53.36000061035156,53.790000915527344,53.18000030517578,53.65999984741211,442700,50.520408630371094
2024-04-01,53.720001220703125,53.720001220703125,52.9900016784668,53.060001373291016,305000,49.955509185791016
2024-04-02,52.66999816894531,52.93000030517578,52.470001220703125,52.59000015258789,268200,49.51300811767578
2024-04-03,52.43000030517578,53.06999969482422,52.34000015258789,52.540000915527344,341800,49.46593475341797
2024-04-04,53.13999938964844,53.290000915527344,51.880001068115234,51.959999084472656,866300,48.91987609863281
2024-04-05,51.84000015258789,52.380001068115234,51.619998931884766,52.16999816894531,313300,49.117584228515625
2024-04-08,52.38999938964844,53.0099983215332,52.36000061035156,52.869998931884766,273400,49.7766227722168
2024-04-09,53.0,53.13999938964844,52.38999938964844,52.970001220703125,303200,49.87077713012695
2024-04-10,51.9900016784668,52.13999938964844,51.099998474121094,51.380001068115234,972300,48.373809814453125
2024-04-11,51.36000061035156,51.45000076293945,50.4900016784668,50.97999954223633,742000,47.9972038269043
2024-04-12,50.27000045776367,50.63999938964844,49.9900016784668,50.2599983215332,969700,47.319332122802734
2024-04-15,51.0,51.66999816894531,50.099998474121094,50.38999938964844,1078000,47.44172668457031
2024-04-16,50.380001068115234,50.43000030517578,49.31999969482422,49.58000183105469,2023800,46.67912292480469
2024-04-17,49.88999938964844,50.369998931884766,49.630001068115234,49.93000030517578,1058700,47.008644104003906
2024-04-18,50.06999969482422,50.79999923706055,49.9900016784668,50.29999923706055,988600,47.356998443603516
2024-04-19,50.40999984741211,51.459999084472656,50.40999984741211,51.290000915527344,1020700,48.28907775878906
2024-04-22,51.38999938964844,52.470001220703125,51.29999923706055,52.31999969482422,827000,49.25880432128906
2024-04-23,52.349998474121094,53.08000183105469,52.25,52.86000061035156,564000,49.7672119140625
2024-04-24,52.619998931884766,53.13999938964844,52.41999816894531,53.060001373291016,406700,49.955509185791016
2024-04-25,52.63999938964844,53.08000183105469,52.06999969482422,52.4900016784668,369400,49.41885757446289
2024-04-26,52.380001068115234,53.04999923706055,52.369998931884766,52.61000061035156,421500,49.53183364868164
2024-04-29,52.66999816894531,52.90999984741211,52.45000076293945,52.599998474121094,513400,49.522422790527344
2024-04-30,52.2599983215332,52.58000183105469,51.88999938964844,51.88999938964844,380300,48.853965759277344
2024-05-01,52.04999923706055,53.029998779296875,51.93000030517578,52.22999954223633,909100,49.174072265625
2024-05-02,52.72999954223633,52.86000061035156,52.119998931884766,52.529998779296875,378500,49.45651626586914
2024-05-03,53.08000183105469,53.369998931884766,52.869998931884766,52.970001220703125,901900,49.87077713012695
2024-05-06,53.369998931884766,53.560001373291016,53.119998931884766,53.5099983215332,573900,50.37917709350586
2024-05-07,53.650001525878906,53.849998474121094,53.349998474121094,53.40999984741211,639000,50.285030364990234
2024-05-08,53.220001220703125,53.90999984741211,53.08000183105469,53.810001373291016,784200,50.66163635253906
2024-05-09,53.689998626708984,54.33000183105469,53.599998474121094,54.310001373291016,318900,51.13237762451172
2024-05-10,54.47999954223633,54.65999984741211,54.349998474121094,54.470001220703125,496300,51.283016204833984
2024-05-13,54.650001525878906,54.81999969482422,54.220001220703125,54.25,292400,51.07588577270508
2024-05-14,54.45000076293945,54.869998931884766,54.34000015258789,54.7400016784668,661800,51.5372200012207
2024-05-15,55.08000183105469,55.439998626708984,54.970001220703125,55.33000183105469,824700,52.09269332885742
2024-05-16,55.209999084472656,55.38999938964844,54.95000076293945,54.97999954223633,312700,51.7631721496582
2024-05-17,55.04999923706055,55.220001220703125,54.97999954223633,55.20000076293945,439900,51.970298767089844
2024-05-20,55.11000061035156,55.310001373291016,54.34000015258789,54.380001068115234,767500,51.19828414916992
2024-05-21,54.369998931884766,55.0099983215332,54.369998931884766,54.97999954223633,786100,51.7631721496582
2024-05-22,54.709999084472656,54.970001220703125,54.189998626708984,54.41999816894531,466800,51.235939025878906
2024-05-23,54.4900016784668,54.4900016784668,53.18000030517578,53.439998626708984,516500,50.31327438354492
2024-05-24,53.619998931884766,53.93000030517578,53.619998931884766,53.900001525878906,265700,50.746360778808594
2024-05-28,53.880001068115234,54.0099983215332,53.189998626708984,53.349998474121094,266500,50.22854232788086
2024-05-29,52.560001373291016,52.84000015258789,52.209999084472656,52.72999954223633,509900,49.644813537597656
2024-05-30,52.90999984741211,53.20000076293945,52.619998931884766,53.029998779296875,593700,49.92726135253906
2024-05-31,53.310001373291016,54.029998779296875,53.09000015258789,54.02000045776367,511900,50.85934066772461
2024-06-03,54.09000015258789,54.20000076293945,52.88999938964844,53.470001220703125,534700,50.34152603149414
2024-06-04,52.9900016784668,53.54999923706055,52.599998474121094,52.849998474121094,1322500,49.75779724121094
2024-06-05,53.150001525878906,53.150001525878906,52.689998626708984,52.95000076293945,440800,49.85194778442383
2024-06-06,53.0099983215332,53.2400016784668,52.61000061035156,52.810001373291016,200900,49.72013473510742
2024-06-07,52.61000061035156,53.31999969482422,52.560001373291016,53.04999923706055,244400,49.94609069824219
2024-06-10,52.689998626708984,52.79999923706055,52.029998779296875,52.59000015258789,333200,49.51300811767578
2024-06-11,52.22999954223633,52.22999954223633,51.31999969482422,51.560001373291016,595200,48.54327392578125
2024-06-12,52.5,52.93000030517578,52.04999923706055,52.2599983215332,517200,49.20231628417969
2024-06-13,52.16999816894531,52.16999816894531,51.61000061035156,51.97999954223633,328200,48.93870544433594
2024-06-14,51.470001220703125,51.869998931884766,51.15999984741211,51.689998626708984,319100,48.665672302246094
2024-06-17,51.52000045776367,52.290000915527344,51.369998931884766,52.290000915527344,410200,49.230552673339844
2024-06-18,52.16999816894531,52.84000015258789,52.130001068115234,52.779998779296875,550600,49.691890716552734
2024-06-20,52.72999954223633,52.95000076293945,52.52000045776367,52.81999969482422,918900,49.729549407958984
2024-06-21,52.689998626708984,52.720001220703125,52.09000015258789,52.52000045776367,668900,49.447105407714844
2024-06-24,52.36000061035156,53.2599983215332,52.150001525878906,52.97999954223633,1325600,50.26107406616211
2024-06-25,52.869998931884766,53.099998474121094,52.34000015258789,52.369998931884766,341100,49.682376861572266
2024-06-26,52.08000183105469,52.279998779296875,51.79999923706055,52.18000030517578,447900,49.502132415771484
2024-06-27,52.0099983215332,52.290000915527344,51.66999816894531,52.27000045776367,723400,49.58750915527344
2024-06-28,52.77000045776367,53.56999969482422,52.650001525878906,53.5,1584200,50.7543830871582
2024-07-01,53.59000015258789,54.25,53.59000015258789,53.849998474121094,447300,51.08642578125
2024-07-02,53.709999084472656,54.459999084472656,53.689998626708984,54.45000076293945,843900,51.655635833740234
2024-07-03,54.459999084472656,54.720001220703125,54.119998931884766,54.16999816894531,2056700,51.38999938964844
2024-07-05,54.08000183105469,54.13999938964844,53.279998779296875,53.45000076293945,822000,50.70695114135742
2024-07-08,53.58000183105469,54.099998474121094,53.349998474121094,53.599998474121094,1699700,50.849246978759766
2024-07-09,53.58000183105469,54.7599983215332,53.459999084472656,54.43000030517578,1047100,51.636661529541016
2024-07-10,54.36000061035156,54.9900016784668,54.25,54.97999954223633,929800,52.15843200683594
2024-07-11,55.130001068115234,56.040000915527344,55.060001373291016,55.84000015258789,1651600,52.974300384521484
2024-07-12,55.68000030517578,56.04999923706055,55.209999084472656,55.7400016784668,1846900,52.87942886352539
2024-07-15,56.189998626708984,57.0,56.11000061035156,56.720001220703125,622800,53.809139251708984
2024-07-16,56.88999938964844,58.47999954223633,56.619998931884766,58.40999984741211,1786800,55.412410736083984
2024-07-17,58.09000015258789,59.04999923706055,58.06999969482422,58.7400016784668,1054100,55.72547149658203
2024-07-18,58.5099983215332,59.2400016784668,57.439998626708984,57.63999938964844,706500,54.681922912597656
2024-07-19,57.619998931884766,58.11000061035156,57.34000015258789,57.58000183105469,422000,54.625
2024-07-22,57.459999084472656,57.939998626708984,57.02000045776367,57.88999938964844,512600,54.919097900390625
2024-07-23,57.900001525878906,58.599998474121094,57.83000183105469,58.29999923706055,321700,55.30805206298828
2024-07-24,58.099998474121094,58.790000915527344,57.77000045776367,57.83000183105469,514800,54.86217498779297
2024-07-25,57.939998626708984,59.220001220703125,57.77000045776367,58.540000915527344,2314200,55.53573989868164
2024-07-26,58.88999938964844,59.34000015258789,58.75,59.099998474121094,387300,56.06698989868164
2024-07-29,59.290000915527344,59.310001373291016,58.439998626708984,58.5099983215332,542900,55.50727844238281
2024-07-30,58.83000183105469,59.4900016784668,58.83000183105469,59.15999984741211,366200,56.12390899658203
2024-07-31,59.380001068115234,59.560001373291016,58.720001220703125,58.779998779296875,709300,55.7634162902832
2024-08-01,58.86000061035156,58.95000076293945,56.650001525878906,57.029998779296875,802900,54.10322189331055
2024-08-02,55.61000061035156,55.72999954223633,54.130001068115234,54.540000915527344,1439400,51.74101638793945
2024-08-05,52.43000030517578,53.59000015258789,51.86000061035156,53.150001525878906,2709300,50.42235565185547
2024-08-06,53.310001373291016,54.439998626708984,52.95000076293945,53.689998626708984,664800,50.934635162353516
2024-08-07,54.560001373291016,55.22999954223633,53.4900016784668,53.5099983215332,555500,50.76387023925781
2024-08-08,54.029998779296875,54.7400016784668,53.970001220703125,54.61000061035156,338600,51.80742263793945
2024-08-09,54.59000015258789,54.90999984741211,54.36000061035156,54.77000045776367,456800,51.95920944213867
2024-08-12,55.150001525878906,55.720001220703125,54.34000015258789,54.47999954223633,496800,51.68408966064453
2024-08-13,54.849998474121094,55.09000015258789,54.310001373291016,55.040000915527344,506700,52.21535873413086
2024-08-14,55.209999084472656,55.70000076293945,55.08000183105469,55.52000045776367,306700,52.670719146728516
2024-08-15,56.310001373291016,56.810001373291016,56.18000030517578,56.290000915527344,683400,53.40121078491211
2024-08-16,56.130001068115234,56.939998626708984,56.130001068115234,56.91999816894531,285900,53.998870849609375
2024-08-19,56.97999954223633,57.400001525878906,56.93000030517578,57.400001525878906,346700,54.45424270629883
2024-08-20,57.16999816894531,57.16999816894531,56.779998779296875,56.79999923706055,434400,53.88502502441406
2024-08-21,57.040000915527344,57.119998931884766,56.33000183105469,56.68000030517578,442900,53.77118682861328
2024-08-22,56.7400016784668,57.22999954223633,56.63999938964844,57.09000015258789,414200,54.1601448059082
2024-08-23,57.310001373291016,58.790000915527344,57.310001373291016,58.41999816894531,516100,55.42189025878906
2024-08-26,58.75,58.880001068115234,58.290000915527344,58.40999984741211,602300,55.412410736083984
2024-08-27,58.459999084472656,58.540000915527344,58.189998626708984,58.31999969482422,714200,55.3270263671875
2024-08-28,58.08000183105469,58.95000076293945,58.08000183105469,58.599998474121094,780400,55.5926513671875
2024-08-29,58.86000061035156,59.279998779296875,58.08000183105469,58.91999816894531,550800,55.8962287902832
2024-08-30,59.099998474121094,59.68000030517578,58.91999816894531,59.61000061035156,397400,56.550819396972656
2024-09-03,59.25,59.65999984741211,58.47999954223633,58.720001220703125,631700,55.70650100708008
2024-09-04,58.779998779296875,59.08000183105469,58.08000183105469,58.380001068115234,565100,55.383941650390625
2024-09-05,58.79999923706055,58.869998931884766,57.630001068115234,57.88999938964844,496000,54.919097900390625
2024-09-06,57.869998931884766,58.290000915527344,56.209999084472656,56.439998626708984,1900900,53.54350280761719
2024-09-09,57.06999969482422,57.790000915527344,57.0,57.470001220703125,501500,54.52064514160156
2024-09-10,57.790000915527344,57.790000915527344,55.38999938964844,56.41999816894531,3369600,53.524532318115234
2024-09-11,55.86000061035156,56.279998779296875,54.7599983215332,56.189998626708984,2120000,53.306331634521484
2024-09-12,56.279998779296875,56.61000061035156,55.7400016784668,56.04999923706055,1151300,53.17352294921875
2024-09-13,56.27000045776367,56.90999984741211,56.27000045776367,56.599998474121094,662600,53.69529342651367
2024-09-16,56.83000183105469,57.4900016784668,56.81999969482422,57.41999816894531,803300,54.473209381103516
2024-09-17,57.58000183105469,58.34000015258789,57.56999969482422,57.81999969482422,796400,54.852684020996094
2024-09-18,57.84000015258789,58.790000915527344,57.56999969482422,57.880001068115234,911600,54.90960693359375
2024-09-19,58.81999969482422,59.650001525878906,58.41999816894531,59.529998779296875,812000,56.47492599487305
2024-09-20,59.38999938964844,59.38999938964844,58.84000015258789,59.18000030517578,1059500,56.14289093017578
2024-09-23,59.0099983215332,59.09000015258789,58.31999969482422,58.459999084472656,564500,55.86005783081055
2024-09-24,58.459999084472656,58.65999984741211,57.709999084472656,58.04999923706055,514500,55.46828842163086
2024-09-25,58.09000015258789,58.119998931884766,57.33000183105469,57.459999084472656,651000,54.9045295715332
2024-09-26,57.88999938964844,58.380001068115234,57.47999954223633,58.18000030517578,1957900,55.59251403808594
2024-09-27,58.5,58.810001373291016,58.0,58.25,376100,55.659393310546875
2024-09-30,58.02000045776367,58.66999816894531,57.79999923706055,58.61000061035156,303300,56.003395080566406
2024-10-01,58.279998779296875,58.279998779296875,57.11000061035156,57.5,670300,54.9427490234375
2024-10-02,57.40999984741211,58.099998474121094,57.2400016784668,57.470001220703125,384700,54.914085388183594
2024-10-03,57.150001525878906,57.34000015258789,56.70000076293945,57.2599983215332,316600,54.71342468261719
2024-10-04,58.2599983215332,58.83000183105469,58.0099983215332,58.7599983215332,560400,56.14671325683594
2024-10-07,58.599998474121094,59.04999923706055,58.22999954223633,58.70000076293945,1013000,56.08938980102539
2024-10-08,58.810001373291016,59.029998779296875,58.5,58.709999084472656,439000,56.09893798828125
2024-10-09,58.72999954223633,59.59000015258789,58.54999923706055,59.43000030517578,599700,56.78691101074219
2024-10-10,59.380001068115234,59.52000045776367,58.95000076293945,59.290000915527344,943900,56.653141021728516
2024-10-11,59.880001068115234,61.380001068115234,59.880001068115234,61.08000183105469,1534900,58.3635368347168
2024-10-14,61.150001525878906,61.849998474121094,60.86000061035156,61.689998626708984,1394600,58.94640350341797
2024-10-15,62.40999984741211,62.880001068115234,61.779998779296875,61.880001068115234,1302500,59.127960205078125
2024-10-16,62.41999816894531,63.38999938964844,62.400001525878906,62.939998626708984,1007600,60.140811920166016
2024-10-17,63.220001220703125,63.38999938964844,62.59000015258789,63.0099983215332,513500,60.20769500732422
2024-10-18,62.90999984741211,63.02000045776367,62.439998626708984,62.810001373291016,436700,60.0165901184082
2024-10-21,62.630001068115234,62.83000183105469,61.61000061035156,61.720001220703125,589000,58.975074768066406
2024-10-22,61.619998931884766,62.310001373291016,61.47999954223633,62.150001525878906,868000,59.38595199584961
2024-10-23,62.060001373291016,62.61000061035156,61.849998474121094,62.34000015258789,783200,59.5674934387207
2024-10-24,62.52000045776367,62.790000915527344,62.130001068115234,62.720001220703125,335700,59.93059158325195
2024-10-25,63.25,63.38999938964844,61.75,61.88999938964844,317000,59.137508392333984
2024-10-28,62.31999969482422,63.369998931884766,62.22999954223633,63.220001220703125,445800,60.408355712890625
2024-10-29,63.040000915527344,63.38999938964844,62.88999938964844,62.9900016784668,311900,60.18859100341797
2024-10-30,62.70000076293945,63.90999984741211,62.70000076293945,63.209999084472656,365400,60.398799896240234
2024-10-31,63.130001068115234,63.459999084472656,62.5099983215332,62.529998779296875,1333700,59.749046325683594
2024-11-01,62.75,63.29999923706055,62.31999969482422,62.34000015258789,363800,59.5674934387207
2024-11-04,62.189998626708984,62.310001373291016,61.560001373291016,61.7400016784668,2547700,58.99418640136719
2024-11-05,61.849998474121094,62.689998626708984,61.790000915527344,62.599998474121094,337900,59.81593322753906
2024-11-06,67.31999969482422,69.30000305175781,67.16000366210938,69.2699966430664,3528600,66.18928527832031
2024-11-07,68.44999694824219,68.68000030517578,67.12999725341797,67.38999938964844,5446600,64.39289093017578
2024-11-08,67.86000061035156,68.13999938964844,67.2300033569336,67.69999694824219,1908300,64.68910217285156
2024-11-11,68.77999877929688,69.61000061035156,68.69000244140625,69.30000305175781,1357000,66.21797180175781
2024-11-12,69.16999816894531,69.55999755859375,68.66000366210938,68.87999725341797,1256700,65.81664276123047
2024-11-13,69.2699966430664,70.01000213623047,68.79000091552734,68.87000274658203,869600,65.80707550048828
2024-11-14,69.18000030517578,69.33999633789062,68.4800033569336,68.68000030517578,644800,65.62552642822266
2024-11-15,68.80000305175781,69.37000274658203,68.68000030517578,69.26000213623047,848100,66.17974090576172
2024-11-18,69.47000122070312,69.48999786376953,68.91999816894531,69.23999786376953,570300,66.1606216430664
2024-11-19,68.33999633789062,69.02999877929688,68.25,68.62000274658203,1049000,65.5682144165039
2024-11-20,69.01000213623047,69.02999877929688,68.11000061035156,68.45999908447266,654200,65.4153060913086
2024-11-21,68.86000061035156,69.9800033569336,68.83999633789062,69.54000091552734,1704400,66.4472885131836
2024-11-22,69.55999755859375,70.66999816894531,69.4800033569336,70.61000061035156,1494500,67.46969604492188
2024-11-25,71.29000091552734,71.77999877929688,71.13999938964844,71.33000183105469,1869900,68.15766906738281
2024-11-26,71.19000244140625,71.26000213623047,70.58000183105469,71.0999984741211,671200,67.93789672851562
2024-11-27,71.25,71.62999725341797,70.83000183105469,71.05000305175781,601500,67.89013671875
2024-11-29,71.44000244140625,71.61000061035156,70.86000061035156,71.02999877929688,648800,67.87102508544922
2024-12-02,71.30999755859375,71.36000061035156,70.0199966430664,70.20999908447266,1371900,67.08747863769531
2024-12-03,70.66000366210938,70.69000244140625,69.6500015258789,69.75,1047600,66.64794158935547
2024-12-04,69.8499984741211,69.8499984741211,69.0,69.3499984741211,833400,66.26573944091797
2024-12-05,69.41999816894531,70.31999969482422,69.41999816894531,69.75,2540800,66.64794158935547
2024-12-06,69.98999786376953,70.16999816894531,69.2699966430664,69.77999877929688,504900,66.67662048339844
2024-12-09,70.11000061035156,70.11000061035156,68.81999969482422,68.86000061035156,1169000,65.79752349853516
2024-12-10,68.91000366210938,69.33000183105469,68.30000305175781,68.55000305175781,2029800,65.50131225585938
2024-12-11,69.16999816894531,69.19000244140625,68.3499984741211,68.44999694824219,850500,65.40575408935547
2024-12-12,68.5,68.75,68.05999755859375,68.0999984741211,547100,65.07131958007812
2024-12-13,68.33999633789062,68.33999633789062,67.54000091552734,67.80999755859375,904600,64.79421997070312
2024-12-16,67.87000274658203,68.18000030517578,67.47000122070312,68.08000183105469,2886400,65.0522232055664
2024-12-17,67.83000183105469,67.83000183105469,66.79000091552734,67.08000183105469,1764600,64.09669494628906
2024-12-18,67.22000122070312,67.45999908447266,64.12999725341797,64.22000122070312,4707100,61.36388397216797
2024-12-19,65.11000061035156,65.75,64.1500015258789,64.20999908447266,3595100,61.35432815551758
2024-12-20,64.13999938964844,65.94000244140625,64.0,65.52999877929688,2862400,62.615623474121094
2024-12-23,64.91000366210938,65.41000366210938,64.62999725341797,65.3499984741211,2182900,62.788570404052734
2024-12-24,65.48999786376953,66.18000030517578,65.41999816894531,66.18000030517578,233100,63.58604049682617
2024-12-26,65.94999694824219,66.41000366210938,65.69000244140625,66.33999633789062,386400,63.739749908447266
2024-12-27,65.86000061035156,66.5199966430664,65.41000366210938,65.79000091552734,597300,63.211326599121094
2024-12-30,65.11000061035156,65.62999725341797,64.63999938964844,65.33999633789062,721400,62.778953552246094
2024-12-31,65.66999816894531,65.9000015258789,65.11000061035156,65.3499984741211,835300,62.788570404052734
2025-01-02,65.88999938964844,66.22000122070312,64.93000030517578,65.27999877929688,1169300,62.72130584716797
2025-01-03,65.79000091552734,66.06999969482422,64.87000274658203,66.06999969482422,1526500,63.4803466796875
2025-01-06,66.7300033569336,67.66000366210938,66.37000274658203,66.61000061035156,1269100,63.999176025390625
2025-01-07,67.33000183105469,67.38999938964844,65.97000122070312,66.47000122070312,1815100,63.86467742919922
2025-01-08,66.43000030517578,66.47000122070312,65.62999725341797,66.3499984741211,684600,63.74937438964844
2025-01-10,65.95999908447266,65.95999908447266,64.30000305175781,64.56999969482422,1106900,62.03914260864258
2025-01-13,64.48999786376953,65.44000244140625,64.30000305175781,65.38999938964844,791100,62.82699966430664
2025-01-14,65.83999633789062,66.61000061035156,65.69000244140625,66.4800033569336,1699600,63.874263763427734
2025-01-15,68.76000213623047,69.41000366210938,68.33999633789062,69.18000030517578,4597900,66.46845245361328
2025-01-16,68.86000061035156,69.3499984741211,68.37000274658203,69.04000091552734,2553100,66.33393096923828
2025-01-17,69.19999694824219,69.94999694824219,68.79000091552734,69.91000366210938,3774300,67.16983032226562
2025-01-21,70.0999984741211,70.6500015258789,69.75,70.54000091552734,3772100,67.77513885498047
2025-01-22,70.41999816894531,70.41999816894531,69.66000366210938,69.91000366210938,1968800,67.16983032226562
2025-01-23,70.08000183105469,70.75,70.08000183105469,70.33000183105469,1267500,67.57337951660156
2025-01-24,70.02999877929688,71.0199966430664,69.88999938964844,70.61000061035156,1205000,67.84239959716797
2025-01-27,70.55000305175781,70.9800033569336,70.13999938964844,70.91999816894531,1268600,68.1402359008789
2025-01-28,70.72000122070312,71.12000274658203,70.37999725341797,70.87999725341797,1497700,68.101806640625
2025-01-29,70.8499984741211,72.02999877929688,70.80000305175781,70.91000366210938,1696400,68.13065338134766
2025-01-30,71.51000213623047,71.9800033569336,70.98999786376953,71.48999786376953,1588500,68.68790435791016
2025-01-31,71.44000244140625,71.7699966430664,70.86000061035156,71.0999984741211,1086900,68.31318664550781
2025-02-03,69.55999755859375,70.44000244140625,69.01000213623047,70.05999755859375,2544500,67.31395721435547
2025-02-04,70.31999969482422,70.94999694824219,70.23999786376953,70.54000091552734,843300,67.77513885498047
2025-02-05,70.87000274658203,71.20999908447266,70.36000061035156,71.18000030517578,1061500,68.39006042480469
2025-02-06,71.66999816894531,72.23999786376953,71.37999725341797,72.20999908447266,1216300,69.37969207763672
2025-02-07,72.38999938964844,72.38999938964844,71.44000244140625,71.69999694824219,1801700,68.88966369628906
2025-02-10,71.91999816894531,71.91999816894531,70.29000091552734,70.56999969482422,1874200,67.80396270751953
2025-02-11,70.27999877929688,71.12999725341797,70.06999969482422,71.05999755859375,4430100,68.2747573852539
2025-02-12,70.5,70.62999725341797,69.94000244140625,70.45999908447266,2372100,67.69829559326172
2025-02-13,70.76000213623047,70.76000213623047,70.05999755859375,70.5999984741211,2170500,67.83279418945312
2025-02-14,70.7300033569336,71.61000061035156,70.7300033569336,71.4000015258789,803600,68.60143280029297
2025-02-18,71.44999694824219,72.16000366210938,71.33999633789062,72.16000366210938,1010100,69.33164978027344
2025-02-19,71.80000305175781,72.0999984741211,71.3499984741211,71.95999908447266,956100,69.13948059082031
2025-02-20,71.7300033569336,72.01000213623047,69.56999969482422,70.2300033569336,1373300,67.47730255126953
2025-02-21,70.4000015258789,70.56999969482422,68.7300033569336,68.94000244140625,4481700,66.23786163330078
2025-02-24,69.25,69.52999877929688,67.94999694824219,68.56999969482422,966700,65.88236236572266
2025-02-25,68.77999877929688,69.11000061035156,67.05000305175781,67.87999725341797,1311300,65.21939086914062
2025-02-26,68.2300033569336,69.0,67.9800033569336,68.19999694824219,2164600,65.52686309814453
2025-02-27,68.45999908447266,69.38999938964844,67.94999694824219,68.19000244140625,1895600,65.51725769042969
2025-02-28,68.44999694824219,69.66000366210938,68.19000244140625,69.5999984741211,2648900,66.87199401855469
2025-03-03,69.86000061035156,70.29000091552734,67.69000244140625,68.3499984741211,1016700,65.67097473144531
2025-03-04,67.44000244140625,67.44000244140625,64.05000305175781,65.23999786376953,4320200,62.68287658691406
2025-03-05,65.31999969482422,65.80999755859375,64.30000305175781,65.4000015258789,1983600,62.836605072021484
2025-03-06,64.37000274658203,64.87999725341797,63.36000061035156,63.880001068115234,2100700,61.37618637084961
2025-03-07,63.720001220703125,63.75,61.9900016784668,63.560001373291016,2566800,61.068729400634766
2025-03-10,62.310001373291016,62.310001373291016,59.939998626708984,60.869998931884766,2793700,58.484161376953125
2025-03-11,60.91999816894531,61.31999969482422,59.75,60.34000015258789,4255400,57.97493362426758
2025-03-12,61.41999816894531,61.52000045776367,60.04999923706055,60.91999816894531,4810600,58.532203674316406
2025-03-13,61.099998474121094,61.31999969482422,59.88999938964844,60.04999923706055,5242300,57.6963005065918
2025-03-14,60.779998779296875,61.939998626708984,60.560001373291016,61.84000015258789,3632900,59.41614532470703
2025-03-17,61.58000183105469,62.650001525878906,61.58000183105469,62.310001373291016,1147300,59.86772537231445
2025-03-18,62.33000183105469,62.58000183105469,61.970001220703125,62.380001068115234,1216600,59.934974670410156
2025-03-19,62.25,63.959999084472656,62.040000915527344,63.33000183105469,1495200,60.84774398803711
2025-03-20,62.84000015258789,64.04000091552734,62.70000076293945,63.459999084472656,1508000,60.97264862060547
2025-03-21,62.849998474121094,63.7599983215332,62.459999084472656,63.52000045776367,1659400,61.030296325683594
2025-03-24,64.02999877929688,64.9000015258789,63.900001525878906,64.66999816894531,3754300,62.540863037109375
2025-03-25,65.0,65.23999786376953,64.5,64.94999694824219,774500,62.8116455078125
2025-03-26,65.23999786376953,65.7300033569336,64.16999816894531,64.41000366210938,903000,62.289432525634766
2025-03-27,64.11000061035156,64.20999908447266,63.209999084472656,63.5,1126400,61.40938949584961
2025-03-28,63.34000015258789,63.709999084472656,61.540000915527344,61.95000076293945,1454100,59.91041564941406
2025-03-31,61.20000076293945,63.0,60.84000015258789,62.77000045776367,984200,60.70341873168945
2025-04-01,62.31999969482422,62.810001373291016,61.470001220703125,62.36000061035156,2522600,60.306922912597656
2025-04-02,61.529998779296875,63.66999816894531,61.529998779296875,63.45000076293945,919300,61.36103820800781
2025-04-03,60.189998626708984,60.189998626708984,57.150001525878906,57.22999954223633,7919700,55.3458137512207
2025-04-04,54.45000076293945,55.09000015258789,52.13999938964844,53.5,10312700,51.738616943359375
2025-04-07,51.939998626708984,56.08000183105469,51.130001068115234,54.02000045776367,6686200,52.24149703979492
2025-04-08,56.279998779296875,56.849998474121094,52.59000015258789,53.5,3545200,51.738616943359375
2025-04-09,52.4900016784668,58.91999816894531,51.83000183105469,58.2400016784668,7593900,56.322566986083984
2025-04-10,56.83000183105469,56.869998931884766,53.66999816894531,55.38999938964844,4307200,53.5663948059082
2025-04-11,54.66999816894531,56.13999938964844,53.959999084472656,55.70000076293945,1933100,53.866188049316406
2025-04-14,56.779998779296875,57.0,55.84000015258789,56.470001220703125,1416200,54.61083221435547
2025-04-15,56.880001068115234,58.099998474121094,56.880001068115234,57.119998931884766,1830800,55.23943328857422
2025-04-16,56.81999969482422,57.27000045776367,55.59000015258789,56.20000076293945,937000,54.349727630615234
2025-04-17,56.529998779296875,57.439998626708984,56.189998626708984,56.7599983215332,1031600,54.89128494262695
2025-04-21,56.349998474121094,56.59000015258789,55.22999954223633,55.86000061035156,948700,54.02091979980469
2025-04-22,56.65999984741211,57.81999969482422,56.560001373291016,57.66999816894531,729400,55.771331787109375
2025-04-23,59.31999969482422,60.91999816894531,58.70000076293945,58.84000015258789,1215400,56.90280532836914
2025-04-24,58.68000030517578,60.40999984741211,58.599998474121094,60.2599983215332,1752600,58.276058197021484
2025-04-25,59.93000030517578,60.40999984741211,59.720001220703125,60.040000915527344,512200,58.06330490112305
2025-04-28,60.189998626708984,60.86000061035156,59.77000045776367,60.279998779296875,419000,58.2953987121582
2025-04-29,60.0,60.939998626708984,59.77000045776367,60.7599983215332,626500,58.75960159301758
2025-04-30,59.689998626708984,60.72999954223633,59.0099983215332,60.540000915527344,846800,58.54684066772461
2025-05-01,60.40999984741211,61.4900016784668,60.119998931884766,60.9900016784668,890300,58.982025146484375
2025-05-02,61.97999954223633,62.869998931884766,61.81999969482422,62.650001525878906,768600,60.58737564086914
2025-05-05,62.18000030517578,63.2400016784668,61.97999954223633,62.560001373291016,862600,60.50033950805664
2025-05-06,61.7599983215332,62.529998779296875,61.709999084472656,61.90999984741211,729300,59.87173843383789
2025-05-07,62.189998626708984,62.65999984741211,61.91999816894531,62.119998931884766,758500,60.0748176574707
2025-05-08,62.7400016784668,63.880001068115234,62.7400016784668,63.34000015258789,3036100,61.25465393066406
2025-05-09,63.56999969482422,63.66999816894531,63.11000061035156,63.2599983215332,664700,61.17728805541992
2025-05-12,65.88999938964844,66.54000091552734,65.80000305175781,66.04000091552734,2437100,63.865760803222656
2025-05-13,66.23999786376953,67.12000274658203,66.05000305175781,66.8499984741211,1384500,64.64910125732422
2025-05-14,66.72000122070312,67.16999816894531,66.69000244140625,66.9800033569336,1935500,64.77481079101562
2025-05-15,66.94000244140625,67.3499984741211,66.5999984741211,67.22000122070312,1071400,65.00691986083984
2025-05-16,67.3499984741211,67.61000061035156,66.80000305175781,67.43000030517578,1012900,65.21000671386719
2025-05-19,66.66000366210938,67.52999877929688,66.5999984741211,67.19000244140625,2132400,64.97792053222656
2025-05-20,66.88999938964844,67.06999969482422,66.38999938964844,66.69999694824219,1277900,64.5040283203125
2025-05-21,66.11000061035156,66.2699966430664,64.58000183105469,64.58000183105469,2176100,62.453826904296875
2025-05-22,64.48999786376953,65.3499984741211,64.33000183105469,64.87999725341797,728400,62.74394989013672
2025-05-23,63.599998474121094,64.94000244140625,63.59000015258789,64.6500015258789,653100,62.52152633666992
2025-05-27,65.5199966430664,66.1500015258789,64.95999908447266,66.1500015258789,874800,63.97214126586914
2025-05-28,66.25,66.33000183105469,65.38999938964844,65.48999786376953,776900,63.3338623046875
2025-05-29,65.86000061035156,65.9000015258789,65.22000122070312,65.9000015258789,1250000,63.730369567871094
2025-05-30,65.54000091552734,65.81999969482422,65.05999755859375,65.61000061035156,669100,63.44992446899414
2025-06-02,65.23999786376953,65.6500015258789,64.54000091552734,65.56999969482422,671000,63.4112434387207
2025-06-03,65.3499984741211,66.47000122070312,65.19999694824219,66.36000061035156,536300,64.17522430419922
2025-06-04,66.56999969482422,66.87999725341797,65.79000091552734,65.79000091552734,836300,63.623992919921875
2025-06-05,65.86000061035156,66.20999908447266,65.23999786376953,65.91000366210938,845200,63.740047454833984
2025-06-06,66.7699966430664,67.43000030517578,66.7699966430664,67.31999969482422,2253100,65.10362243652344
2025-06-09,67.44999694824219,67.80999755859375,67.12999725341797,67.37000274658203,738100,65.15198516845703
2025-06-10,67.1500015258789,67.76000213623047,67.1500015258789,67.63999938964844,572800,65.41309356689453
2025-06-11,67.73999786376953,68.01000213623047,67.05000305175781,67.19999694824219,1583800,64.98756408691406
2025-06-12,66.77999877929688,66.9800033569336,66.18000030517578,66.95999908447266,511100,64.7554702758789
2025-06-13,66.13999938964844,66.4000015258789,65.4000015258789,65.58000183105469,1131200,63.42090606689453
2025-06-16,66.06999969482422,66.98999786376953,66.06999969482422,66.52999877929688,812200,64.33963012695312
2025-06-17,66.16999816894531,66.58999633789062,65.7699966430664,65.9800033569336,1041200,63.807743072509766
2025-06-18,66.08000183105469,67.58000183105469,65.94999694824219,67.22000122070312,3604500,65.00691986083984
2025-06-20,67.73999786376953,67.91999816894531,67.45999908447266,67.7699966430664,1838500,65.5387954711914
2025-06-23,67.31999969482422,68.55000305175781,66.80999755859375,68.51000213623047,2392000,66.65772247314453
2025-06-24,69.12999725341797,69.83000183105469,69.08999633789062,69.3499984741211,5002500,67.4749984741211
2025-06-25,69.41999816894531,69.93000030517578,69.08999633789062,69.88999938964844,2532400,68.00040435791016
2025-06-26,70.18000030517578,71.0999984741211,70.08000183105469,71.02999877929688,3705200,69.10958099365234
2025-06-27,71.1500015258789,71.45999908447266,70.66999816894531,71.12000274658203,2080700,69.19715118408203
2025-06-30,71.69999694824219,71.9800033569336,71.37000274658203,71.62000274658203,3113100,69.68363189697266
2025-07-01,71.43000030517578,72.8499984741211,71.37000274658203,72.76000213623047,2136000,70.79280090332031
2025-07-02,73.0999984741211,73.87000274658203,72.72000122070312,73.87000274658203,2060700,71.872802734375
2025-07-03,74.29000091552734,74.8499984741211,73.98999786376953,74.55000305175781,1062600,72.53441619873047
2025-07-07,74.51000213623047,74.86000061035156,73.44000244140625,73.94999694824219,3634300,71.95063018798828
2025-07-08,73.88999938964844,73.97000122070312,73.11000061035156,73.29000091552734,4463700,71.30847930908203
2025-07-09,73.83000183105469,73.94999694824219,73.05000305175781,73.19000244140625,1289000,71.21118927001953
2025-07-10,73.22000122070312,74.12000274658203,73.20999908447266,73.91999816894531,1306600,71.92144775390625
2025-07-11,73.44000244140625,73.79000091552734,72.93000030517578,73.52999877929688,1373900,71.54199981689453
2025-07-14,73.41999816894531,74.0199966430664,73.2300033569336,73.9800033569336,3376600,71.97982025146484
2025-07-15,73.6500015258789,73.83000183105469,72.18000030517578,72.19000244140625,1669600,70.23822021484375
2025-07-16,72.5999984741211,72.72000122070312,71.13999938964844,72.4000015258789,3941700,70.44253540039062
2025-07-17,72.12000274658203,73.52999877929688,72.05999755859375,73.4000015258789,4062600,71.4155044555664
2025-07-18,73.68000030517578,73.83000183105469,73.13999938964844,73.77999877929688,3031300,71.78523254394531
2025-07-21,73.7699966430664,74.55000305175781,73.5199966430664,73.56999969482422,1053000,71.5809097290039
2025-07-22,73.63999938964844,74.37000274658203,73.29000091552734,74.02999877929688,1412400,72.02847290039062
2025-07-23,74.44000244140625,74.80999755859375,73.97000122070312,74.7300033569336,4155000,72.70954895019531
2025-07-24,74.7699966430664,75.3499984741211,74.5,74.55000305175781,1455400,72.53441619873047
2025-07-25,74.55999755859375,75.06999969482422,73.9000015258789,75.0199966430664,947000,72.99169921875
2025-07-28,74.94000244140625,75.0999984741211,74.30000305175781,74.62000274658203,489100,72.60253143310547
2025-07-29,74.9800033569336,75.12000274658203,74.30999755859375,74.6500015258789,819700,72.63170623779297
2025-07-30,74.69000244140625,75.16999816894531,73.94999694824219,74.44000244140625,1327100,72.4273910522461
2025-07-31,73.91999816894531,74.48999786376953,73.31999969482422,73.5199966430664,3214600,71.53225708007812
2025-08-01,72.08999633789062,72.29000091552734,70.68000030517578,71.77999877929688,2386300,69.83930206298828
2025-08-04,72.1500015258789,72.75,72.04000091552734,72.69999694824219,2317400,70.73442840576172
2025-08-05,72.7699966430664,72.95999908447266,71.38999938964844,72.4800033569336,1576800,70.5203857421875
2025-08-06,72.66999816894531,72.91999816894531,72.30000305175781,72.33999633789062,952500,70.38416290283203
2025-08-07,72.81999969482422,72.94999694824219,71.61000061035156,71.75,1292600,69.81011962890625
2025-08-08,72.30999755859375,72.97000122070312,71.81999969482422,72.62000274658203,1400800,70.65660095214844
2025-08-11,72.80000305175781,72.94000244140625,72.1500015258789,72.38999938964844,2338600,70.43281555175781
2025-08-12,72.80999755859375,74.23999786376953,72.80999755859375,74.18000030517578,1737600,72.17440795898438
2025-08-13,74.5,74.72000122070312,73.29000091552734,74.37000274658203,4262600,72.35928344726562
2025-08-14,73.9800033569336,75.11000061035156,73.83000183105469,75.04000091552734,1421500,73.01116180419922
2025-08-15,75.04000091552734,75.11000061035156,73.58000183105469,73.58999633789062,1934000,71.6003646850586
2025-08-18,73.41000366210938,74.05000305175781,73.31999969482422,73.9800033569336,1021500,71.97982025146484
2025-08-19,73.91999816894531,74.27999877929688,73.48999786376953,73.77999877929688,1268200,71.78523254394531
2025-08-20,73.77999877929688,74.26000213623047,72.95999908447266,74.06999969482422,3610600,72.06739807128906
2025-08-21,73.86000061035156,73.98999786376953,73.30000305175781,73.79000091552734,972500,71.79496765136719
2025-08-22,74.01000213623047,76.33999633789062,74.01000213623047,76.19999694824219,5174300,74.1397933959961
2025-08-25,76.08999633789062,76.36000061035156,75.9000015258789,76.05000305175781,3085300,73.99385833740234
2025-08-26,75.81999969482422,77.05999755859375,75.77999877929688,77.0199966430664,1936800,74.93762969970703
2025-08-27,76.75,77.7300033569336,76.66999816894531,77.47000122070312,2401400,75.37547302246094
2025-08-28,77.79000091552734,77.79000091552734,77.27999877929688,77.55999755859375,2010300,75.4630355834961
2025-08-29,77.66000366210938,77.94000244140625,77.2300033569336,77.66999816894531,1373000,75.57006072998047
2025-09-02,76.87999725341797,76.87999725341797,75.91999816894531,76.87000274658203,1340200,74.79168701171875
2025-09-03,76.9000015258789,77.23999786376953,75.91999816894531,76.70999908447266,1448500,74.6360092163086
2025-09-04,77.0,77.87000274658203,76.76000213623047,77.8499984741211,1505200,75.74518585205078
2025-09-05,78.13999938964844,78.43000030517578,75.95999908447266,76.55000305175781,2728500,74.48033905029297
2025-09-08,76.58000183105469,76.70999908447266,75.83000183105469,76.5,1967700,74.43168640136719
2025-09-09,76.51000213623047,77.70999908447266,76.37000274658203,77.18000030517578,2641400,75.09330749511719
2025-09-10,77.27999877929688,77.69000244140625,76.93000030517578,77.27999877929688,1882800,75.19059753417969
2025-09-11,77.37999725341797,78.23999786376953,77.16999816894531,78.0199966430664,1659600,75.91059875488281
2025-09-12,77.9800033569336,78.25,77.69999694824219,78.05999755859375,968900,75.94950866699219
2025-09-15,78.3499984741211,78.6500015258789,77.81999969482422,78.01000213623047,1443000,75.90087127685547
2025-09-16,78.11000061035156,78.2300033569336,76.94999694824219,77.58999633789062,1688200,75.49222564697266
2025-09-17,77.87000274658203,79.2300033569336,77.76000213623047,78.62000274658203,3379500,76.49437713623047
2025-09-18,78.83000183105469,79.73999786376953,78.5,79.69999694824219,5313900,77.54517364501953
2025-09-19,79.73999786376953,79.98999786376953,79.19999694824219,79.73999786376953,2826300,77.58409118652344
2025-09-22,78.66999816894531,79.05999755859375,78.44999694824219,78.70999908447266,4396000,77.01850891113281
2025-09-23,78.63999938964844,80.04000091552734,78.2699966430664,78.62999725341797,1446400,76.94022369384766
2025-09-24,78.95999908447266,79.19999694824219,77.95999908447266,78.30000305175781,1588900,76.61732482910156
2025-09-25,78.0999984741211,78.70999908447266,77.69999694824219,78.44999694824219,1251300,76.76409149169922
2025-09-26,78.87999725341797,79.58999633789062,78.58999633789062,79.02999877929688,1604600,77.33162689208984
2025-09-29,79.43000030517578,79.44000244140625,78.36000061035156,78.9800033569336,2602800,77.28271484375
2025-09-30,78.97000122070312,79.36000061035156,77.0999984741211,78.20999908447266,3339100,76.52925109863281
2025-10-01,77.80000305175781,78.0199966430664,77.08000183105469,77.11000061035156,2951300,75.4529037475586
2025-10-02,77.0,77.2300033569336,76.33999633789062,76.91000366210938,2064900,75.2572021484375
2025-10-03,77.19999694824219,77.80999755859375,77.05000305175781,77.4000015258789,1543000,75.73666381835938
2025-10-06,77.77999877929688,78.72000122070312,76.52999877929688,77.33000183105469,2818600,75.66817474365234
2025-10-07,77.5,77.8499984741211,76.66999816894531,77.0,2634200,75.34526062011719
2025-10-08,77.30999755859375,77.30999755859375,76.01000213623047,76.0999984741211,1962600,74.464599609375
2025-10-09,76.11000061035156,76.7699966430664,75.76000213623047,76.16000366210938,2150000,74.5233154296875
2025-10-10,76.44999694824219,76.68000030517578,73.5199966430664,73.55000305175781,2908000,71.96939849853516
2025-10-13,74.58000183105469,75.20999908447266,74.36000061035156,74.97000122070312,3697100,73.35887908935547
2025-10-14,74.80000305175781,77.06999969482422,74.04000091552734,76.36000061035156,5140900,74.7190170288086
2025-10-15,77.41000366210938,77.75,76.18000030517578,76.6500015258789,3115800,75.0027847290039
2025-10-16,76.68000030517578,76.91000366210938,73.31999969482422,73.86000061035156,8350800,72.27273559570312
2025-10-17,74.22000122070312,74.52999877929688,73.38999938964844,74.23999786376953,3380400,72.64456176757812
2025-10-20,74.66000366210938,76.05999755859375,74.55000305175781,75.87000274658203,3144100,74.23954772949219
2025-10-21,75.87000274658203,76.37999725341797,75.58999633789062,75.5999984741211,2441400,73.975341796875
2025-10-22,75.70999908447266,76.0199966430664,74.66000366210938,75.08999633789062,2401800,73.4762954711914
2025-10-23,75.16999816894531,75.66000366210938,75.06999969482422,75.37999725341797,1580500,73.76006317138672
2025-10-24,76.01000213623047,77.23999786376953,75.98999786376953,76.94000244140625,1582500,75.28655242919922
2025-10-27,77.20999908447266,77.58999633789062,76.87000274658203,77.12999725341797,1062600,75.47246551513672
2025-10-28,77.19000244140625,77.38999938964844,76.61000061035156,76.97000122070312,1581900,75.31591033935547
2025-10-29,76.55000305175781,77.27999877929688,75.83000183105469,76.23999786376953,2763400,74.60160064697266
2025-10-30,76.04000091552734,77.72000122070312,76.04000091552734,76.66000366210938,1283000,75.01256561279297
2025-10-31,76.37000274658203,77.22000122070312,76.12999725341797,77.0,1474400,75.34526062011719
2025-11-03,76.83000183105469,76.98999786376953,75.91999816894531,76.94000244140625,1064900,75.28655242919922
2025-11-04,76.2699966430664,77.52999877929688,75.79000091552734,76.83999633789062,1582800,75.1886978149414
2025-11-05,76.86000061035156,77.62000274658203,75.94000244140625,77.1500015258789,2422000,75.4920425415039
2025-11-06,77.22000122070312,77.68000030517578,76.4000015258789,77.0199966430664,1513300,75.36483001708984
2025-11-07,76.5999984741211,77.52999877929688,75.91000366210938,77.5199966430664,2379600,75.85408020019531
2025-11-10,77.88999938964844,78.55999755859375,77.55999755859375,78.16000366210938,3300700,76.48033905029297
2025-11-11,78.30000305175781,78.83000183105469,77.94999694824219,78.31999969482422,1745800,76.63689422607422
2025-11-12,78.38999938964844,80.08000183105469,78.38999938964844,79.22000122070312,2892800,77.5175552368164
2025-11-13,79.12999725341797,79.31999969482422,77.3499984741211,77.5,2639000,75.83451080322266
2025-11-14,77.01000213623047,77.44999694824219,75.98999786376953,77.0,2451000,75.34526062011719
2025-11-17,76.7699966430664,76.94000244140625,74.58999633789062,74.95999908447266,4725700,73.3490982055664
2025-11-18,74.5,75.97000122070312,74.33000183105469,75.2300033569336,2868000,73.61329650878906
2025-11-19,75.29000091552734,76.1500015258789,75.29000091552734,75.95999908447266,1362700,74.32760620117188
2025-11-20,76.72000122070312,77.73999786376953,75.0999984741211,75.12000274658203,3893100,73.50566101074219
2025-11-21,75.75,76.7300033569336,74.7300033569336,76.2300033569336,3280300,74.59180450439453
2025-11-24,76.33000183105469,77.12999725341797,75.83000183105469,76.87999725341797,2211000,75.22784423828125
2025-11-25,77.12000274658203,78.41999816894531,76.77999877929688,78.20999908447266,1490500,76.52925109863281
2025-11-26,78.37000274658203,79.25,78.30000305175781,78.80000305175781,889900,77.10657501220703
2025-11-28,78.83999633789062,79.69999694824219,78.83999633789062,79.31999969482422,638500,77.61540222167969
2025-12-01,78.91000366210938,79.88999938964844,78.91000366210938,79.20999908447266,1019600,77.50776672363281
2025-12-02,79.43000030517578,79.80999755859375,79.02999877929688,79.36000061035156,1214000,77.65454864501953
2025-12-03,79.31999969482422,81.26000213623047,79.31999969482422,81.20999908447266,1129200,79.46479034423828
2025-12-04,81.05000305175781,82.05000305175781,81.05000305175781,81.7699966430664,1516700,80.01274871826172
2025-12-05,81.6500015258789,82.51000213623047,81.5,81.9800033569336,2000100,80.21824645996094
2025-12-08,82.01000213623047,82.7300033569336,81.77999877929688,82.19999694824219,1522200,80.43350219726562
2025-12-09,82.08999633789062,83.37000274658203,82.01000213623047,82.25,2418500,80.48243713378906
2025-12-10,82.2699966430664,84.66999816894531,82.08999633789062,84.37000274658203,2941500,82.55687713623047
2025-12-11,84.26000213623047,85.79000091552734,84.26000213623047,85.38999938964844,3713200,83.5549545288086
2025-12-12,85.69999694824219,85.87000274658203,84.58999633789062,84.91999816894531,1871600,83.09505462646484
2025-12-15,85.58000183105469,85.98999786376953,84.91999816894531,85.04000091552734,1687500,83.21247863769531
2025-12-16,85.37999725341797,85.37999725341797,83.94999694824219,84.41999816894531,1367600,82.60580444335938
2025-12-17,84.91000366210938,85.37999725341797,84.33999633789062,84.41000366210938,2630200,82.59601593017578
2025-12-18,84.97000122070312,85.41999816894531,83.94999694824219,84.30999755859375,2065300,82.4981689453125
2025-12-19,84.58000183105469,85.48999786376953,84.5199966430664,85.2699966430664,1337500,83.43753814697266
2025-12-22,85.05999755859375,86.0199966430664,84.98999786376953,85.8499984741211,992900,84.44477844238281
2025-12-23,85.8499984741211,86.2300033569336,85.75,85.77999877929688,8536000,84.37592315673828
2025-12-24,85.9800033569336,86.75,85.7699966430664,86.4000015258789,580300,84.98577117919922
2025-12-26,86.56999969482422,86.56999969482422,86.0199966430664,86.37000274658203,502100,84.95626068115234
2025-12-29,86.2699966430664,86.4000015258789,85.33999633789062,85.4000015258789,927900,84.00213623046875
2025-12-30,85.62000274658203,85.62000274658203,84.79000091552734,84.91000366210938,1218500,83.5201644897461
2025-12-31,85.11000061035156,85.13999938964844,84.25,84.29000091552734,867800,82.91030883789062
2026-01-02,84.4800033569336,85.88999938964844,83.91999816894531,85.76000213623047,1342800,84.35624694824219
2026-01-05,85.76000213623047,88.63999938964844,85.7300033569336,87.8499984741211,3823900,86.41203308105469
2026-01-06,87.75,88.83999633789062,87.41999816894531,88.62999725341797,1796800,87.17927551269531
2026-01-07,88.54000091552734,88.54000091552734,87.0199966430664,87.26000213623047,3143100,85.83170318603516
2026-01-08,87.12000274658203,88.62000274658203,87.0,87.94000244140625,2858300,86.50056457519531
2026-01-09,88.23999786376953,88.55000305175781,87.58999633789062,87.61000061035156,1458800,86.17597198486328
2026-01-12,86.52999877929688,86.91999816894531,86.11000061035156,86.80000305175781,2352600,85.37922668457031
2026-01-13,86.97000122070312,87.11000061035156,85.47000122070312,85.66000366210938,2731700,84.25788879394531
2026-01-14,85.0999984741211,85.2699966430664,84.20999908447266,85.12000274658203,2575700,83.72673034667969
2026-01-15,85.25,86.87000274658203,85.22000122070312,86.48999786376953,4571200,85.07430267333984
2026-01-16,86.2699966430664,87.11000061035156,86.08000183105469,86.13999938964844,1614300,84.73002624511719
2026-01-20,84.70999908447266,86.22000122070312,84.27999877929688,84.69999694824219,2726700,83.3135986328125
2026-01-21,84.79000091552734,86.94000244140625,84.79000091552734,86.2300033569336,5220000,84.81855773925781
2026-01-22,86.61000061035156,87.73999786376953,86.13999938964844,86.29000091552734,2249800,84.87757873535156
2026-01-23,85.6500015258789,85.66000366210938,84.12999725341797,84.41000366210938,1752200,83.02835083007812
2026-01-26,84.41000366210938,85.41999816894531,84.41000366210938,85.12999725341797,1332700,83.73655700683594
2026-01-27,85.0999984741211,85.66000366210938,84.87999725341797,85.48999786376953,2787000,84.09066772460938
2026-01-28,85.19999694824219,85.51000213623047,84.47000122070312,85.08999633789062,1890800,83.69721984863281
2026-01-29,85.5199966430664,86.44999694824219,84.9800033569336,86.22000122070312,3145500,84.8087158203125
2026-01-30,85.91999816894531,86.4800033569336,85.33999633789062,86.19999694824219,4266600,84.7890396118164
2026-02-02,86.13999938964844,87.7300033569336,85.58999633789062,87.63999938964844,1576500,86.20547485351562
2026-02-03,87.80000305175781,89.23999786376953,87.0,88.3499984741211,3319400,86.90385437011719
2026-02-04,88.62999725341797,90.04000091552734,88.58999633789062,89.0999984741211,4134700,87.6415786743164
2026-02-05,88.48999786376953,89.0,87.01000213623047,88.12999725341797,3217100,86.68745422363281
2026-02-06,89.19000244140625,90.91999816894531,89.19000244140625,90.5999984741211,3152200,89.11702728271484
2026-02-09,90.41000366210938,91.22000122070312,90.18000030517578,90.69999694824219,1688400,89.21538543701172
2026-02-10,90.5999984741211,91.44000244140625,88.30999755859375,89.79000091552734,2662800,88.3202896118164
2026-02-11,90.45999908447266,91.01000213623047,87.69999694824219,88.16999816894531,3669500,86.72679138183594
2026-02-12,88.81999969482422,89.3499984741211,84.58999633789062,85.33999633789062,3193300,83.943115234375
2026-02-13,84.95999908447266,85.94999694824219,83.72000122070312,85.61000061035156,2615200,84.20870208740234
2026-02-17,85.79000091552734,87.12000274658203,85.79000091552734,86.19000244140625,3793100,84.77921295166016
2026-02-18,86.5199966430664,87.88999938964844,86.2699966430664,87.29000091552734,2054000,85.86121368408203
2026-02-19,86.62000274658203,86.81999969482422,85.4000015258789,86.23999786376953,1427200,84.8283920288086
2026-02-20,85.79000091552734,87.08000183105469,85.16999816894531,87.08000183105469,2660800,85.65464782714844
2026-02-23,86.52999877929688,87.2699966430664,82.73999786376953,83.25,2525700,81.88733673095703
2026-02-24,82.55999755859375,83.83999633789062,81.86000061035156,83.0999984741211,2003900,81.73979187011719
2026-02-25,83.69000244140625,85.19999694824219,83.55999755859375,85.11000061035156,2602300,83.71688842773438
2026-02-26,85.5199966430664,86.95999908447266,85.22000122070312,86.06999969482422,2031400,84.66117095947266
2026-02-27,84.44000244140625,84.58999633789062,80.91999816894531,81.86000061035156,3488100,80.52008056640625
2026-03-02,80.51000213623047,83.04000091552734,80.02999877929688,82.43000030517578,2893900,81.08074951171875
2026-03-03,80.43000030517578,82.66999816894531,79.8499984741211,81.94000244140625,2909000,80.5987777709961
2026-03-04,82.12999725341797,82.62000274658203,81.5999984741211,82.44999694824219,2421400,81.10041809082031
2026-03-05,81.62000274658203,82.37000274658203,80.29000091552734,81.05999755859375,2374300,79.7331771850586
2026-03-06,78.91999816894531,79.20999908447266,77.48999786376953,79.08999633789062,3376400,77.79541778564453
2026-03-09,77.69999694824219,79.2699966430664,76.1500015258789,78.88999938964844,3351600,77.59870147705078
2026-03-10,79.08000183105469,80.31999969482422,78.0999984741211,78.87999725341797,1925400,77.58885955810547
2026-03-11,78.54000091552734,78.87999725341797,77.41999816894531,78.33999633789062,1878200,77.05770111083984
2026-03-12,76.70999908447266,77.06999969482422,76.08999633789062,76.37999725341797,3178500,75.12977600097656
2026-03-13,76.73999786376953,77.41000366210938,75.76000213623047,75.83999633789062,2597500,74.59862518310547
2026-03-16,76.58999633789062,77.55999755859375,76.26000213623047,76.41999816894531,1767900,75.16912841796875
2026-03-17,77.18000030517578,77.9800033569336,76.9000015258789,77.02999877929688,1439300,75.7691421508789
2026-03-18,76.56999969482422,77.73999786376953,76.47000122070312,76.56999969482422,2573900,75.3166732788086
2026-03-19,75.73999786376953,77.25,75.41999816894531,76.7699966430664,2054200,75.51339721679688
2026-03-20,76.51000213623047,77.54000091552734,76.3499984741211,77.08000183105469,2107900,75.81832885742188
2026-03-23,78.47000122070312,79.02999877929688,77.62999725341797,77.68000030517578,5642900,76.8973388671875
2026-03-24,76.72000122070312,79.2300033569336,76.72000122070312,78.61000061035156,1858700,77.8179702758789
2026-03-25,79.3499984741211,79.95999908447266,78.1500015258789,79.0,1673200,78.20404052734375
2026-03-26,78.23999786376953,79.04000091552734,77.63999938964844,78.06999969482422,1359800,77.28340911865234
2026-03-27,77.69999694824219,77.69999694824219,75.94999694824219,76.20999908447266,1679200,75.44215393066406
2026-03-30,77.08000183105469,77.19000244140625,76.0,76.4000015258789,1602600,75.63024139404297
2026-03-31,77.41999816894531,79.2699966430664,77.0199966430664,79.12000274658203,6246000,78.32283782958984
2026-04-01,80.33000183105469,80.76000213623047,79.55000305175781,80.13999938964844,2154200,79.33255767822266
2026-04-02,78.80000305175781,80.4800033569336,78.08000183105469,80.29000091552734,1175000,79.48104858398438
2026-04-06,80.4000015258789,81.0999984741211,80.36000061035156,81.06999969482422,654600,80.25318908691406
2026-04-07,80.45999908447266,81.56999969482422,80.44999694824219,81.2699966430664,1499100,80.451171875
2026-04-08,84.13999938964844,84.9800033569336,83.69000244140625,84.31999969482422,3606300,83.47044372558594
2026-04-09,83.94999694824219,85.63999938964844,83.87999725341797,85.43000030517578,1174800,84.56925964355469
2026-04-10,85.30999755859375,85.36000061035156,84.48999786376953,84.8499984741211,1399900,83.99510192871094
2026-04-13,83.91000366210938,85.79000091552734,83.66000366210938,85.76000213623047,1066300,84.89593505859375
2026-04-14,85.61000061035156,86.08999633789062,84.86000061035156,85.69000244140625,2982300,84.82664489746094
2026-04-15,86.2300033569336,86.7699966430664,85.55000305175781,86.05999755859375,1388900,85.19290924072266
2026-04-16,85.72000122070312,86.62999725341797,85.56999969482422,85.66000366210938,2067800,84.79694366455078
2026-04-17,86.76000213623047,87.9000015258789,86.41000366210938,86.88999938964844,1975300,86.0145492553711
2026-04-20,86.41999816894531,87.80999755859375,86.41999816894531,87.77999877929688,1095900,86.89557647705078
2026-04-21,88.01000213623047,89.05999755859375,87.43000030517578,87.6500015258789,1775600,86.76689147949219
2026-04-22,88.08000183105469,88.30000305175781,86.97000122070312,87.19000244140625,1007000,86.31153106689453
2026-04-23,86.98999786376953,87.66999816894531,85.91999816894531,86.97000122070312,1022700,86.09374237060547
2026-04-24,86.70999908447266,87.02999877929688,85.6500015258789,85.77999877929688,1938100,84.91573333740234
2026-04-27,85.58000183105469,87.20999908447266,85.58000183105469,86.97000122070312,651600,86.09374237060547
2026-04-28,87.4000015258789,87.97000122070312,86.66999816894531,86.87000274658203,843000,85.9947509765625
2026-04-29,86.68000030517578,86.98999786376953,85.55999755859375,86.02999877929688,754100,85.1632080078125
2026-04-30,85.69999694824219,87.5999984741211,85.20999908447266,87.33000183105469,931300,86.45011138916016
2026-05-01,87.33000183105469,87.9000015258789,86.79000091552734,86.80000305175781,870600,85.92546081542969
2026-05-04,86.37000274658203,86.51000213623047,85.12000274658203,85.33000183105469,1049700,84.47026824951172
2026-05-05,85.73999786376953,86.51000213623047,85.4000015258789,86.22000122070312,771500,85.3512954711914
2026-05-06,86.93000030517578,87.98999786376953,86.93000030517578,87.30000305175781,1154800,86.42042541503906
2026-05-07,87.19999694824219,87.66000366210938,85.61000061035156,85.86000061035156,870900,84.99492645263672
2026-05-08,86.4000015258789,86.4000015258789,85.0,85.23999786376953,941400,84.38117218017578
2026-05-11,85.16999816894531,85.5199966430664,84.01000213623047,84.23999786376953,958800,83.39124298095703
2026-05-12,84.2300033569336,84.91000366210938,82.94000244140625,84.66999816894531,1268100,83.8169174194336
2026-05-13,84.23999786376953,84.45999908447266,83.54000091552734,83.55999755859375,699000,82.71809387207031
2026-05-14,84.11000061035156,84.80999755859375,83.91000366210938,84.33999633789062,1026000,83.490234375
2026-05-15,83.93000030517578,84.11000061035156,83.06999969482422,83.70999908447266,807200,82.86658477783203
2026-05-18,83.7699966430664,84.70999908447266,83.62999725341797,84.30000305175781,779400,83.45064544677734
2026-05-19,83.83000183105469,84.2699966430664,83.13999938964844,83.58999633789062,668000,82.74778747558594
2026-05-20,84.22000122070312,85.81999969482422,83.38999938964844,85.66000366210938,659100,84.79694366455078
2026-05-21,85.33999633789062,86.19999694824219,84.98999786376953,86.0999984741211,772500,85.23251342773438
2026-05-22,86.5999984741211,87.01000213623047,86.26000213623047,86.52999877929688,755500,85.65817260742188
2026-05-26,87.06999969482422,87.79000091552734,86.81999969482422,87.2699966430664,533900,86.39071655273438
2026-05-27,87.37000274658203,87.5999984741211,86.05999755859375,86.58000183105469,1657900,85.70767211914062
2026-05-28,86.19999694824219,86.7300033569336,85.77999877929688,86.48999786376953,593100,85.61857604980469
2026-05-29,86.51000213623047,87.18000030517578,86.2300033569336,87.13999938964844,515600,86.26203155517578
2026-06-01,86.30999755859375,87.19999694824219,86.06999969482422,86.87999725341797,665200,86.00464630126953
2026-06-02,86.68000030517578,88.69999694824219,86.44999694824219,88.38999938964844,2142300,87.49943542480469
2026-06-03,87.73999786376953,87.73999786376953,86.55999755859375,87.16000366210938,951400,86.28182983398438
2026-06-04,87.97000122070312,90.54000091552734,87.97000122070312,90.33999633789062,2364100,89.4297866821289
2026-06-05,90.55999755859375,90.6500015258789,89.26000213623047,89.55999755859375,3543400,88.65764617919922
2026-06-08,89.94000244140625,90.58000183105469,89.41999816894531,89.44000244140625,2548500,88.53885650634766
2026-06-09,90.1500015258789,91.16000366210938,88.86000061035156,90.19000244140625,2546700,89.28129577636719
2026-06-10,89.98999786376953,90.8499984741211,89.31999969482422,89.3499984741211,1313700,88.44976806640625
2026-06-11,89.86000061035156,91.19999694824219,89.23999786376953,91.05000305175781,2585200,90.13263702392578
2026-06-12,91.7699966430664,93.04000091552734,91.70999908447266,92.5999984741211,2172500,91.66702270507812
2026-06-15,93.80999755859375,94.05000305175781,91.91000366210938,92.06999969482422,1613200,91.1423568725586
2026-06-16,92.86000061035156,93.7699966430664,92.66999816894531,93.55000305175781,2966600,92.60745239257812
2026-06-17,93.66000366210938,95.05000305175781,92.83000183105469,93.2300033569336,2810500,92.2906723022461
2026-06-18,94.22000122070312,94.72000122070312,92.45999908447266,92.63999938964844,3759600,91.70661926269531
2026-06-22,92.73999786376953,93.70999908447266,92.70999908447266,93.4800033569336,1113800,93.0130615234375
2026-06-23,93.11000061035156,94.27999877929688,92.72000122070312,94.12000274658203,2604200,93.64986419677734
2026-06-24,94.13999938964844,94.31999969482422,93.38999938964844,93.7300033569336,2182800,93.26181030273438
2026-06-25,94.29000091552734,96.1500015258789,94.29000091552734,94.69000244140625,2808600,94.2170181274414
2026-06-26,94.80000305175781,94.93000030517578,93.05999755859375,93.45999908447266,1513700,92.99315643310547
2026-06-29,93.66999816894531,94.27999877929688,93.4000015258789,93.68000030517578,767400,93.2120590209961
2026-06-30,93.47000122070312,93.70999908447266,92.79000091552734,92.9800033569336,1709000,92.51555633544922
2026-07-01,93.0199966430664,95.19000244140625,92.56999969482422,94.70999908447266,2946800,94.2369155883789
2026-07-02,95.56999969482422,95.5999984741211,93.62000274658203,94.44000244140625,1169100,93.96826171875
2026-07-06,94.80000305175781,96.26000213623047,94.69000244140625,96.25,1128600,95.76921844482422
2026-07-07,96.76000213623047,96.91999816894531,96.08999633789062,96.16000366210938,1260300,95.67967224121094
2026-07-08,95.5,95.5999984741211,93.25,93.7699966430664,3415100,93.30160522460938
2026-07-09,94.44999694824219,96.02999877929688,94.4000015258789,95.56999969482422,1844500,95.09262084960938
2026-07-10,96.2699966430664,96.48999786376953,95.38999938964844,96.05000305175781,1319200,95.57022094726562
2026-07-13,96.5199966430664,96.5199966430664,95.06999969482422,95.95999908447266,1953000,95.48066711425781
2026-07-14,95.72000122070312,98.2699966430664,95.62000274658203,96.95999908447266,3029100,96.47566986083984
2026-07-15,97.37000274658203,98.47000122070312,97.0999984741211,98.44000244140625,5532200,97.94828033447266
2026-07-16,98.83000183105469,98.97000122070312,97.77999877929688,98.37000274658203,2584000,97.87863159179688
2026-07-17,97.44999694824219,98.05000305175781,96.22000122070312,96.91999816894531,1525000,96.43587493896484
2026-07-20,97.08999633789062,97.66000366210938,95.69999694824219,95.94999694824219,2996300,95.47071838378906
2026-07-21,96.08000183105469,96.94000244140625,95.37999725341797,96.86000061035156,1459500,96.37617492675781
2026-07-22,96.94999694824219,97.27999877929688,96.47000122070312,97.12000274658203,2119500,96.63488006591797
2026-07-23,96.04000091552734,96.20999908447266,95.36000061035156,96.19000244140625,1468600,95.70952606201172
2026-07-24,96.16000366210938,96.98999786376953,95.88999938964844,96.62000274658203,743400,96.13737487792969
2026-07-27,97.44999694824219,98.05000305175781,95.91999816894531,96.56999969482422,1221000,96.0876235961914
2026-07-28,96.97000122070312,97.05999755859375,95.80000305175781,96.9800033569336,1275100,96.49557495117188
2026-07-29,96.76000213623047,96.94999694824219,94.19999694824219,94.43000030517578,1456100,93.95831298828125
2026-07-30,95.18000030517578,96.16999816894531,94.73999786376953,95.87999725341797,1626700,95.40106964111328
2026-07-31,95.98999786376953,96.72000122070312,95.5,96.06999969482422,972300,95.59011840820312
2026-08-03,96.31999969482422,97.06999969482422,96.02999877929688,97.05000305175781,2107000,96.56523132324219
2026-08-04,97.31999969482422,98.9800033569336,97.22000122070312,98.33000183105469,1180600,97.83883666992188
2026-08-05,98.94999694824219,99.36000061035156,98.62999725341797,98.66999816894531,1964200,98.17713165283203
2026-08-06,99.37000274658203,99.43000030517578,97.22000122070312,97.47000122070312,1112000,96.9831314086914
2026-08-07,97.44000244140625,97.83999633789062,96.63999938964844,97.61000061035156,1315300,97.12242889404297
2026-08-10,97.55999755859375,98.18000030517578,97.20999908447266,97.87000274658203,785400,97.38113403320312
2026-08-11,98.06999969482422,98.66000366210938,97.70999908447266,98.26000213623047,541500,97.76918029785156
2026-08-12,98.8499984741211,99.4800033569336,98.45999908447266,99.31999969482422,784800,98.82388305664062
2026-08-13,99.77999877929688,100.05999755859375,99.0199966430664,99.20999908447266,713200,98.71443176269531
2026-08-14,99.25,99.87999725341797,98.80000305175781,99.69000244140625,634500,99.1920394897461
2026-08-17,99.41999816894531,100.61000061035156,99.20999908447266,99.2699966430664,576600,98.77413177490234
2026-08-18,99.38999938964844,99.43000030517578,98.38999938964844,98.88999938964844,996500,98.39603424072266
2026-08-19,99.0999984741211,99.2699966430664,96.23999786376953,96.51000213623047,2284100,96.02792358398438
2026-08-20,96.25,96.62000274658203,94.69999694824219,94.77999877929688,1790300,94.30656433105469
2026-08-21,95.3499984741211,96.01000213623047,94.94999694824219,95.62000274658203,2018700,95.14237213134766
2026-08-24,95.70999908447266,96.93000030517578,95.70999908447266,96.1500015258789,1194300,95.66972351074219
2026-08-25,96.51000213623047,96.66000366210938,95.6500015258789,96.4800033569336,890800,95.99807739257812
2026-08-26,96.72000122070312,96.83999633789062,95.91000366210938,96.5199966430664,1800100,96.03787231445312
2026-08-27,96.16999816894531,96.61000061035156,95.4000015258789,95.9800033569336,1003600,95.50057220458984
2026-08-28,96.43000030517578,96.77999877929688,95.97000122070312,96.27999877929688,950400,95.799072265625
2026-08-31,96.05000305175781,96.05999755859375,95.33000183105469,95.37999725341797,804400,94.903564453125
2026-09-01,94.93000030517578,96.22000122070312,94.44999694824219,94.66999816894531,1620200,94.19711303710938
2026-09-02,94.95999908447266,97.3499984741211,94.95999908447266,96.16000366210938,1321300,95.67967224121094
2026-09-03,96.69999694824219,97.83000183105469,96.58999633789062,97.66000366210938,1103700,97.17218017578125
2026-09-04,97.38999938964844,97.9800033569336,97.08999633789062,97.6500015258789,944500,97.1622314453125
2026-09-08,97.11000061035156,97.5,96.48999786376953,96.62000274658203,1685000,96.13737487792969
2026-09-09,95.9000015258789,97.13999938964844,95.33999633789062,96.37000274658203,1064700,95.88862609863281
2026-09-10,95.86000061035156,96.48999786376953,95.66000366210938,96.27999877929688,1633600,95.799072265625
2026-09-11,97.5,97.80999755859375,96.0199966430664,96.8499984741211,1004400,96.36621856689453
2026-09-14,96.52999877929688,96.56999969482422,94.3499984741211,95.0199966430664,2368100,94.54536437988281
2026-09-15,95.0999984741211,95.48999786376953,93.44999694824219,94.69999694824219,2955100,94.22695922851562
2026-09-16,94.80000305175781,94.80000305175781,90.88999938964844,91.97000122070312,2681000,91.51060485839844
2026-09-17,92.83999633789062,93.0199966430664,91.33000183105469,92.30999755859375,3620700,91.8488998413086
2026-09-18,91.75,92.30000305175781,91.55000305175781,92.08999633789062,1870000,91.62999725341797
2026-09-21,92.31999969482422,92.62999725341797,91.80999755859375,92.36000061035156,1336600,92.36000061035156
2026-09-22,92.5199966430664,92.61000061035156,89.68000030517578,90.20999908447266,2057700,90.20999908447266
2026-09-23,89.55000305175781,90.44999694824219,89.02999877929688,89.11000061035156,5269500,89.11000061035156
2026-09-24,89.06999969482422,89.44999694824219,88.23999786376953,89.02999877929688,1703400,89.02999877929688
2026-09-25,89.19999694824219,90.16999816894531,88.8499984741211,89.97000122070312,2787800,89.97000122070312
2026-09-28,89.62999725341797,89.63999938964844,88.5199966430664,88.66000366210938,1279600,88.66000366210938
2026-09-29,88.70999908447266,89.0,87.43000030517578,88.0,2806800,88.0
2026-09-30,88.19000244140625,88.30000305175781,87.19000244140625,87.2300033569336,2786700,87.2300033569336
2026-10-01,86.6500015258789,87.13999938964844,85.0999984741211,87.05000305175781,4446700,87.05000305175781
