date,open,high,low,close,volume,adjclose
2021-10-04,99.05000305175781,100.51000213623047,96.97000122070312,97.1500015258789,9482100,82.8495101928711
2021-10-05,98.22000122070312,99.7300033569336,97.47000122070312,99.19999694824219,8850300,84.59776306152344
2021-10-06,98.22000122070312,99.45999908447266,97.22000122070312,99.0999984741211,6912700,84.51248168945312
2021-10-07,100.55999755859375,100.91999816894531,98.69000244140625,98.80000305175781,7959600,84.25664520263672
2021-10-08,99.0199966430664,100.69000244140625,98.38999938964844,100.04000091552734,5301100,85.31411743164062
2021-10-11,100.08000183105469,100.68000030517578,97.20999908447266,97.29000091552734,7003900,82.96892547607422
2021-10-12,97.29000091552734,98.72000122070312,96.69000244140625,97.77999877929688,7913300,83.38679504394531
2021-10-13,98.12000274658203,99.18000030517578,96.68000030517578,98.56999969482422,10170900,84.06050872802734
2021-10-14,101.22000122070312,101.58000183105469,97.80999755859375,101.01000213623047,14766800,86.1413345336914
2021-10-15,102.45999908447266,103.22000122070312,101.8499984741211,102.13999938964844,11678100,87.1050033569336
2021-10-18,101.76000213623047,103.94000244140625,100.55000305175781,101.41000366210938,8924300,86.48246002197266
2021-10-19,101.55000305175781,102.44999694824219,101.30000305175781,101.75,6189500,86.77241516113281
2021-10-20,101.08000183105469,101.91999816894531,99.93000030517578,100.66000366210938,7426900,85.84286499023438
2021-10-21,100.36000061035156,101.75,99.56999969482422,100.27999877929688,5931400,85.51878356933594
2021-10-22,100.73999786376953,102.23999786376953,100.56999969482422,101.80000305175781,6761500,86.81505584716797
2021-10-25,102.30000305175781,102.73999786376953,101.66000366210938,101.91000366210938,3836000,86.90888214111328
2021-10-26,102.12000274658203,103.9800033569336,101.69000244140625,103.47000122070312,7649500,88.2392349243164
2021-10-27,102.97000122070312,103.83999633789062,101.83000183105469,101.87000274658203,7542400,86.87474822998047
2021-10-28,101.88999938964844,102.62999725341797,100.80000305175781,102.5,6663000,88.01680755615234
2021-10-29,102.11000061035156,103.30999755859375,101.93000030517578,102.77999877929688,8056900,88.25725555419922
2021-11-01,103.88999938964844,104.33000183105469,102.69000244140625,104.0,5432400,89.30487060546875
2021-11-02,103.93000030517578,105.33999633789062,103.37000274658203,104.66000366210938,7191700,89.8716049194336
2021-11-03,104.38999938964844,104.7300033569336,101.87999725341797,102.61000061035156,9009000,88.11127471923828
2021-11-04,102.2300033569336,102.30999755859375,98.16999816894531,99.79000091552734,14823800,85.68975067138672
2021-11-05,101.33000183105469,101.9800033569336,99.7300033569336,99.87000274658203,8449600,85.75843048095703
2021-11-08,100.45999908447266,101.80000305175781,99.97000122070312,100.06999969482422,7332000,85.93017578125
2021-11-09,99.45999908447266,100.30999755859375,98.27999877929688,99.70999908447266,8756900,85.62104034423828
2021-11-10,98.73999786376953,99.62000274658203,97.72000122070312,97.7699966430664,9191500,83.95516204833984
2021-11-11,98.04000091552734,99.30999755859375,97.47000122070312,98.87999725341797,6249600,84.90831756591797
2021-11-12,99.20999908447266,99.88999938964844,98.05000305175781,99.8499984741211,7270300,85.74125671386719
2021-11-15,100.02999877929688,100.80000305175781,99.95999908447266,100.20999908447266,5652200,86.05040740966797
2021-11-16,100.0,101.55999755859375,99.51000213623047,100.69000244140625,6448500,86.46257019042969
2021-11-17,100.51000213623047,100.62999725341797,97.3499984741211,97.68000030517578,9670700,83.87789916992188
2021-11-18,97.93000030517578,98.26000213623047,96.48999786376953,97.68000030517578,6850200,83.87789916992188
2021-11-19,96.22000122070312,97.87999725341797,94.94999694824219,96.91000366210938,9923400,83.21668243408203
2021-11-22,98.29000091552734,100.52999877929688,97.81999969482422,99.31999969482422,10430400,85.28614807128906
2021-11-23,100.30999755859375,102.12999725341797,100.18000030517578,101.86000061035156,8559200,87.46725463867188
2021-11-24,101.83999633789062,102.2300033569336,100.11000061035156,101.12000274658203,7146400,86.8318099975586
2021-11-26,98.05000305175781,98.16000366210938,95.87000274658203,97.93000030517578,11738200,84.09255981445312
2021-11-29,99.04000091552734,99.5999984741211,95.95999908447266,97.2300033569336,13793400,83.49146270751953
2021-11-30,96.43000030517578,96.5,93.87999725341797,94.81999969482422,20586200,81.42198944091797
2021-12-01,96.9800033569336,98.61000061035156,95.26000213623047,95.26000213623047,11708200,81.7998275756836
2021-12-02,96.0,99.75,95.30000305175781,98.86000061035156,10685800,84.89115142822266
2021-12-03,100.04000091552734,100.87000274658203,96.8499984741211,98.20999908447266,9811800,84.33299255371094
2021-12-06,100.0,100.70999908447266,98.80000305175781,99.2699966430664,9624500,85.24322509765625
2021-12-07,100.37000274658203,103.11000061035156,100.33999633789062,102.5,10674400,88.01680755615234
2021-12-08,102.66000366210938,103.16000366210938,101.2300033569336,101.25,9089700,86.94343566894531
2021-12-09,100.7699966430664,101.81999969482422,100.25,100.58000183105469,7749600,86.36811065673828
2021-12-10,100.94000244140625,101.26000213623047,98.37999725341797,98.43000030517578,10429000,84.52191162109375
2021-12-13,98.1500015258789,98.19999694824219,96.80000305175781,97.16999816894531,10057100,83.43994903564453
2021-12-14,96.75,99.44000244140625,96.56999969482422,98.81999969482422,11105900,84.85680389404297
2021-12-15,99.12000274658203,99.83000183105469,97.12999725341797,99.43000030517578,7055000,85.380615234375
2021-12-16,101.29000091552734,101.41999816894531,99.66000366210938,100.30000305175781,7889900,86.12767028808594
2021-12-17,99.47000122070312,99.5199966430664,96.80999755859375,97.12999725341797,20851400,83.40560913085938
2021-12-20,95.61000061035156,95.88999938964844,94.20999908447266,95.37000274658203,11931400,81.894287109375
2021-12-21,96.18000030517578,98.51000213623047,96.06999969482422,97.7699966430664,8235100,83.95516204833984
2021-12-22,97.69000244140625,98.68000030517578,97.45999908447266,98.30000305175781,4798400,84.4102783203125
2021-12-23,99.01000213623047,99.97000122070312,98.7699966430664,99.33999633789062,4482200,85.30332946777344
2021-12-27,99.72000122070312,100.52999877929688,99.11000061035156,100.4000015258789,4196000,86.21354675292969
2021-12-28,100.5999984741211,101.0,99.58000183105469,99.97000122070312,4269700,85.84430694580078
2021-12-29,100.05000305175781,100.51000213623047,98.69000244140625,98.7300033569336,6923100,84.77952575683594
2021-12-30,98.86000061035156,99.97000122070312,98.72000122070312,98.80000305175781,3564900,84.8396224975586
2021-12-31,98.7300033569336,99.20999908447266,97.4800033569336,98.16000366210938,5124800,84.29007720947266
2022-01-03,99.33000183105469,101.4000015258789,99.30000305175781,100.19000244140625,8481900,86.03321075439453
2022-01-04,102.0,104.68000030517578,101.9800033569336,104.26000213623047,8967000,89.52812957763672
2022-01-05,103.69999694824219,105.02999877929688,101.56999969482422,101.68000030517578,10288800,87.31268310546875
2022-01-06,104.12000274658203,104.20999908447266,100.62000274658203,103.41999816894531,10059200,88.80681610107422
2022-01-07,103.51000213623047,104.52999877929688,102.93000030517578,104.05000305175781,6128400,89.34781646728516
2022-01-10,104.72000122070312,105.0999984741211,102.83000183105469,104.12999725341797,8904900,89.41649627685547
2022-01-11,104.16000366210938,106.08999633789062,103.58000183105469,105.91999816894531,7320200,90.95358276367188
2022-01-12,106.05000305175781,106.47000122070312,102.3499984741211,103.05000305175781,10855200,88.4891128540039
2022-01-13,103.43000030517578,104.3499984741211,102.13999938964844,102.55000305175781,6267700,88.05975341796875
2022-01-14,99.75,100.47000122070312,97.38999938964844,98.87999725341797,16724900,84.90831756591797
2022-01-18,95.93000030517578,96.44000244140625,92.94000244140625,94.01000213623047,21803100,80.72644805908203
2022-01-19,98.01000213623047,98.25,94.95999908447266,95.7300033569336,19716100,82.20343017578125
2022-01-20,96.5999984741211,101.95999908447266,96.5999984741211,99.83000183105469,22637600,85.72409057617188
2022-01-21,98.13999938964844,99.55999755859375,96.3499984741211,98.86000061035156,22568300,84.89115142822266
2022-01-24,96.0199966430664,98.31999969482422,93.68000030517578,98.08000183105469,19527300,84.22135925292969
2022-01-25,96.58000183105469,99.83000183105469,95.01000213623047,99.04000091552734,16060700,85.04572296142578
2022-01-26,100.1500015258789,101.75,98.9000015258789,100.16999816894531,13344400,86.01604461669922
2022-01-27,101.30999755859375,102.2300033569336,99.66000366210938,101.1500015258789,17843100,86.85758209228516
2022-01-28,99.0999984741211,101.91999816894531,98.1500015258789,101.80000305175781,14044800,88.0248794555664
2022-01-31,100.97000122070312,102.73999786376953,100.27999877929688,102.54000091552734,8467000,88.6647720336914
2022-02-01,102.95999908447266,104.0999984741211,102.23999786376953,103.94999694824219,7885700,89.88396453857422
2022-02-02,103.80000305175781,104.30000305175781,102.30000305175781,103.91999816894531,9596300,89.85801696777344
2022-02-03,103.66999816894531,104.0999984741211,102.12999725341797,102.29000091552734,5986500,88.4485855102539
2022-02-04,102.1500015258789,105.0199966430664,102.06999969482422,104.11000061035156,7881800,90.0223159790039
2022-02-07,104.05000305175781,106.18000030517578,103.63999938964844,105.18000030517578,9129000,90.94754028320312
2022-02-08,105.97000122070312,107.31999969482422,105.31999969482422,106.3499984741211,9249000,91.9592056274414
2022-02-09,106.93000030517578,109.08000183105469,106.8499984741211,108.7300033569336,11054300,94.01716613769531
2022-02-10,108.19000244140625,109.7300033569336,107.1500015258789,107.56999969482422,8116200,93.01412200927734
2022-02-11,107.0,108.38999938964844,103.81999969482422,104.56999969482422,9755900,90.42005920410156
2022-02-14,104.02999877929688,104.5,101.5999984741211,102.56999969482422,11110300,88.69068908691406
2022-02-15,103.5199966430664,104.3499984741211,102.12000274658203,103.43000030517578,6714100,89.4343490600586
2022-02-16,102.5,103.04000091552734,100.66999816894531,101.1500015258789,10190700,87.46284484863281
2022-02-17,100.0199966430664,100.20999908447266,95.88999938964844,96.1500015258789,15620300,83.1394271850586
2022-02-18,95.26000213623047,96.04000091552734,93.11000061035156,95.41999816894531,16321800,82.50820922851562
2022-02-22,94.68000030517578,96.7699966430664,93.9000015258789,94.75,9143700,81.92886352539062
2022-02-23,95.69999694824219,95.72000122070312,93.08000183105469,93.55000305175781,8722200,80.89124298095703
2022-02-24,89.8499984741211,92.18000030517578,88.52999877929688,91.80999755859375,18518000,79.3866958618164
2022-02-25,92.06999969482422,94.69999694824219,91.62999725341797,94.55000305175781,9717400,81.75593566894531
2022-02-28,91.58999633789062,92.22000122070312,89.91999816894531,90.73999786376953,17955100,78.46148681640625
2022-03-01,90.0,90.0,86.48999786376953,87.62999725341797,18341800,75.77230072021484
2022-03-02,88.05999755859375,89.27999877929688,87.0199966430664,88.37999725341797,18007500,76.42082977294922
2022-03-03,89.68000030517578,90.25,87.06999969482422,87.77999877929688,12197100,75.90202331542969
2022-03-04,86.19999694824219,86.9000015258789,84.76000213623047,86.36000061035156,11950700,74.6741714477539
2022-03-07,85.02999877929688,86.08000183105469,83.41999816894531,83.44999694824219,12680900,72.15792083740234
2022-03-08,83.62999725341797,85.75,81.97000122070312,83.30999755859375,11641200,72.03688049316406
2022-03-09,86.23999786376953,88.98999786376953,86.0999984741211,87.4000015258789,12994600,75.57344055175781
2022-03-10,85.7699966430664,87.80000305175781,85.01000213623047,85.86000061035156,11351600,74.24182891845703
2022-03-11,87.12000274658203,87.76000213623047,85.08000183105469,85.18000030517578,8568100,73.6538314819336
2022-03-14,85.8499984741211,86.70999908447266,84.47000122070312,84.72000122070312,8280700,73.2560806274414
2022-03-15,85.44999694824219,86.69999694824219,84.58000183105469,86.33000183105469,8672400,74.64823150634766
2022-03-16,88.01000213623047,92.3499984741211,88.0,91.76000213623047,17635900,79.34345245361328
2022-03-17,90.19999694824219,94.19000244140625,89.91999816894531,93.86000061035156,15156800,81.15930938720703
2022-03-18,93.4800033569336,94.9000015258789,92.41999816894531,94.81999969482422,16325400,81.98938751220703
2022-03-21,94.72000122070312,94.91000366210938,92.20999908447266,92.61000061035156,8568700,80.07843780517578
2022-03-22,93.16000366210938,94.5999984741211,92.87000274658203,94.22000122070312,7565100,81.47059631347656
2022-03-23,93.41000366210938,94.0,91.88999938964844,92.37999725341797,7465400,79.87956237792969
2022-03-24,92.55000305175781,93.0999984741211,91.8499984741211,92.12999725341797,6488300,79.66341400146484
2022-03-25,92.4800033569336,93.97000122070312,91.98999786376953,92.37999725341797,6592800,79.87956237792969
2022-03-28,92.27999877929688,92.30000305175781,90.13999938964844,91.2699966430664,8680800,78.91974639892578
2022-03-29,93.38999938964844,93.38999938964844,91.05000305175781,91.83999633789062,7431600,79.4126205444336
2022-03-30,91.86000061035156,91.94000244140625,89.76000213623047,90.2699966430664,7289800,78.05508422851562
2022-03-31,89.72000122070312,90.19000244140625,87.4000015258789,87.4000015258789,8422700,75.57344055175781
2022-04-01,88.13999938964844,88.52999877929688,85.91000366210938,86.98999786376953,8192300,75.21891784667969
2022-04-04,86.54000091552734,87.56999969482422,85.80999755859375,87.27999877929688,8098900,75.46968078613281
2022-04-05,86.55000305175781,86.83000183105469,84.94000244140625,85.27999877929688,11587400,73.74029541015625
2022-04-06,84.72000122070312,84.80999755859375,82.75,83.12999725341797,10493200,71.88123321533203
2022-04-07,82.87999725341797,83.61000061035156,81.4000015258789,83.12999725341797,11902900,71.88123321533203
2022-04-08,83.52999877929688,84.7699966430664,82.95999908447266,84.05999755859375,6937500,72.68538665771484
2022-04-11,83.58000183105469,85.81999969482422,83.0199966430664,84.0199966430664,8290400,72.65079498291016
2022-04-12,83.76000213623047,85.9800033569336,83.54000091552734,83.93000030517578,8057300,72.5729751586914
2022-04-13,82.93000030517578,84.25,82.77999877929688,84.12999725341797,8760300,72.74591064453125
2022-04-14,86.01000213623047,87.9000015258789,84.58999633789062,84.76000213623047,16348400,73.2906723022461
2022-04-18,84.38999938964844,87.18000030517578,84.31999969482422,86.4800033569336,7897500,74.77792358398438
2022-04-19,87.01000213623047,89.11000061035156,86.91999816894531,88.91000366210938,12637700,76.87910461425781
2022-04-20,89.61000061035156,91.58000183105469,89.61000061035156,90.61000061035156,11828400,78.34907531738281
2022-04-21,91.52999877929688,92.93000030517578,88.70999908447266,88.91000366210938,9563900,76.87910461425781
2022-04-22,88.12000274658203,88.20999908447266,84.62999725341797,84.73999786376953,11455400,73.27338409423828
2022-04-25,84.02999877929688,85.30999755859375,82.88999938964844,85.05000305175781,11577600,73.54144287109375
2022-04-26,84.29000091552734,85.22000122070312,82.27999877929688,82.37000274658203,10062000,71.22408294677734
2022-04-27,82.37999725341797,83.66999816894531,81.80999755859375,82.20999908447266,9522900,71.0857162475586
2022-04-28,82.69999694824219,83.8499984741211,81.61000061035156,83.4000015258789,6974600,72.73401641845703
2022-04-29,83.05999755859375,83.73999786376953,80.30999755859375,80.58999633789062,8097300,70.28336334228516
2022-05-02,80.58999633789062,82.13999938964844,80.02999877929688,81.95999908447266,8737100,71.47817993164062
2022-05-03,82.48999786376953,84.80999755859375,82.25,83.75,9430500,73.03925323486328
2022-05-04,84.06999969482422,87.52999877929688,83.94000244140625,87.22000122070312,10495000,76.06548309326172
2022-05-05,85.75,86.16000366210938,83.41000366210938,84.94000244140625,8556500,74.07707214355469
2022-05-06,84.13999938964844,84.56999969482422,82.30999755859375,84.2300033569336,7333600,73.45787048339844
2022-05-09,82.54000091552734,83.23999786376953,80.72000122070312,81.1500015258789,11161000,70.77177429199219
2022-05-10,82.01000213623047,82.66000366210938,78.72000122070312,80.26000213623047,9261000,69.99559783935547
2022-05-11,80.06999969482422,82.05999755859375,78.76000213623047,78.88999938964844,8060000,68.80079650878906
2022-05-12,78.05000305175781,79.5199966430664,76.75,78.58999633789062,10315600,68.53915405273438
2022-05-13,79.5999984741211,81.5,79.47000122070312,80.54000091552734,7948000,70.2397689819336
2022-05-16,80.38999938964844,80.93000030517578,78.8499984741211,79.9000015258789,5703600,69.68162536621094
2022-05-17,81.63999938964844,83.26000213623047,81.33000183105469,82.93000030517578,6507100,72.32412719726562
2022-05-18,81.9000015258789,82.22000122070312,80.31999969482422,80.69000244140625,5949400,70.37059020996094
2022-05-19,79.7300033569336,81.18000030517578,79.5,79.95999908447266,7852800,69.73395538330078
2022-05-20,80.62000274658203,81.20999908447266,77.56999969482422,79.37000274658203,8705000,69.21939849853516
2022-05-23,80.79000091552734,83.33999633789062,80.0999984741211,82.30999755859375,7787700,71.78340148925781
2022-05-24,81.80000305175781,82.22000122070312,80.05000305175781,81.95999908447266,6225700,71.47817993164062
2022-05-25,81.27999877929688,82.81999969482422,81.0,82.2300033569336,6747800,71.71365356445312
2022-05-26,83.3499984741211,85.55000305175781,83.23999786376953,85.0,8573400,74.12938690185547
2022-05-27,85.56999969482422,86.4800033569336,84.91999816894531,86.44999694824219,6300000,75.3939437866211
2022-05-31,85.45999908447266,86.81999969482422,84.93000030517578,86.13999938964844,10780700,75.12359619140625
2022-06-01,86.44000244140625,86.77999877929688,83.70999908447266,85.0,6543900,74.12938690185547
2022-06-02,85.18000030517578,85.37999725341797,83.66999816894531,85.19999694824219,7468700,74.3038101196289
2022-06-03,84.16999816894531,84.98999786376953,83.68000030517578,84.12000274658203,5276900,73.36193084716797
2022-06-06,85.19999694824219,86.27999877929688,84.73999786376953,84.87000274658203,4022400,74.01600646972656
2022-06-07,84.1500015258789,85.4000015258789,83.87999725341797,85.33000183105469,4514300,74.41719055175781
2022-06-08,84.5,85.12999725341797,82.73999786376953,83.19999694824219,6787200,72.5595932006836
2022-06-09,82.69999694824219,82.87999725341797,81.1500015258789,81.16000366210938,6951700,70.78048706054688
2022-06-10,79.54000091552734,79.70999908447266,76.94999694824219,77.4000015258789,9671600,67.50133514404297
2022-06-13,75.0199966430664,76.26000213623047,74.13999938964844,75.18000030517578,10446400,65.56526184082031
2022-06-14,75.41999816894531,76.7699966430664,74.2699966430664,74.95999908447266,7400300,65.37338256835938
2022-06-15,75.80000305175781,77.19999694824219,74.33000183105469,76.0199966430664,9273300,66.29784393310547
2022-06-16,74.08999633789062,74.36000061035156,72.48999786376953,73.94999694824219,11068400,64.4925537109375
2022-06-17,73.80999755859375,74.62000274658203,72.66000366210938,72.9000015258789,17285900,63.57685089111328
2022-06-21,75.06999969482422,75.25,74.16000366210938,74.62999725341797,8063800,65.08558654785156
2022-06-22,73.63999938964844,74.91000366210938,73.08999633789062,74.4000015258789,6322600,64.88501739501953
2022-06-23,74.41000366210938,74.52999877929688,72.2300033569336,73.97000122070312,7958000,64.51001739501953
2022-06-24,75.5999984741211,78.55000305175781,75.0199966430664,77.81999969482422,10795400,67.86763763427734
2022-06-27,78.4000015258789,78.4000015258789,76.91000366210938,77.44000244140625,5937600,67.53624725341797
2022-06-28,80.37999725341797,81.22000122070312,78.05000305175781,78.16000366210938,10259100,68.1641616821289
2022-06-29,78.27999877929688,79.29000091552734,77.51000213623047,78.19000244140625,8534900,68.19032287597656
2022-06-30,76.56999969482422,76.83000183105469,74.52999877929688,76.05999755859375,10182400,66.33273315429688
2022-07-01,75.76000213623047,77.05000305175781,74.68000030517578,76.75,6017500,66.93447875976562
2022-07-05,75.05999755859375,76.12999725341797,73.5999984741211,76.11000061035156,8706900,66.37632751464844
2022-07-06,75.76000213623047,76.16999816894531,74.69000244140625,75.44999694824219,6895900,65.80072784423828
2022-07-07,76.29000091552734,77.20999908447266,76.12999725341797,76.98999786376953,6258300,67.14376831054688
2022-07-08,77.38999938964844,77.5199966430664,76.4000015258789,76.7300033569336,5890500,66.91703796386719
2022-07-11,75.86000061035156,76.36000061035156,75.27999877929688,75.81999969482422,4918900,66.12342071533203
2022-07-12,75.19999694824219,77.26000213623047,75.05999755859375,75.94000244140625,6558400,66.22807312011719
2022-07-13,75.23999786376953,75.5,74.01000213623047,74.9800033569336,7780100,65.39085388183594
2022-07-14,74.01000213623047,75.06999969482422,72.05000305175781,74.69000244140625,13296200,65.13793182373047
2022-07-15,75.94000244140625,78.7699966430664,75.66000366210938,78.05000305175781,11663900,68.06820678710938
2022-07-18,79.5,80.4000015258789,78.41999816894531,78.86000061035156,11596800,68.7746353149414
2022-07-19,79.86000061035156,81.98999786376953,79.83000183105469,81.6500015258789,9952000,71.20783233642578
2022-07-20,81.47000122070312,82.2699966430664,80.94000244140625,81.80999755859375,7653400,71.34735870361328
2022-07-21,81.5,83.0999984741211,81.22000122070312,83.0199966430664,9053400,72.40260314941406
2022-07-22,83.0999984741211,83.52999877929688,81.66000366210938,82.43000030517578,6564000,71.88805389404297
2022-07-25,82.88999938964844,83.18000030517578,82.12000274658203,82.55000305175781,6208200,71.99272155761719
2022-07-26,81.80000305175781,82.56999969482422,80.62999725341797,80.79000091552734,7121600,70.45780944824219
2022-07-27,81.38999938964844,82.86000061035156,80.95999908447266,82.51000213623047,7751300,71.95783233642578
2022-07-28,81.76000213623047,83.06999969482422,80.9000015258789,82.94999694824219,6324800,73.0274658203125
2022-07-29,82.97000122070312,84.62999725341797,82.97000122070312,84.30000305175781,8597700,74.21599578857422
2022-08-01,83.66000366210938,84.54000091552734,83.01000213623047,84.08999633789062,5439200,74.03111267089844
2022-08-02,83.33000183105469,84.58999633789062,82.95999908447266,83.52999877929688,7684700,73.5381088256836
2022-08-03,84.68000030517578,85.58999633789062,84.12000274658203,85.05000305175781,7043600,74.87628936767578
2022-08-04,85.19999694824219,85.6500015258789,84.80000305175781,85.36000061035156,5722600,75.14920043945312
2022-08-05,84.98999786376953,86.70999908447266,84.70999908447266,86.12999725341797,6219300,75.82709503173828
2022-08-08,86.76000213623047,87.22000122070312,85.94999694824219,86.02999877929688,5719700,75.73905944824219
2022-08-09,86.44999694824219,86.83999633789062,85.87000274658203,86.36000061035156,4920100,76.02959442138672
2022-08-10,87.52999877929688,89.66000366210938,87.5,88.88999938964844,7271700,78.25695037841797
2022-08-11,89.9800033569336,90.83999633789062,89.80000305175781,90.19999694824219,8808100,79.41024780273438
2022-08-12,90.62000274658203,91.75,90.05999755859375,91.66000366210938,6259000,80.69561004638672
2022-08-15,90.6500015258789,92.29000091552734,90.45999908447266,92.0199966430664,7348900,81.01251983642578
2022-08-16,91.4800033569336,92.2699966430664,91.33999633789062,91.81999969482422,5953800,80.83647155761719
2022-08-17,90.38999938964844,91.83000183105469,90.3499984741211,91.3499984741211,5499000,80.42268371582031
2022-08-18,91.16999816894531,92.0,90.98999786376953,91.7300033569336,4664800,80.75723266601562
2022-08-19,90.6500015258789,90.91999816894531,89.66000366210938,90.01000213623047,6264100,79.24296569824219
2022-08-22,88.43000030517578,88.86000061035156,87.70999908447266,88.45999908447266,6452800,77.87838745117188
2022-08-23,88.45999908447266,89.25,87.95999908447266,88.30000305175781,7487700,77.7375259399414
2022-08-24,87.98999786376953,89.04000091552734,87.80999755859375,88.5999984741211,5262400,78.00163269042969
2022-08-25,89.06999969482422,90.0999984741211,88.80000305175781,89.91000366210938,4943300,79.1549301147461
2022-08-26,90.33999633789062,90.48999786376953,86.72000122070312,86.80999755859375,7911500,76.4257583618164
2022-08-29,86.13999938964844,86.43000030517578,85.05999755859375,85.3499984741211,7505300,75.1404037475586
2022-08-30,86.13999938964844,86.2300033569336,84.20999908447266,84.43000030517578,8849400,74.33045959472656
2022-08-31,84.61000061035156,85.94000244140625,84.05999755859375,85.22000122070312,9223100,75.02597045898438
2022-09-01,84.66999816894531,86.20999908447266,83.38999938964844,86.16999816894531,7830800,75.8623275756836
2022-09-02,87.36000061035156,89.02999877929688,85.72000122070312,86.4000015258789,9974400,76.0647964477539
2022-09-06,86.75,86.83999633789062,83.16000366210938,85.12999725341797,10689300,74.94673156738281
2022-09-07,84.37000274658203,87.26000213623047,84.37000274658203,86.86000061035156,7592700,76.46977233886719
2022-09-08,86.52999877929688,88.48999786376953,86.0,88.44000244140625,8446700,77.86078643798828
2022-09-09,89.22000122070312,89.81999969482422,88.80000305175781,89.45999908447266,5976200,78.7587661743164
2022-09-12,90.0,91.04000091552734,89.8499984741211,90.1500015258789,8030800,79.3662338256836
2022-09-13,88.01000213623047,88.68000030517578,86.80000305175781,87.05000305175781,7890700,76.6370620727539
2022-09-14,87.54000091552734,88.11000061035156,86.12999725341797,87.18000030517578,8341100,76.7514877319336
2022-09-15,87.33999633789062,89.45999908447266,87.25,88.26000213623047,8883100,77.70230102539062
2022-09-16,87.4000015258789,87.69999694824219,85.58000183105469,87.43000030517578,20988900,76.97160339355469
2022-09-19,86.12000274658203,89.0199966430664,86.08000183105469,88.72000122070312,6011500,78.10729217529297
2022-09-20,88.0999984741211,88.44999694824219,86.37000274658203,87.19000244140625,8092300,76.76030731201172
2022-09-21,87.9000015258789,89.1500015258789,86.3499984741211,86.36000061035156,9707800,76.02959442138672
2022-09-22,86.91000366210938,87.25,84.2699966430664,84.7699966430664,8376300,74.6297836303711
2022-09-23,83.27999877929688,83.69000244140625,80.22000122070312,81.51000213623047,9990500,71.7597427368164
2022-09-26,80.91999816894531,81.66000366210938,79.01000213623047,79.76000213623047,8496000,70.21908569335938
2022-09-27,80.69999694824219,80.8499984741211,78.3499984741211,79.4800033569336,6855400,69.97257995605469
2022-09-28,79.76000213623047,81.88999938964844,79.69000244140625,81.47000122070312,6693500,71.72453308105469
2022-09-29,80.80000305175781,81.02999877929688,79.02999877929688,79.86000061035156,5892700,70.30712890625
2022-09-30,79.7699966430664,81.16000366210938,78.86000061035156,79.01000213623047,8090900,69.55879974365234
2022-10-03,80.05000305175781,80.9800033569336,78.31999969482422,80.37999725341797,8169200,70.76492309570312
2022-10-04,82.19999694824219,84.73999786376953,81.80000305175781,83.97000122070312,7875000,73.92548370361328
2022-10-05,82.02999877929688,83.58999633789062,81.37999725341797,83.11000061035156,5956500,73.1683578491211
2022-10-06,82.44999694824219,83.19000244140625,81.12999725341797,81.30999755859375,6434800,71.58367156982422
2022-10-07,80.69999694824219,80.79000091552734,78.37999725341797,78.93000030517578,7180900,69.48836517333984
2022-10-10,79.44000244140625,79.72000122070312,77.81999969482422,78.41000366210938,5418000,69.03057861328125
2022-10-11,77.91999816894531,78.41000366210938,76.54000091552734,77.0,6271100,67.78923797607422
2022-10-12,76.98999786376953,77.80000305175781,76.33000183105469,76.5999984741211,6411600,67.43708038330078
2022-10-13,74.9800033569336,79.66000366210938,74.66999816894531,79.31999969482422,11811500,69.83171844482422
2022-10-14,77.2300033569336,79.05999755859375,74.83000183105469,75.30000305175781,13658500,66.29259490966797
2022-10-17,76.80999755859375,78.23999786376953,76.33000183105469,77.13999938964844,11412400,67.91250610351562
2022-10-18,79.80000305175781,80.58999633789062,78.37999725341797,79.44000244140625,9767800,69.93736267089844
2022-10-19,79.1500015258789,79.58999633789062,77.37000274658203,77.63999938964844,7429600,68.35267639160156
2022-10-20,77.62999725341797,78.54000091552734,76.13999938964844,76.5999984741211,7638100,67.43708038330078
2022-10-21,76.61000061035156,79.52999877929688,76.22000122070312,79.22000122070312,8149000,69.74368286132812
2022-10-24,79.52999877929688,81.0999984741211,78.56999969482422,79.43000030517578,8143300,69.92855072021484
2022-10-25,78.61000061035156,80.66999816894531,78.61000061035156,80.51000213623047,8173600,70.8793716430664
2022-10-26,80.5999984741211,82.05000305175781,80.58000183105469,80.91000366210938,7733400,71.23152923583984
2022-10-27,82.0,82.4800033569336,80.5999984741211,80.69000244140625,6466400,71.03782653808594
2022-10-28,80.2699966430664,82.30000305175781,79.51000213623047,82.22000122070312,7816100,73.08679962158203
2022-10-31,81.7699966430664,83.36000061035156,81.69000244140625,82.16999816894531,9087400,73.04232788085938
2022-11-01,83.25,83.97000122070312,82.98999786376953,83.72000122070312,8195600,74.420166015625
2022-11-02,83.44999694824219,86.72000122070312,83.41999816894531,84.37000274658203,10907500,74.99796295166016
2022-11-03,83.05999755859375,84.62999725341797,82.55000305175781,83.62000274658203,6447200,74.3312759399414
2022-11-04,85.1500015258789,85.75,84.0,84.8499984741211,6929700,75.42462921142578
2022-11-07,85.5199966430664,86.12999725341797,85.11000061035156,85.56999969482422,4599600,76.06465911865234
2022-11-08,85.61000061035156,86.2300033569336,84.51000213623047,85.27999877929688,4850300,75.80687713623047
2022-11-09,84.87999725341797,85.33999633789062,83.19000244140625,83.44999694824219,5200800,74.18016052246094
2022-11-10,86.69000244140625,88.9800033569336,86.5199966430664,88.80000305175781,10013900,78.93587493896484
2022-11-11,89.0,91.69000244140625,89.0,90.77999877929688,9119100,80.6959228515625
2022-11-14,90.2699966430664,91.36000061035156,89.79000091552734,89.80999755859375,4873400,79.83365631103516
2022-11-15,91.06999969482422,91.86000061035156,89.36000061035156,90.5,7336100,80.447021484375
2022-11-16,90.47000122070312,90.47000122070312,89.05999755859375,89.81999969482422,4368600,79.84257507324219
2022-11-17,88.69000244140625,89.12000274658203,87.51000213623047,88.94999694824219,4967300,79.0692138671875
2022-11-18,90.2699966430664,90.37000274658203,88.58999633789062,89.19999694824219,5450700,79.29141998291016
2022-11-21,89.05999755859375,89.68000030517578,88.56999969482422,89.08000183105469,4667100,79.18476867675781
2022-11-22,89.58999633789062,90.19000244140625,89.30000305175781,89.66999816894531,3804100,79.70921325683594
2022-11-23,89.72000122070312,90.44999694824219,89.66999816894531,89.93000030517578,4961400,79.94033813476562
2022-11-25,89.6500015258789,91.08000183105469,89.47000122070312,90.91000366210938,2450100,80.81148529052734
2022-11-28,90.19999694824219,91.0999984741211,89.69999694824219,89.88999938964844,6147700,79.90477752685547
2022-11-29,89.63999938964844,91.47000122070312,89.5999984741211,91.08000183105469,5307100,80.96259307861328
2022-11-30,91.27999877929688,93.25,89.12999725341797,93.06999969482422,10520600,82.73152923583984
2022-12-01,93.05999755859375,93.48999786376953,92.04000091552734,93.0,7310400,82.6693115234375
2022-12-02,91.86000061035156,92.66000366210938,91.51000213623047,92.0999984741211,5197800,81.86930084228516
2022-12-05,91.4800033569336,91.72000122070312,89.08999633789062,89.80999755859375,8272500,79.83365631103516
2022-12-06,89.62000274658203,89.76000213623047,86.41000366210938,87.51000213623047,10424700,77.7891616821289
2022-12-07,86.81999969482422,88.02999877929688,86.70999908447266,87.27999877929688,7066700,77.584716796875
2022-12-08,87.68000030517578,88.79000091552734,87.0,88.69000244140625,6141400,78.83808898925781
2022-12-09,88.68000030517578,89.76000213623047,88.37000274658203,89.47000122070312,6488300,79.53145599365234
2022-12-12,89.01000213623047,91.33000183105469,88.27999877929688,91.12000274658203,7496200,80.99816131591797
2022-12-13,93.66000366210938,95.16000366210938,92.06999969482422,92.70999908447266,10330500,82.41152954101562
2022-12-14,92.51000213623047,92.68000030517578,89.87000274658203,90.5,7704600,80.447021484375
2022-12-15,89.1500015258789,89.19000244140625,86.91999816894531,87.79000091552734,8795200,78.03805541992188
2022-12-16,86.52999877929688,86.87000274658203,85.83000183105469,86.86000061035156,17262000,77.21136474609375
2022-12-19,86.73999786376953,87.04000091552734,84.95999908447266,85.55000305175781,5129600,76.04688262939453
2022-12-20,85.91999816894531,86.44999694824219,85.13999938964844,85.16000366210938,5206800,75.70021057128906
2022-12-21,86.41000366210938,87.81999969482422,86.3499984741211,86.87000274658203,5422400,77.22026824951172
2022-12-22,86.58000183105469,86.58000183105469,84.7699966430664,86.37000274658203,5635200,76.77580261230469
2022-12-23,86.33000183105469,86.58000183105469,85.3499984741211,86.11000061035156,3316100,76.54467010498047
2022-12-27,86.36000061035156,86.36000061035156,84.94000244140625,85.05999755859375,7064700,75.6113052368164
2022-12-28,84.95999908447266,85.20999908447266,84.05999755859375,84.45999908447266,3714900,75.07797241210938
2022-12-29,84.95999908447266,85.58999633789062,84.55999755859375,85.23999786376953,3461700,75.77132415771484
2022-12-30,84.69999694824219,85.19999694824219,84.18000030517578,85.0199966430664,4455600,75.57575225830078
2023-01-03,85.63999938964844,86.5999984741211,84.9800033569336,85.72000122070312,5108900,76.19801330566406
2023-01-04,85.55000305175781,87.3499984741211,85.18000030517578,86.6500015258789,7726800,77.02469635009766
2023-01-05,85.9000015258789,86.16999816894531,84.83000183105469,85.91999816894531,5339900,76.37578582763672
2023-01-06,86.44000244140625,87.95999908447266,85.70999908447266,87.55999755859375,5710900,77.83360290527344
2023-01-09,88.25,88.91000366210938,87.41000366210938,87.63999938964844,5039700,77.90472412109375
2023-01-10,87.55000305175781,88.93000030517578,86.83999633789062,88.91999816894531,4536600,79.04254150390625
2023-01-11,89.37000274658203,89.80999755859375,88.8499984741211,89.43000030517578,6122600,79.49588775634766
2023-01-12,90.0199966430664,91.80999755859375,89.3499984741211,90.52999877929688,7895600,80.47369384765625
2023-01-13,89.02999877929688,91.9800033569336,88.2699966430664,91.66000366210938,8414600,81.47816467285156
2023-01-17,95.9000015258789,99.0999984741211,95.0,97.08000183105469,27914300,86.29611206054688
2023-01-18,96.80000305175781,97.94999694824219,96.33999633789062,96.58000183105469,14134800,85.85164642333984
2023-01-19,94.61000061035156,94.9800033569336,92.94000244140625,94.1500015258789,13457100,83.69157409667969
2023-01-20,94.12999725341797,96.27999877929688,93.87999725341797,96.23999786376953,10785000,85.5494155883789
2023-01-23,95.87000274658203,97.22000122070312,95.48999786376953,97.12999725341797,8735300,86.34054565429688
2023-01-24,96.27999877929688,96.80999755859375,92.91999816894531,95.51000213623047,4801600,84.90050506591797
2023-01-25,94.87999725341797,95.93000030517578,94.44000244140625,95.63999938964844,5891000,85.01606750488281
2023-01-26,96.22000122070312,96.54000091552734,95.30999755859375,96.5,6085100,85.780517578125
2023-01-27,96.41000366210938,97.43000030517578,95.70999908447266,96.86000061035156,7990800,86.10053253173828
2023-01-30,95.02999877929688,96.61000061035156,94.91999816894531,95.95999908447266,5870100,85.98851776123047
2023-01-31,96.29000091552734,97.37000274658203,95.76000213623047,97.33000183105469,7182100,87.21617889404297
2023-02-01,96.94999694824219,99.05999755859375,96.93000030517578,98.19000244140625,9815200,87.98681640625
2023-02-02,98.87999725341797,100.2699966430664,97.95999908447266,99.20999908447266,11118900,88.90081787109375
2023-02-03,98.23999786376953,100.18000030517578,98.06999969482422,99.43000030517578,6948600,89.09795379638672
2023-02-06,98.44999694824219,99.19999694824219,98.06999969482422,98.9000015258789,4737700,88.62303161621094
2023-02-07,98.7699966430664,99.81999969482422,98.05000305175781,99.22000122070312,5060700,88.90978240966797
2023-02-08,98.31999969482422,99.94000244140625,98.05999755859375,98.95999908447266,4705200,88.67679595947266
2023-02-09,99.22000122070312,99.80000305175781,97.7300033569336,98.05000305175781,4983800,87.86134338378906
2023-02-10,97.58999633789062,98.5999984741211,97.55999755859375,98.44000244140625,5224900,88.2108154296875
2023-02-13,98.45999908447266,99.76000213623047,98.16000366210938,99.43000030517578,4910300,89.09795379638672
2023-02-14,99.05000305175781,100.98999786376953,98.97000122070312,100.55999755859375,7679500,90.11054229736328
2023-02-15,99.51000213623047,100.95999908447266,99.5,100.83000183105469,6464200,90.35247039794922
2023-02-16,99.77999877929688,100.23999786376953,98.80999755859375,99.56999969482422,6051800,89.22340393066406
2023-02-17,98.9000015258789,100.0199966430664,98.30000305175781,99.51000213623047,8133000,89.16964721679688
2023-02-21,98.45999908447266,99.0,97.18000030517578,97.62000274658203,6556000,87.47602844238281
2023-02-22,97.37000274658203,98.06999969482422,96.62000274658203,97.2699966430664,5072400,87.16239929199219
2023-02-23,97.87999725341797,98.41999816894531,96.69999694824219,97.94000244140625,5916100,87.76276397705078
2023-02-24,97.1500015258789,97.9800033569336,96.61000061035156,97.69999694824219,5414200,87.54771423339844
2023-02-27,98.41000366210938,98.4800033569336,96.58000183105469,96.69999694824219,5645000,86.65162658691406
2023-02-28,97.12000274658203,97.29000091552734,96.26000213623047,96.5,6745300,86.472412109375
2023-03-01,95.95999908447266,96.76000213623047,95.26000213623047,96.19000244140625,5429600,86.19464111328125
2023-03-02,95.44999694824219,96.37000274658203,94.4800033569336,96.08000183105469,4632400,86.09606170654297
2023-03-03,96.55000305175781,98.44000244140625,96.44999694824219,98.33000183105469,6504000,88.11224365234375
2023-03-06,98.44000244140625,99.19999694824219,98.0999984741211,98.37999725341797,5215200,88.15706634521484
2023-03-07,98.0,98.26000213623047,95.97000122070312,96.05999755859375,5461400,86.07813262939453
2023-03-08,95.63999938964844,96.5,95.36000061035156,95.9000015258789,4121300,85.93477630615234
2023-03-09,95.36000061035156,95.94999694824219,91.7699966430664,92.19999694824219,9162400,82.61924743652344
2023-03-10,91.7699966430664,93.01000213623047,89.2300033569336,90.05000305175781,16206500,80.6926498413086
2023-03-13,88.54000091552734,90.18000030517578,86.6500015258789,87.98999786376953,15175400,78.84671783447266
2023-03-14,92.41000366210938,92.41000366210938,89.12000274658203,89.97000122070312,11089300,80.62096405029297
2023-03-15,86.93000030517578,87.0199966430664,83.68000030517578,85.38999938964844,14814000,76.51689910888672
2023-03-16,84.55000305175781,88.27999877929688,83.27999877929688,87.01000213623047,15342400,77.96853637695312
2023-03-17,86.48999786376953,86.5,83.69999694824219,84.18000030517578,19935800,75.43262481689453
2023-03-20,84.5999984741211,86.30999755859375,84.37000274658203,85.63999938964844,8649800,76.74091339111328
2023-03-21,88.2300033569336,89.18000030517578,88.0,88.76000213623047,8905600,79.53669738769531
2023-03-22,88.75,90.08000183105469,87.45999908447266,87.55000305175781,7299300,78.45244598388672
2023-03-23,87.94999694824219,88.80000305175781,85.23999786376953,85.83999633789062,9373000,76.92013549804688
2023-03-24,84.51000213623047,84.51000213623047,81.72000122070312,83.94999694824219,10978700,75.22653198242188
2023-03-27,86.05999755859375,86.31999969482422,84.36000061035156,84.63999938964844,6626900,75.8448257446289
2023-03-28,84.55999755859375,85.16999816894531,83.93000030517578,84.87999725341797,5209900,76.05989074707031
2023-03-29,85.93000030517578,86.3499984741211,85.3499984741211,86.23999786376953,4873500,77.27855682373047
2023-03-30,87.26000213623047,87.61000061035156,85.45999908447266,86.11000061035156,4113700,77.16207122802734
2023-03-31,86.80000305175781,87.87000274658203,86.16999816894531,87.80000305175781,6142400,78.67647552490234
2023-04-03,87.94999694824219,88.31999969482422,86.66999816894531,87.16000366210938,7728400,78.10296630859375
2023-04-04,87.0,87.19999694824219,84.26000213623047,84.81999969482422,6222800,76.00611877441406
2023-04-05,83.83000183105469,84.52999877929688,83.19999694824219,83.81999969482422,6045400,75.11003112792969
2023-04-06,83.9000015258789,84.4000015258789,83.20999908447266,84.19000244140625,3877800,75.44158935546875
2023-04-10,83.94999694824219,84.36000061035156,83.43000030517578,84.0,6185800,75.27131652832031
2023-04-11,84.29000091552734,85.76000213623047,84.12999725341797,85.08999633789062,5582100,76.24805450439453
2023-04-12,85.51000213623047,86.0199966430664,84.79000091552734,85.47000122070312,4641800,76.58857727050781
2023-04-13,85.38999938964844,85.77999877929688,84.44000244140625,85.69000244140625,5086000,76.78571319580078
2023-04-14,86.43000030517578,87.4000015258789,86.0,86.70999908447266,7865900,77.69972229003906
2023-04-17,86.66000366210938,89.30999755859375,86.2699966430664,89.29000091552734,8876900,80.01162719726562
2023-04-18,89.12999725341797,90.54000091552734,88.73999786376953,89.8499984741211,10227600,80.51343536376953
2023-04-19,87.13999938964844,90.69999694824219,86.5,90.44999694824219,13886200,81.05107116699219
2023-04-20,89.8499984741211,91.81999969482422,89.72000122070312,90.43000030517578,6776000,81.03315734863281
2023-04-21,90.4800033569336,91.33999633789062,89.16999816894531,91.12000274658203,6531000,81.65147399902344
2023-04-24,91.2300033569336,91.4800033569336,89.55000305175781,90.19999694824219,5004400,80.82707214355469
2023-04-25,89.63999938964844,89.83000183105469,87.88999938964844,88.05999755859375,5806700,78.90943145751953
2023-04-26,88.1500015258789,89.79000091552734,87.91000366210938,88.44000244140625,6429100,79.24996948242188
2023-04-27,89.41000366210938,90.95999908447266,88.88999938964844,90.26000213623047,6375800,80.88084411621094
2023-04-28,89.44999694824219,90.33000183105469,89.16000366210938,89.97000122070312,6374500,81.3191909790039
2023-05-01,90.19000244140625,90.5199966430664,87.83000183105469,87.93000030517578,7745400,79.475341796875
2023-05-02,87.56999969482422,87.56999969482422,85.33000183105469,86.29000091552734,6319100,77.99303436279297
2023-05-03,86.4000015258789,87.18000030517578,84.56999969482422,84.75,6546500,76.60111999511719
2023-05-04,84.16999816894531,84.44999694824219,81.61000061035156,82.61000061035156,10359200,74.6668701171875
2023-05-05,83.79000091552734,85.0199966430664,83.62000274658203,84.87999725341797,8288000,76.7186050415039
2023-05-08,85.4800033569336,85.56999969482422,84.31999969482422,84.43000030517578,5825300,76.3118896484375
2023-05-09,84.0,84.91000366210938,83.69999694824219,84.37000274658203,4381400,76.25764465332031
2023-05-10,85.06999969482422,85.22000122070312,82.80000305175781,83.72000122070312,4884900,75.67015075683594
2023-05-11,82.77999877929688,82.81999969482422,81.62000274658203,82.62999725341797,6717800,74.6849594116211
2023-05-12,83.0,83.2699966430664,81.66999816894531,82.38999938964844,5208900,74.4680404663086
2023-05-15,82.66999816894531,83.37999725341797,82.25,82.94999694824219,5032100,74.97417449951172
2023-05-16,82.72000122070312,83.06999969482422,81.80999755859375,81.86000061035156,6862900,73.98898315429688
2023-05-17,82.54000091552734,83.91999816894531,82.5,83.91000366210938,8216700,75.84188079833984
2023-05-18,83.69999694824219,84.55000305175781,83.0199966430664,84.48999786376953,5367700,76.36611938476562
2023-05-19,83.79000091552734,84.41999816894531,82.2300033569336,82.23999786376953,11183600,74.33245086669922
2023-05-22,82.25,83.16000366210938,81.91000366210938,82.2699966430664,5520000,74.35955810546875
2023-05-23,82.0,83.56999969482422,81.88999938964844,82.63999938964844,5521200,74.69398498535156
2023-05-24,82.01000213623047,82.2300033569336,80.73999786376953,81.22000122070312,6827800,73.41053771972656
2023-05-25,81.20999908447266,83.12999725341797,80.9800033569336,83.0,6962700,75.01936340332031
2023-05-26,82.97000122070312,84.63999938964844,82.83000183105469,83.9000015258789,7411600,75.83283233642578
2023-05-30,84.16000366210938,84.56999969482422,83.11000061035156,83.41999816894531,5876800,75.39897918701172
2023-05-31,83.05999755859375,83.27999877929688,81.12999725341797,81.76000213623047,9559200,73.89862060546875
2023-06-01,82.58000183105469,82.83999633789062,81.47000122070312,82.06999969482422,6857500,74.17878723144531
2023-06-02,82.94000244140625,84.68000030517578,82.94000244140625,84.3499984741211,6218500,76.23956298828125
2023-06-05,84.4000015258789,84.7300033569336,83.22000122070312,83.73999786376953,6631900,75.68821716308594
2023-06-06,83.5999984741211,86.2300033569336,83.2699966430664,85.86000061035156,6903900,77.60438537597656
2023-06-07,86.05000305175781,87.01000213623047,85.77999877929688,86.5,7410800,78.18284606933594
2023-06-08,86.4000015258789,86.91000366210938,85.18000030517578,86.30999755859375,6795900,78.01111602783203
2023-06-09,86.73999786376953,86.95999908447266,85.66000366210938,86.20999908447266,6282600,77.92073059082031
2023-06-12,86.19999694824219,87.63999938964844,86.01000213623047,87.44000244140625,7053500,79.03246307373047
2023-06-13,87.83999633789062,88.9800033569336,87.58999633789062,88.27999877929688,6089200,79.79168701171875
2023-06-14,88.5999984741211,89.48999786376953,87.63999938964844,87.9800033569336,5772500,79.52054595947266
2023-06-15,87.62999725341797,89.33000183105469,87.4000015258789,89.05000305175781,8603200,80.48766326904297
2023-06-16,89.62000274658203,89.6500015258789,87.94000244140625,88.08999633789062,13153100,79.61996459960938
2023-06-20,87.0999984741211,87.20999908447266,86.25,86.7300033569336,7382000,78.39073944091797
2023-06-21,86.55999755859375,87.27999877929688,86.30000305175781,86.33999633789062,6343100,78.0382308959961
2023-06-22,85.5199966430664,85.62999725341797,84.36000061035156,84.5,6214600,76.37513732910156
2023-06-23,83.26000213623047,83.91999816894531,82.5999984741211,83.58000183105469,10026600,75.54362487792969
2023-06-26,83.55999755859375,84.23999786376953,83.25,83.58999633789062,6377400,75.55264282226562
2023-06-27,83.91000366210938,84.87000274658203,83.37999725341797,84.43000030517578,6639900,76.3118896484375
2023-06-28,84.54000091552734,84.55999755859375,83.63999938964844,83.98999786376953,4781600,75.9141845703125
2023-06-29,85.33999633789062,86.05999755859375,84.62999725341797,85.23999786376953,9066500,77.04399871826172
2023-06-30,86.0199966430664,86.48999786376953,85.4000015258789,85.4000015258789,6191700,77.18861389160156
2023-07-03,86.33999633789062,87.66000366210938,85.83999633789062,86.41000366210938,5839300,78.10150909423828
2023-07-05,85.94999694824219,86.27999877929688,85.3499984741211,85.91999816894531,6734300,77.65860748291016
2023-07-06,84.8499984741211,84.91999816894531,83.0199966430664,83.33000183105469,8546800,75.3176498413086
2023-07-07,83.01000213623047,84.04000091552734,82.9000015258789,83.36000061035156,8217700,75.34475708007812
2023-07-10,83.41999816894531,84.38999938964844,83.18000030517578,83.4000015258789,6141200,75.38092041015625
2023-07-11,83.9000015258789,85.43000030517578,83.62000274658203,84.95999908447266,11053100,76.79093170166016
2023-07-12,86.68000030517578,87.70999908447266,85.5999984741211,85.7699966430664,8602300,77.52304077148438
2023-07-13,86.2300033569336,86.63999938964844,85.73999786376953,86.20999908447266,6026500,77.92073059082031
2023-07-14,87.41000366210938,87.41999816894531,85.55999755859375,85.77999877929688,7732700,77.53207397460938
2023-07-17,85.68000030517578,86.9000015258789,85.68000030517578,86.37000274658203,7911800,78.06534576416016
2023-07-18,87.54000091552734,92.55999755859375,87.0999984741211,91.94000244140625,21630800,83.09976959228516
2023-07-19,91.43000030517578,93.86000061035156,91.33000183105469,93.16000366210938,12004300,84.20247650146484
2023-07-20,93.11000061035156,94.13999938964844,92.86000061035156,93.80000305175781,9541800,84.78092956542969
2023-07-21,94.2699966430664,94.4000015258789,93.05999755859375,94.01000213623047,6298600,84.97074890136719
2023-07-24,94.01000213623047,95.4000015258789,93.69999694824219,94.66999816894531,7259800,85.56730651855469
2023-07-25,94.69999694824219,95.56999969482422,94.41000366210938,94.41999816894531,7760100,85.34131622314453
2023-07-26,94.4000015258789,95.1500015258789,93.29000091552734,93.54000091552734,7201100,84.54593658447266
2023-07-27,93.6500015258789,94.70999908447266,92.55000305175781,92.75,8427800,83.83190155029297
2023-07-28,92.45999908447266,92.5999984741211,91.08999633789062,91.56999969482422,5798400,83.53086853027344
2023-07-31,91.9000015258789,92.19999694824219,91.04000091552734,91.55999755859375,5242900,83.52174377441406
2023-08-01,91.19999694824219,91.43000030517578,90.62999725341797,90.94000244140625,4468500,82.95618438720703
2023-08-02,89.5199966430664,90.13999938964844,88.79000091552734,89.31999969482422,6407400,81.47838592529297
2023-08-03,88.83999633789062,89.5199966430664,88.51000213623047,89.13999938964844,5137700,81.31420135498047
2023-08-04,89.3499984741211,90.05000305175781,88.5199966430664,88.79000091552734,6191700,80.99491119384766
2023-08-07,89.44999694824219,89.70999908447266,88.9800033569336,89.08000183105469,4663300,81.25946807861328
2023-08-08,87.8499984741211,88.5199966430664,86.26000213623047,88.47000122070312,6921200,80.70301818847656
2023-08-09,88.47000122070312,89.01000213623047,87.47000122070312,87.55999755859375,5200500,79.8729248046875
2023-08-10,87.91000366210938,88.93000030517578,87.31999969482422,87.63999938964844,4250100,79.94589233398438
2023-08-11,87.05999755859375,88.19999694824219,87.0199966430664,87.69999694824219,3922300,80.00061798095703
2023-08-14,86.95999908447266,87.4000015258789,86.5199966430664,87.33000183105469,3637500,79.66309356689453
2023-08-15,86.41000366210938,86.47000122070312,85.72000122070312,86.16000366210938,9308700,78.5958251953125
2023-08-16,85.73999786376953,86.79000091552734,85.58999633789062,85.98999786376953,5746300,78.44074249267578
2023-08-17,86.5999984741211,86.9000015258789,85.19999694824219,85.79000091552734,7611200,78.25830078125
2023-08-18,84.95999908447266,86.30000305175781,84.70999908447266,84.88999938964844,6650000,77.43731689453125
2023-08-21,85.0199966430664,85.30999755859375,83.66000366210938,84.25,5385300,76.85350799560547
2023-08-22,84.70999908447266,84.7699966430664,82.83999633789062,82.9800033569336,6002300,75.69499206542969
2023-08-23,83.0,83.72000122070312,82.87999725341797,83.38999938964844,5878600,76.06900024414062
2023-08-24,83.16999816894531,84.75,83.0999984741211,83.44000244140625,5023000,76.1146240234375
2023-08-25,83.69000244140625,84.1500015258789,82.73999786376953,83.22000122070312,5461400,75.91393280029297
2023-08-28,83.80000305175781,84.87000274658203,83.7699966430664,84.37999725341797,6439700,76.97207641601562
2023-08-29,84.41000366210938,85.58999633789062,84.31999969482422,85.55000305175781,6212300,78.03937530517578
2023-08-30,85.62000274658203,86.0,85.02999877929688,85.26000213623047,5051800,77.77482604980469
2023-08-31,85.66999816894531,85.66999816894531,84.76000213623047,85.1500015258789,5581200,77.67449188232422
2023-09-01,86.0,86.44999694824219,85.29000091552734,85.75,4981800,78.2218017578125
2023-09-05,85.83999633789062,86.2699966430664,84.80999755859375,84.83999633789062,4919400,77.3917007446289
2023-09-06,84.27999877929688,84.75,83.3499984741211,84.16000366210938,5384000,76.77140045166016
2023-09-07,83.98999786376953,84.87000274658203,83.77999877929688,83.83999633789062,5504200,76.47949981689453
2023-09-08,84.1500015258789,84.94999694824219,83.66000366210938,84.91999816894531,6127600,77.46468353271484
2023-09-11,85.37999725341797,85.66999816894531,83.3499984741211,83.51000213623047,7780900,76.178466796875
2023-09-12,83.33999633789062,86.52999877929688,83.2300033569336,85.55000305175781,8942600,78.03937530517578
2023-09-13,86.1500015258789,87.80000305175781,86.1500015258789,87.25,10617400,79.59013366699219
2023-09-14,88.08000183105469,89.11000061035156,87.91999816894531,89.06999969482422,8109600,81.25033569335938
2023-09-15,88.19000244140625,88.7300033569336,87.94000244140625,88.41000366210938,17629500,80.64827728271484
2023-09-18,88.56999969482422,89.05000305175781,87.55000305175781,88.70999908447266,5501900,80.92195129394531
2023-09-19,88.77999877929688,89.47000122070312,87.94000244140625,88.51000213623047,5769000,80.73951721191406
2023-09-20,88.83000183105469,89.1500015258789,87.05999755859375,87.13999938964844,5268200,79.48978424072266
2023-09-21,86.33999633789062,86.51000213623047,84.83000183105469,84.87999725341797,6933900,77.42818450927734
2023-09-22,85.2300033569336,85.2300033569336,83.01000213623047,83.29000091552734,7420600,75.977783203125
2023-09-25,82.62999725341797,83.27999877929688,82.30000305175781,83.02999877929688,4748800,75.7406005859375
2023-09-26,82.08000183105469,82.7699966430664,81.72000122070312,82.16999816894531,5557000,74.95612335205078
2023-09-27,82.41000366210938,82.61000061035156,81.08999633789062,81.6500015258789,5708200,74.48175811767578
2023-09-28,81.4800033569336,82.55000305175781,81.44999694824219,82.19000244140625,5665400,74.97434997558594
2023-09-29,83.01000213623047,83.08999633789062,81.02999877929688,81.66999816894531,6830500,74.50000762939453
2023-10-02,81.0999984741211,81.47000122070312,79.9000015258789,80.41000366210938,6722200,73.35062408447266
2023-10-03,79.58000183105469,79.83999633789062,77.83000183105469,78.0199966430664,7526800,71.17044067382812
2023-10-04,78.0999984741211,79.29000091552734,77.61000061035156,79.08999633789062,6848700,72.14651489257812
2023-10-05,78.4800033569336,79.54000091552734,78.0199966430664,79.1500015258789,5589300,72.20124053955078
2023-10-06,78.72000122070312,80.79000091552734,78.4000015258789,80.33000183105469,6306400,73.27764892578125
2023-10-09,79.5999984741211,80.08000183105469,78.93000030517578,79.91000366210938,5125000,72.89450073242188
2023-10-10,80.25,81.11000061035156,80.0199966430664,80.12999725341797,6245400,73.09521484375
2023-10-11,79.91000366210938,80.20999908447266,78.70999908447266,78.9000015258789,8928700,71.97319030761719
2023-10-12,78.87000274658203,78.87000274658203,77.29000091552734,77.80999755859375,11654600,70.9788818359375
2023-10-13,78.19999694824219,79.2300033569336,77.33999633789062,77.79000091552734,6442800,70.96065521240234
2023-10-16,78.79000091552734,79.18000030517578,77.87000274658203,78.7300033569336,7901500,71.818115234375
2023-10-17,77.98999786376953,80.62999725341797,77.9800033569336,80.33000183105469,12324800,73.27764892578125
2023-10-18,76.43000030517578,77.06999969482422,73.4000015258789,74.87999725341797,34732300,68.30611419677734
2023-10-19,74.87000274658203,76.45999908447266,72.88999938964844,72.91999816894531,17486100,66.51817321777344
2023-10-20,73.12000274658203,74.0,72.3499984741211,73.12999725341797,11270600,66.7097396850586
2023-10-23,72.7300033569336,72.87000274658203,71.23999786376953,71.69999694824219,12847100,65.4052963256836
2023-10-24,71.75,72.0999984741211,71.08000183105469,71.55999755859375,9265500,65.27758026123047
2023-10-25,71.25,71.9000015258789,71.12999725341797,71.4000015258789,8461700,65.13162231445312
2023-10-26,71.47000122070312,72.69000244140625,71.4000015258789,72.06999969482422,10903200,65.74280548095703
2023-10-27,71.91000366210938,72.01000213623047,70.19000244140625,70.4000015258789,11099100,64.21942138671875
2023-10-30,70.05000305175781,70.88999938964844,69.41999816894531,70.58999633789062,9769600,65.17971801757812
2023-10-31,70.7699966430664,71.0199966430664,70.2699966430664,70.81999969482422,8949000,65.39208984375
2023-11-01,71.16999816894531,71.91000366210938,70.69999694824219,70.94999694824219,9429000,65.51212310791016
2023-11-02,71.68000030517578,73.52999877929688,71.6500015258789,73.45999908447266,11638000,67.82975006103516
2023-11-03,74.58999633789062,76.68000030517578,74.54000091552734,76.26000213623047,14951100,70.41514587402344
2023-11-06,76.68000030517578,76.76000213623047,75.36000061035156,75.91999816894531,8140300,70.10121154785156
2023-11-07,75.86000061035156,76.16999816894531,74.93000030517578,75.51000213623047,7657700,69.7226333618164
2023-11-08,75.44999694824219,76.19000244140625,75.05999755859375,75.97000122070312,8075200,70.1473617553711
2023-11-09,75.68000030517578,76.06999969482422,73.95999908447266,74.19000244140625,9497200,68.5038070678711
2023-11-10,74.66000366210938,75.38999938964844,74.05000305175781,75.33000183105469,8924000,69.55644226074219
2023-11-13,74.75,75.5199966430664,74.55000305175781,75.04000091552734,4868400,69.28866577148438
2023-11-14,76.68000030517578,78.95999908447266,76.66999816894531,78.30999755859375,12287700,72.30802917480469
2023-11-15,78.56999969482422,80.04000091552734,78.5,79.68000030517578,9841600,73.57302856445312
2023-11-16,79.9800033569336,80.27999877929688,79.04000091552734,79.66000366210938,6757600,73.5545654296875
2023-11-17,80.33000183105469,80.44000244140625,79.94000244140625,80.27999877929688,6080700,74.12704467773438
2023-11-20,80.02999877929688,80.19999694824219,79.33999633789062,79.69999694824219,7644600,73.59149169921875
2023-11-21,79.06999969482422,79.33999633789062,78.22000122070312,78.47000122070312,7394800,72.45577239990234
2023-11-22,78.79000091552734,78.87000274658203,78.20999908447266,78.48999786376953,4265400,72.47423553466797
2023-11-24,78.26000213623047,78.91000366210938,78.05000305175781,78.6500015258789,2398000,72.6219711303711
2023-11-27,78.2699966430664,78.3499984741211,77.58999633789062,77.94999694824219,5237800,71.97562408447266
2023-11-28,77.36000061035156,77.44999694824219,76.33000183105469,76.87999725341797,9197900,70.98762512207031
2023-11-29,77.4800033569336,79.52999877929688,77.33999633789062,78.55000305175781,7420700,72.5296401977539
2023-11-30,78.7699966430664,79.4800033569336,78.20999908447266,79.33999633789062,8480500,73.25907897949219
2023-12-01,79.08000183105469,80.9800033569336,78.73999786376953,80.88999938964844,9617100,74.69027709960938
2023-12-04,80.1500015258789,81.4800033569336,80.05999755859375,81.20999908447266,6713800,74.98574829101562
2023-12-05,80.68000030517578,80.83999633789062,79.58999633789062,80.16999816894531,6103200,74.02546691894531
2023-12-06,80.77999877929688,81.76000213623047,79.33000183105469,79.41000366210938,7321800,73.32371520996094
2023-12-07,79.76000213623047,80.56999969482422,79.62000274658203,80.3499984741211,5430400,74.1916732788086
2023-12-08,80.27999877929688,82.66000366210938,80.1500015258789,82.27999877929688,10343400,75.97374725341797
2023-12-11,82.37000274658203,82.83999633789062,81.95999908447266,82.81999969482422,6378100,76.47235107421875
2023-12-12,82.94000244140625,83.66000366210938,82.56999969482422,83.5999984741211,7395300,77.19257354736328
2023-12-13,83.47000122070312,86.11000061035156,83.30000305175781,85.62999725341797,10144600,79.0670166015625
2023-12-14,87.2300033569336,92.0,87.20999908447266,91.04000091552734,19849500,84.06234741210938
2023-12-15,91.0,91.83999633789062,90.26000213623047,91.58000183105469,16905700,84.56097412109375
2023-12-18,91.66000366210938,91.66999816894531,90.61000061035156,90.76000213623047,9145500,83.80381774902344
2023-12-19,90.91999816894531,92.36000061035156,90.69999694824219,91.91999816894531,8114900,84.87490844726562
2023-12-20,91.45999908447266,92.30999755859375,90.93000030517578,91.13999938964844,10467000,84.1546859741211
2023-12-21,92.13999938964844,92.66000366210938,91.63999938964844,92.62999725341797,7748000,85.53048706054688
2023-12-22,92.9000015258789,93.66000366210938,92.2300033569336,92.41000366210938,5800800,85.32735443115234
2023-12-26,92.61000061035156,93.0199966430664,92.37000274658203,92.83999633789062,2726200,85.72440338134766
2023-12-27,92.69000244140625,93.69000244140625,92.4000015258789,93.66000366210938,4073200,86.48155975341797
2023-12-28,93.30999755859375,93.94999694824219,93.23999786376953,93.63999938964844,4089500,86.46308135986328
2023-12-29,93.48999786376953,93.7699966430664,93.05999755859375,93.25,4772100,86.10296630859375
2024-01-02,92.66000366210938,94.1500015258789,92.2699966430664,93.9000015258789,6132200,86.70316314697266
2024-01-03,93.19999694824219,93.19999694824219,91.2699966430664,91.91000366210938,7487900,84.86566925048828
2024-01-04,92.1500015258789,93.13999938964844,91.66000366210938,92.1500015258789,8735600,85.08728790283203
2024-01-05,92.20999908447266,93.93000030517578,92.05999755859375,93.23999786376953,6027800,86.09375
2024-01-08,93.20999908447266,93.83000183105469,92.27999877929688,93.51000213623047,6738400,86.34304809570312
2024-01-09,92.75,92.83999633789062,91.66000366210938,92.05999755859375,7594100,85.00416564941406
2024-01-10,91.52999877929688,91.97000122070312,91.29000091552734,91.4800033569336,6929200,84.46863555908203
2024-01-11,90.94999694824219,90.94999694824219,89.54000091552734,90.51000213623047,9400700,83.57296752929688
2024-01-12,91.27999877929688,91.9000015258789,89.43000030517578,89.69999694824219,8303100,82.8250503540039
2024-01-16,86.73999786376953,88.16000366210938,84.80000305175781,85.97000122070312,20369000,79.38093566894531
2024-01-17,84.8499984741211,85.13999938964844,83.9000015258789,84.41000366210938,17198500,77.94049835205078
2024-01-18,84.83000183105469,84.9800033569336,83.27999877929688,83.9000015258789,15016400,77.46958923339844
2024-01-19,83.91000366210938,85.58999633789062,83.19999694824219,85.33999633789062,14787400,78.7992172241211
2024-01-22,85.45999908447266,86.7699966430664,85.44000244140625,85.7300033569336,11626500,79.15933990478516
2024-01-23,85.66999816894531,86.8499984741211,85.19000244140625,86.73999786376953,8555700,80.0919189453125
2024-01-24,87.31999969482422,88.30000305175781,87.19999694824219,87.56999969482422,12480900,80.85830688476562
2024-01-25,88.13999938964844,88.41999816894531,87.33000183105469,88.0199966430664,8792400,81.27381896972656
2024-01-26,87.87999725341797,88.5,87.6500015258789,87.7300033569336,6384400,81.00603485107422
2024-01-29,87.4000015258789,87.94999694824219,85.72000122070312,87.62000274658203,7440300,80.90447235107422
2024-01-30,86.9800033569336,88.06999969482422,86.7699966430664,87.62000274658203,6569300,81.69701385498047
2024-01-31,87.70999908447266,88.75,87.2300033569336,87.23999786376953,8414700,81.34269714355469
2024-02-01,87.19000244140625,88.16999816894531,85.63999938964844,86.81999969482422,8365000,80.95110321044922
2024-02-02,86.47000122070312,87.66999816894531,86.0,87.2699966430664,7728600,81.37065887451172
2024-02-05,86.58000183105469,86.58000183105469,85.08999633789062,85.88999938964844,7788700,80.0839614868164
2024-02-06,85.62000274658203,86.55000305175781,85.62000274658203,86.0999984741211,7335500,80.27975463867188
2024-02-07,86.26000213623047,86.38999938964844,85.2699966430664,86.0,4952200,80.18650817871094
2024-02-08,85.68000030517578,86.2300033569336,85.16000366210938,85.6500015258789,6218200,79.86017608642578
2024-02-09,85.69000244140625,86.02999877929688,85.31999969482422,85.88999938964844,5664500,80.0839614868164
2024-02-12,85.86000061035156,87.63999938964844,85.63999938964844,86.87000274658203,7888000,80.99771881103516
2024-02-13,85.86000061035156,85.86000061035156,83.08999633789062,83.97000122070312,11339400,78.29373168945312
2024-02-14,84.54000091552734,84.95999908447266,83.69000244140625,84.0,5973700,78.32170867919922
2024-02-15,84.44999694824219,86.2300033569336,84.41000366210938,85.66999816894531,7993500,79.87882995605469
2024-02-16,85.5199966430664,86.79000091552734,85.06999969482422,86.5,9673900,80.65272521972656
2024-02-20,85.94000244140625,86.48999786376953,85.0999984741211,85.3499984741211,6626400,79.58045959472656
2024-02-21,85.01000213623047,85.4800033569336,84.52999877929688,85.45999908447266,6444000,79.68302154541016
2024-02-22,85.94999694824219,86.73999786376953,85.5999984741211,85.8499984741211,6782100,80.04666137695312
2024-02-23,86.06999969482422,87.25,85.95999908447266,86.55000305175781,5810100,80.69935607910156
2024-02-26,86.5,87.33999633789062,85.55999755859375,85.66999816894531,5608100,79.87882995605469
2024-02-27,85.97000122070312,86.44999694824219,85.12000274658203,85.48999786376953,8066700,79.71099090576172
2024-02-28,85.43000030517578,86.08999633789062,85.27999877929688,86.05000305175781,5624100,80.23314666748047
2024-02-29,86.48999786376953,86.63999938964844,85.3499984741211,86.04000091552734,7657100,80.22381591796875
2024-03-01,86.22000122070312,86.79000091552734,85.11000061035156,86.4800033569336,5523700,80.63406372070312
2024-03-04,87.87999725341797,91.23999786376953,87.55000305175781,90.04000091552734,19876000,83.95343017578125
2024-03-05,89.19000244140625,91.13999938964844,88.62000274658203,89.12999725341797,13883600,83.10493469238281
2024-03-06,86.7699966430664,87.94999694824219,84.43000030517578,85.66000366210938,25614600,79.86952209472656
2024-03-07,86.08000183105469,87.12000274658203,85.63999938964844,86.13999938964844,9145700,80.31706237792969
2024-03-08,86.62000274658203,88.31999969482422,86.41999816894531,87.04000091552734,9689300,81.15621948242188
2024-03-11,86.81999969482422,87.25,85.83999633789062,86.94000244140625,4737200,81.06297302246094
2024-03-12,87.23999786376953,87.76000213623047,86.5999984741211,87.05000305175781,5110900,81.1655502319336
2024-03-13,87.44999694824219,90.23999786376953,87.25,89.3499984741211,10345800,83.31005096435547
2024-03-14,89.0,89.4000015258789,88.26000213623047,89.0999984741211,9235300,83.07695770263672
2024-03-15,88.4800033569336,89.3499984741211,88.16999816894531,88.37999725341797,20363000,82.40563201904297
2024-03-18,88.36000061035156,88.69999694824219,87.69999694824219,87.95999908447266,5960000,82.01403045654297
2024-03-19,88.0,89.08999633789062,87.86000061035156,88.41999816894531,8546400,82.44293212890625
2024-03-20,88.05000305175781,91.4800033569336,87.91000366210938,91.3499984741211,10811700,85.17487335205078
2024-03-21,91.95999908447266,94.36000061035156,91.95999908447266,93.4000015258789,13659900,87.0863037109375
2024-03-22,93.5199966430664,93.86000061035156,91.73999786376953,91.94999694824219,5909300,85.73431396484375
2024-03-25,91.7699966430664,92.55000305175781,90.98999786376953,91.13999938964844,3670400,84.97906494140625
2024-03-26,91.41999816894531,91.91000366210938,90.94000244140625,91.27999877929688,4211900,85.10960388183594
2024-03-27,92.02999877929688,93.54000091552734,91.91000366210938,93.5,6394500,87.17952728271484
2024-03-28,93.75,94.7300033569336,93.44999694824219,94.16000366210938,6707700,87.794921875
2024-04-01,94.16000366210938,94.44000244140625,93.16999816894531,93.52999877929688,3416000,87.20750427246094
2024-04-02,92.9000015258789,93.7699966430664,92.54000091552734,92.70999908447266,5245400,86.44293975830078
2024-04-03,92.94999694824219,94.30000305175781,92.75,93.0,4821100,86.71333312988281
2024-04-04,94.19999694824219,94.73999786376953,91.86000061035156,92.27999877929688,5466100,86.0420150756836
2024-04-05,92.25,93.29000091552734,91.61000061035156,92.47000122070312,4654800,86.21915435791016
2024-04-08,93.0,93.4000015258789,92.19999694824219,93.20999908447266,4601900,86.90912628173828
2024-04-09,93.61000061035156,94.13999938964844,92.83000183105469,94.08000183105469,4951600,87.7203369140625
2024-04-10,92.2699966430664,92.88999938964844,91.18000030517578,91.6500015258789,5994200,85.45459747314453
2024-04-11,91.72000122070312,91.80000305175781,85.01000213623047,86.83999633789062,24631800,80.96974182128906
2024-04-12,85.80000305175781,86.80999755859375,85.12000274658203,86.19000244140625,12789800,80.36367797851562
2024-04-15,87.80000305175781,89.12999725341797,85.48999786376953,86.98999786376953,9553900,81.10960388183594
2024-04-16,90.70999908447266,91.0999984741211,88.0,89.13999938964844,18291600,83.11427307128906
2024-04-17,90.12999725341797,91.44000244140625,89.66999816894531,90.08000183105469,9544600,83.99072265625
2024-04-18,90.66000366210938,91.11000061035156,89.73999786376953,90.26000213623047,6752000,84.15855407714844
2024-04-19,90.36000061035156,91.62000274658203,90.36000061035156,90.66000366210938,8143000,84.53152465820312
2024-04-22,91.11000061035156,92.66000366210938,90.70999908447266,92.08999633789062,7294400,85.86483764648438
2024-04-23,92.16000366210938,94.05000305175781,92.16000366210938,93.76000213623047,6393900,87.42196655273438
2024-04-24,93.11000061035156,94.06999969482422,93.02999877929688,93.8499984741211,5100900,87.50586700439453
2024-04-25,93.0,93.6500015258789,91.6500015258789,92.55999755859375,6770600,86.3030776977539
2024-04-26,92.5,93.30999755859375,92.4000015258789,92.83000183105469,4606100,86.55482482910156
2024-04-29,91.33000183105469,92.80999755859375,91.33000183105469,92.11000061035156,4416100,86.67716217041016
2024-04-30,91.5999984741211,91.83000183105469,90.55000305175781,90.83999633789062,5860000,85.48206329345703
2024-05-01,91.27999877929688,92.4800033569336,90.7300033569336,91.54000091552734,4713600,86.14078521728516
2024-05-02,92.54000091552734,92.91999816894531,91.5999984741211,92.6500015258789,4449200,87.18531036376953
2024-05-03,93.33999633789062,94.41999816894531,93.27999877929688,93.63999938964844,5043500,88.11692810058594
2024-05-06,94.55999755859375,94.91000366210938,93.69999694824219,94.79000091552734,5105100,89.19908905029297
2024-05-07,94.91999816894531,95.93000030517578,94.70999908447266,95.79000091552734,7418000,90.1401138305664
2024-05-08,95.43000030517578,96.05000305175781,95.0999984741211,95.63999938964844,4662600,89.99895477294922
2024-05-09,95.58999633789062,98.26000213623047,95.58999633789062,98.11000061035156,6766700,92.3232650756836
2024-05-10,98.73999786376953,98.98999786376953,97.62999725341797,98.27999877929688,6118400,92.48322296142578
2024-05-13,98.75,98.97000122070312,98.41999816894531,98.55999755859375,5379000,92.7467041015625
2024-05-14,99.0,100.18000030517578,98.7699966430664,99.37999725341797,6216600,93.51835632324219
2024-05-15,100.04000091552734,100.9800033569336,99.98999786376953,100.5199966430664,6938500,94.59112548828125
2024-05-16,100.1500015258789,100.41000366210938,99.44999694824219,99.58000183105469,4339300,93.70655822753906
2024-05-17,99.9000015258789,100.30000305175781,99.30000305175781,100.22000122070312,4690800,94.3088150024414
2024-05-20,100.05000305175781,100.88999938964844,99.37999725341797,100.33000183105469,5690200,94.4123306274414
2024-05-21,100.30999755859375,103.25,100.1500015258789,101.52999877929688,8337100,95.54154205322266
2024-05-22,101.27999877929688,102.5199966430664,100.16999816894531,100.73999786376953,5194300,94.79813385009766
2024-05-23,100.37999725341797,100.55999755859375,98.4800033569336,98.91999816894531,5594500,93.08548736572266
2024-05-24,99.44999694824219,99.91000366210938,98.80999755859375,98.97000122070312,3550500,93.13253021240234
2024-05-28,98.43000030517578,99.45999908447266,98.4000015258789,98.66999816894531,5541600,92.85025024414062
2024-05-29,97.37000274658203,97.69999694824219,96.47000122070312,97.2699966430664,4679600,91.5328140258789
2024-05-30,97.69000244140625,97.80999755859375,96.58999633789062,97.2300033569336,4548800,91.49517059326172
2024-05-31,97.33000183105469,97.95999908447266,96.4000015258789,97.83999633789062,7155500,92.06918334960938
2024-06-03,98.16000366210938,98.16000366210938,96.52999877929688,97.41000366210938,5671200,91.66455841064453
2024-06-04,96.25,97.55000305175781,95.66999816894531,96.58000183105469,5409600,90.8835220336914
2024-06-05,96.83999633789062,97.61000061035156,96.5,96.66000366210938,4499700,90.95877838134766
2024-06-06,96.4800033569336,97.44999694824219,96.26000213623047,96.8499984741211,4741200,91.13756561279297
2024-06-07,96.12000274658203,97.68000030517578,95.93000030517578,97.13999938964844,4018400,91.41046905517578
2024-06-10,96.62000274658203,96.83000183105469,95.41000366210938,96.38999938964844,4566000,90.70471954345703
2024-06-11,96.45999908447266,96.45999908447266,94.7300033569336,95.43000030517578,5330000,89.80134582519531
2024-06-12,97.31999969482422,97.88999938964844,95.5999984741211,95.6500015258789,5435700,90.00835418701172
2024-06-13,95.5,95.55000305175781,94.61000061035156,95.20999908447266,3955900,89.59429931640625
2024-06-14,94.38999938964844,95.5199966430664,93.98999786376953,95.5,3406600,89.86720275878906
2024-06-17,95.01000213623047,97.19000244140625,94.68000030517578,97.04000091552734,4874100,91.31636810302734
2024-06-18,97.0199966430664,97.69000244140625,96.80999755859375,97.56999969482422,4558400,91.81511688232422
2024-06-20,97.63999938964844,98.02999877929688,97.11000061035156,97.44000244140625,3956800,91.69278717041016
2024-06-21,97.31999969482422,97.36000061035156,95.88999938964844,96.16000366210938,10785300,90.48828887939453
2024-06-24,96.7300033569336,97.66000366210938,96.18000030517578,97.0999984741211,8418200,91.37284088134766
2024-06-25,96.79000091552734,98.33999633789062,96.68000030517578,97.80000305175781,7439700,92.03154754638672
2024-06-26,97.37999725341797,97.68000030517578,96.08000183105469,96.88999938964844,6514200,91.17523193359375
2024-06-27,96.08000183105469,96.33999633789062,95.16999816894531,95.7699966430664,5437800,90.12128448486328
2024-06-28,96.73999786376953,97.31999969482422,96.16000366210938,97.19000244140625,9058800,91.45752716064453
2024-07-01,97.5199966430664,99.37999725341797,97.44000244140625,99.16000366210938,7420600,93.31134033203125
2024-07-02,98.97000122070312,99.80000305175781,98.62000274658203,99.6500015258789,5570900,93.7724380493164
2024-07-03,99.93000030517578,100.5999984741211,99.5,100.19999694824219,3112000,94.28998565673828
2024-07-05,100.0999984741211,100.11000061035156,98.91000366210938,99.58999633789062,3633200,93.7159652709961
2024-07-08,99.83000183105469,101.2699966430664,99.83000183105469,100.58999633789062,3884400,94.65697479248047
2024-07-09,100.5999984741211,102.9000015258789,99.9800033569336,102.61000061035156,7113600,96.55785369873047
2024-07-10,102.51000213623047,103.51000213623047,102.05999755859375,103.45999908447266,5619000,97.35771179199219
2024-07-11,104.25,105.29000091552734,103.94000244140625,104.63999938964844,7761000,98.46810913085938
2024-07-12,105.0,105.81999969482422,103.97000122070312,104.08999633789062,7060600,97.95054626464844
2024-07-15,103.94000244140625,106.52999877929688,103.23999786376953,105.26000213623047,10093900,99.05154418945312
2024-07-16,104.12999725341797,109.11000061035156,102.80999755859375,106.22000122070312,16716400,99.95491790771484
2024-07-17,105.08999633789062,107.70999908447266,104.52999877929688,106.95999908447266,11412000,100.6512680053711
2024-07-18,106.52999877929688,107.62999725341797,104.33000183105469,104.80999755859375,9130700,98.62808227539062
2024-07-19,104.70999908447266,104.72000122070312,101.7300033569336,102.08999633789062,12555900,96.0685043334961
2024-07-22,102.47000122070312,103.2300033569336,101.94999694824219,102.44000244140625,8931200,96.39788055419922
2024-07-23,102.44999694824219,104.16999816894531,102.18000030517578,103.5,7400600,97.39534759521484
2024-07-24,102.86000061035156,104.0,101.75,101.97000122070312,7967400,95.95560455322266
2024-07-25,102.08000183105469,104.19000244140625,101.8499984741211,103.55999755859375,5582300,97.45182037353516
2024-07-26,104.86000061035156,105.88999938964844,104.04000091552734,104.19000244140625,6599600,98.04466247558594
2024-07-29,104.47000122070312,104.56999969482422,102.33000183105469,102.4800033569336,5183400,96.43551635742188
2024-07-30,103.55999755859375,104.12000274658203,102.77999877929688,103.76000213623047,6225500,97.64002227783203
2024-07-31,103.08000183105469,104.31999969482422,102.25,103.20999908447266,5444600,97.9960708618164
2024-08-01,103.75,103.98999786376953,101.19000244140625,101.76000213623047,5678100,96.61932373046875
2024-08-02,99.0,99.0199966430664,95.04000091552734,95.8499984741211,11120700,91.00787353515625
2024-08-05,92.6500015258789,93.37000274658203,90.94000244140625,92.06999969482422,9659500,87.41883850097656
2024-08-06,92.19999694824219,93.83999633789062,91.5199966430664,92.97000122070312,6068300,88.27337646484375
2024-08-07,94.61000061035156,95.33000183105469,92.01000213623047,92.11000061035156,7215700,87.45681762695312
2024-08-08,93.48999786376953,95.04000091552734,92.77999877929688,94.62999725341797,6592300,89.8495101928711
2024-08-09,94.29000091552734,95.12000274658203,94.0199966430664,94.72000122070312,3542600,89.93496704101562
2024-08-12,94.9000015258789,95.22000122070312,93.54000091552734,94.83999633789062,4196300,90.04891204833984
2024-08-13,95.7699966430664,96.80000305175781,94.94999694824219,96.70999908447266,5941500,91.82443237304688
2024-08-14,97.76000213623047,100.58999633789062,97.51000213623047,99.44000244140625,10161700,94.4165267944336
2024-08-15,100.80000305175781,101.20999908447266,100.1500015258789,100.63999938964844,5885100,95.55589294433594
2024-08-16,100.62999725341797,101.5,100.45999908447266,101.44000244140625,4159700,96.31549072265625
2024-08-19,101.5199966430664,102.04000091552734,101.30000305175781,101.75,4070500,96.60983276367188
2024-08-20,101.25,101.62999725341797,100.5999984741211,100.77999877929688,3396900,95.68883514404297
2024-08-21,101.0999984741211,101.2300033569336,99.95999908447266,100.69000244140625,3576000,95.60337829589844
2024-08-22,100.76000213623047,100.9800033569336,99.9000015258789,100.55999755859375,2777300,95.47994232177734
2024-08-23,100.94000244140625,102.58000183105469,100.81999969482422,101.88999938964844,3814800,96.74275207519531
2024-08-26,103.04000091552734,103.05000305175781,101.9800033569336,102.33000183105469,2679000,97.16053009033203
2024-08-27,102.45999908447266,102.8499984741211,102.04000091552734,102.08000183105469,2537200,96.92316436767578
2024-08-28,101.88999938964844,102.69999694824219,101.41999816894531,102.19999694824219,2836800,97.03710174560547
2024-08-29,102.91999816894531,102.91999816894531,101.27999877929688,102.5999984741211,3325600,97.41688537597656
2024-08-30,102.91000366210938,103.80999755859375,102.0999984741211,103.61000061035156,4951400,98.37586975097656
2024-09-03,102.8499984741211,103.26000213623047,98.45999908447266,99.2699966430664,6634000,94.25511169433594
2024-09-04,99.73999786376953,101.31999969482422,99.68000030517578,100.1500015258789,4212500,95.09066772460938
2024-09-05,101.0,101.30000305175781,99.12000274658203,99.55999755859375,4462400,94.53045654296875
2024-09-06,99.69999694824219,100.80000305175781,96.13999938964844,96.58999633789062,9246800,91.71050262451172
2024-09-09,97.76000213623047,99.0199966430664,97.5999984741211,98.18000030517578,5281500,93.22018432617188
2024-09-10,98.4000015258789,98.43000030517578,94.88999938964844,96.62000274658203,7798600,91.73898315429688
2024-09-11,95.48999786376953,97.13999938964844,94.08999633789062,97.02999877929688,6764100,92.12828063964844
2024-09-12,97.37000274658203,97.69000244140625,95.68000030517578,96.63999938964844,4751200,91.75798034667969
2024-09-13,96.87000274658203,98.73999786376953,96.8499984741211,98.25,5354800,93.2866439819336
2024-09-16,99.1500015258789,100.19000244140625,98.76000213623047,100.08999633789062,4467200,95.03368377685547
2024-09-17,100.68000030517578,100.81999969482422,99.44000244140625,99.83999633789062,4748600,94.79632568359375
2024-09-18,100.12000274658203,101.01000213623047,99.23999786376953,99.30000305175781,5195900,94.28360748291016
2024-09-19,101.22000122070312,101.43000030517578,99.5199966430664,100.7300033569336,9091900,95.641357421875
2024-09-20,100.87000274658203,102.52999877929688,100.19000244140625,102.47000122070312,14513400,97.29344940185547
2024-09-23,101.69000244140625,102.52999877929688,101.30999755859375,102.47000122070312,3962400,97.29344940185547
2024-09-24,102.7699966430664,102.87999725341797,101.94999694824219,102.58000183105469,4749700,97.39790344238281
2024-09-25,102.75,102.80999755859375,101.72000122070312,102.33999633789062,3825100,97.1700210571289
2024-09-26,103.06999969482422,104.79000091552734,102.97000122070312,104.5999984741211,5183000,99.31584930419922
2024-09-27,104.93000030517578,105.13999938964844,104.0199966430664,104.11000061035156,3113300,98.85060119628906
2024-09-30,103.73999786376953,104.4000015258789,103.12000274658203,104.23999786376953,3378600,98.97403717041016
2024-10-01,104.18000030517578,105.19000244140625,103.05999755859375,104.41999816894531,5437400,99.14494323730469
2024-10-02,104.83000183105469,105.4000015258789,103.91000366210938,104.5199966430664,3293600,99.23988342285156
2024-10-03,103.58000183105469,104.69999694824219,103.16000366210938,104.56999969482422,4587200,99.28736114501953
2024-10-04,107.61000061035156,108.08000183105469,106.62000274658203,107.87999725341797,5608900,102.43016052246094
2024-10-07,107.69000244140625,108.91999816894531,107.2699966430664,107.63999938964844,4439900,102.2022933959961
2024-10-08,107.6500015258789,108.20999908447266,107.38999938964844,107.48999786376953,3679400,102.05986785888672
2024-10-09,107.22000122070312,109.37000274658203,107.22000122070312,109.04000091552734,4445800,103.53156280517578
2024-10-10,108.44000244140625,109.02999877929688,107.6500015258789,108.08000183105469,4065500,102.62005615234375
2024-10-11,109.0,111.4800033569336,109.0,110.45999908447266,5826200,104.87981414794922
2024-10-14,111.05000305175781,112.44000244140625,110.55000305175781,112.27999877929688,7179300,106.60787200927734
2024-10-15,115.43000030517578,116.05999755859375,112.02999877929688,112.22000122070312,8925200,106.5509033203125
2024-10-16,116.87999725341797,121.44999694824219,116.5,119.51000213623047,21458500,113.4726333618164
2024-10-17,119.7699966430664,120.36000061035156,118.7300033569336,119.44000244140625,9357200,113.40618133544922
2024-10-18,119.52999877929688,121.12000274658203,119.11000061035156,121.05999755859375,6852900,114.94432830810547
2024-10-21,120.37000274658203,120.69000244140625,117.87999725341797,118.27999877929688,7469100,112.30477142333984
2024-10-22,117.6500015258789,118.61000061035156,117.25,118.31999969482422,4429600,112.34273529052734
2024-10-23,117.88999938964844,118.73999786376953,117.19999694824219,118.27999877929688,5661600,112.30477142333984
2024-10-24,118.4000015258789,119.33999633789062,117.94000244140625,119.16999816894531,5611800,113.1498031616211
2024-10-25,120.0,120.0,116.33000183105469,116.87999725341797,7271700,110.97549438476562
2024-10-28,118.12000274658203,119.68000030517578,117.51000213623047,119.12999725341797,5994000,113.11183166503906
2024-10-29,118.88999938964844,120.08999633789062,118.81999969482422,119.30000305175781,4622200,113.27323913574219
2024-10-30,118.61000061035156,119.31999969482422,117.79000091552734,117.91999816894531,5673000,111.96295166015625
2024-10-31,117.12999725341797,117.91000366210938,115.69999694824219,116.25,5374600,111.25000762939453
2024-11-01,116.66999816894531,118.0199966430664,116.30000305175781,116.8499984741211,4372100,111.82420349121094
2024-11-04,117.01000213623047,117.44999694824219,115.94000244140625,116.13999938964844,4366300,111.14474487304688
2024-11-05,116.08999633789062,117.9000015258789,116.08999633789062,117.80999755859375,4798400,112.742919921875
2024-11-06,129.50999450683594,133.52000427246094,127.66000366210938,131.49000549316406,22798700,125.83451843261719
2024-11-07,130.74000549316406,131.5500030517578,128.0800018310547,128.44000244140625,7780000,122.91570281982422
2024-11-08,128.97999572753906,130.52000427246094,127.76000213623047,129.52999877929688,6979300,123.95881652832031
2024-11-11,130.5500030517578,133.99000549316406,130.5500030517578,133.52000427246094,6861300,127.77720642089844
2024-11-12,133.19000244140625,133.82000732421875,131.7100067138672,132.30999755859375,5683300,126.61925506591797
2024-11-13,133.4600067138672,134.64999389648438,132.47000122070312,132.75999450683594,6134800,127.04988098144531
2024-11-14,133.10000610351562,134.91000366210938,131.97999572753906,132.42999267578125,7344200,126.73407745361328
2024-11-15,133.3699951171875,134.39999389648438,132.5399932861328,134.05999755859375,7281900,128.29397583007812
2024-11-18,134.69000244140625,135.50999450683594,133.4199981689453,133.77999877929688,6434100,128.02601623535156
2024-11-19,133.25999450683594,134.08999633789062,131.92999267578125,132.24000549316406,7244800,126.5522689819336
2024-11-20,133.16000366210938,133.64999389648438,131.0500030517578,131.69000244140625,5125600,126.02591705322266
2024-11-21,133.1999969482422,135.57000732421875,133.13999938964844,134.99000549316406,5547400,129.1840057373047
2024-11-22,134.67999267578125,135.6699981689453,133.9600067138672,134.69000244140625,6334100,128.8968963623047
2024-11-25,135.44000244140625,136.24000549316406,133.5800018310547,133.66000366210938,8012300,127.91117095947266
2024-11-26,130.75,131.7899932861328,128.52999877929688,131.27999877929688,8817300,125.6335678100586
2024-11-27,131.49000549316406,132.42999267578125,130.57000732421875,131.2100067138672,5507800,125.56657409667969
2024-11-29,132.27999877929688,132.72999572753906,131.4199981689453,131.61000061035156,4068200,125.94937133789062
2024-12-02,132.3000030517578,133.0,130.8300018310547,131.02999877929688,5512100,125.39429473876953
2024-12-03,133.19000244140625,133.19000244140625,130.00999450683594,130.44000244140625,4791300,124.8296890258789
2024-12-04,130.19000244140625,131.1999969482422,129.63999938964844,129.99000549316406,6203700,124.39904022216797
2024-12-05,129.94000244140625,131.86000061035156,129.4199981689453,130.32000732421875,4991900,124.71485137939453
2024-12-06,130.52000427246094,130.57000732421875,129.17999267578125,129.9600067138672,5013200,124.3703384399414
2024-12-09,130.52000427246094,130.77000427246094,128.3300018310547,128.5800018310547,7753900,123.0496826171875
2024-12-10,127.62999725341797,128.61000061035156,126.52999877929688,126.79000091552734,6551300,121.336669921875
2024-12-11,127.75,127.94999694824219,126.27999877929688,127.58999633789062,8835400,122.10225677490234
2024-12-12,127.88999938964844,128.8300018310547,127.36000061035156,127.91000366210938,3610500,122.40850067138672
2024-12-13,128.0,128.80999755859375,126.70999908447266,127.4000015258789,6091500,121.92044067382812
2024-12-16,127.73999786376953,129.30999755859375,127.38999938964844,129.02999877929688,5659700,123.48033142089844
2024-12-17,128.10000610351562,128.6999969482422,127.18000030517578,127.73999786376953,7141400,122.24581146240234
2024-12-18,128.16000366210938,128.38999938964844,120.29000091552734,121.04000091552734,7858800,115.83397674560547
2024-12-19,124.77999877929688,124.94000244140625,120.30000305175781,120.5,8632400,115.31720733642578
2024-12-20,121.19999694824219,124.54000091552734,120.52999877929688,123.44000244140625,14884000,118.1307601928711
2024-12-23,123.0999984741211,124.66999816894531,122.79000091552734,124.44999694824219,5074100,119.09732055664062
2024-12-24,125.06999969482422,127.22000122070312,124.58999633789062,127.05999755859375,2902800,121.5950698852539
2024-12-26,126.52999877929688,128.1699981689453,126.48999786376953,128.02999877929688,3013500,122.52333068847656
2024-12-27,127.05000305175781,127.86000061035156,125.81999969482422,126.76000213623047,3088100,121.3079833984375
2024-12-30,124.55000305175781,126.16000366210938,124.0199966430664,125.75,2637900,120.3414077758789
2024-12-31,126.33000183105469,126.83000183105469,125.19999694824219,125.72000122070312,2970000,120.31269836425781
2025-01-02,126.51000213623047,127.27999877929688,124.20999908447266,124.77999877929688,5014300,119.41312408447266
2025-01-03,125.6500015258789,126.0,124.08000183105469,125.94000244140625,3988400,120.52323150634766
2025-01-06,127.62999725341797,129.9499969482422,127.62999725341797,128.63999938964844,6665200,123.10710144042969
2025-01-07,129.64999389648438,129.66000366210938,125.45999908447266,126.87999725341797,7268800,121.42279815673828
2025-01-08,126.91000366210938,128.0,125.76000213623047,127.86000061035156,5744500,122.36064910888672
2025-01-10,126.30999755859375,126.5,123.29000091552734,123.44999694824219,6873800,118.14031982421875
2025-01-13,122.44999694824219,124.30000305175781,122.44999694824219,123.98999786376953,5433000,118.65709686279297
2025-01-14,125.4000015258789,125.4000015258789,123.69000244140625,124.62000274658203,8999900,119.26000213623047
2025-01-15,129.7100067138672,131.44000244140625,128.4600067138672,130.5500030517578,11349500,124.93496704101562
2025-01-16,132.35000610351562,136.14999389648438,131.89999389648438,135.80999755859375,16235700,129.96871948242188
2025-01-17,136.16000366210938,138.0800018310547,134.52999877929688,137.8699951171875,12481500,131.9401092529297
2025-01-21,136.44000244140625,137.6199951171875,135.2899932861328,137.3000030517578,11213300,131.39463806152344
2025-01-22,137.25999450683594,138.3800048828125,135.82000732421875,136.0,7177500,130.15054321289062
2025-01-23,135.97000122070312,138.1999969482422,135.97000122070312,137.8000030517578,6911000,131.87310791015625
2025-01-24,136.47000122070312,139.0399932861328,136.47000122070312,137.82000732421875,6475500,131.8922882080078
2025-01-27,135.25999450683594,136.75999450683594,134.1199951171875,136.64999389648438,6460700,130.7725830078125
2025-01-28,136.07000732421875,138.83999633789062,135.63999938964844,138.5399932861328,5885100,132.581298828125
2025-01-29,138.47000122070312,141.47999572753906,138.17999267578125,138.7100067138672,5719800,132.74400329589844
2025-01-30,139.80999755859375,140.49000549316406,138.88999938964844,139.94000244140625,4545700,133.9210968017578
2025-01-31,139.13999938964844,139.75999450683594,137.77000427246094,138.42999267578125,5502700,133.35751342773438
2025-02-03,135.80999755859375,138.0,133.91000366210938,137.16000366210938,5307000,132.13406372070312
2025-02-04,137.72999572753906,137.8800048828125,136.2899932861328,136.77000427246094,5997300,131.7583465576172
2025-02-05,137.47000122070312,139.22000122070312,136.50999450683594,138.92999267578125,5871200,133.83917236328125
2025-02-06,140.00999450683594,141.39999389648438,140.0,141.0800018310547,4576600,135.91041564941406
2025-02-07,142.02000427246094,142.02999877929688,139.82000732421875,139.97999572753906,3529000,134.8507080078125
2025-02-10,140.25,140.30999755859375,135.61000061035156,137.30999755859375,5517700,132.27854919433594
2025-02-11,136.80999755859375,138.2100067138672,135.44000244140625,137.7899932861328,5096800,132.740966796875
2025-02-12,136.0800018310547,137.27999877929688,135.60000610351562,137.11000061035156,4688900,132.0858917236328
2025-02-13,137.97000122070312,138.10000610351562,136.35000610351562,136.83999633789062,4699800,131.82577514648438
2025-02-14,136.4499969482422,139.5800018310547,136.4499969482422,138.9499969482422,5044500,133.85845947265625
2025-02-18,139.41000366210938,140.77999877929688,138.88999938964844,140.7100067138672,3797000,135.55398559570312
2025-02-19,140.00999450683594,140.92999267578125,139.25999450683594,140.69000244140625,3623100,135.53469848632812
2025-02-20,140.25,141.07000732421875,132.42999267578125,134.33999633789062,8860800,129.41738891601562
2025-02-21,135.17999267578125,135.60000610351562,130.91000366210938,131.69000244140625,6704100,126.86448669433594
2025-02-24,132.75999450683594,132.97000122070312,128.89999389648438,129.97000122070312,7784500,125.20751190185547
2025-02-25,131.02999877929688,131.2899932861328,126.37999725341797,129.60000610351562,7458500,124.85106658935547
2025-02-26,130.41000366210938,132.24000549316406,130.14999389648438,131.0500030517578,5493600,126.2479476928711
2025-02-27,131.8000030517578,132.8699951171875,128.80999755859375,129.24000549316406,5538700,124.5042724609375
2025-02-28,129.89999389648438,133.41000366210938,128.99000549316406,133.11000061035156,7424200,128.23245239257812
2025-03-03,133.3300018310547,133.99000549316406,127.7300033569336,129.1300048828125,5969400,124.3983154296875
2025-03-04,126.47000122070312,126.56999969482422,119.25,121.72000122070312,12996500,117.25982666015625
2025-03-05,122.0,124.37999725341797,121.44000244140625,123.75,7291900,119.2154312133789
2025-03-06,120.80000305175781,123.12999725341797,118.5999984741211,119.37000274658203,8611500,114.99593353271484
2025-03-07,118.7300033569336,119.48999786376953,115.44999694824219,119.29000091552734,8513500,114.91886138916016
2025-03-10,116.0,116.27999877929688,109.22000122070312,111.69000244140625,16765700,107.59735107421875
2025-03-11,111.70999908447266,113.51000213623047,110.33999633789062,112.04000091552734,13490400,107.93452453613281
2025-03-12,115.0,115.5999984741211,112.55000305175781,114.0,7925500,109.82270812988281
2025-03-13,114.0,114.8499984741211,111.2300033569336,111.68000030517578,7435500,107.58772277832031
2025-03-14,113.98999786376953,115.7699966430664,112.54000091552734,115.33999633789062,6879400,111.11360168457031
2025-03-17,114.97000122070312,119.30000305175781,114.83999633789062,117.95999908447266,8374900,113.63760375976562
2025-03-18,118.27999877929688,119.20999908447266,117.27999877929688,118.11000061035156,7234900,113.7821044921875
2025-03-19,117.2300033569336,121.25,116.2300033569336,119.8499984741211,8430800,115.45834350585938
2025-03-20,118.81999969482422,121.80999755859375,118.81999969482422,120.47000122070312,7026000,116.05562591552734
2025-03-21,119.3499984741211,120.87999725341797,118.30000305175781,120.13999938964844,10989900,115.73771667480469
2025-03-24,122.30999755859375,124.81999969482422,122.0,124.2699966430664,6184400,119.71638488769531
2025-03-25,124.9000015258789,126.05000305175781,124.1500015258789,125.19999694824219,4326300,120.61229705810547
2025-03-26,125.7699966430664,126.33999633789062,121.61000061035156,122.19999694824219,5084600,117.72223663330078
2025-03-27,118.93000030517578,119.83999633789062,117.54000091552734,119.0,8239400,114.63948822021484
2025-03-28,118.70999908447266,119.43000030517578,114.62999725341797,115.33000183105469,7349400,111.10397338867188
2025-03-31,113.70999908447266,117.02999877929688,112.18000030517578,116.66999816894531,7616600,112.3948745727539
2025-04-01,115.98999786376953,116.87999725341797,113.54000091552734,115.73999786376953,6651000,111.49894714355469
2025-04-02,113.97000122070312,120.3499984741211,113.87999725341797,119.2699966430664,8415300,114.89959716796875
2025-04-03,110.11000061035156,111.38999938964844,106.87999725341797,107.93000030517578,15186100,103.97512817382812
2025-04-04,101.54000091552734,103.69999694824219,97.30999755859375,99.83000183105469,18876900,96.17194366455078
2025-04-07,96.2699966430664,104.33999633789062,94.33000183105469,100.91999816894531,20721400,97.22198486328125
2025-04-08,105.22000122070312,106.94000244140625,98.2699966430664,100.30999755859375,10710100,96.63433837890625
2025-04-09,98.19999694824219,113.9000015258789,97.88999938964844,111.69999694824219,16919500,107.60697937011719
2025-04-10,108.7699966430664,108.87000274658203,103.41000366210938,106.58000183105469,10956700,102.67459869384766
2025-04-11,102.88999938964844,109.19999694824219,102.88999938964844,108.12000274658203,10573200,104.15817260742188
2025-04-14,110.4800033569336,111.5,108.55000305175781,109.11000061035156,8224500,105.11189270019531
2025-04-15,110.08999633789062,112.1500015258789,110.05999755859375,110.44000244140625,6003800,106.39315032958984
2025-04-16,109.58000183105469,110.31999969482422,106.6500015258789,107.86000061035156,6520100,103.90768432617188
2025-04-17,108.5199966430664,110.75,108.1500015258789,109.18000030517578,5233100,105.17932891845703
2025-04-21,108.13999938964844,108.33000183105469,104.77999877929688,106.30000305175781,7784500,102.40486907958984
2025-04-22,108.0199966430664,110.69999694824219,107.97000122070312,110.37999725341797,6571300,106.33535766601562
2025-04-23,113.25,116.61000061035156,111.93000030517578,112.30999755859375,9243800,108.19461822509766
2025-04-24,111.87000274658203,115.9000015258789,111.23999786376953,115.5999984741211,6640700,111.36408233642578
2025-04-25,115.70999908447266,117.0999984741211,114.97000122070312,116.01000213623047,5013200,111.7590560913086
2025-04-28,115.87999725341797,117.9000015258789,113.83000183105469,115.83000183105469,4171200,111.58565521240234
2025-04-29,115.37999725341797,116.47000122070312,114.2300033569336,116.20999908447266,4689800,111.95172119140625
2025-04-30,113.11000061035156,115.81999969482422,112.02999877929688,115.41999816894531,6502400,112.08281707763672
2025-05-01,115.54000091552734,117.81999969482422,114.66999816894531,116.76000213623047,7743600,113.38407897949219
2025-05-02,119.30000305175781,120.51000213623047,118.45999908447266,120.22000122070312,6894400,116.74403381347656
2025-05-05,118.73999786376953,120.87000274658203,118.38999938964844,119.5999984741211,6540300,116.14196014404297
2025-05-06,117.80999755859375,119.1500015258789,117.20999908447266,118.33000183105469,5739600,114.90869140625
2025-05-07,118.33000183105469,120.0,118.19999694824219,119.0999984741211,4680600,115.65641784667969
2025-05-08,119.98999786376953,123.26000213623047,119.98999786376953,121.87999725341797,6449300,118.35603332519531
2025-05-09,122.48999786376953,123.2300033569336,121.47000122070312,121.69999694824219,4240100,118.18124389648438
2025-05-12,127.41999816894531,129.1999969482422,126.44000244140625,127.05999755859375,9162100,123.38626861572266
2025-05-13,127.76000213623047,130.11000061035156,127.2300033569336,129.35000610351562,6086700,125.61006927490234
2025-05-14,129.36000061035156,131.57000732421875,129.1300048828125,131.0399932861328,6273400,127.25118255615234
2025-05-15,130.25999450683594,133.02999877929688,130.02000427246094,132.50999450683594,7209300,128.67869567871094
2025-05-16,132.27999877929688,132.97999572753906,131.7899932861328,132.17999267578125,6303800,128.35821533203125
2025-05-19,130.3000030517578,132.1300048828125,129.07000732421875,130.83999633789062,7703500,127.0569839477539
2025-05-20,129.8699951171875,130.38999938964844,128.1199951171875,129.1300048828125,5220100,125.39642333984375
2025-05-21,128.08999633789062,128.63999938964844,125.06999969482422,125.30000305175781,6371600,121.67715454101562
2025-05-22,124.61000061035156,127.06999969482422,124.61000061035156,126.26000213623047,5689200,122.6093978881836
2025-05-23,124.0999984741211,126.56999969482422,123.87999725341797,126.06999969482422,3361400,122.42489624023438
2025-05-27,127.54000091552734,129.52999877929688,126.81999969482422,129.2100067138672,5472400,125.47411346435547
2025-05-28,129.2100067138672,129.4199981689453,127.2699966430664,127.51000213623047,4050900,123.82325744628906
2025-05-29,128.10000610351562,128.39999389648438,126.93000030517578,128.16000366210938,4337500,124.45447540283203
2025-05-30,127.61000061035156,128.3300018310547,126.3499984741211,128.02999877929688,6436100,124.3282241821289
2025-06-02,127.4800033569336,128.47000122070312,126.36000061035156,128.39999389648438,3607900,124.68751525878906
2025-06-03,128.1199951171875,129.17999267578125,127.12999725341797,128.67999267578125,4145600,124.95941925048828
2025-06-04,128.83999633789062,129.4199981689453,128.16000366210938,128.16000366210938,3123200,124.45447540283203
2025-06-05,128.3699951171875,131.0500030517578,127.33999633789062,130.6199951171875,6193300,126.84333801269531
2025-06-06,132.0800018310547,133.57000732421875,130.82000732421875,131.82000732421875,5004400,128.0086669921875
2025-06-09,132.22999572753906,132.89999389648438,131.11000061035156,131.9499969482422,4838600,128.1348876953125
2025-06-10,131.60000610351562,132.4600067138672,131.14999389648438,131.82000732421875,3816900,128.0086669921875
2025-06-11,132.02999877929688,133.4499969482422,131.4199981689453,131.80999755859375,5810200,127.99891662597656
2025-06-12,130.66000366210938,132.0,129.8000030517578,131.9199981689453,4258700,128.10574340820312
2025-06-13,130.19000244140625,131.07000732421875,128.80999755859375,129.49000549316406,4367500,125.74601745605469
2025-06-16,130.2899932861328,132.8000030517578,130.2899932861328,130.89999389648438,6240500,127.11524200439453
2025-06-17,129.83999633789062,131.1699981689453,129.66000366210938,130.08999633789062,4767700,126.32865142822266
2025-06-18,130.02000427246094,132.9600067138672,129.92999267578125,132.52000427246094,6170400,128.6884002685547
2025-06-20,133.35000610351562,133.3699951171875,131.91000366210938,132.7100067138672,8904400,128.8729248046875
2025-06-23,132.05999755859375,134.10000610351562,130.89999389648438,134.0,5232400,130.1256103515625
2025-06-24,135.67999267578125,136.67999267578125,135.00999450683594,135.89999389648438,5599900,131.9706573486328
2025-06-25,136.1199951171875,137.88999938964844,135.41000366210938,137.72000122070312,5736400,133.73805236816406
2025-06-26,138.00999450683594,140.1999969482422,137.83999633789062,139.75,6013200,135.7093505859375
2025-06-27,140.25,141.89999389648438,139.10000610351562,140.69000244140625,7249300,136.62217712402344
2025-06-30,141.50999450683594,141.85000610351562,139.5500030517578,140.86000061035156,8034400,136.7872772216797
2025-07-01,140.5500030517578,141.61000061035156,139.47000122070312,141.07000732421875,6166700,136.99119567871094
2025-07-02,141.6199951171875,142.8800048828125,140.97999572753906,142.86000061035156,5494500,138.7294464111328
2025-07-03,143.36000061035156,144.55999755859375,142.6699981689453,144.13999938964844,3974700,139.97242736816406
2025-07-07,144.11000061035156,145.16000366210938,142.5,143.74000549316406,5991600,139.58399963378906
2025-07-08,143.61000061035156,144.05999755859375,141.02000427246094,141.1300048828125,6620400,137.04946899414062
2025-07-09,142.89999389648438,142.94000244140625,140.89999389648438,141.5500030517578,4837000,137.4573211669922
2025-07-10,141.75999450683594,143.16000366210938,141.32000732421875,143.08999633789062,5622800,138.95277404785156
2025-07-11,141.86000061035156,142.4499969482422,141.1199951171875,142.27999877929688,3647500,138.16619873046875
2025-07-14,142.4499969482422,144.0500030517578,142.0,143.97000122070312,5376100,139.80734252929688
2025-07-15,143.2899932861328,144.0,141.5500030517578,141.58999633789062,7392200,137.49615478515625
2025-07-16,139.5,140.0,135.25999450683594,139.7899932861328,10610800,135.74819946289062
2025-07-17,139.25999450683594,141.69000244140625,139.1300048828125,140.89999389648438,7695800,136.8260955810547
2025-07-18,141.4499969482422,141.75,140.1999969482422,140.8300018310547,5572300,136.7581329345703
2025-07-21,141.24000549316406,142.52000427246094,140.17999267578125,140.47000122070312,5853400,136.40853881835938
2025-07-22,140.8000030517578,140.88999938964844,138.92999267578125,140.0399932861328,5257200,135.990966796875
2025-07-23,140.77999877929688,142.6300048828125,139.92999267578125,142.2100067138672,6612900,138.09825134277344
2025-07-24,142.47000122070312,143.72000122070312,141.85000610351562,142.5,3817900,138.37985229492188
2025-07-25,142.9199981689453,143.3800048828125,142.0500030517578,143.00999450683594,3463000,138.87510681152344
2025-07-28,143.0399932861328,143.13999938964844,142.02000427246094,142.55999755859375,3729300,138.4381103515625
2025-07-29,143.5,144.0500030517578,142.10000610351562,143.55999755859375,5158700,139.40919494628906
2025-07-30,143.8300018310547,145.47999572753906,143.27999877929688,144.94000244140625,5236800,140.74929809570312
2025-07-31,143.1999969482422,144.6999969482422,142.0,142.4600067138672,5523700,139.30210876464844
2025-08-01,139.27000427246094,139.57000732421875,136.1699981689453,139.08999633789062,6678500,136.0067901611328
2025-08-04,140.17999267578125,141.77999877929688,139.7100067138672,141.36000061035156,3851500,138.2264862060547
2025-08-05,141.66000366210938,142.7100067138672,139.41000366210938,140.4600067138672,5331100,137.34645080566406
2025-08-06,141.14999389648438,141.85000610351562,140.50999450683594,141.3000030517578,3765800,138.16783142089844
2025-08-07,142.22999572753906,142.7100067138672,140.60000610351562,140.9199981689453,3728600,137.79623413085938
2025-08-08,141.6199951171875,143.92999267578125,141.27999877929688,143.17999267578125,3943500,140.00611877441406
2025-08-11,143.57000732421875,144.19000244140625,142.66000366210938,143.8800048828125,4024700,140.69064331054688
2025-08-12,145.07000732421875,148.22999572753906,144.82000732421875,147.2899932861328,7111600,144.02503967285156
2025-08-13,148.14999389648438,149.0800018310547,145.38999938964844,147.75999450683594,5542000,144.48463439941406
2025-08-14,147.0,148.66000366210938,146.1699981689453,148.50999450683594,4188600,145.21798706054688
2025-08-15,148.6300048828125,148.80999755859375,144.4600067138672,144.6300048828125,4986000,141.4239959716797
2025-08-18,144.11000061035156,145.05999755859375,143.82000732421875,144.77999877929688,3548700,141.5706787109375
2025-08-19,144.49000549316406,144.97000122070312,143.4199981689453,144.07000732421875,4257700,140.87640380859375
2025-08-20,143.82000732421875,144.7100067138672,141.02999877929688,144.1199951171875,4619300,140.92530822753906
2025-08-21,143.41000366210938,144.4499969482422,142.89999389648438,144.0399932861328,3269400,140.84707641601562
2025-08-22,144.82000732421875,148.89999389648438,144.6699981689453,148.02000427246094,6759600,144.73886108398438
2025-08-25,147.97999572753906,148.61000061035156,147.57000732421875,147.64999389648438,2596500,144.3770751953125
2025-08-26,147.32000732421875,149.02999877929688,146.3000030517578,148.97000122070312,4453800,145.6678009033203
2025-08-27,148.3699951171875,150.1199951171875,148.02999877929688,149.3800048828125,3329200,146.06871032714844
2025-08-28,149.83999633789062,150.38999938964844,149.17999267578125,150.17999267578125,3898100,146.85096740722656
2025-08-29,149.88999938964844,150.75,149.1300048828125,150.47999572753906,3629400,147.14431762695312
2025-09-02,148.55999755859375,149.07000732421875,145.66000366210938,148.85000610351562,5330200,145.5504608154297
2025-09-03,148.80999755859375,149.5500030517578,146.94000244140625,148.52999877929688,4338900,145.23756408691406
2025-09-04,149.02999877929688,150.75,148.67999267578125,150.52999877929688,3955000,147.19322204589844
2025-09-05,151.1199951171875,151.86000061035156,146.2899932861328,148.08999633789062,5697300,144.8072967529297
2025-09-08,148.32000732421875,149.1999969482422,147.25,148.7899932861328,3820800,145.4917755126953
2025-09-09,148.4199981689453,152.82000732421875,148.35000610351562,152.22000122070312,6673200,148.8457489013672
2025-09-10,152.89999389648438,154.52999877929688,151.4199981689453,154.1199951171875,4945600,150.70362854003906
2025-09-11,154.38999938964844,157.75999450683594,154.0800018310547,156.47999572753906,7399500,153.01132202148438
2025-09-12,156.0399932861328,156.8699951171875,155.6199951171875,156.38999938964844,4341600,152.92332458496094
2025-09-15,157.35000610351562,158.47999572753906,155.8800048828125,156.63999938964844,4829900,153.1677703857422
2025-09-16,157.0800018310547,157.5,155.22000122070312,155.80999755859375,7539500,152.35618591308594
2025-09-17,156.63999938964844,157.97000122070312,155.64999389648438,157.41000366210938,4604200,153.9207305908203
2025-09-18,157.89999389648438,160.13999938964844,157.49000549316406,159.24000549316406,4323700,155.71014404296875
2025-09-19,159.5500030517578,161.08999633789062,158.1199951171875,159.91000366210938,14902000,156.3653106689453
2025-09-22,159.3300018310547,161.02999877929688,157.8300018310547,160.7100067138672,4421200,157.14756774902344
2025-09-23,160.5800018310547,163.97999572753906,159.60000610351562,160.75999450683594,5335900,157.1964569091797
2025-09-24,161.10000610351562,161.47000122070312,157.83999633789062,157.8800048828125,5195200,154.38031005859375
2025-09-25,157.38999938964844,159.25,156.6300048828125,158.9499969482422,5351100,155.4265594482422
2025-09-26,159.55999755859375,161.80999755859375,159.32000732421875,160.11000061035156,5326800,156.56085205078125
2025-09-29,160.69000244140625,161.32000732421875,159.72000122070312,161.16000366210938,4186000,157.5876007080078
2025-09-30,161.38999938964844,162.22999572753906,156.83999633789062,158.9600067138672,5547100,155.4363555908203
2025-10-01,157.8800048828125,158.44000244140625,155.5500030517578,156.88999938964844,5467400,153.41224670410156
2025-10-02,156.69000244140625,157.00999450683594,153.7100067138672,155.3000030517578,5087400,151.85748291015625
2025-10-03,156.92999267578125,157.8000030517578,156.16000366210938,157.58999633789062,5182100,154.0967254638672
2025-10-06,158.0,158.72999572753906,155.00999450683594,158.08999633789062,4696300,154.58563232421875
2025-10-07,158.77999877929688,159.2899932861328,155.39999389648438,155.97000122070312,4589700,152.51263427734375
2025-10-08,156.47999572753906,156.5500030517578,154.02000427246094,155.64999389648438,4038600,152.19970703125
2025-10-09,155.5800018310547,156.42999267578125,153.8300018310547,156.27000427246094,6092600,152.80599975585938
2025-10-10,156.85000610351562,157.9499969482422,151.83999633789062,151.86000061035156,5531700,148.4937286376953
2025-10-13,154.27999877929688,155.6199951171875,153.35000610351562,155.1300048828125,4735800,151.69125366210938
2025-10-14,154.5,157.1199951171875,151.8800048828125,155.33999633789062,8023800,151.89659118652344
2025-10-15,162.92999267578125,166.77000427246094,161.63999938964844,162.64999389648438,13673700,159.04454040527344
2025-10-16,163.08999633789062,164.75,158.97000122070312,160.02000427246094,10477500,156.47286987304688
2025-10-17,160.6999969482422,160.97999572753906,157.85000610351562,158.6699981689453,7965000,155.15277099609375
2025-10-20,160.1999969482422,163.13999938964844,159.5,161.97000122070312,5741000,158.379638671875
2025-10-21,161.4499969482422,162.05999755859375,159.19000244140625,159.22999572753906,4220600,155.7003631591797
2025-10-22,159.57000732421875,159.74000549316406,157.22000122070312,158.1199951171875,4360200,154.61497497558594
2025-10-23,158.89999389648438,160.08999633789062,157.89999389648438,159.30999755859375,3735600,155.77859497070312
2025-10-24,160.52000427246094,164.89999389648438,160.52000427246094,163.86000061035156,5547500,160.2277374267578
2025-10-27,164.9600067138672,166.69000244140625,164.89999389648438,166.02000427246094,5056000,162.33985900878906
2025-10-28,166.1199951171875,167.1300048828125,164.3800048828125,165.2100067138672,3601000,161.54782104492188
2025-10-29,164.30999755859375,166.02000427246094,163.1199951171875,164.02999877929688,4963500,160.3939666748047
2025-10-30,163.82000732421875,167.0,163.39999389648438,165.25999450683594,4960500,161.5966796875
2025-10-31,163.35000610351562,164.89999389648438,162.91000366210938,164.0,5323500,161.34091186523438
2025-11-03,164.3000030517578,164.66000366210938,161.57000732421875,163.64999389648438,4719200,160.99658203125
2025-11-04,162.3300018310547,166.92999267578125,160.86000061035156,164.00999450683594,5739200,161.3507537841797
2025-11-05,163.8699951171875,165.9600067138672,161.6300048828125,165.17999267578125,4133000,162.5017852783203
2025-11-06,164.57000732421875,165.6699981689453,162.64999389648438,163.4199981689453,4292900,160.77032470703125
2025-11-07,162.2100067138672,162.60000610351562,158.05999755859375,162.36000061035156,6323300,159.72750854492188
2025-11-10,163.80999755859375,166.05999755859375,163.80999755859375,165.0500030517578,5015400,162.3739013671875
2025-11-11,165.3000030517578,166.72000122070312,164.77999877929688,166.5,3237600,163.80038452148438
2025-11-12,167.52000427246094,171.77000427246094,167.52000427246094,169.9199981689453,6892900,167.16494750976562
2025-11-13,169.30999755859375,170.35000610351562,165.1699981689453,165.61000061035156,6090900,162.9248046875
2025-11-14,164.1999969482422,164.8000030517578,159.94000244140625,163.86000061035156,6691200,161.2031707763672
2025-11-17,163.25,164.08999633789062,158.75999450683594,159.4499969482422,5727200,156.8646697998047
2025-11-18,158.63999938964844,161.6699981689453,157.7899932861328,159.8300018310547,4864900,157.23854064941406
2025-11-19,160.35000610351562,162.91000366210938,160.0500030517578,162.2899932861328,6413600,159.65863037109375
2025-11-20,164.1999969482422,166.94000244140625,158.50999450683594,158.6999969482422,5258600,156.12684631347656
2025-11-21,159.77999877929688,160.11000061035156,155.22999572753906,158.1699981689453,9021300,155.60545349121094
2025-11-24,161.3300018310547,164.4600067138672,159.0,162.8300018310547,10125700,160.18988037109375
2025-11-25,163.50999450683594,165.8699951171875,160.6199951171875,165.42999267578125,5561000,162.74771118164062
2025-11-26,166.97999572753906,168.9600067138672,165.8699951171875,167.94000244140625,4844200,165.21702575683594
2025-11-28,168.0,170.27000427246094,167.75999450683594,169.66000366210938,2133700,166.90916442871094
2025-12-01,169.00999450683594,169.77000427246094,167.72999572753906,168.47000122070312,4393500,165.7384490966797
2025-12-02,168.88999938964844,170.1199951171875,168.69000244140625,169.08999633789062,4338700,166.34837341308594
2025-12-03,168.5500030517578,174.0,168.10000610351562,173.72000122070312,6223300,170.9033203125
2025-12-04,174.32000732421875,176.0,173.72000122070312,174.88999938964844,4813200,172.05435180664062
2025-12-05,174.47000122070312,177.32000732421875,174.3000030517578,176.50999450683594,4641600,173.64808654785156
2025-12-08,176.99000549316406,178.9600067138672,176.05999755859375,176.8300018310547,7271700,173.962890625
2025-12-09,176.77999877929688,180.64999389648438,176.77999877929688,178.8300018310547,4191200,175.93045043945312
2025-12-10,178.5,181.30999755859375,177.75,179.7100067138672,6591200,176.79620361328125
2025-12-11,180.1300048828125,181.97999572753906,179.5,180.2899932861328,7598700,177.36679077148438
2025-12-12,181.14999389648438,181.14999389648438,177.75,178.41000366210938,4961500,175.5172576904297
2025-12-15,179.91000366210938,180.89999389648438,177.72999572753906,177.7899932861328,5219000,174.90731811523438
2025-12-16,178.1300048828125,178.64999389648438,175.67999267578125,176.50999450683594,6840500,173.64808654785156
2025-12-17,178.0500030517578,179.4499969482422,174.4600067138672,174.8000030517578,5796100,171.9658203125
2025-12-18,176.5500030517578,177.07000732421875,172.5800018310547,172.9600067138672,7993400,170.15565490722656
2025-12-19,173.4600067138672,177.6999969482422,173.4600067138672,176.97999572753906,10639400,174.11045837402344
2025-12-22,177.58999633789062,180.25999450683594,177.41000366210938,179.75999450683594,4574600,176.8453826904297
2025-12-23,179.8300018310547,180.5800018310547,179.1300048828125,179.5,3514800,176.58961486816406
2025-12-24,180.16000366210938,182.0,179.52999877929688,181.64999389648438,2648000,178.70472717285156
2025-12-26,181.85000610351562,182.33999633789062,181.10000610351562,181.8699951171875,2564700,178.92115783691406
2025-12-29,181.19000244140625,181.6999969482422,179.75,179.94000244140625,2464300,177.0224609375
2025-12-30,180.27999877929688,180.3800048828125,178.25999450683594,179.0800018310547,2365500,176.17642211914062
2025-12-31,179.50999450683594,179.7100067138672,177.39999389648438,177.52999877929688,3098100,174.65155029296875
2026-01-02,178.52000427246094,181.9600067138672,177.13999938964844,181.89999389648438,4509900,178.95068359375
2026-01-05,182.1999969482422,188.50999450683594,182.05999755859375,186.5399932861328,6787400,183.51544189453125
2026-01-06,186.6999969482422,188.82000732421875,185.75,187.75,3795600,184.70584106445312
2026-01-07,187.3000030517578,187.75,184.33999633789062,184.7899932861328,3532400,181.79380798339844
2026-01-08,183.91000366210938,186.13999938964844,183.66000366210938,184.67999267578125,3745900,181.68560791015625
2026-01-09,185.6999969482422,186.9199981689453,185.0399932861328,186.32000732421875,4630900,183.29904174804688
2026-01-12,184.6300048828125,187.27000427246094,183.9199981689453,186.57000732421875,5635400,183.5449676513672
2026-01-13,186.9600067138672,187.02000427246094,182.14999389648438,182.75999450683594,6594800,179.79673767089844
2026-01-14,182.19000244140625,182.35000610351562,178.92999267578125,180.77999877929688,8434000,177.84884643554688
2026-01-15,181.0,192.16000366210938,181.0,191.22999572753906,12957100,188.12939453125
2026-01-16,190.55999755859375,192.67999267578125,189.0,189.08999633789062,8398100,186.02410888671875
2026-01-20,185.25,186.6999969482422,181.27999877929688,182.10000610351562,11302600,179.1474609375
2026-01-21,182.47000122070312,186.4199981689453,182.02000427246094,183.32000732421875,11715800,180.34767150878906
2026-01-22,184.52999877929688,186.0399932861328,182.25999450683594,183.0500030517578,8966900,180.08204650878906
2026-01-23,181.8699951171875,181.8699951171875,177.9499969482422,179.0,8532800,176.09771728515625
2026-01-26,179.36000061035156,182.44000244140625,178.86000061035156,181.8800048828125,6389800,178.93101501464844
2026-01-27,182.24000549316406,183.97000122070312,181.14999389648438,182.66000366210938,5138100,179.69837951660156
2026-01-28,182.44000244140625,183.00999450683594,180.3800048828125,182.33999633789062,5538800,179.38356018066406
2026-01-29,183.17999267578125,185.02999877929688,179.4600067138672,182.39999389648438,7473400,179.4425811767578
2026-01-30,180.2100067138672,183.14999389648438,179.97000122070312,182.8000030517578,7434900,180.82748413085938
2026-02-02,182.61000061035156,185.44000244140625,180.5500030517578,185.10000610351562,6827200,183.1026611328125
2026-02-03,185.27999877929688,188.67999267578125,178.4499969482422,182.91000366210938,7751300,180.936279296875
2026-02-04,182.72999572753906,183.64999389648438,178.5,180.0800018310547,7571900,178.13681030273438
2026-02-05,178.0,179.4499969482422,173.25,175.83999633789062,9571800,173.94256591796875
2026-02-06,178.88999938964844,181.19000244140625,177.5,179.9600067138672,9139700,178.0181121826172
2026-02-09,179.99000549316406,183.82000732421875,179.4600067138672,182.35000610351562,6625900,180.38232421875
2026-02-10,181.9199981689453,184.5800018310547,173.5500030517578,177.88999938964844,12854500,175.970458984375
2026-02-11,179.77000427246094,181.0399932861328,174.3000030517578,176.67999267578125,7777800,174.77349853515625
2026-02-12,177.42999267578125,178.7899932861328,165.41000366210938,168.05999755859375,14436700,166.24652099609375
2026-02-13,167.1199951171875,171.49000549316406,163.58999633789062,171.14999389648438,9162400,169.3031768798828
2026-02-17,172.5500030517578,174.1999969482422,170.86000061035156,171.5399932861328,6376900,169.68896484375
2026-02-18,173.49000549316406,177.30999755859375,173.4499969482422,176.58999633789062,6343300,174.68447875976562
2026-02-19,175.16000366210938,176.27999877929688,172.52999877929688,174.3699951171875,7259500,172.48843383789062
2026-02-20,173.4499969482422,175.42999267578125,171.55999755859375,175.41000366210938,4272600,173.5172119140625
2026-02-23,173.9600067138672,175.6199951171875,166.61000061035156,166.8000030517578,7795500,165.00013732910156
2026-02-24,165.47000122070312,170.32000732421875,164.11000061035156,168.7899932861328,7413800,166.9686279296875
2026-02-25,170.6999969482422,174.0399932861328,169.64999389648438,173.72999572753906,7098500,171.85533142089844
2026-02-26,174.8800048828125,177.8300018310547,174.4499969482422,177.49000549316406,6901600,175.5747833251953
2026-02-27,174.0,174.1300048828125,164.39999389648438,166.50999450683594,12400400,164.71324157714844
2026-03-02,162.63999938964844,169.60000610351562,162.14999389648438,167.0,9212600,165.1979522705078
2026-03-03,162.4600067138672,167.32000732421875,159.9499969482422,165.9499969482422,7495500,164.15928649902344
2026-03-04,167.5800018310547,169.1999969482422,166.52000427246094,167.5800018310547,5307800,165.77169799804688
2026-03-05,165.3800048828125,167.97000122070312,160.50999450683594,162.5500030517578,7274900,160.7959747314453
2026-03-06,159.50999450683594,160.35000610351562,155.35000610351562,160.27000427246094,8046000,158.54058837890625
2026-03-09,157.9199981689453,161.85000610351562,154.07000732421875,160.4499969482422,7480800,158.71864318847656
2026-03-10,161.83999633789062,163.47999572753906,159.86000061035156,160.75,4314600,159.01541137695312
2026-03-11,160.0,161.75999450683594,157.85000610351562,160.88999938964844,5463200,159.15390014648438
2026-03-12,154.3699951171875,156.25,152.8000030517578,154.3699951171875,11195700,152.70423889160156
2026-03-13,154.88999938964844,157.24000549316406,153.86000061035156,154.8699951171875,6001900,153.1988525390625
2026-03-16,156.4600067138672,159.08999633789062,154.7899932861328,155.6999969482422,5498100,154.0198974609375
2026-03-17,157.3000030517578,160.63999938964844,157.3000030517578,157.8300018310547,6528600,156.12692260742188
2026-03-18,157.02000427246094,160.63999938964844,156.52000427246094,158.92999267578125,9140900,157.21502685546875
2026-03-19,156.99000549316406,159.6199951171875,156.52999877929688,158.5500030517578,6418300,156.8391571044922
2026-03-20,158.36000061035156,163.13999938964844,157.25,161.47000122070312,14621300,159.72764587402344
2026-03-23,166.25999450683594,168.13999938964844,164.16000366210938,164.32000732421875,10128400,162.54689025878906
2026-03-24,162.44000244140625,167.1199951171875,162.22999572753906,165.8699951171875,6016200,164.08013916015625
2026-03-25,166.8000030517578,168.80999755859375,164.0,165.64999389648438,6444600,163.86251831054688
2026-03-26,164.64999389648438,166.3300018310547,162.47999572753906,163.22999572753906,6175700,161.46864318847656
2026-03-27,161.0,161.22999572753906,157.3300018310547,158.38999938964844,6368400,156.68087768554688
2026-03-30,160.14999389648438,161.24000549316406,157.22000122070312,158.3699951171875,6261600,156.6610870361328
2026-03-31,161.5,165.2899932861328,159.64999389648438,164.57000732421875,8081700,162.794189453125
2026-04-01,168.91000366210938,169.2899932861328,163.1999969482422,166.1699981689453,7117000,164.3769073486328
2026-04-02,161.99000549316406,167.0,160.57000732421875,165.80999755859375,5107500,164.0207977294922
2026-04-06,165.8800048828125,167.6300048828125,165.44000244140625,166.5500030517578,3674800,164.75282287597656
2026-04-07,165.69000244140625,168.89999389648438,165.2899932861328,168.42999267578125,6036400,166.61253356933594
2026-04-08,176.89999389648438,181.25999450683594,174.49000549316406,176.02000427246094,7662600,174.12063598632812
2026-04-09,175.1699981689453,179.0,174.8000030517578,178.16000366210938,5298900,176.237548828125
2026-04-10,178.66000366210938,178.66000366210938,174.6999969482422,177.63999938964844,4240100,175.72314453125
2026-04-13,175.75999450683594,181.17999267578125,175.00999450683594,181.13999938964844,6282900,179.1853790283203
2026-04-14,182.8699951171875,184.58999633789062,181.75,183.33999633789062,8803600,181.36163330078125
2026-04-15,188.49000549316406,194.58999633789062,187.9199981689453,191.6199951171875,9853800,189.5522918701172
2026-04-16,190.92999267578125,192.50999450683594,186.6699981689453,187.32000732421875,9138100,185.2987060546875
2026-04-17,189.5,191.22000122070312,188.22999572753906,188.82000732421875,6846100,186.7825164794922
2026-04-20,188.9199981689453,192.1999969482422,188.02000427246094,190.6999969482422,4905200,188.6422119140625
2026-04-21,190.7899932861328,193.13999938964844,188.7100067138672,189.30999755859375,5154900,187.2672119140625
2026-04-22,191.67999267578125,192.22999572753906,189.82000732421875,191.0500030517578,4492100,188.9884490966797
2026-04-23,190.66000366210938,191.75999450683594,186.89999389648438,188.64999389648438,3814400,186.6143341064453
2026-04-24,188.7899932861328,189.0500030517578,187.1199951171875,188.07000732421875,4530600,186.0406036376953
2026-04-27,187.8699951171875,190.58999633789062,187.75,190.17999267578125,4163600,188.12782287597656
2026-04-28,191.30999755859375,192.64999389648438,188.66000366210938,190.36000061035156,4107100,188.30589294433594
2026-04-29,190.00999450683594,190.50999450683594,185.25,187.0800018310547,5107600,185.061279296875
2026-04-30,185.60000610351562,190.72999572753906,184.89999389648438,190.58999633789062,5664900,189.5465850830078
2026-05-01,190.49000549316406,193.5,188.77000427246094,190.1699981689453,4742700,189.12889099121094
2026-05-04,189.92999267578125,190.35000610351562,187.1199951171875,188.00999450683594,3833000,186.980712890625
2026-05-05,189.33999633789062,190.4499969482422,187.9499969482422,189.25,4807900,188.21392822265625
2026-05-06,192.1699981689453,194.8300018310547,192.1699981689453,193.35000610351562,6319500,192.29148864746094
2026-05-07,193.16000366210938,194.25,189.6699981689453,190.1699981689453,5761900,189.12889099121094
2026-05-08,190.8800048828125,193.5,190.47000122070312,193.08999633789062,5873400,192.03289794921875
2026-05-11,192.36000061035156,193.6699981689453,190.0399932861328,191.10000610351562,5272500,190.05380249023438
2026-05-12,190.1999969482422,192.3800048828125,186.4499969482422,191.8800048828125,5333300,190.82952880859375
2026-05-13,190.7100067138672,194.9499969482422,189.60000610351562,193.8300018310547,4463700,192.76885986328125
2026-05-14,195.6199951171875,197.5,193.41000366210938,194.52999877929688,4785000,193.46502685546875
2026-05-15,193.8800048828125,194.42999267578125,191.11000061035156,192.50999450683594,5937700,191.45606994628906
2026-05-18,192.6199951171875,194.80999755859375,191.13999938964844,192.69000244140625,3770200,191.63510131835938
2026-05-19,191.5500030517578,192.83999633789062,188.94000244140625,189.5800018310547,6357900,188.54212951660156
2026-05-20,191.9600067138672,198.07000732421875,190.08999633789062,197.77000427246094,7201100,196.68728637695312
2026-05-21,197.80999755859375,200.75,196.89999389648438,200.50999450683594,5817400,199.4122772216797
2026-05-22,201.1300048828125,203.08999633789062,200.6300048828125,201.02999877929688,3734200,199.92942810058594
2026-05-26,202.85000610351562,203.9199981689453,199.8699951171875,201.75999450683594,5567400,200.6554412841797
2026-05-27,202.0500030517578,202.52999877929688,197.00999450683594,201.61000061035156,6731500,200.50625610351562
2026-05-28,199.9199981689453,204.3800048828125,199.67999267578125,203.7899932861328,6174800,202.67431640625
2026-05-29,204.0,208.0800018310547,203.72000122070312,208.0,8255500,206.8612823486328
2026-06-01,207.61000061035156,212.11000061035156,206.60000610351562,211.00999450683594,6431200,209.85479736328125
2026-06-02,210.25999450683594,217.02999877929688,210.25999450683594,214.97999572753906,7664400,213.8030548095703
2026-06-03,212.85000610351562,213.49000549316406,208.7899932861328,210.13999938964844,5957300,208.98956298828125
2026-06-04,212.00999450683594,219.16000366210938,211.14999389648438,218.27000427246094,5565300,217.07505798339844
2026-06-05,218.32000732421875,218.32000732421875,211.16000366210938,211.92999267578125,6171000,210.76976013183594
2026-06-08,213.27000427246094,215.89999389648438,211.74000549316406,212.24000549316406,4732000,211.07806396484375
2026-06-09,214.4199981689453,215.24000549316406,206.05999755859375,210.25,7841100,209.0989532470703
2026-06-10,208.94000244140625,210.24000549316406,205.8300018310547,206.66000366210938,5362800,205.5286102294922
2026-06-11,208.7899932861328,212.8300018310547,207.0,212.66000366210938,4631500,211.4957733154297
2026-06-12,215.0500030517578,217.6199951171875,212.66000366210938,214.0399932861328,4694300,212.8682098388672
2026-06-15,218.75999450683594,220.60000610351562,216.85000610351562,217.97999572753906,5862500,216.78663635253906
2026-06-16,220.50999450683594,222.3000030517578,218.58999633789062,220.8300018310547,5091700,219.62103271484375
2026-06-17,222.11000061035156,228.07000732421875,221.36000061035156,224.9600067138672,8689700,223.7284393310547
2026-06-18,229.08999633789062,230.47000122070312,222.88999938964844,223.1699981689453,11933200,221.94822692871094
2026-06-22,226.7100067138672,228.22999572753906,224.99000549316406,227.08999633789062,6870800,225.8467559814453
2026-06-23,222.50999450683594,227.9499969482422,222.1199951171875,226.02999877929688,6052800,224.79257202148438
2026-06-24,224.60000610351562,226.5,219.80999755859375,219.86000061035156,6971000,218.65634155273438
2026-06-25,222.99000549316406,227.47999572753906,220.85000610351562,221.0399932861328,5257200,219.8298797607422
2026-06-26,219.6999969482422,219.75,211.36000061035156,212.02999877929688,9919100,210.8692169189453
2026-06-29,214.3300018310547,217.0,211.69000244140625,211.72000122070312,5426400,210.5609130859375
2026-06-30,210.1699981689453,211.7100067138672,208.17999267578125,209.0399932861328,5599400,207.8955841064453
2026-07-01,208.9600067138672,213.19000244140625,206.72000122070312,211.86000061035156,4690000,210.7001495361328
2026-07-02,214.7100067138672,215.86000061035156,211.5500030517578,213.92999267578125,3745300,212.75880432128906
2026-07-06,217.0,222.13999938964844,216.3699951171875,222.10000610351562,4567700,220.88409423828125
2026-07-07,221.5399932861328,223.25999450683594,219.82000732421875,222.0399932861328,5413300,220.82440185546875
2026-07-08,220.0,220.91000366210938,216.10000610351562,218.07000732421875,4108300,216.87615966796875
2026-07-09,221.0,224.44000244140625,220.00999450683594,222.1300048828125,4073100,220.91392517089844
2026-07-10,223.91000366210938,224.75,220.85000610351562,222.27999877929688,3617600,221.06309509277344
2026-07-13,222.4600067138672,223.4499969482422,218.75,221.08999633789062,4550300,219.87960815429688
2026-07-14,224.32000732421875,232.11000061035156,224.10000610351562,227.6699981689453,9306200,226.423583984375
2026-07-15,222.6999969482422,232.25,221.22000122070312,228.5500030517578,10865600,227.2987823486328
2026-07-16,228.22999572753906,228.22999572753906,215.7899932861328,218.3699951171875,8313700,217.17449951171875
2026-07-17,214.39999389648438,218.3800048828125,207.39999389648438,215.5,7852200,214.32022094726562
2026-07-20,215.52000427246094,219.74000549316406,210.35000610351562,210.94000244140625,6816500,209.78518676757812
2026-07-21,213.66000366210938,217.39999389648438,212.25,216.39999389648438,6999500,215.2152862548828
2026-07-22,215.52000427246094,219.6300048828125,215.52000427246094,218.5,3683200,217.3037872314453
2026-07-23,214.88999938964844,217.25999450683594,213.72000122070312,215.17999267578125,4962100,214.00196838378906
2026-07-24,216.39999389648438,216.39999389648438,211.2100067138672,214.47999572753906,4091300,213.30580139160156
2026-07-27,218.02000427246094,219.39999389648438,210.88999938964844,214.55999755859375,4958100,213.38536071777344
2026-07-28,213.75,213.75,207.2899932861328,211.5800018310547,6021000,210.4216766357422
2026-07-29,212.08999633789062,212.35000610351562,202.94000244140625,203.1300048828125,6722300,202.0179443359375
2026-07-30,207.5,211.14999389648438,205.3000030517578,210.05999755859375,6832900,208.91000366210938
2026-07-31,210.6999969482422,213.4600067138672,208.69000244140625,210.4199981689453,4723000,210.4199981689453
2026-08-03,211.4600067138672,211.69000244140625,208.00999450683594,211.22999572753906,4982600,211.22999572753906
2026-08-04,213.6699981689453,218.75999450683594,211.50999450683594,217.0399932861328,8932800,217.0399932861328
2026-08-05,218.13999938964844,220.1199951171875,217.1199951171875,218.27000427246094,4344100,218.27000427246094
2026-08-06,219.00999450683594,219.77999877929688,213.5399932861328,213.75,3588000,213.75
2026-08-07,213.74000549316406,216.47000122070312,211.80999755859375,216.3300018310547,5225800,216.3300018310547
2026-08-10,216.3300018310547,217.6199951171875,214.3800048828125,215.3300018310547,3837600,215.3300018310547
2026-08-11,216.32000732421875,217.2100067138672,213.52000427246094,215.07000732421875,3785000,215.07000732421875
2026-08-12,218.49000549316406,220.5,216.97999572753906,217.63999938964844,3742600,217.63999938964844
2026-08-13,219.3000030517578,222.0,217.8800048828125,218.3800048828125,3611200,218.3800048828125
2026-08-14,217.8000030517578,218.72000122070312,215.3000030517578,217.36000061035156,3405800,217.36000061035156
2026-08-17,217.36000061035156,220.52999877929688,217.36000061035156,218.2100067138672,3397500,218.2100067138672
2026-08-18,217.05999755859375,217.6999969482422,215.19000244140625,217.5500030517578,2777900,217.5500030517578
2026-08-19,218.77999877929688,218.77999877929688,213.55999755859375,214.22999572753906,4910200,214.22999572753906
2026-08-20,214.2899932861328,215.07000732421875,207.32000732421875,207.4499969482422,4875200,207.4499969482422
2026-08-21,210.0800018310547,214.57000732421875,209.1300048828125,214.1999969482422,4573000,214.1999969482422
2026-08-24,214.44000244140625,216.3000030517578,213.22000122070312,214.0800018310547,3444100,214.0800018310547
2026-08-25,214.86000061035156,217.33999633789062,213.3699951171875,216.77000427246094,3270400,216.77000427246094
2026-08-26,217.0,217.0,211.85000610351562,214.0800018310547,4126100,214.0800018310547
2026-08-27,214.02999877929688,216.52000427246094,213.5,214.86000061035156,3923400,214.86000061035156
2026-08-28,215.39999389648438,216.64999389648438,214.19000244140625,214.77000427246094,3735400,214.77000427246094
2026-08-31,214.3000030517578,214.5,212.6199951171875,213.32000732421875,4206700,213.32000732421875
2026-09-01,210.22000122070312,216.25999450683594,208.91000366210938,211.0399932861328,3522800,211.0399932861328
2026-09-02,211.97000122070312,216.14999389648438,210.60000610351562,211.82000732421875,3615800,211.82000732421875
2026-09-03,213.1999969482422,217.80999755859375,213.1999969482422,217.14999389648438,3868500,217.14999389648438
2026-09-04,215.63999938964844,218.22000122070312,214.30999755859375,217.72000122070312,3132000,217.72000122070312
2026-09-08,217.1999969482422,218.50999450683594,215.22000122070312,216.24000549316406,3455200,216.24000549316406
2026-09-09,215.00999450683594,217.5399932861328,212.30999755859375,215.35000610351562,4023100,215.35000610351562
2026-09-10,214.0399932861328,216.27000427246094,212.50999450683594,212.66000366210938,4546800,212.66000366210938
2026-09-11,215.10000610351562,217.75999450683594,211.24000549316406,214.3800048828125,3928400,214.3800048828125
2026-09-14,211.66000366210938,212.97000122070312,204.82000732421875,206.5800018310547,7500200,206.5800018310547
2026-09-15,205.33999633789062,207.13999938964844,200.39999389648438,206.27999877929688,7915300,206.27999877929688
2026-09-16,207.8699951171875,208.08999633789062,200.6300048828125,202.4199981689453,6999600,202.4199981689453
2026-09-17,205.0500030517578,205.0500030517578,200.25999450683594,203.52000427246094,4804100,203.52000427246094
2026-09-18,202.10000610351562,203.0500030517578,200.85000610351562,202.5800018310547,7446500,202.5800018310547
2026-09-21,205.49000549316406,206.66000366210938,203.17999267578125,206.1199951171875,4040600,206.1199951171875
2026-09-22,205.57000732421875,206.75,198.2100067138672,200.17999267578125,7799600,200.17999267578125
2026-09-23,198.5,201.1199951171875,197.94000244140625,198.38999938964844,4341300,198.38999938964844
2026-09-24,197.39999389648438,198.3000030517578,194.75,196.32000732421875,5195300,196.32000732421875
2026-09-25,197.97999572753906,197.97999572753906,194.25,196.30999755859375,4527300,196.30999755859375
2026-09-28,195.8699951171875,195.92999267578125,192.97000122070312,193.63999938964844,4357200,193.63999938964844
2026-09-29,193.8000030517578,194.35000610351562,191.27000427246094,192.75999450683594,4677000,192.75999450683594
2026-09-30,191.99000549316406,192.05999755859375,188.07000732421875,188.0800018310547,6907300,188.0800018310547
2026-10-01,186.05999755859375,188.10000610351562,182.47000122070312,188.00999450683594,9542700,188.00999450683594
