date,open,high,low,close,volume,adjclose
2021-10-04,57.040000915527344,58.380001068115234,56.79999923706055,57.209999084472656,1040800,37.80718994140625
2021-10-05,57.54999923706055,58.2400016784668,56.61000061035156,57.20000076293945,1030700,37.80059814453125
2021-10-06,56.650001525878906,57.2400016784668,55.84000015258789,57.0,751000,37.668418884277344
2021-10-07,57.439998626708984,57.779998779296875,56.77000045776367,57.099998474121094,899900,37.7344970703125
2021-10-08,57.63999938964844,57.88999938964844,56.709999084472656,56.77000045776367,1054400,37.51642608642578
2021-10-11,57.25,57.4900016784668,56.47999954223633,56.68000030517578,1060600,37.45694351196289
2021-10-12,56.779998779296875,57.43000030517578,56.540000915527344,57.220001220703125,1075000,37.813804626464844
2021-10-13,57.29999923706055,57.40999984741211,56.380001068115234,57.04999923706055,1344300,37.70146179199219
2021-10-14,57.709999084472656,58.31999969482422,57.099998474121094,58.09000015258789,948200,38.38874435424805
2021-10-15,58.79999923706055,59.61000061035156,58.4900016784668,59.06999969482422,971300,39.036376953125
2021-10-18,58.689998626708984,59.900001525878906,58.27000045776367,59.16999816894531,1762700,39.10245895385742
2021-10-19,59.380001068115234,59.650001525878906,58.95000076293945,59.22999954223633,1044300,39.14211654663086
2021-10-20,58.900001525878906,60.380001068115234,58.349998474121094,60.290000915527344,1726600,39.842613220214844
2021-10-21,59.0,59.5,54.68000030517578,55.349998474121094,4347100,36.57801818847656
2021-10-22,55.68000030517578,56.709999084472656,53.40999984741211,53.66999816894531,2762800,35.46778869628906
2021-10-25,53.95000076293945,54.86000061035156,53.79999923706055,54.130001068115234,1337300,35.77177810668945
2021-10-26,55.970001220703125,56.5,54.83000183105469,55.470001220703125,6761900,36.657318115234375
2021-10-27,55.0,55.27000045776367,52.13999938964844,52.5,3975200,34.69459915161133
2021-10-28,53.02000045776367,53.4900016784668,52.22999954223633,52.70000076293945,3064900,34.8267707824707
2021-10-29,53.2400016784668,53.72999954223633,52.65999984741211,52.810001373291016,2016200,34.89945983886719
2021-11-01,52.61000061035156,53.630001068115234,52.61000061035156,53.25,2373300,35.66294479370117
2021-11-02,53.08000183105469,53.18000030517578,52.20000076293945,52.5,1416100,35.160648345947266
2021-11-03,52.2599983215332,53.95000076293945,52.2599983215332,53.58000183105469,1134000,35.88395690917969
2021-11-04,53.43000030517578,53.93000030517578,52.369998931884766,52.720001220703125,758600,35.30799102783203
2021-11-05,53.5,54.0,53.22999954223633,53.25,1211100,35.66294479370117
2021-11-08,53.59000015258789,54.04999923706055,53.029998779296875,53.5,1050700,35.830379486083984
2021-11-09,53.130001068115234,53.650001525878906,52.709999084472656,53.5,944400,35.830379486083984
2021-11-10,53.43000030517578,54.630001068115234,53.43000030517578,53.959999084472656,887200,36.13845443725586
2021-11-11,53.970001220703125,54.619998931884766,53.970001220703125,54.349998474121094,690600,36.39964294433594
2021-11-12,54.349998474121094,54.5,53.369998931884766,53.70000076293945,1102500,35.964324951171875
2021-11-15,53.619998931884766,53.88999938964844,52.619998931884766,52.7599983215332,1391800,35.33477783203125
2021-11-16,52.75,52.79999923706055,51.209999084472656,51.22999954223633,1825200,34.31010055541992
2021-11-17,51.099998474121094,51.470001220703125,50.619998931884766,51.02000045776367,1577400,34.169456481933594
2021-11-18,50.88999938964844,51.13999938964844,49.58000183105469,50.43000030517578,1645400,33.774314880371094
2021-11-19,50.220001220703125,50.25,48.939998626708984,49.36000061035156,2084000,33.057708740234375
2021-11-22,50.040000915527344,50.15999984741211,49.18000030517578,49.75,1229900,33.31890106201172
2021-11-23,49.90999984741211,51.27000045776367,49.77000045776367,51.060001373291016,1432300,34.19625473022461
2021-11-24,50.88999938964844,51.86000061035156,50.619998931884766,51.11000061035156,925600,34.22972869873047
2021-11-26,49.790000915527344,50.31999969482422,48.95000076293945,50.060001373291016,945800,33.526519775390625
2021-11-29,50.630001068115234,50.79999923706055,49.59000015258789,50.58000183105469,1992500,33.87477493286133
2021-11-30,49.93000030517578,50.65999984741211,49.119998931884766,49.790000915527344,2826600,33.345699310302734
2021-12-01,50.84000015258789,51.56999969482422,50.2599983215332,50.86000061035156,4185100,34.06230926513672
2021-12-02,50.4900016784668,52.33000183105469,50.220001220703125,51.70000076293945,1853100,34.62487030029297
2021-12-03,51.81999969482422,51.91999816894531,50.20000076293945,50.79999923706055,1448000,34.0221061706543
2021-12-06,51.25,52.70000076293945,51.0,51.310001373291016,1585100,34.36368179321289
2021-12-07,51.900001525878906,53.04999923706055,51.220001220703125,51.529998779296875,1335900,34.511016845703125
2021-12-08,51.5,51.81999969482422,51.09000015258789,51.43000030517578,1051200,34.44404220581055
2021-12-09,51.060001373291016,51.31999969482422,50.599998474121094,50.630001068115234,993700,33.908267974853516
2021-12-10,50.849998474121094,51.08000183105469,50.25,50.849998474121094,784300,34.055599212646484
2021-12-13,50.54999923706055,51.029998779296875,49.7400016784668,49.75,953900,33.31890106201172
2021-12-14,50.279998779296875,51.540000915527344,50.15999984741211,50.290000915527344,1840100,33.68055725097656
2021-12-15,50.34000015258789,51.13999938964844,49.369998931884766,50.900001525878906,1275700,34.08909606933594
2021-12-16,51.20000076293945,51.58000183105469,49.70000076293945,50.06999969482422,1324100,33.533206939697266
2021-12-17,49.56999969482422,49.7400016784668,48.619998931884766,49.560001373291016,2080300,33.1916618347168
2021-12-20,48.779998779296875,48.779998779296875,47.0099983215332,47.88999938964844,1879900,32.073211669921875
2021-12-21,48.31999969482422,49.63999938964844,48.25,49.59000015258789,1169500,33.21174621582031
2021-12-22,49.709999084472656,50.5,49.54999923706055,50.25,1113300,33.65376663208008
2021-12-23,50.5,50.86000061035156,50.04999923706055,50.16999816894531,703500,33.60019302368164
2021-12-27,50.189998626708984,50.349998474121094,49.470001220703125,50.20000076293945,1380800,33.620277404785156
2021-12-28,49.97999954223633,50.83000183105469,49.97999954223633,50.33000183105469,790700,33.70735168457031
2021-12-29,50.41999816894531,50.66999816894531,50.040000915527344,50.27000045776367,572000,33.66716003417969
2021-12-30,50.45000076293945,51.0,50.2400016784668,50.25,488900,33.65376663208008
2021-12-31,50.0,50.470001220703125,49.90999984741211,50.040000915527344,519600,33.513126373291016
2022-01-03,50.45000076293945,51.38999938964844,50.34000015258789,50.52000045776367,764600,33.83458709716797
2022-01-04,51.06999969482422,52.5,50.900001525878906,52.27000045776367,1298700,35.00661087036133
2022-01-05,52.36000061035156,52.790000915527344,51.29999923706055,51.470001220703125,1574400,34.47083282470703
2022-01-06,52.16999816894531,52.79999923706055,51.720001220703125,52.47999954223633,825900,35.14725875854492
2022-01-07,52.5,53.66999816894531,52.47999954223633,53.130001068115234,1528200,35.582576751708984
2022-01-10,53.810001373291016,54.59000015258789,53.08000183105469,53.9900016784668,1707800,36.15854263305664
2022-01-11,54.349998474121094,54.790000915527344,54.02000045776367,54.63999938964844,1248300,36.59386444091797
2022-01-12,54.790000915527344,55.34000015258789,54.279998779296875,54.4900016784668,1203400,36.49341583251953
2022-01-13,54.630001068115234,55.5,54.47999954223633,54.650001525878906,879300,36.600563049316406
2022-01-14,53.689998626708984,54.790000915527344,53.22999954223633,54.7400016784668,1545300,36.66084289550781
2022-01-18,54.810001373291016,55.13999938964844,53.29999923706055,53.779998779296875,1363400,36.01789855957031
2022-01-19,53.70000076293945,54.11000061035156,51.529998779296875,51.58000183105469,1227100,34.54450607299805
2022-01-20,51.5,53.02000045776367,50.97999954223633,51.599998474121094,844000,34.557891845703125
2022-01-21,51.029998779296875,51.5,50.470001220703125,50.91999816894531,1526300,34.10247802734375
2022-01-24,50.0,50.939998626708984,48.93000030517578,50.86000061035156,1878500,34.06230926513672
2022-01-25,50.34000015258789,53.15999984741211,50.20000076293945,52.40999984741211,1535500,35.10037612915039
2022-01-26,53.02000045776367,53.13999938964844,51.45000076293945,51.93000030517578,1167100,34.778907775878906
2022-01-27,52.45000076293945,52.7599983215332,49.81999969482422,50.34000015258789,1276000,33.714046478271484
2022-01-28,50.20000076293945,50.9900016784668,49.66999816894531,50.630001068115234,1537800,33.908267974853516
2022-01-31,50.119998931884766,51.77000045776367,50.02000045776367,51.65999984741211,981500,34.59808349609375
2022-02-01,51.709999084472656,52.279998779296875,51.029998779296875,52.150001525878906,1300500,34.92625045776367
2022-02-02,52.0,52.209999084472656,50.630001068115234,52.02000045776367,1605000,34.83919143676758
2022-02-03,51.880001068115234,53.029998779296875,50.52000045776367,51.650001525878906,2216100,34.59139633178711
2022-02-04,51.380001068115234,53.27000045776367,51.15999984741211,52.720001220703125,1174400,35.30799102783203
2022-02-07,53.25,54.04999923706055,52.88999938964844,53.59000015258789,1780900,35.890663146972656
2022-02-08,54.0,54.61000061035156,53.470001220703125,54.4900016784668,1002300,36.49341583251953
2022-02-09,54.599998474121094,55.220001220703125,54.029998779296875,54.18000030517578,1341600,36.28580093383789
2022-02-10,54.099998474121094,54.959999084472656,53.27000045776367,53.560001373291016,1383600,35.870567321777344
2022-02-11,52.33000183105469,53.79999923706055,51.72999954223633,52.25,1270700,35.62510299682617
2022-02-14,52.20000076293945,52.84000015258789,51.689998626708984,52.04999923706055,1118700,35.48874282836914
2022-02-15,52.59000015258789,53.560001373291016,52.58000183105469,53.400001525878906,856500,36.40920639038086
2022-02-16,53.130001068115234,54.0099983215332,52.9900016784668,53.470001220703125,673400,36.45692825317383
2022-02-17,53.20000076293945,53.29999923706055,51.63999938964844,52.0,811000,35.45465850830078
2022-02-18,51.84000015258789,52.619998931884766,51.810001373291016,52.529998779296875,1689600,35.81602096557617
2022-02-22,52.36000061035156,52.9900016784668,50.95000076293945,51.290000915527344,852900,34.97055435180664
2022-02-23,51.720001220703125,51.939998626708984,50.060001373291016,50.209999084472656,721300,34.23419189453125
2022-02-24,48.33000183105469,49.560001373291016,47.7400016784668,49.25,1835700,33.57965087890625
2022-02-25,49.779998779296875,51.5099983215332,49.63999938964844,51.29999923706055,1704800,34.977378845214844
2022-02-28,50.2599983215332,51.02000045776367,50.2599983215332,50.97999954223633,985500,34.75920104980469
2022-03-01,50.560001373291016,50.70000076293945,47.45000076293945,47.540000915527344,1648700,32.41373062133789
2022-03-02,47.9900016784668,48.75,47.599998474121094,48.33000183105469,1590900,32.95237731933594
2022-03-03,48.68000030517578,48.970001220703125,46.59000015258789,47.2599983215332,1487100,32.22282409667969
2022-03-04,46.47999954223633,46.66999816894531,45.130001068115234,46.25,1315600,31.5341854095459
2022-03-07,45.77000045776367,46.02000045776367,43.349998474121094,43.5,2158600,29.659175872802734
2022-03-08,43.84000015258789,44.150001525878906,42.130001068115234,42.33000183105469,2582600,28.86145782470703
2022-03-09,44.0,44.79999923706055,43.56999969482422,43.70000076293945,1288300,29.7955379486084
2022-03-10,43.31999969482422,43.5,42.43000030517578,43.40999984741211,1402700,29.597814559936523
2022-03-11,44.0,44.150001525878906,42.939998626708984,42.939998626708984,1197000,29.27736473083496
2022-03-14,43.38999938964844,44.2400016784668,42.540000915527344,42.970001220703125,1098900,29.297815322875977
2022-03-15,42.90999984741211,44.43000030517578,42.790000915527344,43.209999084472656,1256100,29.461450576782227
2022-03-16,43.86000061035156,45.7400016784668,43.66999816894531,44.619998931884766,1703400,30.422822952270508
2022-03-17,43.810001373291016,45.11000061035156,43.68000030517578,45.099998474121094,1010300,30.750093460083008
2022-03-18,44.81999969482422,46.63999938964844,44.4900016784668,46.54999923706055,2388200,31.73872947692871
2022-03-21,46.65999984741211,47.099998474121094,45.439998626708984,45.790000915527344,1209100,31.22054672241211
2022-03-22,46.310001373291016,47.119998931884766,46.0099983215332,46.619998931884766,982400,31.786462783813477
2022-03-23,46.5,46.7400016784668,45.459999084472656,45.529998779296875,896700,31.043275833129883
2022-03-24,45.72999954223633,46.68000030517578,45.5099983215332,46.65999984741211,1235400,31.81373405456543
2022-03-25,46.79999923706055,47.16999816894531,46.529998779296875,47.029998779296875,1545100,32.06600570678711
2022-03-28,46.900001525878906,46.900001525878906,45.7599983215332,46.7599983215332,914800,31.881916046142578
2022-03-29,47.54999923706055,48.02000045776367,47.31999969482422,47.88999938964844,1370600,32.65236282348633
2022-03-30,47.540000915527344,47.9900016784668,47.16999816894531,47.56999969482422,1762200,32.43418502807617
2022-03-31,47.56999969482422,48.52000045776367,47.40999984741211,47.40999984741211,1462600,32.32509994506836
2022-04-01,47.86000061035156,48.310001373291016,47.470001220703125,48.0099983215332,1300100,32.734188079833984
2022-04-04,48.0099983215332,48.310001373291016,47.58000183105469,48.22999954223633,1350400,32.884185791015625
2022-04-05,48.18000030517578,48.58000183105469,46.9900016784668,47.029998779296875,1282000,32.06600570678711
2022-04-06,46.709999084472656,47.27000045776367,46.41999816894531,46.7599983215332,1353300,31.881916046142578
2022-04-07,46.56999969482422,46.779998779296875,44.83000183105469,45.470001220703125,1492400,31.002365112304688
2022-04-08,45.77000045776367,47.099998474121094,45.41999816894531,46.400001525878906,1296600,31.636457443237305
2022-04-11,46.119998931884766,47.04999923706055,45.7599983215332,46.16999816894531,1065700,31.479637145996094
2022-04-12,46.20000076293945,47.029998779296875,45.93000030517578,46.130001068115234,847500,31.45236587524414
2022-04-13,45.91999816894531,46.529998779296875,45.63999938964844,46.36000061035156,723500,31.609182357788086
2022-04-14,46.4900016784668,46.70000076293945,46.060001373291016,46.099998474121094,739600,31.431913375854492
2022-04-18,45.86000061035156,47.849998474121094,45.86000061035156,47.20000076293945,1257700,32.181915283203125
2022-04-19,47.36000061035156,49.97999954223633,47.290000915527344,49.869998931884766,1548800,34.00237274169922
2022-04-20,50.0,50.79999923706055,49.599998474121094,49.88999938964844,951100,34.01601028442383
2022-04-21,50.31999969482422,50.7599983215332,48.81999969482422,48.88999938964844,1029300,33.33419418334961
2022-04-22,48.56999969482422,48.65999984741211,46.93000030517578,47.040000915527344,949200,32.07282257080078
2022-04-25,46.380001068115234,47.5099983215332,45.18000030517578,47.31999969482422,1481200,32.26373291015625
2022-04-26,46.900001525878906,47.41999816894531,45.619998931884766,45.65999984741211,996300,31.13191032409668
2022-04-27,45.5,46.060001373291016,44.689998626708984,44.720001220703125,997100,30.49100112915039
2022-04-28,45.0099983215332,46.61000061035156,45.0099983215332,46.59000015258789,1426800,31.766000747680664
2022-04-29,46.150001525878906,48.279998779296875,45.869998931884766,45.93000030517578,1655500,31.31600570678711
2022-05-02,46.099998474121094,46.869998931884766,45.529998779296875,46.810001373291016,1330900,31.916006088256836
2022-05-03,46.97999954223633,48.15999984741211,46.599998474121094,47.7400016784668,1236300,32.55009460449219
2022-05-04,47.7400016784668,49.66999816894531,47.540000915527344,49.540000915527344,1585500,33.77737045288086
2022-05-05,48.91999816894531,49.400001525878906,47.130001068115234,47.52000045776367,1182500,32.40009689331055
2022-05-06,46.369998931884766,46.939998626708984,44.560001373291016,44.779998779296875,1232800,31.154743194580078
2022-05-09,44.09000015258789,44.59000015258789,43.150001525878906,43.47999954223633,1784100,30.25029182434082
2022-05-10,43.689998626708984,43.93000030517578,39.88999938964844,40.25,3168800,28.00309181213379
2022-05-11,41.47999954223633,42.40999984741211,40.20000076293945,40.52000045776367,2151400,28.190937042236328
2022-05-12,40.0,41.04999923706055,38.959999084472656,40.7400016784668,2373900,28.344003677368164
2022-05-13,41.34000015258789,43.310001373291016,41.34000015258789,42.33000183105469,1465000,29.450212478637695
2022-05-16,42.20000076293945,42.779998779296875,41.52000045776367,42.13999938964844,882200,29.318017959594727
2022-05-17,43.31999969482422,44.400001525878906,42.84000015258789,44.34000015258789,1053500,30.848617553710938
2022-05-18,43.56999969482422,44.380001068115234,42.08000183105469,42.2400016784668,1492200,29.387592315673828
2022-05-19,41.599998474121094,42.470001220703125,40.86000061035156,41.130001068115234,1502400,28.615337371826172
2022-05-20,41.4900016784668,41.709999084472656,39.4900016784668,40.970001220703125,1390300,28.504013061523438
2022-05-23,42.0,42.79999923706055,41.369998931884766,42.06999969482422,1033100,29.269323348999023
2022-05-24,41.779998779296875,41.83000183105469,40.04999923706055,41.150001525878906,1174300,28.629249572753906
2022-05-25,40.849998474121094,42.16999816894531,40.849998474121094,41.77000045776367,909500,29.06059455871582
2022-05-26,42.13999938964844,43.36000061035156,42.13999938964844,42.869998931884766,1555800,29.825889587402344
2022-05-27,43.150001525878906,44.25,43.150001525878906,44.2400016784668,787200,30.779050827026367
2022-05-31,43.70000076293945,44.349998474121094,43.5,44.060001373291016,1975800,30.65381622314453
2022-06-01,44.040000915527344,44.38999938964844,42.060001373291016,43.0099983215332,1348200,29.923301696777344
2022-06-02,43.25,44.06999969482422,42.9900016784668,44.0099983215332,839400,30.619029998779297
2022-06-03,43.7400016784668,43.790000915527344,42.630001068115234,43.130001068115234,701500,30.006786346435547
2022-06-06,43.4900016784668,43.68000030517578,42.95000076293945,43.25,931400,30.090280532836914
2022-06-07,42.75,44.09000015258789,42.75,44.060001373291016,1007700,30.65381622314453
2022-06-08,43.5,43.7599983215332,42.720001220703125,42.90999984741211,668400,29.853731155395508
2022-06-09,42.7599983215332,42.84000015258789,41.7599983215332,41.81999969482422,1142000,29.095386505126953
2022-06-10,40.79999923706055,41.43000030517578,39.58000183105469,39.849998474121094,1569100,27.724796295166016
2022-06-13,38.79999923706055,39.279998779296875,37.25,37.45000076293945,2141600,26.05504608154297
2022-06-14,37.63999938964844,37.9900016784668,36.9900016784668,37.27000045776367,1021000,25.9298152923584
2022-06-15,37.81999969482422,38.2400016784668,37.040000915527344,37.720001220703125,1414800,26.242895126342773
2022-06-16,36.630001068115234,36.7599983215332,34.220001220703125,34.93000030517578,2750900,24.30181121826172
2022-06-17,34.529998779296875,36.810001373291016,34.529998779296875,36.540000915527344,2452800,25.42193603515625
2022-06-21,37.689998626708984,37.79999923706055,36.349998474121094,36.5,1436300,25.394107818603516
2022-06-22,35.91999816894531,36.86000061035156,35.630001068115234,36.63999938964844,1730000,25.49151039123535
2022-06-23,36.709999084472656,37.630001068115234,36.689998626708984,37.38999938964844,1586700,26.013309478759766
2022-06-24,37.81999969482422,39.029998779296875,37.779998779296875,38.65999984741211,1852700,26.89688491821289
2022-06-27,39.150001525878906,39.209999084472656,38.45000076293945,38.7599983215332,968500,26.96645164489746
2022-06-28,39.06999969482422,39.849998474121094,38.380001068115234,38.68000030517578,1120200,26.910797119140625
2022-06-29,38.18000030517578,38.43000030517578,37.41999816894531,37.83000183105469,833000,26.319425582885742
2022-06-30,36.900001525878906,38.119998931884766,36.81999969482422,37.380001068115234,1129300,26.00634765625
2022-07-01,37.220001220703125,38.59000015258789,37.209999084472656,38.5099983215332,726700,26.792522430419922
2022-07-05,37.650001525878906,38.7400016784668,37.349998474121094,38.66999816894531,1308900,26.903837203979492
2022-07-06,38.66999816894531,39.38999938964844,37.939998626708984,38.22999954223633,1048300,26.59771728515625
2022-07-07,38.72999954223633,39.33000183105469,38.47999954223633,38.9900016784668,696700,27.126468658447266
2022-07-08,39.04999923706055,39.310001373291016,38.31999969482422,38.810001373291016,551000,27.001243591308594
2022-07-11,38.43000030517578,39.189998626708984,38.41999816894531,38.810001373291016,910700,27.001243591308594
2022-07-12,38.810001373291016,39.59000015258789,38.599998474121094,38.86000061035156,956500,27.03603172302246
2022-07-13,37.5,38.5,36.959999084472656,38.400001525878906,1717400,26.71599769592285
2022-07-14,37.59000015258789,38.20000076293945,37.400001525878906,37.88999938964844,1329500,26.361167907714844
2022-07-15,38.709999084472656,39.7599983215332,37.97999954223633,39.689998626708984,970400,27.61347770690918
2022-07-18,40.11000061035156,41.189998626708984,40.11000061035156,40.52000045776367,1595500,28.190937042236328
2022-07-19,40.900001525878906,41.849998474121094,40.84000015258789,41.77000045776367,1056300,29.06059455871582
2022-07-20,41.58000183105469,42.22999954223633,41.220001220703125,42.16999816894531,835200,29.338884353637695
2022-07-21,41.880001068115234,42.4900016784668,40.91999816894531,41.45000076293945,889500,28.83796501159668
2022-07-22,41.59000015258789,41.97999954223633,40.83000183105469,41.290000915527344,889400,28.726652145385742
2022-07-25,41.40999984741211,41.40999984741211,40.869998931884766,41.119998931884766,934500,28.608375549316406
2022-07-26,40.68000030517578,40.93000030517578,38.5099983215332,38.65999984741211,1583900,26.89688491821289
2022-07-27,39.02000045776367,39.88999938964844,38.91999816894531,39.75,1294500,27.65522575378418
2022-07-28,37.15999984741211,37.599998474121094,35.83000183105469,37.2599983215332,4012600,25.92285919189453
2022-07-29,37.209999084472656,37.790000915527344,36.40999984741211,37.20000076293945,2028200,25.881120681762695
2022-08-01,37.0,38.709999084472656,36.66999816894531,38.65999984741211,2071800,26.89688491821289
2022-08-02,38.7599983215332,38.810001373291016,37.47999954223633,37.5099983215332,1437300,26.0967960357666
2022-08-03,38.04999923706055,38.459999084472656,37.68000030517578,38.279998779296875,1031700,26.63249969482422
2022-08-04,38.380001068115234,38.380001068115234,37.5,37.779998779296875,1030600,26.28464126586914
2022-08-05,36.709999084472656,37.029998779296875,36.13999938964844,36.5099983215332,1328900,26.056264877319336
2022-08-08,36.63999938964844,37.95000076293945,36.58000183105469,36.59000015258789,1100400,26.113359451293945
2022-08-09,36.5,36.5099983215332,35.47999954223633,35.900001525878906,958400,25.62092399597168
2022-08-10,36.65999984741211,37.79999923706055,36.65999984741211,37.66999816894531,1476000,26.884126663208008
2022-08-11,37.95000076293945,39.189998626708984,37.939998626708984,39.16999816894531,1510200,27.954635620117188
2022-08-12,39.689998626708984,39.95000076293945,39.310001373291016,39.88999938964844,1141900,28.468488693237305
2022-08-15,39.43000030517578,39.83000183105469,39.20000076293945,39.689998626708984,710800,28.32575035095215
2022-08-16,39.79999923706055,40.380001068115234,39.29999923706055,40.189998626708984,1095700,28.682586669921875
2022-08-17,39.439998626708984,39.68000030517578,38.61000061035156,38.849998474121094,872500,27.72625732421875
2022-08-18,38.70000076293945,39.2599983215332,38.4900016784668,39.04999923706055,799300,27.868999481201172
2022-08-19,38.61000061035156,38.65999984741211,37.880001068115234,37.88999938964844,747500,27.0411319732666
2022-08-22,37.189998626708984,37.20000076293945,36.310001373291016,36.41999816894531,869500,25.992034912109375
2022-08-23,36.41999816894531,37.119998931884766,36.40999984741211,36.810001373291016,651700,26.270366668701172
2022-08-24,36.810001373291016,37.349998474121094,36.650001525878906,37.04999923706055,879800,26.4416446685791
2022-08-25,37.36000061035156,37.81999969482422,37.119998931884766,37.81999969482422,870500,26.991174697875977
2022-08-26,38.060001373291016,38.099998474121094,36.40999984741211,36.5,943500,26.04912757873535
2022-08-29,36.25,36.31999969482422,35.650001525878906,35.84000015258789,1110200,25.578105926513672
2022-08-30,36.130001068115234,36.220001220703125,35.31999969482422,35.45000076293945,916800,25.299766540527344
2022-08-31,35.529998779296875,35.66999816894531,34.88999938964844,34.93000030517578,1167800,24.92865753173828
2022-09-01,34.75,34.849998474121094,33.709999084472656,34.560001373291016,1100700,24.664600372314453
2022-09-02,35.029998779296875,35.630001068115234,34.689998626708984,34.84000015258789,1488100,24.864425659179688
2022-09-06,35.0,35.369998931884766,33.7400016784668,34.38999938964844,1395600,24.543272018432617
2022-09-07,34.369998931884766,35.58000183105469,34.33000183105469,35.560001373291016,1119100,25.378273010253906
2022-09-08,35.220001220703125,36.43000030517578,35.08000183105469,36.38999938964844,811400,25.970623016357422
2022-09-09,36.84000015258789,37.599998474121094,36.68000030517578,37.54999923706055,780700,26.79848861694336
2022-09-12,37.9900016784668,38.720001220703125,37.70000076293945,37.90999984741211,938200,27.055408477783203
2022-09-13,36.68000030517578,37.08000183105469,35.290000915527344,35.41999816894531,1260600,25.27836036682129
2022-09-14,35.75,35.97999954223633,34.529998779296875,34.689998626708984,1767400,24.757373809814453
2022-09-15,34.95000076293945,36.119998931884766,34.900001525878906,35.58000183105469,1569600,25.392549514770508
2022-09-16,35.06999969482422,35.2400016784668,34.40999984741211,35.040000915527344,2609000,25.007158279418945
2022-09-19,34.5,35.18000030517578,34.5,35.150001525878906,1212900,25.08566665649414
2022-09-20,34.689998626708984,34.95000076293945,33.209999084472656,33.83000183105469,2093900,24.143613815307617
2022-09-21,34.220001220703125,34.5099983215332,32.65999984741211,32.70000076293945,1616700,23.33716583251953
2022-09-22,32.5,32.619998931884766,30.6299991607666,31.190000534057617,2608600,22.2595157623291
2022-09-23,30.59000015258789,31.040000915527344,30.030000686645508,30.969999313354492,2935600,22.10250473022461
2022-09-26,30.600000381469727,31.190000534057617,29.190000534057617,29.209999084472656,2558600,20.846435546875
2022-09-27,29.729999542236328,30.09000015258789,28.799999237060547,29.06999969482422,1642800,20.746522903442383
2022-09-28,29.290000915527344,30.399999618530273,29.079999923706055,30.059999465942383,1289300,21.453060150146484
2022-09-29,29.59000015258789,29.90999984741211,28.770000457763672,29.700000762939453,1224100,21.196136474609375
2022-09-30,29.799999237060547,30.290000915527344,29.399999618530273,29.520000457763672,1261100,21.067678451538086
2022-10-03,30.200000762939453,31.43000030517578,29.469999313354492,31.079999923706055,1806300,22.181011199951172
2022-10-04,31.6299991607666,32.9900016784668,31.6299991607666,32.970001220703125,1544800,23.529855728149414
2022-10-05,32.13999938964844,32.93000030517578,31.600000381469727,32.83000183105469,1134100,23.429941177368164
2022-10-06,32.459999084472656,32.90999984741211,32.04999923706055,32.68000030517578,858800,23.322887420654297
2022-10-07,32.11000061035156,32.279998779296875,31.34000015258789,31.40999984741211,940300,22.41652488708496
2022-10-10,31.719999313354492,31.920000076293945,31.200000762939453,31.329999923706055,685100,22.35942840576172
2022-10-11,31.1299991607666,32.43000030517578,31.079999923706055,31.84000015258789,912200,22.72340202331543
2022-10-12,31.899999618530273,32.599998474121094,31.5,32.18000030517578,655000,22.966053009033203
2022-10-13,31.399999618530273,33.7400016784668,30.850000381469727,33.5099983215332,1115500,23.915237426757812
2022-10-14,34.130001068115234,34.56999969482422,32.630001068115234,32.7599983215332,1121600,23.37998390197754
2022-10-17,33.630001068115234,33.88999938964844,32.779998779296875,33.2400016784668,1630200,23.72254753112793
2022-10-18,33.91999816894531,34.02000045776367,31.860000610351562,32.08000183105469,2197200,22.89468765258789
2022-10-19,31.469999313354492,31.700000762939453,29.90999984741211,30.020000457763672,2522200,21.424516677856445
2022-10-20,30.059999465942383,31.149999618530273,29.600000381469727,30.190000534057617,1483000,21.545841217041016
2022-10-21,30.049999237060547,30.950000762939453,29.25,30.920000076293945,1399900,22.066822052001953
2022-10-24,31.0,31.309999465942383,30.31999969482422,30.8799991607666,1280900,22.03827667236328
2022-10-25,30.850000381469727,32.81999969482422,30.850000381469727,32.5,1349500,23.194427490234375
2022-10-26,32.7400016784668,33.150001525878906,32.400001525878906,32.560001373291016,1584400,23.23724937438965
2022-10-27,34.290000915527344,37.619998931884766,34.150001525878906,35.790000915527344,3172100,25.542415618896484
2022-10-28,35.43000030517578,38.61000061035156,35.43000030517578,38.220001220703125,2728200,27.276647567749023
2022-10-31,37.83000183105469,38.9900016784668,37.56999969482422,38.560001373291016,2426900,27.519302368164062
2022-11-01,38.900001525878906,39.650001525878906,38.880001068115234,39.29999923706055,1663100,28.04741859436035
2022-11-02,39.0099983215332,39.68000030517578,38.11000061035156,38.43000030517578,1124200,27.42652130126953
2022-11-03,37.650001525878906,37.70000076293945,36.119998931884766,37.04999923706055,2592500,26.4416446685791
2022-11-04,36.529998779296875,37.45000076293945,36.29999923706055,36.959999084472656,836500,27.071563720703125
2022-11-07,37.2400016784668,38.45000076293945,37.099998474121094,38.43000030517578,905700,28.148271560668945
2022-11-08,38.470001220703125,38.88999938964844,37.599998474121094,38.13999938964844,989300,27.93585968017578
2022-11-09,37.459999084472656,37.58000183105469,36.790000915527344,36.959999084472656,768400,27.071563720703125
2022-11-10,38.79999923706055,41.38999938964844,38.72999954223633,41.0,2206100,30.030683517456055
2022-11-11,41.290000915527344,42.779998779296875,40.9900016784668,42.040000915527344,1488400,30.792434692382812
2022-11-14,41.5099983215332,41.619998931884766,38.02000045776367,38.16999816894531,1691400,27.957828521728516
2022-11-15,39.369998931884766,39.5099983215332,38.130001068115234,38.189998626708984,1153500,27.97248077392578
2022-11-16,38.189998626708984,38.5,36.5,37.130001068115234,1822200,27.19607925415039
2022-11-17,36.209999084472656,36.70000076293945,35.65999984741211,36.70000076293945,706800,26.881120681762695
2022-11-18,37.5099983215332,37.619998931884766,36.16999816894531,36.790000915527344,1066300,26.947044372558594
2022-11-21,36.619998931884766,37.66999816894531,36.5099983215332,37.470001220703125,1176500,27.445110321044922
2022-11-22,37.779998779296875,38.36000061035156,37.779998779296875,38.040000915527344,796800,27.862613677978516
2022-11-23,38.0099983215332,38.4900016784668,37.68000030517578,38.2599983215332,499300,28.023752212524414
2022-11-25,37.9900016784668,38.63999938964844,37.9900016784668,38.56999969482422,225200,28.250812530517578
2022-11-28,37.939998626708984,38.220001220703125,37.40999984741211,37.790000915527344,634100,27.67949867248535
2022-11-29,37.959999084472656,38.93000030517578,37.86000061035156,38.75,680400,28.382661819458008
2022-11-30,38.72999954223633,39.40999984741211,37.66999816894531,39.36000061035156,1209800,28.829448699951172
2022-12-01,39.45000076293945,39.58000183105469,38.84000015258789,39.439998626708984,847900,28.88804817199707
2022-12-02,38.83000183105469,39.75,38.5,39.4900016784668,561800,28.924673080444336
2022-12-05,38.810001373291016,39.25,38.22999954223633,38.369998931884766,667700,28.104320526123047
2022-12-06,38.5,39.04999923706055,37.25,37.83000183105469,1291400,27.70880126953125
2022-12-07,37.529998779296875,38.040000915527344,36.689998626708984,36.72999954223633,890900,26.903095245361328
2022-12-08,36.79999923706055,37.369998931884766,36.349998474121094,36.470001220703125,1031200,26.712661743164062
2022-12-09,36.11000061035156,36.79999923706055,35.93000030517578,36.529998779296875,715000,26.756603240966797
2022-12-12,36.470001220703125,37.08000183105469,36.060001373291016,36.93000030517578,674100,27.049589157104492
2022-12-13,38.529998779296875,38.72999954223633,36.45000076293945,36.90999984741211,1677800,27.034934997558594
2022-12-14,36.75,36.900001525878906,35.369998931884766,35.650001525878906,1455300,26.11204719543457
2022-12-15,35.029998779296875,35.59000015258789,34.290000915527344,35.43000030517578,988700,25.950902938842773
2022-12-16,34.900001525878906,35.13999938964844,33.599998474121094,34.220001220703125,1556500,25.064632415771484
2022-12-19,34.0,34.209999084472656,32.61000061035156,33.209999084472656,1570500,24.32485008239746
2022-12-20,33.08000183105469,33.36000061035156,32.470001220703125,33.209999084472656,1593400,24.32485008239746
2022-12-21,33.72999954223633,34.38999938964844,33.72999954223633,33.97999954223633,952300,24.888845443725586
2022-12-22,33.439998626708984,33.560001373291016,31.969999313354492,32.849998474121094,1621000,24.061168670654297
2022-12-23,32.93000030517578,33.33000183105469,32.59000015258789,33.2400016784668,1193400,24.346824645996094
2022-12-27,33.369998931884766,33.65999984741211,32.9900016784668,33.209999084472656,1421800,24.32485008239746
2022-12-28,33.29999923706055,33.63999938964844,32.09000015258789,32.13999938964844,1381900,23.54112434387207
2022-12-29,32.290000915527344,33.52000045776367,32.16999816894531,33.36000061035156,1120700,24.43471908569336
2022-12-30,32.880001068115234,33.33000183105469,32.790000915527344,33.310001373291016,917100,24.398101806640625
2023-01-03,33.689998626708984,34.209999084472656,32.84000015258789,33.08000183105469,1419100,24.22963523864746
2023-01-04,33.61000061035156,34.79999923706055,33.290000915527344,34.599998474121094,1097900,25.34296226501465
2023-01-05,34.040000915527344,34.470001220703125,33.34000015258789,34.41999816894531,960500,25.211124420166016
2023-01-06,34.18000030517578,36.02000045776367,34.02000045776367,35.939998626708984,1608500,26.32444953918457
2023-01-09,36.40999984741211,36.88999938964844,36.11000061035156,36.33000183105469,1263800,26.610109329223633
2023-01-10,36.25,37.91999816894531,36.13999938964844,37.86000061035156,1294200,27.73076820373535
2023-01-11,38.04999923706055,39.130001068115234,38.040000915527344,38.86000061035156,1476100,28.46323013305664
2023-01-12,39.099998474121094,39.560001373291016,38.279998779296875,38.86000061035156,1572900,28.46323013305664
2023-01-13,38.209999084472656,38.83000183105469,38.119998931884766,38.5,1087800,28.19954490661621
2023-01-17,38.560001373291016,39.63999938964844,38.560001373291016,39.4900016784668,1897700,28.924673080444336
2023-01-18,39.439998626708984,40.06999969482422,38.7400016784668,38.869998931884766,805000,28.470544815063477
2023-01-19,38.0,38.58000183105469,36.83000183105469,38.38999938964844,1176300,28.11897087097168
2023-01-20,38.7599983215332,40.650001525878906,38.7599983215332,40.5,2524400,29.664461135864258
2023-01-23,40.599998474121094,41.5,40.34000015258789,41.470001220703125,1777100,30.374937057495117
2023-01-24,41.150001525878906,41.869998931884766,40.849998474121094,41.2400016784668,1048100,30.206470489501953
2023-01-25,40.91999816894531,42.900001525878906,40.7599983215332,42.869998931884766,1586800,31.400371551513672
2023-01-26,43.0,43.2400016784668,42.060001373291016,42.83000183105469,1297600,31.371074676513672
2023-01-27,43.0,43.470001220703125,42.84000015258789,42.959999084472656,1695300,31.466289520263672
2023-01-30,42.439998626708984,43.0099983215332,42.09000015258789,42.18000030517578,1127300,30.894981384277344
2023-01-31,42.4900016784668,43.189998626708984,41.90999984741211,43.13999938964844,2512600,31.59813690185547
2023-02-01,42.150001525878906,43.97999954223633,41.630001068115234,43.40999984741211,1276900,31.795896530151367
2023-02-02,43.91999816894531,44.97999954223633,43.7400016784668,44.18000030517578,2480900,32.35988235473633
2023-02-03,43.27000045776367,44.77000045776367,43.130001068115234,43.72999954223633,1581400,32.03028106689453
2023-02-06,43.29999923706055,43.470001220703125,42.0099983215332,42.310001373291016,1567000,30.990203857421875
2023-02-07,43.0099983215332,46.970001220703125,42.720001220703125,46.79999923706055,3935900,34.2789192199707
2023-02-08,46.5,46.790000915527344,45.349998474121094,46.0099983215332,1313500,33.700286865234375
2023-02-09,46.869998931884766,46.9900016784668,45.25,45.4900016784668,1551700,33.31940460205078
2023-02-10,45.150001525878906,45.79999923706055,45.08000183105469,45.400001525878906,922400,33.25348663330078
2023-02-13,45.400001525878906,46.0099983215332,44.9900016784668,45.849998474121094,986700,33.583091735839844
2023-02-14,45.560001373291016,46.2400016784668,44.93000030517578,45.86000061035156,1701500,33.590415954589844
2023-02-15,45.5,46.279998779296875,45.25,46.06999969482422,1884000,33.744224548339844
2023-02-16,44.470001220703125,45.529998779296875,44.29999923706055,44.41999816894531,1189300,33.257572174072266
2023-02-17,44.02000045776367,44.7599983215332,43.900001525878906,44.5099983215332,2392300,33.324951171875
2023-02-21,43.720001220703125,44.04999923706055,42.959999084472656,43.290000915527344,1203600,32.41153335571289
2023-02-22,43.7599983215332,43.91999816894531,43.040000915527344,43.29999923706055,878300,32.41901779174805
2023-02-23,43.720001220703125,44.029998779296875,42.720001220703125,43.459999084472656,745200,32.538814544677734
2023-02-24,42.63999938964844,43.790000915527344,42.61000061035156,43.7400016784668,934500,32.74845504760742
2023-02-27,44.220001220703125,44.220001220703125,43.0,43.540000915527344,1226600,32.59870910644531
2023-02-28,43.54999923706055,43.9900016784668,43.040000915527344,43.09000015258789,1381000,32.26179504394531
2023-03-01,43.0,43.720001220703125,42.880001068115234,43.29999923706055,962500,32.41901779174805
2023-03-02,42.72999954223633,43.29999923706055,42.54999923706055,43.2599983215332,772100,32.38906478881836
2023-03-03,43.630001068115234,43.68000030517578,43.11000061035156,43.529998779296875,1161700,32.59122085571289
2023-03-06,43.560001373291016,43.75,42.619998931884766,42.72999954223633,1279200,31.99225616455078
2023-03-07,42.79999923706055,43.31999969482422,42.11000061035156,42.310001373291016,1163800,31.677804946899414
2023-03-08,42.5,42.599998474121094,41.61000061035156,41.83000183105469,968700,31.318422317504883
2023-03-09,41.86000061035156,42.220001220703125,39.689998626708984,39.7599983215332,1692100,29.768596649169922
2023-03-10,39.16999816894531,39.470001220703125,37.779998779296875,38.2400016784668,2220200,28.630565643310547
2023-03-13,36.79999923706055,37.029998779296875,35.400001525878906,35.66999816894531,3030400,26.706382751464844
2023-03-14,37.040000915527344,37.810001373291016,35.47999954223633,35.90999984741211,1864100,26.886075973510742
2023-03-15,34.709999084472656,35.41999816894531,34.0099983215332,34.689998626708984,1659600,25.9726505279541
2023-03-16,33.849998474121094,35.5099983215332,32.790000915527344,35.4900016784668,2388000,26.571619033813477
2023-03-17,34.959999084472656,35.0099983215332,33.630001068115234,33.86000061035156,1942200,25.351219177246094
2023-03-20,34.439998626708984,35.369998931884766,34.18000030517578,34.47999954223633,1511300,25.815420150756836
2023-03-21,35.70000076293945,36.06999969482422,35.400001525878906,35.720001220703125,1380700,26.743818283081055
2023-03-22,35.529998779296875,35.90999984741211,34.400001525878906,34.41999816894531,1180700,25.77050018310547
2023-03-23,34.540000915527344,35.31999969482422,33.709999084472656,34.2400016784668,1171000,25.63573455810547
2023-03-24,33.720001220703125,34.43000030517578,32.88999938964844,34.34000015258789,1494700,25.710603713989258
2023-03-27,35.4900016784668,35.66999816894531,34.810001373291016,35.310001373291016,1634400,26.436853408813477
2023-03-28,35.29999923706055,36.0099983215332,35.0099983215332,35.7400016784668,978900,26.7587947845459
2023-03-29,36.45000076293945,36.540000915527344,35.79999923706055,36.5099983215332,848100,27.335296630859375
2023-03-30,36.79999923706055,37.06999969482422,36.02000045776367,36.279998779296875,1058300,27.163097381591797
2023-03-31,36.65999984741211,37.130001068115234,36.38999938964844,37.08000183105469,587900,27.762062072753906
2023-04-03,37.08000183105469,37.40999984741211,36.41999816894531,36.90999984741211,892800,27.63477897644043
2023-04-04,37.16999816894531,37.34000015258789,35.79999923706055,36.439998626708984,770300,27.282888412475586
2023-04-05,35.720001220703125,36.20000076293945,35.5,36.11000061035156,813600,27.035816192626953
2023-04-06,36.209999084472656,36.31999969482422,35.63999938964844,35.790000915527344,835100,26.79622459411621
2023-04-10,35.790000915527344,36.470001220703125,35.56999969482422,36.22999954223633,927800,27.125656127929688
2023-04-11,36.720001220703125,37.43000030517578,36.45000076293945,37.2599983215332,751200,27.896827697753906
2023-04-12,37.560001373291016,37.70000076293945,36.97999954223633,37.38999938964844,619200,27.99416160583496
2023-04-13,37.59000015258789,37.7599983215332,37.15999984741211,37.54999923706055,406900,28.11395263671875
2023-04-14,38.029998779296875,38.349998474121094,37.290000915527344,37.72999954223633,585300,28.248722076416016
2023-04-17,37.52000045776367,38.04999923706055,37.25,38.04999923706055,655500,28.488304138183594
2023-04-18,37.95000076293945,38.38999938964844,37.68000030517578,38.33000183105469,701700,28.69794464111328
2023-04-19,38.150001525878906,39.220001220703125,37.91999816894531,39.06999969482422,616200,29.251985549926758
2023-04-20,38.5,38.720001220703125,38.11000061035156,38.68000030517578,594900,28.95999526977539
2023-04-21,38.65999984741211,38.75,38.02000045776367,38.41999816894531,999900,28.76532554626465
2023-04-24,38.43000030517578,39.029998779296875,38.349998474121094,38.61000061035156,1335300,28.9075870513916
2023-04-25,38.0,38.900001525878906,37.58000183105469,38.630001068115234,1527600,28.922561645507812
2023-04-26,38.52000045776367,38.970001220703125,37.70000076293945,38.369998931884766,1331600,28.72789192199707
2023-04-27,38.84000015258789,39.16999816894531,38.27000045776367,38.880001068115234,752600,29.1097354888916
2023-04-28,38.61000061035156,39.279998779296875,38.31999969482422,38.369998931884766,1182600,28.72789192199707
2023-05-01,38.56999969482422,39.02000045776367,38.33000183105469,38.90999984741211,1124400,29.13218879699707
2023-05-02,38.72999954223633,38.75,36.599998474121094,37.0,1268700,27.702165603637695
2023-05-03,36.9900016784668,37.36000061035156,36.15999984741211,36.25,1096500,27.140636444091797
2023-05-04,34.790000915527344,35.0099983215332,33.66999816894531,34.29999923706055,1274000,26.409183502197266
2023-05-05,35.220001220703125,35.88999938964844,35.04999923706055,35.7599983215332,620200,27.53331184387207
2023-05-08,36.029998779296875,36.150001525878906,35.310001373291016,35.779998779296875,604200,27.548704147338867
2023-05-09,35.27000045776367,36.56999969482422,35.15999984741211,36.29999923706055,1034500,27.949079513549805
2023-05-10,36.849998474121094,36.849998474121094,35.20000076293945,35.849998474121094,752600,27.60260581970215
2023-05-11,35.470001220703125,35.63999938964844,35.060001373291016,35.459999084472656,608300,27.30232048034668
2023-05-12,35.619998931884766,35.84000015258789,35.18000030517578,35.540000915527344,503300,27.36391830444336
2023-05-15,35.619998931884766,36.4900016784668,35.56999969482422,36.279998779296875,767300,27.933683395385742
2023-05-16,36.220001220703125,36.65999984741211,35.45000076293945,35.5099983215332,468500,27.340822219848633
2023-05-17,35.970001220703125,37.119998931884766,35.56999969482422,36.91999816894531,1148800,28.426441192626953
2023-05-18,36.97999954223633,37.7599983215332,36.619998931884766,37.68000030517578,874700,29.01160430908203
2023-05-19,37.86000061035156,37.86000061035156,36.54999923706055,36.95000076293945,661900,28.449542999267578
2023-05-22,37.02000045776367,37.540000915527344,36.7400016784668,37.400001525878906,502300,28.796022415161133
2023-05-23,37.41999816894531,38.290000915527344,37.29999923706055,37.68000030517578,614000,29.01160430908203
2023-05-24,37.36000061035156,37.56999969482422,36.70000076293945,37.040000915527344,525700,28.518842697143555
2023-05-25,37.040000915527344,37.529998779296875,36.7400016784668,37.2599983215332,414000,28.6882266998291
2023-05-26,37.22999954223633,38.150001525878906,37.20000076293945,38.0,371800,29.257991790771484
2023-05-30,38.27000045776367,38.709999084472656,37.90999984741211,38.56999969482422,478400,29.69685935974121
2023-05-31,38.02000045776367,38.16999816894531,37.119998931884766,37.86000061035156,1299500,29.150196075439453
2023-06-01,37.95000076293945,39.220001220703125,37.70000076293945,39.06999969482422,792600,30.081829071044922
2023-06-02,39.939998626708984,40.900001525878906,39.68000030517578,40.849998474121094,914400,31.45233917236328
2023-06-05,40.75,41.099998474121094,40.29999923706055,40.91999816894531,834200,31.506237030029297
2023-06-06,40.90999984741211,42.45000076293945,40.790000915527344,42.43000030517578,798000,32.668861389160156
2023-06-07,42.61000061035156,43.52000045776367,42.43000030517578,43.34000015258789,693000,33.3695068359375
2023-06-08,43.11000061035156,43.63999938964844,42.650001525878906,43.59000015258789,598500,33.56199264526367
2023-06-09,43.75,43.900001525878906,42.84000015258789,42.97999954223633,566100,33.09232711791992
2023-06-12,42.779998779296875,43.0,42.08000183105469,42.97999954223633,734400,33.09232711791992
2023-06-13,43.11000061035156,44.08000183105469,42.900001525878906,44.060001373291016,641900,33.923866271972656
2023-06-14,44.060001373291016,44.349998474121094,41.41999816894531,42.15999984741211,1617100,32.46096420288086
2023-06-15,42.119998931884766,43.849998474121094,41.88999938964844,43.7599983215332,826700,33.69288635253906
2023-06-16,43.56999969482422,43.709999084472656,42.540000915527344,43.06999969482422,874400,33.161617279052734
2023-06-20,42.65999984741211,42.65999984741211,42.029998779296875,42.540000915527344,784200,32.75354766845703
2023-06-21,42.619998931884766,43.119998931884766,42.31999969482422,42.79999923706055,545200,32.9537353515625
2023-06-22,42.43000030517578,42.43000030517578,41.720001220703125,41.86000061035156,759100,32.22998809814453
2023-06-23,41.400001525878906,42.0099983215332,41.16999816894531,41.66999816894531,1050100,32.083683013916016
2023-06-26,41.65999984741211,42.29999923706055,41.61000061035156,41.880001068115234,489600,32.245384216308594
2023-06-27,41.880001068115234,42.970001220703125,41.849998474121094,42.90999984741211,436700,33.03843307495117
2023-06-28,42.7400016784668,43.279998779296875,42.2599983215332,43.25,392300,33.30021286010742
2023-06-29,43.59000015258789,43.81999969482422,43.279998779296875,43.75,515200,33.6851921081543
2023-06-30,43.9900016784668,44.04999923706055,43.29999923706055,43.689998626708984,642400,33.63898468017578
2023-07-03,43.7400016784668,44.349998474121094,43.650001525878906,44.099998474121094,237400,33.95466613769531
2023-07-05,43.66999816894531,43.970001220703125,43.099998474121094,43.40999984741211,545100,33.423404693603516
2023-07-06,42.970001220703125,43.33000183105469,42.27000045776367,43.2400016784668,716300,33.292510986328125
2023-07-07,43.380001068115234,44.560001373291016,43.380001068115234,43.97999954223633,791400,33.86227035522461
2023-07-10,43.95000076293945,44.75,43.84000015258789,44.650001525878906,635400,34.37813949584961
2023-07-11,44.97999954223633,45.599998474121094,44.790000915527344,45.5099983215332,556300,35.040287017822266
2023-07-12,46.0,46.25,45.4900016784668,45.779998779296875,1004900,35.2481803894043
2023-07-13,45.79999923706055,46.619998931884766,45.459999084472656,46.56999969482422,663300,35.8564338684082
2023-07-14,46.790000915527344,46.86000061035156,45.650001525878906,46.290000915527344,531800,35.6408576965332
2023-07-17,46.119998931884766,47.119998931884766,46.0,47.040000915527344,705200,36.21831512451172
2023-07-18,47.0,47.970001220703125,46.880001068115234,47.72999954223633,715200,36.74958038330078
2023-07-19,47.7599983215332,48.25,47.43000030517578,48.2400016784668,640000,37.142250061035156
2023-07-20,47.79999923706055,47.84000015258789,47.290000915527344,47.560001373291016,797800,36.618690490722656
2023-07-21,47.90999984741211,47.90999984741211,46.880001068115234,47.4900016784668,653300,36.56478500366211
2023-07-24,47.68000030517578,48.63999938964844,47.5099983215332,48.380001068115234,796400,37.25004196166992
2023-07-25,48.36000061035156,48.58000183105469,47.900001525878906,48.040000915527344,748000,36.98826217651367
2023-07-26,44.290000915527344,46.59000015258789,43.54999923706055,45.02000045776367,1913100,34.66301345825195
2023-07-27,45.310001373291016,47.040000915527344,45.279998779296875,45.400001525878906,1234400,34.95559310913086
2023-07-28,46.150001525878906,46.29999923706055,44.959999084472656,45.349998474121094,1167000,34.91710662841797
2023-07-31,45.70000076293945,46.34000015258789,45.369998931884766,45.47999954223633,709800,35.017189025878906
2023-08-01,45.38999938964844,45.7599983215332,44.869998931884766,45.5099983215332,983700,35.040287017822266
2023-08-02,44.9900016784668,45.310001373291016,44.5,45.209999084472656,733400,34.80931091308594
2023-08-03,45.04999923706055,45.36000061035156,44.689998626708984,45.29999923706055,608100,34.87860107421875
2023-08-04,44.22999954223633,44.959999084472656,44.040000915527344,44.599998474121094,858800,35.11479949951172
2023-08-07,44.7599983215332,45.279998779296875,44.619998931884766,45.06999969482422,603000,35.484840393066406
2023-08-08,44.27000045776367,45.11000061035156,43.849998474121094,45.06999969482422,516000,35.484840393066406
2023-08-09,44.91999816894531,45.04999923706055,44.060001373291016,44.06999969482422,373400,34.697513580322266
2023-08-10,44.34000015258789,44.709999084472656,43.529998779296875,43.91999816894531,636600,34.57941436767578
2023-08-11,43.900001525878906,44.0,43.369998931884766,43.52000045776367,567100,34.26448440551758
2023-08-14,43.5,43.52000045776367,42.04999923706055,42.380001068115234,787800,33.3669319152832
2023-08-15,42.0099983215332,42.040000915527344,40.709999084472656,40.72999954223633,1371800,32.067848205566406
2023-08-16,40.599998474121094,40.95000076293945,39.75,39.7599983215332,798800,31.30413818359375
2023-08-17,39.77000045776367,40.130001068115234,39.61000061035156,39.720001220703125,727200,31.272642135620117
2023-08-18,39.459999084472656,39.790000915527344,39.29999923706055,39.65999984741211,883100,31.22540283203125
2023-08-21,39.7599983215332,40.0,39.349998474121094,39.77000045776367,668300,31.3120059967041
2023-08-22,39.88999938964844,40.029998779296875,38.619998931884766,38.65999984741211,935900,30.438077926635742
2023-08-23,38.72999954223633,39.470001220703125,38.38999938964844,39.380001068115234,484400,31.00494956970215
2023-08-24,39.470001220703125,40.2400016784668,39.43000030517578,40.0,447300,31.49309730529785
2023-08-25,40.0,40.45000076293945,39.59000015258789,39.95000076293945,469800,31.4537296295166
2023-08-28,40.2599983215332,40.68000030517578,40.06999969482422,40.209999084472656,497500,31.658432006835938
2023-08-29,40.20000076293945,41.5,40.15999984741211,41.29999923706055,630800,32.51662063598633
2023-08-30,41.34000015258789,41.45000076293945,40.84000015258789,41.06999969482422,629200,32.335533142089844
2023-08-31,41.08000183105469,41.65999984741211,41.04999923706055,41.5099983215332,593200,32.68195724487305
2023-09-01,42.02000045776367,42.7400016784668,42.02000045776367,42.29999923706055,609100,33.3039436340332
2023-09-05,42.08000183105469,42.189998626708984,40.4900016784668,40.52000045776367,721400,31.902503967285156
2023-09-06,40.369998931884766,40.720001220703125,39.7400016784668,40.209999084472656,629500,31.658432006835938
2023-09-07,39.959999084472656,40.209999084472656,39.56999969482422,39.66999816894531,1021800,31.233280181884766
2023-09-08,39.79999923706055,40.04999923706055,39.25,39.779998779296875,427700,31.319881439208984
2023-09-11,40.029998779296875,40.349998474121094,39.84000015258789,39.849998474121094,608500,31.374996185302734
2023-09-12,40.08000183105469,41.27000045776367,40.08000183105469,41.040000915527344,876900,32.31191635131836
2023-09-13,41.2400016784668,41.439998626708984,40.11000061035156,40.38999938964844,667300,31.80015754699707
2023-09-14,41.11000061035156,41.40999984741211,40.56999969482422,41.099998474121094,611000,32.35914993286133
2023-09-15,40.68000030517578,41.31999969482422,40.5,41.029998779296875,767800,32.304039001464844
2023-09-18,40.88999938964844,40.88999938964844,40.13999938964844,40.400001525878906,415800,31.808029174804688
2023-09-19,40.54999923706055,40.86000061035156,40.38999938964844,40.599998474121094,479300,31.965492248535156
2023-09-20,40.88999938964844,41.41999816894531,40.630001068115234,40.72999954223633,653400,32.067848205566406
2023-09-21,40.400001525878906,40.70000076293945,39.93000030517578,40.189998626708984,593100,31.64269256591797
2023-09-22,40.22999954223633,40.33000183105469,39.59000015258789,39.65999984741211,592300,31.22540283203125
2023-09-25,39.54999923706055,39.95000076293945,39.45000076293945,39.599998474121094,611000,31.178163528442383
2023-09-26,39.279998779296875,39.81999969482422,39.209999084472656,39.2599983215332,457600,30.91046714782715
2023-09-27,39.470001220703125,39.540000915527344,38.90999984741211,39.2400016784668,877300,30.894731521606445
2023-09-28,39.400001525878906,40.279998779296875,39.400001525878906,40.029998779296875,599600,31.516714096069336
2023-09-29,40.310001373291016,40.970001220703125,40.029998779296875,40.09000015258789,838800,31.56395721435547
2023-10-02,40.060001373291016,40.060001373291016,39.150001525878906,39.2400016784668,778000,30.894731521606445
2023-10-03,38.959999084472656,38.959999084472656,37.22999954223633,37.529998779296875,1258600,29.54839515686035
2023-10-04,37.720001220703125,37.900001525878906,37.09000015258789,37.439998626708984,1019700,29.47753143310547
2023-10-05,37.25,37.650001525878906,36.77000045776367,37.45000076293945,1081800,29.48541259765625
2023-10-06,37.2599983215332,38.279998779296875,37.06999969482422,37.65999984741211,1247900,29.65074348449707
2023-10-09,37.189998626708984,38.08000183105469,37.060001373291016,37.72999954223633,908000,29.70586395263672
2023-10-10,38.029998779296875,38.7599983215332,38.029998779296875,38.34000015258789,1164600,30.186126708984375
2023-10-11,38.369998931884766,38.939998626708984,38.279998779296875,38.90999984741211,558600,30.63490104675293
2023-10-12,38.939998626708984,39.029998779296875,38.04999923706055,38.650001525878906,610900,30.43020248413086
2023-10-13,38.880001068115234,39.04999923706055,37.38999938964844,37.400001525878906,816300,29.446043014526367
2023-10-16,37.720001220703125,38.65999984741211,37.619998931884766,38.650001525878906,910000,30.43020248413086
2023-10-17,38.310001373291016,39.29999923706055,38.310001373291016,39.0099983215332,1005900,30.713640213012695
2023-10-18,38.5099983215332,38.79999923706055,38.150001525878906,38.380001068115234,554500,30.217622756958008
2023-10-19,38.25,38.52000045776367,37.5099983215332,37.54999923706055,745300,29.56414222717285
2023-10-20,37.439998626708984,37.68000030517578,36.5,36.880001068115234,987100,29.03663444519043
2023-10-23,36.70000076293945,37.16999816894531,36.529998779296875,36.70000076293945,939700,28.894912719726562
2023-10-24,36.90999984741211,37.34000015258789,36.31999969482422,36.65999984741211,1617600,28.863422393798828
2023-10-25,37.13999938964844,37.560001373291016,35.16999816894531,35.709999084472656,2630900,28.115459442138672
2023-10-26,35.369998931884766,36.18000030517578,35.0,35.119998931884766,1726200,27.65093994140625
2023-10-27,35.54999923706055,36.09000015258789,35.279998779296875,35.540000915527344,931300,27.98161506652832
2023-10-30,36.0,36.36000061035156,35.130001068115234,35.38999938964844,1150600,27.86351203918457
2023-10-31,35.56999969482422,35.9900016784668,35.529998779296875,35.93000030517578,1057900,28.28866958618164
2023-11-01,35.959999084472656,36.560001373291016,35.709999084472656,36.349998474121094,1141600,28.619348526000977
2023-11-02,37.0,38.279998779296875,37.0,38.22999954223633,1207500,30.099525451660156
2023-11-03,37.88999938964844,38.40999984741211,37.81999969482422,38.2400016784668,1244400,30.916088104248047
2023-11-06,38.20000076293945,38.2599983215332,37.290000915527344,37.88999938964844,815400,30.633119583129883
2023-11-07,37.630001068115234,37.86000061035156,37.09000015258789,37.220001220703125,1231200,30.091442108154297
2023-11-08,37.13999938964844,37.31999969482422,36.77000045776367,37.0,1305900,29.91357421875
2023-11-09,37.060001373291016,37.43000030517578,36.52000045776367,36.88999938964844,976100,29.824647903442383
2023-11-10,37.02000045776367,37.349998474121094,36.59000015258789,37.34000015258789,826500,30.188457489013672
2023-11-13,37.209999084472656,37.29999923706055,36.79999923706055,37.119998931884766,848100,30.01059341430664
2023-11-14,38.06999969482422,38.59000015258789,37.959999084472656,38.58000183105469,1463600,31.190969467163086
2023-11-15,38.79999923706055,39.2599983215332,38.470001220703125,39.0099983215332,1014300,31.538610458374023
2023-11-16,38.880001068115234,38.939998626708984,38.04999923706055,38.2400016784668,729500,30.916088104248047
2023-11-17,38.68000030517578,38.75,38.33000183105469,38.599998474121094,1001200,31.207136154174805
2023-11-20,38.599998474121094,38.790000915527344,38.16999816894531,38.54999923706055,825200,31.166715621948242
2023-11-21,38.2400016784668,38.45000076293945,37.779998779296875,37.88999938964844,626800,30.633119583129883
2023-11-22,38.119998931884766,38.720001220703125,37.84000015258789,38.54999923706055,763400,31.166715621948242
2023-11-24,38.5,38.709999084472656,38.20000076293945,38.290000915527344,322900,30.956510543823242
2023-11-27,38.06999969482422,39.650001525878906,37.93000030517578,39.41999816894531,1552200,31.870086669921875
2023-11-28,39.380001068115234,40.7599983215332,39.25,40.720001220703125,1298000,32.921104431152344
2023-11-29,41.20000076293945,42.400001525878906,41.130001068115234,42.22999954223633,1598900,34.14190673828125
2023-11-30,42.529998779296875,42.72999954223633,41.97999954223633,42.29999923706055,1746400,34.1984977722168
2023-12-01,42.29999923706055,43.619998931884766,42.119998931884766,43.33000183105469,1516800,35.03122329711914
2023-12-04,43.16999816894531,43.86000061035156,43.0099983215332,43.380001068115234,1410600,35.07164764404297
2023-12-05,42.95000076293945,43.529998779296875,42.869998931884766,43.189998626708984,1814400,34.91803741455078
2023-12-06,43.650001525878906,44.36000061035156,43.2599983215332,43.470001220703125,1286300,35.144412994384766
2023-12-07,43.75,44.97999954223633,43.709999084472656,44.970001220703125,2062800,36.35712432861328
2023-12-08,44.72999954223633,45.29999923706055,44.650001525878906,45.22999954223633,1082400,36.56732177734375
2023-12-11,45.209999084472656,45.40999984741211,44.29999923706055,44.310001373291016,860200,35.82352828979492
2023-12-12,44.15999984741211,45.279998779296875,43.93000030517578,44.84000015258789,763000,36.25202178955078
2023-12-13,44.77000045776367,46.90999984741211,44.63999938964844,46.599998474121094,1326100,37.6749382019043
2023-12-14,47.58000183105469,48.86000061035156,47.34000015258789,48.2400016784668,1404400,39.000831604003906
2023-12-15,48.2400016784668,48.650001525878906,47.7599983215332,48.45000076293945,1359800,39.17061996459961
2023-12-18,48.56999969482422,49.060001373291016,48.349998474121094,48.70000076293945,1119500,39.37273025512695
2023-12-19,48.849998474121094,49.709999084472656,48.63999938964844,49.310001373291016,1174700,39.86590576171875
2023-12-20,49.220001220703125,49.7599983215332,48.59000015258789,48.61000061035156,581200,39.29997634887695
2023-12-21,49.130001068115234,49.400001525878906,48.65999984741211,49.38999938964844,790500,39.930580139160156
2023-12-22,49.61000061035156,49.810001373291016,48.7400016784668,49.02000045776367,359500,39.63145446777344
2023-12-26,48.93000030517578,49.81999969482422,48.689998626708984,49.45000076293945,591600,39.979095458984375
2023-12-27,49.45000076293945,49.77000045776367,49.22999954223633,49.70000076293945,463400,40.181209564208984
2023-12-28,49.45000076293945,49.88999938964844,49.310001373291016,49.849998474121094,426600,40.30248260498047
2023-12-29,49.58000183105469,49.88999938964844,49.08000183105469,49.20000076293945,529500,39.77696990966797
2024-01-02,48.70000076293945,49.779998779296875,48.5099983215332,49.400001525878906,686500,39.93866729736328
2024-01-03,48.790000915527344,48.900001525878906,47.86000061035156,48.279998779296875,801700,39.033172607421875
2024-01-04,48.34000015258789,48.689998626708984,47.93000030517578,47.97999954223633,751000,38.79063034057617
2024-01-05,47.81999969482422,49.369998931884766,47.29999923706055,48.95000076293945,923300,39.574851989746094
2024-01-08,49.18000030517578,49.61000061035156,48.849998474121094,49.29999923706055,700100,39.85782241821289
2024-01-09,48.61000061035156,49.220001220703125,48.47999954223633,49.220001220703125,664800,39.79314041137695
2024-01-10,49.72999954223633,49.959999084472656,49.34000015258789,49.86000061035156,1000800,40.31056594848633
2024-01-11,49.599998474121094,49.83000183105469,49.060001373291016,49.75,1067300,40.22163009643555
2024-01-12,50.0,50.02000045776367,48.099998474121094,48.189998626708984,958200,38.96041488647461
2024-01-16,47.84000015258789,47.970001220703125,46.9900016784668,47.27000045776367,879200,38.216617584228516
2024-01-17,46.349998474121094,46.720001220703125,44.939998626708984,45.369998931884766,1964200,36.68050765991211
2024-01-18,45.369998931884766,45.369998931884766,43.66999816894531,44.31999969482422,2238600,35.83161926269531
2024-01-19,44.650001525878906,45.27000045776367,43.91999816894531,45.06999969482422,1072500,36.437965393066406
2024-01-22,45.5,46.7400016784668,45.5,46.25,971800,37.391971588134766
2024-01-23,46.43000030517578,46.66999816894531,46.0099983215332,46.56999969482422,933100,37.65068435668945
2024-01-24,46.9900016784668,47.2599983215332,46.5,46.68000030517578,843100,37.73960876464844
2024-01-25,47.0,47.56999969482422,46.790000915527344,47.52000045776367,1166400,38.41873550415039
2024-01-26,47.709999084472656,48.65999984741211,47.709999084472656,48.470001220703125,792100,39.18678665161133
2024-01-29,48.4900016784668,48.880001068115234,48.25,48.779998779296875,574800,39.43741226196289
2024-01-30,48.790000915527344,48.9900016784668,48.61000061035156,48.93000030517578,728300,39.558685302734375
2024-01-31,48.630001068115234,49.220001220703125,47.59000015258789,47.599998474121094,897000,38.48341369628906
2024-02-01,47.79999923706055,48.22999954223633,46.599998474121094,47.869998931884766,815100,38.70170211791992
2024-02-02,47.369998931884766,47.83000183105469,47.13999938964844,47.529998779296875,418900,38.42681884765625
2024-02-05,47.09000015258789,47.81999969482422,46.689998626708984,47.2599983215332,1387800,38.20853042602539
2024-02-06,47.04999923706055,47.75,46.93000030517578,47.439998626708984,1309100,38.35405731201172
2024-02-07,46.86000061035156,47.31999969482422,44.27000045776367,44.869998931884766,2554600,36.276275634765625
2024-02-08,44.2599983215332,44.7599983215332,43.02000045776367,43.90999984741211,1803600,35.5001335144043
2024-02-09,44.40999984741211,45.119998931884766,44.22999954223633,44.779998779296875,1106200,36.203514099121094
2024-02-12,44.95000076293945,46.61000061035156,44.95000076293945,46.459999084472656,1140400,37.56175231933594
2024-02-13,45.41999816894531,45.970001220703125,45.09000015258789,45.58000183105469,1187500,36.85029220581055
2024-02-14,46.130001068115234,46.83000183105469,45.36000061035156,46.63999938964844,1328700,37.707279205322266
2024-02-15,46.9900016784668,47.689998626708984,46.79999923706055,47.650001525878906,1282900,38.523834228515625
2024-02-16,46.22999954223633,47.470001220703125,46.0,46.529998779296875,1269700,38.424739837646484
2024-02-20,46.02000045776367,47.34000015258789,45.900001525878906,47.22999954223633,1377100,39.0028076171875
2024-02-21,47.04999923706055,47.45000076293945,46.2400016784668,46.33000183105469,1160200,38.259578704833984
2024-02-22,46.439998626708984,46.79999923706055,46.08000183105469,46.5,1038400,38.39996337890625
2024-02-23,46.54999923706055,47.38999938964844,46.459999084472656,46.470001220703125,1025300,38.37519454956055
2024-02-26,46.41999816894531,46.970001220703125,46.060001373291016,46.13999938964844,670200,38.10267639160156
2024-02-27,46.43000030517578,46.7599983215332,46.310001373291016,46.599998474121094,1001200,38.482540130615234
2024-02-28,46.36000061035156,46.959999084472656,46.36000061035156,46.880001068115234,852800,38.71377182006836
2024-02-29,47.310001373291016,47.709999084472656,46.83000183105469,47.22999954223633,1046800,39.0028076171875
2024-03-01,47.310001373291016,48.7400016784668,46.9900016784668,48.709999084472656,1231400,40.224998474121094
2024-03-04,48.709999084472656,48.95000076293945,47.060001373291016,47.09000015258789,1070300,38.88719177246094
2024-03-05,46.90999984741211,48.189998626708984,46.7400016784668,47.650001525878906,1120500,39.34964370727539
2024-03-06,48.0,48.2599983215332,47.279998779296875,48.0099983215332,878000,39.646934509277344
2024-03-07,48.2400016784668,48.790000915527344,48.2400016784668,48.54999923706055,656500,40.09286880493164
2024-03-08,48.869998931884766,49.189998626708984,48.060001373291016,48.380001068115234,763400,39.952484130859375
2024-03-11,48.0,48.529998779296875,48.0,48.25,601600,39.84512710571289
2024-03-12,48.25,49.029998779296875,48.20000076293945,48.66999816894531,589700,40.19196319580078
2024-03-13,48.720001220703125,49.310001373291016,48.650001525878906,48.75,824400,40.25802993774414
2024-03-14,48.7400016784668,49.15999984741211,47.849998474121094,48.2400016784668,1062700,39.83686828613281
2024-03-15,47.93000030517578,48.88999938964844,47.93000030517578,48.22999954223633,4862700,39.8286018371582
2024-03-18,48.25,48.59000015258789,47.709999084472656,48.11000061035156,846700,39.72951889038086
2024-03-19,47.9900016784668,49.380001068115234,47.7599983215332,49.25,1384300,40.67093276977539
2024-03-20,49.279998779296875,50.709999084472656,48.970001220703125,50.68000030517578,809500,41.85183334350586
2024-03-21,50.709999084472656,51.650001525878906,50.65999984741211,51.06999969482422,821700,42.17389678955078
2024-03-22,51.08000183105469,51.09000015258789,49.650001525878906,49.75,766900,41.08383560180664
2024-03-25,49.630001068115234,50.130001068115234,49.34000015258789,49.54999923706055,818000,40.918670654296875
2024-03-26,49.7400016784668,49.88999938964844,49.34000015258789,49.349998474121094,572600,40.75351333618164
2024-03-27,49.88999938964844,50.560001373291016,49.75,50.52000045776367,567600,41.719703674316406
2024-03-28,50.599998474121094,51.16999816894531,50.47999954223633,51.09000015258789,598000,42.1904182434082
2024-04-01,51.099998474121094,51.25,50.130001068115234,50.22999954223633,434500,41.480220794677734
2024-04-02,49.88999938964844,50.119998931884766,49.22999954223633,49.5,568800,40.87738037109375
2024-04-03,49.56999969482422,49.81999969482422,49.2599983215332,49.40999984741211,930000,40.80305862426758
2024-04-04,50.22999954223633,50.70000076293945,48.630001068115234,48.630001068115234,929600,40.158935546875
2024-04-05,48.630001068115234,49.5099983215332,48.54999923706055,49.099998474121094,1273400,40.54705810546875
2024-04-08,49.459999084472656,50.2599983215332,49.459999084472656,49.720001220703125,883900,41.059059143066406
2024-04-09,50.0,50.150001525878906,49.45000076293945,49.54999923706055,670600,40.918670654296875
2024-04-10,48.619998931884766,48.9900016784668,47.95000076293945,48.150001525878906,801200,39.762550354003906
2024-04-11,48.38999938964844,48.61000061035156,47.279998779296875,47.56999969482422,1264600,39.28357696533203
2024-04-12,47.13999938964844,47.52000045776367,46.22999954223633,46.720001220703125,1157900,38.58164596557617
2024-04-15,47.220001220703125,47.650001525878906,46.41999816894531,46.83000183105469,939400,38.67247772216797
2024-04-16,46.75,47.650001525878906,46.2400016784668,47.439998626708984,1230100,39.17622375488281
2024-04-17,47.880001068115234,48.15999984741211,47.150001525878906,47.2400016784668,667100,39.01106262207031
2024-04-18,47.5,48.369998931884766,47.4900016784668,47.900001525878906,759100,39.55609130859375
2024-04-19,47.81999969482422,48.9900016784668,47.81999969482422,48.70000076293945,780500,40.216739654541016
2024-04-22,49.0099983215332,49.380001068115234,48.5099983215332,49.15999984741211,752200,40.59660720825195
2024-04-23,49.099998474121094,50.7400016784668,49.04999923706055,50.41999816894531,820700,41.63711929321289
2024-04-24,50.25,51.47999954223633,50.11000061035156,51.310001373291016,853100,42.37209701538086
2024-04-25,50.68000030517578,50.75,49.970001220703125,50.52000045776367,1038400,41.719703674316406
2024-04-26,50.52000045776367,51.34000015258789,50.349998474121094,50.88999938964844,622500,42.025245666503906
2024-04-29,51.0,51.36000061035156,50.439998626708984,50.849998474121094,1425900,41.99222183227539
2024-04-30,51.22999954223633,53.650001525878906,51.22999954223633,52.11000061035156,2411500,43.032737731933594
2024-05-01,52.0,52.150001525878906,50.27000045776367,50.7599983215332,2009000,41.91790008544922
2024-05-02,51.619998931884766,51.900001525878906,50.310001373291016,50.810001373291016,1478900,41.95919418334961
2024-05-03,51.540000915527344,51.83000183105469,50.86000061035156,51.20000076293945,1019300,42.281253814697266
2024-05-06,51.68000030517578,52.060001373291016,51.349998474121094,51.939998626708984,801800,42.8923454284668
2024-05-07,52.099998474121094,52.290000915527344,51.40999984741211,51.470001220703125,876100,42.50422286987305
2024-05-08,51.529998779296875,51.790000915527344,51.06999969482422,51.650001525878906,933200,42.652870178222656
2024-05-09,50.650001525878906,51.400001525878906,50.459999084472656,51.2599983215332,706900,43.20066833496094
2024-05-10,51.400001525878906,51.630001068115234,50.52000045776367,50.70000076293945,682900,42.72871780395508
2024-05-13,51.0,51.11000061035156,50.27000045776367,50.720001220703125,948900,42.745567321777344
2024-05-14,51.09000015258789,51.18000030517578,50.16999816894531,50.27000045776367,1228600,42.3663215637207
2024-05-15,50.529998779296875,50.84000015258789,49.63999938964844,50.040000915527344,702200,42.1724853515625
2024-05-16,49.88999938964844,50.15999984741211,49.22999954223633,49.88999938964844,800100,42.04607009887695
2024-05-17,50.099998474121094,50.369998931884766,49.7400016784668,49.97999954223633,622500,42.12192153930664
2024-05-20,49.970001220703125,50.20000076293945,49.34000015258789,49.75,775400,41.928077697753906
2024-05-21,49.709999084472656,49.849998474121094,48.779998779296875,48.849998474121094,1128100,41.16957473754883
2024-05-22,48.709999084472656,49.099998474121094,48.09000015258789,48.209999084472656,879700,40.63020706176758
2024-05-23,48.279998779296875,48.5099983215332,47.56999969482422,47.88999938964844,855200,40.36051559448242
2024-05-24,48.119998931884766,48.54999923706055,48.11000061035156,48.349998474121094,558500,40.74819564819336
2024-05-28,48.70000076293945,48.849998474121094,47.849998474121094,48.04999923706055,545900,40.495361328125
2024-05-29,47.5,47.7599983215332,47.22999954223633,47.630001068115234,516400,40.14139175415039
2024-05-30,47.91999816894531,48.58000183105469,47.72999954223633,48.459999084472656,543100,40.84089660644531
2024-05-31,48.83000183105469,49.130001068115234,48.619998931884766,49.119998931884766,1087700,41.39712905883789
2024-06-03,49.279998779296875,49.40999984741211,48.08000183105469,48.400001525878906,745600,40.79033279418945
2024-06-04,47.81999969482422,48.459999084472656,47.38999938964844,47.59000015258789,868100,40.10768508911133
2024-06-05,47.72999954223633,48.13999938964844,47.2400016784668,47.9900016784668,650100,40.444801330566406
2024-06-06,48.06999969482422,48.58000183105469,47.88999938964844,48.310001373291016,861500,40.714481353759766
2024-06-07,48.040000915527344,49.22999954223633,47.720001220703125,49.06999969482422,1253000,41.35499572753906
2024-06-10,48.59000015258789,49.43000030517578,48.59000015258789,49.04999923706055,893700,41.338130950927734
2024-06-11,48.650001525878906,48.70000076293945,46.88999938964844,46.93000030517578,853200,39.55145263671875
2024-06-12,47.88999938964844,48.650001525878906,47.7599983215332,48.18000030517578,530800,40.604923248291016
2024-06-13,48.150001525878906,48.209999084472656,47.45000076293945,48.060001373291016,448100,40.50379180908203
2024-06-14,47.38999938964844,47.630001068115234,46.84000015258789,47.130001068115234,494000,39.720008850097656
2024-06-17,46.90999984741211,48.09000015258789,46.900001525878906,48.0,716400,40.45322036743164
2024-06-18,48.040000915527344,48.560001373291016,47.97999954223633,48.29999923706055,412600,40.7060546875
2024-06-20,48.310001373291016,49.13999938964844,48.20000076293945,48.95000076293945,446700,41.25385665893555
2024-06-21,49.13999938964844,49.25,48.77000045776367,49.029998779296875,1576000,41.321285247802734
2024-06-24,49.20000076293945,50.119998931884766,49.119998931884766,49.59000015258789,909900,41.79323959350586
2024-06-25,49.59000015258789,49.75,48.20000076293945,48.220001220703125,645400,40.638633728027344
2024-06-26,48.0,48.31999969482422,47.84000015258789,48.220001220703125,572400,40.638633728027344
2024-06-27,48.11000061035156,48.2400016784668,47.540000915527344,48.02000045776367,596600,40.4700813293457
2024-06-28,48.45000076293945,48.86000061035156,48.0099983215332,48.4900016784668,1276800,40.866180419921875
2024-07-01,48.72999954223633,49.54999923706055,48.220001220703125,48.27000045776367,820300,40.68077087402344
2024-07-02,48.279998779296875,48.959999084472656,48.08000183105469,48.90999984741211,560400,41.22015380859375
2024-07-03,48.97999954223633,49.790000915527344,48.72999954223633,48.7400016784668,302700,41.076881408691406
2024-07-05,48.529998779296875,48.529998779296875,46.939998626708984,47.310001373291016,1591600,39.87171173095703
2024-07-08,47.650001525878906,47.880001068115234,47.2400016784668,47.72999954223633,840500,40.225669860839844
2024-07-09,47.33000183105469,47.84000015258789,46.72999954223633,47.0,973100,39.61044692993164
2024-07-10,46.880001068115234,47.540000915527344,46.65999984741211,47.47999954223633,934000,40.01498031616211
2024-07-11,48.0099983215332,49.22999954223633,47.95000076293945,49.20000076293945,839400,41.46455383300781
2024-07-12,49.34000015258789,49.720001220703125,49.040000915527344,49.4900016784668,583500,41.70895767211914
2024-07-15,50.0,51.72999954223633,49.880001068115234,51.349998474121094,993900,43.27651596069336
2024-07-16,51.90999984741211,52.81999969482422,51.5,52.7599983215332,818400,44.46482849121094
2024-07-17,52.099998474121094,53.04999923706055,51.72999954223633,52.54999923706055,731500,44.28784942626953
2024-07-18,52.43000030517578,53.2400016784668,51.31999969482422,51.4900016784668,826500,43.394508361816406
2024-07-19,51.5099983215332,51.59000015258789,51.0099983215332,51.150001525878906,476400,43.107967376708984
2024-07-22,51.2400016784668,51.47999954223633,50.5,51.439998626708984,502000,43.35237121582031
2024-07-23,51.2400016784668,52.18000030517578,50.849998474121094,52.04999923706055,789200,43.8664665222168
2024-07-24,51.959999084472656,52.439998626708984,51.43000030517578,51.47999954223633,737400,43.386077880859375
2024-07-25,51.56999969482422,53.209999084472656,51.36000061035156,52.45000076293945,728100,44.203575134277344
2024-07-26,53.04999923706055,53.5,52.75,53.09000015258789,513600,44.742950439453125
2024-07-29,53.2400016784668,53.29999923706055,51.9900016784668,52.279998779296875,672900,44.060302734375
2024-07-30,52.529998779296875,53.38999938964844,52.380001068115234,53.13999938964844,1382400,44.785091400146484
2024-07-31,53.0099983215332,54.939998626708984,51.61000061035156,52.2599983215332,2562300,44.0434455871582
2024-08-01,51.790000915527344,52.66999816894531,48.40999984741211,48.560001373291016,1541100,40.9251823425293
2024-08-02,47.54999923706055,47.66999816894531,44.77000045776367,44.880001068115234,2000400,37.82376480102539
2024-08-05,42.849998474121094,44.88999938964844,42.290000915527344,44.369998931884766,1496000,37.393943786621094
2024-08-06,44.560001373291016,45.88999938964844,44.560001373291016,45.41999816894531,1097700,38.27885437011719
2024-08-07,46.38999938964844,46.68000030517578,44.720001220703125,44.90999984741211,1270600,37.84904098510742
2024-08-08,45.54999923706055,46.040000915527344,45.2599983215332,45.810001373291016,807800,38.6075439453125
2024-08-09,45.9900016784668,46.52000045776367,45.7599983215332,46.279998779296875,935500,39.00364685058594
2024-08-12,45.439998626708984,45.52000045776367,44.290000915527344,44.400001525878906,696600,38.279441833496094
2024-08-13,44.79999923706055,45.650001525878906,44.560001373291016,45.58000183105469,696900,39.296783447265625
2024-08-14,45.75,45.810001373291016,44.66999816894531,45.459999084472656,907000,39.193321228027344
2024-08-15,46.09000015258789,46.540000915527344,45.75,46.13999938964844,1054900,39.779579162597656
2024-08-16,45.95000076293945,47.279998779296875,45.90999984741211,46.58000183105469,813100,40.158931732177734
2024-08-19,46.61000061035156,47.439998626708984,46.5,47.369998931884766,571400,40.84002685546875
2024-08-20,47.0,47.459999084472656,46.650001525878906,47.060001373291016,586600,40.57276153564453
2024-08-21,47.220001220703125,47.349998474121094,46.810001373291016,47.22999954223633,688200,40.71932601928711
2024-08-22,47.27000045776367,47.459999084472656,46.849998474121094,47.279998779296875,341900,40.76243591308594
2024-08-23,47.459999084472656,48.93000030517578,47.290000915527344,48.810001373291016,681300,42.08152389526367
2024-08-26,49.060001373291016,49.290000915527344,48.619998931884766,48.880001068115234,770600,42.14187240600586
2024-08-27,48.810001373291016,49.060001373291016,48.58000183105469,48.81999969482422,525600,42.09013748168945
2024-08-28,48.5,49.84000015258789,48.5,49.75,817500,42.891944885253906
2024-08-29,50.0,50.0,48.7400016784668,48.810001373291016,879500,42.08152389526367
2024-08-30,49.040000915527344,49.54999923706055,48.91999816894531,49.40999984741211,829900,42.598812103271484
2024-09-03,48.97999954223633,49.400001525878906,48.29999923706055,48.5,613900,41.81425094604492
2024-09-04,48.59000015258789,48.959999084472656,47.83000183105469,48.0,551300,41.3831787109375
2024-09-05,48.380001068115234,48.45000076293945,47.33000183105469,47.540000915527344,537200,40.986595153808594
2024-09-06,47.540000915527344,48.15999984741211,44.279998779296875,44.40999984741211,1699700,38.28805923461914
2024-09-09,44.72999954223633,44.86000061035156,43.43000030517578,43.959999084472656,1792000,37.90009307861328
2024-09-10,43.540000915527344,44.09000015258789,41.70000076293945,43.27000045776367,2970500,37.30521011352539
2024-09-11,42.869998931884766,44.349998474121094,41.939998626708984,43.900001525878906,1922500,37.8483772277832
2024-09-12,44.13999938964844,45.040000915527344,44.11000061035156,44.38999938964844,1217200,38.27082061767578
2024-09-13,45.0,45.79999923706055,44.849998474121094,45.779998779296875,1135600,39.469207763671875
2024-09-16,46.0,47.209999084472656,45.790000915527344,47.02000045776367,1383400,40.53827667236328
2024-09-17,47.25,48.560001373291016,47.25,48.529998779296875,1182800,41.84012222290039
2024-09-18,48.560001373291016,49.06999969482422,47.83000183105469,48.2599983215332,1450700,41.607337951660156
2024-09-19,49.36000061035156,50.2599983215332,48.66999816894531,50.150001525878906,1356700,43.2368049621582
2024-09-20,49.869998931884766,49.95000076293945,48.650001525878906,49.09000015258789,1362000,42.32292175292969
2024-09-23,49.290000915527344,49.849998474121094,48.29999923706055,48.33000183105469,703800,41.66769027709961
2024-09-24,48.54999923706055,48.65999984741211,45.72999954223633,45.90999984741211,1816300,39.58128356933594
2024-09-25,45.81999969482422,45.849998474121094,44.77000045776367,44.9900016784668,1339700,38.788108825683594
2024-09-26,45.369998931884766,46.66999816894531,45.0,46.4900016784668,1279800,40.081336975097656
2024-09-27,46.90999984741211,47.209999084472656,46.40999984741211,46.849998474121094,673200,40.39170837402344
2024-09-30,46.709999084472656,47.16999816894531,46.189998626708984,47.06999969482422,1238400,40.581382751464844
2024-10-01,46.349998474121094,46.599998474121094,45.619998931884766,45.709999084472656,1687800,39.408851623535156
2024-10-02,45.7599983215332,46.61000061035156,44.779998779296875,45.27000045776367,1038600,39.029510498046875
2024-10-03,44.810001373291016,45.470001220703125,44.5,45.33000183105469,825500,39.08123779296875
2024-10-04,46.59000015258789,47.099998474121094,46.34000015258789,47.04999923706055,1222500,40.56413650512695
2024-10-07,46.5,47.08000183105469,46.31999969482422,46.9900016784668,675600,40.51240921020508
2024-10-08,46.290000915527344,46.41999816894531,45.63999938964844,45.77000045776367,1064100,39.46059036254883
2024-10-09,45.81999969482422,46.310001373291016,45.77000045776367,45.95000076293945,772800,39.61577606201172
2024-10-10,45.52000045776367,46.18000030517578,45.349998474121094,45.630001068115234,711900,39.33988571166992
2024-10-11,45.75,46.75,45.75,46.18000030517578,868000,39.81406784057617
2024-10-14,46.130001068115234,46.560001373291016,45.810001373291016,46.349998474121094,859900,39.96063232421875
2024-10-15,46.5,47.77000045776367,46.22999954223633,46.68000030517578,1001100,40.245140075683594
2024-10-16,47.45000076293945,48.18000030517578,47.18000030517578,48.029998779296875,1028100,41.40904235839844
2024-10-17,48.150001525878906,48.29999923706055,47.52000045776367,47.75,513100,41.16764450073242
2024-10-18,47.650001525878906,47.709999084472656,46.86000061035156,47.630001068115234,986400,41.064186096191406
2024-10-21,47.529998779296875,48.0,46.56999969482422,46.61000061035156,827400,40.184791564941406
2024-10-22,46.52000045776367,47.08000183105469,46.2599983215332,47.04999923706055,622100,40.56413650512695
2024-10-23,47.119998931884766,47.119998931884766,45.65999984741211,46.06999969482422,780300,39.719234466552734
2024-10-24,46.22999954223633,46.95000076293945,45.95000076293945,46.5,759100,40.08995819091797
2024-10-25,47.060001373291016,47.34000015258789,46.18000030517578,46.470001220703125,742600,40.0640983581543
2024-10-28,46.599998474121094,48.11000061035156,46.470001220703125,48.099998474121094,1201100,41.469398498535156
2024-10-29,47.75,48.189998626708984,47.38999938964844,47.47999954223633,1571900,40.93485641479492
2024-10-30,49.0,53.130001068115234,48.939998626708984,51.91999816894531,3688600,44.7628059387207
2024-10-31,52.7599983215332,52.7599983215332,49.619998931884766,49.66999816894531,1715600,42.822967529296875
2024-11-01,50.08000183105469,50.54999923706055,49.529998779296875,49.779998779296875,1037100,42.91780471801758
2024-11-04,49.790000915527344,50.97999954223633,49.790000915527344,50.130001068115234,890000,43.21956253051758
2024-11-05,50.130001068115234,51.27000045776367,50.130001068115234,51.18000030517578,879600,44.12481689453125
2024-11-06,54.900001525878906,54.900001525878906,52.959999084472656,54.470001220703125,2226300,46.96128845214844
2024-11-07,53.77000045776367,55.22999954223633,53.5,54.22999954223633,1400600,46.754371643066406
2024-11-08,54.41999816894531,55.400001525878906,54.29999923706055,55.0099983215332,2006400,47.42684555053711
2024-11-11,55.97999954223633,56.279998779296875,55.2599983215332,55.810001373291016,1399300,48.116573333740234
2024-11-12,54.16999816894531,54.59000015258789,53.65999984741211,54.119998931884766,1539700,47.5455322265625
2024-11-13,54.56999969482422,54.939998626708984,53.95000076293945,54.63999938964844,1226400,48.00236511230469
2024-11-14,54.88999938964844,55.439998626708984,54.349998474121094,54.77000045776367,1084900,48.11656951904297
2024-11-15,55.18000030517578,55.65999984741211,54.599998474121094,55.4900016784668,991200,48.74911117553711
2024-11-18,55.439998626708984,55.5099983215332,54.84000015258789,55.04999923706055,993300,48.36255645751953
2024-11-19,54.290000915527344,55.06999969482422,54.130001068115234,54.52000045776367,749800,47.896942138671875
2024-11-20,54.720001220703125,55.09000015258789,54.25,54.959999084472656,589300,48.28348922729492
2024-11-21,55.18000030517578,56.0099983215332,54.939998626708984,55.56999969482422,799600,48.81938552856445
2024-11-22,55.81999969482422,56.849998474121094,55.7599983215332,56.599998474121094,751500,49.72426223754883
2024-11-25,57.0,57.970001220703125,56.95000076293945,57.400001525878906,1309100,50.42708206176758
2024-11-26,56.869998931884766,57.25,56.5099983215332,57.130001068115234,606200,50.189884185791016
2024-11-27,57.349998474121094,57.650001525878906,56.54999923706055,56.970001220703125,714100,50.049320220947266
2024-11-29,57.279998779296875,57.650001525878906,56.97999954223633,57.349998474121094,300200,50.38315200805664
2024-12-02,57.4900016784668,57.4900016784668,56.68000030517578,57.099998474121094,979900,50.16352081298828
2024-12-03,57.33000183105469,57.349998474121094,56.540000915527344,57.27000045776367,615000,50.312870025634766
2024-12-04,57.470001220703125,57.470001220703125,57.0,57.25,559600,50.29530334472656
2024-12-05,57.459999084472656,57.68000030517578,57.130001068115234,57.290000915527344,753900,50.3304443359375
2024-12-06,57.720001220703125,57.95000076293945,56.939998626708984,57.43000030517578,658000,50.45343780517578
2024-12-09,57.45000076293945,57.45000076293945,55.5,55.529998779296875,865100,48.784244537353516
2024-12-10,55.380001068115234,55.90999984741211,54.70000076293945,54.83000183105469,883300,48.169281005859375
2024-12-11,55.41999816894531,55.66999816894531,54.290000915527344,55.59000015258789,1252600,48.83695983886719
2024-12-12,55.599998474121094,56.4900016784668,55.52000045776367,55.619998931884766,997000,48.863311767578125
2024-12-13,55.709999084472656,56.08000183105469,55.43000030517578,55.68000030517578,1042800,48.91602325439453
2024-12-16,55.36000061035156,55.90999984741211,55.099998474121094,55.72999954223633,768000,48.95994186401367
2024-12-17,55.290000915527344,55.72999954223633,53.70000076293945,53.779998779296875,818000,47.24683380126953
2024-12-18,54.22999954223633,54.47999954223633,51.290000915527344,51.41999816894531,732400,45.173526763916016
2024-12-19,52.439998626708984,52.529998779296875,51.18000030517578,51.18000030517578,821300,44.96268081665039
2024-12-20,50.84000015258789,52.619998931884766,50.56999969482422,51.90999984741211,1494900,45.60400390625
2024-12-23,51.5,52.15999984741211,51.209999084472656,51.95000076293945,510900,45.63914489746094
2024-12-24,51.88999938964844,53.0099983215332,51.72999954223633,52.9900016784668,333900,46.552799224853516
2024-12-26,52.54999923706055,53.27000045776367,52.54999923706055,53.060001373291016,311900,46.61430358886719
2024-12-27,52.650001525878906,53.63999938964844,52.2599983215332,52.779998779296875,537800,46.368309020996094
2024-12-30,52.58000183105469,52.68000030517578,51.65999984741211,52.2400016784668,375200,45.89391326904297
2024-12-31,52.43000030517578,52.63999938964844,51.77000045776367,52.130001068115234,498300,45.79727554321289
2025-01-02,52.209999084472656,52.65999984741211,51.439998626708984,51.83000183105469,626200,45.53372573852539
2025-01-03,52.310001373291016,52.91999816894531,51.5099983215332,52.88999938964844,636100,46.46495056152344
2025-01-06,53.41999816894531,54.45000076293945,53.02000045776367,53.189998626708984,907900,46.728511810302734
2025-01-07,53.41999816894531,53.65999984741211,52.40999984741211,53.41999816894531,1241600,46.93056869506836
2025-01-08,52.84000015258789,53.34000015258789,52.209999084472656,52.459999084472656,624700,46.08718490600586
2025-01-10,51.81999969482422,51.91999816894531,51.060001373291016,51.18000030517578,754200,44.96268081665039
2025-01-13,50.959999084472656,52.79999923706055,50.5,52.58000183105469,972700,46.19261169433594
2025-01-14,53.08000183105469,53.63999938964844,52.630001068115234,53.47999954223633,868100,46.983272552490234
2025-01-15,55.0,55.400001525878906,53.93000030517578,54.43000030517578,1073600,47.81787109375
2025-01-16,54.25,54.81999969482422,54.13999938964844,54.7400016784668,738400,48.09021759033203
2025-01-17,55.209999084472656,55.380001068115234,54.720001220703125,54.75,689800,48.0989990234375
2025-01-21,55.2599983215332,56.16999816894531,54.869998931884766,55.66999816894531,804400,48.90723419189453
2025-01-22,55.81999969482422,57.470001220703125,55.470001220703125,57.099998474121094,1125700,50.16352081298828
2025-01-23,56.90999984741211,58.220001220703125,56.75,57.959999084472656,1169500,50.91904830932617
2025-01-24,57.810001373291016,58.11000061035156,57.400001525878906,57.61000061035156,688100,50.611576080322266
2025-01-27,57.2400016784668,58.060001373291016,57.099998474121094,57.619998931884766,1482600,50.62035369873047
2025-01-28,57.79999923706055,58.900001525878906,57.08000183105469,58.060001373291016,1772400,51.00690460205078
2025-01-29,57.75,58.68000030517578,56.400001525878906,57.0,1713300,50.07566833496094
2025-01-30,57.65999984741211,58.06999969482422,56.95000076293945,57.38999938964844,1280500,50.41828918457031
2025-01-31,55.5,56.86000061035156,54.45000076293945,55.540000915527344,2525700,48.79302978515625
2025-02-03,53.560001373291016,54.900001525878906,53.29999923706055,54.54999923706055,1735200,47.92329406738281
2025-02-04,54.45000076293945,56.040000915527344,54.45000076293945,54.90999984741211,963300,48.239566802978516
2025-02-05,55.689998626708984,56.86000061035156,54.650001525878906,56.779998779296875,986800,49.88240051269531
2025-02-06,57.40999984741211,57.52000045776367,56.470001220703125,56.81999969482422,735400,49.917537689208984
2025-02-07,57.0099983215332,57.099998474121094,56.459999084472656,56.529998779296875,595300,49.66276550292969
2025-02-10,56.810001373291016,56.86000061035156,55.459999084472656,55.779998779296875,949000,49.00387191772461
2025-02-11,55.279998779296875,57.0099983215332,55.279998779296875,56.709999084472656,886500,49.82090377807617
2025-02-12,55.290000915527344,55.31999969482422,54.13999938964844,54.81999969482422,742400,49.060203552246094
2025-02-13,55.09000015258789,55.43000030517578,54.45000076293945,55.209999084472656,536900,49.409236907958984
2025-02-14,55.439998626708984,57.08000183105469,55.43000030517578,56.959999084472656,790200,50.97536087036133
2025-02-18,57.220001220703125,57.790000915527344,56.349998474121094,57.689998626708984,1077100,51.628662109375
2025-02-19,57.02000045776367,57.470001220703125,56.779998779296875,57.09000015258789,706800,51.091705322265625
2025-02-20,56.97999954223633,57.209999084472656,54.849998474121094,56.0,879600,50.11622619628906
2025-02-21,56.09000015258789,56.279998779296875,54.04999923706055,54.16999816894531,856300,48.47849655151367
2025-02-24,54.25,54.400001525878906,52.58000183105469,53.040000915527344,914200,47.46723175048828
2025-02-25,53.41999816894531,53.86000061035156,52.040000915527344,52.58000183105469,618800,47.05556106567383
2025-02-26,52.900001525878906,53.5099983215332,52.70000076293945,53.060001373291016,499100,47.485130310058594
2025-02-27,53.2599983215332,53.84000015258789,52.709999084472656,52.88999938964844,476500,47.332984924316406
2025-02-28,52.849998474121094,53.790000915527344,52.7599983215332,53.7400016784668,575800,48.09368133544922
2025-03-03,53.720001220703125,54.060001373291016,51.52000045776367,51.959999084472656,995800,46.500701904296875
2025-03-04,50.97999954223633,51.7599983215332,48.43000030517578,49.869998931884766,1745100,44.63029098510742
2025-03-05,50.13999938964844,50.7400016784668,49.25,50.22999954223633,756500,44.95246505737305
2025-03-06,49.349998474121094,50.5,48.77000045776367,49.31999969482422,879100,44.13808059692383
2025-03-07,49.310001373291016,49.869998931884766,47.2400016784668,48.970001220703125,1178200,43.824851989746094
2025-03-10,47.95000076293945,48.20000076293945,46.0,46.599998474121094,1814700,41.703861236572266
2025-03-11,46.09000015258789,47.439998626708984,45.47999954223633,45.95000076293945,3117700,41.12215805053711
2025-03-12,46.75,46.9900016784668,45.81999969482422,46.27000045776367,1313400,41.40853500366211
2025-03-13,46.709999084472656,46.790000915527344,45.04999923706055,45.349998474121094,868300,40.58519744873047
2025-03-14,46.029998779296875,48.779998779296875,45.810001373291016,48.630001068115234,1666600,43.52057647705078
2025-03-17,48.38999938964844,49.220001220703125,48.20000076293945,48.59000015258789,1102600,43.48477554321289
2025-03-18,48.68000030517578,48.900001525878906,48.22999954223633,48.34000015258789,1223000,43.261043548583984
2025-03-19,48.540000915527344,50.43000030517578,48.20000076293945,49.869998931884766,962500,44.63029098510742
2025-03-20,49.310001373291016,50.7599983215332,49.310001373291016,50.0099983215332,966600,44.75558090209961
2025-03-21,49.61000061035156,50.81999969482422,49.310001373291016,50.41999816894531,1884400,45.12249755859375
2025-03-24,51.4900016784668,52.90999984741211,51.13999938964844,52.869998931884766,2128500,47.31509017944336
2025-03-25,52.5,53.43000030517578,51.40999984741211,51.52000045776367,1343900,46.106929779052734
2025-03-26,51.779998779296875,52.790000915527344,50.79999923706055,51.119998931884766,768000,45.74895095825195
2025-03-27,50.720001220703125,51.22999954223633,50.15999984741211,50.4900016784668,723800,45.185150146484375
2025-03-28,50.119998931884766,50.779998779296875,48.04999923706055,48.400001525878906,1149300,43.31473922729492
2025-03-31,47.61000061035156,49.400001525878906,46.849998474121094,48.880001068115234,922200,43.74430847167969
2025-04-01,48.5099983215332,49.58000183105469,48.220001220703125,49.06999969482422,927800,43.91434860229492
2025-04-02,48.31999969482422,51.40999984741211,48.279998779296875,50.58000183105469,969400,45.26569747924805
2025-04-03,46.86000061035156,47.29999923706055,44.61000061035156,44.7400016784668,2810100,40.03928756713867
2025-04-04,42.650001525878906,43.22999954223633,39.54999923706055,41.029998779296875,2467600,36.71908950805664
2025-04-07,39.0,42.93000030517578,38.0,41.540000915527344,2853400,37.17550277709961
2025-04-08,43.88999938964844,44.150001525878906,39.63999938964844,40.41999816894531,1549700,36.173179626464844
2025-04-09,39.5099983215332,46.189998626708984,38.77000045776367,45.65999984741211,2430300,40.86262130737305
2025-04-10,44.400001525878906,44.4900016784668,41.58000183105469,43.02000045776367,1683100,38.5
2025-04-11,42.72999954223633,43.43000030517578,41.400001525878906,43.150001525878906,1797300,38.6163444519043
2025-04-14,44.45000076293945,44.61000061035156,42.65999984741211,44.13999938964844,1334700,39.502323150634766
2025-04-15,44.209999084472656,45.27000045776367,44.189998626708984,44.709999084472656,829400,40.0124397277832
2025-04-16,44.209999084472656,45.290000915527344,43.349998474121094,44.099998474121094,1319700,39.466529846191406
2025-04-17,44.2599983215332,45.20000076293945,44.06999969482422,44.40999984741211,1010400,39.74395751953125
2025-04-21,44.22999954223633,44.790000915527344,43.45000076293945,43.650001525878906,1411400,39.06381607055664
2025-04-22,44.61000061035156,46.0,44.220001220703125,45.81999969482422,1370600,41.00581741333008
2025-04-23,47.689998626708984,49.029998779296875,46.29999923706055,46.599998474121094,1373400,41.703861236572266
2025-04-24,46.790000915527344,48.88999938964844,46.5099983215332,48.689998626708984,1122400,43.57426452636719
2025-04-25,48.7400016784668,49.20000076293945,48.47999954223633,48.790000915527344,812200,43.66376876831055
2025-04-28,48.84000015258789,49.79999923706055,48.2599983215332,49.150001525878906,1617800,43.985939025878906
2025-04-29,49.11000061035156,50.25,47.81999969482422,48.630001068115234,1944900,43.52057647705078
2025-04-30,47.220001220703125,47.689998626708984,45.02000045776367,47.06999969482422,2202300,42.124481201171875
2025-05-01,47.63999938964844,48.25,47.06999969482422,47.59000015258789,1109000,42.589839935302734
2025-05-02,48.34000015258789,49.599998474121094,48.20000076293945,49.349998474121094,836800,44.164920806884766
2025-05-05,48.599998474121094,49.709999084472656,48.599998474121094,48.91999816894531,820000,43.78009796142578
2025-05-06,47.959999084472656,48.72999954223633,47.58000183105469,48.400001525878906,591400,43.31473922729492
2025-05-07,48.599998474121094,49.27000045776367,48.29999923706055,48.70000076293945,764600,43.58321762084961
2025-05-08,49.47999954223633,50.68000030517578,49.2599983215332,50.02000045776367,1039700,44.764530181884766
2025-05-09,49.36000061035156,49.560001373291016,48.689998626708984,48.97999954223633,1042300,44.76453399658203
2025-05-12,51.529998779296875,52.630001068115234,51.04999923706055,51.79999923706055,1770800,47.341827392578125
2025-05-13,52.0,52.810001373291016,51.81999969482422,52.380001068115234,1075400,47.87191390991211
2025-05-14,52.209999084472656,52.47999954223633,51.689998626708984,52.22999954223633,863600,47.73482131958008
2025-05-15,51.779998779296875,52.20000076293945,51.09000015258789,51.459999084472656,986100,47.03108596801758
2025-05-16,51.45000076293945,52.0099983215332,51.20000076293945,51.79999923706055,978400,47.341827392578125
2025-05-19,51.029998779296875,51.959999084472656,50.95000076293945,51.7400016784668,808600,47.28699493408203
2025-05-20,51.54999923706055,51.689998626708984,51.0,51.20000076293945,803900,46.7934684753418
2025-05-21,50.63999938964844,51.08000183105469,49.529998779296875,49.599998474121094,935100,45.33116912841797
2025-05-22,49.63999938964844,50.63999938964844,49.16999816894531,50.34000015258789,1107500,46.007484436035156
2025-05-23,48.869998931884766,50.43000030517578,48.790000915527344,50.189998626708984,833400,45.870391845703125
2025-05-27,51.0,52.59000015258789,50.599998474121094,52.59000015258789,1175600,48.06383514404297
2025-05-28,52.59000015258789,52.709999084472656,51.93000030517578,52.040000915527344,1127000,47.56117630004883
2025-05-29,52.59000015258789,52.68000030517578,51.90999984741211,52.470001220703125,1057100,47.95417022705078
2025-05-30,52.15999984741211,52.20000076293945,51.400001525878906,51.84000015258789,938800,47.37838363647461
2025-06-02,51.529998779296875,51.68000030517578,50.36000061035156,51.540000915527344,792400,47.10420608520508
2025-06-03,51.45000076293945,52.61000061035156,51.060001373291016,52.45000076293945,694700,47.93588638305664
2025-06-04,52.529998779296875,52.66999816894531,51.689998626708984,51.709999084472656,527100,47.25957107543945
2025-06-05,51.59000015258789,52.36000061035156,51.220001220703125,51.88999938964844,727200,47.4240837097168
2025-06-06,52.72999954223633,53.400001525878906,52.29999923706055,53.349998474121094,686600,48.758426666259766
2025-06-09,53.77000045776367,53.77000045776367,52.849998474121094,52.869998931884766,1065500,48.319740295410156
2025-06-10,52.95000076293945,53.31999969482422,52.529998779296875,52.86000061035156,861100,48.31059646606445
2025-06-11,53.25,54.33000183105469,53.13999938964844,53.529998779296875,914800,48.922935485839844
2025-06-12,52.79999923706055,53.18000030517578,52.209999084472656,53.15999984741211,704200,48.584781646728516
2025-06-13,52.20000076293945,52.709999084472656,51.63999938964844,51.869998931884766,656200,47.40580368041992
2025-06-16,52.560001373291016,53.349998474121094,52.31999969482422,52.880001068115234,752600,48.328880310058594
2025-06-17,52.68000030517578,53.20000076293945,52.27000045776367,52.540000915527344,721700,48.01813888549805
2025-06-18,52.560001373291016,54.16999816894531,52.40999984741211,53.68000030517578,902500,49.06002426147461
2025-06-20,54.22999954223633,54.5,53.779998779296875,54.099998474121094,1241400,49.443878173828125
2025-06-23,53.779998779296875,54.310001373291016,52.83000183105469,54.029998779296875,691000,49.37990188598633
2025-06-24,54.72999954223633,55.5,54.709999084472656,55.189998626708984,555700,50.4400634765625
2025-06-25,55.189998626708984,55.599998474121094,54.939998626708984,55.54999923706055,455100,50.769081115722656
2025-06-26,55.849998474121094,56.63999938964844,55.70000076293945,56.18000030517578,601500,51.34486770629883
2025-06-27,56.459999084472656,57.16999816894531,56.189998626708984,56.650001525878906,1124700,51.7744140625
2025-06-30,57.04999923706055,57.400001525878906,56.66999816894531,57.0,636500,52.09428787231445
2025-07-01,56.720001220703125,58.599998474121094,56.529998779296875,58.220001220703125,1027100,53.20928955078125
2025-07-02,58.279998779296875,59.439998626708984,58.099998474121094,59.25,1524500,54.1506462097168
2025-07-03,59.470001220703125,60.08000183105469,59.22999954223633,59.7599983215332,1175400,54.61674880981445
2025-07-07,59.220001220703125,60.099998474121094,58.59000015258789,59.369998931884766,1269500,54.260318756103516
2025-07-08,59.880001068115234,60.119998931884766,58.869998931884766,58.90999984741211,1154700,53.83990478515625
2025-07-09,59.54999923706055,59.75,58.93000030517578,59.02000045776367,2018900,53.94043731689453
2025-07-10,59.029998779296875,59.88999938964844,58.630001068115234,59.810001373291016,1783800,54.66244888305664
2025-07-11,59.47999954223633,59.61000061035156,58.630001068115234,58.900001525878906,698000,53.83076477050781
2025-07-14,59.08000183105469,59.220001220703125,58.2400016784668,58.84000015258789,1104400,53.77593231201172
2025-07-15,58.61000061035156,58.83000183105469,57.209999084472656,57.2400016784668,805500,52.31363296508789
2025-07-16,57.41999816894531,57.810001373291016,56.13999938964844,57.220001220703125,1260100,52.295352935791016
2025-07-17,56.83000183105469,57.68000030517578,56.83000183105469,57.529998779296875,965700,52.57867431640625
2025-07-18,57.68000030517578,58.04999923706055,56.79999923706055,57.79999923706055,866500,52.825439453125
2025-07-21,57.90999984741211,58.09000015258789,57.06999969482422,57.150001525878906,1270500,52.231380462646484
2025-07-22,57.09000015258789,58.06999969482422,56.779998779296875,57.7599983215332,770000,52.78887939453125
2025-07-23,58.25,59.70000076293945,57.970001220703125,59.0,1065200,53.92216110229492
2025-07-24,58.91999816894531,59.45000076293945,58.29999923706055,58.630001068115234,2003400,53.584007263183594
2025-07-25,58.61000061035156,60.33000183105469,56.900001525878906,59.38999938964844,1930900,54.27859115600586
2025-07-28,59.56999969482422,59.70000076293945,58.52000045776367,59.189998626708984,900700,54.09580612182617
2025-07-29,59.63999938964844,59.9900016784668,58.2400016784668,58.290000915527344,987200,53.27326583862305
2025-07-30,58.47999954223633,58.720001220703125,57.16999816894531,57.66999816894531,1371300,52.706626892089844
2025-07-31,57.88999938964844,58.400001525878906,57.47999954223633,57.790000915527344,1307100,52.81629943847656
2025-08-01,56.5,57.06999969482422,55.2599983215332,56.4900016784668,1820500,51.6281852722168
2025-08-04,55.93000030517578,56.0,55.310001373291016,55.84000015258789,998100,51.991302490234375
2025-08-05,56.189998626708984,56.439998626708984,55.209999084472656,56.209999084472656,847900,52.33579635620117
2025-08-06,56.43000030517578,56.4900016784668,55.84000015258789,56.41999816894531,782400,52.53132247924805
2025-08-07,57.0,57.04999923706055,55.34000015258789,55.61000061035156,727500,51.777156829833984
2025-08-08,56.06999969482422,56.27000045776367,55.34000015258789,55.83000183105469,472400,51.981998443603516
2025-08-11,56.04999923706055,56.2400016784668,55.41999816894531,55.63999938964844,559500,51.80508804321289
2025-08-12,56.09000015258789,57.31999969482422,56.09000015258789,57.209999084472656,772500,53.26687240600586
2025-08-13,57.459999084472656,58.0099983215332,57.220001220703125,57.959999084472656,670700,53.96518325805664
2025-08-14,57.439998626708984,58.54999923706055,57.099998474121094,58.4900016784668,658400,54.458656311035156
2025-08-15,58.56999969482422,58.56999969482422,57.20000076293945,57.27000045776367,619800,53.3227424621582
2025-08-18,57.220001220703125,58.2599983215332,57.09000015258789,58.16999816894531,946800,54.16070556640625
2025-08-19,58.060001373291016,58.619998931884766,57.84000015258789,58.220001220703125,929600,54.2072639465332
2025-08-20,58.02000045776367,58.52000045776367,57.5,58.08000183105469,771900,54.0769157409668
2025-08-21,57.75,58.2599983215332,57.209999084472656,57.34000015258789,980100,53.387916564941406
2025-08-22,57.75,60.40999984741211,57.72999954223633,60.16999816894531,1040400,56.02286148071289
2025-08-25,60.16999816894531,60.75,60.060001373291016,60.18000030517578,837100,56.03217315673828
2025-08-26,60.13999938964844,61.20000076293945,60.060001373291016,61.150001525878906,873200,56.93532180786133
2025-08-27,61.099998474121094,61.810001373291016,61.029998779296875,61.36000061035156,901400,57.13084411621094
2025-08-28,61.709999084472656,62.02000045776367,61.220001220703125,61.59000015258789,853500,57.34498977661133
2025-08-29,61.650001525878906,61.9900016784668,61.099998474121094,61.86000061035156,642400,57.596378326416016
2025-09-02,60.97999954223633,61.11000061035156,59.900001525878906,61.11000061035156,629500,56.898075103759766
2025-09-03,61.099998474121094,62.13999938964844,60.90999984741211,62.029998779296875,1089900,57.75466537475586
2025-09-04,62.40999984741211,62.84000015258789,61.7400016784668,62.61000061035156,706600,58.2946891784668
2025-09-05,62.63999938964844,63.25,60.7599983215332,61.5,875000,57.261192321777344
2025-09-08,61.4900016784668,61.54999923706055,60.459999084472656,61.130001068115234,706000,56.91669845581055
2025-09-09,60.869998931884766,61.279998779296875,60.599998474121094,60.849998474121094,650500,56.65599060058594
2025-09-10,60.650001525878906,61.52000045776367,60.31999969482422,60.7599983215332,645500,56.57219696044922
2025-09-11,61.0099983215332,61.880001068115234,60.56999969482422,61.7599983215332,564800,57.503273010253906
2025-09-12,61.619998931884766,61.619998931884766,60.529998779296875,60.58000183105469,611300,56.404605865478516
2025-09-15,60.869998931884766,61.540000915527344,60.650001525878906,61.439998626708984,895500,57.20532989501953
2025-09-16,61.58000183105469,61.84000015258789,60.130001068115234,60.540000915527344,882200,56.36736297607422
2025-09-17,60.61000061035156,62.25,59.849998474121094,60.47999954223633,852700,56.311492919921875
2025-09-18,60.970001220703125,61.939998626708984,60.63999938964844,61.59000015258789,783800,57.34498977661133
2025-09-19,61.52000045776367,61.61000061035156,60.599998474121094,60.83000183105469,1309800,56.63737487792969
2025-09-22,60.52000045776367,60.939998626708984,60.27000045776367,60.45000076293945,633200,56.283565521240234
2025-09-23,60.5,61.869998931884766,60.130001068115234,60.40999984741211,1010800,56.24632263183594
2025-09-24,60.560001373291016,60.95000076293945,59.86000061035156,60.130001068115234,706000,55.98562240600586
2025-09-25,59.34000015258789,59.59000015258789,58.41999816894531,58.779998779296875,1018500,54.72866439819336
2025-09-26,59.25,59.439998626708984,58.22999954223633,58.540000915527344,1003700,54.505210876464844
2025-09-29,58.54999923706055,58.720001220703125,56.900001525878906,57.61000061035156,1237800,53.639305114746094
2025-09-30,57.619998931884766,57.70000076293945,54.959999084472656,56.459999084472656,1456400,52.56856918334961
2025-10-01,56.400001525878906,57.209999084472656,55.75,55.810001373291016,1750500,51.9633674621582
2025-10-02,56.0,56.70000076293945,55.709999084472656,56.38999938964844,1644300,52.50339126586914
2025-10-03,56.40999984741211,56.709999084472656,56.08000183105469,56.189998626708984,1152300,52.31718063354492
2025-10-06,56.290000915527344,56.72999954223633,54.91999816894531,55.47999954223633,1170500,51.6561164855957
2025-10-07,54.650001525878906,55.189998626708984,54.2599983215332,54.88999938964844,1567900,51.10677719116211
2025-10-08,55.06999969482422,55.70000076293945,54.52000045776367,54.65999984741211,1575400,50.892635345458984
2025-10-09,54.7599983215332,55.16999816894531,54.34000015258789,54.95000076293945,1314700,51.16264724731445
2025-10-10,55.16999816894531,55.47999954223633,52.09000015258789,52.150001525878906,1208800,48.555633544921875
2025-10-13,52.65999984741211,53.54999923706055,52.5,53.2599983215332,822300,49.58912658691406
2025-10-14,52.66999816894531,56.7400016784668,52.66999816894531,55.81999969482422,1188000,51.972679138183594
2025-10-15,56.400001525878906,56.7400016784668,54.869998931884766,55.08000183105469,878100,51.283687591552734
2025-10-16,54.95000076293945,55.150001525878906,52.959999084472656,53.27000045776367,866900,49.59843826293945
2025-10-17,53.68000030517578,54.68000030517578,53.31999969482422,54.130001068115234,719300,50.39916229248047
2025-10-20,54.650001525878906,56.099998474121094,54.38999938964844,55.47999954223633,976400,51.6561164855957
2025-10-21,55.56999969482422,57.08000183105469,55.380001068115234,56.529998779296875,1410000,52.63374328613281
2025-10-22,56.900001525878906,57.27000045776367,55.66999816894531,55.849998474121094,879600,52.0006103515625
2025-10-23,56.189998626708984,56.900001525878906,55.88999938964844,56.36000061035156,976200,52.475460052490234
2025-10-24,57.540000915527344,58.38999938964844,57.040000915527344,57.11000061035156,1017800,53.173770904541016
2025-10-27,57.72999954223633,58.540000915527344,57.63999938964844,58.22999954223633,1287700,54.216575622558594
2025-10-28,58.20000076293945,58.33000183105469,57.529998779296875,57.869998931884766,1524000,53.881385803222656
2025-10-29,57.27000045776367,57.900001525878906,55.709999084472656,56.02000045776367,1805800,52.15889358520508
2025-10-30,55.689998626708984,57.20000076293945,55.650001525878906,55.75,1317200,51.90750503540039
2025-10-31,58.79999923706055,59.279998779296875,57.40999984741211,59.189998626708984,1724700,55.110408782958984
2025-11-03,59.189998626708984,61.869998931884766,58.70000076293945,61.380001068115234,2158900,57.14946746826172
2025-11-04,61.0,61.33000183105469,60.380001068115234,60.5,1969200,56.33012008666992
2025-11-05,60.5,61.650001525878906,60.2599983215332,60.86000061035156,1790900,56.665306091308594
2025-11-06,61.0099983215332,61.529998779296875,59.310001373291016,59.349998474121094,1588100,55.259376525878906
2025-11-07,59.0099983215332,60.31999969482422,58.25,60.20000076293945,1430100,56.05080032348633
2025-11-10,59.70000076293945,60.31999969482422,59.2599983215332,59.95000076293945,1648500,56.80887985229492
2025-11-11,59.619998931884766,60.529998779296875,59.619998931884766,59.810001373291016,873400,56.67621994018555
2025-11-12,60.2400016784668,61.08000183105469,59.630001068115234,60.439998626708984,669800,57.2732048034668
2025-11-13,60.41999816894531,60.790000915527344,59.2400016784668,59.689998626708984,823200,56.5625
2025-11-14,58.619998931884766,59.349998474121094,58.119998931884766,59.16999816894531,1231200,56.06974411010742
2025-11-17,59.040000915527344,59.16999816894531,56.720001220703125,57.06999969482422,1116400,54.07978057861328
2025-11-18,56.43000030517578,58.130001068115234,56.20000076293945,57.31999969482422,897800,54.31667709350586
2025-11-19,57.619998931884766,58.470001220703125,57.189998626708984,58.45000076293945,908000,55.387474060058594
2025-11-20,59.22999954223633,60.11000061035156,57.65999984741211,57.810001373291016,1125800,54.781005859375
2025-11-21,57.970001220703125,60.349998474121094,57.720001220703125,59.790000915527344,1128800,56.657264709472656
2025-11-24,59.310001373291016,60.09000015258789,58.189998626708984,59.84000015258789,1451900,56.704647064208984
2025-11-25,60.0,61.75,59.84000015258789,61.34000015258789,871000,58.12605285644531
2025-11-26,61.34000015258789,62.47999954223633,61.15999984741211,61.93000030517578,1033100,58.68513488769531
2025-11-28,62.130001068115234,62.5099983215332,61.93000030517578,62.029998779296875,459500,58.7798957824707
2025-12-01,61.90999984741211,62.869998931884766,61.630001068115234,62.349998474121094,857400,59.0831298828125
2025-12-02,63.0,63.619998931884766,62.400001525878906,63.04999923706055,1620000,59.74645233154297
2025-12-03,63.060001373291016,64.80000305175781,62.9900016784668,64.79000091552734,1320500,61.39528274536133
2025-12-04,64.6500015258789,65.55000305175781,64.38999938964844,64.98999786376953,870900,61.584800720214844
2025-12-05,64.69000244140625,65.13999938964844,64.19999694824219,64.6500015258789,854800,61.26261901855469
2025-12-08,65.0,65.0199966430664,63.97999954223633,64.3499984741211,1696000,60.97834014892578
2025-12-09,64.16000366210938,64.58999633789062,63.849998474121094,64.47000122070312,958000,61.0920524597168
2025-12-10,64.76000213623047,68.0999984741211,64.66999816894531,67.27999877929688,1998200,63.754817962646484
2025-12-11,67.19999694824219,70.12999725341797,67.19999694824219,69.62000274658203,1326700,65.97221374511719
2025-12-12,70.0,70.16999816894531,68.1500015258789,68.81999969482422,1038000,65.21412658691406
2025-12-15,68.22000122070312,68.62000274658203,66.75,67.19999694824219,1196300,63.67900848388672
2025-12-16,67.73999786376953,68.91000366210938,67.41999816894531,67.75,1447800,64.20018768310547
2025-12-17,68.12000274658203,68.94000244140625,67.44999694824219,67.95999908447266,1088400,64.39918518066406
2025-12-18,68.76000213623047,68.97000122070312,67.87999725341797,68.37000274658203,1222500,64.7877197265625
2025-12-19,68.41000366210938,68.77999877929688,67.9000015258789,68.30000305175781,1281700,64.72137451171875
2025-12-22,68.43000030517578,69.5,68.30999755859375,69.16000366210938,728400,65.53631591796875
2025-12-23,69.1500015258789,69.58000183105469,68.6500015258789,68.69000244140625,797300,65.0909423828125
2025-12-24,68.80999755859375,69.47000122070312,68.56999969482422,68.97000122070312,307100,65.35626983642578
2025-12-26,68.88999938964844,69.37000274658203,68.77999877929688,69.08000183105469,464200,65.46051025390625
2025-12-29,69.05000305175781,69.2699966430664,68.22000122070312,68.62000274658203,569600,65.02461242675781
2025-12-30,68.55999755859375,68.70999908447266,67.93000030517578,67.95999908447266,521000,64.39918518066406
2025-12-31,67.97000122070312,68.25,67.54000091552734,67.55000305175781,458200,64.01067352294922
2026-01-02,67.68000030517578,69.11000061035156,67.25,69.06999969482422,850600,65.4510269165039
2026-01-05,68.25,70.77999877929688,68.25,70.1500015258789,882300,66.47444915771484
2026-01-06,70.29000091552734,71.62000274658203,69.77999877929688,71.37000274658203,1287300,67.63053131103516
2026-01-07,71.4800033569336,71.62000274658203,70.22000122070312,70.33000183105469,880000,66.64501953125
2026-01-08,70.23999786376953,71.33000183105469,69.80000305175781,71.04000091552734,1429800,67.31781005859375
2026-01-09,71.37000274658203,71.93000030517578,70.22000122070312,70.87999725341797,761800,67.16619110107422
2026-01-12,68.58000183105469,69.25,66.44999694824219,66.58999633789062,1782100,63.1009635925293
2026-01-13,66.51000213623047,67.47000122070312,65.5,66.37000274658203,1599600,62.89250183105469
2026-01-14,66.13999938964844,66.7300033569336,64.77999877929688,66.0999984741211,1970400,62.63664627075195
2026-01-15,66.44999694824219,66.68000030517578,64.97000122070312,65.04000091552734,1320300,61.63218688964844
2026-01-16,65.01000213623047,66.33000183105469,65.01000213623047,65.4000015258789,1350400,61.973323822021484
2026-01-20,63.83000183105469,64.8499984741211,63.2400016784668,63.5099983215332,1152600,60.182350158691406
2026-01-21,63.75,64.52999877929688,63.5,64.04000091552734,999500,60.68457794189453
2026-01-22,64.30999755859375,65.52999877929688,64.12999725341797,65.37000274658203,1602000,61.94490051269531
2026-01-23,64.76000213623047,65.1500015258789,63.43000030517578,64.45999908447266,1151200,61.08257293701172
2026-01-26,64.97000122070312,65.56999969482422,64.0999984741211,65.55000305175781,1137800,62.1154670715332
2026-01-27,65.55000305175781,66.20999908447266,64.08000183105469,65.16999816894531,2120500,61.75537109375
2026-01-28,65.16999816894531,66.25,64.83999633789062,65.05000305175781,1933000,61.64166259765625
2026-01-29,65.9000015258789,66.5,65.19999694824219,66.0999984741211,1110900,62.63664627075195
2026-01-30,65.75,66.05999755859375,64.94999694824219,65.54000091552734,924600,62.10598373413086
2026-02-02,65.3499984741211,65.94999694824219,64.6500015258789,65.36000061035156,1379700,61.935420989990234
2026-02-03,65.79000091552734,66.26000213623047,63.36000061035156,64.08999633789062,1444600,60.73196029663086
2026-02-04,64.37999725341797,64.80000305175781,62.9900016784668,63.20000076293945,2761800,59.88859558105469
2026-02-05,61.52000045776367,63.0,60.61000061035156,62.290000915527344,2625700,59.026275634765625
2026-02-06,61.9900016784668,63.09000015258789,60.869998931884766,61.63999938964844,2823700,58.41032791137695
2026-02-09,61.630001068115234,63.439998626708984,61.630001068115234,62.099998474121094,1638000,58.84622573852539
2026-02-10,62.15999984741211,63.15999984741211,61.56999969482422,61.7599983215332,1719500,58.52404022216797
2026-02-11,61.86000061035156,62.7400016784668,59.900001525878906,60.0099983215332,1523500,56.8657341003418
2026-02-12,60.36000061035156,60.95000076293945,56.5099983215332,57.11000061035156,3690300,54.11768341064453
2026-02-13,57.150001525878906,57.5,56.2599983215332,56.90999984741211,1960900,53.928165435791016
2026-02-17,56.18000030517578,56.90999984741211,55.529998779296875,56.43000030517578,1998300,54.478450775146484
2026-02-18,56.72999954223633,57.189998626708984,56.40999984741211,56.83000183105469,1425700,54.864620208740234
2026-02-19,56.70000076293945,57.529998779296875,56.13999938964844,57.529998779296875,1406400,55.5404052734375
2026-02-20,57.220001220703125,57.77000045776367,56.400001525878906,57.18000030517578,1473800,55.202510833740234
2026-02-23,56.70000076293945,56.91999816894531,53.59000015258789,54.15999984741211,1212800,52.286956787109375
2026-02-24,53.970001220703125,55.529998779296875,53.70000076293945,55.209999084472656,1157600,53.30064010620117
2026-02-25,55.79999923706055,56.52000045776367,55.18000030517578,56.369998931884766,1228300,54.42052459716797
2026-02-26,56.810001373291016,58.02000045776367,56.529998779296875,57.81999969482422,1094800,55.820377349853516
2026-02-27,56.369998931884766,56.849998474121094,54.900001525878906,55.02000045776367,1812600,53.11721420288086
2026-03-02,53.72999954223633,56.0,53.20000076293945,55.619998931884766,1536600,53.69646453857422
2026-03-03,54.0099983215332,55.779998779296875,53.38999938964844,54.93000030517578,1229600,53.03032684326172
2026-03-04,54.91999816894531,55.290000915527344,54.43000030517578,54.54999923706055,1943300,52.66346740722656
2026-03-05,54.220001220703125,55.380001068115234,54.189998626708984,55.02000045776367,1178200,53.11721420288086
2026-03-06,53.72999954223633,53.77000045776367,52.20000076293945,53.40999984741211,1732400,51.56289291381836
2026-03-09,52.0,54.31999969482422,51.36000061035156,53.95000076293945,1785200,52.0842170715332
2026-03-10,53.95000076293945,54.7599983215332,52.689998626708984,53.959999084472656,2137200,52.093868255615234
2026-03-11,53.93000030517578,54.400001525878906,52.84000015258789,53.79999923706055,1073800,51.93940353393555
2026-03-12,52.709999084472656,53.029998779296875,52.02000045776367,52.689998626708984,1172600,50.867794036865234
2026-03-13,53.099998474121094,53.279998779296875,51.869998931884766,52.060001373291016,1176600,50.259578704833984
2026-03-16,52.45000076293945,52.790000915527344,45.779998779296875,49.2599983215332,7373200,47.55641555786133
2026-03-17,49.2599983215332,51.02000045776367,49.040000915527344,50.41999816894531,2161500,48.67629623413086
2026-03-18,50.04999923706055,51.31999969482422,49.84000015258789,49.970001220703125,1989700,48.24186325073242
2026-03-19,49.93000030517578,51.31999969482422,49.349998474121094,51.0,1295600,49.23624038696289
2026-03-20,51.13999938964844,51.880001068115234,50.58000183105469,51.47999954223633,3076800,49.69963836669922
2026-03-23,52.2400016784668,53.5,51.779998779296875,52.65999984741211,1556100,50.83883285522461
2026-03-24,52.209999084472656,53.68000030517578,52.0,53.2599983215332,1251900,51.4180793762207
2026-03-25,53.65999984741211,54.20000076293945,52.16999816894531,53.08000183105469,1126300,51.24430847167969
2026-03-26,52.70000076293945,53.619998931884766,52.650001525878906,53.04999923706055,736200,51.2153434753418
2026-03-27,52.5099983215332,52.689998626708984,51.36000061035156,51.54999923706055,995000,49.76721954345703
2026-03-30,51.810001373291016,52.70000076293945,51.77000045776367,52.220001220703125,831800,50.41404724121094
2026-03-31,53.130001068115234,54.16999816894531,52.40999984741211,53.4900016784668,997200,51.6401252746582
2026-04-01,54.06999969482422,54.54999923706055,53.369998931884766,54.02000045776367,957500,52.151798248291016
2026-04-02,53.13999938964844,54.38999938964844,52.470001220703125,54.06999969482422,1004800,52.20006561279297
2026-04-06,53.97999954223633,55.09000015258789,53.97999954223633,54.970001220703125,1012900,53.06894302368164
2026-04-07,54.61000061035156,55.220001220703125,53.63999938964844,53.83000183105469,1729200,51.96836853027344
2026-04-08,55.2599983215332,56.369998931884766,55.2599983215332,56.0099983215332,2143600,54.072975158691406
2026-04-09,55.38999938964844,56.709999084472656,55.25,56.63999938964844,2197800,54.68118667602539
2026-04-10,56.63999938964844,56.869998931884766,55.83000183105469,55.959999084472656,976900,54.02470397949219
2026-04-13,55.5,56.9900016784668,55.15999984741211,56.849998474121094,1723800,54.8839225769043
2026-04-14,57.31999969482422,57.83000183105469,56.95000076293945,57.41999816894531,1124800,55.434207916259766
2026-04-15,57.599998474121094,58.060001373291016,56.970001220703125,57.65999984741211,1157100,55.66591262817383
2026-04-16,57.79999923706055,58.31999969482422,57.459999084472656,57.650001525878906,1597700,55.6562614440918
2026-04-17,58.59000015258789,60.040000915527344,58.59000015258789,59.2599983215332,754300,57.21057891845703
2026-04-20,58.93000030517578,59.97999954223633,58.93000030517578,59.91999816894531,743000,57.84775161743164
2026-04-21,59.880001068115234,60.45000076293945,58.56999969482422,58.90999984741211,944800,56.872684478759766
2026-04-22,59.209999084472656,59.9900016784668,59.06999969482422,59.709999084472656,792900,57.645015716552734
2026-04-23,59.38999938964844,60.040000915527344,58.22999954223633,59.0,711900,56.95956802368164
2026-04-24,59.08000183105469,59.849998474121094,58.959999084472656,59.439998626708984,1103800,57.38435363769531
2026-04-27,59.33000183105469,60.29999923706055,58.97999954223633,58.97999954223633,873800,56.94026184082031
2026-04-28,59.41999816894531,59.84000015258789,58.470001220703125,58.630001068115234,726800,56.60236740112305
2026-04-29,58.52000045776367,59.20000076293945,57.189998626708984,57.90999984741211,1029900,55.90726852416992
2026-04-30,57.5099983215332,58.93000030517578,57.47999954223633,58.77000045776367,1138200,56.737525939941406
2026-05-01,57.5099983215332,58.59000015258789,56.5,56.59000015258789,1811300,54.63291931152344
2026-05-04,56.41999816894531,56.75,54.900001525878906,55.189998626708984,1634800,53.281333923339844
2026-05-05,55.34000015258789,55.7400016784668,54.7400016784668,55.04999923706055,1200200,53.146175384521484
2026-05-06,55.83000183105469,57.02000045776367,55.61000061035156,55.900001525878906,1463700,53.96678161621094
2026-05-07,56.130001068115234,56.529998779296875,55.25,55.689998626708984,1308700,53.764041900634766
2026-05-08,56.0,56.119998931884766,55.25,56.09000015258789,1449400,54.150211334228516
2026-05-11,55.0,55.220001220703125,52.810001373291016,53.16999816894531,1281300,52.3104362487793
2026-05-12,53.16999816894531,53.380001068115234,52.099998474121094,53.029998779296875,1343700,52.17270278930664
2026-05-13,52.70000076293945,52.83000183105469,51.619998931884766,52.439998626708984,1012600,51.59223937988281
2026-05-14,54.0,54.29999923706055,53.15999984741211,53.95000076293945,1061800,53.07783126831055
2026-05-15,53.900001525878906,54.15999984741211,53.189998626708984,53.52000045776367,851800,52.654781341552734
2026-05-18,53.380001068115234,53.959999084472656,53.029998779296875,53.529998779296875,1004200,52.66461944580078
2026-05-19,53.709999084472656,53.709999084472656,52.349998474121094,52.900001525878906,1140200,52.04480743408203
2026-05-20,53.04999923706055,54.209999084472656,52.189998626708984,54.189998626708984,976300,53.31394958496094
2026-05-21,53.56999969482422,53.7599983215332,52.619998931884766,53.75,1073300,52.88106155395508
2026-05-22,53.84000015258789,54.0,53.31999969482422,53.47999954223633,789400,52.61542892456055
2026-05-26,53.63999938964844,54.2599983215332,53.29999923706055,53.790000915527344,1142000,52.92041778564453
2026-05-27,54.310001373291016,55.38999938964844,54.18000030517578,54.279998779296875,1102100,53.40249252319336
2026-05-28,53.970001220703125,54.45000076293945,53.599998474121094,54.060001373291016,923000,53.18605422973633
2026-05-29,54.099998474121094,55.56999969482422,53.86000061035156,55.310001373291016,2082200,54.41584396362305
2026-06-01,54.79999923706055,55.18000030517578,53.79999923706055,54.7599983215332,1015400,53.874732971191406
2026-06-02,54.56999969482422,55.099998474121094,54.18000030517578,54.52000045776367,1029900,53.638614654541016
2026-06-03,53.83000183105469,54.189998626708984,53.33000183105469,53.40999984741211,1023600,52.54655838012695
2026-06-04,53.790000915527344,55.66999816894531,53.790000915527344,55.279998779296875,958000,54.38632583618164
2026-06-05,55.36000061035156,55.59000015258789,54.88999938964844,55.36000061035156,782100,54.46503448486328
2026-06-08,55.150001525878906,55.68000030517578,53.810001373291016,54.060001373291016,1214100,53.18605422973633
2026-06-09,54.869998931884766,56.400001525878906,54.22999954223633,55.79999923706055,905400,54.89792251586914
2026-06-10,55.52000045776367,55.77000045776367,54.380001068115234,54.52000045776367,702800,53.638614654541016
2026-06-11,54.709999084472656,56.75,54.279998779296875,56.720001220703125,1215600,55.80305099487305
2026-06-12,56.970001220703125,57.459999084472656,56.59000015258789,56.709999084472656,828100,55.793209075927734
2026-06-15,57.5099983215332,58.650001525878906,57.470001220703125,57.66999816894531,829700,56.73768997192383
2026-06-16,58.15999984741211,58.52000045776367,57.63999938964844,57.77000045776367,649800,56.83607482910156
2026-06-17,57.75,59.56999969482422,57.279998779296875,57.61000061035156,911400,56.67866134643555
2026-06-18,58.150001525878906,58.779998779296875,58.09000015258789,58.18000030517578,955200,57.23944854736328
2026-06-22,58.040000915527344,58.83000183105469,58.040000915527344,58.22999954223633,1153500,57.288639068603516
2026-06-23,57.599998474121094,58.86000061035156,57.599998474121094,58.08000183105469,1119100,57.14106369018555
2026-06-24,58.18000030517578,59.52000045776367,58.15999984741211,58.58000183105469,1174500,57.63298034667969
2026-06-25,59.029998779296875,61.209999084472656,59.029998779296875,59.88999938964844,1538300,58.92180252075195
2026-06-26,59.59000015258789,60.72999954223633,59.02000045776367,60.439998626708984,2060100,59.46290969848633
2026-06-29,60.38999938964844,62.540000915527344,59.869998931884766,62.349998474121094,1863300,61.34203338623047
2026-06-30,62.2400016784668,62.54999923706055,60.86000061035156,60.970001220703125,1177000,59.984344482421875
2026-07-01,61.209999084472656,61.349998474121094,60.16999816894531,60.38999938964844,928900,59.413719177246094
2026-07-02,60.66999816894531,61.189998626708984,58.709999084472656,59.5,923700,58.538108825683594
2026-07-06,59.630001068115234,60.56999969482422,59.560001373291016,60.08000183105469,706400,59.108734130859375
2026-07-07,60.25,60.709999084472656,59.529998779296875,59.619998931884766,770100,58.656166076660156
2026-07-08,59.2400016784668,59.33000183105469,56.119998931884766,57.25,2158700,56.32448196411133
2026-07-09,57.5,59.38999938964844,57.5,58.84000015258789,1494700,57.88877868652344
2026-07-10,59.81999969482422,60.68000030517578,59.209999084472656,59.25,1105300,58.29214859008789
2026-07-13,59.65999984741211,60.099998474121094,58.439998626708984,59.25,903000,58.29214859008789
2026-07-14,59.029998779296875,60.209999084472656,59.029998779296875,59.959999084472656,1337700,58.99066925048828
2026-07-15,60.5,60.849998474121094,59.86000061035156,60.58000183105469,937500,59.600650787353516
2026-07-16,60.810001373291016,61.45000076293945,60.540000915527344,61.25,1150700,60.25981521606445
2026-07-17,60.27000045776367,60.790000915527344,59.599998474121094,60.29999923706055,977500,59.325172424316406
2026-07-20,60.47999954223633,60.91999816894531,60.08000183105469,60.20000076293945,915400,59.22679138183594
2026-07-21,60.36000061035156,60.66999816894531,59.34000015258789,60.0,978200,59.030025482177734
2026-07-22,59.81999969482422,59.9900016784668,59.27000045776367,59.81999969482422,590200,58.85293197631836
2026-07-23,59.0099983215332,59.36000061035156,58.15999984741211,58.779998779296875,970800,57.82974624633789
2026-07-24,58.75,60.209999084472656,58.599998474121094,59.7400016784668,990900,58.774227142333984
2026-07-27,60.189998626708984,61.5,60.18000030517578,61.2599983215332,1285700,60.2696533203125
2026-07-28,61.529998779296875,62.36000061035156,61.2400016784668,62.2400016784668,1136300,61.23381423950195
2026-07-29,61.13999938964844,64.6500015258789,61.13999938964844,62.939998626708984,1703000,61.92249298095703
2026-07-30,63.459999084472656,63.83000183105469,61.54999923706055,63.400001525878906,1152500,62.37506103515625
2026-07-31,63.400001525878906,63.54999923706055,62.279998779296875,62.58000183105469,847100,61.56831741333008
2026-08-03,62.66999816894531,64.75,62.66999816894531,64.68000030517578,803700,63.63436508178711
2026-08-04,64.66999816894531,65.75,64.52999877929688,65.41999816894531,761400,64.3624038696289
2026-08-05,65.43000030517578,66.05000305175781,64.83999633789062,65.55000305175781,995400,64.49030303955078
2026-08-06,65.7699966430664,65.80999755859375,64.91999816894531,65.02999877929688,1190900,63.97870635986328
2026-08-07,64.9000015258789,65.18000030517578,64.25,64.94999694824219,1075400,63.89999771118164
2026-08-10,63.209999084472656,63.72999954223633,62.709999084472656,63.15999984741211,1159400,63.15999984741211
2026-08-11,63.0099983215332,64.44000244140625,63.0099983215332,63.66999816894531,939400,63.66999816894531
2026-08-12,63.72999954223633,64.75,63.209999084472656,64.6500015258789,695100,64.6500015258789
2026-08-13,64.81999969482422,65.48999786376953,64.02999877929688,65.29000091552734,1095100,65.29000091552734
2026-08-14,65.20999908447266,65.95999908447266,64.97000122070312,65.68000030517578,645900,65.68000030517578
2026-08-17,65.3499984741211,65.88999938964844,64.61000061035156,65.1500015258789,752200,65.1500015258789
2026-08-18,65.0199966430664,66.3499984741211,64.7300033569336,64.7300033569336,756100,64.7300033569336
2026-08-19,65.01000213623047,65.80999755859375,64.16999816894531,64.20999908447266,878400,64.20999908447266
2026-08-20,63.790000915527344,64.05999755859375,61.70000076293945,61.70000076293945,957300,61.70000076293945
2026-08-21,62.22999954223633,63.43000030517578,62.22999954223633,63.189998626708984,590300,63.189998626708984
2026-08-24,63.380001068115234,64.2300033569336,62.79999923706055,62.88999938964844,843200,62.88999938964844
2026-08-25,63.220001220703125,63.459999084472656,62.25,63.22999954223633,464900,63.22999954223633
2026-08-26,63.099998474121094,63.77000045776367,62.81999969482422,63.130001068115234,748000,63.130001068115234
2026-08-27,63.06999969482422,64.23999786376953,62.84000015258789,63.88999938964844,815100,63.88999938964844
2026-08-28,63.91999816894531,64.5999984741211,62.83000183105469,62.84000015258789,800100,62.84000015258789
2026-08-31,62.56999969482422,62.849998474121094,62.18000030517578,62.459999084472656,1577800,62.459999084472656
2026-09-01,61.9900016784668,62.720001220703125,61.0,61.11000061035156,946000,61.11000061035156
2026-09-02,61.7400016784668,63.58000183105469,61.7400016784668,63.13999938964844,855400,63.13999938964844
2026-09-03,63.84000015258789,64.69000244140625,63.61000061035156,64.58000183105469,878200,64.58000183105469
2026-09-04,64.0999984741211,65.3499984741211,64.06999969482422,64.62999725341797,580700,64.62999725341797
2026-09-08,64.20999908447266,64.41999816894531,63.209999084472656,63.310001373291016,1374300,63.310001373291016
2026-09-09,63.20000076293945,63.27000045776367,62.45000076293945,62.59000015258789,826000,62.59000015258789
2026-09-10,62.65999984741211,62.959999084472656,61.63999938964844,62.060001373291016,1164600,62.060001373291016
2026-09-11,62.9900016784668,63.290000915527344,62.06999969482422,62.75,716900,62.75
2026-09-14,62.310001373291016,63.22999954223633,62.310001373291016,63.20000076293945,700800,63.20000076293945
2026-09-15,62.65999984741211,62.81999969482422,60.880001068115234,61.529998779296875,700700,61.529998779296875
2026-09-16,61.43000030517578,62.0,59.970001220703125,60.56999969482422,814900,60.56999969482422
2026-09-17,61.529998779296875,61.630001068115234,60.75,60.939998626708984,705700,60.939998626708984
2026-09-18,60.84000015258789,60.84000015258789,60.099998474121094,60.810001373291016,1263100,60.810001373291016
2026-09-21,61.41999816894531,61.470001220703125,60.310001373291016,60.439998626708984,835400,60.439998626708984
2026-09-22,61.189998626708984,61.689998626708984,58.900001525878906,59.08000183105469,1226400,59.08000183105469
2026-09-23,58.20000076293945,58.56999969482422,57.04999923706055,57.25,1675400,57.25
2026-09-24,57.40999984741211,57.7599983215332,56.34000015258789,56.66999816894531,1231600,56.66999816894531
2026-09-25,56.83000183105469,57.58000183105469,56.060001373291016,57.36000061035156,732700,57.36000061035156
2026-09-28,56.810001373291016,56.90999984741211,55.97999954223633,56.22999954223633,765400,56.22999954223633
2026-09-29,56.380001068115234,56.810001373291016,55.790000915527344,56.349998474121094,847100,56.349998474121094
2026-09-30,56.349998474121094,56.400001525878906,55.22999954223633,55.38999938964844,1082500,55.38999938964844
2026-10-01,55.0,55.900001525878906,54.150001525878906,55.869998931884766,1002500,55.869998931884766
