date,open,high,low,close,volume,adjclose
2021-10-04,358.5199890136719,358.8599853515625,350.32000732421875,352.6199951171875,76766000,342.2367248535156
2021-10-05,353.7099914550781,359.69000244140625,353.4800109863281,357.3800048828125,47232900,346.85662841796875
2021-10-06,354.0799865722656,359.95001220703125,353.1499938964844,359.6700134277344,56806500,349.0791015625
2021-10-07,362.79998779296875,365.69000244140625,362.25,362.9700012207031,39411200,352.28192138671875
2021-10-08,364.0799865722656,364.32000732421875,360.6099853515625,361.1600036621094,41822300,350.5252380371094
2021-10-11,359.5799865722656,363.20001220703125,358.29998779296875,358.3900146484375,34847200,347.8368835449219
2021-10-12,359.8800048828125,360.3299865722656,356.4800109863281,357.1400146484375,43905100,346.6236572265625
2021-10-13,359.510009765625,360.69000244140625,357.42999267578125,360.0,40120800,349.3995056152344
2021-10-14,363.69000244140625,366.8500061035156,363.010009765625,366.6300048828125,43433900,355.834228515625
2021-10-15,367.8800048828125,369.05999755859375,366.82000732421875,368.94000244140625,40419900,358.0761413574219
2021-10-18,367.6099853515625,372.8699951171875,366.989990234375,372.6499938964844,34513500,361.6769104003906
2021-10-19,373.75,375.5199890136719,372.70001220703125,375.4700012207031,29091000,364.41387939453125
2021-10-20,375.94000244140625,376.57000732421875,373.4599914550781,374.9800109863281,31390300,363.9383239746094
2021-10-21,374.1600036621094,377.4700012207031,373.8500061035156,377.2699890136719,25469300,366.1609191894531
2021-10-22,375.9800109863281,376.9700012207031,372.3900146484375,374.1000061035156,36275800,363.084228515625
2021-10-25,375.55999755859375,378.8699951171875,373.55999755859375,377.92999267578125,32597800,366.8014831542969
2021-10-26,380.2300109863281,382.7099914550781,377.9100036621094,379.1199951171875,47191300,367.9564514160156
2021-10-27,379.5799865722656,383.1499938964844,379.30999755859375,380.0,45760500,368.810546875
2021-10-28,381.95001220703125,384.4800109863281,381.1600036621094,384.2200012207031,38007000,372.9062194824219
2021-10-29,381.05999755859375,386.2799987792969,380.70001220703125,386.1099853515625,37310100,374.7406311035156
2021-11-01,386.55999755859375,387.55999755859375,384.4200134277344,387.42999267578125,30765300,376.021728515625
2021-11-02,386.79998779296875,389.5400085449219,386.75,389.04998779296875,25135300,377.593994140625
2021-11-03,389.54998779296875,393.6099853515625,388.4800109863281,393.17999267578125,33748900,381.6023864746094
2021-11-04,394.4800109863281,399.20001220703125,393.9200134277344,398.2200012207031,40265300,386.4939880371094
2021-11-05,400.0400085449219,400.989990234375,397.1600036621094,398.6000061035156,43383800,386.8627624511719
2021-11-08,398.57000732421875,399.6199951171875,397.3999938964844,398.05999755859375,29256300,386.3387451171875
2021-11-09,399.1600036621094,399.57000732421875,393.9200134277344,395.32000732421875,50490700,383.67938232421875
2021-11-10,392.4700012207031,395.3599853515625,387.5299987792969,389.510009765625,54937400,378.04046630859375
2021-11-11,392.57000732421875,392.75,390.239990234375,390.5899963378906,32243000,379.0887145996094
2021-11-12,391.7699890136719,395.25,390.1300048828125,394.70001220703125,34730600,383.07763671875
2021-11-15,395.9100036621094,396.239990234375,392.1000061035156,394.6099853515625,33716900,382.99029541015625
2021-11-16,393.8599853515625,397.92999267578125,393.6600036621094,397.4200134277344,27872900,385.717529296875
2021-11-17,397.75,399.7200012207031,396.6400146484375,397.6300048828125,28703300,385.92138671875
2021-11-18,399.7300109863281,402.2699890136719,397.45001220703125,401.75,45721500,389.9200134277344
2021-11-19,403.42999267578125,405.29998779296875,402.5799865722656,403.989990234375,45191700,392.0941467285156
2021-11-22,405.57000732421875,408.7099914550781,399.19000244140625,399.29998779296875,61715400,387.54217529296875
2021-11-23,398.1099853515625,400.2300109863281,392.9200134277344,397.4800109863281,70098700,385.77581787109375
2021-11-24,394.92999267578125,399.04998779296875,392.5400085449219,398.760009765625,46954400,387.01812744140625
2021-11-26,396.1099853515625,397.5400085449219,389.7699890136719,391.20001220703125,51533300,379.6806945800781
2021-11-29,395.8900146484375,400.7300109863281,395.1400146484375,399.69000244140625,54447100,387.9206848144531
2021-11-30,398.7799987792969,401.19000244140625,391.75,393.82000732421875,81332700,382.22344970703125
2021-12-01,398.2799987792969,400.4800109863281,386.6400146484375,387.1199951171875,77766500,375.7208251953125
2021-12-02,385.79998779296875,391.739990234375,384.3399963378906,389.9100036621094,84416600,378.4288024902344
2021-12-03,391.30999755859375,392.3399963378906,378.8999938964844,383.1300048828125,105349100,371.848388671875
2021-12-06,383.6300048828125,387.6000061035156,379.29998779296875,386.20001220703125,67588800,374.82794189453125
2021-12-07,393.0299987792969,398.4599914550781,392.989990234375,397.8299865722656,56005300,386.115478515625
2021-12-08,398.1700134277344,399.82000732421875,396.2200012207031,399.6099853515625,39204000,387.8430480957031
2021-12-09,398.3500061035156,400.20001220703125,393.5299987792969,393.7300109863281,49973700,382.1361999511719
2021-12-10,396.6199951171875,398.2799987792969,393.3599853515625,398.010009765625,52545800,386.2901916503906
2021-12-13,398.0,398.3299865722656,391.8800048828125,392.260009765625,50166400,380.7095031738281
2021-12-14,387.29998779296875,390.0899963378906,383.6300048828125,388.20001220703125,75199200,376.76904296875
2021-12-15,387.94000244140625,397.4200134277344,383.8800048828125,397.04998779296875,73858000,385.35845947265625
2021-12-16,398.0400085449219,398.4800109863281,385.2099914550781,386.8399963378906,82591400,375.4491271972656
2021-12-17,383.3299865722656,389.19000244140625,381.7699890136719,384.9100036621094,80492500,373.575927734375
2021-12-20,379.57000732421875,381.5,377.4700012207031,380.69000244140625,65336800,369.9520568847656
2021-12-21,384.04998779296875,389.5299987792969,380.20001220703125,389.2099914550781,48899500,378.23175048828125
2021-12-22,388.9100036621094,394.1600036621094,388.2300109863281,393.95001220703125,37042200,382.838134765625
2021-12-23,394.30999755859375,398.42999267578125,394.1400146484375,396.9200134277344,29595500,385.72430419921875
2021-12-27,398.25,403.4800109863281,398.2200012207031,403.4800109863281,32820700,392.0992126464844
2021-12-28,404.3999938964844,404.5799865722656,400.7099914550781,401.6099853515625,33113700,390.2819519042969
2021-12-29,401.75,403.04998779296875,399.1099853515625,401.54998779296875,32248500,390.2237548828125
2021-12-30,401.3299865722656,403.57000732421875,399.75,400.3500061035156,23850100,389.0576171875
2021-12-31,399.6600036621094,401.05999755859375,397.3399963378906,397.8500061035156,34752900,386.6280212402344
2022-01-03,399.04998779296875,401.94000244140625,396.8800048828125,401.67999267578125,40575900,390.35003662109375
2022-01-04,402.239990234375,402.2799987792969,393.2900085449219,396.4700012207031,58027200,385.2870178222656
2022-01-05,394.739990234375,395.8900146484375,384.0299987792969,384.2900085449219,75739800,373.4505310058594
2022-01-06,382.4200134277344,387.3500061035156,380.1300048828125,384.0199890136719,70814300,373.1881408691406
2022-01-07,384.0299987792969,385.760009765625,378.0400085449219,379.8599853515625,72652300,369.1454772949219
2022-01-10,374.82000732421875,380.6400146484375,369.30999755859375,380.1099853515625,91770500,369.388427734375
2022-01-11,379.3599853515625,385.989990234375,377.2200012207031,385.82000732421875,68295700,374.9374084472656
2022-01-12,388.4599914550781,390.20001220703125,385.010009765625,387.3500061035156,54576400,376.4242858886719
2022-01-13,388.7699890136719,389.4700012207031,376.70001220703125,377.6600036621094,77994000,367.0075378417969
2022-01-14,375.07000732421875,380.3500061035156,374.8599853515625,380.010009765625,80121200,369.291259765625
2022-01-18,374.0400085449219,376.2200012207031,369.7699890136719,370.54998779296875,75450900,360.0981140136719
2022-01-19,372.1499938964844,374.69000244140625,366.2099914550781,366.4800109863281,81791500,356.1429748535156
2022-01-20,369.7900085449219,373.8699951171875,361.1700134277344,361.7200012207031,88610700,351.5172424316406
2022-01-21,359.4700012207031,362.17999267578125,351.3999938964844,351.69000244140625,143388900,341.7701416015625
2022-01-24,345.9100036621094,353.9800109863281,334.1499938964844,353.29998779296875,198685800,343.3346252441406
2022-01-25,346.6700134277344,351.0299987792969,341.67999267578125,345.1099853515625,124398400,335.37567138671875
2022-01-26,352.9100036621094,356.8800048828125,340.7799987792969,344.57000732421875,146559500,334.8508605957031
2022-01-27,349.3999938964844,351.2699890136719,340.04998779296875,341.1000061035156,95255700,331.47882080078125
2022-01-28,343.0299987792969,352.0199890136719,337.95001220703125,351.79998779296875,108167900,341.876953125
2022-01-31,353.20001220703125,363.6499938964844,351.5199890136719,363.04998779296875,94326400,352.8096618652344
2022-02-01,364.42999267578125,366.19000244140625,359.1400146484375,365.5199890136719,74433000,355.2099609375
2022-02-02,369.760009765625,370.1000061035156,364.2900085449219,368.489990234375,78777100,358.09625244140625
2022-02-03,358.5299987792969,361.92999267578125,352.4599914550781,353.54998779296875,95384800,343.57757568359375
2022-02-04,354.0799865722656,361.3999938964844,351.9700012207031,358.010009765625,86318300,347.91180419921875
2022-02-07,358.6199951171875,361.04998779296875,353.8399963378906,355.1300048828125,58198100,345.113037109375
2022-02-08,353.9599914550781,360.239990234375,352.79998779296875,359.1199951171875,64720900,348.99053955078125
2022-02-09,363.760009765625,366.80999755859375,362.1199951171875,366.7300109863281,55766400,356.38592529296875
2022-02-10,359.5199890136719,366.489990234375,356.5400085449219,358.42999267578125,112468500,348.32000732421875
2022-02-11,358.42999267578125,360.07000732421875,345.79998779296875,347.05999755859375,101569100,337.2706298828125
2022-02-14,346.489990234375,350.9800109863281,343.8900146484375,347.489990234375,80254400,337.6885986328125
2022-02-15,352.9100036621094,356.3699951171875,351.82000732421875,356.1300048828125,55128800,346.0848693847656
2022-02-16,353.82000732421875,357.0899963378906,350.7099914550781,356.0400085449219,58947100,345.9974365234375
2022-02-17,352.739990234375,353.4599914550781,345.0199890136719,345.45001220703125,61801400,335.7060852050781
2022-02-18,346.4100036621094,346.80999755859375,339.1400146484375,341.510009765625,80001500,331.8772277832031
2022-02-22,338.489990234375,344.0400085449219,334.3500061035156,338.0799865722656,85967100,328.5439758300781
2022-02-23,341.32000732421875,342.17999267578125,329.1000061035156,329.4200134277344,86215400,320.12823486328125
2022-02-24,318.8399963378906,341.0400085449219,318.260009765625,340.489990234375,130614100,330.88604736328125
2022-02-25,341.30999755859375,345.9800109863281,337.3900146484375,345.7699890136719,78842100,336.01702880859375
2022-02-28,342.510009765625,348.5400085449219,341.32000732421875,346.79998779296875,77515500,337.0179748535156
2022-03-01,345.75,348.0799865722656,338.8999938964844,341.489990234375,67407000,331.85772705078125
2022-03-02,343.0799865722656,348.5899963378906,340.239990234375,347.2200012207031,70609000,337.42620849609375
2022-03-03,349.92999267578125,350.0400085449219,340.3500061035156,342.260009765625,71089400,332.6060485839844
2022-03-04,339.8399963378906,341.30999755859375,334.9200134277344,337.29998779296875,76936300,327.7859802246094
2022-03-07,337.2900085449219,338.4800109863281,324.6499938964844,324.8599853515625,89933800,315.69683837890625
2022-03-08,324.04998779296875,333.2099914550781,319.94000244140625,323.3500061035156,116153900,314.2293701171875
2022-03-09,331.75,336.3800048828125,329.0899963378906,334.989990234375,64723400,325.5411376953125
2022-03-10,330.82000732421875,332.510009765625,326.7099914550781,331.2699890136719,69362700,321.926025390625
2022-03-11,334.32000732421875,334.6400146484375,323.8999938964844,324.3999938964844,66228400,315.2498779296875
2022-03-14,323.1300048828125,326.5899963378906,317.45001220703125,318.1700134277344,79802600,309.1955871582031
2022-03-15,320.8800048828125,328.95001220703125,319.2300109863281,328.1499938964844,76471000,318.8940734863281
2022-03-16,332.1700134277344,340.44000244140625,328.3999938964844,340.32000732421875,105243000,330.7208251953125
2022-03-17,338.3699951171875,344.5,337.0400085449219,344.44000244140625,67810000,334.7245788574219
2022-03-18,342.739990234375,351.7900085449219,341.54998779296875,351.489990234375,85446300,341.57574462890625
2022-03-21,350.20001220703125,352.4800109863281,345.5799865722656,350.0799865722656,73799100,340.6260986328125
2022-03-22,350.5899963378906,357.8500061035156,350.20001220703125,356.9599914550781,63345900,347.32025146484375
2022-03-23,354.010009765625,357.6600036621094,351.7699890136719,351.8299865722656,70615500,342.3288269042969
2022-03-24,353.79998779296875,359.70001220703125,351.5899963378906,359.6499938964844,53555300,349.9375915527344
2022-03-25,359.5899963378906,360.6700134277344,354.94000244140625,359.3500061035156,57584200,349.64581298828125
2022-03-28,359.3399963378906,365.010009765625,358.07000732421875,364.9100036621094,56833900,355.05560302734375
2022-03-29,368.8999938964844,371.8299865722656,366.05999755859375,371.19000244140625,68073000,361.16595458984375
2022-03-30,369.2799987792969,370.9800109863281,365.57000732421875,367.0899963378906,68757700,357.1767578125
2022-03-31,367.239990234375,367.6000061035156,361.67999267578125,362.5400085449219,67011400,352.7495422363281
2022-04-01,362.80999755859375,363.6099853515625,358.5899963378906,361.8500061035156,54527800,352.0782165527344
2022-04-04,362.7099914550781,369.30999755859375,362.44000244140625,369.29998779296875,45950200,359.3270568847656
2022-04-05,367.80999755859375,368.5400085449219,359.92999267578125,361.1000061035156,62738700,351.3485107421875
2022-04-06,355.6499938964844,356.7799987792969,350.55999755859375,353.260009765625,90077100,343.7201843261719
2022-04-07,352.239990234375,356.3500061035156,348.69000244140625,354.1000061035156,63777400,344.5375061035156
2022-04-08,352.32000732421875,353.0899963378906,348.5,349.1499938964844,61956100,339.7211608886719
2022-04-11,344.80999755859375,345.75,340.5400085449219,340.8900146484375,66107400,331.6842956542969
2022-04-12,345.760009765625,347.69000244140625,338.0400085449219,339.45001220703125,72790200,330.2831726074219
2022-04-13,339.79998779296875,347.42999267578125,339.05999755859375,346.3500061035156,61367800,336.9968566894531
2022-04-14,346.44000244140625,346.9700012207031,338.2099914550781,338.42999267578125,73519400,329.2906188964844
2022-04-18,337.3500061035156,341.0400085449219,335.7900085449219,338.69000244140625,58560600,329.54364013671875
2022-04-19,338.0299987792969,346.8500061035156,336.9800109863281,346.260009765625,56515700,336.90924072265625
2022-04-20,347.0899963378906,347.55999755859375,339.9599914550781,341.2099914550781,65500000,331.9956359863281
2022-04-21,345.19000244140625,347.8699951171875,333.20001220703125,334.1499938964844,75801000,325.126220703125
2022-04-22,334.30999755859375,335.55999755859375,324.9599914550781,325.3999938964844,82562100,316.6125793457031
2022-04-25,323.7300109863281,329.8999938964844,322.42999267578125,329.5799865722656,101755900,320.6797180175781
2022-04-26,327.4700012207031,327.6600036621094,316.8599853515625,317.1400146484375,105819600,308.5757141113281
2022-04-27,317.239990234375,322.8800048828125,315.0,316.760009765625,111204200,308.2059020996094
2022-04-28,321.8500061035156,329.8900146484375,317.5199890136719,328.010009765625,99450000,319.1520690917969
2022-04-29,323.70001220703125,327.2300109863281,312.6000061035156,313.25,91977900,304.79071044921875
2022-05-02,312.8299865722656,318.7200012207031,309.6499938964844,318.4800109863281,115511800,309.87939453125
2022-05-03,318.5,321.1700134277344,315.9800109863281,318.82000732421875,78185500,310.2102966308594
2022-05-04,319.30999755859375,330.2900085449219,313.8900146484375,329.6000061035156,116083400,320.6991271972656
2022-05-05,325.1700134277344,325.25,309.6199951171875,313.0,154607400,304.5473937988281
2022-05-06,310.95001220703125,315.0899963378906,305.1099853515625,309.25,139572800,300.898681640625
2022-05-09,303.4800109863281,309.3500061035156,295.7200012207031,297.1499938964844,113387300,289.1254577636719
2022-05-10,304.510009765625,305.760009765625,296.57000732421875,300.760009765625,124124600,292.63800048828125
2022-05-11,298.44000244140625,304.0899963378906,290.95001220703125,291.8399963378906,140326100,283.9588317871094
2022-05-12,287.45001220703125,295.75,284.94000244140625,291.1499938964844,120910900,283.2874450683594
2022-05-13,295.7200012207031,303.0,294.0799865722656,301.94000244140625,83684900,293.7860412597656
2022-05-16,300.1499938964844,302.260009765625,297.1300048828125,298.44000244140625,59190400,290.380615234375
2022-05-17,304.45001220703125,306.55999755859375,300.54998779296875,306.1700134277344,62715300,297.9018859863281
2022-05-18,301.5400085449219,302.25,289.8500061035156,291.1400146484375,79477100,283.2778015136719
2022-05-19,289.2900085449219,294.3900146484375,287.5799865722656,289.5799865722656,79920700,281.7598876953125
2022-05-20,293.1300048828125,293.79998779296875,280.2099914550781,288.67999267578125,91764200,280.88421630859375
2022-05-23,289.75,293.8699951171875,287.2900085449219,293.4800109863281,63648400,285.5545959472656
2022-05-24,288.1300048828125,288.8599853515625,282.25,287.239990234375,73491100,279.48309326171875
2022-05-25,285.7099914550781,293.3900146484375,285.5,291.260009765625,67144500,283.39447021484375
2022-05-26,290.44000244140625,300.9200134277344,290.1499938964844,299.3299865722656,59462200,291.2465515136719
2022-05-27,302.5400085449219,309.25,302.4200134277344,309.1000061035156,66985600,300.7528381347656
2022-05-31,309.07000732421875,311.3299865722656,304.3299865722656,308.2799987792969,60968300,299.95489501953125
2022-06-01,310.4700012207031,312.6499938964844,303.7300109863281,306.0,65341700,297.73638916015625
2022-06-02,304.8500061035156,314.55999755859375,303.3999938964844,314.3800048828125,59291300,305.8901672363281
2022-06-03,309.0299987792969,310.4700012207031,304.9200134277344,306.20001220703125,60914700,297.9311218261719
2022-06-06,310.75,312.3500061035156,305.6199951171875,307.2200012207031,51785000,298.923583984375
2022-06-07,303.80999755859375,310.6700134277344,302.69000244140625,309.8699951171875,44900300,301.50189208984375
2022-06-08,309.04998779296875,311.7200012207031,306.7699890136719,307.6400146484375,38342100,299.33221435546875
2022-06-09,305.9100036621094,309.04998779296875,299.2300109863281,299.3999938964844,55900500,291.3147277832031
2022-06-10,293.6499938964844,294.8699951171875,288.3800048828125,288.8399963378906,85963500,281.0398864746094
2022-06-13,279.75,282.3399963378906,274.5299987792969,275.4100036621094,94442000,267.97247314453125
2022-06-14,277.6600036621094,278.6600036621094,273.3399963378906,275.9100036621094,64697500,268.45904541015625
2022-06-15,279.4200134277344,286.8299865722656,276.6099853515625,282.79998779296875,86051400,275.1629638671875
2022-06-16,275.5899963378906,276.05999755859375,269.2799987792969,271.3900146484375,81910300,264.0611572265625
2022-06-17,272.17999267578125,277.19000244140625,270.510009765625,274.69000244140625,82703400,267.27197265625
2022-06-21,278.75,283.45001220703125,278.6400146484375,281.0799865722656,51633700,274.0151672363281
2022-06-22,278.5199890136719,285.17999267578125,277.9100036621094,280.6700134277344,67472900,273.615478515625
2022-06-23,283.2099914550781,285.7200012207031,280.30999755859375,284.8500061035156,57457800,277.6903991699219
2022-06-24,287.739990234375,295.0400085449219,287.5,294.6099853515625,58422300,287.2050476074219
2022-06-27,296.0,296.5799865722656,291.2900085449219,292.45001220703125,54151500,285.09942626953125
2022-06-28,293.0,295.6499938964844,283.3500061035156,283.5400085449219,61609800,276.41326904296875
2022-06-29,283.3999938964844,285.3399963378906,280.8399963378906,283.79998779296875,57302700,276.666748046875
2022-06-30,280.75,283.94000244140625,275.7799987792969,280.2799987792969,79313600,273.23529052734375
2022-07-01,278.95001220703125,282.5299987792969,277.0299987792969,282.1300048828125,56675100,275.03875732421875
2022-07-05,278.30999755859375,287.0799865722656,276.75,286.9599914550781,61829300,279.74737548828125
2022-07-06,287.3500061035156,290.95001220703125,285.5899963378906,288.79998779296875,63194700,281.5411376953125
2022-07-07,289.6300048828125,295.70001220703125,289.6300048828125,294.9800109863281,56620100,287.5657653808594
2022-07-08,292.0799865722656,296.75,291.1199951171875,295.3500061035156,59895500,287.9264221191406
2022-07-11,292.8800048828125,293.1099853515625,288.1400146484375,289.0400085449219,55273900,281.77508544921875
2022-07-12,290.32000732421875,292.2799987792969,284.6099853515625,286.239990234375,55797100,279.0455017089844
2022-07-13,280.6000061035156,288.04998779296875,280.0199890136719,285.6499938964844,73939400,278.4703063964844
2022-07-14,282.989990234375,287.55999755859375,279.79998779296875,286.6700134277344,63741800,279.46466064453125
2022-07-15,289.7300109863281,291.9800109863281,288.0799865722656,291.8699951171875,63818100,284.5339050292969
2022-07-18,294.7200012207031,296.1600036621094,288.20001220703125,289.3999938964844,59519600,282.12603759765625
2022-07-19,293.1099853515625,298.6000061035156,291.4700012207031,298.29998779296875,55172600,290.8023376464844
2022-07-20,298.7300109863281,304.239990234375,297.92999267578125,303.0299987792969,67769400,295.41339111328125
2022-07-21,303.5,307.44000244140625,300.7799987792969,307.3800048828125,55049400,299.6541442871094
2022-07-22,306.42999267578125,308.54998779296875,300.1199951171875,301.989990234375,57127700,294.3995666503906
2022-07-25,302.0199890136719,302.5,298.2200012207031,300.2699890136719,40582400,292.7228088378906
2022-07-26,298.5299987792969,298.7900085449219,293.5400085449219,294.3699951171875,50074100,286.9710998535156
2022-07-27,299.0400085449219,308.5400085449219,298.4599914550781,306.80999755859375,69304400,299.0984191894531
2022-07-28,306.5899963378906,310.3999938964844,302.75,309.80999755859375,55139900,302.02301025390625
2022-07-29,311.3900146484375,316.3900146484375,309.92999267578125,315.4599914550781,57501000,307.5310363769531
2022-08-01,313.6499938964844,318.80999755859375,312.5299987792969,315.2699890136719,46358800,307.34576416015625
2022-08-02,312.9200134277344,318.54998779296875,311.8399963378906,314.3299865722656,48676500,306.4294128417969
2022-08-03,316.04998779296875,323.7300109863281,315.989990234375,322.8900146484375,53735700,314.7742614746094
2022-08-04,322.9700012207031,324.7200012207031,320.7699890136719,324.3999938964844,38973700,316.246337890625
2022-08-05,319.19000244140625,323.8299865722656,318.3900146484375,321.75,53894000,313.66290283203125
2022-08-08,322.69000244140625,326.4700012207031,319.2099914550781,320.7099914550781,43878500,312.64898681640625
2022-08-09,318.7699890136719,319.0299987792969,315.4200134277344,317.0799865722656,39764200,309.11029052734375
2022-08-10,324.5899963378906,326.2300109863281,322.05999755859375,325.92999267578125,51459600,317.7378234863281
2022-08-11,328.30999755859375,330.3599853515625,323.3599853515625,324.0799865722656,45897700,315.9344482421875
2022-08-12,326.17999267578125,330.5899963378906,325.1000061035156,330.3900146484375,40928400,322.0857849121094
2022-08-15,329.4200134277344,333.57000732421875,329.3999938964844,333.05999755859375,38266600,324.6886901855469
2022-08-16,332.05999755859375,334.4200134277344,329.1600036621094,332.2799987792969,41186900,323.92828369140625
2022-08-17,329.07000732421875,331.42999267578125,326.3599853515625,328.489990234375,47842200,320.2334899902344
2022-08-18,328.44000244140625,330.489990234375,326.7900085449219,329.2799987792969,41937200,321.0036926269531
2022-08-19,326.1700134277344,326.8399963378906,322.0799865722656,322.8599853515625,51770600,314.7449951171875
2022-08-22,318.5,318.739990234375,313.5299987792969,314.3599853515625,51098900,306.45867919921875
2022-08-23,314.1199951171875,317.0,313.3299865722656,314.1000061035156,39497100,306.2052001953125
2022-08-24,313.6099853515625,316.8699951171875,312.989990234375,315.010009765625,38057100,307.09234619140625
2022-08-25,316.8299865722656,320.6000061035156,315.760009765625,320.5799865722656,38098300,312.5222473144531
2022-08-26,320.2799987792969,321.510009765625,307.3500061035156,307.44000244140625,69047700,299.7124938964844
2022-08-29,304.6199951171875,307.2200012207031,303.2799987792969,304.4100036621094,48321900,296.75872802734375
2022-08-30,306.1000061035156,306.7300109863281,298.44000244140625,301.0199890136719,51184500,293.4539489746094
2022-08-31,303.989990234375,304.9100036621094,299.1600036621094,299.2699890136719,50044000,291.7479248046875
2022-09-01,296.7200012207031,299.7799987792969,292.95001220703125,299.3999938964844,57990700,291.87469482421875
2022-09-02,302.3399963378906,303.75,293.5199890136719,295.1700134277344,64666800,287.7510070800781
2022-09-06,295.6600036621094,296.6000061035156,290.8699951171875,293.04998779296875,57005400,285.6842346191406
2022-09-07,293.5400085449219,299.989990234375,293.2699890136719,298.9700012207031,49260400,291.4554748535156
2022-09-08,296.8500061035156,301.8699951171875,295.45001220703125,300.5199890136719,55649800,292.966552734375
2022-09-09,302.8299865722656,307.6000061035156,300.5199890136719,307.0899963378906,56125200,299.37139892578125
2022-09-12,308.5,311.0799865722656,308.17999267578125,310.739990234375,45905700,302.9295654296875
2022-09-13,301.79998779296875,303.0199890136719,292.7900085449219,293.70001220703125,79562200,286.3179931640625
2022-09-14,294.8699951171875,296.92999267578125,293.05999755859375,296.0299987792969,54907200,288.5893249511719
2022-09-15,294.07000732421875,296.5299987792969,289.4599914550781,291.1000061035156,65299400,283.7832946777344
2022-09-16,287.7200012207031,289.7200012207031,285.6199951171875,289.32000732421875,79920400,282.0479736328125
2022-09-19,286.1000061035156,291.2099914550781,286.0400085449219,291.04998779296875,52613800,284.244384765625
2022-09-20,288.489990234375,291.07000732421875,286.3800048828125,288.7300109863281,51271100,281.9786376953125
2022-09-21,289.5899963378906,293.95001220703125,283.4200134277344,283.55999755859375,82931000,276.9295654296875
2022-09-22,282.0,283.0299987792969,278.82000732421875,280.07000732421875,62757100,273.5211486816406
2022-09-23,277.54998779296875,277.8500061035156,272.0199890136719,275.510009765625,74815200,269.06787109375
2022-09-26,275.0299987792969,279.489990234375,273.55999755859375,274.3699951171875,71176700,267.9544677734375
2022-09-27,277.80999755859375,280.2099914550781,272.1099853515625,274.4800109863281,69780100,268.0619201660156
2022-09-28,274.4599914550781,281.25,272.95001220703125,279.94000244140625,79652100,273.3942565917969
2022-09-29,275.8599853515625,276.25,268.8399963378906,271.8699951171875,81216000,265.5129089355469
2022-09-30,271.0299987792969,275.19000244140625,267.1000061035156,267.260009765625,78482400,261.0107116699219
2022-10-03,269.07000732421875,275.1600036621094,267.5299987792969,273.5299987792969,61267400,267.1340637207031
2022-10-04,278.989990234375,282.8500061035156,278.989990234375,282.1300048828125,66696900,275.5330810546875
2022-10-05,278.2799987792969,283.80999755859375,275.4200134277344,281.9800109863281,55766300,275.38653564453125
2022-10-06,280.9599914550781,284.17999267578125,279.42999267578125,279.760009765625,53489400,273.2184753417969
2022-10-07,275.0199890136719,275.1499938964844,267.739990234375,269.1000061035156,71354700,262.8077392578125
2022-10-10,269.29998779296875,269.70001220703125,263.6400146484375,266.4100036621094,60393000,260.1805725097656
2022-10-11,264.70001220703125,267.6300048828125,261.0299987792969,262.75,66522500,256.6061706542969
2022-10-12,263.3999938964844,265.3599853515625,261.95001220703125,262.6600036621094,50580200,256.5182800292969
2022-10-13,255.16000366210938,270.1700134277344,254.25999450683594,268.82000732421875,112894100,262.5343322753906
2022-10-14,271.20001220703125,271.80999755859375,260.1400146484375,260.739990234375,77244300,254.6431884765625
2022-10-17,266.8399963378906,270.239990234375,266.739990234375,269.3500061035156,64576500,263.0518798828125
2022-10-18,276.5299987792969,277.2099914550781,268.739990234375,271.4800109863281,69781000,265.132080078125
2022-10-19,269.92999267578125,273.67999267578125,268.07000732421875,270.489990234375,53115400,264.1651916503906
2022-10-20,269.5799865722656,274.8399963378906,267.9200134277344,269.1099853515625,60605500,262.8174133300781
2022-10-21,267.9800109863281,275.9700012207031,266.82000732421875,275.4200134277344,77897700,268.97991943359375
2022-10-24,275.69000244140625,279.3999938964844,271.9700012207031,278.45001220703125,63963600,271.9391174316406
2022-10-25,279.4100036621094,284.6000061035156,277.8999938964844,284.2099914550781,59014500,277.56439208984375
2022-10-26,278.4599914550781,283.9800109863281,277.42999267578125,277.92999267578125,63492400,271.43121337890625
2022-10-27,276.7900085449219,278.2799987792969,272.3399963378906,272.8699951171875,57760300,266.48956298828125
2022-10-28,272.2300109863281,281.70001220703125,272.05999755859375,281.2200012207031,62651300,274.6443176269531
2022-10-31,278.9200134277344,279.760009765625,275.989990234375,277.95001220703125,47742000,271.4507141113281
2022-11-01,281.5,282.07000732421875,274.739990234375,275.1099853515625,45895900,268.6771545410156
2022-11-02,275.0799865722656,278.2099914550781,265.6099853515625,265.67999267578125,79803100,259.4676818847656
2022-11-03,263.010009765625,264.5,260.1000061035156,260.489990234375,70038900,254.39901733398438
2022-11-04,265.5299987792969,266.6099853515625,259.0799865722656,264.67999267578125,78313200,258.4910888671875
2022-11-07,265.75,268.1400146484375,263.57000732421875,267.5899963378906,47333800,261.3330078125
2022-11-08,269.1400146484375,272.8500061035156,265.5199890136719,269.5400085449219,63213800,263.2374572753906
2022-11-09,267.760009765625,268.55999755859375,263.0299987792969,263.32000732421875,64862100,257.16290283203125
2022-11-10,276.010009765625,283.04998779296875,273.8500061035156,282.75,99256700,276.1385192871094
2022-11-11,282.55999755859375,288.6400146484375,281.19000244140625,287.9599914550781,66961800,281.2266845703125
2022-11-14,285.8599853515625,289.2099914550781,284.44000244140625,285.44000244140625,55290700,278.7656555175781
2022-11-15,292.2099914550781,293.260009765625,285.9700012207031,289.3900146484375,73985400,282.6233825683594
2022-11-16,287.3900146484375,289.4800109863281,284.6000061035156,285.44000244140625,48859800,278.7656555175781
2022-11-17,280.8800048828125,286.32000732421875,280.7200012207031,284.80999755859375,55462100,278.1504211425781
2022-11-18,287.8900146484375,287.989990234375,282.32000732421875,284.82000732421875,53588600,278.16009521484375
2022-11-21,283.3999938964844,284.5799865722656,281.0400085449219,281.8900146484375,40083500,275.29864501953125
2022-11-22,282.6400146484375,286.1099853515625,280.4599914550781,285.95001220703125,41873400,279.2637634277344
2022-11-23,285.9700012207031,289.4599914550781,285.7900085449219,288.82000732421875,46390000,282.0665588378906
2022-11-25,287.19000244140625,287.9100036621094,286.4200134277344,286.9200134277344,15498800,280.21099853515625
2022-11-28,284.8999938964844,286.9599914550781,281.760009765625,282.7099914550781,38714200,276.0994873046875
2022-11-29,282.94000244140625,283.3500061035156,279.1700134277344,280.57000732421875,35618900,274.0095520019531
2022-11-30,280.8399963378906,293.4700012207031,279.9700012207031,293.3599853515625,74718100,286.50042724609375
2022-12-01,293.69000244140625,295.75,290.8800048828125,293.7200012207031,51547300,286.8520202636719
2022-12-02,288.5400085449219,293.45001220703125,288.3599853515625,292.54998779296875,53583200,285.7093811035156
2022-12-05,290.3800048828125,291.67999267578125,286.1499938964844,287.6400146484375,41482100,280.9142150878906
2022-12-06,287.4800109863281,287.6199951171875,280.260009765625,281.67999267578125,53937600,275.0935363769531
2022-12-07,280.4700012207031,282.57000732421875,278.7799987792969,280.5299987792969,45614300,273.9704284667969
2022-12-08,281.9100036621094,284.8399963378906,279.7900085449219,283.8500061035156,42594900,277.2127990722656
2022-12-09,282.80999755859375,285.6400146484375,281.5899963378906,282.0400085449219,47860500,275.445068359375
2022-12-12,282.2200012207031,285.6400146484375,281.1600036621094,285.5799865722656,35732500,278.9023742675781
2022-12-13,296.6499938964844,296.8800048828125,285.9100036621094,288.6499938964844,80667700,281.9005432128906
2022-12-14,288.04998779296875,291.4100036621094,283.19000244140625,286.510009765625,64984400,279.8106689453125
2022-12-15,282.3299865722656,283.010009765625,275.6700134277344,276.8900146484375,60554100,270.41546630859375
2022-12-16,276.20001220703125,277.7699890136719,272.6099853515625,274.25,68300400,267.83721923828125
2022-12-19,273.8699951171875,273.9599914550781,268.489990234375,269.75,44167900,264.07318115234375
2022-12-20,268.55999755859375,271.32000732421875,266.95001220703125,269.5400085449219,51064200,263.86761474609375
2022-12-21,270.6000061035156,274.7799987792969,269.739990234375,273.45001220703125,46394700,267.6952819824219
2022-12-22,270.3800048828125,270.510009765625,262.4599914550781,266.760009765625,60278400,261.1461486816406
2022-12-23,265.4700012207031,268.0400085449219,263.5299987792969,267.3599853515625,39373600,261.7334899902344
2022-12-27,266.739990234375,266.8500061035156,263.0299987792969,263.5799865722656,38009000,258.03302001953125
2022-12-28,263.1700134277344,265.4700012207031,259.7300109863281,260.1000061035156,47139000,254.62631225585938
2022-12-29,262.9599914550781,267.3999938964844,262.25,266.44000244140625,45893600,260.8328857421875
2022-12-30,263.6199951171875,266.4100036621094,262.2900085449219,266.2799987792969,37858300,260.6762390136719
2023-01-03,268.6499938964844,270.1499938964844,262.1300048828125,264.4800109863281,42335300,258.91412353515625
2023-01-04,266.6400146484375,267.45001220703125,262.5299987792969,265.739990234375,47754900,260.1476135253906
2023-01-05,264.0400085449219,264.2099914550781,261.260009765625,261.5799865722656,45396700,256.07513427734375
2023-01-06,263.3500061035156,269.94000244140625,260.3399963378906,268.79998779296875,54659700,263.1431579589844
2023-01-09,270.8299865722656,275.2900085449219,269.9200134277344,270.5400085449219,45568700,264.8465576171875
2023-01-10,269.489990234375,272.94000244140625,268.9700012207031,272.8299865722656,35247800,267.08837890625
2023-01-11,273.9200134277344,277.6600036621094,273.1199951171875,277.54998779296875,44077000,271.70904541015625
2023-01-12,278.1199951171875,280.1000061035156,273.739990234375,279.04998779296875,60600000,273.1774597167969
2023-01-13,276.5,281.2200012207031,276.1600036621094,280.9700012207031,44802900,275.05706787109375
2023-01-17,280.7699890136719,282.8500061035156,279.5799865722656,281.5400085449219,36269700,275.6151428222656
2023-01-18,283.1099853515625,284.69000244140625,277.6700134277344,277.8800048828125,47754500,272.0321350097656
2023-01-19,276.2200012207031,277.3800048828125,273.8900146484375,275.1499938964844,44150400,269.3595886230469
2023-01-20,276.7900085449219,283.0199890136719,275.7099914550781,282.67999267578125,60613600,276.73114013671875
2023-01-23,283.5400085449219,290.2099914550781,282.7300109863281,288.9599914550781,52799900,282.8789367675781
2023-01-24,287.30999755859375,289.54998779296875,286.7799987792969,288.3699951171875,44875100,282.3013000488281
2023-01-25,283.7699890136719,288.3599853515625,281.17999267578125,287.7300109863281,50872000,281.6748352050781
2023-01-26,291.2200012207031,293.5199890136719,288.5199890136719,293.3399963378906,51596300,287.16668701171875
2023-01-27,292.0,298.260009765625,291.8800048828125,296.260009765625,56441900,290.0252990722656
2023-01-30,292.92999267578125,294.3800048828125,289.8900146484375,290.2699890136719,49405800,284.16131591796875
2023-01-31,290.30999755859375,294.7200012207031,290.20001220703125,294.6199951171875,46705100,288.4197692871094
2023-02-01,294.4100036621094,303.42999267578125,292.29998779296875,300.9200134277344,67562200,294.5872802734375
2023-02-02,307.57000732421875,313.67999267578125,306.7300109863281,311.7200012207031,83070600,305.1599426269531
2023-02-03,304.94000244140625,312.3900146484375,304.5400085449219,306.17999267578125,76170800,299.7364807128906
2023-02-06,303.510009765625,305.9100036621094,302.2200012207031,303.5899963378906,40802300,297.2010803222656
2023-02-07,303.4599914550781,311.0299987792969,302.32000732421875,309.8800048828125,67584000,303.3586730957031
2023-02-08,308.5400085449219,309.5,303.6700134277344,304.3699951171875,56720900,297.9645690917969
2023-02-09,308.8399963378906,308.989990234375,300.20001220703125,301.67999267578125,49137800,295.3312683105469
2023-02-10,299.4800109863281,301.57000732421875,297.25,299.70001220703125,50050100,293.3929748535156
2023-02-13,301.1300048828125,305.1000061035156,299.92999267578125,304.5,39636700,298.0919189453125
2023-02-14,302.8900146484375,307.7200012207031,300.9100036621094,306.75,64079100,300.2945861816406
2023-02-15,304.8999938964844,309.2699890136719,304.20001220703125,309.1000061035156,43100600,302.5950927734375
2023-02-16,304.3800048828125,308.42999267578125,303.1499938964844,303.29998779296875,59498600,296.9171447753906
2023-02-17,301.07000732421875,301.92999267578125,298.1000061035156,301.1600036621094,58230700,294.8221435546875
2023-02-21,297.260009765625,298.7300109863281,293.8900146484375,294.0299987792969,46526700,287.84222412109375
2023-02-22,294.6199951171875,296.3599853515625,292.55999755859375,294.25,51389200,288.0576477050781
2023-02-23,297.9700012207031,298.1300048828125,292.54998779296875,296.82000732421875,69294400,290.5735168457031
2023-02-24,291.760009765625,292.9700012207031,290.04998779296875,291.8500061035156,74332000,285.7081298828125
2023-02-27,295.07000732421875,296.489990234375,293.3399963378906,293.94000244140625,48995000,287.754150390625
2023-02-28,293.29998779296875,296.1199951171875,292.9599914550781,293.55999755859375,48243100,287.38214111328125
2023-03-01,293.260009765625,293.92999267578125,290.20001220703125,291.20001220703125,58287000,285.07177734375
2023-03-02,288.6600036621094,294.42999267578125,288.3699951171875,293.6099853515625,53565900,287.4311218261719
2023-03-03,295.3900146484375,299.9200134277344,294.8699951171875,299.67999267578125,60511500,293.3733825683594
2023-03-06,300.94000244140625,304.0,299.82000732421875,300.0199890136719,56736300,293.70611572265625
2023-03-07,300.07000732421875,301.010009765625,295.7200012207031,296.3399963378906,65955800,290.1036071777344
2023-03-08,296.7699890136719,298.42999267578125,294.8800048828125,297.82000732421875,50876300,291.5525207519531
2023-03-09,298.3299865722656,300.9800109863281,291.8299865722656,292.6600036621094,71456700,286.5010986328125
2023-03-10,292.8299865722656,294.3500061035156,287.3800048828125,288.54998779296875,98593600,282.4775695800781
2023-03-13,286.7300109863281,294.4700012207031,285.19000244140625,290.69000244140625,97123600,284.5725402832031
2023-03-14,294.30999755859375,297.92999267578125,293.45001220703125,297.3699951171875,73602500,291.1119689941406
2023-03-15,294.7099914550781,299.2699890136719,293.239990234375,298.92999267578125,83631500,292.63909912109375
2023-03-16,298.0,307.17999267578125,297.19000244140625,306.80999755859375,98198100,300.3532409667969
2023-03-17,306.7200012207031,309.1499938964844,303.3699951171875,305.3599853515625,89923700,298.9338073730469
2023-03-20,304.260009765625,306.29998779296875,302.010009765625,305.9700012207031,56359500,299.99468994140625
2023-03-21,307.94000244140625,310.79998779296875,306.3999938964844,310.3399963378906,49757000,304.27935791015625
2023-03-22,310.2699890136719,315.25,305.95001220703125,306.1199951171875,75791900,300.1417236328125
2023-03-23,309.9200134277344,314.1499938964844,307.010009765625,309.75,74576000,303.7008361816406
2023-03-24,309.32000732421875,310.989990234375,306.95001220703125,310.8900146484375,57195200,304.8185729980469
2023-03-27,311.6000061035156,312.70001220703125,307.8900146484375,308.760009765625,50287400,302.7301940917969
2023-03-28,308.1700134277344,308.20001220703125,304.7699890136719,307.1199951171875,48585900,301.1222229003906
2023-03-29,310.8800048828125,313.3500061035156,310.04998779296875,312.7200012207031,53274300,306.61285400390625
2023-03-30,315.239990234375,316.32000732421875,312.80999755859375,315.67999267578125,58354800,309.51507568359375
2023-03-31,315.9100036621094,321.1700134277344,315.6000061035156,320.92999267578125,62138100,314.6625061035156
2023-04-03,318.7699890136719,320.4200134277344,317.4200134277344,320.1499938964844,47126800,313.897705078125
2023-04-04,320.6000061035156,321.6300048828125,317.8299865722656,319.07000732421875,45875400,312.8388977050781
2023-04-05,318.1000061035156,319.05999755859375,314.07000732421875,315.9200134277344,62795700,309.7503967285156
2023-04-06,314.239990234375,318.54998779296875,312.82000732421875,318.04998779296875,46916500,311.8387145996094
2023-04-10,315.07000732421875,317.9200134277344,313.25,317.8699951171875,45134700,311.6622619628906
2023-04-11,317.8299865722656,317.8900146484375,315.30999755859375,315.8299865722656,40113600,309.662109375
2023-04-12,317.82000732421875,318.4200134277344,312.57000732421875,313.0400085449219,62813300,306.9266052246094
2023-04-13,314.8299865722656,319.6499938964844,313.6300048828125,319.1700134277344,54613800,312.9368591308594
2023-04-14,317.5899963378906,320.3599853515625,315.6099853515625,318.57000732421875,56278300,312.3486328125
2023-04-17,318.1499938964844,319.20001220703125,316.0400085449219,318.8399963378906,43007000,312.61334228515625
2023-04-18,320.989990234375,321.4200134277344,317.6400146484375,318.8599853515625,46746900,312.63287353515625
2023-04-19,316.4100036621094,319.7900085449219,316.2799987792969,318.7099914550781,38960100,312.4858703613281
2023-04-20,315.69000244140625,319.2699890136719,314.9700012207031,316.2799987792969,62462100,310.10333251953125
2023-04-21,315.9100036621094,317.3999938964844,314.1000061035156,316.6099853515625,59002300,310.4268798828125
2023-04-24,316.3800048828125,317.739990234375,313.739990234375,315.95001220703125,44043100,309.7797546386719
2023-04-25,314.2900085449219,314.9700012207031,309.8900146484375,309.989990234375,57121600,303.9361877441406
2023-04-26,313.44000244140625,314.94000244140625,311.3399963378906,311.8699951171875,55400500,305.77947998046875
2023-04-27,315.70001220703125,320.8599853515625,315.04998779296875,320.3500061035156,65430400,314.09381103515625
2023-04-28,320.1099853515625,322.6499938964844,318.9599914550781,322.55999755859375,59712600,316.2606506347656
2023-05-01,322.0899963378906,323.6300048828125,321.0899963378906,322.19000244140625,41013400,315.89788818359375
2023-05-02,322.1199951171875,322.45001220703125,317.6099853515625,319.3800048828125,56519400,313.1427917480469
2023-05-03,319.75,322.4700012207031,317.17999267578125,317.2900085449219,59882100,311.0936279296875
2023-05-04,317.05999755859375,318.2300109863281,315.1199951171875,316.1700134277344,50224500,309.9954528808594
2023-05-05,318.4700012207031,323.760009765625,316.2099914550781,322.8900146484375,51806100,316.58428955078125
2023-05-08,322.4200134277344,324.0400085449219,321.32000732421875,323.69000244140625,36465800,317.3686218261719
2023-05-09,322.0,322.8800048828125,321.32000732421875,321.6400146484375,31768800,315.3586730957031
2023-05-10,324.1199951171875,326.010009765625,321.6000061035156,325.1400146484375,60446600,318.79034423828125
2023-05-11,325.70001220703125,326.75,324.1199951171875,326.20001220703125,44278500,319.8296203613281
2023-05-12,326.739990234375,327.1700134277344,322.94000244140625,325.0299987792969,48432800,318.682373046875
2023-05-15,325.510009765625,327.0299987792969,323.9599914550781,326.7900085449219,33375600,320.4080810546875
2023-05-16,326.05999755859375,328.8999938964844,326.0199890136719,327.1600036621094,40019200,320.7708435058594
2023-05-17,328.239990234375,331.7099914550781,327.0400085449219,331.1199951171875,47486100,324.65350341796875
2023-05-18,331.5199890136719,337.489990234375,331.5,337.2699890136719,64213500,330.6834411621094
2023-05-19,337.489990234375,338.2099914550781,335.42999267578125,336.510009765625,61554900,329.9383239746094
2023-05-22,336.25,338.6700134277344,336.239990234375,337.6400146484375,43015900,331.04620361328125
2023-05-23,335.8900146484375,337.05999755859375,333.0,333.3599853515625,48216700,326.84979248046875
2023-05-24,331.3699951171875,332.9100036621094,329.55999755859375,331.6499938964844,62891200,325.1731262207031
2023-05-25,339.1400146484375,341.010009765625,336.6700134277344,339.7200012207031,66862800,333.0855712890625
2023-05-26,340.760009765625,349.25,340.6600036621094,348.3999938964844,63007000,341.5960693359375
2023-05-30,352.7099914550781,353.92999267578125,348.5299987792969,349.9800109863281,72652200,343.14520263671875
2023-05-31,348.3699951171875,350.6000061035156,346.510009765625,347.989990234375,65105400,341.1940612792969
2023-06-01,347.7300109863281,353.3599853515625,346.6600036621094,352.010009765625,50488600,345.1355895996094
2023-06-02,353.79998779296875,355.8299865722656,352.010009765625,354.6499938964844,53372100,347.72393798828125
2023-06-05,354.42999267578125,357.5,353.8500061035156,354.8999938964844,47266200,347.9691162109375
2023-06-06,354.2799987792969,355.82000732421875,352.92999267578125,354.8399963378906,41390400,347.9103088378906
2023-06-07,355.1300048828125,357.1199951171875,348.17999267578125,348.82000732421875,69225900,342.0078430175781
2023-06-08,349.1199951171875,353.6199951171875,348.8900146484375,353.1499938964844,47153900,346.2532653808594
2023-06-09,354.6300048828125,357.6600036621094,353.0299987792969,354.5,53196900,347.576904296875
2023-06-12,356.19000244140625,360.5899963378906,355.20001220703125,360.489990234375,44606500,353.449951171875
2023-06-13,363.2900085449219,364.1099853515625,360.0299987792969,363.260009765625,57097800,356.1658935546875
2023-06-14,363.2699890136719,366.19000244140625,360.4200134277344,365.8999938964844,69525600,358.7542724609375
2023-06-15,364.6099853515625,371.7699890136719,363.9800109863281,370.260009765625,71138800,363.0290832519531
2023-06-16,372.7200012207031,372.8500061035156,367.4800109863281,367.92999267578125,80932000,360.74462890625
2023-06-20,365.95001220703125,368.32000732421875,363.8900146484375,366.8999938964844,49204700,360.2282409667969
2023-06-21,365.739990234375,366.17999267578125,360.9599914550781,361.8999938964844,53378300,355.31915283203125
2023-06-22,360.6300048828125,366.3299865722656,360.2200012207031,366.1700134277344,47603000,359.5115051269531
2023-06-23,362.2099914550781,364.8800048828125,360.82000732421875,362.5400085449219,48922900,355.947509765625
2023-06-26,362.0,364.8399963378906,357.5899963378906,357.67999267578125,52685500,351.1759033203125
2023-06-27,359.25,364.57000732421875,358.510009765625,363.8299865722656,49428100,357.2140197753906
2023-06-28,361.9800109863281,366.5199890136719,361.8999938964844,364.5400085449219,46498000,357.91119384765625
2023-06-29,364.239990234375,364.8900146484375,362.1400146484375,363.80999755859375,46151000,357.1943664550781
2023-06-30,367.54998779296875,370.489990234375,367.2300109863281,369.4200134277344,58712500,362.7024230957031
2023-07-03,370.07000732421875,370.92999267578125,368.9700012207031,370.2900085449219,19432900,363.55657958984375
2023-07-05,368.70001220703125,372.010009765625,368.6600036621094,370.2799987792969,34460900,363.5467224121094
2023-07-06,366.510009765625,367.9100036621094,364.5199890136719,367.4599914550781,49374700,360.77801513671875
2023-07-07,367.2300109863281,370.4800109863281,366.010009765625,366.239990234375,47133700,359.5801696777344
2023-07-10,365.9599914550781,367.04998779296875,363.4100036621094,366.3599853515625,48498800,359.697998046875
2023-07-11,366.7900085449219,368.6300048828125,364.6199951171875,368.1700134277344,38214100,361.4751281738281
2023-07-12,372.3399963378906,374.19000244140625,370.29998779296875,372.82000732421875,61975400,366.04058837890625
2023-07-13,376.04998779296875,379.989990234375,375.4599914550781,379.1499938964844,46960000,372.25543212890625
2023-07-14,379.5899963378906,382.8599853515625,378.17999267578125,379.07000732421875,55148500,372.1769104003906
2023-07-17,379.79998779296875,383.5,379.30999755859375,382.6099853515625,40868900,375.65252685546875
2023-07-18,381.9599914550781,387.1300048828125,380.0,385.739990234375,55262000,378.7255859375
2023-07-19,386.82000732421875,387.9800109863281,384.29998779296875,385.6499938964844,54093000,378.63720703125
2023-07-20,382.6099853515625,384.1000061035156,375.7200012207031,376.760009765625,71941700,369.90887451171875
2023-07-21,379.17999267578125,379.9200134277344,375.19000244140625,375.6300048828125,60499600,368.79937744140625
2023-07-24,376.6199951171875,377.5799865722656,374.3399963378906,376.2300109863281,40380100,369.3885498046875
2023-07-25,376.95001220703125,380.4700012207031,376.92999267578125,378.7799987792969,38894400,371.8921813964844
2023-07-26,377.7200012207031,379.239990234375,375.17999267578125,377.5199890136719,47075700,370.6551513671875
2023-07-27,383.07000732421875,384.7099914550781,375.30999755859375,376.6199951171875,63940200,369.77142333984375
2023-07-28,380.739990234375,384.5199890136719,380.2200012207031,383.4800109863281,56902900,376.5067138671875
2023-07-31,383.7900085449219,384.8800048828125,382.3399963378906,383.67999267578125,44019900,376.70306396484375
2023-08-01,382.30999755859375,383.55999755859375,380.69000244140625,382.7900085449219,41060600,375.8292541503906
2023-08-02,379.260009765625,379.260009765625,373.1300048828125,374.3900146484375,72687100,367.5820007324219
2023-08-03,371.94000244140625,375.95001220703125,371.7699890136719,373.7900085449219,47666400,366.992919921875
2023-08-04,375.75,378.1000061035156,371.5299987792969,372.0400085449219,61702800,365.27471923828125
2023-08-07,373.8800048828125,375.2900085449219,371.510009765625,375.19000244140625,37230400,368.3674621582031
2023-08-08,372.6400146484375,372.6600036621094,368.82000732421875,372.0,44726500,365.2354736328125
2023-08-09,372.2900085449219,372.45001220703125,367.1400146484375,367.9100036621094,51150900,361.2198791503906
2023-08-10,370.9700012207031,374.3599853515625,367.0400085449219,368.5899963378906,72035300,361.8874816894531
2023-08-11,365.989990234375,368.0,364.69000244140625,366.239990234375,48707200,359.5801696777344
2023-08-14,365.42999267578125,370.4700012207031,364.70001220703125,370.3500061035156,42130800,363.61553955078125
2023-08-15,369.3599853515625,370.1700134277344,365.739990234375,366.4200134277344,45539900,359.7569580078125
2023-08-16,365.8699951171875,367.42999267578125,362.44000244140625,362.5400085449219,53190500,355.947509765625
2023-08-17,363.9599914550781,364.30999755859375,358.1600036621094,358.5799865722656,62604300,352.05950927734375
2023-08-18,355.260009765625,359.4100036621094,354.7099914550781,358.1300048828125,61191400,351.61767578125
2023-08-21,359.6199951171875,364.5899963378906,359.1499938964844,363.8999938964844,50696500,357.28277587890625
2023-08-22,366.54998779296875,366.55999755859375,362.67999267578125,363.3800048828125,44530200,356.772216796875
2023-08-23,364.5799865722656,370.2200012207031,364.3599853515625,369.1099853515625,51770600,362.39801025390625
2023-08-24,372.6400146484375,372.739990234375,361.010009765625,361.2200012207031,66842500,354.6515197753906
2023-08-25,362.07000732421875,365.739990234375,358.5799865722656,364.0199890136719,69960500,357.4006042480469
2023-08-28,366.989990234375,367.7099914550781,364.25,366.760009765625,40910000,360.0908203125
2023-08-29,366.55999755859375,375.1300048828125,366.2300109863281,374.7699890136719,58492400,367.955078125
2023-08-30,374.8800048828125,377.45001220703125,373.8599853515625,376.8599853515625,41731500,370.0070495605469
2023-08-31,376.94000244140625,379.7200012207031,376.8699951171875,377.989990234375,35730700,371.1165771484375
2023-09-01,380.3999938964844,380.8299865722656,376.0799865722656,377.5899963378906,39801200,370.72381591796875
2023-09-05,376.7699890136719,379.30999755859375,375.8299865722656,378.07000732421875,32344200,371.19512939453125
2023-09-06,377.2799987792969,377.6300048828125,372.70001220703125,374.739990234375,42998700,367.9256286621094
2023-09-07,370.2099914550781,372.8500061035156,369.1499938964844,372.05999755859375,52060700,365.2944030761719
2023-09-08,372.010009765625,374.8500061035156,371.6000061035156,372.5799865722656,35800100,365.804931640625
2023-09-11,375.6600036621094,377.489990234375,373.6600036621094,376.9700012207031,39936600,370.11505126953125
2023-09-12,375.2699890136719,376.95001220703125,372.5,372.7900085449219,41391000,366.0111083984375
2023-09-13,373.0299987792969,375.8399963378906,371.8800048828125,374.2099914550781,46300700,367.4053039550781
2023-09-14,375.989990234375,378.2699890136719,373.8900146484375,377.2699890136719,48039400,370.4096374511719
2023-09-15,375.9100036621094,376.32000732421875,369.8599853515625,370.80999755859375,69811200,364.067138671875
2023-09-18,369.32000732421875,371.7900085449219,369.0299987792969,370.6600036621094,36903500,364.4466247558594
2023-09-19,369.32000732421875,370.67999267578125,366.79998779296875,369.8699951171875,37621700,363.6698913574219
2023-09-20,370.95001220703125,371.30999755859375,364.4599914550781,364.5400085449219,45514200,358.42926025390625
2023-09-21,360.79998779296875,361.6000061035156,357.69000244140625,357.8599853515625,69734800,351.8612060546875
2023-09-22,359.6300048828125,361.79998779296875,357.5899963378906,357.9100036621094,51589700,351.910400390625
2023-09-25,356.92999267578125,359.70001220703125,355.92999267578125,359.6099853515625,39168000,353.5818786621094
2023-09-26,356.989990234375,357.5400085449219,353.2099914550781,354.2099914550781,53657700,348.27239990234375
2023-09-27,355.3800048828125,356.9800109863281,351.3599853515625,355.0400085449219,56066000,349.0884704589844
2023-09-28,354.1099853515625,360.1700134277344,353.239990234375,358.010009765625,56453300,352.0086975097656
2023-09-29,361.5400085449219,362.95001220703125,357.0199890136719,358.2699890136719,64829600,352.2643127441406
2023-10-02,358.5400085449219,362.67999267578125,357.9200134277344,361.260009765625,51625100,355.2042236328125
2023-10-03,358.7799987792969,361.010009765625,353.2799987792969,354.9200134277344,60478500,348.97052001953125
2023-10-04,355.7699890136719,360.6099853515625,355.29998779296875,359.75,54786700,353.719482421875
2023-10-05,359.739990234375,360.1499938964844,355.1400146484375,358.69000244140625,45897400,352.67724609375
2023-10-06,355.6499938964844,365.9100036621094,354.8500061035156,364.70001220703125,75049100,358.58648681640625
2023-10-09,362.29998779296875,367.1099853515625,360.7799987792969,366.55999755859375,45304800,360.4153747558594
2023-10-10,366.8999938964844,371.2799987792969,366.3900146484375,368.5899963378906,46968800,362.4113464355469
2023-10-11,369.94000244140625,371.4100036621094,368.19000244140625,371.2200012207031,38215100,364.99725341796875
2023-10-12,371.7300109863281,373.739990234375,367.5,369.92999267578125,49587900,363.7289123535156
2023-10-13,370.57000732421875,371.1600036621094,363.8599853515625,365.2799987792969,52469900,359.1568298339844
2023-10-16,366.6199951171875,370.4800109863281,366.4700012207031,369.4100036621094,44201100,363.21759033203125
2023-10-17,365.80999755859375,369.9200134277344,363.6600036621094,368.20001220703125,50999100,362.02789306640625
2023-10-18,365.6700134277344,367.9100036621094,362.0199890136719,363.3699951171875,54280500,357.2788391113281
2023-10-19,364.80999755859375,366.0199890136719,359.1600036621094,359.9700012207031,72274200,353.9358215332031
2023-10-20,359.4599914550781,360.0400085449219,354.3699951171875,354.6000061035156,72559700,348.6558837890625
2023-10-23,353.260009765625,359.260009765625,351.1199951171875,355.6700134277344,60665200,349.7078857421875
2023-10-24,357.510009765625,359.9100036621094,355.7900085449219,359.1300048828125,47082100,353.1098937988281
2023-10-25,356.70001220703125,356.8800048828125,349.75,350.3399963378906,71190500,344.4672546386719
2023-10-26,349.1199951171875,350.07000732421875,342.3500061035156,343.6600036621094,78621400,337.89923095703125
2023-10-27,346.42999267578125,348.8399963378906,344.0799865722656,345.30999755859375,63476700,339.5216369628906
2023-10-30,347.8299865722656,350.5400085449219,346.45001220703125,349.20001220703125,55298500,343.34637451171875
2023-10-31,349.2300109863281,351.25,346.6199951171875,350.8699951171875,47671900,344.9883728027344
2023-11-01,351.7200012207031,357.5299987792969,351.6199951171875,356.9599914550781,58992700,350.976318359375
2023-11-02,361.5400085449219,363.67999267578125,360.29998779296875,363.44000244140625,58162400,357.3476867675781
2023-11-03,364.75,369.0199890136719,364.5199890136719,367.7099914550781,53280500,361.54608154296875
2023-11-06,368.489990234375,369.7799987792969,366.9100036621094,369.2099914550781,38848700,363.0209655761719
2023-11-07,370.2699890136719,373.5799865722656,369.04998779296875,372.70001220703125,50777400,366.45245361328125
2023-11-08,373.0799865722656,373.7900085449219,370.6199951171875,372.94000244140625,35663400,366.6884460449219
2023-11-09,373.6400146484375,374.79998779296875,369.57000732421875,370.07000732421875,53859400,363.86651611328125
2023-11-10,371.82000732421875,378.5400085449219,371.2799987792969,378.3900146484375,58309800,372.04705810546875
2023-11-13,376.7900085449219,378.2799987792969,375.239990234375,377.2099914550781,40733500,370.8868408203125
2023-11-14,383.7099914550781,386.260009765625,383.17999267578125,385.3299865722656,67792600,378.8706970214844
2023-11-15,387.25,387.75,384.239990234375,385.6199951171875,54141400,379.1558532714844
2023-11-16,384.8399963378906,386.19000244140625,383.55999755859375,385.95001220703125,45343500,379.4803161621094
2023-11-17,385.2099914550781,387.07000732421875,384.2900085449219,386.0400085449219,46571900,379.5688171386719
2023-11-20,386.04998779296875,391.4100036621094,386.04998779296875,390.739990234375,44429600,384.19000244140625
2023-11-21,389.010009765625,389.2300109863281,386.70001220703125,388.4700012207031,43337000,381.9581298828125
2023-11-22,390.57000732421875,393.07000732421875,389.0400085449219,390.05999755859375,44121000,383.5213928222656
2023-11-24,389.6499938964844,390.25,388.5,389.510009765625,15718800,382.9806823730469
2023-11-27,389.010009765625,391.1499938964844,388.2799987792969,389.1700134277344,34139700,382.6463623046875
2023-11-28,388.4100036621094,390.7799987792969,388.04998779296875,390.19000244140625,35491100,383.6493225097656
2023-11-29,392.69000244140625,394.1400146484375,389.4599914550781,389.80999755859375,38811700,383.2756042480469
2023-11-30,390.0799865722656,390.54998779296875,385.82000732421875,388.8299865722656,52834400,382.3120422363281
2023-12-01,387.75,390.5400085449219,386.07000732421875,389.94000244140625,40490100,383.4034423828125
2023-12-04,386.0899963378906,386.6000061035156,382.6600036621094,386.32000732421875,51186900,379.8441467285156
2023-12-05,384.3900146484375,388.5,384.2099914550781,387.2900085449219,42933000,380.7978820800781
2023-12-06,390.2699890136719,390.3699951171875,384.70001220703125,385.04998779296875,41994100,378.5954284667969
2023-12-07,388.07000732421875,391.2699890136719,386.9599914550781,390.42999267578125,49593500,383.88519287109375
2023-12-08,388.6700134277344,392.6199951171875,388.4800109863281,392.1700134277344,46687500,385.59613037109375
2023-12-11,391.739990234375,395.7900085449219,391.5299987792969,395.5199890136719,41198000,388.889892578125
2023-12-12,395.55999755859375,398.7900085449219,394.4100036621094,398.6700134277344,39221200,391.9871826171875
2023-12-13,399.6199951171875,404.3599853515625,398.8399963378906,403.739990234375,55408100,396.97210693359375
2023-12-14,404.9800109863281,406.29998779296875,400.3399963378906,403.3900146484375,55447800,396.6280212402344
2023-12-15,404.17999267578125,406.5400085449219,403.57000732421875,405.3399963378906,62896600,398.5453186035156
2023-12-18,404.92999267578125,407.989990234375,404.6000061035156,407.0799865722656,46610000,401.05560302734375
2023-12-19,407.5400085449219,409.2799987792969,407.3500061035156,409.1600036621094,35711900,403.10479736328125
2023-12-20,408.3500061035156,410.4700012207031,402.8999938964844,403.0799865722656,54042400,397.11480712890625
2023-12-21,407.05999755859375,408.1400146484375,404.4700012207031,407.7699890136719,45568900,401.7353820800781
2023-12-22,409.0,409.9700012207031,406.4800109863281,408.3800048828125,34314000,402.33636474609375
2023-12-26,409.25,411.55999755859375,409.1499938964844,410.8800048828125,22722500,404.7993469238281
2023-12-27,410.95001220703125,411.7900085449219,410.0799865722656,411.5,31980500,405.6234130859375
2023-12-28,412.6700134277344,412.9200134277344,410.94000244140625,411.29998779296875,27029200,405.42626953125
2023-12-29,411.2799987792969,411.6400146484375,407.5799865722656,409.5199890136719,42662100,403.6717224121094
2024-01-02,405.8399963378906,406.0899963378906,400.239990234375,402.5899963378906,58026900,396.8406982421875
2024-01-03,399.92999267578125,401.0,397.8900146484375,398.3299865722656,47002800,392.64154052734375
2024-01-04,396.44000244140625,399.5899963378906,396.05999755859375,396.2799987792969,39432800,390.6207580566406
2024-01-05,396.45001220703125,399.55999755859375,395.3399963378906,396.75,44922800,391.0841064453125
2024-01-08,397.989990234375,405.239990234375,397.8399963378906,404.95001220703125,42473800,399.1669616699219
2024-01-09,401.9100036621094,406.69000244140625,401.7099914550781,405.75,39132900,399.9555969238281
2024-01-10,406.07000732421875,409.5199890136719,405.1700134277344,408.5,33962800,402.666259765625
2024-01-11,409.7900085449219,411.20001220703125,404.239990234375,409.3500061035156,54536200,403.5041198730469
2024-01-12,410.3999938964844,411.25,408.1499938964844,409.55999755859375,39595000,403.7111511230469
2024-01-16,408.30999755859375,411.1199951171875,406.8299865722656,409.5199890136719,43903000,403.6717224121094
2024-01-17,406.1700134277344,407.5899963378906,402.9200134277344,407.2099914550781,54386000,401.3946838378906
2024-01-18,410.5199890136719,413.5799865722656,409.1600036621094,412.989990234375,59562500,407.09210205078125
2024-01-19,415.2200012207031,421.3399963378906,414.6300048828125,421.17999267578125,70325100,415.1651611328125
2024-01-22,423.4100036621094,424.7300109863281,421.1199951171875,421.7300109863281,44880600,415.7073669433594
2024-01-23,422.42999267578125,423.70001220703125,420.57000732421875,423.4800109863281,33003800,417.4323425292969
2024-01-24,427.44000244140625,429.8500061035156,425.3299865722656,425.8299865722656,46948000,419.7488098144531
2024-01-25,428.3599853515625,429.0400085449219,423.9800109863281,426.3500061035156,44367200,420.2613830566406
2024-01-26,424.44000244140625,426.2099914550781,423.1499938964844,423.80999755859375,37137000,417.7575988769531
2024-01-29,424.2699890136719,428.3500061035156,423.6099853515625,428.1499938964844,38694700,422.03564453125
2024-01-30,427.1000061035156,427.67999267578125,424.3800048828125,425.29998779296875,36739000,419.2264099121094
2024-01-31,420.8500061035156,422.8699951171875,416.7900085449219,416.9700012207031,64010600,411.0153503417969
2024-02-01,418.7900085449219,422.3800048828125,417.80999755859375,421.8800048828125,51008600,415.85516357421875
2024-02-02,423.79998779296875,430.239990234375,422.7900085449219,429.010009765625,59602400,422.8833923339844
2024-02-05,429.07000732421875,429.6099853515625,425.0,428.45001220703125,39889200,422.3314208984375
2024-02-06,429.6099853515625,430.2200012207031,425.2200012207031,427.5899963378906,35846100,421.4836120605469
2024-02-07,430.4100036621094,432.8299865722656,429.0899963378906,431.989990234375,37712700,425.8208312988281
2024-02-08,432.1099853515625,433.55999755859375,431.4200134277344,432.7900085449219,29889900,426.60943603515625
2024-02-09,433.94000244140625,437.8500061035156,433.1400146484375,437.04998779296875,36943900,430.80853271484375
2024-02-12,436.94000244140625,439.1400146484375,434.6499938964844,435.3399963378906,33203300,429.1229553222656
2024-02-13,427.2799987792969,431.2699890136719,425.3299865722656,428.54998779296875,64491700,422.429931640625
2024-02-14,431.260009765625,433.6499938964844,428.8800048828125,433.2200012207031,45092700,427.0332336425781
2024-02-15,433.9200134277344,434.9800109863281,431.3299865722656,434.510009765625,38796100,428.3048400878906
2024-02-16,434.8900146484375,434.989990234375,429.8500061035156,430.57000732421875,53716500,424.4211120605469
2024-02-20,428.54998779296875,430.0799865722656,423.5,427.32000732421875,53999500,421.2174987792969
2024-02-21,424.54998779296875,425.70001220703125,421.6300048828125,425.6099853515625,49779000,419.53192138671875
2024-02-22,434.489990234375,439.1199951171875,433.7099914550781,438.07000732421875,53887800,431.8139953613281
2024-02-23,439.6499938964844,440.5899963378906,435.7900085449219,436.7799987792969,39853900,430.5424499511719
2024-02-26,437.6000061035156,438.6000061035156,436.3599853515625,436.54998779296875,33043200,430.3156433105469
2024-02-27,437.6700134277344,437.989990234375,435.0299987792969,437.6000061035156,33713200,431.3506774902344
2024-02-28,435.42999267578125,436.6700134277344,434.29998779296875,435.2699890136719,32938800,429.05401611328125
2024-02-29,438.2300109863281,440.0899963378906,435.0199890136719,439.0,42495200,432.7306823730469
2024-03-01,439.8999938964844,446.5799865722656,439.8399963378906,445.6099853515625,43853000,439.2463073730469
2024-03-04,445.6099853515625,446.0400085449219,443.7699890136719,444.0199890136719,34325700,437.67901611328125
2024-03-05,440.94000244140625,440.95001220703125,433.6499938964844,436.04998779296875,57917100,429.8228454589844
2024-03-06,440.32000732421875,441.989990234375,436.8900146484375,438.7900085449219,46234500,432.52374267578125
2024-03-07,442.4200134277344,446.7200012207031,440.8599853515625,445.45001220703125,44526700,439.0885925292969
2024-03-08,445.80999755859375,448.6400146484375,438.3399963378906,439.0199890136719,72096000,432.75042724609375
2024-03-11,437.510009765625,438.6600036621094,435.44000244140625,437.3900146484375,45860000,431.1436767578125
2024-03-12,439.7300109863281,444.0199890136719,436.4599914550781,443.6600036621094,55300900,437.32415771484375
2024-03-13,442.6499938964844,442.6700134277344,439.1199951171875,440.25,37928700,433.96282958984375
2024-03-14,441.5,442.0299987792969,436.3900146484375,439.1400146484375,52195200,432.8686828613281
2024-03-15,436.07000732421875,438.8699951171875,432.739990234375,433.9200134277344,73069800,427.7232666015625
2024-03-18,438.7300109863281,441.0400085449219,437.239990234375,437.4800109863281,47323800,431.8026123046875
2024-03-19,435.45001220703125,438.9800109863281,433.3299865722656,438.57000732421875,43004100,432.8785095214844
2024-03-20,439.7799987792969,444.1099853515625,438.05999755859375,443.7699890136719,43653500,438.010986328125
2024-03-21,448.8800048828125,449.3399963378906,445.6700134277344,445.8699951171875,39345700,440.0837707519531
2024-03-22,445.3500061035156,447.489990234375,444.489990234375,446.3800048828125,28253900,440.5871276855469
2024-03-25,443.54998779296875,446.260009765625,442.5400085449219,444.760009765625,27789200,438.9881591796875
2024-03-26,446.29998779296875,447.2300109863281,443.0899963378906,443.32000732421875,34142000,437.56683349609375
2024-03-27,446.44000244140625,446.5400085449219,441.92999267578125,444.8299865722656,41359200,439.05718994140625
2024-03-28,444.7799987792969,445.6400146484375,443.6499938964844,444.010009765625,36839600,438.2479248046875
2024-04-01,444.9700012207031,447.5299987792969,443.0199890136719,444.95001220703125,38729000,439.17572021484375
2024-04-02,440.0799865722656,441.42999267578125,438.0299987792969,441.1099853515625,44259700,435.3855895996094
2024-04-03,438.9599914550781,444.0,438.95001220703125,442.1000061035156,39949800,436.3626403808594
2024-04-04,446.3299865722656,446.95001220703125,435.1099853515625,435.3399963378906,57267700,429.6904296875
2024-04-05,436.7799987792969,443.1700134277344,435.9599914550781,440.4700012207031,54744600,434.75384521484375
2024-04-08,441.4100036621094,442.5,439.20001220703125,440.6000061035156,28144900,434.88214111328125
2024-04-09,442.9599914550781,443.239990234375,437.44000244140625,442.2300109863281,39443600,436.49102783203125
2024-04-10,437.0,439.239990234375,436.2799987792969,438.3699951171875,61502200,432.6810302734375
2024-04-11,440.260009765625,446.3299865722656,437.9599914550781,445.3699951171875,45474600,439.5901794433594
2024-04-12,441.1000061035156,442.239990234375,436.8800048828125,438.2699890136719,53665000,432.5823669433594
2024-04-15,442.05999755859375,442.1499938964844,430.2099914550781,431.05999755859375,63453600,425.4659423828125
2024-04-16,430.8999938964844,433.760009765625,429.70001220703125,431.1000061035156,47619000,425.5054016113281
2024-04-17,433.1000061035156,433.1199951171875,424.8999938964844,425.8399963378906,56880500,420.31365966796875
2024-04-18,426.489990234375,428.239990234375,422.8299865722656,423.4100036621094,46549400,417.9151916503906
2024-04-19,422.2200012207031,422.75,413.07000732421875,414.6499938964844,75231000,409.2689514160156
2024-04-22,417.30999755859375,421.17999267578125,413.94000244140625,418.82000732421875,47807700,413.38482666015625
2024-04-23,420.7699890136719,426.2799987792969,418.8699951171875,425.07000732421875,44384700,419.5536804199219
2024-04-24,428.20001220703125,429.7300109863281,424.20001220703125,426.510009765625,48440300,420.9750671386719
2024-04-25,419.239990234375,425.32000732421875,418.1400146484375,424.45001220703125,57392200,418.9417724609375
2024-04-26,427.6199951171875,432.54998779296875,426.9200134277344,431.0,41874900,425.4067077636719
2024-04-29,433.1300048828125,433.760009765625,429.9800109863281,432.75,30022200,427.1340637207031
2024-04-30,431.1499938964844,432.55999755859375,424.510009765625,424.5899963378906,43665900,419.07989501953125
2024-05-01,423.1499938964844,430.1400146484375,420.6600036621094,421.5199890136719,52251700,416.04974365234375
2024-05-02,425.29998779296875,427.80999755859375,420.6300048828125,426.8999938964844,36559000,421.35992431640625
2024-05-03,434.44000244140625,436.4800109863281,432.6199951171875,435.4800109863281,48515300,429.82861328125
2024-05-06,437.29998779296875,440.3399963378906,436.5199890136719,440.25,30227200,434.5366516113281
2024-05-07,440.70001220703125,441.9700012207031,439.5799865722656,440.32000732421875,30996100,434.60577392578125
2024-05-08,437.6700134277344,441.4800109863281,437.54998779296875,440.05999755859375,24896700,434.34918212890625
2024-05-09,440.3299865722656,441.6000061035156,438.4599914550781,441.0199890136719,24580100,435.2966613769531
2024-05-10,442.5400085449219,444.30999755859375,440.5,442.05999755859375,27116600,436.3232116699219
2024-05-13,443.989990234375,444.0899963378906,441.6499938964844,443.0799865722656,22994200,437.3299865722656
2024-05-14,442.6499938964844,446.4700012207031,442.4599914550781,445.92999267578125,34478300,440.1429138183594
2024-05-15,448.42999267578125,453.1499938964844,446.8999938964844,452.8999938964844,41464700,447.0225524902344
2024-05-16,452.7099914550781,454.69000244140625,451.80999755859375,451.9800109863281,34780400,446.11444091796875
2024-05-17,452.1099853515625,452.7200012207031,449.5400085449219,451.760009765625,35803700,445.8973388671875
2024-05-20,451.9800109863281,455.5799865722656,451.7900085449219,454.9100036621094,24474200,449.0064697265625
2024-05-21,453.0400085449219,455.989990234375,452.8399963378906,455.79998779296875,23167700,449.8848876953125
2024-05-22,456.05999755859375,456.82000732421875,453.0799865722656,455.7099914550781,25120000,449.7960205078125
2024-05-23,460.54998779296875,460.5799865722656,451.8500061035156,453.6600036621094,40899200,447.7726745605469
2024-05-24,455.2900085449219,459.2300109863281,453.57000732421875,457.95001220703125,29669500,452.0069885253906
2024-05-28,459.17999267578125,459.739990234375,456.69000244140625,459.67999267578125,26216800,453.7145080566406
2024-05-29,455.4800109863281,458.239990234375,455.3399963378906,456.44000244140625,29739200,450.5166015625
2024-05-30,455.5,455.6400146484375,450.2099914550781,451.54998779296875,30536800,445.6900329589844
2024-05-31,451.7799987792969,452.4800109863281,443.05999755859375,450.7099914550781,55941300,444.8609619140625
2024-06-03,454.57000732421875,455.5799865722656,447.8999938964844,453.1300048828125,32997500,447.24957275390625
2024-06-04,452.8699951171875,455.5799865722656,451.1300048828125,454.3699951171875,23767400,448.47344970703125
2024-06-05,457.9800109863281,463.6099853515625,454.4100036621094,463.5299987792969,33817400,457.5145568847656
2024-06-06,464.2200012207031,464.5400085449219,462.19000244140625,463.3699951171875,21966800,457.3565979003906
2024-06-07,463.0,465.739990234375,461.8399963378906,462.9599914550781,25829700,456.951904296875
2024-06-10,461.82000732421875,465.19000244140625,461.5299987792969,464.8299865722656,20660800,458.79766845703125
2024-06-11,463.5400085449219,468.1400146484375,462.0299987792969,468.0199890136719,22053300,461.9462890625
2024-06-12,471.989990234375,476.5,471.2900085449219,474.1499938964844,34532600,467.99676513671875
2024-06-13,477.7200012207031,478.3900146484375,474.4200134277344,476.7200012207031,25859000,470.533447265625
2024-06-14,476.5199890136719,479.260009765625,476.04998779296875,479.19000244140625,23372600,472.97137451171875
2024-06-17,479.4599914550781,486.8599853515625,478.1400146484375,485.05999755859375,37054500,478.7651672363281
2024-06-18,485.010009765625,485.8999938964844,483.42999267578125,485.2099914550781,24438600,478.9131774902344
2024-06-20,486.4200134277344,486.8399963378906,479.6199951171875,481.4700012207031,33918700,475.22174072265625
2024-06-21,481.19000244140625,482.5400085449219,478.6700134277344,480.17999267578125,37456800,473.9485168457031
2024-06-24,478.17999267578125,479.92999267578125,473.82000732421875,473.9599914550781,37751000,468.5527038574219
2024-06-25,476.07000732421875,479.67999267578125,475.1199951171875,479.3800048828125,29014700,473.910888671875
2024-06-26,478.54998779296875,480.9200134277344,478.1300048828125,480.3699951171875,22737100,474.8896484375
2024-06-27,480.1199951171875,483.1000061035156,479.29998779296875,481.6099853515625,26222100,476.1154479980469
2024-06-28,482.4100036621094,487.20001220703125,478.4599914550781,479.1099853515625,34881600,473.6439514160156
2024-07-01,480.0400085449219,482.489990234375,476.260009765625,481.9200134277344,24898300,476.4219970703125
2024-07-02,480.4100036621094,487.0400085449219,480.2799987792969,486.9800109863281,26723600,481.4242858886719
2024-07-03,486.2200012207031,491.1700134277344,486.2200012207031,491.0400085449219,18064900,485.4378967285156
2024-07-05,491.8900146484375,496.6000061035156,491.5899963378906,496.1600036621094,28495900,490.4994812011719
2024-07-08,496.5299987792969,497.8999938964844,495.5,497.3399963378906,22109400,491.666015625
2024-07-09,498.8699951171875,500.0,496.239990234375,497.7699890136719,25614500,492.09112548828125
2024-07-10,499.7099914550781,503.5199890136719,498.3900146484375,502.9599914550781,28046900,497.221923828125
2024-07-11,503.07000732421875,503.2799987792969,490.7300109863281,491.92999267578125,49966600,486.3177490234375
2024-07-12,492.510009765625,499.6199951171875,492.0400085449219,494.82000732421875,37109400,489.1747741699219
2024-07-15,496.6099853515625,501.010009765625,494.0899963378906,496.1499938964844,31151400,490.4895935058594
2024-07-16,497.6199951171875,498.44000244140625,493.1499938964844,496.3399963378906,25950600,490.6774597167969
2024-07-17,488.2799987792969,488.79998779296875,481.70001220703125,481.7699890136719,56268800,476.2736511230469
2024-07-18,485.5299987792969,485.7099914550781,476.2699890136719,479.489990234375,49347400,474.0196228027344
2024-07-19,479.1499938964844,481.69000244140625,473.94000244140625,475.239990234375,42042900,469.81817626953125
2024-07-22,481.1600036621094,483.3500061035156,477.7099914550781,482.32000732421875,40300000,476.8174133300781
2024-07-23,481.4100036621094,484.42999267578125,480.1400146484375,480.6199951171875,23282500,475.1367492675781
2024-07-24,473.82000732421875,474.19000244140625,462.510009765625,463.3800048828125,58818600,458.0934753417969
2024-07-25,463.7200012207031,467.94000244140625,455.6300048828125,458.2699890136719,59256800,453.0417785644531
2024-07-26,462.6499938964844,465.92999267578125,459.7699890136719,462.9700012207031,39992100,457.6882019042969
2024-07-29,465.7099914550781,467.9100036621094,461.6199951171875,463.8999938964844,28218500,458.6075134277344
2024-07-30,465.8500061035156,466.55999755859375,454.1499938964844,457.5299987792969,41317200,452.31024169921875
2024-07-31,467.8699951171875,472.7900085449219,466.4100036621094,471.07000732421875,44552100,465.6957092285156
2024-08-01,471.760009765625,475.54998779296875,455.9800109863281,459.6600036621094,56653900,454.4159240722656
2024-08-02,450.8900146484375,453.57000732421875,444.4700012207031,448.75,66323200,443.63037109375
2024-08-05,424.7099914550781,442.2900085449219,423.45001220703125,435.3699951171875,87483500,430.40301513671875
2024-08-06,437.2300109863281,447.07000732421875,434.55999755859375,439.5299987792969,63164400,434.5155944824219
2024-08-07,446.489990234375,449.0,434.3699951171875,434.7699890136719,54929200,429.809814453125
2024-08-08,441.05999755859375,448.989990234375,437.1499938964844,448.07000732421875,47890100,442.95819091796875
2024-08-09,446.739990234375,452.05999755859375,445.6099853515625,450.4100036621094,33574000,445.2715148925781
2024-08-12,451.3900146484375,454.3699951171875,448.54998779296875,451.3800048828125,27795000,446.2303466796875
2024-08-13,455.82000732421875,462.8500061035156,455.67999267578125,462.5799865722656,40084500,457.3025817871094
2024-08-14,463.510009765625,465.1099853515625,458.3999938964844,462.7300109863281,34733700,457.4508972167969
2024-08-15,468.760009765625,474.82000732421875,468.3800048828125,474.4200134277344,38280600,469.0075378417969
2024-08-16,472.6199951171875,476.4100036621094,471.6499938964844,475.0299987792969,38383600,469.6105651855469
2024-08-19,475.1700134277344,481.30999755859375,473.3699951171875,481.2699890136719,23737700,475.7793884277344
2024-08-20,480.3500061035156,482.94000244140625,478.54998779296875,480.260009765625,29209300,474.7808532714844
2024-08-21,481.04998779296875,484.3699951171875,479.32000732421875,482.5,25658800,476.99530029296875
2024-08-22,484.8399963378906,485.5400085449219,473.80999755859375,474.8500061035156,37739600,469.4326171875
2024-08-23,479.239990234375,482.739990234375,475.2799987792969,480.0,36061500,474.52386474609375
2024-08-26,479.45001220703125,480.3800048828125,473.239990234375,475.3399963378906,27452600,469.9170227050781
2024-08-27,473.69000244140625,477.8399963378906,471.7099914550781,476.760009765625,27510000,471.3208312988281
2024-08-28,476.2900085449219,477.0199890136719,467.8900146484375,471.3500061035156,37372400,465.9725341796875
2024-08-29,473.2799987792969,477.92999267578125,469.3699951171875,470.6600036621094,41081500,465.2904357910156
2024-08-30,475.0400085449219,476.8999938964844,470.510009765625,476.2699890136719,33466500,470.8364562988281
2024-09-03,473.20001220703125,473.3299865722656,459.4100036621094,461.80999755859375,44985200,456.5413818359375
2024-09-04,458.6700134277344,464.45001220703125,457.7300109863281,460.6099853515625,32505100,455.3551025390625
2024-09-05,458.9700012207031,465.3599853515625,457.94000244140625,461.0400085449219,34452400,455.7801513671875
2024-09-06,460.3299865722656,461.2200012207031,448.19000244140625,448.69000244140625,50624400,443.5710754394531
2024-09-09,453.05999755859375,455.4599914550781,449.82000732421875,454.4599914550781,32981200,449.27520751953125
2024-09-10,456.239990234375,459.1700134277344,452.2300109863281,458.6600036621094,29680300,453.4273376464844
2024-09-11,459.9100036621094,469.3699951171875,451.2799987792969,468.6199951171875,57843000,463.2736511230469
2024-09-12,468.6499938964844,474.0400085449219,466.8500061035156,473.2200012207031,40067800,467.8211975097656
2024-09-13,472.4800109863281,476.5299987792969,472.25,475.3399963378906,29111800,469.9170227050781
2024-09-16,473.19000244140625,473.8599853515625,469.8900146484375,473.239990234375,22585600,467.8409729003906
2024-09-17,476.2900085449219,477.6000061035156,470.9700012207031,473.489990234375,30084400,468.088134765625
2024-09-18,474.70001220703125,478.8299865722656,470.8299865722656,471.44000244140625,39909200,466.0615539550781
2024-09-19,482.6099853515625,486.2300109863281,480.489990234375,483.3599853515625,52782500,477.845458984375
2024-09-20,482.489990234375,483.69000244140625,478.29998779296875,482.44000244140625,34577700,476.9360046386719
2024-09-23,482.95001220703125,484.1400146484375,481.6000061035156,483.0400085449219,24843000,478.2002258300781
2024-09-24,484.4599914550781,486.3299865722656,480.1700134277344,485.3699951171875,25952600,480.5068664550781
2024-09-25,484.739990234375,487.7900085449219,484.55999755859375,485.82000732421875,26549900,480.9523620605469
2024-09-26,493.3699951171875,493.70001220703125,485.79998779296875,489.4700012207031,32020200,484.5658264160156
2024-09-27,490.5,490.6400146484375,485.55999755859375,486.75,22851100,481.873046875
2024-09-30,485.7799987792969,488.4100036621094,482.9200134277344,488.07000732421875,30281100,483.1798400878906
2024-10-01,487.70001220703125,488.0,477.3999938964844,481.2699890136719,42735400,476.44793701171875
2024-10-02,480.3599853515625,483.8800048828125,477.7200012207031,481.95001220703125,23744000,477.12115478515625
2024-10-03,479.739990234375,484.54998779296875,478.989990234375,481.5899963378906,25337200,476.7647399902344
2024-10-04,487.45001220703125,487.8800048828125,482.3900146484375,487.32000732421875,30686600,482.43731689453125
2024-10-07,485.3900146484375,486.57000732421875,480.8699951171875,482.1000061035156,24975100,477.2696533203125
2024-10-08,484.6600036621094,489.989990234375,483.8500061035156,489.29998779296875,28272000,484.3974914550781
2024-10-09,489.0,493.7300109863281,487.95001220703125,493.1499938964844,24995000,488.2088623046875
2024-10-10,490.8500061035156,494.4700012207031,489.5299987792969,492.5899963378906,25750400,487.65447998046875
2024-10-11,490.739990234375,494.3900146484375,490.1700134277344,493.3599853515625,20644500,488.4167785644531
2024-10-14,495.7699890136719,498.8299865722656,495.260009765625,497.5,26060100,492.515380859375
2024-10-15,497.8299865722656,498.5,488.67999267578125,490.8500061035156,34784500,485.9320068359375
2024-10-16,491.17999267578125,491.69000244140625,487.57000732421875,490.9100036621094,22996800,485.99139404296875
2024-10-17,496.44000244140625,496.489990234375,491.19000244140625,491.25,27210700,486.32794189453125
2024-10-18,494.05999755859375,495.57000732421875,493.29998779296875,494.4700012207031,25335000,489.51568603515625
2024-10-21,493.25,496.2300109863281,491.30999755859375,495.4200134277344,30336500,490.4562072753906
2024-10-22,492.7300109863281,497.45001220703125,491.9700012207031,495.9599914550781,26685800,490.9907531738281
2024-10-23,493.5899963378906,494.25,485.04998779296875,488.3599853515625,39346600,483.46685791015625
2024-10-24,492.1099853515625,493.0,489.44000244140625,492.32000732421875,22024900,487.3872985839844
2024-10-25,495.1400146484375,500.2799987792969,494.42999267578125,495.32000732421875,38762100,490.3572082519531
2024-10-28,498.4599914550781,498.5199890136719,495.1000061035156,495.3999938964844,20477800,490.4364013671875
2024-10-29,495.7200012207031,501.3500061035156,493.8500061035156,500.1600036621094,28014100,495.1487121582031
2024-10-30,499.3900146484375,500.3500061035156,495.8900146484375,496.3800048828125,29756000,491.40655517578125
2024-10-31,492.3800048828125,492.42999267578125,483.75,483.8500061035156,41245200,479.0021057128906
2024-11-01,485.5,490.75,485.20001220703125,487.42999267578125,33655800,482.54620361328125
2024-11-04,486.82000732421875,489.3800048828125,484.25,486.010009765625,23291600,481.1404724121094
2024-11-05,487.6099853515625,492.8800048828125,487.5199890136719,492.2099914550781,24353600,487.2783203125
2024-11-06,500.55999755859375,506.4100036621094,499.6000061035156,505.5799865722656,43082200,500.51434326171875
2024-11-07,508.3999938964844,514.3300170898438,508.3399963378906,513.5399780273438,32853100,508.3946228027344
2024-11-08,513.0399780273438,514.9199829101562,512.4099731445312,514.1400146484375,22924500,508.9886779785156
2024-11-11,515.3699951171875,515.5800170898438,510.9200134277344,513.8400268554688,24167500,508.6916198730469
2024-11-12,513.77001953125,514.6599731445312,509.8299865722656,512.9099731445312,25835300,507.7709045410156
2024-11-13,512.4000244140625,514.97998046875,509.95001220703125,512.25,24567400,507.1175842285156
2024-11-14,511.9100036621094,512.7899780273438,507.7699890136719,508.69000244140625,28679500,503.5932312011719
2024-11-15,502.94000244140625,503.3299865722656,494.489990234375,496.57000732421875,51461100,491.5946960449219
2024-11-18,498.1300048828125,502.1400146484375,496.7300109863281,500.0199890136719,27080800,495.01007080078125
2024-11-19,497.4200134277344,503.95001220703125,497.0799865722656,503.4599914550781,24523000,498.4156188964844
2024-11-20,503.1600036621094,503.4800109863281,496.55999755859375,503.1700134277344,29565500,498.1285095214844
2024-11-21,506.239990234375,506.9599914550781,497.55999755859375,504.9800109863281,34526700,499.92041015625
2024-11-22,504.4200134277344,506.5299987792969,502.7799987792969,505.7900085449219,23826600,500.7223205566406
2024-11-25,509.8999938964844,511.45001220703125,504.260009765625,506.5899963378906,26375200,501.5142517089844
2024-11-26,508.0799865722656,510.1400146484375,507.2300109863281,509.30999755859375,26557100,504.2070007324219
2024-11-27,508.1700134277344,508.239990234375,501.92999267578125,505.29998779296875,24957400,500.2372131347656
2024-11-29,505.92999267578125,510.3399963378906,505.30999755859375,509.739990234375,15334000,504.6326904296875
2024-12-02,511.010009765625,516.260009765625,510.6199951171875,515.2899780273438,25147200,510.12701416015625
2024-12-03,513.9500122070312,517.1500244140625,513.3699951171875,516.8699951171875,18597900,511.69122314453125
2024-12-04,520.3200073242188,523.52001953125,519.5999755859375,523.260009765625,26086200,518.017333984375
2024-12-05,523.3099975585938,524.0399780273438,521.4199829101562,521.8099975585938,18169600,516.581787109375
2024-12-06,522.47998046875,526.719970703125,522.3499755859375,526.47998046875,23762600,521.2049560546875
2024-12-09,525.5499877929688,526.3499755859375,521.219970703125,522.3800048828125,20674400,517.1460571289062
2024-12-10,523.6199951171875,525.3800048828125,519.1599731445312,520.5999755859375,24350000,515.3837890625
2024-12-11,525.0,530.6099853515625,524.5900268554688,529.9199829101562,32168600,524.6104736328125
2024-12-12,527.6799926757812,528.9600219726562,526.02001953125,526.5,23577500,521.2247924804688
2024-12-13,530.4600219726562,533.1699829101562,527.2999877929688,530.530029296875,28780400,525.21435546875
2024-12-16,533.0800170898438,539.1500244140625,533.0,538.1699829101562,31979900,532.7778930664062
2024-12-17,536.3599853515625,537.47998046875,534.1300048828125,535.7999877929688,28579100,530.4315185546875
2024-12-18,535.1500244140625,536.8800048828125,515.010009765625,516.469970703125,54703200,511.2951965332031
2024-12-19,521.1900024414062,521.760009765625,513.8300170898438,514.1699829101562,46441800,509.018310546875
2024-12-20,510.44000244140625,524.8200073242188,509.2900085449219,518.6599731445312,60530000,513.4633178710938
2024-12-23,519.5499877929688,523.25,516.1300048828125,522.8699951171875,29672800,518.4657592773438
2024-12-24,524.8300170898438,530.0499877929688,524.1900024414062,529.9600219726562,17558200,525.4962158203125
2024-12-26,528.3200073242188,531.239990234375,526.3099975585938,529.5999755859375,19090500,525.1392211914062
2024-12-27,526.010009765625,526.4500122070312,517.8599853515625,522.5599975585938,33839600,518.1583862304688
2024-12-30,515.510009765625,519.3599853515625,511.8299865722656,515.6099853515625,34584000,511.2670593261719
2024-12-31,516.9000244140625,517.6599731445312,510.260009765625,511.2300109863281,29117000,506.92388916015625
2025-01-02,514.2999877929688,516.6400146484375,505.7099914550781,510.2300109863281,36389800,505.93231201171875
2025-01-03,513.3499755859375,519.6500244140625,512.530029296875,518.5800170898438,29059500,514.2119750976562
2025-01-06,524.02001953125,527.9199829101562,522.030029296875,524.5399780273438,36109700,520.1217041015625
2025-01-07,525.5900268554688,525.989990234375,513.280029296875,515.1799926757812,36690300,510.84063720703125
2025-01-08,515.0800170898438,516.9199829101562,510.57000732421875,515.27001953125,30777800,510.92987060546875
2025-01-10,511.4800109863281,511.5799865722656,503.9200134277344,507.19000244140625,40532500,502.9179382324219
2025-01-13,501.20001220703125,506.0199890136719,499.70001220703125,505.55999755859375,31694200,501.3016357421875
2025-01-14,508.739990234375,510.1600036621094,501.5899963378906,505.0799865722656,33737200,500.82568359375
2025-01-15,513.030029296875,517.8499755859375,511.4599914550781,516.7000122070312,34957600,512.3477783203125
2025-01-16,518.97998046875,519.0599975585938,512.9500122070312,513.0800170898438,28229000,508.75830078125
2025-01-17,522.8499755859375,524.0700073242188,513.1099853515625,521.739990234375,51837900,517.3452758789062
2025-01-21,524.47998046875,525.969970703125,520.0599975585938,524.7999877929688,23628000,520.3795776367188
2025-01-22,529.5700073242188,533.8200073242188,529.260009765625,531.510009765625,33593000,527.0330810546875
2025-01-23,529.0399780273438,532.760009765625,528.4500122070312,532.6400146484375,23096600,528.153564453125
2025-01-24,533.02001953125,533.7899780273438,528.1500244140625,529.6300048828125,19878300,525.1688232421875
2025-01-27,511.0,517.989990234375,510.1499938964844,514.2100219726562,60771700,509.8788146972656
2025-01-28,515.219970703125,523.0,511.7799987792969,521.8099975585938,33194200,517.414794921875
2025-01-29,522.4600219726562,522.5900268554688,516.9000244140625,520.8300170898438,26649000,516.4430541992188
2025-01-30,523.7100219726562,526.0999755859375,518.2100219726562,523.0499877929688,27431300,518.644287109375
2025-01-31,526.9199829101562,531.52001953125,521.1900024414062,522.2899780273438,38755200,517.890625
2025-02-03,513.469970703125,520.8499755859375,511.04998779296875,518.1099853515625,40580800,513.745849609375
2025-02-04,518.6300048828125,525.1099853515625,518.22998046875,524.469970703125,26046800,520.0523681640625
2025-02-05,521.8200073242188,527.010009765625,520.6199951171875,526.8499755859375,21134100,522.4124145507812
2025-02-06,527.3599853515625,529.8099975585938,525.739990234375,529.5999755859375,19434500,525.1392211914062
2025-02-07,530.1400146484375,532.0999755859375,522.1900024414062,522.9199829101562,29605500,518.515380859375
2025-02-10,527.219970703125,530.3599853515625,526.75,529.25,20852800,524.7920532226562
2025-02-11,525.9600219726562,529.9199829101562,525.8300170898438,527.989990234375,19325500,523.542724609375
2025-02-12,522.2999877929688,529.1900024414062,521.9500122070312,528.2999877929688,25009400,523.8500366210938
2025-02-13,529.97998046875,536.219970703125,529.1900024414062,535.9000244140625,28714800,531.3861083984375
2025-02-14,536.010009765625,538.8400268554688,535.6699829101562,538.1500244140625,17862600,533.6171264648438
2025-02-18,539.72998046875,540.0,536.0399780273438,539.3699951171875,20565000,534.8267822265625
2025-02-19,538.5700073242188,540.8099975585938,536.4600219726562,539.52001953125,19666900,534.9756469726562
2025-02-20,538.72998046875,539.0999755859375,532.4600219726562,537.22998046875,26550800,532.704833984375
2025-02-21,538.3800048828125,538.4000244140625,525.7100219726562,526.0800170898438,47093800,521.6488037109375
2025-02-24,527.8800048828125,529.0700073242188,519.530029296875,519.8699951171875,39268400,515.4910888671875
2025-02-25,519.239990234375,519.3200073242188,509.44000244140625,513.3200073242188,48940000,508.9963073730469
2025-02-26,515.530029296875,519.6599731445312,511.3699951171875,514.5599975585938,34457600,510.2258605957031
2025-02-27,518.1300048828125,519.0700073242188,500.04998779296875,500.2699890136719,52448000,496.0561828613281
2025-02-28,500.1300048828125,508.7799987792969,496.92999267578125,508.1700134277344,47654000,503.8896484375
2025-03-03,511.5199890136719,513.0399780273438,493.5799865722656,497.04998779296875,44587200,492.86328125
2025-03-04,494.17999267578125,503.739990234375,487.739990234375,495.54998779296875,67875400,491.3759460449219
2025-03-05,496.20001220703125,503.6300048828125,491.260009765625,502.010009765625,46323700,497.78155517578125
2025-03-06,493.69000244140625,498.5799865722656,486.20001220703125,488.20001220703125,57574300,484.0878601074219
2025-03-07,487.1600036621094,493.2799987792969,480.5299987792969,491.7900085449219,54714700,487.6476745605469
2025-03-10,483.45001220703125,483.9700012207031,468.6600036621094,472.7300109863281,76668000,468.7481689453125
2025-03-11,472.3500061035156,478.80999755859375,467.010009765625,471.6000061035156,68760800,467.62774658203125
2025-03-12,479.1600036621094,481.05999755859375,471.7900085449219,476.9200134277344,46971100,472.9029235839844
2025-03-13,476.25,476.2799987792969,466.42999267578125,468.3399963378906,46563300,464.3951110839844
2025-03-14,473.7300109863281,480.55999755859375,473.1199951171875,479.6600036621094,43563000,475.6197509765625
2025-03-17,479.6099853515625,485.8399963378906,477.79998779296875,482.7699890136719,41744400,478.70361328125
2025-03-18,479.4100036621094,479.6099853515625,472.4100036621094,474.5400085449219,39072300,470.5429382324219
2025-03-19,476.80999755859375,485.3299865722656,474.8699951171875,480.8900146484375,40430300,476.8395080566406
2025-03-20,476.8800048828125,484.54998779296875,476.17999267578125,479.260009765625,36780500,475.22314453125
2025-03-21,474.0799865722656,481.6099853515625,472.9100036621094,480.8399963378906,42234900,476.7898254394531
2025-03-24,487.739990234375,491.510009765625,484.3999938964844,490.6600036621094,34567200,487.252685546875
2025-03-25,491.3900146484375,493.6199951171875,490.4200134277344,493.4599914550781,26035200,490.0332336425781
2025-03-26,492.29998779296875,493.1600036621094,482.82000732421875,484.3800048828125,34627100,481.01629638671875
2025-03-27,482.4100036621094,486.5799865722656,480.25,481.6199951171875,33469800,478.27545166015625
2025-03-28,479.80999755859375,480.5199890136719,468.04998779296875,468.94000244140625,46363800,465.68353271484375
2025-03-31,461.9200134277344,469.8599853515625,457.3299865722656,468.9200134277344,53000300,465.6636657714844
2025-04-01,467.29998779296875,473.6300048828125,464.4200134277344,472.70001220703125,41156200,469.41741943359375
2025-04-02,466.1199951171875,479.55999755859375,465.8599853515625,476.1499938964844,49894500,472.8434753417969
2025-04-03,456.44000244140625,460.07000732421875,450.1400146484375,450.6600036621094,70456300,447.5304260253906
2025-04-04,438.1400146484375,440.3699951171875,422.6700134277344,422.6700134277344,117088400,419.7348327636719
2025-04-07,408.6600036621094,443.1400146484375,402.3900146484375,423.69000244140625,161557000,420.7477722167969
2025-04-08,438.1600036621094,443.1400146484375,409.7900085449219,416.05999755859375,101248100,413.1707458496094
2025-04-09,415.57000732421875,467.8299865722656,415.42999267578125,466.0,142876900,462.7638854980469
2025-04-10,453.55999755859375,455.5899963378906,432.6300048828125,446.17999267578125,108384100,443.0815734863281
2025-04-11,444.6499938964844,455.7900085449219,441.3299865722656,454.3999938964844,52483800,451.2445068359375
2025-04-14,464.4599914550781,465.04998779296875,452.6300048828125,457.4800109863281,43941200,454.3031005859375
2025-04-15,458.5400085449219,462.3800048828125,456.1499938964844,457.989990234375,35404200,454.80950927734375
2025-04-16,449.0299987792969,452.6199951171875,437.760009765625,444.17999267578125,48980600,441.0954284667969
2025-04-17,447.1700134277344,447.75,441.3599853515625,444.1000061035156,44837000,441.0160217285156
2025-04-21,438.2300109863281,439.0799865722656,427.92999267578125,433.1099853515625,44149300,430.102294921875
2025-04-22,438.82000732421875,447.5799865722656,437.6199951171875,444.4800109863281,52304400,441.3934020996094
2025-04-23,458.1700134277344,463.3800048828125,452.8800048828125,454.55999755859375,55801100,451.40338134765625
2025-04-24,456.4800109863281,467.6600036621094,455.8299865722656,467.3500061035156,45956100,464.10455322265625
2025-04-25,466.9700012207031,473.0899963378906,465.3900146484375,472.55999755859375,38697100,469.2783508300781
2025-04-28,473.0299987792969,474.80999755859375,466.0299987792969,472.4100036621094,33550800,469.12945556640625
2025-04-29,470.1700134277344,476.4200134277344,469.5899963378906,475.5299987792969,30613100,472.2277526855469
2025-04-30,467.1300048828125,477.20001220703125,462.42999267578125,475.4700012207031,46810600,472.168212890625
2025-05-01,483.4100036621094,487.17999267578125,480.739990234375,481.67999267578125,43316500,478.33502197265625
2025-05-02,486.5400085449219,490.9100036621094,484.8299865722656,488.8299865722656,39218100,485.43536376953125
2025-05-05,484.6000061035156,489.0299987792969,484.1000061035156,485.92999267578125,28309500,482.5555114746094
2025-05-06,479.55999755859375,485.04998779296875,478.19000244140625,481.4100036621094,32786300,478.0669250488281
2025-05-07,482.0799865722656,485.79998779296875,476.7799987792969,483.29998779296875,38006300,479.9437561035156
2025-05-08,488.5299987792969,492.70001220703125,484.1700134277344,488.2900085449219,39577600,484.8992004394531
2025-05-09,490.2099914550781,491.5400085449219,486.20001220703125,487.9700012207031,27767400,484.58135986328125
2025-05-12,506.989990234375,507.8900146484375,501.4800109863281,507.8500061035156,45090600,504.32330322265625
2025-05-13,509.1600036621094,517.3900146484375,508.4200134277344,515.5900268554688,53269600,512.009521484375
2025-05-14,516.77001953125,519.22998046875,515.75,518.6799926757812,47014500,515.078125
2025-05-15,516.52001953125,521.9299926757812,515.1699829101562,519.25,50153300,515.6441650390625
2025-05-16,520.6599731445312,521.7000122070312,517.0999755859375,521.510009765625,48394600,517.8883666992188
2025-05-19,514.239990234375,522.530029296875,514.239990234375,522.010009765625,52536200,518.385009765625
2025-05-20,519.469970703125,520.9299926757812,516.6599731445312,520.27001953125,42517600,516.6571655273438
2025-05-21,516.27001953125,523.0,511.239990234375,513.0399780273438,71292800,509.477294921875
2025-05-22,513.6599731445312,517.7100219726562,512.2999877929688,514.0,55607200,510.4306335449219
2025-05-23,506.17999267578125,511.8399963378906,505.5799865722656,509.239990234375,58368100,505.7036437988281
2025-05-27,516.1500244140625,521.7100219726562,514.5900268554688,521.219970703125,47226300,517.6004638671875
2025-05-28,522.1799926757812,523.6799926757812,518.3900146484375,518.9099731445312,46637200,515.3064575195312
2025-05-29,526.3300170898438,526.47998046875,517.3200073242188,519.9299926757812,58513300,516.3194580078125
2025-05-30,519.4400024414062,520.6799926757812,511.92999267578125,519.1099853515625,67662800,515.505126953125
2025-06-02,517.239990234375,523.4500122070312,515.969970703125,523.2100219726562,44762800,519.57666015625
2025-06-03,523.5599975585938,528.739990234375,522.6900024414062,527.2999877929688,44070300,523.63818359375
2025-06-04,528.010009765625,529.8400268554688,525.969970703125,528.77001953125,41359300,525.0980224609375
2025-06-05,530.1799926757812,533.0499877929688,522.6599731445312,524.7899780273438,61031200,521.1456909179688
2025-06-06,530.0,531.7999877929688,528.2100219726562,529.9199829101562,42467000,526.2400512695312
2025-06-09,530.1400146484375,532.3499755859375,529.010009765625,530.7000122070312,33688700,527.0146484375
2025-06-10,531.1699829101562,534.9000244140625,528.8900146484375,534.2100219726562,40664800,530.5003051757812
2025-06-11,535.6199951171875,536.780029296875,530.1099853515625,532.4099731445312,53701000,528.712646484375
2025-06-12,531.0900268554688,534.6400146484375,530.8400268554688,533.6599731445312,34104900,529.9540405273438
2025-06-13,527.6799926757812,531.8699951171875,525.72998046875,526.9600219726562,55814400,523.3005981445312
2025-06-16,530.5,535.3699951171875,530.4500122070312,534.2899780273438,37622100,530.5796508789062
2025-06-17,531.7100219726562,533.3300170898438,527.9099731445312,529.0800170898438,42180900,525.4058837890625
2025-06-18,530.0999755859375,532.5499877929688,527.4000244140625,528.989990234375,43983500,525.3164672851562
2025-06-20,532.260009765625,533.5599975585938,524.8800048828125,526.8300170898438,61643500,523.1715087890625
2025-06-23,526.8099975585938,532.1699829101562,523.6500244140625,531.6500244140625,50666100,528.5509643554688
2025-06-24,536.8900146484375,540.7000122070312,536.27001953125,539.780029296875,45442000,536.6336059570312
2025-06-25,542.0599975585938,543.3099975585938,539.3800048828125,541.1599731445312,44804200,538.0054931640625
2025-06-26,543.3499755859375,546.6699829101562,541.52001953125,546.219970703125,43811400,543.0360107421875
2025-06-27,547.260009765625,549.989990234375,544.5399780273438,548.0900268554688,57577100,544.8951416015625
2025-06-30,551.260009765625,552.7999877929688,549.010009765625,551.6400146484375,45548700,548.4244384765625
2025-07-01,549.72998046875,550.7100219726562,544.6599731445312,546.989990234375,56166700,543.8015747070312
2025-07-02,546.1599731445312,551.0,546.1199951171875,550.7999877929688,36538300,547.5892944335938
2025-07-03,553.1799926757812,557.2000122070312,553.1799926757812,556.219970703125,26443500,552.977783203125
2025-07-07,553.52001953125,554.3400268554688,549.5800170898438,552.030029296875,45349300,548.8121948242188
2025-07-08,553.3800048828125,554.010009765625,551.0999755859375,552.3400268554688,36153300,549.1204223632812
2025-07-09,554.47998046875,557.6300048828125,553.0999755859375,556.25,43045500,553.007568359375
2025-07-10,556.8900146484375,557.2999877929688,552.75,555.4500122070312,34710900,552.2122192382812
2025-07-11,553.2999877929688,555.7899780273438,552.0499877929688,554.2000122070312,39618600,550.9695434570312
2025-07-14,553.989990234375,556.9500122070312,551.6300048828125,556.2100219726562,36453300,552.9678344726562
2025-07-15,560.25,560.7999877929688,556.6599731445312,556.719970703125,43277700,553.474853515625
2025-07-16,557.280029296875,560.2100219726562,551.5599975585938,557.2899780273438,52314700,554.04150390625
2025-07-17,558.02001953125,562.3099975585938,557.2100219726562,561.7999877929688,40423800,558.5252685546875
2025-07-18,563.1199951171875,564.72998046875,559.97998046875,561.260009765625,50484700,557.9883422851562
2025-07-21,562.0900268554688,566.0599975585938,562.0599975585938,564.1699829101562,39595200,560.88134765625
2025-07-22,564.2999877929688,564.3499755859375,558.6099853515625,561.25,43270600,557.9784545898438
2025-07-23,562.3400268554688,563.8499755859375,559.5800170898438,563.8099975585938,40215300,560.5236206054688
2025-07-24,565.1300048828125,566.239990234375,563.2899780273438,565.010009765625,42275500,561.716552734375
2025-07-25,564.9299926757812,567.7000122070312,564.27001953125,566.3699951171875,30630800,563.068603515625
2025-07-28,567.739990234375,569.0399780273438,566.8699951171875,568.1400146484375,31498700,564.8282470703125
2025-07-29,570.760009765625,572.1099853515625,566.530029296875,567.260009765625,45463300,563.9534301757812
2025-07-30,568.1799926757812,570.6199951171875,565.0499877929688,568.02001953125,43433800,564.708984375
2025-07-31,574.5399780273438,574.6300048828125,563.8699951171875,565.010009765625,64613600,561.716552734375
2025-08-01,558.8300170898438,559.02001953125,551.6799926757812,553.8800048828125,69400800,550.6513671875
2025-08-04,559.0499877929688,564.3200073242188,558.9500122070312,564.0999755859375,47669800,560.8118896484375
2025-08-05,565.3900146484375,566.5599975585938,559.72998046875,560.27001953125,48666600,557.004150390625
2025-08-06,561.1099853515625,567.760009765625,560.6300048828125,567.3200073242188,41823700,564.0130615234375
2025-08-07,571.6699829101562,573.3200073242188,565.1099853515625,569.239990234375,44463000,565.9219360351562
2025-08-08,570.4500122070312,574.77001953125,570.1500244140625,574.5499877929688,35255500,571.2008666992188
2025-08-11,574.6900024414062,576.7999877929688,571.5700073242188,572.8499755859375,33112900,569.5108032226562
2025-08-12,575.1599731445312,580.3499755859375,572.489990234375,580.0499877929688,42143300,576.6688232421875
2025-08-13,582.760009765625,583.3200073242188,578.9400024414062,580.3400268554688,41209300,576.9572143554688
2025-08-14,578.280029296875,581.8800048828125,577.9099731445312,579.8900146484375,45425000,576.5098876953125
2025-08-15,579.7999877929688,579.8400268554688,575.5700073242188,577.3400268554688,49480200,573.9747314453125
2025-08-18,576.4400024414062,577.77001953125,575.239990234375,577.1099853515625,29831000,573.7459716796875
2025-08-19,576.3900146484375,576.5599975585938,568.25,569.280029296875,53752600,565.961669921875
2025-08-20,568.3300170898438,568.4500122070312,558.8400268554688,565.9000244140625,76781100,562.6013793945312
2025-08-21,564.3499755859375,566.489990234375,560.97998046875,563.280029296875,46436900,559.9966430664062
2025-08-22,564.6699829101562,573.989990234375,563.27001953125,571.969970703125,51502100,568.635986328125
2025-08-25,570.4000244140625,573.2899780273438,569.1599731445312,570.3200073242188,34044700,566.99560546875
2025-08-26,569.8300170898438,572.9199829101562,568.7999877929688,572.6099853515625,34103000,569.272216796875
2025-08-27,571.5900268554688,574.4099731445312,570.3699951171875,573.489990234375,36927100,570.1470336914062
2025-08-28,574.1099853515625,578.0,572.4600219726562,577.0800170898438,46787900,573.7161254882812
2025-08-29,574.6599731445312,575.030029296875,568.5399780273438,570.4000244140625,56030400,567.0751342773438
2025-09-02,561.3099975585938,565.969970703125,559.5399780273438,565.6199951171875,65876800,562.3229370117188
2025-09-03,569.22998046875,571.7000122070312,566.72998046875,570.0700073242188,54230200,566.7470703125
2025-09-04,570.739990234375,575.5999755859375,569.030029296875,575.22998046875,47526300,571.8768920898438
2025-09-05,580.489990234375,581.1199951171875,571.530029296875,576.0599975585938,68342500,572.7020263671875
2025-09-08,578.3699951171875,580.8400268554688,577.77001953125,578.8699951171875,46371400,575.4957275390625
2025-09-09,579.6699829101562,580.9400024414062,577.0399780273438,580.510009765625,44007600,577.126220703125
2025-09-10,583.739990234375,583.77001953125,578.5499877929688,580.7000122070312,49308000,577.3150634765625
2025-09-11,583.239990234375,584.8800048828125,581.6199951171875,584.0800170898438,44745800,580.6753540039062
2025-09-12,585.0399780273438,587.8599853515625,584.0999755859375,586.6599731445312,50745900,583.2402954101562
2025-09-15,588.4400024414062,591.7899780273438,588.2899780273438,591.6799926757812,44360300,588.2310791015625
2025-09-16,592.6099853515625,592.8599853515625,590.489990234375,591.1799926757812,36942100,587.7339477539062
2025-09-17,591.0999755859375,591.75,584.3699951171875,590.0,69384800,586.5608520507812
2025-09-18,594.9099731445312,598.1400146484375,592.9600219726562,595.3200073242188,61069300,591.8499145507812
2025-09-19,597.3300170898438,600.0499877929688,595.8499755859375,599.3499755859375,58196100,595.8563232421875
2025-09-22,597.739990234375,602.8699951171875,597.719970703125,602.2000122070312,57154800,599.3838500976562
2025-09-23,602.3699951171875,602.5700073242188,596.97998046875,598.2000122070312,64635500,595.4025268554688
2025-09-24,599.5800170898438,599.9000244140625,593.3599853515625,596.0999755859375,49850300,593.3123168945312
2025-09-25,592.2000122070312,595.1199951171875,588.5,593.530029296875,70920200,590.75439453125
2025-09-26,594.3499755859375,596.2999877929688,591.0599975585938,595.969970703125,54337400,593.1829223632812
2025-09-29,599.1099853515625,602.0499877929688,597.4099731445312,598.72998046875,48332900,595.9299926757812
2025-09-30,598.4299926757812,600.7100219726562,596.0999755859375,600.3699951171875,46533800,597.5623779296875
2025-10-01,597.1699829101562,603.7899780273438,596.3400268554688,603.25,46899600,600.4288940429688
2025-10-02,607.0599975585938,607.1599731445312,602.9299926757812,605.72998046875,43765400,602.897216796875
2025-10-03,606.510009765625,607.3300170898438,601.3900146484375,603.1799926757812,46482100,600.3591918945312
2025-10-06,608.4500122070312,609.3599853515625,605.969970703125,607.7100219726562,41962100,604.8680419921875
2025-10-07,609.02001953125,609.7100219726562,603.030029296875,604.510009765625,58209500,601.6829833984375
2025-10-08,605.4099731445312,611.75,605.260009765625,611.4400024414062,50629800,608.5805053710938
2025-10-09,611.47998046875,611.6099853515625,607.47998046875,610.7000122070312,45551000,607.8441162109375
2025-10-10,611.4000244140625,613.1799926757812,589.0499877929688,589.5,97614800,586.7432250976562
2025-10-13,599.6799926757812,602.9500122070312,597.22998046875,602.010009765625,65872600,599.1947021484375
2025-10-14,595.3099975585938,602.6900024414062,590.1300048828125,598.0,69203200,595.203369140625
2025-10-15,604.010009765625,606.7000122070312,595.9299926757812,602.219970703125,62805500,599.4036254882812
2025-10-16,605.1099853515625,608.3099975585938,595.5,599.989990234375,70982000,597.18408203125
2025-10-17,597.9500122070312,605.510009765625,596.3699951171875,603.9299926757812,72024900,601.1056518554688
2025-10-20,607.1400146484375,612.7999877929688,607.0700073242188,611.5399780273438,45761700,608.6800537109375
2025-10-21,611.6400146484375,612.719970703125,609.3200073242188,611.3800048828125,44538200,608.5208740234375
2025-10-22,610.8200073242188,611.4099731445312,599.739990234375,605.489990234375,61478800,602.6583862304688
2025-10-23,604.9099731445312,611.3699951171875,604.52001953125,610.5800170898438,42844300,607.724609375
2025-10-24,615.989990234375,618.4199829101562,615.1300048828125,617.0999755859375,47632500,614.214111328125
2025-10-27,624.52001953125,628.5499877929688,624.030029296875,628.0900268554688,54098600,625.1527099609375
2025-10-28,630.3599853515625,634.6799926757812,629.25,632.9199829101562,61195700,629.9600830078125
2025-10-29,635.5900268554688,637.010009765625,630.25,635.77001953125,67422800,632.7967529296875
2025-10-30,632.1699829101562,633.5,625.9400024414062,626.0499877929688,61628600,623.1222534179688
2025-10-31,634.1699829101562,634.2000122070312,626.6900024414062,629.0700073242188,66305100,626.1280517578125
2025-11-03,635.1099853515625,635.8200073242188,629.8499755859375,632.0800170898438,37154300,629.1240844726562
2025-11-04,623.280029296875,626.9500122070312,618.4600219726562,619.25,63830800,616.35400390625
2025-11-05,618.489990234375,626.5999755859375,617.2100219726562,623.280029296875,48688500,620.3651733398438
2025-11-06,621.7899780273438,622.0399780273438,610.2999877929688,611.6699829101562,72115100,608.8094482421875
2025-11-07,608.3099975585938,609.9500122070312,598.6699829101562,609.739990234375,81835400,606.8884887695312
2025-11-10,618.9199829101562,624.3099975585938,616.8900146484375,623.22998046875,55919900,620.3153686523438
2025-11-11,620.5700073242188,622.719970703125,617.52001953125,621.5700073242188,44868800,618.6632080078125
2025-11-12,624.8400268554688,624.8599853515625,617.8099975585938,621.0800170898438,47444400,618.175537109375
2025-11-13,617.5399780273438,618.1199951171875,606.0800170898438,608.4000244140625,71333600,605.5548095703125
2025-11-14,599.5499877929688,613.3499755859375,597.1699829101562,608.8599853515625,80087300,606.0126953125
2025-11-17,606.2999877929688,612.47998046875,599.8699951171875,603.6599731445312,63850400,600.8369750976562
2025-11-18,599.6199951171875,602.3099975585938,591.3400268554688,596.3099975585938,83327300,593.5213012695312
2025-11-19,597.0700073242188,606.1599731445312,594.5900268554688,599.8699951171875,73111500,597.064697265625
2025-11-20,611.6199951171875,614.030029296875,584.75,585.6699829101562,117743200,582.9310913085938
2025-11-21,587.469970703125,596.97998046875,580.739990234375,590.0700073242188,103344200,587.310546875
2025-11-24,595.280029296875,606.6799926757812,595.1599731445312,605.1599731445312,60168100,602.3298950195312
2025-11-25,603.510009765625,610.260009765625,597.3200073242188,608.8900146484375,57560900,606.0425415039062
2025-11-26,612.510009765625,616.1900024414062,610.3900146484375,614.27001953125,42393600,611.3973999023438
2025-11-28,616.1099853515625,619.3200073242188,615.4199829101562,619.25,23034400,616.35400390625
2025-12-01,613.6300048828125,619.4400024414062,612.52001953125,617.1699829101562,40957600,614.2837524414062
2025-12-02,619.4600219726562,623.75,617.5900268554688,622.0,54541800,619.0911865234375
2025-12-03,619.6199951171875,624.219970703125,618.030029296875,623.52001953125,47841600,620.6040649414062
2025-12-04,624.9299926757812,624.9400024414062,619.5399780273438,622.9400024414062,47067800,620.0267333984375
2025-12-05,624.3800048828125,628.9199829101562,623.7100219726562,625.47998046875,53614200,622.554931640625
2025-12-08,627.2100219726562,628.8400268554688,621.6900024414062,624.280029296875,43462400,621.3605346679688
2025-12-09,623.010009765625,625.8699951171875,621.0,625.0499877929688,37156000,622.126953125
2025-12-10,623.8499755859375,629.2100219726562,620.989990234375,627.6099853515625,55031400,624.6749267578125
2025-12-11,623.8200073242188,625.780029296875,617.719970703125,625.5800170898438,58272800,622.6544799804688
2025-12-12,622.0800170898438,623.5399780273438,611.3599853515625,613.6199951171875,75158700,610.7503051757812
2025-12-15,618.3699951171875,618.4199829101562,609.3200073242188,610.5399780273438,49538200,607.6847534179688
2025-12-16,608.260009765625,613.510009765625,606.9099731445312,611.75,55152800,608.88916015625
2025-12-17,613.0599975585938,613.6500244140625,600.280029296875,600.4099731445312,70654300,597.6021118164062
2025-12-18,609.7999877929688,612.9299926757812,606.9199829101562,609.1099853515625,78875800,606.2614135742188
2025-12-19,611.9500122070312,617.6199951171875,611.8699951171875,617.0499877929688,60369800,614.164306640625
2025-12-22,621.3499755859375,621.6500244140625,617.77001953125,619.2100219726562,43703100,617.1083374023438
2025-12-23,618.2000122070312,622.4099731445312,617.780029296875,622.1099853515625,41120400,619.9984130859375
2025-12-24,621.989990234375,624.280029296875,621.719970703125,623.9299926757812,18468700,621.812255859375
2025-12-26,624.6599731445312,625.52001953125,623.1400146484375,623.8900146484375,28959800,621.7724609375
2025-12-29,620.0999755859375,622.780029296875,618.72998046875,620.8699951171875,32458300,618.7626342773438
2025-12-30,619.8400268554688,622.1799926757812,619.219970703125,619.4299926757812,31226800,617.3275756835938
2025-12-31,619.6500244140625,619.9600219726562,614.0499877929688,614.3099975585938,40746500,612.2249145507812
2026-01-02,620.0599975585938,622.8499755859375,610.1500244140625,613.1199951171875,61859200,611.0389404296875
2026-01-05,619.3200073242188,620.8099975585938,616.719970703125,617.989990234375,46828400,615.8923950195312
2026-01-06,619.22998046875,624.02001953125,618.5399780273438,623.4199829101562,43137500,621.303955078125
2026-01-07,623.0399780273438,627.9400024414062,622.5599975585938,624.02001953125,44880300,621.9020385742188
2026-01-08,623.030029296875,623.4199829101562,617.7999877929688,620.469970703125,50435900,618.3639526367188
2026-01-09,621.4099731445312,627.8900146484375,619.0599975585938,626.6500244140625,49688700,624.5230712890625
2026-01-12,622.3099975585938,628.8499755859375,622.260009765625,627.1699829101562,37388700,625.041259765625
2026-01-13,627.27001953125,629.469970703125,623.7000122070312,626.239990234375,44481400,624.1144409179688
2026-01-14,622.239990234375,623.4500122070312,614.5599975585938,619.5499877929688,72598700,617.4471435546875
2026-01-15,626.5999755859375,630.0,620.75,621.780029296875,53934900,619.6696166992188
2026-01-16,625.5,626.0800170898438,618.8800048828125,621.260009765625,61058100,619.1513671875
2026-01-20,610.530029296875,615.0599975585938,607.0499877929688,608.0599975585938,81988900,605.9961547851562
2026-01-21,609.469970703125,620.4199829101562,607.8599853515625,616.280029296875,79837900,614.1882934570312
2026-01-22,622.3499755859375,622.4600219726562,617.780029296875,620.760009765625,42254800,618.6530151367188
2026-01-23,619.72998046875,625.4000244140625,618.6500244140625,622.719970703125,43645800,620.6063842773438
2026-01-26,623.2100219726562,627.6099853515625,622.1199951171875,625.4600219726562,35983000,623.3370971679688
2026-01-27,628.9099731445312,632.0399780273438,627.3400268554688,631.1300048828125,38997200,628.9878540039062
2026-01-28,635.4600219726562,636.5999755859375,631.8099975585938,633.219970703125,50691700,631.0706787109375
2026-01-29,632.6500244140625,633.6699829101562,618.27001953125,629.4299926757812,79944000,627.2936401367188
2026-01-30,625.7100219726562,628.260009765625,619.2999877929688,621.8699951171875,65650700,619.7592163085938
2026-02-02,618.7000122070312,628.489990234375,618.6599731445312,626.1400146484375,49020300,624.0147705078125
2026-02-03,628.2999877929688,629.97998046875,610.9600219726562,616.52001953125,81234000,614.4274291992188
2026-02-04,615.02001953125,615.0999755859375,600.469970703125,605.75,81850700,603.6939697265625
2026-02-05,600.2100219726562,604.8099975585938,594.760009765625,597.030029296875,89354500,595.0036010742188
2026-02-06,600.1900024414062,611.4099731445312,598.77001953125,609.6500244140625,78019300,607.5807495117188
2026-02-09,607.5399780273438,616.4600219726562,605.0700073242188,614.3200073242188,56797600,612.2349243164062
2026-02-10,615.3099975585938,617.02001953125,611.010009765625,611.469970703125,53938900,609.3945922851562
2026-02-11,616.3800048828125,617.52001953125,607.6900024414062,613.1099853515625,58575100,611.0289916992188
2026-02-12,614.7100219726562,615.8099975585938,599.5700073242188,600.6400146484375,81378900,598.601318359375
2026-02-13,600.4299926757812,606.47998046875,596.4199829101562,601.9199829101562,69237500,599.876953125
2026-02-17,598.3800048828125,603.9500122070312,593.3400268554688,601.2999877929688,69013800,599.259033203125
2026-02-18,602.1099853515625,609.77001953125,600.719970703125,605.7899780273438,64250700,603.7338256835938
2026-02-19,602.8099975585938,605.8200073242188,600.75,603.469970703125,60960800,601.4216918945312
2026-02-20,600.1199951171875,610.3499755859375,599.22998046875,608.8099975585938,74127300,606.74365234375
2026-02-23,606.6099853515625,608.010009765625,599.0499877929688,601.4099731445312,63859100,599.36865234375
2026-02-24,602.4000244140625,608.989990234375,599.72998046875,607.8699951171875,55023700,605.8067626953125
2026-02-25,611.0700073242188,616.8300170898438,611.0,616.6799926757812,55710700,614.5868530273438
2026-02-26,615.5900268554688,615.5900268554688,603.97998046875,609.239990234375,96178900,607.1721801757812
2026-02-27,602.97998046875,608.3200073242188,602.1900024414062,607.2899780273438,68125200,605.228759765625
2026-03-02,598.8599853515625,609.9199829101562,597.989990234375,608.0900268554688,75264600,606.0260009765625
2026-03-03,596.3300170898438,603.9600219726562,591.8699951171875,601.5800170898438,97015500,599.5381469726562
2026-03-04,604.1599731445312,612.8800048828125,603.4299926757812,610.75,70943900,608.6770629882812
2026-03-05,607.4000244140625,612.760009765625,602.260009765625,608.9099731445312,89602400,606.84326171875
2026-03-06,600.3099975585938,606.0,598.3300170898438,599.75,86302300,597.7142944335938
2026-03-09,594.22998046875,609.27001953125,591.3300170898438,607.760009765625,93068200,605.6971435546875
2026-03-10,607.780029296875,613.2899780273438,605.4199829101562,607.77001953125,64078900,605.7071533203125
2026-03-11,608.9500122070312,612.4299926757812,605.030029296875,607.6900024414062,60114800,605.62744140625
2026-03-12,602.760009765625,604.1400146484375,597.0499877929688,597.260009765625,71836600,595.2328491210938
2026-03-13,599.72998046875,603.5999755859375,592.5700073242188,593.719970703125,63145500,591.7047729492188
2026-03-16,600.0399780273438,603.8599853515625,599.1099853515625,600.3800048828125,49077200,598.3422241210938
2026-03-17,603.1400146484375,605.9000244140625,601.8699951171875,603.3099975585938,47106600,601.2622680664062
2026-03-18,601.489990234375,603.1599731445312,594.5599975585938,594.9000244140625,56128000,592.8807983398438
2026-03-19,589.510009765625,595.7999877929688,587.0800170898438,593.02001953125,75597600,591.0072021484375
2026-03-20,591.0599975585938,591.1699829101562,578.5399780273438,582.0599975585938,91964700,580.0844116210938
2026-03-23,590.52001953125,595.0800170898438,585.9600219726562,588.0,89936100,586.7431640625
2026-03-24,584.8099975585938,587.9299926757812,581.9299926757812,583.97998046875,57750900,582.731689453125
2026-03-25,589.1400146484375,591.3699951171875,585.6900024414062,587.8200073242188,60475500,586.5635375976562
2026-03-26,582.5999755859375,584.6300048828125,573.4299926757812,573.7899780273438,81492100,572.5634765625
2026-03-27,570.8099975585938,571.02001953125,561.5700073242188,562.5800170898438,82702200,561.37744140625
2026-03-30,567.3800048828125,568.0499877929688,555.5999755859375,558.280029296875,70602600,557.0867309570312
2026-03-31,564.2899780273438,578.6400146484375,564.2100219726562,577.1799926757812,95878000,575.9462280273438
2026-04-01,581.47998046875,587.739990234375,580.4199829101562,584.3099975585938,79435100,583.06103515625
2026-04-02,573.969970703125,586.0499877929688,571.9199829101562,584.97998046875,50941700,583.7295532226562
2026-04-06,586.22998046875,590.6099853515625,584.6900024414062,588.5,35108500,587.2420654296875
2026-04-07,585.6400146484375,588.97998046875,578.4000244140625,588.5900268554688,49948200,587.3319091796875
2026-04-08,608.7100219726562,609.9000244140625,602.1199951171875,606.0900268554688,63086000,604.7944946289062
2026-04-09,605.9299926757812,610.5,603.030029296875,610.1900024414062,37837500,608.8856811523438
2026-04-10,611.8400268554688,613.6699829101562,609.5800170898438,611.0700073242188,34038500,609.7637939453125
2026-04-13,609.47998046875,626.739990234375,608.1099853515625,617.3900146484375,32972100,616.0703735351562
2026-04-14,620.219970703125,628.5999755859375,620.0999755859375,628.5999755859375,49921100,627.2562866210938
2026-04-15,629.0800170898438,637.8300170898438,628.2000122070312,637.4000244140625,50102400,636.0375366210938
2026-04-16,639.2100219726562,642.1799926757812,635.260009765625,640.469970703125,42320600,639.1009521484375
2026-04-17,645.5900268554688,650.0,644.0700073242188,648.8499755859375,53488900,647.4630126953125
2026-04-20,648.0399780273438,648.760009765625,642.52001953125,646.7899780273438,37138500,645.4074096679688
2026-04-21,648.4099731445312,650.2000122070312,642.2100219726562,644.3300170898438,39580500,642.9527587890625
2026-04-22,650.1500244140625,655.3300170898438,648.52001953125,655.1099853515625,37368400,653.7096557617188
2026-04-23,653.5499877929688,656.9199829101562,645.52001953125,651.4199829101562,40099800,650.0275268554688
2026-04-24,658.510009765625,664.510009765625,656.530029296875,663.8800048828125,45563100,662.4609375
2026-04-27,663.4000244140625,664.4299926757812,660.6900024414062,664.22998046875,32717000,662.8101806640625
2026-04-28,657.4099731445312,659.6400146484375,653.8099975585938,657.5499877929688,34147900,656.1444702148438
2026-04-29,658.6300048828125,661.719970703125,656.5900268554688,661.5700073242188,31724900,660.1558837890625
2026-04-30,665.3499755859375,668.9000244140625,657.5599975585938,667.739990234375,40622200,666.3126831054688
2026-05-01,669.1599731445312,675.969970703125,668.7999877929688,674.1500244140625,39172600,672.7090454101562
2026-05-04,674.6599731445312,676.72998046875,668.9000244140625,672.8800048828125,34542000,671.4417114257812
2026-05-05,677.9600219726562,682.77001953125,677.510009765625,681.6099853515625,37101100,680.1530151367188
2026-05-06,687.780029296875,695.9299926757812,686.47998046875,695.77001953125,38778500,694.2827758789062
2026-05-07,696.5800170898438,701.239990234375,691.77001953125,694.9400024414062,43779100,693.4545288085938
2026-05-08,699.9199829101562,711.22998046875,699.5,711.22998046875,44320400,709.709716796875
2026-05-11,710.3599853515625,714.5900268554688,708.9099731445312,713.2899780273438,36019100,711.7653198242188
2026-05-12,708.219970703125,710.1799926757812,696.6400146484375,707.239990234375,45873000,705.7282104492188
2026-05-13,709.9600219726562,716.6500244140625,704.8300170898438,714.7100219726562,40012500,713.1823120117188
2026-05-14,714.6199951171875,722.030029296875,714.219970703125,719.7899780273438,33327500,718.2514038085938
2026-05-15,710.1400146484375,715.1300048828125,705.5499877929688,708.9299926757812,51792700,707.4146118164062
2026-05-18,711.5399780273438,712.0700073242188,698.8499755859375,705.8800048828125,49834500,704.3711547851562
2026-05-19,699.8099975585938,706.489990234375,695.25,701.530029296875,46827500,700.030517578125
2026-05-20,705.2899780273438,713.1500244140625,703.7899780273438,713.1500244140625,36779200,711.6256103515625
2026-05-21,708.989990234375,717.1199951171875,706.77001953125,714.510009765625,36415400,712.9827270507812
2026-05-22,718.0700073242188,722.1199951171875,715.9500122070312,717.5399780273438,33118600,716.0062255859375
2026-05-26,725.9600219726562,731.1699829101562,724.1599731445312,730.280029296875,34254700,728.718994140625
2026-05-27,732.9600219726562,733.3200073242188,725.4400024414062,729.4500122070312,35148700,727.8907470703125
2026-05-28,729.72998046875,736.5999755859375,726.4099731445312,735.5999755859375,32840000,734.0276489257812
2026-05-29,737.8400268554688,741.6300048828125,735.25,738.3099975585938,37541700,736.7318115234375
2026-06-01,737.0399780273438,745.6500244140625,735.989990234375,742.739990234375,33890600,741.15234375
2026-06-02,742.4000244140625,746.4400024414062,739.22998046875,746.1599731445312,30085200,744.5650024414062
2026-06-03,747.3099975585938,748.6500244140625,741.010009765625,744.2100219726562,40270200,742.6192626953125
2026-06-04,735.47998046875,743.5,732.6199951171875,740.6099853515625,40782600,739.0269165039062
2026-06-05,730.0599975585938,731.6900024414062,704.3200073242188,705.0599975585938,99606600,703.5528564453125
2026-06-08,717.8099975585938,723.030029296875,713.0700073242188,716.0700073242188,47401500,714.5394287109375
2026-06-09,722.97998046875,725.6599731445312,686.3699951171875,707.8300170898438,91932200,706.3170166015625
2026-06-10,701.6599731445312,711.280029296875,692.9299926757812,693.6900024414062,65334300,692.2072143554688
2026-06-11,699.2899780273438,718.3699951171875,695.0,717.1199951171875,71798900,715.587158203125
2026-06-12,717.6099853515625,724.010009765625,711.280029296875,721.3400268554688,51168400,719.7981567382812
2026-06-15,738.0999755859375,744.760009765625,737.3800048828125,744.0,46710200,742.40966796875
2026-06-16,742.25,744.219970703125,729.6400146484375,729.8599853515625,45348700,728.2998657226562
2026-06-17,735.1900024414062,735.6799926757812,720.8499755859375,722.510009765625,51669300,720.9656372070312
2026-06-18,737.2000122070312,741.8200073242188,732.510009765625,740.6199951171875,50154600,739.0369262695312
2026-06-22,742.02001953125,745.4500122070312,734.3900146484375,737.9500122070312,43518600,737.1818237304688
2026-06-23,715.739990234375,723.6099853515625,712.1099853515625,713.6500244140625,53354200,712.9071655273438
2026-06-24,715.3699951171875,719.9299926757812,704.4500122070312,710.6199951171875,52480400,709.8803100585938
2026-06-25,725.9000244140625,726.8300170898438,705.2999877929688,716.3800048828125,49668000,715.63427734375
2026-06-26,707.1300048828125,715.5599975585938,702.8099975585938,706.52001953125,47081800,705.7846069335938
2026-06-29,713.989990234375,724.5800170898438,705.1699829101562,724.0800170898438,44939100,723.3262939453125
2026-06-30,724.1799926757812,737.6199951171875,723.9099731445312,736.4000244140625,42121800,735.6334838867188
2026-07-01,729.1900024414062,731.9199829101562,724.5999755859375,725.1699829101562,40803800,724.4151000976562
2026-07-02,725.5800170898438,730.8300170898438,707.5599975585938,712.5999755859375,50959800,711.8582153320312
2026-07-06,719.9299926757812,726.0800170898438,718.4500122070312,722.8200073242188,30220400,722.067626953125
2026-07-07,714.1699829101562,716.3499755859375,704.9000244140625,709.4299926757812,42483100,708.6915283203125
2026-07-08,704.9500122070312,712.260009765625,700.9099731445312,711.4400024414062,35603200,710.699462890625
2026-07-09,718.3300170898438,724.22998046875,715.1300048828125,723.280029296875,33654700,722.5271606445312
2026-07-10,720.7000122070312,726.3900146484375,717.0,725.510009765625,26415900,724.7548217773438
2026-07-13,717.719970703125,718.739990234375,710.0800170898438,711.739990234375,36552400,710.9990844726562
2026-07-14,720.219970703125,722.2899780273438,714.3400268554688,719.6900024414062,29448100,718.9408569335938
2026-07-15,723.8499755859375,724.3599853515625,710.22998046875,717.739990234375,32627600,716.9928588867188
2026-07-16,712.010009765625,713.5999755859375,702.6099853515625,705.9400024414062,39402000,705.2051391601562
2026-07-17,691.6500244140625,702.2999877929688,686.760009765625,695.3300170898438,54109300,694.606201171875
2026-07-20,702.1599731445312,705.7999877929688,695.510009765625,696.0599975585938,29687600,695.33544921875
2026-07-21,706.5700073242188,710.0499877929688,702.7999877929688,708.969970703125,33728300,708.2319946289062
2026-07-22,703.6199951171875,709.6500244140625,703.6199951171875,705.3499755859375,23692200,704.61572265625
2026-07-23,694.6699829101562,698.6599731445312,687.7899780273438,691.9600219726562,44028600,691.23974609375
2026-07-24,690.4099731445312,692.6300048828125,682.47998046875,684.22998046875,42876700,683.5177612304688
2026-07-27,691.6799926757812,692.2999877929688,675.9500122070312,682.1199951171875,42681500,681.4099731445312
2026-07-28,676.22998046875,679.4000244140625,667.8800048828125,675.489990234375,51398700,674.786865234375
2026-07-29,675.510009765625,680.0499877929688,661.1400146484375,661.72998046875,57233300,661.0411376953125
2026-07-30,674.760009765625,685.1199951171875,673.2999877929688,683.5499877929688,66753700,682.8384399414062
2026-07-31,692.1099853515625,695.77001953125,680.0499877929688,687.989990234375,50540500,687.2738647460938
2026-08-03,688.2999877929688,701.5900268554688,685.8200073242188,700.0700073242188,44965100,699.34130859375
2026-08-04,708.1599731445312,725.6599731445312,707.530029296875,723.8499755859375,59778600,723.0964965820312
2026-08-05,726.25,728.5399780273438,716.9199829101562,717.2999877929688,33540200,716.5533447265625
2026-08-06,710.8200073242188,719.3200073242188,708.5,714.6500244140625,33035900,713.9061279296875
2026-08-07,720.1500244140625,723.6300048828125,716.510009765625,723.030029296875,31070400,722.2774047851562
2026-08-10,722.3900146484375,724.6699829101562,720.3300170898438,720.8699951171875,26243200,720.11962890625
2026-08-11,723.2899780273438,723.3499755859375,715.5,718.4500122070312,29286100,717.7021484375
2026-08-12,727.0800170898438,727.25,722.9199829101562,723.7000122070312,29066000,722.9467163085938
2026-08-13,725.1500244140625,733.9600219726562,724.030029296875,732.0700073242188,31599700,731.3079833984375
2026-08-14,733.4099731445312,734.3900146484375,728.3200073242188,731.0700073242188,23790600,730.3090209960938
2026-08-17,732.9500122070312,734.5800170898438,729.27001953125,729.8699951171875,26452600,729.1102294921875
2026-08-18,720.2100219726562,722.1300048828125,715.9199829101562,717.510009765625,48997200,716.7631225585938
2026-08-19,720.3900146484375,721.5,712.6099853515625,716.0800170898438,35801700,715.3345947265625
2026-08-20,712.0900268554688,714.9400024414062,708.52001953125,710.9299926757812,33396400,710.18994140625
2026-08-21,715.22998046875,715.6699829101562,709.2000122070312,713.4400024414062,33399400,712.6973876953125
2026-08-24,709.6599731445312,709.7899780273438,702.7000122070312,706.3200073242188,37443100,705.5847778320312
2026-08-25,711.219970703125,714.0399780273438,707.4500122070312,710.719970703125,23869600,709.9801635742188
2026-08-26,708.4099731445312,713.02001953125,707.969970703125,711.3699951171875,20392400,710.6295166015625
2026-08-27,716.9299926757812,721.3499755859375,714.530029296875,721.1099853515625,28723500,720.359375
2026-08-28,719.739990234375,724.1300048828125,715.0900268554688,716.4299926757812,34105400,715.6842651367188
2026-08-31,715.1699829101562,717.5800170898438,713.1599731445312,716.760009765625,32237200,716.013916015625
2026-09-01,707.3900146484375,712.2999877929688,704.6599731445312,707.6400146484375,35236100,706.9033813476562
2026-09-02,707.0999755859375,709.7999877929688,705.0999755859375,709.239990234375,23476200,708.501708984375
2026-09-03,710.8499755859375,718.9199829101562,709.6900024414062,717.6699829101562,29449800,716.9229125976562
2026-09-04,719.3499755859375,721.8599853515625,716.5599975585938,718.9600219726562,32871100,718.2116088867188
2026-09-08,720.9099731445312,721.8900146484375,715.5700073242188,718.3599853515625,28341400,717.6122436523438
2026-09-09,716.4000244140625,719.7000122070312,714.02001953125,716.3099975585938,26763400,715.5643920898438
2026-09-10,707.5499877929688,712.0599975585938,706.8599853515625,708.6900024414062,31414400,707.9523315429688
2026-09-11,715.6799926757812,717.6300048828125,713.6300048828125,714.8800048828125,26649100,714.1358642578125
2026-09-14,703.3300170898438,712.9500122070312,702.739990234375,709.1799926757812,35219000,708.4417724609375
2026-09-15,708.7999877929688,709.530029296875,703.6400146484375,704.5399780273438,26631700,703.8065795898438
2026-09-16,708.0,711.8800048828125,700.0,704.719970703125,35688000,703.9863891601562
2026-09-17,715.9500122070312,718.0399780273438,713.3200073242188,716.9199829101562,37270300,716.1737060546875
2026-09-18,718.8300170898438,721.72998046875,715.0800170898438,721.4500122070312,48478700,720.6990356445312
2026-09-21,727.8900146484375,743.219970703125,727.8099975585938,741.469970703125,46730600,741.469970703125
2026-09-22,740.97998046875,748.3499755859375,740.9299926757812,747.4600219726562,40128800,747.4600219726562
2026-09-23,746.969970703125,747.1300048828125,738.1900024414062,741.2100219726562,33191800,741.2100219726562
2026-09-24,735.2899780273438,742.6599731445312,734.6199951171875,741.0999755859375,29000900,741.0999755859375
2026-09-25,742.8300170898438,745.9199829101562,739.6400146484375,744.5,30283800,744.5
2026-09-28,740.4600219726562,741.4199829101562,731.6300048828125,736.530029296875,41775000,736.530029296875
2026-09-29,740.1500244140625,740.5800170898438,735.3400268554688,737.9299926757812,27052300,737.9299926757812
2026-09-30,740.1900024414062,745.0999755859375,739.4600219726562,739.77001953125,29820400,739.77001953125
2026-10-01,742.510009765625,744.6699829101562,736.25,742.030029296875,35534100,742.030029296875
