date,open,high,low,close,volume,adjclose
2021-10-04,86.37000274658203,87.45999908447266,85.69999694824219,86.12000274658203,1544600,73.60798645019531
2021-10-05,86.70999908447266,89.05000305175781,86.41000366210938,88.72000122070312,2983900,75.83024597167969
2021-10-06,87.51000213623047,88.7300033569336,86.97000122070312,88.47000122070312,2148900,75.61656951904297
2021-10-07,90.37000274658203,90.58999633789062,89.0199966430664,89.08000183105469,1972500,76.1379623413086
2021-10-08,89.2300033569336,91.91999816894531,89.20999908447266,91.19999694824219,1857000,77.94994354248047
2021-10-11,91.29000091552734,92.6500015258789,90.77999877929688,90.97000122070312,1884900,77.75335693359375
2021-10-12,91.18000030517578,91.94000244140625,90.26000213623047,90.62999725341797,2350900,77.46275329589844
2021-10-13,90.91999816894531,90.91999816894531,88.73999786376953,89.61000061035156,2116600,76.59095001220703
2021-10-14,90.77999877929688,92.13999938964844,90.16000366210938,91.70999908447266,1557000,78.38582611083984
2021-10-15,92.18000030517578,93.91999816894531,91.80000305175781,92.7300033569336,3815000,79.25765228271484
2021-10-18,93.0,98.0,92.8499984741211,94.79000091552734,6501900,81.01837921142578
2021-10-19,95.30999755859375,97.4000015258789,93.62000274658203,97.05999755859375,3427000,82.95857238769531
2021-10-20,97.0999984741211,99.44999694824219,96.44999694824219,99.37000274658203,2609000,84.93296813964844
2021-10-21,99.30999755859375,100.36000061035156,97.62000274658203,98.13999938964844,2328500,83.88166809082031
2021-10-22,98.73999786376953,100.44999694824219,98.30999755859375,99.4000015258789,2029100,84.9585952758789
2021-10-25,99.44000244140625,99.98999786376953,97.97000122070312,98.5999984741211,1111300,84.27483367919922
2021-10-26,98.73999786376953,98.97000122070312,97.9000015258789,98.2699966430664,1329600,83.99276733398438
2021-10-27,97.37999725341797,98.0199966430664,96.22000122070312,96.23999786376953,1960000,82.25768280029297
2021-10-28,96.41000366210938,98.86000061035156,96.2699966430664,98.81999969482422,1422100,84.4628677368164
2021-10-29,98.79000091552734,99.54000091552734,97.88999938964844,98.55000305175781,1709600,84.23210144042969
2021-11-01,99.38999938964844,99.91999816894531,98.61000061035156,99.33000183105469,1155500,84.8987808227539
2021-11-02,99.1500015258789,100.2699966430664,99.0,99.44000244140625,1347700,84.99279022216797
2021-11-03,98.80999755859375,100.69000244140625,98.3499984741211,99.5999984741211,1541500,85.1295394897461
2021-11-04,99.3499984741211,99.3499984741211,95.61000061035156,96.52999877929688,2063900,82.50557708740234
2021-11-05,97.56999969482422,97.91000366210938,95.48999786376953,95.66999816894531,2510800,81.77051544189453
2021-11-08,96.33000183105469,96.93000030517578,95.9000015258789,96.62999725341797,1372000,82.5910415649414
2021-11-09,95.73999786376953,96.69000244140625,95.20999908447266,96.02999877929688,1172300,82.07820892333984
2021-11-10,95.80000305175781,98.33000183105469,95.61000061035156,97.55000305175781,1708400,83.37739562988281
2021-11-11,97.44000244140625,99.13999938964844,97.1500015258789,98.4800033569336,1337300,84.17225646972656
2021-11-12,98.69999694824219,99.27999877929688,98.08999633789062,99.06999969482422,2585900,84.6765365600586
2021-11-15,99.41999816894531,99.93000030517578,98.86000061035156,99.91999816894531,1384500,85.4030532836914
2021-11-16,99.58000183105469,99.72000122070312,98.55999755859375,98.61000061035156,1740300,84.28337860107422
2021-11-17,98.31999969482422,98.36000061035156,95.98999786376953,96.19000244140625,1367900,82.21497344970703
2021-11-18,96.43000030517578,96.68000030517578,94.8499984741211,95.23999786376953,1156100,81.40296936035156
2021-11-19,94.43000030517578,95.0999984741211,93.41999816894531,94.75,1229000,80.98417663574219
2021-11-22,96.2699966430664,98.16000366210938,95.75,97.25,1467000,83.1209716796875
2021-11-23,97.76000213623047,98.41999816894531,97.19000244140625,98.19999694824219,1518600,83.93292999267578
2021-11-24,97.6500015258789,98.68000030517578,97.04000091552734,98.26000213623047,1096300,83.9842300415039
2021-11-26,93.4000015258789,94.06999969482422,92.47000122070312,93.3499984741211,1330400,79.78759765625
2021-11-29,95.04000091552734,95.3499984741211,92.61000061035156,93.19000244140625,1872500,79.65082550048828
2021-11-30,91.25,91.43000030517578,88.61000061035156,88.97000122070312,4767100,76.0439224243164
2021-12-01,91.16999816894531,92.44000244140625,88.55999755859375,88.62000274658203,2753400,75.74478149414062
2021-12-02,89.68000030517578,93.0,89.37000274658203,92.38999938964844,2494600,78.967041015625
2021-12-03,92.55999755859375,92.9800033569336,89.12000274658203,90.01000213623047,2634600,76.9328384399414
2021-12-06,91.88999938964844,94.62999725341797,91.61000061035156,93.61000061035156,4280600,80.00980377197266
2021-12-07,94.0199966430664,95.58999633789062,93.75,94.9000015258789,3560300,81.11237335205078
2021-12-08,94.22000122070312,94.5,91.7300033569336,92.91000366210938,3633100,79.41150665283203
2021-12-09,92.12000274658203,94.63999938964844,91.94000244140625,93.9800033569336,2751400,80.32605743408203
2021-12-10,94.73999786376953,94.97000122070312,92.87000274658203,93.51000213623047,2125600,79.92432403564453
2021-12-13,93.12999725341797,93.4000015258789,90.80000305175781,91.26000213623047,2030900,78.00123596191406
2021-12-14,91.11000061035156,93.0,90.83000183105469,92.0999984741211,1840500,78.71917724609375
2021-12-15,92.04000091552734,92.44000244140625,89.83999633789062,91.86000061035156,2389000,78.51405334472656
2021-12-16,93.66999816894531,94.0,92.08999633789062,92.69000244140625,2312000,79.22348022460938
2021-12-17,92.51000213623047,92.97000122070312,90.19999694824219,91.83000183105469,3364400,78.48841857910156
2021-12-20,89.94999694824219,90.20999908447266,88.13999938964844,90.0999984741211,1658900,77.00975799560547
2021-12-21,91.47000122070312,93.33000183105469,91.43000030517578,92.31999969482422,2119300,78.9072265625
2021-12-22,92.0999984741211,93.30000305175781,91.7300033569336,92.58999633789062,1698500,79.13800048828125
2021-12-23,93.23999786376953,94.16000366210938,92.88999938964844,93.02999877929688,1267700,79.51406860351562
2021-12-27,93.27999877929688,93.83000183105469,92.69000244140625,93.79000091552734,1106300,80.16365051269531
2021-12-28,93.26000213623047,94.5199966430664,93.26000213623047,93.69999694824219,2430400,80.08673095703125
2021-12-29,93.9800033569336,94.58999633789062,93.61000061035156,93.79000091552734,1038200,80.16365051269531
2021-12-30,94.01000213623047,94.72000122070312,93.13999938964844,93.23999786376953,846900,79.69356536865234
2021-12-31,92.30000305175781,93.44999694824219,92.26000213623047,93.0,967600,79.97736358642578
2022-01-03,93.9000015258789,94.94000244140625,93.56999969482422,94.44999694824219,1614600,81.22430419921875
2022-01-04,95.7699966430664,99.19000244140625,95.7699966430664,98.31999969482422,2367300,84.55239868164062
2022-01-05,98.9000015258789,99.98999786376953,97.06999969482422,97.1500015258789,2907200,83.54624938964844
2022-01-06,98.44000244140625,99.7699966430664,97.16999816894531,98.91999816894531,2494600,85.06837463378906
2022-01-07,98.6500015258789,102.31999969482422,98.47000122070312,101.66000366210938,4315700,87.42471313476562
2022-01-10,102.20999908447266,102.4000015258789,99.75,101.19999694824219,3335400,87.02912139892578
2022-01-11,101.91000366210938,102.54000091552734,100.54000091552734,102.3499984741211,2493800,88.01808166503906
2022-01-12,102.69000244140625,103.69999694824219,102.19000244140625,103.33000183105469,2808200,88.86084747314453
2022-01-13,103.55999755859375,104.87000274658203,103.05000305175781,103.44000244140625,1977600,88.95545959472656
2022-01-14,102.06999969482422,103.87000274658203,100.88999938964844,103.7699966430664,3286800,89.23925018310547
2022-01-18,102.54000091552734,102.77999877929688,100.19999694824219,101.01000213623047,3649400,86.86572265625
2022-01-19,102.16999816894531,102.6500015258789,93.79000091552734,93.87999725341797,4091000,80.734130859375
2022-01-20,93.8499984741211,96.93000030517578,92.06999969482422,94.20999908447266,3432400,81.01791381835938
2022-01-21,94.0,94.0,90.41999816894531,90.98999786376953,3257600,78.24881744384766
2022-01-24,88.52999877929688,94.41999816894531,87.16999816894531,93.80000305175781,5022400,80.66532135009766
2022-01-25,92.16999816894531,95.33000183105469,90.58000183105469,94.12999725341797,5226900,80.94911193847656
2022-01-26,95.45999908447266,96.88999938964844,93.2300033569336,94.31999969482422,3616100,81.11251831054688
2022-01-27,96.37000274658203,97.11000061035156,92.18000030517578,93.12000274658203,2441800,80.08055114746094
2022-01-28,92.75,93.7699966430664,91.05000305175781,93.6500015258789,1779800,80.53633880615234
2022-01-31,92.62999725341797,94.69999694824219,91.80000305175781,94.5,2537700,81.2673110961914
2022-02-01,94.95999908447266,96.7300033569336,94.13999938964844,96.51000213623047,1868600,82.99585723876953
2022-02-02,95.7300033569336,97.62999725341797,95.33999633789062,97.56999969482422,1783700,83.90742492675781
2022-02-03,97.44999694824219,98.70999908447266,96.61000061035156,97.08999633789062,2001400,83.49463653564453
2022-02-04,97.05999755859375,99.88999938964844,96.87000274658203,98.88999938964844,2288000,85.0425796508789
2022-02-07,98.8499984741211,99.94999694824219,98.18000030517578,99.33000183105469,1735400,85.42097473144531
2022-02-08,100.0,102.04000091552734,99.91000366210938,101.8499984741211,2075500,87.5881118774414
2022-02-09,102.22000122070312,102.4800033569336,100.83000183105469,101.66999816894531,1097400,87.43331146240234
2022-02-10,101.33000183105469,103.76000213623047,100.58999633789062,101.38999938964844,1715900,87.19249725341797
2022-02-11,101.0,102.80999755859375,98.2300033569336,99.16999816894531,2059300,85.2833480834961
2022-02-14,99.62000274658203,100.0,97.77999877929688,98.68000030517578,1627800,84.86198425292969
2022-02-15,100.0199966430664,100.6500015258789,99.08000183105469,100.31999969482422,1097300,86.27235412597656
2022-02-16,99.45999908447266,100.7699966430664,98.98999786376953,100.27999877929688,1435100,86.23793029785156
2022-02-17,98.58999633789062,98.70999908447266,93.33000183105469,93.6500015258789,2431200,80.53633880615234
2022-02-18,92.88999938964844,94.05000305175781,92.12000274658203,93.38999938964844,2762200,80.312744140625
2022-02-22,93.0999984741211,94.37999725341797,91.41000366210938,92.43000030517578,2011800,79.48716735839844
2022-02-23,93.08000183105469,93.47000122070312,86.80000305175781,87.2300033569336,2817600,75.01530456542969
2022-02-24,84.01000213623047,85.83999633789062,82.12000274658203,85.4800033569336,3244500,73.5103759765625
2022-02-25,85.9800033569336,89.05000305175781,85.79000091552734,88.73999786376953,2178500,76.31385040283203
2022-02-28,85.62999725341797,86.37999725341797,83.95999908447266,85.33000183105469,3709300,73.3813705444336
2022-03-01,84.33000183105469,84.52999877929688,79.48999786376953,80.88999938964844,3963800,69.56307983398438
2022-03-02,81.86000061035156,84.68000030517578,81.73999786376953,83.94000244140625,2710300,72.1860122680664
2022-03-03,84.05999755859375,85.13999938964844,82.62999725341797,83.94000244140625,1866000,72.1860122680664
2022-03-04,81.7300033569336,81.7300033569336,79.44999694824219,80.51000213623047,3271200,69.2363052368164
2022-03-07,80.0,80.56999969482422,78.12000274658203,78.16999816894531,2064800,67.22396087646484
2022-03-08,79.44999694824219,81.52999877929688,77.5199966430664,79.36000061035156,2221700,68.2473373413086
2022-03-09,82.37999725341797,84.80999755859375,82.20999908447266,83.58000183105469,2685300,71.87641143798828
2022-03-10,81.69999694824219,83.56999969482422,81.56999969482422,82.91999816894531,2070400,71.30883026123047
2022-03-11,83.94999694824219,84.8499984741211,82.0,82.08999633789062,1531700,70.59505462646484
2022-03-14,83.69000244140625,85.16000366210938,82.87999725341797,83.3499984741211,1506100,71.67863464355469
2022-03-15,84.0,84.58000183105469,83.12000274658203,83.97000122070312,1384800,72.21179962158203
2022-03-16,85.75,87.9000015258789,85.52999877929688,87.44999694824219,1866200,75.20451354980469
2022-03-17,86.11000061035156,88.23999786376953,85.37999725341797,88.05000305175781,1520600,75.72049713134766
2022-03-18,88.2699966430664,89.19999694824219,86.58000183105469,88.93000030517578,3020600,76.47724914550781
2022-03-21,89.05999755859375,89.52999877929688,87.43000030517578,88.36000061035156,1382300,75.98709106445312
2022-03-22,89.55999755859375,91.0999984741211,89.55999755859375,90.33000183105469,2337200,77.68122100830078
2022-03-23,89.23999786376953,90.13999938964844,87.3499984741211,87.4800033569336,1840300,75.23030853271484
2022-03-24,88.1500015258789,89.13999938964844,87.08999633789062,89.01000213623047,1344600,76.54607391357422
2022-03-25,88.94000244140625,90.80999755859375,88.75,90.52999877929688,1076900,77.85321807861328
2022-03-28,90.45999908447266,90.45999908447266,88.8499984741211,90.11000061035156,1500200,77.49202728271484
2022-03-29,92.2300033569336,92.52999877929688,90.93000030517578,91.97000122070312,2125100,79.09159088134766
2022-03-30,91.7699966430664,92.16999816894531,91.22000122070312,92.11000061035156,2545000,79.21196746826172
2022-03-31,90.2300033569336,90.94000244140625,86.95999908447266,87.12000274658203,3087000,75.38725280761719
2022-04-01,88.26000213623047,88.58999633789062,85.36000061035156,85.80999755859375,2065200,74.25364685058594
2022-04-04,85.62999725341797,86.66999816894531,84.1500015258789,85.83999633789062,2826000,74.27960205078125
2022-04-05,85.33999633789062,86.41999816894531,84.55999755859375,85.30999755859375,1776100,73.82097625732422
2022-04-06,84.38999938964844,84.69000244140625,83.45999908447266,83.69999694824219,1453500,72.42781066894531
2022-04-07,83.05000305175781,84.5999984741211,81.70999908447266,83.95999908447266,1818100,72.65280151367188
2022-04-08,84.5,85.0199966430664,83.41999816894531,84.16999816894531,1154500,72.83451843261719
2022-04-11,83.69000244140625,84.2300033569336,82.47000122070312,82.72000122070312,2128800,71.57980346679688
2022-04-12,82.23999786376953,84.45999908447266,81.7699966430664,82.25,1925700,71.173095703125
2022-04-13,81.4800033569336,82.87999725341797,80.7699966430664,82.8499984741211,2459800,71.69229888916016
2022-04-14,83.30000305175781,84.73999786376953,75.6500015258789,75.80999755859375,5810200,65.60041046142578
2022-04-18,74.54000091552734,74.80000305175781,72.4000015258789,74.37999725341797,5355200,64.36297607421875
2022-04-19,75.12000274658203,75.9000015258789,74.19999694824219,74.91000366210938,4617400,64.82161712646484
2022-04-20,75.7300033569336,77.31999969482422,75.0,75.91000366210938,2579800,65.68694305419922
2022-04-21,77.02999877929688,77.5199966430664,74.12000274658203,74.58000183105469,2398600,64.53604125976562
2022-04-22,74.41999816894531,74.51000213623047,70.75,70.87000274658203,3327100,61.32568359375
2022-04-25,70.0,71.16000366210938,68.30000305175781,70.94999694824219,3979200,61.39490509033203
2022-04-26,70.0,71.13999938964844,67.7300033569336,67.7300033569336,3227900,58.60856246948242
2022-04-27,67.37000274658203,67.97000122070312,66.47000122070312,66.86000061035156,3973000,57.85572814941406
2022-04-28,68.36000061035156,69.19000244140625,66.81999969482422,68.83999633789062,2512200,59.56907272338867
2022-04-29,68.79000091552734,69.80999755859375,66.75,66.97000122070312,3599100,57.95090866088867
2022-05-02,67.19999694824219,68.80999755859375,66.61000061035156,68.58000183105469,2688100,59.34408187866211
2022-05-03,69.13999938964844,70.70999908447266,68.69000244140625,69.91000366210938,2711100,60.49496841430664
2022-05-04,69.73999786376953,73.06999969482422,69.69999694824219,72.76000213623047,1991900,62.96114730834961
2022-05-05,71.27999877929688,71.7300033569336,69.76000213623047,71.22000122070312,2607400,61.62855529785156
2022-05-06,71.08000183105469,71.2699966430664,68.98999786376953,70.12999725341797,1965200,60.68532943725586
2022-05-09,68.9000015258789,70.11000061035156,68.04000091552734,69.25,2837000,59.9238395690918
2022-05-10,70.20999908447266,70.38999938964844,66.58000183105469,67.70999908447266,2619100,58.59125518798828
2022-05-11,68.19999694824219,69.19999694824219,66.25,66.30999755859375,3524100,57.37979507446289
2022-05-12,66.0,68.83000183105469,65.80000305175781,67.62000274658203,3412100,58.513370513916016
2022-05-13,68.61000061035156,69.97000122070312,68.45999908447266,69.20999908447266,2094400,59.88923263549805
2022-05-16,68.86000061035156,69.18000030517578,67.44000244140625,68.30999755859375,1641200,59.110443115234375
2022-05-17,70.04000091552734,70.88999938964844,69.19000244140625,69.66000366210938,3998500,60.27864074707031
2022-05-18,68.97000122070312,69.01000213623047,66.6500015258789,66.97000122070312,2916800,57.95090866088867
2022-05-19,65.52999877929688,66.80000305175781,65.41000366210938,65.95999908447266,3171200,57.07693099975586
2022-05-20,66.81999969482422,67.52999877929688,65.79000091552734,67.47000122070312,3896400,58.38357925415039
2022-05-23,69.41999816894531,70.26000213623047,68.11000061035156,69.7300033569336,2259900,60.33921432495117
2022-05-24,69.04000091552734,69.48999786376953,67.08999633789062,68.66999816894531,1557300,59.421958923339844
2022-05-25,68.58000183105469,69.73999786376953,68.04000091552734,69.30000305175781,1561700,59.967132568359375
2022-05-26,70.43000030517578,71.33999633789062,70.23999786376953,70.98999786376953,1529200,61.42951965332031
2022-05-27,71.19000244140625,73.0999984741211,70.79000091552734,73.04000091552734,3042000,63.20344543457031
2022-05-31,72.27999877929688,73.44000244140625,71.30000305175781,72.48999786376953,6337500,62.727508544921875
2022-06-01,72.3499984741211,72.5199966430664,69.47000122070312,69.94999694824219,2955300,60.529579162597656
2022-06-02,70.37000274658203,73.1500015258789,70.29000091552734,73.12999725341797,2426500,63.281314849853516
2022-06-03,72.19999694824219,72.62999725341797,71.2699966430664,71.30000305175781,1253000,61.697792053222656
2022-06-06,72.43000030517578,73.05999755859375,71.20999908447266,71.41000366210938,1220900,61.79294967651367
2022-06-07,70.45999908447266,73.0999984741211,70.45999908447266,73.01000213623047,2085400,63.1774787902832
2022-06-08,72.12999725341797,72.30000305175781,68.0999984741211,69.04000091552734,7272700,59.74214172363281
2022-06-09,69.08999633789062,71.16999816894531,68.08999633789062,68.13999938964844,4397600,58.96333694458008
2022-06-10,66.61000061035156,66.70999908447266,64.79000091552734,65.2300033569336,2772900,56.445247650146484
2022-06-13,63.61000061035156,64.26000213623047,62.06999969482422,63.06999969482422,4184200,54.57612991333008
2022-06-14,63.34000015258789,63.939998626708984,61.84000015258789,62.18000030517578,3339600,53.805999755859375
2022-06-15,63.150001525878906,65.11000061035156,62.560001373291016,63.939998626708984,3224300,55.32897186279297
2022-06-16,61.9900016784668,62.709999084472656,61.290000915527344,62.33000183105469,2604900,53.935787200927734
2022-06-17,62.709999084472656,63.65999984741211,61.709999084472656,61.75,6843600,53.433902740478516
2022-06-21,63.099998474121094,64.08999633789062,62.59000015258789,63.79999923706055,2732900,55.20781707763672
2022-06-22,62.79999923706055,63.79999923706055,62.66999816894531,63.33000183105469,1898000,54.801116943359375
2022-06-23,62.90999984741211,63.16999816894531,61.310001373291016,62.88999938964844,2225200,54.42037582397461
2022-06-24,63.2599983215332,66.4800033569336,63.25,66.2699966430664,2467400,57.345184326171875
2022-06-27,66.61000061035156,66.87000274658203,64.69999694824219,65.20999908447266,2793400,56.42793273925781
2022-06-28,65.08999633789062,66.48999786376953,64.37999725341797,64.48999786376953,2004000,55.80489730834961
2022-06-29,64.56999969482422,66.08999633789062,63.849998474121094,64.08000183105469,2032200,55.45012283325195
2022-06-30,61.709999084472656,62.5,60.540000915527344,61.650001525878906,3178700,53.8261604309082
2022-07-01,61.220001220703125,63.650001525878906,60.86000061035156,63.380001068115234,1959500,55.33661651611328
2022-07-05,62.09000015258789,63.09000015258789,61.119998931884766,63.06999969482422,1602200,55.06595230102539
2022-07-06,62.61000061035156,63.209999084472656,61.709999084472656,62.27000045776367,1746900,54.367488861083984
2022-07-07,63.15999984741211,64.05999755859375,63.0,63.70000076293945,2178000,55.615997314453125
2022-07-08,63.970001220703125,64.12000274658203,62.779998779296875,63.029998779296875,1279000,55.031028747558594
2022-07-11,62.16999816894531,63.06999969482422,61.93000030517578,62.70000076293945,1839700,54.74291229248047
2022-07-12,62.209999084472656,63.75,62.0,62.36000061035156,2832200,54.44607162475586
2022-07-13,61.36000061035156,61.540000915527344,60.15999984741211,60.939998626708984,2661400,53.206260681152344
2022-07-14,59.43000030517578,60.16999816894531,58.79999923706055,59.84000015258789,4319300,52.24585723876953
2022-07-15,63.619998931884766,66.83000183105469,60.790000915527344,65.66999816894531,8351900,57.33598709106445
2022-07-18,66.19000244140625,67.02999877929688,64.69000244140625,64.95999908447266,3475100,56.716102600097656
2022-07-19,66.3499984741211,67.91999816894531,66.08000183105469,67.33000183105469,2747700,58.785343170166016
2022-07-20,67.06999969482422,67.22000122070312,65.97000122070312,66.97000122070312,2509800,58.47101593017578
2022-07-21,67.05000305175781,67.83000183105469,66.44999694824219,67.81999969482422,1826700,59.21315002441406
2022-07-22,68.0,69.11000061035156,67.58000183105469,68.16000366210938,2178200,59.510005950927734
2022-07-25,68.69000244140625,68.87999725341797,67.83999633789062,68.4000015258789,1490000,59.71953201293945
2022-07-26,67.83999633789062,68.33000183105469,66.9000015258789,66.98999786376953,1754800,58.488487243652344
2022-07-27,67.6500015258789,69.33999633789062,67.0,68.91000366210938,1476600,60.164817810058594
2022-07-28,69.11000061035156,70.02999877929688,67.91999816894531,69.97000122070312,1961300,61.09029006958008
2022-07-29,69.94999694824219,71.51000213623047,69.94999694824219,71.04000091552734,3991400,62.024513244628906
2022-08-01,70.06999969482422,70.87999725341797,69.27999877929688,70.36000061035156,1785600,61.430809020996094
2022-08-02,69.51000213623047,70.13999938964844,68.8499984741211,69.22000122070312,1419600,60.43547439575195
2022-08-03,70.30999755859375,71.0999984741211,69.51000213623047,71.0199966430664,1735400,62.00703811645508
2022-08-04,71.08000183105469,71.62999725341797,70.23999786376953,70.33000183105469,1804700,61.40460968017578
2022-08-05,69.8499984741211,71.05999755859375,69.69000244140625,70.66000366210938,1470400,61.69272232055664
2022-08-08,71.38999938964844,71.63999938964844,70.29000091552734,70.30000305175781,1283600,61.378421783447266
2022-08-09,70.55000305175781,70.73999786376953,69.80000305175781,70.37999725341797,894600,61.44825744628906
2022-08-10,71.88999938964844,73.08999633789062,71.75,72.5199966430664,1199200,63.316673278808594
2022-08-11,73.58999633789062,74.06999969482422,73.01000213623047,73.51000213623047,1004400,64.18104553222656
2022-08-12,74.12000274658203,74.94999694824219,73.66999816894531,74.93000030517578,1586600,65.42083740234375
2022-08-15,74.12999725341797,74.81999969482422,73.83000183105469,74.45999908447266,1066600,65.01048278808594
2022-08-16,73.9800033569336,75.19999694824219,73.9800033569336,74.4800033569336,1410700,65.02794647216797
2022-08-17,73.2699966430664,74.45999908447266,73.0199966430664,73.95999908447266,1117100,64.57392120361328
2022-08-18,73.56999969482422,74.30999755859375,73.16999816894531,74.19999694824219,946500,64.7834701538086
2022-08-19,73.41000366210938,73.41000366210938,71.94000244140625,72.26000213623047,1336600,63.08967971801758
2022-08-22,70.9000015258789,71.41999816894531,70.37000274658203,70.87999725341797,1046500,61.88480758666992
2022-08-23,70.94000244140625,71.54000091552734,70.72000122070312,70.7699966430664,614300,61.78876495361328
2022-08-24,70.54000091552734,71.23999786376953,70.01000213623047,70.52999877929688,942200,61.5792236328125
2022-08-25,70.72000122070312,71.94999694824219,70.52999877929688,71.66999816894531,975200,62.574546813964844
2022-08-26,71.87999725341797,72.22000122070312,69.12000274658203,69.12999725341797,986200,60.356895446777344
2022-08-29,68.58000183105469,69.4000015258789,68.1500015258789,68.72000122070312,1350400,59.998939514160156
2022-08-30,69.27999877929688,69.62000274658203,68.19000244140625,69.08000183105469,1263800,60.31325149536133
2022-08-31,69.73999786376953,69.73999786376953,68.12000274658203,68.3499984741211,1859600,59.67589569091797
2022-09-01,68.0,68.63999938964844,66.66999816894531,68.58999633789062,1385600,59.88542938232422
2022-09-02,69.70999908447266,70.44999694824219,67.18000030517578,67.68000030517578,1714600,59.09090805053711
2022-09-06,68.1500015258789,68.30999755859375,66.87000274658203,68.05999755859375,1341900,59.42267990112305
2022-09-07,67.83000183105469,69.95999908447266,67.55000305175781,69.73999786376953,2055600,60.889488220214844
2022-09-08,69.23999786376953,72.06999969482422,68.5,72.05999755859375,2454300,62.91505432128906
2022-09-09,72.44000244140625,73.27999877929688,72.20999908447266,73.0,2639300,63.73576354980469
2022-09-12,73.5999984741211,74.73999786376953,73.4000015258789,74.19000244140625,3115200,64.77476501464844
2022-09-13,72.2300033569336,73.7699966430664,71.87999725341797,72.12999725341797,2208000,62.976165771484375
2022-09-14,72.12000274658203,72.51000213623047,70.5,71.4000015258789,2145800,62.33881759643555
2022-09-15,71.4000015258789,72.81999969482422,71.22000122070312,71.4000015258789,1465700,62.33881759643555
2022-09-16,70.37999725341797,70.62999725341797,69.18000030517578,70.0999984741211,2824600,61.20378875732422
2022-09-19,69.16999816894531,71.30000305175781,69.16999816894531,70.87000274658203,1298300,61.876094818115234
2022-09-20,70.08999633789062,70.3499984741211,68.44000244140625,68.94999694824219,1689100,60.19973373413086
2022-09-21,69.4000015258789,70.27999877929688,67.76000213623047,67.7699966430664,1894900,59.16948318481445
2022-09-22,68.19000244140625,68.19000244140625,65.86000061035156,66.08000183105469,1202300,57.69396209716797
2022-09-23,65.48999786376953,65.66000366210938,62.720001220703125,63.630001068115234,2555600,55.55488586425781
2022-09-26,63.209999084472656,64.0,62.189998626708984,62.61000061035156,3234900,54.66433334350586
2022-09-27,63.150001525878906,63.43000030517578,60.29999923706055,61.279998779296875,2808800,53.503116607666016
2022-09-28,61.66999816894531,63.58000183105469,61.040000915527344,63.22999954223633,2243900,55.20565414428711
2022-09-29,62.2599983215332,62.540000915527344,61.31999969482422,61.720001220703125,2055000,53.88728713989258
2022-09-30,61.540000915527344,62.529998779296875,60.68000030517578,60.810001373291016,2403600,53.640296936035156
2022-10-03,61.560001373291016,63.7599983215332,60.2400016784668,63.11000061035156,2621400,55.66911315917969
2022-10-04,64.30999755859375,65.6500015258789,64.08000183105469,65.61000061035156,2287200,57.87436294555664
2022-10-05,64.2300033569336,65.80000305175781,64.08000183105469,65.43000030517578,1304200,57.71558380126953
2022-10-06,64.91999816894531,65.45999908447266,63.869998931884766,63.959999084472656,1318200,56.41889953613281
2022-10-07,63.439998626708984,63.439998626708984,61.630001068115234,62.11000061035156,1782600,54.787010192871094
2022-10-10,62.75,63.02000045776367,61.349998474121094,61.619998931884766,1180000,54.35479736328125
2022-10-11,61.0,62.06999969482422,60.41999816894531,60.810001373291016,1899600,53.640296936035156
2022-10-12,60.40999984741211,61.5,59.91999816894531,60.15999984741211,1675400,53.06693649291992
2022-10-13,59.27000045776367,63.88999938964844,58.619998931884766,63.5,1998600,56.01313400268555
2022-10-14,63.88999938964844,64.93000030517578,60.900001525878906,61.11000061035156,2693100,53.90492248535156
2022-10-17,62.63999938964844,65.31999969482422,62.63999938964844,63.810001373291016,3546200,56.28658676147461
2022-10-18,65.41999816894531,65.58000183105469,59.2400016784668,64.41999816894531,6023400,56.82465744018555
2022-10-19,63.650001525878906,65.94999694824219,63.11000061035156,64.56999969482422,3315000,56.95697021484375
2022-10-20,64.6500015258789,66.4000015258789,64.26000213623047,64.86000061035156,2871200,57.21278381347656
2022-10-21,64.88999938964844,69.30999755859375,64.4800033569336,69.12000274658203,3294800,60.97053146362305
2022-10-24,69.5,70.94999694824219,69.29000091552734,70.5199966430664,2738100,62.2054443359375
2022-10-25,70.19000244140625,72.66999816894531,70.0,72.05000305175781,3145200,63.555057525634766
2022-10-26,72.36000061035156,73.52999877929688,71.94999694824219,72.27999877929688,2281100,63.757938385009766
2022-10-27,73.16999816894531,74.44000244140625,72.97000122070312,73.0999984741211,2184500,64.48127746582031
2022-10-28,73.4000015258789,75.08000183105469,72.80999755859375,74.77999877929688,2373400,65.96319580078125
2022-10-31,74.1500015258789,74.76000213623047,73.9000015258789,74.0,2740100,65.27513885498047
2022-11-01,75.08999633789062,75.43000030517578,74.2300033569336,74.4000015258789,2576600,65.62799835205078
2022-11-02,74.44000244140625,76.52999877929688,73.69000244140625,73.87999725341797,2444600,65.16930389404297
2022-11-03,72.88999938964844,73.80999755859375,72.30999755859375,73.06999969482422,1941500,64.45478820800781
2022-11-04,74.30999755859375,75.98999786376953,74.18000030517578,75.44999694824219,1763800,66.55416870117188
2022-11-07,75.80999755859375,76.30000305175781,75.44000244140625,75.93000030517578,1842800,66.97759246826172
2022-11-08,75.80999755859375,77.0199966430664,75.16000366210938,76.1500015258789,2133500,67.1716537475586
2022-11-09,75.45999908447266,76.36000061035156,75.08000183105469,75.22000122070312,1690900,66.35132598876953
2022-11-10,78.06999969482422,80.0999984741211,77.95999908447266,79.86000061035156,2284300,70.44422912597656
2022-11-11,80.4800033569336,82.13999938964844,79.97000122070312,80.98999786376953,2897900,71.44099426269531
2022-11-14,79.95999908447266,81.79000091552734,78.79000091552734,79.0,3105300,69.68561553955078
2022-11-15,79.68000030517578,81.5199966430664,79.23999786376953,79.45999908447266,2681400,70.09139251708984
2022-11-16,79.0199966430664,79.94000244140625,78.5199966430664,78.91000366210938,2232300,69.60625457763672
2022-11-17,77.19999694824219,77.3499984741211,74.2699966430664,74.51000213623047,5477200,65.72501373291016
2022-11-18,75.9800033569336,77.01000213623047,75.12999725341797,75.58999633789062,3900900,66.67766571044922
2022-11-21,75.37999725341797,76.7699966430664,75.37999725341797,76.61000061035156,2419500,67.57743072509766
2022-11-22,77.11000061035156,77.87999725341797,76.41000366210938,76.58999633789062,1972800,67.55976104736328
2022-11-23,76.36000061035156,77.68000030517578,76.33000183105469,77.05000305175781,1870800,67.9655532836914
2022-11-25,77.16000366210938,77.68000030517578,76.70999908447266,77.05999755859375,1030800,67.97435760498047
2022-11-28,76.13999938964844,76.23999786376953,73.26000213623047,73.5199966430664,2255700,64.85173797607422
2022-11-29,73.20999908447266,73.9800033569336,72.8499984741211,73.93000030517578,1502600,65.21341705322266
2022-11-30,79.79000091552734,80.44999694824219,77.08000183105469,79.66999816894531,7618900,70.27662658691406
2022-12-01,79.41000366210938,79.41000366210938,77.1500015258789,78.72000122070312,2907200,69.43864440917969
2022-12-02,77.61000061035156,78.56999969482422,77.02999877929688,77.72000122070312,4159000,68.55654907226562
2022-12-05,77.51000213623047,78.0199966430664,76.0,76.23999786376953,2284300,67.25104522705078
2022-12-06,74.88999938964844,75.73999786376953,73.8499984741211,74.36000061035156,2581200,65.59270477294922
2022-12-07,75.02999877929688,82.31999969482422,75.02999877929688,80.44999694824219,6096500,70.96466827392578
2022-12-08,80.72000122070312,81.25,77.70999908447266,78.12000274658203,2770900,68.90938568115234
2022-12-09,78.0,80.11000061035156,77.8499984741211,79.02999877929688,3070900,69.71208953857422
2022-12-12,78.70999908447266,80.52999877929688,78.66999816894531,80.26000213623047,2790800,70.79706573486328
2022-12-13,82.19999694824219,83.41999816894531,81.12999725341797,81.33000183105469,3751800,71.74091339111328
2022-12-14,81.13999938964844,82.37999725341797,79.69000244140625,79.88999938964844,3860300,70.47068786621094
2022-12-15,78.37999725341797,79.02999877929688,77.70999908447266,78.26000213623047,2910000,69.03289031982422
2022-12-16,77.36000061035156,78.62999725341797,76.80000305175781,77.69999694824219,5120200,68.53890991210938
2022-12-19,77.44999694824219,79.02999877929688,77.20999908447266,77.55999755859375,2387300,68.41542053222656
2022-12-20,77.87999725341797,78.66000366210938,77.43000030517578,77.98999786376953,2300000,68.79471588134766
2022-12-21,78.94000244140625,79.5199966430664,78.58000183105469,78.70999908447266,2157200,69.42981719970703
2022-12-22,77.72000122070312,78.2300033569336,75.9000015258789,77.8499984741211,1087800,68.67120361328125
2022-12-23,77.7300033569336,77.88999938964844,76.8499984741211,77.48999786376953,1232500,68.35366821289062
2022-12-27,77.68000030517578,77.79000091552734,76.7300033569336,77.1500015258789,1620200,68.05374908447266
2022-12-28,77.13999938964844,77.51000213623047,76.58999633789062,76.83999633789062,1546200,67.7802963256836
2022-12-29,77.31999969482422,78.44999694824219,76.80000305175781,78.33999633789062,1587500,69.10345458984375
2022-12-30,77.12999725341797,77.58999633789062,76.45999908447266,77.56999969482422,1387300,68.97895050048828
2023-01-03,78.6500015258789,79.62000274658203,77.6500015258789,78.4000015258789,3168100,69.71703338623047
2023-01-04,78.9800033569336,80.80000305175781,78.41000366210938,79.4800033569336,2324500,70.67742919921875
2023-01-05,78.73999786376953,79.33999633789062,78.2300033569336,78.70999908447266,1980300,69.99269104003906
2023-01-06,79.58000183105469,80.76000213623047,78.81999969482422,80.68000030517578,2059300,71.74452209472656
2023-01-09,81.12999725341797,82.18000030517578,80.87000274658203,80.91000366210938,3437000,71.94903564453125
2023-01-10,81.01000213623047,81.94000244140625,80.43000030517578,81.45999908447266,2972000,72.43811798095703
2023-01-11,81.66000366210938,82.63999938964844,81.30000305175781,82.33999633789062,3100900,73.22064971923828
2023-01-12,82.58999633789062,83.38999938964844,81.8499984741211,82.37000274658203,3896500,73.24734497070312
2023-01-13,81.36000061035156,84.1500015258789,81.01000213623047,82.97000122070312,4274400,73.78089141845703
2023-01-17,82.72000122070312,83.91999816894531,82.44999694824219,83.0,3085000,73.80757904052734
2023-01-18,82.44000244140625,83.29000091552734,81.5199966430664,81.54000091552734,2583100,72.50926208496094
2023-01-19,79.9800033569336,81.30999755859375,79.13999938964844,80.5199966430664,3358600,71.60222625732422
2023-01-20,83.3499984741211,85.0,82.05999755859375,84.27999877929688,4790100,74.94580078125
2023-01-23,84.37999725341797,86.97000122070312,84.19999694824219,86.22000122070312,4304800,76.67095184326172
2023-01-24,86.22000122070312,87.91000366210938,85.23999786376953,87.02999877929688,3312800,77.3912353515625
2023-01-25,86.05000305175781,88.29000091552734,85.6500015258789,88.19999694824219,3310600,78.431640625
2023-01-26,88.98999786376953,90.26000213623047,88.25,90.2300033569336,3307700,80.23683166503906
2023-01-27,90.2300033569336,91.83000183105469,89.76000213623047,90.7300033569336,2773900,80.68147277832031
2023-01-30,89.87000274658203,91.2300033569336,89.72000122070312,90.1500015258789,2818700,80.16569519042969
2023-01-31,90.1500015258789,91.41999816894531,89.9000015258789,91.33000183105469,4529800,81.21499633789062
2023-02-01,90.51000213623047,93.08999633789062,90.44999694824219,92.27999877929688,3589400,82.05979919433594
2023-02-02,92.58000183105469,93.26000213623047,91.66999816894531,92.37000274658203,3092600,82.13982391357422
2023-02-03,91.48999786376953,92.97000122070312,90.5,91.08000183105469,3329900,80.99267578125
2023-02-06,90.13999938964844,91.30999755859375,89.80999755859375,90.7300033569336,2117000,80.68147277832031
2023-02-07,90.13999938964844,92.97000122070312,90.06999969482422,92.68000030517578,3043200,82.41548919677734
2023-02-08,91.80999755859375,93.94999694824219,91.55000305175781,93.58999633789062,3173000,83.2247085571289
2023-02-09,93.79000091552734,94.4800033569336,92.23999786376953,92.52999877929688,3057300,82.28208923339844
2023-02-10,92.04000091552734,92.9800033569336,91.62999725341797,92.58000183105469,2552200,82.3265609741211
2023-02-13,92.47000122070312,94.22000122070312,92.12999725341797,94.02999877929688,2457100,83.61598205566406
2023-02-14,93.75,94.73999786376953,93.16999816894531,93.58000183105469,2337300,83.21583557128906
2023-02-15,92.77999877929688,94.5999984741211,92.45999908447266,94.11000061035156,2408200,83.68710327148438
2023-02-16,92.7699966430664,94.26000213623047,92.4800033569336,93.2699966430664,3424100,82.94013214111328
2023-02-17,92.66000366210938,93.1500015258789,91.62999725341797,92.0,2454900,81.81078338623047
2023-02-21,90.62999725341797,91.1500015258789,88.4000015258789,89.16999816894531,2432400,79.29423522949219
2023-02-22,89.47000122070312,89.5199966430664,87.22000122070312,88.0999984741211,2431100,78.34274291992188
2023-02-23,88.94000244140625,89.45999908447266,86.5999984741211,87.11000061035156,2526300,77.46237182617188
2023-02-24,85.69999694824219,87.19000244140625,85.36000061035156,87.16999816894531,1694200,77.51573181152344
2023-02-27,89.5,89.56999969482422,88.27999877929688,88.80999755859375,2514400,78.97409057617188
2023-02-28,89.05000305175781,89.44999694824219,88.68000030517578,88.68000030517578,2297600,78.85851287841797
2023-03-01,88.5199966430664,89.94999694824219,88.30000305175781,89.51000213623047,1996400,79.59656524658203
2023-03-02,88.58999633789062,88.80000305175781,87.44000244140625,88.7699966430664,1854900,78.93852996826172
2023-03-03,89.18000030517578,90.61000061035156,88.76000213623047,90.41999816894531,2284500,80.4057846069336
2023-03-06,90.3499984741211,91.1500015258789,89.77999877929688,90.18000030517578,2185500,80.19237518310547
2023-03-07,90.29000091552734,90.76000213623047,86.41999816894531,86.66000366210938,3284600,77.06221771240234
2023-03-08,86.4800033569336,87.69999694824219,85.81999969482422,86.58999633789062,2767200,76.99996185302734
2023-03-09,85.98999786376953,86.41000366210938,82.4000015258789,82.83999633789062,3332700,73.665283203125
2023-03-10,81.95999908447266,82.56999969482422,78.97000122070312,79.87000274658203,5195800,71.02422332763672
2023-03-13,76.2300033569336,78.0,73.63999938964844,73.97000122070312,5164500,65.77765655517578
2023-03-14,77.18000030517578,77.54000091552734,75.63999938964844,76.73999786376953,4597100,68.2408676147461
2023-03-15,74.08000183105469,74.08000183105469,72.23999786376953,73.69999694824219,4209700,65.53755187988281
2023-03-16,72.95999908447266,76.01000213623047,71.69999694824219,74.75,3820600,66.47126007080078
2023-03-17,73.88999938964844,73.88999938964844,71.05999755859375,71.7699966430664,9746800,63.82131576538086
2023-03-20,73.05000305175781,74.16999816894531,72.61000061035156,73.44000244140625,2896100,65.30635833740234
2023-03-21,76.12999725341797,77.58999633789062,76.0199966430664,76.72000122070312,3051800,68.22309112548828
2023-03-22,76.33000183105469,76.80999755859375,73.69000244140625,73.75,2682100,65.58203887939453
2023-03-23,73.72000122070312,74.4800033569336,72.12999725341797,72.69000244140625,1836700,64.63943481445312
2023-03-24,70.98999786376953,71.83999633789062,69.36000061035156,71.6500015258789,2697000,63.71460723876953
2023-03-27,73.77999877929688,74.16000366210938,72.54000091552734,73.38999938964844,1997800,65.26190185546875
2023-03-28,73.0199966430664,73.80999755859375,73.0199966430664,73.62000274658203,1173000,65.46642303466797
2023-03-29,74.8499984741211,75.48999786376953,74.30000305175781,75.44999694824219,1689600,67.09373474121094
2023-03-30,76.3499984741211,76.70999908447266,74.5,75.0,1638600,66.69357299804688
2023-03-31,74.76000213623047,75.7300033569336,73.91000366210938,75.69000244140625,1679400,67.87734985351562
2023-04-03,75.4000015258789,75.70999908447266,74.61000061035156,75.45999908447266,1831800,67.67107391357422
2023-04-04,75.91000366210938,76.13999938964844,73.97000122070312,74.62000274658203,2264000,66.91778564453125
2023-04-05,73.56999969482422,75.70999908447266,73.41000366210938,75.58999633789062,2254300,67.78766632080078
2023-04-06,75.66999816894531,76.72000122070312,75.12000274658203,76.16000366210938,2163800,68.29881286621094
2023-04-10,76.37000274658203,77.52999877929688,76.05000305175781,77.33000183105469,2177500,69.34806060791016
2023-04-11,77.69999694824219,79.37999725341797,77.19000244140625,78.58000183105469,2671400,70.46903228759766
2023-04-12,78.93000030517578,79.19999694824219,77.47000122070312,78.20999908447266,1648500,70.1372299194336
2023-04-13,78.08999633789062,79.0,78.02999877929688,78.80999755859375,1805200,70.67528533935547
2023-04-14,80.2300033569336,81.37000274658203,79.31999969482422,80.02999877929688,2852200,71.76936340332031
2023-04-17,67.0,73.04000091552734,65.62000274658203,72.68000030517578,13773900,65.17802429199219
2023-04-18,72.70999908447266,75.55000305175781,72.41999816894531,74.9000015258789,6732300,67.16888427734375
2023-04-19,74.80999755859375,75.94999694824219,74.58999633789062,75.29000091552734,4032800,67.51863861083984
2023-04-20,74.56999969482422,75.30000305175781,74.41000366210938,74.98999786376953,2598700,67.24959564208984
2023-04-21,74.38999938964844,74.6500015258789,73.47000122070312,73.62999725341797,2781400,66.02996826171875
2023-04-24,73.68000030517578,74.08999633789062,73.12000274658203,73.47000122070312,2294600,65.88648986816406
2023-04-25,72.5,72.91000366210938,70.48999786376953,70.62000274658203,4327800,63.33065414428711
2023-04-26,70.37999725341797,71.83999633789062,69.45999908447266,69.81999969482422,3280400,62.61323165893555
2023-04-27,70.56999969482422,71.47000122070312,70.22000122070312,71.16999816894531,1708500,63.82387161254883
2023-04-28,70.55000305175781,72.36000061035156,70.4000015258789,72.26000213623047,2058000,64.80138397216797
2023-05-01,72.62999725341797,72.69000244140625,71.41999816894531,71.52999877929688,2197800,64.14673614501953
2023-05-02,71.37000274658203,71.76000213623047,68.81999969482422,70.29000091552734,3188500,63.034725189208984
2023-05-03,70.6500015258789,71.23999786376953,68.55999755859375,68.91999816894531,2949100,61.806129455566406
2023-05-04,68.05000305175781,68.31999969482422,66.37999725341797,66.86000061035156,2948300,59.95875930786133
2023-05-05,68.5999984741211,69.05999755859375,67.66000366210938,68.5,3496300,61.42947769165039
2023-05-08,69.4000015258789,69.58000183105469,68.30000305175781,69.06999969482422,1754300,61.94063949584961
2023-05-09,68.38999938964844,69.38999938964844,68.22000122070312,68.9800033569336,1776700,61.85993576049805
2023-05-10,69.94000244140625,69.94999694824219,67.88999938964844,68.5,1733800,61.42947769165039
2023-05-11,67.55999755859375,68.16999816894531,67.13999938964844,67.7300033569336,2345000,60.73896026611328
2023-05-12,68.38999938964844,68.38999938964844,66.12000274658203,66.54000091552734,3110000,59.671791076660156
2023-05-15,67.0999984741211,68.54000091552734,66.69000244140625,68.0,1978200,60.98109436035156
2023-05-16,67.44999694824219,67.69000244140625,66.55999755859375,66.66000366210938,1765700,59.7794075012207
2023-05-17,67.66000366210938,68.55000305175781,67.05000305175781,68.45999908447266,1470200,61.393619537353516
2023-05-18,68.16999816894531,69.1500015258789,67.58999633789062,69.05999755859375,1855200,61.93168640136719
2023-05-19,69.68000030517578,69.81999969482422,67.5199966430664,68.0,1988500,60.98109436035156
2023-05-22,68.02999877929688,68.81999969482422,67.5199966430664,68.5,1879500,61.42947769165039
2023-05-23,68.52999877929688,69.30000305175781,68.33000183105469,68.37000274658203,1561300,61.31291198730469
2023-05-24,67.69999694824219,67.81999969482422,66.80999755859375,67.02999877929688,1809800,60.1112174987793
2023-05-25,66.91999816894531,68.25,66.83999633789062,67.75,2816700,60.75689697265625
2023-05-26,67.98999786376953,69.0199966430664,67.73999786376953,68.47000122070312,2137000,61.402584075927734
2023-05-30,68.38999938964844,69.80999755859375,68.19000244140625,69.33000183105469,2430500,62.17380142211914
2023-05-31,68.51000213623047,68.80999755859375,67.29000091552734,68.0199966430664,5400100,60.999027252197266
2023-06-01,68.80000305175781,70.05000305175781,68.29000091552734,69.52999877929688,2668400,62.3531608581543
2023-06-02,70.6500015258789,72.41999816894531,70.18000030517578,71.55000305175781,2331500,64.16466522216797
2023-06-05,71.61000061035156,72.37999725341797,71.05000305175781,71.81999969482422,2484400,64.40679931640625
2023-06-06,71.77999877929688,74.77999877929688,71.41000366210938,74.25,3157100,66.58597564697266
2023-06-07,74.33999633789062,75.0999984741211,73.23999786376953,74.62999725341797,2450000,66.92672729492188
2023-06-08,74.08000183105469,74.33000183105469,72.86000061035156,73.52999877929688,2312300,65.94029235839844
2023-06-09,73.75,74.62000274658203,73.54000091552734,73.91000366210938,2033400,66.28107452392578
2023-06-12,73.6500015258789,74.6500015258789,72.45999908447266,73.06999969482422,4156400,65.52777099609375
2023-06-13,73.5999984741211,75.75,73.08000183105469,74.06999969482422,2996100,66.424560546875
2023-06-14,74.2300033569336,74.93000030517578,72.29000091552734,73.19999694824219,2285300,65.64434814453125
2023-06-15,72.80999755859375,74.73999786376953,72.72000122070312,74.6500015258789,2076100,66.94468688964844
2023-06-16,74.7699966430664,74.83000183105469,73.25,73.7699966430664,7081800,66.15550994873047
2023-06-20,73.05999755859375,73.23999786376953,72.41999816894531,73.16000366210938,2081400,65.60847473144531
2023-06-21,73.12000274658203,73.4800033569336,72.73999786376953,73.02999877929688,1722300,65.49189758300781
2023-06-22,73.02999877929688,73.23999786376953,71.5999984741211,72.20999908447266,1595300,64.75654602050781
2023-06-23,70.54000091552734,71.51000213623047,69.87999725341797,71.06999969482422,3203600,63.73419952392578
2023-06-26,71.16999816894531,71.81999969482422,70.77999877929688,70.91999816894531,1810700,63.59968566894531
2023-06-27,71.2699966430664,72.6500015258789,70.79000091552734,72.58999633789062,1480200,65.09732055664062
2023-06-28,72.3499984741211,72.3499984741211,71.66999816894531,72.13999938964844,1534600,64.69377136230469
2023-06-29,72.43000030517578,73.41999816894531,72.27999877929688,73.13999938964844,1855300,65.59054565429688
2023-06-30,73.4000015258789,73.7699966430664,72.80999755859375,73.18000030517578,1459700,66.19662475585938
2023-07-03,73.51000213623047,74.93000030517578,73.37000274658203,74.33999633789062,763300,67.24592590332031
2023-07-05,73.79000091552734,74.2699966430664,73.3499984741211,73.52999877929688,1515100,66.5132064819336
2023-07-06,72.43000030517578,72.95999908447266,71.66999816894531,72.8499984741211,1757600,65.89810943603516
2023-07-07,72.87999725341797,74.75,72.87999725341797,73.87999725341797,2024900,66.82980346679688
2023-07-10,73.58999633789062,75.06999969482422,73.3499984741211,74.5,1482500,67.3906478881836
2023-07-11,75.30000305175781,75.91999816894531,75.0,75.66000366210938,1805600,68.43994903564453
2023-07-12,76.83000183105469,77.41999816894531,75.62999725341797,75.83999633789062,2438400,68.60277557373047
2023-07-13,76.27999877929688,77.48999786376953,75.87999725341797,77.45999908447266,3051700,70.06819915771484
2023-07-14,74.97000122070312,74.97000122070312,68.05000305175781,68.0999984741211,9560600,61.601383209228516
2023-07-17,66.27999877929688,67.83999633789062,65.4000015258789,66.51000213623047,7006900,60.163116455078125
2023-07-18,67.23999786376953,68.31999969482422,66.2300033569336,68.29000091552734,8004300,61.77326202392578
2023-07-19,68.5199966430664,70.37000274658203,68.36000061035156,69.37999725341797,4570700,62.75922775268555
2023-07-20,69.45999908447266,70.47000122070312,69.04000091552734,70.33999633789062,3567000,63.62762451171875
2023-07-21,70.83000183105469,70.87999725341797,69.55999755859375,70.2699966430664,3040200,63.56431198120117
2023-07-24,70.18000030517578,72.13999938964844,70.18000030517578,71.23999786376953,3613100,64.4417495727539
2023-07-25,71.13999938964844,71.69999694824219,70.5199966430664,70.7300033569336,2867100,63.98041915893555
2023-07-26,70.86000061035156,72.13999938964844,70.86000061035156,71.47000122070312,2725800,64.64979553222656
2023-07-27,71.86000061035156,72.2699966430664,70.31999969482422,70.4800033569336,2972800,63.75426483154297
2023-07-28,71.6500015258789,71.87999725341797,70.63999938964844,71.16999816894531,2590000,64.37842559814453
2023-07-31,71.38999938964844,72.58999633789062,71.23999786376953,72.44000244140625,2733100,65.52723693847656
2023-08-01,71.95999908447266,72.33999633789062,71.30000305175781,72.12999725341797,2395700,65.2468032836914
2023-08-02,71.18000030517578,72.83000183105469,70.9000015258789,72.70999908447266,2860700,65.77147674560547
2023-08-03,72.48999786376953,73.69000244140625,72.11000061035156,73.0,2926500,66.0337905883789
2023-08-04,73.1500015258789,74.19999694824219,72.93000030517578,73.13999938964844,2474400,66.16043090820312
2023-08-07,73.87000274658203,74.68000030517578,73.66999816894531,73.9000015258789,2677800,66.847900390625
2023-08-08,72.08000183105469,72.88999938964844,70.72000122070312,72.7300033569336,3214500,65.78955078125
2023-08-09,72.55999755859375,73.62000274658203,72.18000030517578,72.2300033569336,3380400,65.33726501464844
2023-08-10,72.55999755859375,73.87000274658203,72.55999755859375,73.12999725341797,2679900,66.1513671875
2023-08-11,72.52999877929688,74.26000213623047,72.52999877929688,73.68000030517578,2903600,66.6489028930664
2023-08-14,73.08999633789062,73.08999633789062,70.93000030517578,71.33999633789062,2222100,64.53218841552734
2023-08-15,70.41999816894531,70.48999786376953,69.27999877929688,69.55999755859375,1659600,62.92205047607422
2023-08-16,69.20999908447266,69.72000122070312,68.79000091552734,68.83000183105469,1914100,62.2617301940918
2023-08-17,69.47000122070312,69.69000244140625,68.05000305175781,68.30000305175781,1807500,61.78229904174805
2023-08-18,67.51000213623047,68.45999908447266,67.38999938964844,67.94999694824219,1398100,61.465694427490234
2023-08-21,67.6500015258789,68.08000183105469,66.41999816894531,67.41999816894531,1858100,60.98626708984375
2023-08-22,67.80000305175781,67.98999786376953,65.77999877929688,65.8499984741211,2120000,59.56609344482422
2023-08-23,66.25,67.62999725341797,65.87999725341797,67.55000305175781,2084400,61.1038703918457
2023-08-24,67.4000015258789,68.9000015258789,67.1500015258789,67.75,1356600,61.2847785949707
2023-08-25,68.05000305175781,68.52999877929688,67.05999755859375,67.55000305175781,1154100,61.1038703918457
2023-08-28,68.0199966430664,68.70999908447266,67.93000030517578,68.4000015258789,1036300,61.872764587402344
2023-08-29,68.38999938964844,68.87999725341797,68.02999877929688,68.5199966430664,1235800,61.98129653930664
2023-08-30,68.54000091552734,69.0199966430664,68.1500015258789,68.44999694824219,1163900,61.91798400878906
2023-08-31,68.6500015258789,68.93000030517578,68.3499984741211,68.73999786376953,2144600,62.18030548095703
2023-09-01,69.37999725341797,70.37000274658203,69.27999877929688,69.8499984741211,1578700,63.18438720703125
2023-09-05,69.55000305175781,70.61000061035156,69.25,70.08000183105469,2002600,63.39243698120117
2023-09-06,69.51000213623047,70.05000305175781,69.12999725341797,69.86000061035156,1845300,63.19343185424805
2023-09-07,69.70999908447266,70.22000122070312,68.76000213623047,69.51000213623047,2206200,62.8768310546875
2023-09-08,69.44999694824219,70.41999816894531,68.62000274658203,70.16000366210938,1646900,63.464813232421875
2023-09-11,71.48999786376953,74.0199966430664,71.01000213623047,71.38999938964844,3763100,64.5774154663086
2023-09-12,71.37999725341797,72.29000091552734,70.44999694824219,71.48999786376953,2550400,64.6678695678711
2023-09-13,72.06999969482422,72.16000366210938,70.56999969482422,71.25,2199400,64.4507827758789
2023-09-14,72.0999984741211,72.48999786376953,71.66000366210938,72.38999938964844,2500500,65.48200225830078
2023-09-15,71.58999633789062,72.01000213623047,71.18000030517578,71.8499984741211,6781100,64.99353790283203
2023-09-18,71.66000366210938,71.70999908447266,70.54000091552734,71.26000213623047,1798600,64.4598388671875
2023-09-19,71.30999755859375,71.6500015258789,70.18000030517578,70.55000305175781,1835200,63.81759262084961
2023-09-20,71.02999877929688,71.22000122070312,69.62999725341797,69.69000244140625,1679900,63.039649963378906
2023-09-21,69.2300033569336,69.5199966430664,68.54000091552734,68.81999969482422,1289800,62.25267028808594
2023-09-22,68.9000015258789,69.05000305175781,67.61000061035156,67.80999755859375,1116800,61.33905792236328
2023-09-25,67.2300033569336,67.80000305175781,67.01000213623047,67.61000061035156,1393000,61.15814208984375
2023-09-26,66.94999694824219,67.79000091552734,66.66000366210938,66.83000183105469,1390900,60.45258331298828
2023-09-27,67.05000305175781,67.2699966430664,66.22000122070312,66.77999877929688,1473200,60.4073486328125
2023-09-28,66.81999969482422,67.97000122070312,66.81999969482422,67.55999755859375,1269600,61.112918853759766
2023-09-29,67.37999725341797,68.25,66.83999633789062,66.95999908447266,1665300,61.19517135620117
2023-10-02,66.81999969482422,67.13999938964844,65.61000061035156,66.19000244140625,1840100,60.4914665222168
2023-10-03,65.44999694824219,65.66000366210938,64.41000366210938,64.79000091552734,1485300,59.21198654174805
2023-10-04,64.80999755859375,65.23999786376953,63.619998931884766,64.45999908447266,2151100,58.910400390625
2023-10-05,64.0199966430664,64.38999938964844,63.11000061035156,64.2699966430664,2229800,58.736759185791016
2023-10-06,64.16000366210938,65.81999969482422,63.880001068115234,65.16999816894531,2074800,59.55927276611328
2023-10-09,64.5,64.93000030517578,64.11000061035156,64.73999786376953,1865100,59.166290283203125
2023-10-10,65.37000274658203,66.0999984741211,65.23999786376953,65.44000244140625,1732800,59.806026458740234
2023-10-11,65.44000244140625,65.94999694824219,64.79000091552734,65.30000305175781,1848300,59.67808532714844
2023-10-12,65.58000183105469,65.58000183105469,63.5099983215332,64.08999633789062,2688700,58.57225036621094
2023-10-13,64.76000213623047,65.55999755859375,64.05999755859375,64.27999877929688,2178700,58.74589538574219
2023-10-16,64.95999908447266,65.97000122070312,64.75,65.5999984741211,2044900,59.95225524902344
2023-10-17,64.87999725341797,67.54000091552734,64.7300033569336,67.26000213623047,3927300,61.46933364868164
2023-10-18,69.0,70.4800033569336,67.41000366210938,68.62999725341797,5483000,62.72138977050781
2023-10-19,68.72000122070312,68.88999938964844,66.3499984741211,66.36000061035156,2981500,60.64682388305664
2023-10-20,66.04000091552734,66.33000183105469,64.47000122070312,64.86000061035156,3455900,59.27596664428711
2023-10-23,64.77999877929688,65.0199966430664,64.12000274658203,64.25,1754100,58.71847915649414
2023-10-24,64.43000030517578,65.3499984741211,64.1500015258789,64.73999786376953,1625400,59.166290283203125
2023-10-25,64.20999908447266,64.56999969482422,63.540000915527344,64.0199966430664,1357100,58.50828170776367
2023-10-26,64.04000091552734,65.18000030517578,64.04000091552734,64.66000366210938,1775400,59.09318923950195
2023-10-27,64.16000366210938,64.33000183105469,62.779998779296875,62.93000030517578,1655800,57.512123107910156
2023-10-30,63.45000076293945,64.16000366210938,62.9900016784668,63.880001068115234,1471800,58.380340576171875
2023-10-31,63.65999984741211,64.94999694824219,63.56999969482422,64.62999725341797,1548600,59.06576156616211
2023-11-01,64.80999755859375,65.69999694824219,64.30000305175781,64.73999786376953,1805200,59.166290283203125
2023-11-02,65.5,66.83000183105469,65.16000366210938,66.68000030517578,1533300,60.93928146362305
2023-11-03,67.77999877929688,68.52999877929688,67.68000030517578,67.76000213623047,1990200,61.92629623413086
2023-11-06,67.91000366210938,67.98999786376953,66.63999938964844,67.22000122070312,1426800,61.43278121948242
2023-11-07,66.83999633789062,67.33000183105469,66.45999908447266,66.54000091552734,1302700,60.81133270263672
2023-11-08,66.41000366210938,66.66999816894531,66.0,66.55999755859375,1624700,60.8296012878418
2023-11-09,67.06999969482422,67.5999984741211,66.37999725341797,66.5199966430664,1486000,60.793033599853516
2023-11-10,66.94999694824219,67.63999938964844,66.2699966430664,67.5999984741211,1406300,61.780067443847656
2023-11-13,67.16000366210938,67.5999984741211,66.86000061035156,67.05000305175781,1588000,61.27742385864258
2023-11-14,68.22000122070312,69.76000213623047,68.0,68.94000244140625,1911800,63.004703521728516
2023-11-15,68.93000030517578,70.20999908447266,68.93000030517578,69.7300033569336,1721200,63.726707458496094
2023-11-16,69.58999633789062,69.97000122070312,68.91999816894531,69.29000091552734,1733800,63.32455825805664
2023-11-17,70.18000030517578,70.2699966430664,69.81999969482422,70.19000244140625,1536800,64.1470947265625
2023-11-20,69.72000122070312,70.30999755859375,69.16999816894531,69.94999694824219,1429200,63.927757263183594
2023-11-21,69.75,69.91000366210938,69.02999877929688,69.05000305175781,1372400,63.10524368286133
2023-11-22,69.44000244140625,69.94999694824219,68.98999786376953,69.87999725341797,1200300,63.863773345947266
2023-11-24,69.8499984741211,70.55999755859375,69.69999694824219,70.37999725341797,797700,64.32070922851562
2023-11-27,69.87999725341797,70.18000030517578,69.55999755859375,69.73999786376953,1957600,63.73582458496094
2023-11-28,69.88999938964844,70.43000030517578,69.58000183105469,70.11000061035156,1732700,64.0739517211914
2023-11-29,70.6500015258789,71.98999786376953,70.5,71.73999786376953,1653500,65.56363677978516
2023-11-30,71.91000366210938,72.94000244140625,71.4000015258789,72.81999969482422,3887100,66.5506591796875
2023-12-01,72.80000305175781,74.54000091552734,72.5199966430664,73.91999816894531,2699800,67.55594635009766
2023-12-04,73.16999816894531,74.61000061035156,73.06999969482422,74.0999984741211,2464700,67.720458984375
2023-12-05,73.81999969482422,73.9000015258789,72.61000061035156,73.22000122070312,2145100,66.91622161865234
2023-12-06,73.75,74.12999725341797,70.45999908447266,71.44000244140625,4466200,65.28947448730469
2023-12-07,71.77999877929688,73.22000122070312,71.47000122070312,73.18000030517578,2545000,66.87966918945312
2023-12-08,73.1500015258789,74.16999816894531,72.91999816894531,73.97000122070312,2149800,67.60164642333984
2023-12-11,73.83000183105469,75.4000015258789,73.73999786376953,74.5999984741211,2189700,68.17740631103516
2023-12-12,74.72000122070312,75.44999694824219,74.37999725341797,75.12000274658203,1819000,68.65264892578125
2023-12-13,75.2699966430664,76.80000305175781,74.66000366210938,76.61000061035156,2126000,70.01435852050781
2023-12-14,77.8499984741211,79.27999877929688,77.8499984741211,78.55000305175781,2343200,71.78733825683594
2023-12-15,77.63999938964844,78.63999938964844,77.1500015258789,77.62999725341797,4948000,70.946533203125
2023-12-18,78.0,78.01000213623047,77.06999969482422,77.19000244140625,1884600,70.54443359375
2023-12-19,77.33999633789062,78.0999984741211,76.94999694824219,77.68000030517578,1624900,70.99223327636719
2023-12-20,77.33000183105469,78.19000244140625,76.0199966430664,76.05000305175781,1822500,69.5025863647461
2023-12-21,76.47000122070312,77.11000061035156,76.22000122070312,77.01000213623047,1385000,70.37992095947266
2023-12-22,77.37000274658203,77.88999938964844,76.80999755859375,77.19000244140625,1536500,70.54443359375
2023-12-26,77.29000091552734,77.91000366210938,77.06999969482422,77.72000122070312,1608600,71.02881622314453
2023-12-27,77.63999938964844,78.20999908447266,77.27999877929688,77.97000122070312,1154800,71.25728607177734
2023-12-28,78.55000305175781,78.56999969482422,78.13999938964844,78.41999816894531,1394300,71.66853332519531
2023-12-29,77.83000183105469,78.06999969482422,77.23999786376953,77.45999908447266,1084500,71.41959381103516
2024-01-02,77.66000366210938,78.2300033569336,77.02999877929688,77.75,1438500,71.68696594238281
2024-01-03,78.69000244140625,78.69000244140625,76.91000366210938,77.30000305175781,1804200,71.27206420898438
2024-01-04,76.86000061035156,77.94999694824219,76.80000305175781,77.37999725341797,1841600,71.34583282470703
2024-01-05,77.18000030517578,78.73999786376953,77.18000030517578,78.20999908447266,1926900,72.11109924316406
2024-01-08,78.12000274658203,78.47000122070312,77.25,78.43000030517578,1177800,72.31395721435547
2024-01-09,77.41000366210938,78.41000366210938,76.86000061035156,77.31999969482422,1340900,71.29049682617188
2024-01-10,77.0,77.06999969482422,75.95999908447266,76.5999984741211,1301500,70.62664794921875
2024-01-11,76.3499984741211,76.58000183105469,75.62000274658203,76.26000213623047,1824100,70.31315612792969
2024-01-12,77.22000122070312,77.87999725341797,76.41000366210938,76.51000213623047,2157900,70.5436782836914
2024-01-16,76.01000213623047,76.6500015258789,75.43000030517578,75.87000274658203,2050800,69.95358276367188
2024-01-17,74.77999877929688,75.7699966430664,74.5999984741211,74.69000244140625,2274800,68.86558532714844
2024-01-18,75.02999877929688,75.30999755859375,73.83000183105469,74.30999755859375,3295500,68.51521301269531
2024-01-19,79.9000015258789,79.9000015258789,75.44999694824219,75.86000061035156,6624700,69.94435119628906
2024-01-22,76.0,76.58000183105469,74.05999755859375,74.30999755859375,3239300,68.51521301269531
2024-01-23,74.11000061035156,74.41999816894531,73.61000061035156,73.94999694824219,2812900,68.18330383300781
2024-01-24,74.3499984741211,75.16000366210938,73.69000244140625,73.83999633789062,3302100,68.08187103271484
2024-01-25,73.62999725341797,74.8499984741211,73.41000366210938,74.68000030517578,2690300,68.85637664794922
2024-01-26,74.87000274658203,75.83999633789062,74.58000183105469,75.11000061035156,1747000,69.25284576416016
2024-01-29,74.73999786376953,75.33000183105469,74.33999633789062,74.83999633789062,1812700,69.00389099121094
2024-01-30,75.08000183105469,75.16000366210938,74.41999816894531,74.8499984741211,1917500,69.01310729980469
2024-01-31,74.7300033569336,75.55000305175781,73.80999755859375,73.87000274658203,2566900,68.10955047607422
2024-02-01,73.7699966430664,74.18000030517578,72.45999908447266,73.25,2947700,67.53789520263672
2024-02-02,73.20999908447266,73.76000213623047,72.69999694824219,73.43000030517578,1880300,67.70384216308594
2024-02-05,72.5199966430664,73.0999984741211,72.20999908447266,72.56999969482422,1918500,66.91091918945312
2024-02-06,72.41000366210938,73.05999755859375,72.41000366210938,72.44999694824219,1505200,66.80026245117188
2024-02-07,72.68000030517578,73.11000061035156,71.70999908447266,73.02999877929688,2605600,67.33504486083984
2024-02-08,73.0,73.44999694824219,71.83999633789062,72.38999938964844,2707600,66.74494934082031
2024-02-09,72.33999633789062,72.9800033569336,72.08000183105469,72.83999633789062,1312400,67.15985107421875
2024-02-12,72.80999755859375,74.22000122070312,72.63999938964844,73.5999984741211,1516900,67.86058807373047
2024-02-13,72.69000244140625,72.69000244140625,70.52999877929688,71.11000061035156,1577500,65.56477355957031
2024-02-14,71.77999877929688,72.12999725341797,71.23999786376953,71.5,1172900,65.92435455322266
2024-02-15,71.93000030517578,73.20999908447266,71.73999786376953,73.02999877929688,1514700,67.33504486083984
2024-02-16,73.0,73.08999633789062,72.30999755859375,72.48999786376953,1495900,66.837158203125
2024-02-20,70.86000061035156,72.12999725341797,70.86000061035156,71.55000305175781,1874000,65.970458984375
2024-02-21,71.55000305175781,72.48999786376953,71.25,72.1500015258789,2693900,66.52366638183594
2024-02-22,72.5,72.73999786376953,71.86000061035156,72.41999816894531,2439700,66.7726058959961
2024-02-23,72.66000366210938,73.91000366210938,72.27999877929688,73.58000183105469,3367300,67.84214782714844
2024-02-26,73.05999755859375,74.16000366210938,72.75,72.87000274658203,2068000,67.1875228881836
2024-02-27,72.94000244140625,73.48999786376953,72.66000366210938,73.4800033569336,2024700,67.74995422363281
2024-02-28,73.31999969482422,74.30000305175781,73.18000030517578,73.37000274658203,2235200,67.6485366821289
2024-02-29,73.9000015258789,74.2699966430664,73.2699966430664,73.7300033569336,3479700,67.98046875
2024-03-01,73.63999938964844,73.94999694824219,72.7300033569336,73.8499984741211,1769400,68.09109497070312
2024-03-04,73.72000122070312,74.94999694824219,73.66000366210938,74.0,1549000,68.22940063476562
2024-03-05,73.3499984741211,74.6500015258789,72.83000183105469,73.30999755859375,2450600,67.59320068359375
2024-03-06,73.27999877929688,73.36000061035156,71.58999633789062,71.83999633789062,2802600,66.23783111572266
2024-03-07,72.2300033569336,72.75,72.0199966430664,72.25,2448300,66.61585998535156
2024-03-08,72.33000183105469,73.01000213623047,72.2699966430664,72.43000030517578,1657600,66.78182983398438
2024-03-11,72.08999633789062,73.61000061035156,72.08000183105469,73.44000244140625,1847600,67.71307373046875
2024-03-12,73.6500015258789,73.91000366210938,72.33000183105469,72.51000213623047,1883300,66.85559844970703
2024-03-13,72.5199966430664,73.63999938964844,72.5199966430664,72.8499984741211,1943100,67.16908264160156
2024-03-14,72.4800033569336,72.8499984741211,71.26000213623047,71.86000061035156,2120700,66.25628662109375
2024-03-15,71.05000305175781,72.61000061035156,71.05000305175781,72.5,4129200,66.84637451171875
2024-03-18,72.51000213623047,72.69000244140625,71.93000030517578,72.48999786376953,2234300,66.837158203125
2024-03-19,72.48999786376953,72.73999786376953,72.0,72.62000274658203,2787300,66.95702362060547
2024-03-20,72.54000091552734,74.0199966430664,72.12999725341797,73.81999969482422,1818500,68.06344604492188
2024-03-21,74.19999694824219,76.0,73.97000122070312,75.93000030517578,2720600,70.0088882446289
2024-03-22,76.06999969482422,76.29000091552734,75.41000366210938,75.83999633789062,2585300,69.92591857910156
2024-03-25,76.38999938964844,76.86000061035156,75.62999725341797,75.6500015258789,2026700,69.750732421875
2024-03-26,76.08000183105469,76.43000030517578,75.6500015258789,76.18000030517578,1764800,70.2394027709961
2024-03-27,76.5999984741211,77.23999786376953,76.12999725341797,76.87999725341797,2585700,70.88480377197266
2024-03-28,76.6500015258789,77.68000030517578,76.19999694824219,77.31999969482422,2202800,71.93612670898438
2024-04-01,76.88999938964844,77.33000183105469,76.41000366210938,77.25,1815100,71.87100982666016
2024-04-02,77.43000030517578,77.70999908447266,76.83999633789062,77.0,3184600,71.63841247558594
2024-04-03,76.97000122070312,77.9800033569336,76.73999786376953,77.31999969482422,1585400,71.93612670898438
2024-04-04,77.98999786376953,78.5,75.88999938964844,75.94999694824219,1915400,70.66152954101562
2024-04-05,75.87999725341797,76.47000122070312,74.51000213623047,75.80000305175781,1644400,70.52198028564453
2024-04-08,76.26000213623047,76.94000244140625,75.69999694824219,76.38999938964844,1523400,71.0708999633789
2024-04-09,76.68000030517578,77.08000183105469,76.0,76.63999938964844,1581700,71.30349731445312
2024-04-10,75.4800033569336,75.97000122070312,74.31999969482422,74.37000274658203,1954600,69.1915512084961
2024-04-11,74.22000122070312,74.69999694824219,72.8499984741211,73.91000366210938,2436600,68.76358032226562
2024-04-12,74.6500015258789,78.48999786376953,73.2300033569336,75.77999877929688,6622200,70.50336456298828
2024-04-15,76.47000122070312,77.4000015258789,74.44000244140625,74.93000030517578,3398400,69.71255493164062
2024-04-16,74.9000015258789,75.44000244140625,72.72000122070312,73.0199966430664,3018700,67.935546875
2024-04-17,73.0999984741211,73.55999755859375,72.12999725341797,72.80999755859375,2265200,67.74017333984375
2024-04-18,73.26000213623047,73.66999816894531,72.54000091552734,73.04000091552734,1689900,67.95414733886719
2024-04-19,73.51000213623047,74.0199966430664,73.11000061035156,73.37000274658203,3005500,68.26118469238281
2024-04-22,73.79000091552734,74.73999786376953,73.20999908447266,74.51000213623047,1680000,69.3218002319336
2024-04-23,74.5,75.01000213623047,74.02999877929688,74.38999938964844,2424000,69.21015167236328
2024-04-24,73.69999694824219,74.75,73.5999984741211,74.29000091552734,8642100,69.11709594726562
2024-04-25,73.9800033569336,74.44000244140625,72.5999984741211,73.29000091552734,5837100,68.18675231933594
2024-04-26,73.3499984741211,74.44000244140625,73.02999877929688,73.38999938964844,2749400,68.27979278564453
2024-04-29,73.12000274658203,74.37999725341797,73.12000274658203,73.98999786376953,2018700,68.83799743652344
2024-04-30,73.43000030517578,73.75,72.41000366210938,72.48999786376953,1645000,67.44245910644531
2024-05-01,72.51000213623047,73.9000015258789,72.26000213623047,73.11000061035156,1840400,68.01927185058594
2024-05-02,73.70999908447266,73.87000274658203,72.8499984741211,73.19999694824219,1883400,68.10301208496094
2024-05-03,73.91000366210938,74.41999816894531,73.4800033569336,74.38999938964844,1623100,69.21015167236328
2024-05-06,75.01000213623047,75.31999969482422,74.52999877929688,75.11000061035156,1888200,69.88002014160156
2024-05-07,75.47000122070312,76.18000030517578,75.29000091552734,75.3499984741211,1899700,70.10330200195312
2024-05-08,75.12000274658203,75.56999969482422,75.05000305175781,75.31999969482422,1949100,70.07540130615234
2024-05-09,75.20999908447266,76.27999877929688,75.12999725341797,76.26000213623047,1416900,70.9499282836914
2024-05-10,76.5,77.11000061035156,76.4800033569336,76.58000183105469,1479500,71.2476577758789
2024-05-13,76.9000015258789,77.16000366210938,76.0199966430664,76.16000366210938,1808400,70.8569107055664
2024-05-14,76.52999877929688,77.0,76.22000122070312,76.55999755859375,1830600,71.22904968261719
2024-05-15,77.0199966430664,77.73999786376953,76.88999938964844,77.56999969482422,1914300,72.16871643066406
2024-05-16,77.76000213623047,77.98999786376953,77.30000305175781,77.62999725341797,1713100,72.22454833984375
2024-05-17,77.9800033569336,78.05000305175781,77.3499984741211,78.01000213623047,1815000,72.57808685302734
2024-05-20,78.02999877929688,78.19000244140625,77.04000091552734,77.1500015258789,2845300,71.77796173095703
2024-05-21,77.1500015258789,77.5199966430664,77.01000213623047,77.08000183105469,1580400,71.71285247802734
2024-05-22,76.54000091552734,77.08000183105469,76.19999694824219,76.48999786376953,2740600,71.16392517089844
2024-05-23,76.45999908447266,76.5999984741211,74.30999755859375,74.80999755859375,3001500,69.60091400146484
2024-05-24,75.08999633789062,75.4800033569336,74.87000274658203,75.38999938964844,1310300,70.14051818847656
2024-05-28,75.25,75.56999969482422,73.63999938964844,73.91000366210938,1444800,68.76358032226562
2024-05-29,73.05000305175781,73.8499984741211,72.58999633789062,73.83000183105469,1760500,68.68914794921875
2024-05-30,74.06999969482422,74.4000015258789,73.44000244140625,74.25,1738700,69.07991027832031
2024-05-31,74.4000015258789,75.66999816894531,74.30000305175781,75.58999633789062,3871100,70.32659149169922
2024-06-03,75.55000305175781,75.94999694824219,74.44999694824219,75.33000183105469,1984400,70.0846939086914
2024-06-04,74.75,75.38999938964844,74.25,74.6500015258789,1425800,69.45205688476562
2024-06-05,74.81999969482422,74.98999786376953,74.33000183105469,74.48999786376953,1489800,69.30318450927734
2024-06-06,74.48999786376953,74.87000274658203,74.19000244140625,74.5,1497500,69.31249237060547
2024-06-07,74.0,75.5199966430664,74.0,74.76000213623047,2213600,69.55439758300781
2024-06-10,74.19000244140625,75.11000061035156,73.41999816894531,74.3499984741211,2723500,69.17293548583984
2024-06-11,73.80999755859375,74.0,70.66999816894531,71.12999725341797,3551100,66.1771469116211
2024-06-12,72.37999725341797,73.20999908447266,71.77999877929688,72.13999938964844,1824700,67.11682891845703
2024-06-13,71.69000244140625,71.81999969482422,70.68000030517578,71.5999984741211,1945700,66.61441802978516
2024-06-14,70.9000015258789,71.55999755859375,70.29000091552734,70.91000366210938,1395700,65.97248077392578
2024-06-17,70.66999816894531,71.83000183105469,70.19999694824219,71.70999908447266,1515300,66.71675872802734
2024-06-18,71.55999755859375,72.55000305175781,71.44999694824219,72.37000274658203,2525300,67.33080291748047
2024-06-20,72.12999725341797,72.80000305175781,72.05000305175781,72.4000015258789,1776800,67.35871124267578
2024-06-21,72.4000015258789,72.5999984741211,71.80000305175781,72.23999786376953,2353800,67.20985412597656
2024-06-24,72.48999786376953,73.61000061035156,72.22000122070312,72.94000244140625,1462700,67.86112213134766
2024-06-25,72.61000061035156,72.91000366210938,71.97000122070312,72.58000183105469,1696500,67.52618408203125
2024-06-26,72.12999725341797,73.01000213623047,71.95999908447266,72.86000061035156,3159900,67.78669738769531
2024-06-27,72.72000122070312,73.08999633789062,71.95999908447266,73.05000305175781,2394800,67.96346282958984
2024-06-28,73.38999938964844,74.02999877929688,73.05999755859375,74.0,4601500,68.84729766845703
2024-07-01,73.66999816894531,74.13999938964844,73.1500015258789,73.55999755859375,2154900,69.08208465576172
2024-07-02,73.47000122070312,73.95999908447266,73.19000244140625,73.86000061035156,1596200,69.36381530761719
2024-07-03,74.37000274658203,74.72000122070312,73.79000091552734,74.13999938964844,929100,69.62679290771484
2024-07-05,74.05000305175781,74.06999969482422,73.06999969482422,73.72000122070312,1539900,69.23236083984375
2024-07-08,72.9800033569336,73.72000122070312,72.6500015258789,73.37000274658203,2637100,68.90365600585938
2024-07-09,73.44000244140625,74.9000015258789,72.91999816894531,74.41999816894531,2043600,69.88973999023438
2024-07-10,74.44999694824219,75.5199966430664,74.1500015258789,75.48999786376953,1734500,70.89459228515625
2024-07-11,75.88999938964844,76.69000244140625,75.62999725341797,76.4800033569336,1831200,71.82433319091797
2024-07-12,76.80000305175781,79.41999816894531,76.61000061035156,78.55999755859375,2974400,73.7777099609375
2024-07-15,78.80999755859375,79.4000015258789,78.4000015258789,78.94000244140625,3254300,74.13459777832031
2024-07-16,79.5,84.83000183105469,78.1500015258789,84.81999969482422,6021900,79.65664672851562
2024-07-17,84.91000366210938,85.37000274658203,83.6500015258789,85.33999633789062,4074400,80.14500427246094
2024-07-18,85.0,86.23999786376953,83.87999725341797,84.33000183105469,2694200,79.19647979736328
2024-07-19,84.58999633789062,84.87999725341797,84.05999755859375,84.48999786376953,1565700,79.34673309326172
2024-07-22,84.76000213623047,84.94999694824219,83.33000183105469,84.0,1722200,78.88656616210938
2024-07-23,83.63999938964844,84.70999908447266,83.48999786376953,83.80999755859375,2459000,78.70812225341797
2024-07-24,83.7300033569336,84.5199966430664,82.86000061035156,82.95999908447266,1762600,77.90986633300781
2024-07-25,83.08999633789062,85.33999633789062,82.91999816894531,84.88999938964844,2078300,79.72238159179688
2024-07-26,85.20999908447266,85.88999938964844,84.58000183105469,85.29000091552734,1509800,80.09803009033203
2024-07-29,85.16999816894531,85.56999969482422,84.58999633789062,84.91999816894531,1029300,79.75057220458984
2024-07-30,85.51000213623047,86.25,85.12999725341797,85.69999694824219,1177700,80.48306274414062
2024-07-31,85.7699966430664,86.0999984741211,84.91000366210938,84.97000122070312,1345700,79.7975082397461
2024-08-01,85.30000305175781,85.48999786376953,82.93000030517578,83.62999725341797,1359600,78.53907775878906
2024-08-02,82.61000061035156,82.61000061035156,80.25,80.91000366210938,1941300,75.98467254638672
2024-08-05,78.8499984741211,79.5,76.94999694824219,77.11000061035156,2669900,72.41597747802734
2024-08-06,76.91000366210938,78.19000244140625,76.8499984741211,77.12999725341797,2281500,72.43477630615234
2024-08-07,78.55000305175781,79.75,76.3499984741211,76.4800033569336,1955100,71.82433319091797
2024-08-08,76.9800033569336,78.29000091552734,76.9800033569336,77.75,1087300,73.01702117919922
2024-08-09,77.81999969482422,78.31999969482422,77.29000091552734,78.20999908447266,1217900,73.44902801513672
2024-08-12,78.19999694824219,78.75,77.20999908447266,77.52999877929688,1901400,72.81040954589844
2024-08-13,78.2300033569336,79.1500015258789,77.58000183105469,78.80000305175781,1798800,74.00310516357422
2024-08-14,79.08999633789062,79.31999969482422,78.37000274658203,78.94999694824219,1265500,74.14397430419922
2024-08-15,80.0,80.87000274658203,79.83000183105469,80.55000305175781,2541100,75.64656829833984
2024-08-16,80.6500015258789,81.2300033569336,80.26000213623047,81.18000030517578,1466000,76.23822784423828
2024-08-19,81.33000183105469,81.5999984741211,80.87999725341797,81.01000213623047,1383200,76.07858276367188
2024-08-20,80.80000305175781,81.22000122070312,80.18000030517578,80.41999816894531,1508500,75.52447509765625
2024-08-21,80.73999786376953,80.91000366210938,80.11000061035156,80.80000305175781,1830700,75.88136291503906
2024-08-22,80.81999969482422,82.58999633789062,80.79000091552734,82.55999755859375,1897900,77.53421020507812
2024-08-23,82.95999908447266,84.37000274658203,82.55000305175781,84.04000091552734,2364900,78.92412567138672
2024-08-26,84.4800033569336,85.20999908447266,84.16000366210938,84.58000183105469,1763600,79.43125915527344
2024-08-27,84.19000244140625,85.79000091552734,84.13999938964844,85.4800033569336,2203600,80.2764663696289
2024-08-28,85.20999908447266,85.76000213623047,84.29000091552734,84.73999786376953,2229600,79.58150482177734
2024-08-29,85.19000244140625,86.4000015258789,84.36000061035156,85.9000015258789,1547600,80.6708984375
2024-08-30,86.08000183105469,87.2699966430664,85.93000030517578,87.0999984741211,1749100,81.79785919189453
2024-09-03,86.44000244140625,87.16000366210938,85.62999725341797,85.9800033569336,1795300,80.74603271484375
2024-09-04,86.44999694824219,87.19000244140625,85.2300033569336,85.91000366210938,2014700,80.68028259277344
2024-09-05,86.73999786376953,86.73999786376953,84.94999694824219,85.19000244140625,1867200,80.00411224365234
2024-09-06,85.16000366210938,86.08000183105469,82.83999633789062,83.29000091552734,2191600,78.21978759765625
2024-09-09,84.02999877929688,84.83000183105469,82.4800033569336,83.66000366210938,3230100,78.5672607421875
2024-09-10,83.79000091552734,83.93000030517578,82.06999969482422,83.31999969482422,1893000,78.24796295166016
2024-09-11,82.7300033569336,82.83000183105469,80.54000091552734,82.58999633789062,2333000,77.56239318847656
2024-09-12,82.63999938964844,83.37000274658203,81.86000061035156,82.58000183105469,1743000,77.55300903320312
2024-09-13,82.8499984741211,84.37000274658203,82.8499984741211,83.27999877929688,2262700,78.21038055419922
2024-09-16,83.80000305175781,85.94000244140625,83.61000061035156,85.45999908447266,3480100,80.25767517089844
2024-09-17,85.75,87.12999725341797,85.44999694824219,86.69000244140625,1654200,81.41281127929688
2024-09-18,86.87999725341797,88.19000244140625,86.58000183105469,87.16000366210938,2699400,81.85420227050781
2024-09-19,88.33999633789062,89.41999816894531,87.41000366210938,89.30999755859375,1914400,83.87332153320312
2024-09-20,88.77999877929688,88.91000366210938,87.5999984741211,88.5,3578200,83.11261749267578
2024-09-23,89.2300033569336,89.48999786376953,88.6500015258789,89.12999725341797,1680800,83.70426940917969
2024-09-24,88.94000244140625,89.33999633789062,88.5,88.91000366210938,1899800,83.49767303466797
2024-09-25,89.05000305175781,89.18000030517578,88.18000030517578,88.5,1881600,83.11261749267578
2024-09-26,88.70999908447266,89.18000030517578,87.91999816894531,88.08999633789062,2769100,82.72758483886719
2024-09-27,88.63999938964844,89.37000274658203,87.86000061035156,88.19999694824219,3154600,82.83088684082031
2024-09-30,87.98999786376953,88.66999816894531,87.30000305175781,88.47000122070312,2499700,83.08445739746094
2024-10-01,87.5,87.63999938964844,86.4000015258789,86.6500015258789,1957800,82.08036041259766
2024-10-02,86.70999908447266,87.45999908447266,85.69999694824219,85.98999786376953,1483600,81.45516204833984
2024-10-03,85.66999816894531,86.04000091552734,85.05000305175781,85.95999908447266,3023000,81.4267349243164
2024-10-04,86.98999786376953,87.5999984741211,86.76000213623047,87.30999755859375,1744100,82.7055435180664
2024-10-07,87.29000091552734,87.87000274658203,86.62999725341797,87.47000122070312,2146400,82.85711669921875
2024-10-08,87.55999755859375,88.81999969482422,87.23999786376953,88.56999969482422,1962200,83.89910125732422
2024-10-09,88.69999694824219,89.20999908447266,88.05999755859375,88.86000061035156,1996700,84.17381286621094
2024-10-10,88.8499984741211,89.77999877929688,88.6500015258789,89.33999633789062,1705400,84.62848663330078
2024-10-11,89.94000244140625,90.80000305175781,89.08999633789062,89.83000183105469,2793300,85.0926513671875
2024-10-14,89.70999908447266,91.13999938964844,89.62999725341797,90.93000030517578,2425400,86.13463592529297
2024-10-15,91.83999633789062,94.5999984741211,89.33999633789062,91.81999969482422,5898700,86.97770690917969
2024-10-16,93.05999755859375,93.56999969482422,92.0,92.87999725341797,2569700,87.98180389404297
2024-10-17,93.0,93.37000274658203,92.16000366210938,92.55000305175781,1923200,87.66920471191406
2024-10-18,92.83000183105469,92.87000274658203,91.20999908447266,91.43000030517578,2180900,86.6082763671875
2024-10-21,91.19999694824219,91.36000061035156,89.77999877929688,90.19000244140625,1637900,85.43366241455078
2024-10-22,89.86000061035156,90.22000122070312,89.3499984741211,89.86000061035156,1403500,85.12106323242188
2024-10-23,89.5999984741211,91.56999969482422,89.5,91.43000030517578,2457700,86.6082763671875
2024-10-24,91.98999786376953,92.05999755859375,91.31999969482422,91.87000274658203,1722300,87.02507781982422
2024-10-25,92.63999938964844,92.63999938964844,90.37000274658203,90.37999725341797,1553900,85.6136474609375
2024-10-28,91.2300033569336,93.5999984741211,90.81999969482422,92.9800033569336,2405800,88.07653045654297
2024-10-29,92.5999984741211,93.70999908447266,92.47000122070312,92.81999969482422,2104700,87.92496490478516
2024-10-30,92.73999786376953,94.05999755859375,92.69000244140625,92.93000030517578,1552300,88.02916717529297
2024-10-31,92.83000183105469,93.62999725341797,92.16000366210938,92.80000305175781,2673500,87.90603637695312
2024-11-01,93.01000213623047,93.76000213623047,92.70999908447266,92.80000305175781,2158900,87.90603637695312
2024-11-04,92.80000305175781,92.95999908447266,92.01000213623047,92.26000213623047,1363100,87.39449310302734
2024-11-05,92.25,93.22000122070312,92.02999877929688,92.91000366210938,1480000,88.01022338867188
2024-11-06,97.56999969482422,98.44999694824219,95.97000122070312,96.80999755859375,3076100,91.70455169677734
2024-11-07,96.38999938964844,96.94999694824219,95.06999969482422,95.12000274658203,1915600,90.10367584228516
2024-11-08,95.22000122070312,95.55000305175781,93.80000305175781,94.77999877929688,2723300,89.78160095214844
2024-11-11,95.69000244140625,97.0,95.56999969482422,96.55000305175781,1712800,91.45826721191406
2024-11-12,96.16000366210938,96.73999786376953,95.18000030517578,95.19000244140625,1938800,90.16998291015625
2024-11-13,95.30000305175781,96.5,95.12999725341797,95.16999816894531,1649600,90.15103149414062
2024-11-14,95.4000015258789,95.79000091552734,93.95999908447266,94.18000030517578,1377200,89.2132339477539
2024-11-15,94.29000091552734,95.66999816894531,94.18000030517578,95.4800033569336,2354400,90.4447021484375
2024-11-18,95.3499984741211,96.30000305175781,95.19999694824219,96.12000274658203,1528000,91.05093383789062
2024-11-19,95.06999969482422,95.55000305175781,94.62000274658203,94.70999908447266,1781900,89.71528625488281
2024-11-20,95.30000305175781,95.41000366210938,94.56999969482422,95.30000305175781,1351000,90.274169921875
2024-11-21,95.87999725341797,96.69999694824219,95.41999816894531,96.33999633789062,1326900,91.25932312011719
2024-11-22,96.4000015258789,97.70999908447266,96.4000015258789,97.5,1513100,92.358154296875
2024-11-25,97.97000122070312,99.5,97.8499984741211,98.79000091552734,2408300,93.58013153076172
2024-11-26,98.41999816894531,99.05000305175781,97.86000061035156,98.80999755859375,2184700,93.59906768798828
2024-11-27,98.80999755859375,99.23999786376953,98.38999938964844,98.79000091552734,1924000,93.58013153076172
2024-11-29,99.0,99.45999908447266,98.51000213623047,98.51000213623047,1155200,93.31489562988281
2024-12-02,99.19999694824219,99.22000122070312,97.66999816894531,98.02999877929688,1722300,92.8602066040039
2024-12-03,99.30000305175781,99.5,97.70999908447266,97.7699966430664,1891800,92.61392211914062
2024-12-04,97.48999786376953,97.62000274658203,96.69000244140625,97.37000274658203,3352200,92.23501586914062
2024-12-05,97.36000061035156,99.76000213623047,97.23999786376953,98.5999984741211,2116600,93.400146484375
2024-12-06,98.88999938964844,98.94999694824219,97.36000061035156,98.41000366210938,1726200,93.22016906738281
2024-12-09,99.5999984741211,100.3499984741211,98.5999984741211,99.43000030517578,3504100,94.1863784790039
2024-12-10,99.4000015258789,100.02999877929688,98.16000366210938,100.02999877929688,2343000,94.75473022460938
2024-12-11,100.5,101.91000366210938,98.52999877929688,99.2699966430664,4546200,94.0348129272461
2024-12-12,99.54000091552734,100.98999786376953,99.30999755859375,100.61000061035156,2250700,95.30416107177734
2024-12-13,100.91999816894531,100.9800033569336,99.5199966430664,100.45999908447266,1922600,95.16204833984375
2024-12-16,100.30999755859375,101.47000122070312,99.62999725341797,100.77999877929688,2367700,95.46517181396484
2024-12-17,100.2300033569336,100.83999633789062,98.44000244140625,98.69999694824219,2200600,93.49488067626953
2024-12-18,98.66000366210938,99.2699966430664,94.69000244140625,94.73999786376953,3705500,89.74371337890625
2024-12-19,95.69999694824219,96.76000213623047,95.20999908447266,95.41999816894531,2130500,90.38784790039062
2024-12-20,95.44999694824219,98.62999725341797,94.83000183105469,98.19999694824219,6637100,93.02124786376953
2024-12-23,97.5199966430664,98.29000091552734,96.9000015258789,98.16999816894531,1400500,92.9928207397461
2024-12-24,98.58000183105469,99.3499984741211,98.1500015258789,99.2699966430664,658800,94.0348129272461
2024-12-26,98.95999908447266,99.75,98.41000366210938,99.55999755859375,1015800,94.30951690673828
2024-12-27,98.91999816894531,99.83999633789062,98.22000122070312,98.58000183105469,1127200,93.3812026977539
2024-12-30,97.4000015258789,98.61000061035156,96.87999725341797,98.27999877929688,1278100,93.09701538085938
2024-12-31,98.62999725341797,98.94000244140625,97.73999786376953,98.1500015258789,1210700,92.97388458251953
2025-01-02,98.12999725341797,99.12000274658203,97.31999969482422,97.94999694824219,1509600,93.50848388671875
2025-01-03,98.08000183105469,98.08000183105469,96.72000122070312,97.66999816894531,1508200,93.24117279052734
2025-01-06,98.91999816894531,99.97000122070312,98.06999969482422,98.43000030517578,1683700,93.96672821044922
2025-01-07,99.12999725341797,99.13999938964844,97.2300033569336,97.72000122070312,1245000,93.2889175415039
2025-01-08,97.3499984741211,97.86000061035156,96.80999755859375,97.7300033569336,1575700,93.2984619140625
2025-01-10,96.6500015258789,96.6500015258789,93.69999694824219,93.91000366210938,2530800,89.65168762207031
2025-01-13,93.29000091552734,94.5,92.87000274658203,94.44999694824219,2051800,90.16718292236328
2025-01-14,94.72000122070312,95.87999725341797,94.62999725341797,95.44000244140625,1618500,91.11229705810547
2025-01-15,97.94999694824219,99.79000091552734,97.6500015258789,99.7699966430664,3917300,95.24595642089844
2025-01-16,99.2699966430664,100.48999786376953,99.13999938964844,100.48999786376953,2609500,95.93330383300781
2025-01-17,95.66000366210938,98.12999725341797,94.48999786376953,97.62999725341797,4205000,93.20298767089844
2025-01-21,97.6500015258789,99.83999633789062,97.04000091552734,99.0,2665000,94.51087951660156
2025-01-22,98.61000061035156,99.04000091552734,96.94999694824219,97.16999816894531,2509900,92.76386260986328
2025-01-23,97.22000122070312,98.58000183105469,96.7699966430664,97.54000091552734,2825000,93.11707305908203
2025-01-24,97.20999908447266,100.0,97.0199966430664,99.05999755859375,1670400,94.56815338134766
2025-01-27,99.73999786376953,100.29000091552734,98.87000274658203,100.23999786376953,1581800,95.69464111328125
2025-01-28,99.44999694824219,100.77999877929688,99.27999877929688,100.4000015258789,2012100,95.8473892211914
2025-01-29,100.47000122070312,102.62999725341797,99.95999908447266,100.8499984741211,1599000,96.27698516845703
2025-01-30,101.88999938964844,103.0,101.2699966430664,102.2300033569336,1472000,97.59439849853516
2025-01-31,102.0,102.73999786376953,101.19999694824219,101.62000274658203,1664600,97.01206970214844
2025-02-03,99.56999969482422,100.0,97.37999725341797,98.16999816894531,3151200,93.71851348876953
2025-02-04,98.43000030517578,99.54000091552734,98.0999984741211,98.37999725341797,1982300,93.91898345947266
2025-02-05,99.05999755859375,99.70999908447266,98.4000015258789,99.33000183105469,1263100,94.82592010498047
2025-02-06,100.16999816894531,100.30000305175781,99.2699966430664,99.58999633789062,1318600,95.0741195678711
2025-02-07,99.98999786376953,100.44000244140625,99.08000183105469,99.44000244140625,1371100,94.93092346191406
2025-02-10,99.75,99.91000366210938,97.75,98.05000305175781,1666900,93.60395812988281
2025-02-11,97.58999633789062,98.73999786376953,97.0199966430664,98.61000061035156,1519900,94.13855743408203
2025-02-12,97.54000091552734,98.30000305175781,97.12999725341797,98.22000122070312,1049700,93.76624298095703
2025-02-13,98.70999908447266,99.08999633789062,97.80999755859375,99.0199966430664,1382500,94.52996826171875
2025-02-14,99.52999877929688,100.54000091552734,98.97000122070312,99.16000366210938,1520700,94.66361236572266
2025-02-18,99.47000122070312,100.97000122070312,98.7699966430664,100.44000244140625,2596700,95.88558197021484
2025-02-19,99.80999755859375,100.45999908447266,99.20999908447266,99.80999755859375,2008600,95.28414154052734
2025-02-20,100.20999908447266,100.86000061035156,97.69999694824219,99.63999938964844,2019700,95.12184143066406
2025-02-21,99.93000030517578,100.62000274658203,98.62999725341797,98.69999694824219,1808400,94.2244873046875
2025-02-24,99.16999816894531,99.72000122070312,97.69999694824219,98.55000305175781,1736200,94.0812759399414
2025-02-25,99.06999969482422,99.30999755859375,96.41999816894531,97.20999908447266,1801400,92.80203247070312
2025-02-26,97.45999908447266,98.58999633789062,96.80000305175781,97.33000183105469,1335600,92.9166030883789
2025-02-27,97.7300033569336,99.12999725341797,96.5,97.5199966430664,1763800,93.09797668457031
2025-02-28,98.12000274658203,99.4800033569336,97.33000183105469,99.2300033569336,3886900,94.73046112060547
2025-03-03,99.79000091552734,100.47000122070312,96.36000061035156,96.9800033569336,2273800,92.58246612548828
2025-03-04,95.4000015258789,96.0999984741211,91.06999969482422,91.69999694824219,3166100,87.5418930053711
2025-03-05,91.7300033569336,93.4800033569336,91.33000183105469,92.54000091552734,2516300,88.34381103515625
2025-03-06,91.66000366210938,91.73999786376953,88.55000305175781,89.83000183105469,3209700,85.75668334960938
2025-03-07,89.37000274658203,89.91999816894531,87.45999908447266,89.6500015258789,2216300,85.58485412597656
2025-03-10,87.44000244140625,88.41000366210938,85.1500015258789,86.80000305175781,2527600,82.86408996582031
2025-03-11,86.80000305175781,87.22000122070312,85.13999938964844,85.72000122070312,2480100,81.83304595947266
2025-03-12,86.81999969482422,87.05999755859375,84.02999877929688,85.76000213623047,2420300,81.87123107910156
2025-03-13,86.0999984741211,86.0999984741211,84.02999877929688,84.47000122070312,1950700,80.63973999023438
2025-03-14,85.72000122070312,87.16999816894531,85.06999969482422,86.80999755859375,2020200,82.87361907958984
2025-03-17,87.01000213623047,88.30999755859375,86.87000274658203,87.80999755859375,1609700,83.82827758789062
2025-03-18,87.66999816894531,88.43000030517578,87.36000061035156,88.11000061035156,1694800,84.11468505859375
2025-03-19,88.54000091552734,90.83000183105469,87.86000061035156,90.20999908447266,2444700,86.11945343017578
2025-03-20,89.51000213623047,90.87000274658203,89.44999694824219,90.5199966430664,1530500,86.41539764404297
2025-03-21,89.7300033569336,91.02999877929688,88.87000274658203,90.55000305175781,4709700,86.44403839111328
2025-03-24,92.08000183105469,93.38999938964844,91.61000061035156,92.86000061035156,2097800,88.64928436279297
2025-03-25,93.12000274658203,93.58000183105469,92.33000183105469,92.5199966430664,1827900,88.32471466064453
2025-03-26,92.80000305175781,93.75,92.13999938964844,92.6500015258789,1052400,88.44880676269531
2025-03-27,92.05000305175781,92.45999908447266,90.66999816894531,91.77999877929688,1417400,87.61827087402344
2025-03-28,91.30999755859375,91.5999984741211,88.3499984741211,89.04000091552734,1425000,85.00249481201172
2025-03-31,88.01000213623047,90.16999816894531,87.06999969482422,89.52999877929688,2222700,85.47027587890625
2025-04-01,88.4800033569336,89.51000213623047,87.41999816894531,88.81999969482422,2187800,85.5184326171875
2025-04-02,87.54000091552734,90.18000030517578,87.54000091552734,89.58999633789062,1108500,86.25980377197266
2025-04-03,85.58999633789062,85.58999633789062,82.12999725341797,82.83000183105469,3020000,79.75108337402344
2025-04-04,80.02999877929688,80.02999877929688,76.0,76.25,3148000,73.4156723022461
2025-04-07,73.91999816894531,79.16999816894531,72.80999755859375,76.30000305175781,4613400,73.46382141113281
2025-04-08,79.25,80.33000183105469,74.05000305175781,75.33000183105469,3052600,72.52986907958984
2025-04-09,73.7300033569336,83.2300033569336,73.26000213623047,82.31999969482422,2892200,79.26004028320312
2025-04-10,80.43000030517578,80.6500015258789,76.26000213623047,79.0,2496900,76.06344604492188
2025-04-11,77.6500015258789,80.08999633789062,76.9000015258789,79.41000366210938,2338400,76.45822143554688
2025-04-14,80.8499984741211,81.51000213623047,79.97000122070312,80.91000366210938,2267700,77.9024658203125
2025-04-15,81.54000091552734,82.56999969482422,81.0199966430664,81.4000015258789,1770900,78.37425231933594
2025-04-16,80.83999633789062,81.6500015258789,78.68000030517578,79.62999725341797,2114800,76.67002868652344
2025-04-17,75.5,83.04000091552734,75.5,81.26000213623047,5521900,78.23945617675781
2025-04-21,80.0999984741211,82.12000274658203,79.55999755859375,80.62999725341797,3349600,77.63285827636719
2025-04-22,82.18000030517578,84.3499984741211,81.7699966430664,83.83999633789062,2951400,80.72354125976562
2025-04-23,85.95999908447266,88.22000122070312,85.26000213623047,85.5199966430664,3094300,82.3410873413086
2025-04-24,85.1500015258789,88.01000213623047,85.05000305175781,87.56999969482422,2556300,84.31489562988281
2025-04-25,87.4800033569336,88.4000015258789,87.2300033569336,87.37999725341797,2100400,84.13194274902344
2025-04-28,87.58000183105469,88.66000366210938,86.97000122070312,87.56999969482422,2338500,84.31489562988281
2025-04-29,87.20999908447266,88.68000030517578,87.0,88.52999877929688,2118300,85.23919677734375
2025-04-30,87.05000305175781,88.4000015258789,85.68000030517578,88.0999984741211,1895500,84.8251953125
2025-05-01,87.47000122070312,89.6500015258789,87.22000122070312,88.7300033569336,1594500,85.43177795410156
2025-05-02,90.33999633789062,91.25,89.77999877929688,90.52999877929688,1551500,87.16487121582031
2025-05-05,89.9000015258789,91.37000274658203,89.76000213623047,90.56999969482422,1416400,87.20338439941406
2025-05-06,89.55000305175781,91.31999969482422,89.19000244140625,90.75,2744000,87.37669372558594
2025-05-07,90.95999908447266,92.7300033569336,90.94000244140625,91.5,1903100,88.09880828857422
2025-05-08,92.44999694824219,94.7300033569336,92.2300033569336,94.05999755859375,2065400,90.56365203857422
2025-05-09,94.41999816894531,94.94000244140625,93.69999694824219,93.80999755859375,1422200,90.32292938232422
2025-05-12,97.26000213623047,97.31999969482422,95.73999786376953,96.0,2650500,92.43154907226562
2025-05-13,96.4800033569336,98.2699966430664,96.06999969482422,97.77999877929688,1643800,94.14537811279297
2025-05-14,97.62000274658203,98.0999984741211,97.01000213623047,97.70999908447266,1803600,94.07797241210938
2025-05-15,97.58999633789062,98.58999633789062,97.30999755859375,98.19999694824219,1134300,94.54975891113281
2025-05-16,98.20999908447266,98.69000244140625,97.5999984741211,98.29000091552734,1682900,94.63642120361328
2025-05-19,97.5999984741211,98.5999984741211,96.95999908447266,98.27999877929688,1083000,94.62678527832031
2025-05-20,97.7300033569336,98.26000213623047,97.29000091552734,97.73999786376953,1262600,94.10686492919922
2025-05-21,97.1500015258789,97.29000091552734,95.48999786376953,95.52999877929688,1114400,91.97901153564453
2025-05-22,95.41000366210938,96.83000183105469,95.16000366210938,96.36000061035156,1805300,92.77816009521484
2025-05-23,94.87999725341797,96.5,94.19000244140625,96.0999984741211,1116300,92.52781677246094
2025-05-27,97.25,97.80000305175781,95.62999725341797,97.43000030517578,2815700,93.8083724975586
2025-05-28,98.16999816894531,98.55999755859375,96.58000183105469,96.8499984741211,1685700,93.24994659423828
2025-05-29,97.27999877929688,97.52999877929688,96.18000030517578,97.04000091552734,1389700,93.43287658691406
2025-05-30,96.61000061035156,96.76000213623047,95.6500015258789,96.27999877929688,2683900,92.70112609863281
2025-06-02,95.91999816894531,96.3499984741211,94.72000122070312,96.2300033569336,1242500,92.65299224853516
2025-06-03,96.2300033569336,97.13999938964844,95.27999877929688,97.01000213623047,1117000,93.40399169921875
2025-06-04,97.01000213623047,97.16000366210938,96.0,96.0,1068600,92.43154907226562
2025-06-05,96.11000061035156,96.88999938964844,95.62000274658203,96.4800033569336,960900,92.89369201660156
2025-06-06,97.69999694824219,98.70999908447266,97.3499984741211,98.62000274658203,880700,94.95414733886719
2025-06-09,98.87999725341797,99.41000366210938,97.9000015258789,98.86000061035156,1364000,95.18523406982422
2025-06-10,98.83000183105469,99.37999725341797,98.47000122070312,99.1500015258789,1612900,95.46444702148438
2025-06-11,99.2300033569336,99.2300033569336,97.12000274658203,97.30000305175781,1971200,93.68321228027344
2025-06-12,96.73999786376953,97.62000274658203,96.1500015258789,97.5999984741211,1476700,93.9720687866211
2025-06-13,96.47000122070312,97.18000030517578,95.66999816894531,96.13999938964844,1483700,92.56633758544922
2025-06-16,96.52999877929688,98.0999984741211,96.43000030517578,97.4000015258789,1526800,93.77950286865234
2025-06-17,96.7300033569336,97.33000183105469,96.16000366210938,96.43000030517578,1267000,92.8455581665039
2025-06-18,96.33999633789062,99.88999938964844,96.2699966430664,99.30000305175781,3051100,95.60887908935547
2025-06-20,99.9800033569336,100.6500015258789,99.41000366210938,99.62000274658203,4284100,95.91698455810547
2025-06-23,99.51000213623047,101.31999969482422,99.0,101.23999786376953,2868100,97.47676086425781
2025-06-24,102.0,103.98999786376953,101.83999633789062,102.9000015258789,2552200,99.0750503540039
2025-06-25,102.94000244140625,104.54000091552734,101.88999938964844,104.3499984741211,2167600,100.47115325927734
2025-06-26,104.38999938964844,105.8499984741211,104.3499984741211,105.37000274658203,2207900,101.45323944091797
2025-06-27,105.43000030517578,106.05999755859375,104.54000091552734,106.0,2043300,102.05982208251953
2025-06-30,106.54000091552734,106.83000183105469,105.87000274658203,106.33999633789062,2182200,102.3871841430664
2025-07-01,105.2699966430664,107.38999938964844,104.79000091552734,106.95999908447266,2019700,103.72544860839844
2025-07-02,107.43000030517578,109.69000244140625,106.7699966430664,109.48999786376953,1973500,106.17894744873047
2025-07-03,109.61000061035156,110.80000305175781,109.05000305175781,110.30999755859375,1166700,106.9741439819336
2025-07-07,110.25,110.97000122070312,108.8499984741211,109.76000213623047,1810600,106.44078826904297
2025-07-08,110.0,110.0,108.83000183105469,109.19999694824219,2050100,105.89771270751953
2025-07-09,110.0,110.11000061035156,108.83999633789062,109.4000015258789,1607100,106.0916748046875
2025-07-10,109.7300033569336,110.93000030517578,109.01000213623047,110.20999908447266,1828600,106.87716674804688
2025-07-11,109.52999877929688,110.0199966430664,108.44000244140625,109.55999755859375,2668800,106.246826171875
2025-07-14,109.55000305175781,110.44000244140625,109.16999816894531,110.02999877929688,2511600,106.70262145996094
2025-07-15,105.5,107.98999786376953,101.9800033569336,102.01000213623047,5942300,98.9251480102539
2025-07-16,102.8499984741211,105.33000183105469,102.80999755859375,105.02999877929688,4624100,101.85381317138672
2025-07-17,104.69999694824219,107.70999908447266,104.66000366210938,107.4800033569336,2927400,104.22972869873047
2025-07-18,107.66000366210938,108.5999984741211,107.16000366210938,108.51000213623047,2912800,105.22858428955078
2025-07-21,108.5,109.3499984741211,107.81999969482422,108.08999633789062,2266600,104.82127380371094
2025-07-22,108.43000030517578,109.79000091552734,108.0,109.70999908447266,1875000,106.39229583740234
2025-07-23,109.81999969482422,110.72000122070312,108.8499984741211,110.6500015258789,2314000,107.30387115478516
2025-07-24,110.91000366210938,111.61000061035156,110.41999816894531,110.9800033569336,1999800,107.62388610839844
2025-07-25,110.83999633789062,113.72000122070312,110.1500015258789,112.93000030517578,3321000,109.51490783691406
2025-07-28,112.66999816894531,113.0,111.83000183105469,112.44999694824219,1078100,109.04943084716797
2025-07-29,113.23999786376953,113.5999984741211,112.37999725341797,113.25,1443700,109.82524108886719
2025-07-30,113.58000183105469,114.27999877929688,112.44000244140625,113.11000061035156,1952500,109.6894760131836
2025-07-31,112.54000091552734,113.29000091552734,111.4000015258789,111.75,1635300,108.37059783935547
2025-08-01,109.98999786376953,109.98999786376953,107.33999633789062,108.58999633789062,1984200,105.30615234375
2025-08-04,109.37999725341797,110.01000213623047,108.9800033569336,109.77999877929688,1171300,106.46017456054688
2025-08-05,110.30999755859375,110.5999984741211,108.80999755859375,110.05999755859375,1132800,106.73170471191406
2025-08-06,110.47000122070312,111.04000091552734,109.87999725341797,110.76000213623047,1262300,107.4105453491211
2025-08-07,111.61000061035156,111.6500015258789,109.62999725341797,109.81999969482422,1099700,106.49897003173828
2025-08-08,110.5199966430664,111.94999694824219,109.94000244140625,111.08000183105469,1184400,107.72087097167969
2025-08-11,111.51000213623047,111.68000030517578,109.5199966430664,109.83000183105469,1685800,106.5086669921875
2025-08-12,110.66999816894531,111.5199966430664,110.41999816894531,111.41999816894531,2380000,108.05058288574219
2025-08-13,111.87999725341797,112.58999633789062,110.01000213623047,111.5,2048100,108.12816619873047
2025-08-14,111.6500015258789,113.75,110.95999908447266,113.5999984741211,1430000,110.16465759277344
2025-08-15,114.04000091552734,114.08000183105469,110.9000015258789,111.06999969482422,1291700,107.71116638183594
2025-08-18,110.80000305175781,111.30000305175781,110.22000122070312,111.19000244140625,1409000,107.8275375366211
2025-08-19,110.91000366210938,111.94000244140625,110.5199966430664,111.1500015258789,1067500,107.78874969482422
2025-08-20,110.87999725341797,112.19999694824219,110.2699966430664,111.88999938964844,1683100,108.50636291503906
2025-08-21,111.51000213623047,112.6500015258789,111.22000122070312,112.36000061035156,1566000,108.96215057373047
2025-08-22,112.79000091552734,115.6500015258789,112.55999755859375,115.4800033569336,2144700,111.98780822753906
2025-08-25,115.48999786376953,115.87000274658203,114.8499984741211,114.91000366210938,1551300,111.43504333496094
2025-08-26,114.4800033569336,115.87999725341797,114.05000305175781,115.81999969482422,2316500,112.3175277709961
2025-08-27,115.69999694824219,116.37000274658203,114.80000305175781,114.87999725341797,1724600,111.40594482421875
2025-08-28,115.16000366210938,115.38999938964844,114.37999725341797,115.23999786376953,1326800,111.75505828857422
2025-08-29,115.33000183105469,115.56999969482422,114.44999694824219,114.97000122070312,995200,111.49323272705078
2025-09-02,113.5999984741211,114.01000213623047,111.97000122070312,113.26000213623047,1800400,109.8349380493164
2025-09-03,113.12999725341797,113.54000091552734,111.43000030517578,113.0,1575200,109.58279418945312
2025-09-04,113.6500015258789,114.16000366210938,112.86000061035156,114.05999755859375,1090200,110.6107406616211
2025-09-05,115.19999694824219,115.63999938964844,111.91999816894531,112.94999694824219,2598800,109.53430938720703
2025-09-08,113.13999938964844,113.68000030517578,110.72000122070312,111.6500015258789,3045100,108.27362823486328
2025-09-09,111.38999938964844,113.31999969482422,111.01000213623047,112.05000305175781,2274400,108.66153717041016
2025-09-10,112.02999877929688,112.51000213623047,110.44999694824219,110.7699966430664,2191900,107.42022705078125
2025-09-11,110.86000061035156,113.20999908447266,110.69000244140625,112.94000244140625,2076700,109.52462005615234
2025-09-12,112.52999877929688,113.13999938964844,112.01000213623047,112.44000244140625,1068200,109.03972625732422
2025-09-15,112.76000213623047,113.61000061035156,111.76000213623047,112.12000274658203,1370200,108.72941589355469
2025-09-16,112.04000091552734,112.04000091552734,110.31999969482422,110.48999786376953,1682000,107.1487045288086
2025-09-17,111.05000305175781,112.54000091552734,110.58999633789062,111.69999694824219,1407900,108.32211303710938
2025-09-18,112.0199966430664,113.58000183105469,111.86000061035156,113.22000122070312,1537400,109.796142578125
2025-09-19,113.36000061035156,113.61000061035156,112.44000244140625,113.5,3268700,110.06768035888672
2025-09-22,112.58000183105469,113.54000091552734,112.16000366210938,113.31999969482422,1036900,109.89311981201172
2025-09-23,113.4800033569336,115.06999969482422,112.2699966430664,112.94999694824219,1148800,109.53430938720703
2025-09-24,113.20999908447266,113.83999633789062,112.33999633789062,112.95999908447266,1257600,109.54401397705078
2025-09-25,113.0,114.7699966430664,112.80000305175781,114.23999786376953,1425400,110.78529357910156
2025-09-26,114.83999633789062,116.06999969482422,114.44000244140625,115.70999908447266,1194200,112.21084594726562
2025-09-29,116.30000305175781,117.30999755859375,115.51000213623047,117.25,1417400,113.70426940917969
2025-09-30,117.19000244140625,118.05999755859375,114.83999633789062,116.01000213623047,1517400,112.50177001953125
2025-10-01,114.61000061035156,114.87000274658203,112.79000091552734,113.37999725341797,1213300,110.75324249267578
2025-10-02,113.62000274658203,115.41999816894531,113.1500015258789,115.12000274658203,1729200,112.45294189453125
2025-10-03,116.12999725341797,117.41000366210938,115.69000244140625,116.37999725341797,1795800,113.6837387084961
2025-10-06,116.30999755859375,117.5,114.80999755859375,116.9000015258789,1147100,114.19169616699219
2025-10-07,117.2300033569336,117.9800033569336,116.2300033569336,116.88999938964844,1495300,114.18192291259766
2025-10-08,117.0999984741211,118.23999786376953,115.20999908447266,116.69000244140625,1987900,113.986572265625
2025-10-09,117.20999908447266,118.0199966430664,116.44999694824219,117.2300033569336,1511800,114.5140609741211
2025-10-10,117.79000091552734,118.0999984741211,110.87000274658203,111.0,2372800,108.42839050292969
2025-10-13,112.30000305175781,114.37999725341797,111.9000015258789,114.19000244140625,1421600,111.54447937011719
2025-10-14,113.16000366210938,116.0199966430664,113.16000366210938,115.4000015258789,1869700,112.72644805908203
2025-10-15,116.13999938964844,116.94999694824219,114.5199966430664,116.70999908447266,2011900,114.006103515625
2025-10-16,116.8499984741211,117.0,111.83999633789062,112.94999694824219,2853900,110.33319854736328
2025-10-17,108.6500015258789,111.58999633789062,104.63999938964844,111.37000274658203,4352000,108.7898178100586
2025-10-20,112.30999755859375,115.70999908447266,112.12999725341797,115.29000091552734,2858800,112.61900329589844
2025-10-21,115.06999969482422,117.38999938964844,114.29000091552734,114.36000061035156,3135000,111.71054077148438
2025-10-22,113.94000244140625,114.30000305175781,112.4800033569336,113.22000122070312,3341400,110.59695434570312
2025-10-23,113.62000274658203,115.08999633789062,113.30999755859375,114.61000061035156,2093700,111.95475006103516
2025-10-24,115.51000213623047,116.9000015258789,115.05999755859375,116.12000274658203,1953800,113.42976379394531
2025-10-27,116.93000030517578,118.30000305175781,116.83999633789062,117.02999877929688,2226700,114.31868743896484
2025-10-28,117.02999877929688,118.9800033569336,116.61000061035156,118.68000030517578,3177400,115.93045806884766
2025-10-29,118.0,119.33000183105469,116.29000091552734,116.75,3290100,114.04517364501953
2025-10-30,116.33999633789062,117.2699966430664,115.19000244140625,115.22000122070312,2894700,112.55062103271484
2025-10-31,114.4800033569336,116.11000061035156,113.83000183105469,115.66000366210938,2278900,112.98042297363281
2025-11-03,115.37000274658203,116.7300033569336,114.41000366210938,116.69000244140625,1723600,113.986572265625
2025-11-04,114.98999786376953,116.88999938964844,114.72000122070312,116.1500015258789,2021200,113.45907592773438
2025-11-05,116.44000244140625,117.41000366210938,115.25,116.9000015258789,1884800,114.19169616699219
2025-11-06,116.88999938964844,118.16999816894531,116.18000030517578,117.2699966430664,1301300,114.55311584472656
2025-11-07,116.76000213623047,118.5,115.30000305175781,118.30999755859375,1659500,115.56902313232422
2025-11-10,118.72000122070312,120.4000015258789,118.16999816894531,119.69000244140625,1430800,116.91706848144531
2025-11-11,119.91000366210938,120.80999755859375,119.29000091552734,119.43000030517578,1208700,116.6630859375
2025-11-12,120.0199966430664,122.69000244140625,120.0199966430664,121.11000061035156,1505300,118.30416107177734
2025-11-13,121.04000091552734,121.63999938964844,117.9800033569336,118.27999877929688,1452900,115.53972625732422
2025-11-14,117.47000122070312,118.44000244140625,116.48999786376953,116.83999633789062,1232400,114.1330795288086
2025-11-17,116.45999908447266,116.5,112.29000091552734,112.83999633789062,1813200,110.22576141357422
2025-11-18,112.33000183105469,114.51000213623047,111.62999725341797,113.19999694824219,1577800,110.5774154663086
2025-11-19,113.27999877929688,114.3499984741211,113.0,114.0,821700,111.35888671875
2025-11-20,115.45999908447266,116.61000061035156,113.08000183105469,113.30000305175781,1288600,110.67510223388672
2025-11-21,113.93000030517578,115.9800033569336,112.81999969482422,114.36000061035156,2185200,111.71054077148438
2025-11-24,114.5199966430664,115.70999908447266,113.62000274658203,115.0999984741211,2470000,112.43339538574219
2025-11-25,115.12000274658203,116.68000030517578,114.54000091552734,116.08999633789062,1701800,113.40045928955078
2025-11-26,116.30000305175781,118.44000244140625,116.13999938964844,117.66000366210938,1051700,114.9341049194336
2025-11-28,118.19000244140625,119.38999938964844,118.08000183105469,119.0199966430664,487100,116.26258087158203
2025-12-01,117.9000015258789,119.29000091552734,117.68000030517578,118.12000274658203,1505100,115.3834457397461
2025-12-02,119.01000213623047,119.94000244140625,118.22000122070312,119.0199966430664,1225900,116.26258087158203
2025-12-03,118.98999786376953,121.04000091552734,118.98999786376953,120.9000015258789,1632000,118.09902954101562
2025-12-04,120.73999786376953,122.62000274658203,120.5,121.87000274658203,1888000,119.04655456542969
2025-12-05,121.4000015258789,124.20999908447266,121.25,123.61000061035156,2087600,120.74624633789062
2025-12-08,123.5999984741211,124.12000274658203,122.1500015258789,124.06999969482422,2160100,121.19558715820312
2025-12-09,124.0,127.06999969482422,123.9800033569336,126.16000366210938,2016000,123.23717498779297
2025-12-10,126.0199966430664,128.92999267578125,122.04000091552734,128.9199981689453,2630400,125.9332275390625
2025-12-11,128.7899932861328,130.02999877929688,127.9800033569336,129.60000610351562,2142700,126.59748077392578
2025-12-12,130.19000244140625,131.36000061035156,127.08999633789062,127.66999816894531,1916300,124.71217346191406
2025-12-15,128.8800048828125,130.07000732421875,128.13999938964844,128.9499969482422,2763300,125.9625244140625
2025-12-16,129.27999877929688,129.6300048828125,126.48999786376953,127.1500015258789,2269400,124.20423126220703
2025-12-17,127.94999694824219,129.07000732421875,126.7300033569336,127.36000061035156,2497800,124.40937042236328
2025-12-18,128.17999267578125,129.0,126.76000213623047,127.37000274658203,2056000,124.41913604736328
2025-12-19,127.44999694824219,128.77999877929688,127.44999694824219,128.5,4487500,125.52294921875
2025-12-22,129.1199951171875,130.97999572753906,129.0,130.8699951171875,2682300,127.8380355834961
2025-12-23,130.89999389648438,131.3000030517578,130.00999450683594,130.6999969482422,2706300,127.6719741821289
2025-12-24,131.17999267578125,133.0,130.74000549316406,132.22000122070312,566600,129.15676879882812
2025-12-26,132.0800018310547,132.66000366210938,131.77999877929688,132.27999877929688,1326300,129.21536254882812
2025-12-29,132.22999572753906,132.9499969482422,130.6199951171875,131.69000244140625,2165200,128.6390380859375
2025-12-30,131.7899932861328,131.7899932861328,129.9499969482422,130.33999633789062,1212400,127.3203125
2025-12-31,130.50999450683594,130.63999938964844,128.99000549316406,129.00999450683594,1585500,126.02113342285156
2026-01-02,128.58999633789062,129.1199951171875,127.0199966430664,129.07000732421875,2217700,126.90605926513672
2026-01-05,128.92999267578125,134.6699981689453,128.57000732421875,133.00999450683594,2335700,130.7799835205078
2026-01-06,133.3800048828125,134.57000732421875,131.9199981689453,134.32000732421875,2327500,132.0680389404297
2026-01-07,133.41000366210938,133.88999938964844,131.5800018310547,132.4499969482422,2583200,130.2293701171875
2026-01-08,131.8800048828125,133.22000122070312,131.5399932861328,132.8000030517578,1952600,130.57351684570312
2026-01-09,132.83999633789062,133.67999267578125,132.27999877929688,132.57000732421875,1641900,130.34738159179688
2026-01-12,131.41000366210938,133.1999969482422,131.0,133.08999633789062,2269900,130.85865783691406
2026-01-13,133.08999633789062,133.66000366210938,131.69000244140625,132.80999755859375,2392800,130.58334350585938
2026-01-14,132.42999267578125,134.7899932861328,131.82000732421875,134.72000122070312,2565800,132.46131896972656
2026-01-15,135.0,137.0500030517578,135.0,136.2899932861328,2237200,134.0050048828125
2026-01-16,132.00999450683594,133.47999572753906,127.93000030517578,128.02000427246094,4375000,125.8736572265625
2026-01-20,127.20999908447266,127.23999786376953,123.12000274658203,125.30999755859375,3747600,123.20909118652344
2026-01-21,125.98999786376953,129.86000061035156,125.98999786376953,126.91000366210938,3410700,124.78227233886719
2026-01-22,127.98999786376953,130.3000030517578,127.36000061035156,128.4600067138672,1984500,126.30628204345703
2026-01-23,127.63999938964844,127.9800033569336,125.58999633789062,126.08999633789062,1840500,123.97601318359375
2026-01-26,126.47000122070312,127.95999908447266,126.26000213623047,127.58999633789062,2236000,125.45085906982422
2026-01-27,127.88999938964844,129.02000427246094,127.43000030517578,127.62000274658203,1832700,125.48036193847656
2026-01-28,127.61000061035156,128.97000122070312,127.13999938964844,128.02000427246094,1575100,125.8736572265625
2026-01-29,129.0800018310547,131.4600067138672,128.58999633789062,131.42999267578125,2287800,129.2264862060547
2026-01-30,130.6300048828125,132.0399932861328,129.6699981689453,130.86000061035156,2127600,128.66603088378906
2026-02-02,130.4199981689453,133.0399932861328,129.89999389648438,132.5800018310547,2137500,130.35720825195312
2026-02-03,132.80999755859375,134.1999969482422,128.82000732421875,130.08999633789062,2153000,127.9089584350586
2026-02-04,130.07000732421875,132.66000366210938,130.02000427246094,132.02999877929688,1882400,129.81642150878906
2026-02-05,131.1300048828125,131.88999938964844,127.70999908447266,128.7100067138672,1988000,126.55208587646484
2026-02-06,131.0,133.11000061035156,130.41000366210938,132.35000610351562,1487700,130.13107299804688
2026-02-09,132.0,134.97999572753906,131.80999755859375,134.27999877929688,1711700,132.02871704101562
2026-02-10,133.72000122070312,135.36000061035156,129.1300048828125,132.22999572753906,1973600,130.01307678222656
2026-02-11,132.64999389648438,133.8800048828125,129.47999572753906,131.61000061035156,2201500,129.40347290039062
2026-02-12,132.89999389648438,133.24000549316406,122.87000274658203,126.30999755859375,2764200,124.19232177734375
2026-02-13,125.30000305175781,128.67999267578125,123.62999725341797,127.97000122070312,1666400,125.82450103759766
2026-02-17,128.0,130.4600067138672,127.33999633789062,128.0,1558500,125.85398864746094
2026-02-18,128.64999389648438,131.4600067138672,128.35000610351562,129.67999267578125,1712400,127.50581359863281
2026-02-19,128.14999389648438,129.25,126.20999908447266,127.87000274658203,1440700,125.7261734008789
2026-02-20,127.4000015258789,128.75,125.61000061035156,127.94000244140625,1173400,125.79499816894531
2026-02-23,127.0999984741211,128.38999938964844,123.30000305175781,125.12999725341797,1560600,123.0321044921875
2026-02-24,124.47000122070312,128.0,123.41000366210938,127.2300033569336,1567900,125.0969009399414
2026-02-25,128.25,131.69000244140625,127.63999938964844,131.6199951171875,2029100,129.41329956054688
2026-02-26,132.10000610351562,134.0,131.77000427246094,132.27000427246094,1918800,130.05239868164062
2026-02-27,130.16000366210938,131.22999572753906,126.25,128.6199951171875,3839400,126.46359252929688
2026-03-02,125.69999694824219,130.1300048828125,125.22000122070312,129.4600067138672,2135800,127.28951263427734
2026-03-03,125.7699966430664,127.75,123.37000274658203,125.91000366210938,1757900,123.79903411865234
2026-03-04,127.16000366210938,127.77999877929688,125.13999938964844,126.54000091552734,1593400,124.41846466064453
2026-03-05,125.0,126.30999755859375,123.93000030517578,125.13999938964844,2546600,123.04193878173828
2026-03-06,122.44999694824219,122.55000305175781,119.05999755859375,121.04000091552734,2862000,119.01068115234375
2026-03-09,118.66000366210938,122.26000213623047,116.1500015258789,121.93000030517578,2393700,119.88575744628906
2026-03-10,122.73999786376953,124.95999908447266,121.3499984741211,122.55000305175781,2321700,120.49536895751953
2026-03-11,122.18000030517578,126.19999694824219,121.55000305175781,126.0,3382400,123.88751220703125
2026-03-12,123.33000183105469,123.87999725341797,121.20999908447266,123.20999908447266,2570000,121.14429473876953
2026-03-13,124.04000091552734,125.0,121.16999816894531,121.33999633789062,1660100,119.30564880371094
2026-03-16,122.70999908447266,123.6500015258789,120.06999969482422,120.22000122070312,2084600,118.20442199707031
2026-03-17,122.0,123.41000366210938,121.12999725341797,121.55999755859375,2366500,119.52196502685547
2026-03-18,120.7300033569336,123.08000183105469,120.66000366210938,121.08999633789062,2104300,119.0598373413086
2026-03-19,119.66999816894531,122.3499984741211,119.11000061035156,120.94999694824219,2198100,118.92218780517578
2026-03-20,120.77999877929688,122.05000305175781,120.16000366210938,121.97000122070312,3640500,119.92509460449219
2026-03-23,124.95999908447266,125.44999694824219,122.5,123.2300033569336,1808300,121.16397094726562
2026-03-24,122.70999908447266,127.7300033569336,121.97000122070312,126.27999877929688,2351300,124.16282653808594
2026-03-25,127.58999633789062,128.52000427246094,125.7300033569336,126.91999816894531,1381800,124.7920913696289
2026-03-26,125.80000305175781,127.0199966430664,124.87999725341797,125.66000366210938,1654200,123.55323028564453
2026-03-27,124.75,125.08999633789062,121.87999725341797,122.5199966430664,2366200,120.46586608886719
2026-03-30,124.36000061035156,124.70999908447266,122.69999694824219,123.41999816894531,1151100,121.35076904296875
2026-03-31,125.52999877929688,127.1500015258789,123.87999725341797,126.55999755859375,2270400,124.4381332397461
2026-04-01,127.20999908447266,129.33999633789062,126.77999877929688,128.25,1798900,126.94232940673828
2026-04-02,125.80000305175781,129.6199951171875,125.63999938964844,128.8000030517578,1576100,127.48672485351562
2026-04-06,130.72999572753906,130.88999938964844,129.16000366210938,130.1999969482422,1001300,128.87245178222656
2026-04-07,129.3699951171875,131.88999938964844,127.52999877929688,131.2100067138672,2034200,129.87216186523438
2026-04-08,134.39999389648438,136.36000061035156,134.1300048828125,136.1300048828125,1784300,134.7419891357422
2026-04-09,135.94000244140625,138.61000061035156,135.50999450683594,138.49000549316406,1865700,137.0779266357422
2026-04-10,138.4499969482422,139.89999389648438,137.91000366210938,139.4199981689453,2351600,137.99844360351562
2026-04-13,138.02000427246094,141.72999572753906,137.83999633789062,141.6199951171875,2517000,140.17601013183594
2026-04-14,142.0,142.75999450683594,140.35000610351562,141.77999877929688,2327300,140.33438110351562
2026-04-15,142.3300018310547,143.58999633789062,140.9600067138672,142.74000549316406,2079300,141.2845916748047
2026-04-16,142.5,144.47999572753906,141.52999877929688,141.89999389648438,2959300,140.45314025878906
2026-04-17,144.77999877929688,148.99000549316406,143.7899932861328,145.42999267578125,3179500,143.94715881347656
2026-04-20,146.57000732421875,150.27999877929688,145.97000122070312,150.17999267578125,3088600,148.6487274169922
2026-04-21,150.47000122070312,156.17999267578125,150.47000122070312,153.57000732421875,3703700,152.00416564941406
2026-04-22,154.3800048828125,154.6300048828125,151.97000122070312,152.39999389648438,2340900,150.84608459472656
2026-04-23,152.67999267578125,153.99000549316406,149.47000122070312,151.25,2492200,149.7078094482422
2026-04-24,151.69000244140625,151.69000244140625,150.30999755859375,150.74000549316406,1440500,149.20301818847656
2026-04-27,150.6300048828125,154.24000549316406,150.61000061035156,154.02000427246094,1696400,152.4495849609375
2026-04-28,154.69000244140625,155.4600067138672,151.9199981689453,152.47999572753906,1689600,150.92527770996094
2026-04-29,152.60000610351562,153.10000610351562,149.55999755859375,150.6999969482422,2148700,149.16342163085938
2026-04-30,150.6199951171875,153.24000549316406,149.10000610351562,152.83999633789062,3035800,151.28160095214844
2026-05-01,153.25999450683594,154.27999877929688,151.69000244140625,152.0,1728100,150.45016479492188
2026-05-04,151.2100067138672,151.8300018310547,147.39999389648438,148.0800018310547,1818000,146.5701446533203
2026-05-05,148.77999877929688,150.39999389648438,148.0800018310547,148.67999267578125,1635500,147.1640167236328
2026-05-06,150.5500030517578,152.35000610351562,150.05999755859375,151.24000549316406,2357700,149.69793701171875
2026-05-07,151.2100067138672,152.14999389648438,148.27999877929688,148.77999877929688,2166500,147.26300048828125
2026-05-08,149.60000610351562,150.27999877929688,148.72000122070312,149.49000549316406,1248200,147.9657745361328
2026-05-11,150.00999450683594,151.13999938964844,149.05999755859375,150.1699981689453,1825300,148.63882446289062
2026-05-12,149.50999450683594,150.97000122070312,147.8300018310547,150.4499969482422,1704400,148.91598510742188
2026-05-13,150.47999572753906,152.36000061035156,149.44000244140625,151.5800018310547,2257600,150.03445434570312
2026-05-14,153.0,154.3300018310547,151.6199951171875,153.75999450683594,1634900,152.19223022460938
2026-05-15,152.24000549316406,154.17999267578125,151.14999389648438,152.85000610351562,1553900,151.29151916503906
2026-05-18,152.4600067138672,154.50999450683594,151.7899932861328,153.74000549316406,1810800,152.1724395751953
2026-05-19,153.07000732421875,153.27000427246094,150.1199951171875,150.8800048828125,1896100,149.3415985107422
2026-05-20,151.94000244140625,155.0500030517578,150.9600067138672,154.07000732421875,1554600,152.4990692138672
2026-05-21,153.14999389648438,154.7899932861328,152.22000122070312,153.69000244140625,1572100,152.12295532226562
2026-05-22,154.02999877929688,155.02000427246094,153.50999450683594,153.9499969482422,1542100,152.3802947998047
2026-05-26,155.35000610351562,158.86000061035156,155.35000610351562,158.52000427246094,2134800,156.90370178222656
2026-05-27,158.4199981689453,159.30999755859375,155.72000122070312,157.9199981689453,1662200,156.309814453125
2026-05-28,157.1199951171875,158.60000610351562,156.07000732421875,157.61000061035156,2071500,156.0029754638672
2026-05-29,157.6300048828125,158.72000122070312,154.9600067138672,155.63999938964844,3771900,154.0530548095703
2026-06-01,155.33999633789062,160.0800018310547,155.08999633789062,159.7899932861328,1321400,158.16073608398438
2026-06-02,159.27999877929688,161.8000030517578,158.92999267578125,159.77999877929688,1679200,158.15084838867188
2026-06-03,159.27999877929688,159.5,155.69000244140625,157.8800048828125,1344000,156.27023315429688
2026-06-04,158.02000427246094,163.9499969482422,158.02000427246094,162.75,1650000,161.09056091308594
2026-06-05,162.2899932861328,163.3699951171875,160.2899932861328,161.75,1743900,160.1007537841797
2026-06-08,162.35000610351562,163.5800018310547,161.72999572753906,161.80999755859375,1385300,160.16015625
2026-06-09,163.47000122070312,164.0500030517578,159.1300048828125,163.25,1717500,161.58546447753906
2026-06-10,163.1999969482422,164.35000610351562,158.67999267578125,161.8000030517578,2974100,160.15025329589844
2026-06-11,162.77999877929688,165.57000732421875,162.02000427246094,164.85000610351562,2655500,163.16915893554688
2026-06-12,166.0,168.2899932861328,165.4199981689453,167.6300048828125,2184900,165.9208221435547
2026-06-15,170.0,170.5399932861328,166.91000366210938,167.3699951171875,2372500,165.6634521484375
2026-06-16,169.05999755859375,172.6300048828125,168.6199951171875,171.2899932861328,2024000,169.54348754882812
2026-06-17,171.3000030517578,174.02999877929688,170.6199951171875,171.10000610351562,2453000,169.3554229736328
2026-06-18,172.9199981689453,174.66000366210938,167.94000244140625,168.30999755859375,7304600,166.5938720703125
2026-06-22,170.5800018310547,173.8300018310547,170.1199951171875,173.7100067138672,3209600,171.93882751464844
2026-06-23,172.97999572753906,175.4600067138672,171.4199981689453,173.72999572753906,2135900,171.95860290527344
2026-06-24,173.19000244140625,174.49000549316406,167.99000549316406,168.8699951171875,3872700,167.1481475830078
2026-06-25,171.4499969482422,172.64999389648438,168.72000122070312,169.50999450683594,2429300,167.78163146972656
2026-06-26,169.7899932861328,171.16000366210938,164.74000549316406,168.11000061035156,4014100,166.3959197998047
2026-06-29,168.69000244140625,171.94000244140625,168.25,170.17999267578125,1901300,168.44479370117188
2026-06-30,171.72000122070312,171.72000122070312,169.00999450683594,169.60000610351562,1723200,167.8707275390625
2026-07-01,168.75999450683594,172.32000732421875,168.02000427246094,169.6699981689453,1144200,168.7759246826172
2026-07-02,171.05999755859375,171.77999877929688,168.02000427246094,170.69000244140625,1357500,169.79055786132812
2026-07-06,171.5399932861328,175.9600067138672,171.33999633789062,175.9600067138672,3255500,175.0327911376953
2026-07-07,176.64999389648438,180.86000061035156,175.91000366210938,179.94000244140625,2384500,178.9918212890625
2026-07-08,179.0,179.27999877929688,174.19000244140625,177.4199981689453,3069300,176.48509216308594
2026-07-09,178.75,183.32000732421875,178.75,180.16000366210938,2277000,179.21066284179688
2026-07-10,181.1199951171875,182.08999633789062,177.6300048828125,180.22000122070312,2064200,179.2703399658203
2026-07-13,180.39999389648438,181.27000427246094,177.02999877929688,178.1699981689453,1975400,177.23114013671875
2026-07-14,178.7100067138672,184.58999633789062,178.36000061035156,183.64999389648438,2700300,182.6822509765625
2026-07-15,184.57000732421875,186.99000549316406,184.24000549316406,186.58999633789062,3995400,185.6067657470703
2026-07-16,187.3000030517578,192.50999450683594,181.6199951171875,185.66000366210938,5583100,184.68167114257812
2026-07-17,181.41000366210938,186.5,179.35000610351562,182.5,3190600,181.53831481933594
2026-07-20,184.14999389648438,185.85000610351562,181.2899932861328,182.5800018310547,2988900,181.61790466308594
2026-07-21,184.1699981689453,185.08999633789062,182.32000732421875,183.3000030517578,1813900,182.3341064453125
2026-07-22,182.7100067138672,185.4499969482422,181.64999389648438,185.24000549316406,2373600,184.26388549804688
2026-07-23,184.72000122070312,185.99000549316406,183.0,184.2100067138672,1977600,183.23931884765625
2026-07-24,184.52000427246094,186.33999633789062,183.39999389648438,185.39999389648438,1755900,184.42303466796875
2026-07-27,185.39999389648438,187.0,182.30999755859375,184.66000366210938,1665700,183.68695068359375
2026-07-28,183.11000061035156,185.0500030517578,180.16000366210938,182.57000732421875,1698800,181.6079559326172
2026-07-29,182.0,183.75,175.5,176.0399932861328,2083100,175.1123504638672
2026-07-30,178.1199951171875,183.22000122070312,177.22999572753906,182.82000732421875,2274300,181.8566436767578
2026-07-31,181.16000366210938,185.2100067138672,181.16000366210938,184.16000366210938,1821200,183.1895751953125
2026-08-03,184.16000366210938,184.42999267578125,180.94000244140625,183.6699981689453,1199600,182.7021484375
2026-08-04,185.47000122070312,187.3300018310547,184.72999572753906,185.22999572753906,1939600,184.25393676757812
2026-08-05,186.5399932861328,188.85000610351562,186.4600067138672,187.0500030517578,1411600,186.06434631347656
2026-08-06,187.69000244140625,188.6199951171875,184.4600067138672,184.9199981689453,2070400,183.94557189941406
2026-08-07,183.72999572753906,185.8800048828125,181.97999572753906,184.67999267578125,1263400,183.7068328857422
2026-08-10,184.1199951171875,187.0399932861328,183.4600067138672,186.67999267578125,1544200,185.6962890625
2026-08-11,186.7100067138672,188.88999938964844,186.0,187.22000122070312,1023800,186.2334442138672
2026-08-12,188.80999755859375,190.44000244140625,187.8300018310547,190.11000061035156,990200,189.10821533203125
2026-08-13,190.0,191.61000061035156,189.10000610351562,189.85000610351562,1354300,188.84959411621094
2026-08-14,189.3000030517578,192.02000427246094,188.8000030517578,191.74000549316406,1125100,190.72964477539062
2026-08-17,191.39999389648438,195.17999267578125,191.00999450683594,193.0399932861328,1569200,192.0227813720703
2026-08-18,192.77000427246094,193.17999267578125,190.97999572753906,191.8699951171875,1041900,190.85894775390625
2026-08-19,192.77999877929688,193.30999755859375,185.27000427246094,185.80999755859375,1664000,184.83087158203125
2026-08-20,185.27000427246094,187.7899932861328,182.9600067138672,183.07000732421875,1381000,182.10533142089844
2026-08-21,185.08999633789062,187.4199981689453,185.02999877929688,187.1300048828125,1592100,186.14393615722656
2026-08-24,187.14999389648438,191.3800048828125,187.00999450683594,190.9199981689453,1664600,189.91395568847656
2026-08-25,190.94000244140625,193.50999450683594,189.36000061035156,192.9499969482422,1181500,191.93325805664062
2026-08-26,193.13999938964844,194.52000427246094,191.11000061035156,193.6199951171875,1052900,192.59971618652344
2026-08-27,192.77999877929688,195.92999267578125,192.36000061035156,193.3699951171875,965100,192.35104370117188
2026-08-28,193.91000366210938,194.25,192.13999938964844,193.3300018310547,627400,192.31124877929688
2026-08-31,193.3300018310547,194.27999877929688,190.8000030517578,191.3800048828125,1843300,190.3715362548828
2026-09-01,189.77999877929688,191.86000061035156,186.7100067138672,187.7899932861328,1179100,186.80044555664062
2026-09-02,187.5800018310547,192.8699951171875,187.5800018310547,190.0399932861328,1126400,189.03858947753906
2026-09-03,191.92999267578125,194.2899932861328,191.25999450683594,193.94000244140625,1524900,192.9180450439453
2026-09-04,192.1300048828125,195.39999389648438,192.1300048828125,194.25999450683594,1127400,193.23634338378906
2026-09-08,193.08999633789062,194.52000427246094,190.88999938964844,191.8800048828125,1554200,190.868896484375
2026-09-09,190.89999389648438,193.6300048828125,189.3800048828125,191.88999938964844,1389800,190.87884521484375
2026-09-10,191.42999267578125,192.89999389648438,190.8300018310547,191.3000030517578,1169100,190.2919464111328
2026-09-11,194.0500030517578,194.52000427246094,191.0,193.39999389648438,1645200,192.38087463378906
2026-09-14,191.25,192.02000427246094,186.33999633789062,188.16000366210938,2391200,187.1685028076172
2026-09-15,187.4499969482422,187.4499969482422,181.50999450683594,185.1300048828125,1847600,184.1544647216797
2026-09-16,185.8000030517578,187.11000061035156,180.4600067138672,182.89999389648438,1860300,181.9362030029297
2026-09-17,185.30999755859375,185.47000122070312,182.2100067138672,183.07000732421875,1464500,182.10533142089844
2026-09-18,182.02000427246094,183.10000610351562,180.50999450683594,182.8699951171875,5572800,181.9063720703125
2026-09-21,185.00999450683594,185.4600067138672,183.0500030517578,184.39999389648438,1668000,183.4282989501953
2026-09-22,184.0,184.00999450683594,176.9600067138672,180.25,3990400,179.3001708984375
2026-09-23,179.10000610351562,182.86000061035156,178.85000610351562,179.9499969482422,2235400,179.0017547607422
2026-09-24,180.52000427246094,182.1699981689453,179.08999633789062,181.08999633789062,3492400,180.1357421875
2026-09-25,181.5800018310547,182.92999267578125,179.5,181.33999633789062,1424200,180.38442993164062
2026-09-28,180.5500030517578,181.24000549316406,179.4199981689453,179.72999572753906,1875300,178.7829132080078
2026-09-29,179.47000122070312,180.14999389648438,176.4499969482422,177.77999877929688,2209800,176.8431854248047
2026-09-30,177.47000122070312,178.27999877929688,174.5,174.58999633789062,2334100,173.6699981689453
2026-10-01,172.58999633789062,174.63999938964844,170.0500030517578,174.6199951171875,2145700,174.6199951171875
