date,open,high,low,close,volume,adjclose
2021-10-04,81.91000366210938,82.25,80.2300033569336,81.19999694824219,387100,79.50249481201172
2021-10-05,81.33000183105469,82.70999908447266,81.19999694824219,82.11000061035156,306100,80.39349365234375
2021-10-06,82.23999786376953,82.23999786376953,80.73999786376953,81.30000305175781,237900,79.60042572021484
2021-10-07,82.1500015258789,83.45999908447266,81.9000015258789,81.9800033569336,449700,80.26619720458984
2021-10-08,80.81999969482422,83.94000244140625,80.56999969482422,83.66999816894531,700900,81.92086029052734
2021-10-11,83.66999816894531,84.21700286865234,82.43499755859375,82.5999984741211,348300,80.87323760986328
2021-10-12,82.62999725341797,84.37999725341797,82.62999725341797,83.87000274658203,247700,82.11669158935547
2021-10-13,82.94999694824219,84.36000061035156,82.49500274658203,83.22000122070312,363900,81.48028564453125
2021-10-14,84.25,84.25,83.0,83.58000183105469,255000,81.83274841308594
2021-10-15,84.0,84.28500366210938,83.11000061035156,83.4800033569336,212200,81.73485565185547
2021-10-18,83.33000183105469,83.68000030517578,82.36000061035156,83.19000244140625,378700,81.45092010498047
2021-10-19,83.5999984741211,84.41999816894531,82.94000244140625,84.12999725341797,312200,82.37124633789062
2021-10-20,84.45999908447266,85.08999633789062,83.31999969482422,83.9000015258789,265900,82.14607238769531
2021-10-21,84.41999816894531,85.9800033569336,83.76000213623047,84.55999755859375,741000,82.7922592163086
2021-10-22,84.4000015258789,86.05000305175781,84.11000061035156,85.7300033569336,330800,83.93781280517578
2021-10-25,85.95999908447266,86.70999908447266,85.0,86.4000015258789,561300,84.59381103515625
2021-10-26,87.05000305175781,88.33999633789062,86.3499984741211,87.38999938964844,362200,85.5631103515625
2021-10-27,87.61000061035156,88.6500015258789,86.7699966430664,87.08000183105469,461800,85.25957489013672
2021-10-28,84.66999816894531,89.08999633789062,83.01000213623047,87.55000305175781,538000,85.71975708007812
2021-10-29,88.08000183105469,89.41999816894531,87.55000305175781,89.0999984741211,646100,87.23734283447266
2021-11-01,89.12999725341797,89.66000366210938,88.01000213623047,89.66000366210938,507000,87.78563690185547
2021-11-02,89.87999725341797,91.48999786376953,88.94000244140625,91.44999694824219,608200,89.53822326660156
2021-11-03,91.44999694824219,92.8499984741211,90.25499725341797,92.80000305175781,843100,90.86001586914062
2021-11-04,93.79000091552734,93.9000015258789,91.7699966430664,93.4000015258789,873500,91.44746398925781
2021-11-05,93.94000244140625,95.20999908447266,93.43499755859375,94.5,1069300,92.5244369506836
2021-11-08,95.0,95.61000061035156,93.67500305175781,95.11000061035156,578500,93.1217269897461
2021-11-09,95.0,95.55999755859375,94.26000213623047,95.55000305175781,465400,93.5525131225586
2021-11-10,95.22000122070312,96.30000305175781,93.37999725341797,94.47000122070312,607100,92.49508666992188
2021-11-11,94.41999816894531,95.25,93.93000030517578,95.0,285800,93.0140151977539
2021-11-12,95.05000305175781,95.94000244140625,94.94999694824219,95.87999725341797,396700,93.87561798095703
2021-11-15,96.0,96.63999938964844,95.56500244140625,96.5999984741211,399700,94.58056640625
2021-11-16,96.95999908447266,97.58999633789062,96.125,97.38999938964844,503900,95.35405731201172
2021-11-17,97.55999755859375,98.11000061035156,96.48999786376953,97.98999786376953,852700,95.94151306152344
2021-11-18,98.56999969482422,98.81999969482422,97.56999969482422,98.41999816894531,720100,96.36251831054688
2021-11-19,98.0999984741211,98.44499969482422,96.97000122070312,97.9000015258789,904900,95.8533935546875
2021-11-22,99.25,99.25,96.2300033569336,96.83999633789062,710100,94.8155517578125
2021-11-23,96.37000274658203,97.0999984741211,95.33000183105469,96.70999908447266,872700,94.68827819824219
2021-11-24,96.13999938964844,97.30000305175781,95.79000091552734,97.02999877929688,412600,95.00159454345703
2021-11-26,95.83000183105469,96.68000030517578,95.13500213623047,95.98999786376953,511300,93.98332977294922
2021-11-29,96.06999969482422,97.97000122070312,94.0199966430664,97.30000305175781,413000,95.26593780517578
2021-11-30,97.25,97.94999694824219,94.4000015258789,96.0,1143200,94.0704574584961
2021-12-01,97.0,98.08999633789062,95.0199966430664,95.98999786376953,706300,94.06065368652344
2021-12-02,96.18000030517578,98.33999633789062,95.68000030517578,98.16000366210938,604300,96.18704223632812
2021-12-03,98.47000122070312,98.9800033569336,94.29000091552734,95.72000122070312,1019500,93.79609680175781
2021-12-06,95.62000274658203,95.62000274658203,92.19999694824219,94.0,792500,92.11064910888672
2021-12-07,94.19999694824219,96.27999877929688,94.19999694824219,96.2699966430664,774100,94.33503723144531
2021-12-08,96.41999816894531,97.5,96.19499969482422,96.95999908447266,320200,95.01115417480469
2021-12-09,96.61000061035156,97.12000274658203,94.6050033569336,94.69000244140625,561100,92.78678894042969
2021-12-10,95.44000244140625,96.26000213623047,94.69999694824219,95.2699966430664,319300,93.35511779785156
2021-12-13,95.36000061035156,95.9800033569336,94.12000274658203,95.5,526000,93.58049011230469
2021-12-14,94.66000366210938,95.13999938964844,93.37999725341797,94.48999786376953,546800,92.5907974243164
2021-12-15,94.63999938964844,95.72000122070312,93.73999786376953,95.30999755859375,491600,93.39429473876953
2021-12-16,96.23999786376953,96.79000091552734,93.61499786376953,94.33000183105469,714100,92.43401336669922
2021-12-17,93.81999969482422,95.2300033569336,92.44100189208984,94.94000244140625,896200,93.0317611694336
2021-12-20,94.13999938964844,94.29000091552734,92.83000183105469,94.05000305175781,606300,92.15966796875
2021-12-21,94.62000274658203,95.01000213623047,93.25,94.41999816894531,654000,92.52222442626953
2021-12-22,94.68000030517578,95.38999938964844,93.58999633789062,95.25,1009500,93.33554077148438
2021-12-23,95.83000183105469,99.48999786376953,95.73999786376953,98.88999938964844,748000,96.90238189697266
2021-12-27,101.5199966430664,102.30000305175781,99.66999816894531,101.4000015258789,765000,99.36192321777344
2021-12-28,101.45999908447266,102.33000183105469,101.4209976196289,101.98999786376953,471600,99.9400634765625
2021-12-29,101.12000274658203,101.87000274658203,100.56999969482422,100.66000366210938,368100,98.63680267333984
2021-12-30,100.69000244140625,101.39399719238281,100.06999969482422,100.13999938964844,248700,98.12724304199219
2021-12-31,100.0,100.98999786376953,99.61000061035156,100.13999938964844,264200,98.12724304199219
2022-01-03,99.93000030517578,100.25,95.5199966430664,96.47000122070312,765200,94.531005859375
2022-01-04,96.3499984741211,96.76000213623047,91.80000305175781,94.08000183105469,1191200,92.18904876708984
2022-01-05,93.93000030517578,94.33999633789062,90.62000274658203,91.44000244140625,1156200,89.60211944580078
2022-01-06,90.1500015258789,91.58999633789062,90.08999633789062,90.91000366210938,644200,89.082763671875
2022-01-07,91.0,91.80000305175781,90.51000213623047,91.5,770300,89.66091918945312
2022-01-10,90.6500015258789,92.0,89.83000183105469,91.9000015258789,598200,90.05286407470703
2022-01-11,91.9000015258789,94.0999984741211,91.2699966430664,93.9800033569336,520600,92.09104919433594
2022-01-12,94.2300033569336,94.73999786376953,92.9749984741211,94.05999755859375,551900,92.16944122314453
2022-01-13,94.16999816894531,94.16999816894531,91.43000030517578,91.6500015258789,652900,89.8078842163086
2022-01-14,91.4000015258789,91.86799621582031,90.30000305175781,91.70999908447266,550800,89.86666870117188
2022-01-18,90.10299682617188,91.22000122070312,89.71099853515625,91.0199966430664,644900,89.19053649902344
2022-01-19,91.5,92.44999694824219,90.4800033569336,91.0,487100,89.17094421386719
2022-01-20,91.87000274658203,92.5199966430664,90.3499984741211,91.1500015258789,609000,89.31793975830078
2022-01-21,90.8499984741211,91.44999694824219,88.79000091552734,89.44999694824219,745200,87.65210723876953
2022-01-24,88.33999633789062,89.7300033569336,85.66999816894531,89.58000183105469,798100,87.77948760986328
2022-01-25,88.2699966430664,90.80000305175781,86.86199951171875,89.0199966430664,1660400,87.23074340820312
2022-01-26,90.01000213623047,90.01000213623047,81.56999969482422,82.12999725341797,1668200,80.47923278808594
2022-01-27,82.44000244140625,83.45999908447266,79.7300033569336,80.5199966430664,869400,78.90159606933594
2022-01-28,80.80999755859375,82.70999908447266,79.6969985961914,82.70999908447266,622300,81.0475845336914
2022-01-31,82.5999984741211,85.36000061035156,81.20999908447266,84.7699966430664,753500,83.066162109375
2022-02-01,85.13999938964844,86.95999908447266,83.12000274658203,84.43000030517578,886900,82.7330093383789
2022-02-02,84.43000030517578,85.36000061035156,83.86000061035156,84.0999984741211,582300,82.40963745117188
2022-02-03,83.9000015258789,84.36000061035156,79.50499725341797,83.72000122070312,1113700,82.03726959228516
2022-02-04,82.83999633789062,84.43000030517578,82.02999877929688,83.9800033569336,576900,82.29205322265625
2022-02-07,83.91999816894531,85.58000183105469,81.98999786376953,84.30000305175781,585500,82.60562896728516
2022-02-08,83.83000183105469,85.2300033569336,82.94000244140625,84.9800033569336,721800,83.27196502685547
2022-02-09,86.08999633789062,87.19999694824219,85.71499633789062,86.66000366210938,474500,84.91816711425781
2022-02-10,85.4000015258789,86.4800033569336,84.25,84.91999816894531,430600,83.2131576538086
2022-02-11,84.87000274658203,85.11499786376953,82.69000244140625,83.44000244140625,495700,81.76289367675781
2022-02-14,83.1500015258789,84.08000183105469,82.08000183105469,82.44000244140625,449300,80.78299713134766
2022-02-15,83.66000366210938,84.51000213623047,83.26000213623047,84.37000274658203,328200,82.6742172241211
2022-02-16,83.27999877929688,84.16000366210938,82.69000244140625,83.94000244140625,384300,82.25286102294922
2022-02-17,83.58000183105469,83.83999633789062,81.83000183105469,81.87000274658203,344200,80.2244644165039
2022-02-18,81.62999725341797,83.01000213623047,80.33999633789062,80.66999816894531,395100,79.04857635498047
2022-02-22,79.94000244140625,81.5,79.36000061035156,79.9000015258789,440100,78.2940673828125
2022-02-23,80.83999633789062,81.9800033569336,78.9800033569336,79.0199966430664,490000,77.43172454833984
2022-02-24,76.63999938964844,81.31999969482422,76.63999938964844,80.98999786376953,511400,79.3621597290039
2022-02-25,81.45999908447266,82.93000030517578,80.76000213623047,82.83000183105469,544200,81.16515350341797
2022-02-28,82.70999908447266,85.16999816894531,81.91000366210938,84.4800033569336,1046900,82.86202239990234
2022-03-01,84.2699966430664,85.4800033569336,83.62999725341797,84.80999755859375,702100,83.1856918334961
2022-03-02,84.88999938964844,86.41999816894531,84.4800033569336,85.80000305175781,712100,84.1567611694336
2022-03-03,86.80999755859375,87.48999786376953,85.70999908447266,86.12000274658203,975200,84.47061157226562
2022-03-04,85.87999725341797,88.91999816894531,85.55999755859375,87.45999908447266,845900,85.78495788574219
2022-03-07,87.44000244140625,87.7750015258789,84.61499786376953,84.91000366210938,777400,83.28378295898438
2022-03-08,84.4000015258789,85.30999755859375,82.41000366210938,83.41999816894531,762700,81.82233428955078
2022-03-09,85.0,85.4749984741211,83.86000061035156,84.4800033569336,1031400,82.86202239990234
2022-03-10,83.41999816894531,84.03500366210938,81.55000305175781,83.26000213623047,693100,81.66539001464844
2022-03-11,83.62999725341797,83.97000122070312,82.55999755859375,82.94999694824219,386800,81.36132049560547
2022-03-14,83.3499984741211,84.98999786376953,81.2249984741211,83.73999786376953,379100,82.13619232177734
2022-03-15,84.31999969482422,86.19000244140625,80.87000274658203,86.08000183105469,595400,84.43138885498047
2022-03-16,86.4800033569336,90.0999984741211,86.08000183105469,87.43000030517578,1005500,85.75553894042969
2022-03-17,87.51000213623047,88.81999969482422,87.43000030517578,88.2699966430664,866400,86.57942962646484
2022-03-18,88.16999816894531,90.01000213623047,87.55999755859375,89.87999725341797,793400,88.1585922241211
2022-03-21,89.9800033569336,89.9800033569336,88.62000274658203,88.9800033569336,304400,87.27584075927734
2022-03-22,88.7699966430664,89.66500091552734,88.4000015258789,89.37999725341797,546800,87.66816711425781
2022-03-23,88.9800033569336,89.58999633789062,87.58999633789062,87.76000213623047,521400,86.0792007446289
2022-03-24,87.76000213623047,89.4800033569336,86.7699966430664,87.70999908447266,496300,86.0301742553711
2022-03-25,88.20999908447266,89.27999877929688,87.45999908447266,88.12999725341797,426300,86.44212341308594
2022-03-28,88.5199966430664,90.11000061035156,88.33000183105469,90.06999969482422,448200,88.344970703125
2022-03-29,90.97000122070312,91.04000091552734,89.04000091552734,89.62999725341797,570800,87.91341400146484
2022-03-30,89.18000030517578,89.40499877929688,87.80000305175781,87.97000122070312,565100,86.28519439697266
2022-03-31,88.0,89.0999984741211,87.62999725341797,87.87000274658203,658600,86.18710327148438
2022-04-01,88.13999938964844,89.51000213623047,87.19999694824219,88.75,2340000,87.05024719238281
2022-04-04,88.56999969482422,89.98999786376953,88.43000030517578,88.83999633789062,457800,87.13851165771484
2022-04-05,88.7699966430664,92.0,88.08000183105469,91.0199966430664,1578300,89.27676391601562
2022-04-06,90.9749984741211,92.29000091552734,89.69999694824219,89.81999969482422,897000,88.09976196289062
2022-04-07,90.02999877929688,90.87000274658203,88.20999908447266,89.98999786376953,848100,88.26648712158203
2022-04-08,89.95999908447266,91.16500091552734,89.87000274658203,90.1500015258789,522900,88.42343139648438
2022-04-11,90.08000183105469,90.58999633789062,87.80999755859375,88.02999877929688,479400,86.34404754638672
2022-04-12,87.31999969482422,88.9000015258789,86.0,86.0199966430664,598500,84.37252807617188
2022-04-13,86.33000183105469,87.51499938964844,85.54000091552734,87.0999984741211,916200,85.43185424804688
2022-04-14,87.55999755859375,87.93000030517578,85.62999725341797,85.69000244140625,460800,84.04886627197266
2022-04-18,85.30000305175781,85.6500015258789,82.69000244140625,83.11000061035156,372800,81.51825714111328
2022-04-19,83.33999633789062,85.02999877929688,83.02999877929688,84.52999877929688,579400,82.91106414794922
2022-04-20,84.8499984741211,85.63999938964844,83.76000213623047,83.83000183105469,735900,82.22447204589844
2022-04-21,85.06999969482422,85.06999969482422,81.18000030517578,81.33000183105469,621400,79.77234649658203
2022-04-22,81.41000366210938,81.9800033569336,78.9800033569336,79.08000183105469,612900,77.56546020507812
2022-04-25,78.61000061035156,79.83000183105469,77.81500244140625,79.73999786376953,606700,78.2127914428711
2022-04-26,79.73999786376953,79.73999786376953,77.61000061035156,77.66999816894531,653300,76.18245697021484
2022-04-27,77.33999633789062,79.08000183105469,77.30000305175781,77.80000305175781,712300,76.30997467041016
2022-04-28,75.48999786376953,76.9000015258789,73.9000015258789,75.25,1509900,73.80879211425781
2022-04-29,73.9000015258789,75.19999694824219,71.02999877929688,71.19000244140625,1171900,69.82655334472656
2022-05-02,71.38999938964844,72.33999633789062,69.0,70.13999938964844,1281200,68.79666900634766
2022-05-03,70.20999908447266,70.83000183105469,68.88999938964844,68.9000015258789,1151400,67.58040618896484
2022-05-04,68.87999725341797,69.58999633789062,66.8499984741211,69.23999786376953,1790500,67.91390228271484
2022-05-05,69.08000183105469,69.4749984741211,64.80000305175781,65.6500015258789,1445100,64.39266967773438
2022-05-06,65.36000061035156,65.36000061035156,63.08000183105469,63.869998931884766,1483500,62.64674758911133
2022-05-09,63.2599983215332,63.2599983215332,60.25,60.47999954223633,1190300,59.32167434692383
2022-05-10,61.65999984741211,62.709999084472656,59.81999969482422,62.349998474121094,2372000,61.155860900878906
2022-05-11,61.61000061035156,63.779998779296875,61.529998779296875,63.06999969482422,1574400,61.86207580566406
2022-05-12,62.959999084472656,65.87000274658203,62.34000015258789,65.52999877929688,2218800,64.27494049072266
2022-05-13,65.87000274658203,68.02999877929688,65.70999908447266,67.2699966430664,1338400,65.98164367675781
2022-05-16,66.83999633789062,66.83999633789062,64.47000122070312,64.58999633789062,519400,63.35297393798828
2022-05-17,65.16999816894531,66.7300033569336,64.26000213623047,65.63999938964844,584000,64.38285064697266
2022-05-18,64.76000213623047,65.13999938964844,63.060001373291016,63.38999938964844,565300,62.175941467285156
2022-05-19,62.5,65.18000030517578,62.5,64.69000244140625,859500,63.45105743408203
2022-05-20,65.20999908447266,66.27999877929688,64.0,65.7699966430664,864000,64.51036071777344
2022-05-23,66.13999938964844,66.72000122070312,65.51000213623047,66.02999877929688,607800,64.765380859375
2022-05-24,65.38999938964844,65.61000061035156,63.959999084472656,65.33000183105469,562200,64.07878875732422
2022-05-25,65.20999908447266,66.4800033569336,64.93000030517578,65.62999725341797,590100,64.37303161621094
2022-05-26,65.91000366210938,67.08999633789062,65.43599700927734,66.87000274658203,357400,65.58930206298828
2022-05-27,67.23999786376953,68.95999908447266,67.23999786376953,68.9000015258789,551400,67.58040618896484
2022-05-31,68.83999633789062,68.83999633789062,67.11000061035156,67.61000061035156,714200,66.39221954345703
2022-06-01,67.7300033569336,68.33000183105469,66.29000091552734,67.2699966430664,606500,66.05834197998047
2022-06-02,67.04000091552734,69.05000305175781,67.04000091552734,68.69999694824219,417200,67.46257781982422
2022-06-03,67.88999938964844,69.80500030517578,67.25,67.63999938964844,284500,66.42169189453125
2022-06-06,68.72000122070312,70.4800033569336,68.01000213623047,68.12999725341797,351200,66.9028549194336
2022-06-07,67.30000305175781,69.2300033569336,67.05999755859375,69.11000061035156,532500,67.86518859863281
2022-06-08,68.58000183105469,69.18000030517578,68.13500213623047,68.56999969482422,711000,67.3349380493164
2022-06-09,68.6500015258789,69.30999755859375,68.05999755859375,68.05999755859375,515100,66.83412170410156
2022-06-10,67.30000305175781,68.5199966430664,66.1500015258789,67.83999633789062,1177000,66.61807250976562
2022-06-13,65.94000244140625,66.86000061035156,65.33000183105469,66.02999877929688,534200,64.84066009521484
2022-06-14,66.0999984741211,66.3949966430664,64.31999969482422,64.73999786376953,564200,63.573909759521484
2022-06-15,65.44999694824219,67.26499938964844,64.93000030517578,66.69000244140625,578200,65.48880004882812
2022-06-16,65.01000213623047,68.08499908447266,64.875,66.87999725341797,1025300,65.67534637451172
2022-06-17,66.86000061035156,68.61499786376953,66.86000061035156,67.36000061035156,1499600,66.14672088623047
2022-06-21,67.7699966430664,69.05000305175781,67.58999633789062,68.83999633789062,511300,67.60005950927734
2022-06-22,68.2699966430664,70.87999725341797,68.2699966430664,70.54000091552734,618300,69.26943969726562
2022-06-23,71.12000274658203,72.91999816894531,71.12000274658203,72.81999969482422,676200,71.50836944580078
2022-06-24,73.19999694824219,74.44999694824219,72.41999816894531,74.08000183105469,2177200,72.74566650390625
2022-06-27,74.1500015258789,74.1500015258789,72.375,73.3499984741211,432200,72.02880859375
2022-06-28,73.68000030517578,73.95999908447266,71.66999816894531,71.87000274658203,462700,70.57550048828125
2022-06-29,71.55000305175781,71.78500366210938,69.61000061035156,69.6500015258789,972000,68.39547729492188
2022-06-30,69.47000122070312,69.58000183105469,68.18000030517578,68.25,1246100,67.02068328857422
2022-07-01,67.58999633789062,69.18000030517578,67.33000183105469,68.6500015258789,1591700,67.4134750366211
2022-07-05,68.91000366210938,71.16000366210938,68.01000213623047,70.91999816894531,1009300,69.64259338378906
2022-07-06,70.9000015258789,71.18000030517578,69.11000061035156,69.18000030517578,903200,67.9339370727539
2022-07-07,68.88999938964844,69.76000213623047,67.36000061035156,69.55000305175781,975800,68.29727935791016
2022-07-08,69.0999984741211,70.66000366210938,68.86000061035156,70.61000061035156,547400,69.33818054199219
2022-07-11,70.72000122070312,70.72000122070312,69.5999984741211,70.5,671900,69.23017883300781
2022-07-12,70.87999725341797,71.57499694824219,68.1500015258789,68.4800033569336,539800,67.24654388427734
2022-07-13,67.73999786376953,69.80000305175781,67.66000366210938,68.66999816894531,568800,67.43312072753906
2022-07-14,67.88999938964844,68.73500061035156,66.56999969482422,67.62000274658203,572900,66.40203094482422
2022-07-15,67.9800033569336,68.55999755859375,67.50900268554688,68.44000244140625,559900,67.207275390625
2022-07-18,69.18000030517578,69.48999786376953,67.8499984741211,67.91999816894531,504700,66.69661712646484
2022-07-19,68.66999816894531,69.44000244140625,68.11000061035156,68.95999908447266,587000,67.71790313720703
2022-07-20,69.22000122070312,70.26499938964844,69.1500015258789,69.52999877929688,631900,68.27763366699219
2022-07-21,69.72000122070312,71.95999908447266,69.56999969482422,71.06999969482422,613800,69.78990936279297
2022-07-22,71.19000244140625,71.37999725341797,70.41000366210938,70.97000122070312,441500,69.69168090820312
2022-07-25,70.97000122070312,71.48999786376953,68.8499984741211,69.52999877929688,523100,68.27763366699219
2022-07-26,69.08000183105469,69.08000183105469,66.69000244140625,67.29000091552734,861600,66.07796478271484
2022-07-27,68.08000183105469,68.48999786376953,67.0199966430664,67.73999786376953,1143800,66.5198745727539
2022-07-28,67.76000213623047,70.41999816894531,67.68000030517578,69.88999938964844,731300,68.6311264038086
2022-07-29,69.79000091552734,70.91000366210938,69.77999877929688,70.5199966430664,804000,69.24980163574219
2022-08-01,70.16999816894531,70.66500091552734,69.47000122070312,69.66999816894531,567800,68.41512298583984
2022-08-02,68.98999786376953,70.72599792480469,68.98999786376953,69.79000091552734,779900,68.5329360961914
2022-08-03,69.58999633789062,69.9800033569336,67.33000183105469,68.5999984741211,754700,67.3643798828125
2022-08-04,68.66999816894531,71.95999908447266,68.57499694824219,70.27999877929688,638100,69.01412200927734
2022-08-05,69.41999816894531,70.27999877929688,67.87200164794922,69.27999877929688,352700,68.03213500976562
2022-08-08,70.0,72.43000030517578,69.95999908447266,72.02999877929688,672400,70.73260498046875
2022-08-09,71.7699966430664,71.7699966430664,70.06999969482422,70.47000122070312,543300,69.2007064819336
2022-08-10,71.1500015258789,71.89099884033203,70.93000030517578,71.66999816894531,345500,70.37908172607422
2022-08-11,72.16999816894531,72.66999816894531,71.68199920654297,72.5,586500,71.19412994384766
2022-08-12,72.37999725341797,73.37999725341797,71.81300354003906,73.30999755859375,260000,71.9895248413086
2022-08-15,73.37999725341797,74.37000274658203,73.0199966430664,74.19999694824219,418300,72.863525390625
2022-08-16,73.75,74.37999725341797,73.19999694824219,74.37000274658203,637300,73.03045654296875
2022-08-17,73.97000122070312,74.55999755859375,73.53500366210938,74.36000061035156,497300,73.02064514160156
2022-08-18,74.36000061035156,74.73999786376953,73.87000274658203,74.69000244140625,442100,73.34468078613281
2022-08-19,74.66999816894531,74.66999816894531,72.38999938964844,72.98999786376953,554300,71.67529296875
2022-08-22,72.41000366210938,72.76000213623047,71.18000030517578,71.79000091552734,470000,70.49693298339844
2022-08-23,71.79000091552734,71.96499633789062,70.94000244140625,71.48999786376953,445900,70.20231628417969
2022-08-24,71.63999938964844,72.6500015258789,71.33999633789062,72.37000274658203,441600,71.06648254394531
2022-08-25,72.61000061035156,72.92500305175781,71.87999725341797,72.54000091552734,523300,71.23340606689453
2022-08-26,72.62000274658203,72.62000274658203,70.04000091552734,70.48999786376953,484200,69.22035217285156
2022-08-29,70.0,70.76499938964844,69.04000091552734,69.25,408200,68.00267028808594
2022-08-30,69.7300033569336,70.16999816894531,68.2699966430664,68.62000274658203,407400,67.384033203125
2022-08-31,68.93000030517578,69.91999816894531,68.75,69.58999633789062,775500,68.41630554199219
2022-09-01,68.98999786376953,69.37999725341797,66.08999633789062,68.69999694824219,916000,67.54132080078125
2022-09-02,69.25,69.37000274658203,66.48500061035156,66.77999877929688,517400,65.65370178222656
2022-09-06,66.88999938964844,67.86000061035156,66.2699966430664,66.98999786376953,431900,65.86016845703125
2022-09-07,66.98999786376953,66.98999786376953,65.33999633789062,65.83999633789062,1041900,64.72956085205078
2022-09-08,65.44000244140625,66.87999725341797,65.27999877929688,66.62000274658203,936500,65.49641418457031
2022-09-09,66.86000061035156,68.43000030517578,66.37999725341797,68.0,536100,66.8531265258789
2022-09-12,68.11000061035156,68.94999694824219,67.63099670410156,68.02999877929688,638300,66.88263702392578
2022-09-13,66.6500015258789,66.7249984741211,65.5999984741211,66.01000213623047,642500,64.8967056274414
2022-09-14,66.2699966430664,66.29000091552734,64.91999816894531,65.26000213623047,733900,64.15935516357422
2022-09-15,64.83999633789062,65.375,63.59000015258789,63.90999984741211,878600,62.83210754394531
2022-09-16,63.599998474121094,64.87000274658203,62.95000076293945,64.36000061035156,982100,63.2745246887207
2022-09-19,64.16999816894531,64.16999816894531,62.2599983215332,62.81999969482422,744100,61.760498046875
2022-09-20,62.709999084472656,63.28499984741211,61.23500061035156,61.34000015258789,709000,60.30544662475586
2022-09-21,61.650001525878906,62.43000030517578,60.77000045776367,60.77000045776367,927600,59.74507522583008
2022-09-22,60.790000915527344,61.130001068115234,60.04999923706055,60.20000076293945,800700,59.184688568115234
2022-09-23,60.099998474121094,60.34000015258789,59.27000045776367,59.619998931884766,771500,58.61446762084961
2022-09-26,59.25,59.58000183105469,58.56999969482422,59.060001373291016,1093900,58.063907623291016
2022-09-27,59.439998626708984,59.720001220703125,57.849998474121094,58.029998779296875,877200,57.05127716064453
2022-09-28,58.06999969482422,58.7599983215332,57.650001525878906,58.59000015258789,1102600,57.601837158203125
2022-09-29,58.41999816894531,58.57500076293945,57.41999816894531,57.68000030517578,777000,56.707176208496094
2022-09-30,57.619998931884766,58.13999938964844,56.20500183105469,56.41999816894531,1090100,55.46843338012695
2022-10-03,56.40999984741211,57.86000061035156,55.63999938964844,57.58000183105469,1323300,56.6088752746582
2022-10-04,58.52000045776367,59.09000015258789,57.91999816894531,58.59000015258789,1198600,57.601837158203125
2022-10-05,57.849998474121094,58.68000030517578,57.65999984741211,57.900001525878906,832200,56.92348098754883
2022-10-06,57.59000015258789,59.0,55.65999984741211,57.45000076293945,701800,56.48106384277344
2022-10-07,56.790000915527344,57.0099983215332,54.81999969482422,55.33000183105469,737800,54.396820068359375
2022-10-10,55.709999084472656,55.709999084472656,53.06999969482422,53.08000183105469,576100,52.18477249145508
2022-10-11,52.91999816894531,53.349998474121094,51.650001525878906,52.209999084472656,1291400,51.329437255859375
2022-10-12,52.720001220703125,53.75,52.40999984741211,53.13999938964844,1018300,52.24375534057617
2022-10-13,51.720001220703125,54.66999816894531,51.470001220703125,54.25,1168100,53.33502960205078
2022-10-14,54.79999923706055,55.70500183105469,53.099998474121094,53.36000061035156,1100600,52.460044860839844
2022-10-17,54.619998931884766,55.52000045776367,54.03799819946289,54.91999816894531,958800,53.99373245239258
2022-10-18,56.25,56.69499969482422,54.52899932861328,54.70000076293945,1063000,53.777442932128906
2022-10-19,54.52000045776367,54.65999984741211,52.9900016784668,53.349998474121094,514100,52.45021057128906
2022-10-20,53.599998474121094,54.130001068115234,52.970001220703125,53.189998626708984,467100,52.29291534423828
2022-10-21,53.130001068115234,54.47999954223633,52.439998626708984,54.130001068115234,851000,53.21706008911133
2022-10-24,54.33000183105469,54.58000183105469,53.040000915527344,53.09000015258789,794500,52.19460678100586
2022-10-25,53.5099983215332,54.97999954223633,53.5099983215332,54.54999923706055,1362200,53.629974365234375
2022-10-26,54.84000015258789,55.4900016784668,53.7400016784668,53.75,873900,52.843475341796875
2022-10-27,54.5,56.22999954223633,53.77000045776367,54.13999938964844,1382700,53.226890563964844
2022-10-28,54.189998626708984,55.880001068115234,54.16999816894531,55.66999816894531,651700,54.7310791015625
2022-10-31,55.38999938964844,55.9900016784668,54.970001220703125,55.08000183105469,848400,54.151031494140625
2022-11-01,56.0,56.13999938964844,54.56999969482422,55.65999984741211,1590200,54.721256256103516
2022-11-02,55.63999938964844,56.810001373291016,54.56999969482422,55.2599983215332,886400,54.32799530029297
2022-11-03,54.369998931884766,56.11000061035156,53.81999969482422,55.540000915527344,1053900,54.603275299072266
2022-11-04,55.779998779296875,56.29999923706055,54.119998931884766,55.869998931884766,954700,54.92770767211914
2022-11-07,56.130001068115234,56.2599983215332,55.27000045776367,55.869998931884766,618900,54.92770767211914
2022-11-08,55.900001525878906,57.540000915527344,55.560001373291016,57.45000076293945,988600,56.48106384277344
2022-11-09,57.099998474121094,57.58000183105469,56.380001068115234,56.41999816894531,621800,55.46843338012695
2022-11-10,58.189998626708984,59.310001373291016,57.93000030517578,59.16999816894531,889900,58.17204666137695
2022-11-11,59.380001068115234,59.619998931884766,58.470001220703125,59.04999923706055,810200,58.054080963134766
2022-11-14,58.849998474121094,59.5,58.13999938964844,58.189998626708984,778500,57.20858383178711
2022-11-15,58.970001220703125,59.61000061035156,58.380001068115234,58.5,1022900,57.51335906982422
2022-11-16,58.47999954223633,58.86000061035156,57.75,57.77000045776367,563500,56.795677185058594
2022-11-17,57.189998626708984,57.70000076293945,56.560001373291016,57.650001525878906,470600,56.67769241333008
2022-11-18,58.04999923706055,58.220001220703125,56.8650016784668,57.25,497400,56.28443908691406
2022-11-21,57.29999923706055,58.029998779296875,57.029998779296875,57.86000061035156,483400,56.88414764404297
2022-11-22,57.77000045776367,58.310001373291016,57.52000045776367,57.72999954223633,453100,56.75634002685547
2022-11-23,57.689998626708984,58.28499984741211,57.5,58.029998779296875,657700,57.05127716064453
2022-11-25,57.84000015258789,58.334999084472656,57.79999923706055,58.150001525878906,162600,57.16925811767578
2022-11-28,57.880001068115234,58.150001525878906,57.5,58.130001068115234,1183000,57.14959716796875
2022-11-29,58.310001373291016,59.459999084472656,58.310001373291016,58.529998779296875,635700,57.542850494384766
2022-11-30,58.7400016784668,61.560001373291016,58.54999923706055,61.459999084472656,932800,60.50613021850586
2022-12-01,61.529998779296875,63.13999938964844,61.119998931884766,62.900001525878906,773700,61.92378616333008
2022-12-02,62.18000030517578,63.66999816894531,62.11000061035156,63.41999816894531,613200,62.435707092285156
2022-12-05,63.689998626708984,64.05999755859375,62.52000045776367,63.959999084472656,766200,62.96733093261719
2022-12-06,63.90999984741211,65.23999786376953,63.61000061035156,64.75,961500,63.745079040527344
2022-12-07,65.01000213623047,65.9000015258789,63.560001373291016,64.3499984741211,1643600,63.351280212402344
2022-12-08,64.22000122070312,65.25,63.83000183105469,64.20999908447266,1160100,63.21345901489258
2022-12-09,63.790000915527344,64.76000213623047,63.650001525878906,64.55000305175781,1410700,63.548179626464844
2022-12-12,65.0999984741211,66.05999755859375,64.80999755859375,65.4800033569336,3071000,64.46375274658203
2022-12-13,66.12999725341797,66.7699966430664,64.91000366210938,65.55000305175781,1452600,64.53265380859375
2022-12-14,65.27999877929688,65.83000183105469,64.05000305175781,64.20999908447266,1031400,63.21345901489258
2022-12-15,63.63999938964844,64.4000015258789,63.18000030517578,64.1500015258789,1627600,63.154380798339844
2022-12-16,63.91999816894531,64.31500244140625,62.415000915527344,62.88999938964844,5258800,61.913936614990234
2022-12-19,62.650001525878906,63.130001068115234,61.20000076293945,61.70000076293945,749000,60.742408752441406
2022-12-20,61.439998626708984,61.93000030517578,60.380001068115234,61.779998779296875,759100,60.8211669921875
2022-12-21,62.43000030517578,63.29999923706055,61.7599983215332,63.290000915527344,913500,62.30773162841797
2022-12-22,62.900001525878906,63.209999084472656,61.52000045776367,63.13999938964844,755200,62.16006088256836
2022-12-23,63.06999969482422,65.0999984741211,62.66999816894531,64.2699966430664,1708200,63.27252197265625
2022-12-27,65.13999938964844,65.2699966430664,63.939998626708984,64.33999633789062,1222700,63.3414306640625
2022-12-28,64.4000015258789,65.29000091552734,64.05999755859375,64.4000015258789,1242300,63.4005012512207
2022-12-29,65.05000305175781,66.56999969482422,64.7300033569336,66.16999816894531,568700,65.14302062988281
2022-12-30,65.47000122070312,66.3499984741211,64.36000061035156,64.93000030517578,460100,63.922264099121094
2023-01-03,65.76000213623047,66.58000183105469,64.58999633789062,65.33999633789062,488100,64.32591247558594
2023-01-04,65.44999694824219,65.83999633789062,63.380001068115234,63.939998626708984,749600,62.94763946533203
2023-01-05,63.15999984741211,64.73999786376953,62.45000076293945,63.52000045776367,1391100,62.534156799316406
2023-01-06,64.47000122070312,66.87000274658203,63.08000183105469,66.72000122070312,671100,65.68448638916016
2023-01-09,67.29000091552734,69.29499816894531,66.75,68.23999786376953,821500,67.18089294433594
2023-01-10,67.87999725341797,69.56999969482422,67.87999725341797,68.7699966430664,863300,67.70269012451172
2023-01-11,69.44999694824219,70.86499786376953,67.8499984741211,70.26000213623047,886000,69.1695556640625
2023-01-12,71.37000274658203,71.80000305175781,69.91000366210938,71.25,583600,70.14417266845703
2023-01-13,71.25,72.1500015258789,71.01499938964844,71.61000061035156,500500,70.49860382080078
2023-01-17,72.30000305175781,73.125,71.3499984741211,72.30999755859375,1096700,71.18773651123047
2023-01-18,73.11000061035156,73.22000122070312,72.0199966430664,72.83000183105469,965300,71.69967651367188
2023-01-19,72.41000366210938,73.06999969482422,71.08999633789062,71.1500015258789,681200,70.04573059082031
2023-01-20,71.5999984741211,72.87000274658203,70.75,72.25,450000,71.12866973876953
2023-01-23,72.36000061035156,72.5999984741211,70.81500244140625,72.48999786376953,583200,71.36493682861328
2023-01-24,72.4800033569336,72.55000305175781,70.91000366210938,71.5999984741211,761000,70.48875427246094
2023-01-25,70.7699966430664,74.0199966430664,70.1449966430664,73.88999938964844,792300,72.74320983886719
2023-01-26,74.13999938964844,75.48999786376953,73.9000015258789,75.18000030517578,847200,74.01319122314453
2023-01-27,74.97000122070312,76.22000122070312,74.43000030517578,75.9800033569336,606100,74.80078125
2023-01-30,75.66000366210938,76.19000244140625,74.30999755859375,74.37999725341797,797400,73.22559356689453
2023-01-31,74.0,74.56999969482422,73.54000091552734,74.54000091552734,871200,73.38312530517578
2023-02-01,74.54000091552734,76.23999786376953,74.22000122070312,75.5999984741211,945400,74.42665100097656
2023-02-02,76.5,76.5,70.88999938964844,71.33000183105469,1891100,70.22295379638672
2023-02-03,70.72000122070312,73.2699966430664,70.26000213623047,71.97000122070312,968400,70.85301971435547
2023-02-06,71.18000030517578,73.77999877929688,70.8499984741211,73.33999633789062,901900,72.20173645019531
2023-02-07,73.26000213623047,74.94499969482422,72.54499816894531,74.69999694824219,619200,73.54063415527344
2023-02-08,74.33999633789062,74.7300033569336,73.55999755859375,73.62000274658203,704800,72.4773941040039
2023-02-09,74.02999877929688,74.08999633789062,72.5,73.05000305175781,543300,71.91627502441406
2023-02-10,72.98999786376953,73.72000122070312,72.44999694824219,73.69000244140625,412000,72.54633331298828
2023-02-13,74.06999969482422,74.69000244140625,73.2300033569336,73.75,485300,72.60539245605469
2023-02-14,73.87000274658203,75.20999908447266,73.5199966430664,74.47000122070312,803400,73.31421661376953
2023-02-15,74.1500015258789,75.7699966430664,73.65499877929688,75.66999816894531,633300,74.49560546875
2023-02-16,74.9800033569336,74.9800033569336,73.11000061035156,73.26000213623047,710700,72.12299346923828
2023-02-17,72.73999786376953,73.44000244140625,71.77999877929688,72.56999969482422,620400,71.44371032714844
2023-02-21,72.56999969482422,73.5,71.4000015258789,72.08999633789062,1361600,70.97114562988281
2023-02-22,72.27999877929688,75.5,70.44999694824219,71.38999938964844,459100,70.28202056884766
2023-02-23,72.16999816894531,72.38999938964844,70.9800033569336,71.36000061035156,427300,70.25249481201172
2023-02-24,70.7699966430664,71.69999694824219,70.75499725341797,71.05000305175781,644000,69.9472885131836
2023-02-27,71.8499984741211,72.12000274658203,70.5199966430664,70.91999816894531,484600,69.81930541992188
2023-02-28,70.87000274658203,72.44000244140625,70.4800033569336,70.88999938964844,1032200,69.87847137451172
2023-03-01,71.0999984741211,71.69000244140625,70.19999694824219,71.56999969482422,654800,70.54875183105469
2023-03-02,71.48999786376953,72.66999816894531,70.83999633789062,72.5,558100,71.4654769897461
2023-03-03,73.01000213623047,74.55999755859375,72.51000213623047,74.51000213623047,943100,73.44678497314453
2023-03-06,74.23999786376953,74.6050033569336,72.38999938964844,72.43000030517578,989400,71.39647674560547
2023-03-07,72.62999725341797,72.94000244140625,71.37000274658203,71.8499984741211,831200,70.82474517822266
2023-03-08,71.69000244140625,72.23999786376953,71.36000061035156,71.55999755859375,454100,70.53888702392578
2023-03-09,71.54000091552734,71.62000274658203,70.66000366210938,70.66000366210938,700200,69.6517333984375
2023-03-10,70.36000061035156,70.59500122070312,67.98999786376953,68.4000015258789,904400,67.42398071289062
2023-03-13,68.18000030517578,69.00499725341797,67.02999877929688,67.36000061035156,929900,66.3988265991211
2023-03-14,68.37999725341797,69.66000366210938,67.58999633789062,69.55999755859375,696300,68.56742095947266
2023-03-15,68.88999938964844,70.38999938964844,68.23999786376953,70.04000091552734,1010100,69.04058837890625
2023-03-16,70.20999908447266,74.30000305175781,69.69999694824219,74.19000244140625,1682100,73.1313705444336
2023-03-17,74.61000061035156,76.44999694824219,74.20999908447266,75.94000244140625,1923900,74.85638427734375
2023-03-20,75.94000244140625,75.94000244140625,74.41999816894531,75.04000091552734,1311000,73.96924591064453
2023-03-21,75.62000274658203,75.7300033569336,74.61000061035156,75.33000183105469,860800,74.25509643554688
2023-03-22,75.0199966430664,75.80000305175781,74.08000183105469,74.08000183105469,725800,73.02293395996094
2023-03-23,74.27999877929688,74.98500061035156,73.52999877929688,74.0,468300,72.9440689086914
2023-03-24,73.69000244140625,74.70999908447266,72.86000061035156,74.47000122070312,406100,73.4073715209961
2023-03-27,74.5,75.04000091552734,73.80000305175781,73.9800033569336,478100,72.92436981201172
2023-03-28,74.08000183105469,75.66000366210938,74.07499694824219,75.43000030517578,569100,74.35365295410156
2023-03-29,76.01000213623047,78.43000030517578,75.82499694824219,78.08999633789062,1322800,76.9757080078125
2023-03-30,78.47000122070312,79.05999755859375,77.93000030517578,79.0199966430664,962800,77.89244079589844
2023-03-31,79.61000061035156,79.9800033569336,78.47000122070312,79.0199966430664,1470400,77.89244079589844
2023-04-03,78.9000015258789,79.19999694824219,78.36000061035156,78.41999816894531,886800,77.30101013183594
2023-04-04,78.3499984741211,79.58999633789062,78.11000061035156,79.33999633789062,836500,78.20787811279297
2023-04-05,78.0,78.0,72.16999816894531,73.30000305175781,2150100,72.25407409667969
2023-04-06,73.3499984741211,74.94000244140625,72.94999694824219,74.47000122070312,869200,73.4073715209961
2023-04-10,74.5,74.70999908447266,71.5199966430664,71.80000305175781,774800,70.77548217773438
2023-04-11,72.1500015258789,72.2699966430664,69.8949966430664,70.79000091552734,1236900,69.7798843383789
2023-04-12,71.43000030517578,71.69999694824219,70.19999694824219,70.72000122070312,791700,69.71088409423828
2023-04-13,70.63999938964844,71.19000244140625,69.70999908447266,69.98999786376953,459800,68.99127197265625
2023-04-14,70.08999633789062,70.61000061035156,68.55999755859375,70.5999984741211,851800,69.59259033203125
2023-04-17,69.44999694824219,71.80000305175781,69.3499984741211,71.76000213623047,981400,70.73603820800781
2023-04-18,71.68000030517578,72.8550033569336,71.02999877929688,72.5,1304200,71.4654769897461
2023-04-19,72.62000274658203,74.69999694824219,72.25,73.86000061035156,1148700,72.80607604980469
2023-04-20,73.80999755859375,74.41999816894531,72.72000122070312,72.9000015258789,995200,71.85977172851562
2023-04-21,72.7300033569336,73.19999694824219,71.73999786376953,72.30999755859375,799800,71.27819061279297
2023-04-24,72.36000061035156,72.68000030517578,70.80999755859375,71.33000183105469,1118800,70.31217956542969
2023-04-25,70.7699966430664,71.0999984741211,69.75,70.3499984741211,1254400,69.3461685180664
2023-04-26,69.9000015258789,70.37999725341797,69.08000183105469,69.73999786376953,1155500,68.74485778808594
2023-04-27,71.56999969482422,72.43000030517578,67.44000244140625,69.3499984741211,1763400,68.36042022705078
2023-04-28,69.18000030517578,71.16000366210938,69.18000030517578,70.41000366210938,1092300,69.40530395507812
2023-05-01,70.41000366210938,72.19999694824219,70.41000366210938,71.87999725341797,1021100,70.85430908203125
2023-05-02,71.81999969482422,71.86000061035156,69.95999908447266,70.61000061035156,635900,69.60245513916016
2023-05-03,70.76000213623047,70.8499984741211,67.86000061035156,68.63999938964844,1310300,67.66056060791016
2023-05-04,68.62999725341797,69.97000122070312,68.13999938964844,69.88999938964844,628400,68.8927230834961
2023-05-05,70.58999633789062,71.93000030517578,70.06999969482422,71.83999633789062,605900,70.81489562988281
2023-05-08,71.83999633789062,72.48999786376953,71.18000030517578,72.43000030517578,603900,71.39647674560547
2023-05-09,72.20999908447266,73.1500015258789,71.73999786376953,72.11000061035156,558700,71.0810546875
2023-05-10,72.58999633789062,73.69999694824219,71.54000091552734,72.33999633789062,463700,71.3077621459961
2023-05-11,72.33999633789062,72.80000305175781,71.66000366210938,72.44000244140625,319000,71.4063491821289
2023-05-12,72.5,73.01000213623047,72.44000244140625,72.80000305175781,494800,71.76119232177734
2023-05-15,73.25,74.58999633789062,73.125,73.55999755859375,710000,72.51036834716797
2023-05-16,73.52999877929688,73.83000183105469,72.2699966430664,72.61000061035156,970100,71.57391357421875
2023-05-17,72.63999938964844,73.04000091552734,70.94000244140625,71.2300033569336,737900,70.21361541748047
2023-05-18,71.0999984741211,71.2249984741211,69.77999877929688,70.37000274658203,684600,69.36588287353516
2023-05-19,70.44999694824219,71.0,69.6500015258789,69.88999938964844,656100,68.8927230834961
2023-05-22,70.20999908447266,71.62000274658203,69.87999725341797,71.4800033569336,521800,70.46003723144531
2023-05-23,71.0199966430664,71.25499725341797,70.06999969482422,70.37000274658203,478300,69.36588287353516
2023-05-24,70.37000274658203,70.81500244140625,69.5199966430664,69.80000305175781,415000,68.80400848388672
2023-05-25,69.86000061035156,70.25,67.94999694824219,68.4800033569336,561700,67.50285339355469
2023-05-26,68.48999786376953,69.81999969482422,68.12000274658203,69.02999877929688,894100,68.04500579833984
2023-05-30,69.19000244140625,69.4800033569336,67.95999908447266,68.80000305175781,796600,67.81828308105469
2023-05-31,68.61000061035156,68.61000061035156,66.48999786376953,66.94999694824219,3993700,66.08111572265625
2023-06-01,67.33000183105469,68.55500030517578,67.33000183105469,68.0,743200,67.11749267578125
2023-06-02,67.98999786376953,70.73500061035156,67.87999725341797,70.36000061035156,762200,69.44686889648438
2023-06-05,70.38999938964844,70.98999786376953,68.44000244140625,69.19999694824219,866500,68.30193328857422
2023-06-06,69.2300033569336,70.37999725341797,68.16999816894531,68.80999755859375,579700,67.91698455810547
2023-06-07,68.66999816894531,69.44000244140625,68.11499786376953,69.19000244140625,832600,68.29205322265625
2023-06-08,68.9800033569336,70.91000366210938,68.6500015258789,70.80000305175781,807000,69.88115692138672
2023-06-09,70.93000030517578,71.2750015258789,70.54000091552734,70.80999755859375,511900,69.89102935791016
2023-06-12,70.55999755859375,70.5999984741211,69.1500015258789,69.80999755859375,714400,68.90399169921875
2023-06-13,69.97000122070312,70.52999877929688,68.44000244140625,68.55000305175781,447000,67.66035461425781
2023-06-14,68.31999969482422,72.06999969482422,68.02999877929688,71.5999984741211,1029100,70.6707763671875
2023-06-15,71.27999877929688,71.87999725341797,70.6500015258789,71.20999908447266,780400,70.28582763671875
2023-06-16,70.9800033569336,71.79000091552734,70.2699966430664,70.79000091552734,1337200,69.87129211425781
2023-06-20,70.20999908447266,70.83999633789062,69.67500305175781,70.33000183105469,526600,69.41725158691406
2023-06-21,69.93000030517578,72.12000274658203,69.19000244140625,69.41999816894531,612500,68.5190658569336
2023-06-22,69.37999725341797,69.7699966430664,68.69999694824219,69.37999725341797,469000,68.47958374023438
2023-06-23,69.02999877929688,70.07499694824219,68.77799987792969,69.37999725341797,1671900,68.47958374023438
2023-06-26,69.05000305175781,69.70999908447266,68.08000183105469,68.45999908447266,708700,67.57151794433594
2023-06-27,68.72000122070312,70.29900360107422,68.72000122070312,68.7699966430664,696500,67.87751007080078
2023-06-28,69.4800033569336,69.4800033569336,67.70999908447266,68.45999908447266,621200,67.57151794433594
2023-06-29,68.26000213623047,68.87000274658203,67.9000015258789,68.13999938964844,652300,67.25569152832031
2023-06-30,68.66999816894531,69.72000122070312,68.16000366210938,68.4800033569336,638500,67.59126281738281
2023-07-03,68.25,68.94000244140625,67.56999969482422,67.98999786376953,348500,67.10761260986328
2023-07-05,67.5,67.5,64.95999908447266,65.76000213623047,922000,64.90656280517578
2023-07-06,65.1500015258789,66.33999633789062,64.83000183105469,65.8499984741211,966400,64.99539184570312
2023-07-07,65.63999938964844,66.36000061035156,65.3499984741211,65.5999984741211,426700,64.7486343383789
2023-07-10,65.36000061035156,65.87999725341797,65.3550033569336,65.70999908447266,585200,64.8572006225586
2023-07-11,65.69999694824219,66.53500366210938,65.68000030517578,66.2699966430664,538800,65.40994262695312
2023-07-12,66.61000061035156,67.4000015258789,66.43000030517578,67.1500015258789,617200,66.27852630615234
2023-07-13,67.22000122070312,68.26000213623047,66.97000122070312,68.12000274658203,592500,67.2359390258789
2023-07-14,68.4800033569336,69.73999786376953,68.41000366210938,69.26000213623047,776300,68.36112976074219
2023-07-17,69.30999755859375,70.13999938964844,68.47000122070312,69.54000091552734,758100,68.63751220703125
2023-07-18,69.61000061035156,71.12000274658203,69.06999969482422,71.04000091552734,738500,70.11804962158203
2023-07-19,71.58999633789062,72.4800033569336,71.55000305175781,72.30999755859375,829700,71.3715591430664
2023-07-20,72.2300033569336,74.11000061035156,72.19000244140625,74.0999984741211,1069200,73.1383285522461
2023-07-21,74.44000244140625,74.88999938964844,73.27999877929688,74.7699966430664,803500,73.79962158203125
2023-07-24,74.7699966430664,75.19999694824219,74.0999984741211,74.87000274658203,781000,73.8983383178711
2023-07-25,74.68000030517578,75.0,73.30000305175781,74.2300033569336,721900,73.26663208007812
2023-07-26,74.48999786376953,74.86000061035156,74.08000183105469,74.62999725341797,710800,73.66143798828125
2023-07-27,76.12999725341797,81.23200225830078,74.81500244140625,80.45999908447266,1751500,79.41578674316406
2023-07-28,81.6500015258789,83.48999786376953,81.5199966430664,82.66999816894531,994000,81.59709167480469
2023-07-31,82.97000122070312,82.97000122070312,81.62999725341797,81.79000091552734,768900,80.72853088378906
2023-08-01,81.81999969482422,82.30000305175781,81.04000091552734,81.33000183105469,679600,80.27449035644531
2023-08-02,81.06999969482422,81.49500274658203,80.18000030517578,80.88999938964844,816400,79.84020233154297
2023-08-03,80.83000183105469,82.58499908447266,80.3949966430664,82.0999984741211,1074300,81.03451538085938
2023-08-04,82.0199966430664,83.7699966430664,81.70999908447266,82.44000244140625,1427700,81.37008666992188
2023-08-07,83.37000274658203,84.88999938964844,82.0199966430664,83.95999908447266,713200,82.87034606933594
2023-08-08,82.2699966430664,82.56500244140625,81.08999633789062,81.83000183105469,845900,80.76801300048828
2023-08-09,81.83000183105469,82.02999877929688,81.04499816894531,81.37000274658203,635700,80.31397247314453
2023-08-10,81.43000030517578,82.29499816894531,81.12000274658203,81.5,615400,80.44229125976562
2023-08-11,80.80000305175781,81.79000091552734,80.62999725341797,81.66999816894531,447000,80.61007690429688
2023-08-14,81.5999984741211,82.76000213623047,81.52999877929688,82.0199966430664,651600,80.9555435180664
2023-08-15,81.87999725341797,82.30999755859375,80.94000244140625,81.01000213623047,689700,79.9586410522461
2023-08-16,80.5,83.16999816894531,80.5,83.05000305175781,1343300,81.97217559814453
2023-08-17,83.11000061035156,83.3499984741211,81.4000015258789,82.75,925200,81.67606353759766
2023-08-18,82.01000213623047,83.52999877929688,82.01000213623047,83.29000091552734,508500,82.20906066894531
2023-08-21,83.06999969482422,84.87999725341797,82.93499755859375,84.27999877929688,683600,83.18621063232422
2023-08-22,84.2300033569336,85.12999725341797,84.0999984741211,84.87000274658203,589700,83.7685546875
2023-08-23,84.80000305175781,85.5979995727539,84.69000244140625,85.41000366210938,969400,84.3015365600586
2023-08-24,85.31999969482422,87.52999877929688,85.16999816894531,85.58000183105469,1033300,84.46932983398438
2023-08-25,85.58000183105469,86.33000183105469,84.52899932861328,85.30000305175781,621700,84.1929702758789
2023-08-28,85.41000366210938,85.94999694824219,84.88999938964844,85.52999877929688,1054900,84.41998291015625
2023-08-29,85.54000091552734,86.66999816894531,85.2300033569336,86.01000213623047,741900,84.89376831054688
2023-08-30,86.13999938964844,87.08000183105469,86.0,86.5999984741211,616100,85.47610473632812
2023-08-31,86.7699966430664,86.83999633789062,86.02999877929688,86.43000030517578,929100,85.39706420898438
2023-09-01,86.62999725341797,86.9800033569336,85.37000274658203,86.0,1296400,84.9721908569336
2023-09-05,85.27999877929688,86.29000091552734,85.16000366210938,85.29000091552734,878900,84.27067565917969
2023-09-06,85.5,85.75,83.97000122070312,84.5199966430664,1119200,83.5098876953125
2023-09-07,84.88999938964844,85.52999877929688,84.4800033569336,85.52999877929688,1012800,84.5078125
2023-09-08,85.5199966430664,86.29000091552734,84.69000244140625,86.22000122070312,566800,85.18955993652344
2023-09-11,86.2300033569336,87.02999877929688,86.0,86.38999938964844,508400,85.35753631591797
2023-09-12,86.38999938964844,86.90499877929688,85.61000061035156,85.86000061035156,418800,84.83386993408203
2023-09-13,85.66999816894531,85.97000122070312,84.37999725341797,84.51000213623047,537900,83.50000762939453
2023-09-14,84.5999984741211,84.75,83.87999725341797,84.6500015258789,976300,83.63833618164062
2023-09-15,84.55000305175781,84.61000061035156,82.54000091552734,83.2699966430664,1998900,82.27481079101562
2023-09-18,83.02999877929688,84.36000061035156,82.95999908447266,84.02999877929688,684200,83.02574157714844
2023-09-19,84.13999938964844,84.34500122070312,83.38999938964844,83.55999755859375,619200,82.56136322021484
2023-09-20,83.5999984741211,84.86000061035156,82.84500122070312,84.22000122070312,918300,83.2134780883789
2023-09-21,83.69999694824219,84.01000213623047,82.0,82.16000366210938,815000,81.17808532714844
2023-09-22,82.43000030517578,82.7300033569336,81.27999877929688,81.79000091552734,953500,80.81251525878906
2023-09-25,81.58000183105469,81.87000274658203,80.8949966430664,81.2300033569336,698900,80.25921630859375
2023-09-26,80.73999786376953,81.45999908447266,80.19999694824219,80.62999725341797,612800,79.66636657714844
2023-09-27,80.62999725341797,80.93000030517578,79.93399810791016,79.9800033569336,1020400,79.02413940429688
2023-09-28,80.20999908447266,81.21499633789062,79.77999877929688,80.58000183105469,732100,79.61698150634766
2023-09-29,81.04000091552734,81.41999816894531,79.80000305175781,80.19999694824219,1024100,79.24150848388672
2023-10-02,80.11000061035156,80.2300033569336,78.75,80.0,1054700,79.04391479492188
2023-10-03,80.61000061035156,83.12000274658203,79.66999816894531,79.81999969482422,906500,78.8660659790039
2023-10-04,79.8499984741211,81.38999938964844,79.2300033569336,81.08000183105469,1052600,80.11099243164062
2023-10-05,81.73999786376953,82.26000213623047,80.61000061035156,82.12999725341797,1208700,81.14844512939453
2023-10-06,81.77999877929688,84.10800170898438,81.67500305175781,83.69000244140625,893800,82.6897964477539
2023-10-09,83.41999816894531,84.45500183105469,83.08999633789062,83.16999816894531,609200,82.17601013183594
2023-10-10,83.41000366210938,84.2249984741211,82.8550033569336,83.19999694824219,609500,82.20565032958984
2023-10-11,83.37999725341797,84.01000213623047,82.93000030517578,83.13999938964844,573600,82.14637756347656
2023-10-12,83.69999694824219,83.91999816894531,82.86000061035156,83.25,740200,82.25506591796875
2023-10-13,83.31999969482422,84.3499984741211,83.0,83.16999816894531,970400,82.17601013183594
2023-10-16,83.5,84.76499938964844,83.23999786376953,83.45999908447266,462100,82.4625473022461
2023-10-17,83.19999694824219,84.70999908447266,83.01000213623047,84.18000030517578,948500,83.1739501953125
2023-10-18,83.94000244140625,84.69999694824219,82.9800033569336,83.01000213623047,837000,82.01792907714844
2023-10-19,82.73999786376953,83.16999816894531,81.86000061035156,82.47000122070312,1010400,81.48439025878906
2023-10-20,82.37000274658203,82.8499984741211,81.34500122070312,81.38999938964844,793500,80.41728973388672
2023-10-23,81.54000091552734,84.45500183105469,81.40499877929688,83.20999908447266,1108400,82.21553802490234
2023-10-24,83.61000061035156,84.29000091552734,83.05999755859375,83.47000122070312,983800,82.4724349975586
2023-10-25,82.8499984741211,84.25,82.41500091552734,83.38999938964844,1648700,82.39337921142578
2023-10-26,80.94999694824219,90.12000274658203,80.94999694824219,87.87999725341797,1482500,86.82971954345703
2023-10-27,88.83000183105469,88.83000183105469,86.80999755859375,87.70999908447266,1140700,86.6617660522461
2023-10-30,88.06999969482422,89.91000366210938,87.38999938964844,88.79000091552734,1062000,87.72885131835938
2023-10-31,89.12000274658203,90.33499908447266,88.5,90.01000213623047,828700,88.93427276611328
2023-11-01,90.87000274658203,90.87000274658203,89.3499984741211,90.4800033569336,808400,89.39866638183594
2023-11-02,91.02999877929688,92.02999877929688,90.75,91.52999877929688,898900,90.43611145019531
2023-11-03,92.44000244140625,92.62000274658203,91.06999969482422,91.94999694824219,1085800,90.85108184814453
2023-11-06,92.37999725341797,92.7699966430664,91.6500015258789,92.01000213623047,533300,90.91036987304688
2023-11-07,92.22000122070312,92.72000122070312,91.88999938964844,92.0,488600,90.90048217773438
2023-11-08,92.38999938964844,92.75,92.0,92.62000274658203,488400,91.51309204101562
2023-11-09,92.5,93.0999984741211,92.16000366210938,92.37000274658203,566100,91.26606750488281
2023-11-10,92.45999908447266,93.45500183105469,92.03500366210938,93.25,443800,92.13555145263672
2023-11-13,93.25,93.44999694824219,92.11000061035156,92.79000091552734,515700,91.68103790283203
2023-11-14,93.56999969482422,93.93000030517578,92.4000015258789,92.61000061035156,570600,91.50320434570312
2023-11-15,92.88999938964844,92.92500305175781,90.51499938964844,91.2699966430664,1225400,90.17921447753906
2023-11-16,92.94000244140625,92.97000122070312,91.81999969482422,92.30000305175781,1114600,91.19690704345703
2023-11-17,92.0199966430664,93.55000305175781,91.8010025024414,93.41999816894531,514500,92.30350494384766
2023-11-20,93.11000061035156,94.0250015258789,92.38999938964844,93.41999816894531,458900,92.30350494384766
2023-11-21,93.5999984741211,94.95999908447266,93.3499984741211,94.43000030517578,548900,93.30146026611328
2023-11-22,94.98999786376953,95.56999969482422,94.5999984741211,95.12000274658203,370400,93.98319244384766
2023-11-24,95.5,96.0199966430664,95.19000244140625,95.36000061035156,195700,94.2203369140625
2023-11-27,95.26000213623047,96.62999725341797,95.25,96.06999969482422,655600,94.92185974121094
2023-11-28,95.13999938964844,96.2699966430664,94.30999755859375,94.55999755859375,1181000,93.42989349365234
2023-11-29,94.44999694824219,95.8499984741211,94.0,95.01000213623047,1045300,93.87451934814453
2023-11-30,94.7699966430664,97.11000061035156,94.51499938964844,96.9000015258789,1292700,95.83270263671875
2023-12-01,96.69999694824219,97.18000030517578,94.62999725341797,94.79000091552734,1233600,93.74596405029297
2023-12-04,95.20999908447266,95.43499755859375,94.08999633789062,94.63999938964844,1020300,93.59761047363281
2023-12-05,94.41999816894531,95.8550033569336,94.38999938964844,94.83000183105469,1184400,93.7855224609375
2023-12-06,94.51000213623047,95.19999694824219,91.69499969482422,92.69000244140625,1243200,91.66907501220703
2023-12-07,92.83999633789062,93.12000274658203,91.08999633789062,91.47000122070312,891200,90.46250915527344
2023-12-08,91.38999938964844,92.0,89.86000061035156,90.3499984741211,1424600,89.35486602783203
2023-12-11,90.3499984741211,92.30000305175781,89.66000366210938,92.18000030517578,1909900,91.16470336914062
2023-12-12,92.54000091552734,93.08000183105469,91.2699966430664,91.61000061035156,1134700,90.60098266601562
2023-12-13,91.81999969482422,92.15799713134766,89.27999877929688,90.4000015258789,1736600,89.40431213378906
2023-12-14,90.75,90.86000061035156,87.41999816894531,87.94000244140625,2413800,86.97138977050781
2023-12-15,86.08000183105469,88.41000366210938,86.05999755859375,88.23999786376953,4522900,87.2680892944336
2023-12-18,88.9800033569336,90.51499938964844,88.80999755859375,90.04000091552734,1159400,89.04827880859375
2023-12-19,89.86000061035156,90.43000030517578,89.17500305175781,90.41000366210938,699300,89.41419982910156
2023-12-20,90.2699966430664,91.36000061035156,89.5999984741211,89.5999984741211,820200,88.61312103271484
2023-12-21,89.83999633789062,91.2300033569336,89.55500030517578,91.0,814800,89.9977035522461
2023-12-22,90.9000015258789,91.63999938964844,90.66000366210938,91.20999908447266,627800,90.20538330078125
2023-12-26,91.31999969482422,92.19000244140625,90.51000213623047,90.52999877929688,365500,89.53286743164062
2023-12-27,90.25,90.69999694824219,89.95999908447266,90.62999725341797,614900,89.63177490234375
2023-12-28,90.9000015258789,91.44000244140625,90.05999755859375,90.37000274658203,432100,89.37464141845703
2023-12-29,90.58999633789062,91.37999725341797,90.12999725341797,90.87999725341797,527200,89.8790283203125
2024-01-02,90.5199966430664,90.84500122070312,88.48999786376953,89.2699966430664,832700,88.2867431640625
2024-01-03,89.54000091552734,90.08000183105469,88.62000274658203,88.97000122070312,911400,87.99005889892578
2024-01-04,89.9800033569336,95.41999816894531,89.7249984741211,95.0999984741211,2764400,94.05253601074219
2024-01-05,95.44999694824219,96.0999984741211,92.7699966430664,93.0,1682400,91.97566223144531
2024-01-08,94.58999633789062,95.9749984741211,93.80999755859375,95.30000305175781,1604300,94.25033569335938
2024-01-09,94.66999816894531,94.9800033569336,93.19999694824219,93.30000305175781,1101600,92.27236938476562
2024-01-10,93.87000274658203,94.68000030517578,93.05000305175781,93.8499984741211,1558300,92.8163070678711
2024-01-11,94.0,95.42500305175781,93.70999908447266,95.05000305175781,1309100,94.00309753417969
2024-01-12,96.0,97.0,95.5,95.91000366210938,921400,94.8536148071289
2024-01-16,95.58000183105469,96.87000274658203,95.0,95.68000030517578,782900,94.62614440917969
2024-01-17,95.0,95.80999755859375,94.30999755859375,95.2300033569336,654900,94.18111419677734
2024-01-18,95.8499984741211,98.05999755859375,95.3550033569336,98.02999877929688,1599600,96.95025634765625
2024-01-19,98.5999984741211,99.23500061035156,97.69000244140625,97.94999694824219,929500,96.87114715576172
2024-01-22,98.51000213623047,99.29000091552734,97.8949966430664,98.08000183105469,784700,96.99972534179688
2024-01-23,98.08000183105469,98.13999938964844,96.87999725341797,97.77999877929688,728600,96.70303344726562
2024-01-24,98.0999984741211,98.62999725341797,96.94000244140625,97.81999969482422,545300,96.74258422851562
2024-01-25,98.08000183105469,98.41000366210938,96.55999755859375,98.27999877929688,913900,97.19750213623047
2024-01-26,98.30000305175781,98.48799896240234,97.48500061035156,97.83000183105469,439900,96.7524642944336
2024-01-29,98.02999877929688,100.23999786376953,97.66100311279297,99.0199966430664,901700,97.92936706542969
2024-01-30,98.79000091552734,99.98999786376953,98.36000061035156,98.37000274658203,988400,97.2865219116211
2024-01-31,98.01000213623047,98.91999816894531,95.01000213623047,95.38999938964844,1231300,94.33934020996094
2024-02-01,94.94999694824219,96.61000061035156,91.19000244140625,95.26000213623047,1629300,94.21077728271484
2024-02-02,95.30000305175781,96.94000244140625,94.38500213623047,96.83000183105469,1023300,95.76348114013672
2024-02-05,97.19000244140625,98.7249984741211,96.70999908447266,97.37000274658203,1394100,96.29753875732422
2024-02-06,95.83999633789062,98.33000183105469,94.91999816894531,97.11000061035156,1216500,96.04039764404297
2024-02-07,99.0,101.37000274658203,98.36499786376953,99.44999694824219,1357300,98.35462188720703
2024-02-08,100.27999877929688,101.98999786376953,100.0,101.02999877929688,1050000,99.91722106933594
2024-02-09,101.5,102.86000061035156,100.83499908447266,102.38999938964844,800500,101.26224517822266
2024-02-12,102.30999755859375,102.62999725341797,100.05999755859375,100.06999969482422,715300,98.9677963256836
2024-02-13,99.51000213623047,101.8550033569336,98.78700256347656,101.48999786376953,923300,100.37215423583984
2024-02-14,102.13999938964844,104.0999984741211,102.0,102.55000305175781,1038900,101.42047119140625
2024-02-15,102.55000305175781,103.0199966430664,101.94000244140625,101.98999786376953,607500,100.86663818359375
2024-02-16,102.1500015258789,103.5,101.38999938964844,101.51000213623047,777900,100.39192962646484
2024-02-20,101.55000305175781,103.30999755859375,101.55000305175781,102.5,1008800,101.37104797363281
2024-02-21,102.37999725341797,103.2699966430664,101.44499969482422,102.16999816894531,1069100,101.04467010498047
2024-02-22,103.58999633789062,105.26000213623047,102.95999908447266,104.5999984741211,1553900,103.44788360595703
2024-02-23,104.69999694824219,105.51000213623047,104.33000183105469,105.08999633789062,541600,103.93251037597656
2024-02-26,105.0,105.87000274658203,104.87000274658203,105.20999908447266,561100,104.0511703491211
2024-02-27,105.2699966430664,105.41000366210938,104.33000183105469,105.11000061035156,619800,103.9522705078125
2024-02-28,104.97000122070312,106.43000030517578,104.59500122070312,105.94000244140625,593100,104.77313232421875
2024-02-29,108.04000091552734,108.04000091552734,104.4749984741211,105.81999969482422,1233400,104.75334930419922
2024-03-01,105.66000366210938,105.73999786376953,102.95999908447266,104.80999755859375,1351800,103.75352478027344
2024-03-04,105.36000061035156,106.69499969482422,104.9000015258789,105.69000244140625,813000,104.6246566772461
2024-03-05,105.0,106.72000122070312,104.25,104.70999908447266,620100,103.65452575683594
2024-03-06,103.69000244140625,104.43000030517578,102.4000015258789,104.0999984741211,1235800,103.0506820678711
2024-03-07,104.80000305175781,105.7699966430664,103.47000122070312,103.5999984741211,592800,102.55571746826172
2024-03-08,103.44999694824219,104.76000213623047,102.83000183105469,102.87999725341797,618300,101.84297943115234
2024-03-11,103.06999969482422,103.47000122070312,101.86599731445312,103.18000030517578,582400,102.13993835449219
2024-03-12,103.48999786376953,104.80500030517578,103.2300033569336,104.04000091552734,906300,102.99127960205078
2024-03-13,104.05000305175781,105.125,103.58000183105469,104.6500015258789,500400,103.59513092041016
2024-03-14,104.27999877929688,104.7300033569336,103.62999725341797,104.66000366210938,553700,103.60504150390625
2024-03-15,104.16999816894531,105.12999725341797,103.88999938964844,104.19000244140625,651200,103.1397705078125
2024-03-18,104.20999908447266,105.08000183105469,103.04000091552734,103.81999969482422,561900,102.77350616455078
2024-03-19,103.3499984741211,104.44000244140625,102.69000244140625,103.63999938964844,962600,102.5953140258789
2024-03-20,103.30999755859375,104.75499725341797,102.63999938964844,104.23999786376953,780700,103.18927001953125
2024-03-21,104.52999877929688,106.08999633789062,104.47000122070312,105.62999725341797,741500,104.56526184082031
2024-03-22,105.54000091552734,106.1500015258789,104.62999725341797,105.2300033569336,519800,104.16929626464844
2024-03-25,105.44999694824219,105.69000244140625,104.2699966430664,104.86000061035156,558400,103.80302429199219
2024-03-26,105.3499984741211,107.3499984741211,104.70700073242188,107.20999908447266,942000,106.12934112548828
2024-03-27,107.81999969482422,107.86000061035156,103.94999694824219,104.4000015258789,660300,103.34765625
2024-03-28,104.58999633789062,105.20999908447266,104.12000274658203,104.16999816894531,717800,103.11997985839844
2024-04-01,104.19999694824219,104.93000030517578,102.41999816894531,103.54000091552734,907400,102.49632263183594
2024-04-02,103.43000030517578,103.43000030517578,101.1500015258789,101.30999755859375,812500,100.28880310058594
2024-04-03,101.01000213623047,101.55500030517578,100.12999725341797,100.33000183105469,1015500,99.31867980957031
2024-04-04,101.38999938964844,102.13500213623047,100.05000305175781,100.0999984741211,1007000,99.09101104736328
2024-04-05,100.66999816894531,102.44999694824219,100.05000305175781,102.4000015258789,897000,101.36782836914062
2024-04-08,104.70999908447266,104.70999908447266,100.81999969482422,102.0199966430664,1022700,100.99163055419922
2024-04-09,102.66000366210938,103.58000183105469,101.91999816894531,103.02999877929688,1047900,101.99147033691406
2024-04-10,102.27999877929688,104.02999877929688,102.2699966430664,103.18000030517578,666300,102.13993835449219
2024-04-11,103.27999877929688,103.55000305175781,102.30999755859375,103.01000213623047,508700,101.97167205810547
2024-04-12,102.77999877929688,102.91999816894531,101.47000122070312,102.12999725341797,788500,101.10054016113281
2024-04-15,102.83999633789062,103.19000244140625,98.93000030517578,99.75,902400,98.7445297241211
2024-04-16,100.04000091552734,101.11000061035156,99.0999984741211,100.6500015258789,642300,99.63545227050781
2024-04-17,100.81999969482422,100.97000122070312,98.93800354003906,100.30999755859375,590600,99.29888153076172
2024-04-18,101.26000213623047,101.62999725341797,99.94000244140625,101.0,451200,99.98194122314453
2024-04-19,101.02999877929688,101.54000091552734,100.72000122070312,101.05000305175781,544000,100.03141784667969
2024-04-22,101.36000061035156,102.4800033569336,100.88999938964844,101.62000274658203,511900,100.5956802368164
2024-04-23,101.91999816894531,102.33000183105469,100.54000091552734,101.83000183105469,786000,100.8035659790039
2024-04-24,101.83999633789062,103.19999694824219,101.19999694824219,102.95999908447266,1269500,101.92218017578125
2024-04-25,102.12000274658203,106.13999938964844,101.19000244140625,102.1500015258789,1205600,101.12035369873047
2024-04-26,103.12000274658203,103.12000274658203,100.87999725341797,101.83999633789062,582900,100.81346130371094
2024-04-29,102.05000305175781,102.33999633789062,100.73999786376953,101.5,1055700,100.47689819335938
2024-04-30,102.1500015258789,102.58999633789062,100.37999725341797,101.70999908447266,919600,100.68477630615234
2024-05-01,101.26000213623047,104.87999725341797,101.05000305175781,103.88999938964844,1420500,102.8427963256836
2024-05-02,104.83000183105469,105.8499984741211,103.37000274658203,105.5,856000,104.43656921386719
2024-05-03,105.68000030517578,105.68000030517578,102.2249984741211,104.54000091552734,1074000,103.48624420166016
2024-05-06,105.1500015258789,109.3499984741211,105.1500015258789,109.25,1274800,108.14876556396484
2024-05-07,110.0,111.5,109.41000366210938,110.37999725341797,1425200,109.26737213134766
2024-05-08,110.25,111.68000030517578,109.38999938964844,111.30000305175781,964200,110.1781005859375
2024-05-09,111.43000030517578,113.37000274658203,111.43000030517578,113.31999969482422,1108900,112.17774200439453
2024-05-10,113.0,114.06999969482422,110.36000061035156,110.41000366210938,970000,109.29708099365234
2024-05-13,110.86000061035156,111.83999633789062,109.66999816894531,109.75,722900,108.64373779296875
2024-05-14,109.25,111.3499984741211,108.16999816894531,111.25,728200,110.12860870361328
2024-05-15,111.94999694824219,113.5,111.6500015258789,112.66000366210938,1013000,111.5243911743164
2024-05-16,112.63999938964844,113.22000122070312,111.87999725341797,112.38999938964844,918100,111.25711822509766
2024-05-17,113.0,113.06500244140625,111.58399963378906,112.80999755859375,775400,111.67288208007812
2024-05-20,112.70999908447266,113.05000305175781,110.75,110.81999969482422,992400,109.70294189453125
2024-05-21,110.69000244140625,111.66000366210938,110.3290023803711,111.29000091552734,826100,110.168212890625
2024-05-22,111.31999969482422,111.86000061035156,110.54000091552734,110.5999984741211,615300,109.48516082763672
2024-05-23,110.76000213623047,111.42500305175781,110.29000091552734,110.69000244140625,711200,109.57425689697266
2024-05-24,110.80000305175781,112.9000015258789,110.54000091552734,112.25,586400,111.11852264404297
2024-05-28,112.25,112.94000244140625,110.30000305175781,110.58000183105469,966900,109.46537017822266
2024-05-29,109.94999694824219,110.16000366210938,108.36000061035156,108.4800033569336,967100,107.38654327392578
2024-05-30,108.30999755859375,110.62000274658203,107.5,108.47000122070312,814600,107.37664794921875
2024-05-31,109.29000091552734,109.68000030517578,107.18000030517578,109.01000213623047,1357100,107.91119384765625
2024-06-03,109.55000305175781,109.55000305175781,105.94999694824219,107.08999633789062,1031100,106.10787963867188
2024-06-04,106.98999786376953,108.29000091552734,106.53700256347656,107.94000244140625,662900,106.9500961303711
2024-06-05,107.79000091552734,108.16999816894531,106.01000213623047,107.20999908447266,674900,106.2267837524414
2024-06-06,107.5,107.5250015258789,105.52999877929688,106.18000030517578,929400,105.20624542236328
2024-06-07,105.69999694824219,106.70999908447266,105.08000183105469,105.30999755859375,840000,104.34420776367188
2024-06-10,105.2699966430664,107.77400207519531,104.44999694824219,104.75,932700,103.78934478759766
2024-06-11,104.06999969482422,105.4800033569336,103.93299865722656,104.88999938964844,839300,103.92804718017578
2024-06-12,105.4000015258789,105.50499725341797,103.06999969482422,103.54000091552734,615600,102.59043884277344
2024-06-13,103.30999755859375,104.41000366210938,101.16000366210938,101.47000122070312,794300,100.5394287109375
2024-06-14,101.02999877929688,104.63300323486328,101.02999877929688,104.30999755859375,755900,103.35337829589844
2024-06-17,104.37000274658203,105.05500030517578,103.63999938964844,104.0,822800,103.04621124267578
2024-06-18,104.01000213623047,106.05500030517578,103.19000244140625,105.08000183105469,593800,104.11631774902344
2024-06-20,103.86000061035156,105.91000366210938,103.29000091552734,105.86000061035156,631000,104.88916015625
2024-06-21,105.72000122070312,105.95500183105469,104.66300201416016,105.72000122070312,1050700,104.75044250488281
2024-06-24,106.01000213623047,106.9800033569336,104.27999877929688,104.4000015258789,563100,103.44256591796875
2024-06-25,104.54000091552734,104.86499786376953,103.51499938964844,103.88999938964844,745500,102.9372329711914
2024-06-26,103.36000061035156,106.25,102.79000091552734,105.9800033569336,737400,105.00806427001953
2024-06-27,105.9800033569336,107.3499984741211,105.052001953125,106.69000244140625,583900,105.71155548095703
2024-06-28,106.22000122070312,106.86000061035156,105.08999633789062,106.0,1366900,105.02787780761719
2024-07-01,106.36000061035156,106.51000213623047,104.22000122070312,105.08000183105469,611900,104.11631774902344
2024-07-02,105.75,107.11000061035156,105.51000213623047,105.75,704600,104.78016662597656
2024-07-03,105.55000305175781,106.87999725341797,103.58000183105469,106.58000183105469,330500,105.60255432128906
2024-07-05,106.58000183105469,106.86000061035156,105.69000244140625,106.48999786376953,549400,105.51338958740234
2024-07-08,106.48999786376953,106.66999816894531,104.94000244140625,105.0999984741211,627400,104.1361312866211
2024-07-09,105.0999984741211,105.18000030517578,103.43000030517578,104.25,661600,103.29393005371094
2024-07-10,104.58000183105469,105.8499984741211,104.44499969482422,105.05000305175781,631100,104.08660888671875
2024-07-11,105.11000061035156,105.33999633789062,103.76499938964844,105.0,1060700,104.03705596923828
2024-07-12,105.08999633789062,105.62999725341797,104.61000061035156,104.94000244140625,589100,103.97759246826172
2024-07-15,105.06999969482422,107.66000366210938,105.06999969482422,106.6500015258789,851400,105.67192840576172
2024-07-16,106.79000091552734,107.81999969482422,106.5,107.75,535200,106.76183319091797
2024-07-17,107.79000091552734,108.41000366210938,106.5,108.01000213623047,967600,107.01945495605469
2024-07-18,108.81999969482422,109.4000015258789,108.5,109.0,739300,108.00037384033203
2024-07-19,109.0999984741211,109.62000274658203,108.19999694824219,109.4000015258789,892800,108.3967056274414
2024-07-22,110.0,110.5,109.05000305175781,109.87999725341797,747800,108.87230682373047
2024-07-23,110.77999877929688,111.75,109.69000244140625,109.97000122070312,794100,108.96147155761719
2024-07-24,109.30000305175781,109.58999633789062,107.5999984741211,108.0999984741211,1152900,107.10860443115234
2024-07-25,104.61199951171875,107.43000030517578,104.20999908447266,104.98999786376953,1975200,104.02715301513672
2024-07-26,105.4800033569336,107.1500015258789,104.91999816894531,106.83999633789062,1144900,105.86018371582031
2024-07-29,106.45999908447266,107.69999694824219,105.91999816894531,107.43000030517578,770800,106.44475555419922
2024-07-30,107.94999694824219,110.25,107.94999694824219,110.12000274658203,646500,109.11009216308594
2024-07-31,110.94000244140625,112.94000244140625,110.55000305175781,111.68000030517578,1181400,110.65579223632812
2024-08-01,111.86000061035156,112.87999725341797,110.3550033569336,110.69000244140625,444300,109.67486572265625
2024-08-02,109.38999938964844,110.13999938964844,108.27999877929688,109.87000274658203,633100,108.8624038696289
2024-08-05,106.45999908447266,108.56999969482422,104.98999786376953,106.91000366210938,712000,105.92953491210938
2024-08-06,106.80999755859375,110.5999984741211,106.80999755859375,110.0,779000,108.99119567871094
2024-08-07,110.72000122070312,111.86000061035156,109.83000183105469,110.62999725341797,695000,109.61541748046875
2024-08-08,111.79000091552734,113.91999816894531,111.0199966430664,113.27999877929688,803000,112.24111938476562
2024-08-09,113.44000244140625,115.4749984741211,112.51000213623047,115.4000015258789,597000,114.34166717529297
2024-08-12,116.0,116.1500015258789,114.19000244140625,115.3499984741211,563400,114.29212951660156
2024-08-13,115.80999755859375,116.48999786376953,114.38999938964844,115.97000122070312,626800,114.90644836425781
2024-08-14,116.44000244140625,117.54900360107422,116.20999908447266,116.88999938964844,657200,115.8180160522461
2024-08-15,117.69000244140625,118.06999969482422,114.26000213623047,114.83000183105469,852300,113.77690887451172
2024-08-16,114.94000244140625,116.80999755859375,114.86499786376953,116.01000213623047,468400,114.94609069824219
2024-08-19,116.0999984741211,116.79000091552734,115.55999755859375,116.33000183105469,432900,115.26315307617188
2024-08-20,116.5199966430664,116.68000030517578,114.927001953125,115.83999633789062,368200,114.77763366699219
2024-08-21,115.83999633789062,117.2699966430664,115.02999877929688,116.30999755859375,687900,115.24333190917969
2024-08-22,115.9000015258789,117.45999908447266,115.45999908447266,117.16000366210938,504800,116.08554077148438
2024-08-23,117.91999816894531,118.68000030517578,115.88999938964844,117.44999694824219,503600,116.37285614013672
2024-08-26,118.0999984741211,118.49500274658203,116.71499633789062,117.19000244140625,469600,116.1152572631836
2024-08-27,117.25,118.30999755859375,116.875,117.20999908447266,551700,116.13507080078125
2024-08-28,117.23999786376953,118.125,116.02999877929688,116.45999908447266,509400,115.3919448852539
2024-08-29,117.01000213623047,118.0,116.7699966430664,117.23999786376953,395400,116.164794921875
2024-08-30,117.33000183105469,118.5,116.77999877929688,118.23999786376953,530500,117.15563201904297
2024-09-03,118.0199966430664,118.4000015258789,116.4800033569336,117.55000305175781,520300,116.57054901123047
2024-09-04,117.55000305175781,118.80000305175781,116.45999908447266,116.88999938964844,403000,115.9160385131836
2024-09-05,117.0,117.94000244140625,115.27999877929688,117.61000061035156,959900,116.63003540039062
2024-09-06,113.7300033569336,114.20999908447266,110.62000274658203,111.80999755859375,1932100,110.87837219238281
2024-09-09,112.87000274658203,115.11000061035156,112.0999984741211,113.9000015258789,990700,112.95095825195312
2024-09-10,113.45999908447266,115.25,112.94000244140625,113.98999786376953,605100,113.04020690917969
2024-09-11,114.30999755859375,114.69999694824219,112.43000030517578,114.5,484800,113.54595184326172
2024-09-12,114.58999633789062,116.44999694824219,113.11000061035156,116.43000030517578,473300,115.45987701416016
2024-09-13,116.87999725341797,117.94999694824219,115.98999786376953,117.54000091552734,469200,116.56063079833984
2024-09-16,117.52999877929688,119.66000366210938,117.51000213623047,119.55000305175781,498200,118.55388641357422
2024-09-17,119.73999786376953,120.11000061035156,117.20999908447266,118.5199966430664,813700,117.53246307373047
2024-09-18,119.11000061035156,120.0250015258789,116.79000091552734,118.81999969482422,663300,117.82996368408203
2024-09-19,120.0999984741211,120.70999908447266,118.86000061035156,120.37999725341797,660400,119.37696075439453
2024-09-20,120.0,120.28299713134766,118.27999877929688,119.4800033569336,966300,118.48446655273438
2024-09-23,120.38999938964844,121.45999908447266,119.91000366210938,121.05999755859375,617700,120.05128479003906
2024-09-24,120.8499984741211,122.06999969482422,119.91999816894531,121.91999816894531,649800,120.90412902832031
2024-09-25,122.43000030517578,123.41000366210938,120.94999694824219,121.43000030517578,668500,120.41822052001953
2024-09-26,123.05999755859375,123.31999969482422,121.37000274658203,121.6500015258789,792300,120.63638305664062
2024-09-27,121.0999984741211,122.87000274658203,120.84500122070312,121.75,507300,120.73554992675781
2024-09-30,121.26000213623047,123.75,120.9800033569336,123.66999816894531,974200,122.63955688476562
2024-10-01,123.68000030517578,125.76000213623047,122.27999877929688,124.8499984741211,706500,123.80972290039062
2024-10-02,124.31999969482422,127.26000213623047,123.6449966430664,126.79000091552734,841200,125.7335433959961
2024-10-03,126.72000122070312,128.05999755859375,125.01000213623047,125.66000366210938,831300,124.61296844482422
2024-10-04,126.0,132.0,125.94999694824219,131.41000366210938,1080000,130.3150634765625
2024-10-07,132.2899932861328,133.83999633789062,131.97999572753906,132.57000732421875,1321700,131.46539306640625
2024-10-08,133.57000732421875,134.05999755859375,132.7899932861328,133.4600067138672,651700,132.34799194335938
2024-10-09,134.11000061035156,134.44000244140625,133.07000732421875,133.61000061035156,980400,132.4967498779297
2024-10-10,133.3800048828125,134.27999877929688,132.80999755859375,133.13999938964844,698000,132.0306396484375
2024-10-11,133.13999938964844,134.27000427246094,132.77000427246094,133.44000244140625,537100,132.32815551757812
2024-10-14,133.8699951171875,135.30999755859375,133.8699951171875,135.07000732421875,921000,133.94456481933594
2024-10-15,132.6199951171875,136.13499450683594,131.30999755859375,134.49000549316406,938500,133.369384765625
2024-10-16,134.6699981689453,135.4199981689453,132.0800018310547,133.6999969482422,1208400,132.58596801757812
2024-10-17,134.6699981689453,134.8699951171875,132.6199951171875,132.75,861400,131.64389038085938
2024-10-18,133.42999267578125,134.0399932861328,132.9199981689453,133.0399932861328,676900,131.9314727783203
2024-10-21,132.85000610351562,134.5749969482422,132.61500549316406,134.47000122070312,859200,133.34957885742188
2024-10-22,133.25,134.02999877929688,132.2899932861328,133.1300048828125,804700,132.020751953125
2024-10-23,133.08999633789062,133.69000244140625,131.6699981689453,132.30999755859375,851700,131.2075653076172
2024-10-24,132.1199951171875,133.3300018310547,132.0399932861328,133.22999572753906,493700,132.11988830566406
2024-10-25,133.66000366210938,134.10000610351562,131.75999450683594,132.5,552900,131.39598083496094
2024-10-28,133.16000366210938,133.58999633789062,131.24000549316406,131.25999450683594,1075600,130.1663055419922
2024-10-29,131.77000427246094,133.25,130.64999389648438,131.4499969482422,1383300,130.35470581054688
2024-10-30,132.2899932861328,132.2899932861328,128.10000610351562,128.7899932861328,1233400,127.7168960571289
2024-10-31,128.33999633789062,128.63999938964844,126.06999969482422,127.0,1015500,125.94181060791016
2024-11-01,127.06999969482422,128.13999938964844,126.2699966430664,126.9000015258789,684700,125.84264373779297
2024-11-04,126.76000213623047,127.48999786376953,126.16999816894531,127.05999755859375,562900,126.00130462646484
2024-11-05,127.0,129.3800048828125,127.0,129.02999877929688,657800,127.95489501953125
2024-11-06,133.0,133.0,125.16000366210938,128.2899932861328,1677500,127.2210464477539
2024-11-07,129.05999755859375,131.5,129.05999755859375,129.85000610351562,753900,128.76805114746094
2024-11-08,130.3000030517578,132.8800048828125,130.3000030517578,131.92999267578125,715100,130.8307342529297
2024-11-11,132.3300018310547,132.83999633789062,129.4600067138672,129.5500030517578,726600,128.47056579589844
2024-11-12,129.5399932861328,130.22000122070312,127.64800262451172,128.9600067138672,1165900,127.88546752929688
2024-11-13,129.4600067138672,129.4600067138672,127.19999694824219,127.37000274658203,584500,126.30872344970703
2024-11-14,128.07000732421875,130.11000061035156,127.02999877929688,128.6999969482422,668000,127.62763977050781
2024-11-15,128.35000610351562,130.27999877929688,127.80000305175781,128.85000610351562,687100,127.77639770507812
2024-11-18,128.7100067138672,130.9499969482422,128.7100067138672,130.5800018310547,555900,129.49197387695312
2024-11-19,129.9600067138672,134.89999389648438,129.9600067138672,134.4600067138672,1262600,133.3396759033203
2024-11-20,135.83999633789062,137.44000244140625,133.1300048828125,135.0,987200,133.87515258789062
2024-11-21,135.24000549316406,135.8300018310547,132.02999877929688,135.07000732421875,999300,133.94456481933594
2024-11-22,134.9199981689453,136.22999572753906,134.27000427246094,135.99000549316406,814900,134.85691833496094
2024-11-25,136.80999755859375,138.25,134.2899932861328,135.0,1144400,133.87515258789062
2024-11-26,135.1999969482422,136.9600067138672,134.08999633789062,136.32000732421875,881100,135.1841583251953
2024-11-27,137.4499969482422,137.92999267578125,135.08999633789062,136.0399932861328,447400,134.9064483642578
2024-11-29,136.07000732421875,136.75999450683594,135.1300048828125,135.5,323500,134.37095642089844
2024-12-02,135.77000427246094,136.2100067138672,134.00999450683594,134.47999572753906,621900,133.45797729492188
2024-12-03,134.82000732421875,135.7100067138672,134.1199951171875,134.3000030517578,584300,133.2793426513672
2024-12-04,134.60000610351562,134.97000122070312,133.17999267578125,134.36000061035156,610300,133.3389129638672
2024-12-05,135.02000427246094,141.68699645996094,134.5500030517578,136.1199951171875,1412900,135.08551025390625
2024-12-06,136.0,137.36000061035156,130.16000366210938,130.83999633789062,1121300,129.84561157226562
2024-12-09,131.00999450683594,131.25,127.125,127.30999755859375,976300,126.34246063232422
2024-12-10,127.23999786376953,128.9499969482422,125.05999755859375,127.87000274658203,1031900,126.8982162475586
2024-12-11,128.22000122070312,131.1300048828125,126.94999694824219,130.77999877929688,1507600,129.78611755371094
2024-12-12,131.7899932861328,133.32000732421875,131.14999389648438,132.47999572753906,944100,131.4731903076172
2024-12-13,132.8800048828125,133.9720001220703,130.61000061035156,131.5,972300,130.50062561035156
2024-12-16,131.4199981689453,133.94000244140625,131.4199981689453,133.5399932861328,995600,132.5251007080078
2024-12-17,133.47999572753906,134.1999969482422,131.07000732421875,133.2899932861328,819300,132.2770233154297
2024-12-18,132.6300048828125,134.0,130.24000549316406,130.44000244140625,983400,129.4486846923828
2024-12-19,130.14999389648438,131.85000610351562,130.0,130.3300018310547,770400,129.3395233154297
2024-12-20,130.38999938964844,134.24000549316406,130.14999389648438,132.72999572753906,1319200,131.7212677001953
2024-12-23,131.8300018310547,133.6300048828125,130.5850067138672,133.30999755859375,517900,132.29685974121094
2024-12-24,133.4499969482422,134.88499450683594,133.06100463867188,134.3000030517578,163700,133.2793426513672
2024-12-26,134.2100067138672,135.50999450683594,132.47999572753906,135.39999389648438,334600,134.37095642089844
2024-12-27,134.50999450683594,134.97999572753906,133.39999389648438,134.92999267578125,380000,133.90455627441406
2024-12-30,133.5500030517578,134.82000732421875,131.52000427246094,133.1199951171875,405500,132.10829162597656
2024-12-31,133.05999755859375,133.05999755859375,129.2480010986328,130.9199981689453,839100,129.92503356933594
2025-01-02,131.00999450683594,131.88999938964844,129.08999633789062,131.3300018310547,715800,130.3319091796875
2025-01-03,131.32000732421875,135.1300048828125,131.13999938964844,134.42999267578125,945000,133.4083709716797
2025-01-06,134.52999877929688,134.60000610351562,131.2050018310547,132.05999755859375,960200,131.0563507080078
2025-01-07,132.4600067138672,133.7050018310547,130.4199981689453,132.58999633789062,1051000,131.5823516845703
2025-01-08,132.8000030517578,134.8699951171875,131.5800018310547,134.05999755859375,754800,133.04115295410156
2025-01-10,134.5,135.02000427246094,129.6699981689453,131.0800018310547,922900,130.08383178710938
2025-01-13,130.42999267578125,131.92999267578125,129.83999633789062,129.97999572753906,667600,128.99215698242188
2025-01-14,130.5399932861328,133.1199951171875,129.72999572753906,131.92999267578125,845000,130.92733764648438
2025-01-15,133.33999633789062,134.2100067138672,126.0199966430664,129.07000732421875,1830000,128.08909606933594
2025-01-16,130.52000427246094,131.73500061035156,129.0399932861328,131.16000366210938,698500,130.1632080078125
2025-01-17,132.0,132.0,128.97999572753906,129.02000427246094,780900,128.0394744873047
2025-01-21,129.8699951171875,129.8699951171875,126.91999816894531,127.91000366210938,1154900,126.93791198730469
2025-01-22,128.0,129.05999755859375,127.08000183105469,128.57000732421875,1164600,127.59288787841797
2025-01-23,128.00999450683594,131.0500030517578,128.00999450683594,131.0,831100,130.0044403076172
2025-01-24,131.07000732421875,132.13999938964844,130.38999938964844,131.0,866000,130.0044403076172
2025-01-27,130.0,130.0,127.0199966430664,128.13999938964844,807400,127.1661605834961
2025-01-28,128.0800018310547,129.99000549316406,127.16000366210938,128.8800048828125,551600,127.90052795410156
2025-01-29,128.41000366210938,129.5,125.91999816894531,127.87000274658203,782600,126.8982162475586
2025-01-30,129.17999267578125,130.07000732421875,127.625,127.93000030517578,663100,126.95774841308594
2025-01-31,127.94000244140625,128.47999572753906,126.16500091552734,126.9000015258789,1817100,125.93558502197266
2025-02-03,124.20999908447266,127.80999755859375,123.80999755859375,127.55999755859375,1127100,126.59056091308594
2025-02-04,127.33999633789062,128.30999755859375,125.62000274658203,125.69000244140625,1043200,124.73477935791016
2025-02-05,125.8499984741211,126.80000305175781,124.19000244140625,125.18000030517578,1259500,124.22865295410156
2025-02-06,127.7699966430664,128.52499389648438,123.27999877929688,123.41999816894531,1623000,122.48202514648438
2025-02-07,123.0,124.80500030517578,122.30999755859375,124.3499984741211,1873400,123.40495300292969
2025-02-10,124.70999908447266,128.35000610351562,124.70999908447266,125.05999755859375,1570500,124.10955810546875
2025-02-11,124.45999908447266,124.98999786376953,122.52999877929688,124.44999694824219,1097600,123.50418853759766
2025-02-12,124.13999938964844,127.35800170898438,124.05999755859375,126.9000015258789,1091600,125.93558502197266
2025-02-13,127.08999633789062,128.77000427246094,126.54000091552734,128.35000610351562,1113000,127.37457275390625
2025-02-14,127.37999725341797,128.0,125.61199951171875,127.02999877929688,1046800,126.06459045410156
2025-02-18,127.69000244140625,127.69000244140625,126.01000213623047,127.25,733100,126.28292083740234
2025-02-19,127.44999694824219,129.80999755859375,127.04000091552734,129.57000732421875,1031800,128.58526611328125
2025-02-20,129.22999572753906,131.73500061035156,128.3300018310547,129.8800048828125,1500400,128.8929443359375
2025-02-21,129.8800048828125,134.85000610351562,129.69000244140625,134.14999389648438,2071500,133.1304931640625
2025-02-24,133.97000122070312,134.16000366210938,131.41099548339844,132.27999877929688,1268200,131.27468872070312
2025-02-25,132.52999877929688,133.4600067138672,129.32000732421875,132.1199951171875,1135000,131.1158905029297
2025-02-26,132.02000427246094,133.51499938964844,130.9199981689453,131.00999450683594,698900,130.0143585205078
2025-02-27,131.85000610351562,134.13999938964844,130.94000244140625,131.0800018310547,785000,130.08383178710938
2025-02-28,131.14999389648438,135.6699981689453,131.14999389648438,135.3699951171875,1276200,134.34120178222656
2025-03-03,136.3800048828125,140.47999572753906,136.13999938964844,137.0500030517578,1591600,136.12913513183594
2025-03-04,136.52999877929688,137.0,132.6699981689453,133.52000427246094,889600,132.62283325195312
2025-03-05,133.74000549316406,139.4499969482422,133.39999389648438,135.08999633789062,620600,134.1822967529297
2025-03-06,132.24000549316406,134.6999969482422,130.0,132.8300018310547,1096700,131.93746948242188
2025-03-07,132.8000030517578,134.0399932861328,130.32000732421875,133.22999572753906,890600,132.33477783203125
2025-03-10,131.63999938964844,134.33999633789062,131.0399932861328,133.05999755859375,1021300,132.16592407226562
2025-03-11,133.55999755859375,137.11000061035156,133.4499969482422,135.2899932861328,1557300,134.38095092773438
2025-03-12,136.6699981689453,136.8300018310547,132.88499450683594,133.3000030517578,1264500,132.40431213378906
2025-03-13,132.58999633789062,134.32000732421875,132.35000610351562,133.64999389648438,667900,132.751953125
2025-03-14,133.94000244140625,135.91000366210938,133.94000244140625,135.8000030517578,844500,134.88751220703125
2025-03-17,135.94000244140625,142.22999572753906,135.625,141.57000732421875,993900,140.61874389648438
2025-03-18,140.6999969482422,142.77999877929688,139.13900756835938,140.42999267578125,1188200,139.48638916015625
2025-03-19,140.27000427246094,142.4550018310547,139.0,142.27000427246094,1063200,141.31405639648438
2025-03-20,141.16000366210938,143.82000732421875,140.7899932861328,143.0,1337200,142.03912353515625
2025-03-21,141.72999572753906,142.90499877929688,140.47000122070312,142.41000366210938,1472800,141.45310974121094
2025-03-24,142.88999938964844,144.86000061035156,142.86000061035156,144.0800018310547,931600,143.1118927001953
2025-03-25,144.55999755859375,145.74000549316406,143.38999938964844,145.5399932861328,778000,144.5620880126953
2025-03-26,145.63999938964844,146.30999755859375,143.9499969482422,145.36000061035156,550600,144.38327026367188
2025-03-27,144.77000427246094,147.4149932861328,144.13999938964844,146.25999450683594,659000,145.2772216796875
2025-03-28,145.80999755859375,146.99000549316406,144.14999389648438,146.77000427246094,1193200,145.7838134765625
2025-03-31,145.52999877929688,148.97999572753906,145.50999450683594,148.4600067138672,1699700,147.46243286132812
2025-04-01,148.52000427246094,150.30999755859375,147.11000061035156,147.9499969482422,1436000,146.9558868408203
2025-04-02,146.83999633789062,150.6999969482422,146.3699951171875,148.49000549316406,1606200,147.4922637939453
2025-04-03,147.17999267578125,152.64999389648438,146.50999450683594,149.02000427246094,1765700,148.01869201660156
2025-04-04,144.5800018310547,146.0,130.30999755859375,130.60000610351562,2665500,129.72247314453125
2025-04-07,127.5999984741211,132.50999450683594,123.69000244140625,130.9600067138672,2679900,130.08004760742188
2025-04-08,131.99000549316406,133.5500030517578,124.19000244140625,125.47000122070312,2066800,124.62692260742188
2025-04-09,125.33000183105469,128.55999755859375,119.43499755859375,128.02000427246094,3377500,127.1597900390625
2025-04-10,126.91000366210938,128.13999938964844,122.58000183105469,125.37000274658203,1376100,124.52759552001953
2025-04-11,125.19999694824219,128.41000366210938,122.84300231933594,128.0800018310547,1673000,127.21939086914062
2025-04-14,130.5800018310547,131.85000610351562,129.22999572753906,131.24000549316406,854300,130.35813903808594
2025-04-15,131.75,133.77999877929688,131.4949951171875,133.61000061035156,1005200,132.71221923828125
2025-04-16,133.33999633789062,134.89999389648438,132.4499969482422,134.52000427246094,1900100,133.61611938476562
2025-04-17,134.7899932861328,136.28500366210938,133.3800048828125,134.3800048828125,762600,133.47705078125
2025-04-21,133.10000610351562,133.10000610351562,128.13999938964844,129.4600067138672,681100,128.59011840820312
2025-04-22,130.38999938964844,133.08999633789062,130.13999938964844,132.6999969482422,1016100,131.80833435058594
2025-04-23,135.25,135.97999572753906,132.5,133.66000366210938,967000,132.7618865966797
2025-04-24,133.67999267578125,135.60000610351562,132.24000549316406,135.02999877929688,890500,134.12269592285156
2025-04-25,134.3300018310547,135.9409942626953,133.44000244140625,135.2899932861328,711100,134.38095092773438
2025-04-28,136.22000122070312,137.5399932861328,135.0800018310547,136.49000549316406,800200,135.5728759765625
2025-04-29,136.1300048828125,138.07000732421875,135.30999755859375,137.3800048828125,1066100,136.45692443847656
2025-04-30,134.75,138.63999938964844,131.0,138.3000030517578,2023300,137.37069702148438
2025-05-01,137.97999572753906,139.1199951171875,135.60299682617188,138.07000732421875,1260200,137.14227294921875
2025-05-02,139.17999267578125,142.1999969482422,139.17999267578125,141.86000061035156,953000,140.9067840576172
2025-05-05,140.8699951171875,144.6300048828125,140.5800018310547,144.30999755859375,1108900,143.34031677246094
2025-05-06,140.19000244140625,144.25999450683594,140.19000244140625,143.33999633789062,1113100,142.37686157226562
2025-05-07,143.47000122070312,144.52000427246094,142.5,143.74000549316406,684700,142.77415466308594
2025-05-08,145.0,146.49000549316406,143.88999938964844,145.25,1353200,144.2740020751953
2025-05-09,145.8699951171875,147.60000610351562,145.21499633789062,147.4600067138672,1215400,146.46917724609375
2025-05-12,147.67999267578125,149.25,139.00999450683594,141.5500030517578,2314300,140.59889221191406
2025-05-13,142.1199951171875,143.67999267578125,140.6999969482422,141.41000366210938,878900,140.45982360839844
2025-05-14,141.3000030517578,142.22000122070312,139.86000061035156,140.00999450683594,787900,139.0692138671875
2025-05-15,139.97999572753906,143.61000061035156,139.11000061035156,143.5,977800,142.53578186035156
2025-05-16,142.72000122070312,146.2100067138672,142.72000122070312,145.1699981689453,840600,144.19456481933594
2025-05-19,144.63999938964844,146.4199981689453,142.9600067138672,145.4499969482422,807500,144.47265625
2025-05-20,144.64999389648438,146.92999267578125,144.25100708007812,146.81500244140625,943600,145.82850646972656
2025-05-21,146.82000732421875,148.5800018310547,145.0399932861328,145.3699951171875,787200,144.39320373535156
2025-05-22,145.25,145.3000030517578,143.94000244140625,144.08999633789062,658200,143.12179565429688
2025-05-23,143.5399932861328,146.19000244140625,142.3800048828125,145.6199951171875,673700,144.6415252685547
2025-05-27,146.05999755859375,146.86000061035156,145.23500061035156,145.91000366210938,551100,144.92958068847656
2025-05-28,145.7100067138672,146.64999389648438,143.99000549316406,144.24000549316406,527800,143.2707977294922
2025-05-29,144.39999389648438,144.63999938964844,142.8300018310547,143.41000366210938,748600,142.44638061523438
2025-05-30,143.55499267578125,144.6999969482422,142.76499938964844,144.4499969482422,1500000,143.4793701171875
2025-06-02,143.57000732421875,144.60000610351562,142.3300018310547,144.52999877929688,707200,143.67819213867188
2025-06-03,143.82000732421875,143.9149932861328,138.4149932861328,139.38999938964844,1903700,138.56851196289062
2025-06-04,139.5399932861328,139.6999969482422,138.19500732421875,138.25999450683594,1134700,137.44515991210938
2025-06-05,139.07000732421875,140.3699951171875,137.02999877929688,139.86000061035156,1274900,139.03575134277344
2025-06-06,140.60000610351562,142.5050048828125,139.39500427246094,140.0500030517578,953600,139.22462463378906
2025-06-09,141.11000061035156,141.11000061035156,135.36000061035156,137.42999267578125,1285900,136.62002563476562
2025-06-10,137.5,137.55499267578125,134.39999389648438,135.6300048828125,1044000,134.8306884765625
2025-06-11,135.86000061035156,136.82000732421875,134.67999267578125,136.77999877929688,866000,135.973876953125
2025-06-12,136.58999633789062,139.00999450683594,136.58999633789062,138.75,1021600,137.93226623535156
2025-06-13,137.69000244140625,138.4199981689453,135.92999267578125,137.25999450683594,924600,136.4510498046875
2025-06-16,137.3000030517578,139.3800048828125,137.3000030517578,138.13999938964844,956500,137.3258514404297
2025-06-17,137.8000030517578,140.10499572753906,137.3699951171875,139.80999755859375,757100,138.9860076904297
2025-06-18,139.82000732421875,140.2949981689453,137.13999938964844,138.72000122070312,1124700,137.90245056152344
2025-06-20,138.75999450683594,142.11000061035156,137.88999938964844,139.33999633789062,1962400,138.51878356933594
2025-06-23,138.58999633789062,140.25999450683594,138.58999633789062,140.10000610351562,750700,139.27432250976562
2025-06-24,140.27000427246094,142.1199951171875,138.8800048828125,141.4600067138672,887300,140.62631225585938
2025-06-25,142.0500030517578,144.17999267578125,141.27000427246094,144.0500030517578,999300,143.20103454589844
2025-06-26,144.0500030517578,145.0399932861328,141.02000427246094,142.6300048828125,1449700,141.78941345214844
2025-06-27,143.0,145.42999267578125,141.9250030517578,144.92999267578125,2330500,144.0758514404297
2025-06-30,145.1699981689453,146.50999450683594,143.0500030517578,146.39999389648438,1544200,145.53717041015625
2025-07-01,146.39999389648438,146.39999389648438,137.35000610351562,137.82000732421875,2058900,137.00775146484375
2025-07-02,136.75999450683594,138.97000122070312,133.39999389648438,138.61000061035156,2108300,137.7930908203125
2025-07-03,139.7899932861328,139.7899932861328,136.6999969482422,138.97999572753906,969600,138.16091918945312
2025-07-07,138.8000030517578,140.25,136.7100067138672,140.10000610351562,1178400,139.27432250976562
2025-07-08,138.89999389648438,140.08999633789062,133.80999755859375,134.74000549316406,2202200,133.94590759277344
2025-07-09,134.77000427246094,136.69000244140625,133.7100067138672,136.6199951171875,1225300,135.8148193359375
2025-07-10,136.33999633789062,137.33599853515625,133.83999633789062,134.67999267578125,1475500,133.88624572753906
2025-07-11,135.16000366210938,136.8800048828125,134.75999450683594,136.07000732421875,1301900,135.26806640625
2025-07-14,136.61000061035156,138.13499450683594,135.0959930419922,136.49000549316406,1020400,135.6855926513672
2025-07-15,135.30999755859375,135.4530029296875,133.19000244140625,134.38999938964844,1096600,133.59796142578125
2025-07-16,134.47999572753906,136.33999633789062,134.0399932861328,136.13999938964844,1026100,135.337646484375
2025-07-17,136.24000549316406,138.2899932861328,135.5500030517578,138.0,931600,137.1866912841797
2025-07-18,138.75999450683594,139.02499389648438,137.60000610351562,138.0050048828125,765400,137.19166564941406
2025-07-21,138.82000732421875,138.97000122070312,134.8800048828125,134.99000549316406,1087500,134.19444274902344
2025-07-22,135.08999633789062,136.39999389648438,134.35000610351562,135.22000122070312,732000,134.42308044433594
2025-07-23,135.39999389648438,136.80999755859375,135.39999389648438,136.64500427246094,972200,135.8396759033203
2025-07-24,136.72999572753906,138.96499633789062,135.60000610351562,138.4600067138672,844800,137.6439971923828
2025-07-25,138.30999755859375,139.8699951171875,137.86000061035156,139.00999450683594,711700,138.19073486328125
2025-07-28,138.55999755859375,140.0,137.55999755859375,137.8000030517578,1230100,136.98788452148438
2025-07-29,137.8000030517578,138.97999572753906,136.60000610351562,138.30999755859375,1543100,137.49485778808594
2025-07-30,138.49000549316406,147.49000549316406,137.61500549316406,146.1199951171875,3125400,145.2588348388672
2025-07-31,143.85000610351562,144.47500610351562,138.44000244140625,138.5500030517578,2161100,137.7334442138672
2025-08-01,138.72999572753906,140.13999938964844,136.30999755859375,137.0399932861328,1163900,136.2323455810547
2025-08-04,137.1999969482422,141.1300048828125,136.61000061035156,141.0500030517578,954500,140.21873474121094
2025-08-05,141.0500030517578,141.10000610351562,138.85000610351562,140.5399932861328,1185300,139.7117156982422
2025-08-06,140.82000732421875,141.10000610351562,135.25999450683594,137.1300048828125,2142500,136.3218231201172
2025-08-07,137.77000427246094,139.30999755859375,137.08999633789062,138.3000030517578,1217400,137.4849090576172
2025-08-08,137.61000061035156,138.7100067138672,133.9600067138672,135.44000244140625,975300,134.64178466796875
2025-08-11,135.47999572753906,136.94000244140625,134.74000549316406,134.85000610351562,1075000,134.0552520751953
2025-08-12,135.5800018310547,135.5800018310547,130.1999969482422,131.10000610351562,1411300,130.3273468017578
2025-08-13,131.2899932861328,131.5850067138672,129.97000122070312,130.67999267578125,961200,129.90985107421875
2025-08-14,131.0800018310547,132.1300048828125,129.0,130.5500030517578,1053100,129.78060913085938
2025-08-15,130.1199951171875,132.02999877929688,129.86000061035156,130.1999969482422,1000300,129.4326629638672
2025-08-18,130.02000427246094,131.10000610351562,128.5500030517578,128.75999450683594,848900,128.0011444091797
2025-08-19,128.35000610351562,128.74000549316406,127.12999725341797,128.02000427246094,1176400,127.26551055908203
2025-08-20,128.25,130.72000122070312,127.38999938964844,130.41000366210938,1259800,129.6414337158203
2025-08-21,130.24000549316406,130.64999389648438,128.3800048828125,129.4499969482422,764400,128.68707275390625
2025-08-22,130.11000061035156,131.0399932861328,127.66999816894531,127.98999786376953,1790600,127.23567962646484
2025-08-25,128.3000030517578,128.7100067138672,126.1500015258789,126.20999908447266,1085600,125.46617889404297
2025-08-26,126.33000183105469,127.77999877929688,126.13500213623047,126.7699966430664,1282800,126.02287292480469
2025-08-27,126.36000061035156,127.33999633789062,125.9800033569336,126.08000183105469,1165000,125.33694458007812
2025-08-28,126.25,126.28500366210938,123.81999969482422,124.05999755859375,1525700,123.32884216308594
2025-08-29,123.91000366210938,125.06999969482422,123.22000122070312,123.36000061035156,1118500,122.63297271728516
2025-09-02,123.2300033569336,125.01000213623047,121.44000244140625,124.9800033569336,1855900,124.3644027709961
2025-09-03,124.68000030517578,127.0199966430664,123.94000244140625,126.80000305175781,1742500,126.17545318603516
2025-09-04,126.9000015258789,127.12000274658203,122.6500015258789,123.38999938964844,1791900,122.78223419189453
2025-09-05,120.55000305175781,121.7750015258789,117.26000213623047,119.08999633789062,3234300,118.50340270996094
2025-09-08,119.08999633789062,119.66999816894531,117.5999984741211,119.31999969482422,2712400,118.7322769165039
2025-09-09,119.23999786376953,120.45999908447266,118.7300033569336,119.36000061035156,1839700,118.77208709716797
2025-09-10,119.73999786376953,120.1500015258789,117.47000122070312,118.51000213623047,1075600,117.92626953125
2025-09-11,118.83999633789062,120.16000366210938,118.25,119.61000061035156,1862100,119.0208511352539
2025-09-12,120.18000030517578,120.42500305175781,117.41000366210938,117.91999816894531,1505700,117.33917999267578
2025-09-15,117.81999969482422,118.69000244140625,116.58000183105469,116.79000091552734,1273300,116.2147445678711
2025-09-16,116.70999908447266,117.72000122070312,115.90499877929688,117.23999786376953,1409300,116.66252136230469
2025-09-17,116.70999908447266,118.80999755859375,116.6500015258789,117.20999908447266,1260200,116.6326675415039
2025-09-18,116.04000091552734,116.51499938964844,112.33999633789062,112.5199966430664,2079900,111.96577453613281
2025-09-19,112.5199966430664,112.68499755859375,110.23999786376953,112.08000183105469,2474400,111.52793884277344
2025-09-22,111.55000305175781,112.41000366210938,111.01000213623047,111.97000122070312,1584800,111.41848754882812
2025-09-23,112.0,112.51300048828125,110.95999908447266,111.6500015258789,1292200,111.10005950927734
2025-09-24,111.12999725341797,112.20999908447266,110.58000183105469,110.72000122070312,997400,110.17464447021484
2025-09-25,110.94000244140625,111.86000061035156,109.81999969482422,110.5,1638500,109.95572662353516
2025-09-26,110.96499633789062,112.31999969482422,110.0999984741211,110.9800033569336,2344500,110.43335723876953
2025-09-29,110.91999816894531,111.54000091552734,110.05500030517578,111.37000274658203,1236500,110.82144165039062
2025-09-30,111.19999694824219,111.6500015258789,110.06999969482422,110.9800033569336,1181600,110.43335723876953
2025-10-01,110.2699966430664,110.30500030517578,105.83000183105469,107.5999984741211,2574200,107.06999969482422
2025-10-02,107.6500015258789,108.91000366210938,107.0,107.98999786376953,1992200,107.45808410644531
2025-10-03,107.80000305175781,111.25,107.26000213623047,109.9800033569336,2311500,109.43828582763672
2025-10-06,110.04000091552734,110.04000091552734,101.70500183105469,103.58999633789062,2650600,103.07975769042969
2025-10-07,103.73999786376953,105.05000305175781,103.05999755859375,104.58999633789062,1993900,104.0748291015625
2025-10-08,105.25,107.91000366210938,104.36000061035156,107.80999755859375,1687400,107.27897644042969
2025-10-09,108.06500244140625,108.80999755859375,107.62000274658203,108.7699966430664,1647600,108.23424530029297
2025-10-10,108.54000091552734,109.18000030517578,106.71099853515625,107.08999633789062,1192600,106.56251525878906
2025-10-13,107.08999633789062,108.5,106.4000015258789,108.3499984741211,1317900,107.81631469726562
2025-10-14,108.30999755859375,109.08000183105469,106.31999969482422,108.2300033569336,1718600,107.69690704345703
2025-10-15,108.70999908447266,110.45999908447266,107.91000366210938,107.91999816894531,1666700,107.38843536376953
2025-10-16,107.30999755859375,108.09600067138672,105.05999755859375,106.48999786376953,1882900,105.96546936035156
2025-10-17,106.5,107.41999816894531,105.91000366210938,106.91999816894531,999600,106.39335632324219
2025-10-20,107.38999938964844,109.0,106.91999816894531,108.87999725341797,1114600,108.34370422363281
2025-10-21,108.33999633789062,110.0,108.23999786376953,108.2699966430664,952100,107.73670959472656
2025-10-22,108.12999725341797,110.69000244140625,107.54000091552734,110.30000305175781,1841500,109.75670623779297
2025-10-23,110.79000091552734,111.49400329589844,109.02999877929688,110.7699966430664,1754400,110.22439575195312
2025-10-24,110.77999877929688,111.45999908447266,110.08499908447266,110.94999694824219,1753300,110.40350341796875
2025-10-27,110.81999969482422,112.23999786376953,109.70999908447266,109.83999633789062,1608700,109.2989730834961
2025-10-28,109.77999877929688,109.91000366210938,107.93000030517578,108.04000091552734,1215600,107.50785064697266
2025-10-29,107.68000030517578,108.0199966430664,105.1500015258789,105.44000244140625,1576000,104.920654296875
2025-10-30,104.48999786376953,108.45999908447266,103.5,104.1500015258789,1967800,103.63700866699219
2025-10-31,105.08999633789062,105.7699966430664,102.94999694824219,105.38999938964844,2098800,104.87089538574219
2025-11-03,105.25,106.12000274658203,102.72000122070312,105.33000183105469,1306500,104.81119537353516
2025-11-04,105.68000030517578,106.45999908447266,103.0999984741211,104.8499984741211,1676900,104.33355712890625
2025-11-05,104.86000061035156,106.13500213623047,104.06999969482422,104.41000366210938,1608000,103.89572143554688
2025-11-06,104.94000244140625,107.05500030517578,104.80500030517578,106.87999725341797,1088400,106.35355377197266
2025-11-07,106.0999984741211,109.2699966430664,105.69499969482422,109.11000061035156,1350000,108.57257080078125
2025-11-10,109.26000213623047,109.94000244140625,107.86000061035156,109.51000213623047,944700,108.9706039428711
2025-11-11,109.5,110.8499984741211,109.5,110.36000061035156,676400,109.81642150878906
2025-11-12,110.88999938964844,111.20999908447266,109.62999725341797,109.91999816894531,1335700,109.37857818603516
2025-11-13,110.18000030517578,112.11499786376953,109.61000061035156,110.02999877929688,1139600,109.488037109375
2025-11-14,109.7699966430664,110.68499755859375,108.43000030517578,109.5199966430664,1152000,108.98055267333984
2025-11-17,109.33999633789062,110.36000061035156,108.94400024414062,109.6500015258789,1351100,109.10991668701172
2025-11-18,109.26000213623047,110.55000305175781,108.84500122070312,109.62999725341797,1022800,109.09001159667969
2025-11-19,109.73999786376953,109.73999786376953,107.26000213623047,107.43000030517578,1493600,106.90084075927734
2025-11-20,108.16000366210938,108.56999969482422,106.48999786376953,106.80999755859375,1360800,106.28390502929688
2025-11-21,107.31999969482422,107.62999725341797,105.81999969482422,106.45999908447266,1374000,105.93562316894531
2025-11-24,106.69999694824219,106.97000122070312,105.0,105.0999984741211,1564400,104.58232879638672
2025-11-25,105.26000213623047,107.66000366210938,105.01499938964844,107.5,1268000,106.97048950195312
2025-11-26,107.72000122070312,108.58000183105469,107.26499938964844,107.91999816894531,799700,107.38843536376953
2025-11-28,108.11000061035156,109.4800033569336,107.76000213623047,108.86000061035156,417600,108.32380676269531
2025-12-01,108.20999908447266,108.7699966430664,105.95999908447266,106.79000091552734,1058400,106.38126373291016
2025-12-02,106.77999877929688,107.6500015258789,106.1500015258789,106.26000213623047,803000,105.85328674316406
2025-12-03,106.93000030517578,108.54000091552734,106.46700286865234,108.05999755859375,1245500,107.64640045166016
2025-12-04,109.2300033569336,109.63999938964844,106.91000366210938,107.91000366210938,1007900,107.49697875976562
2025-12-05,107.33000183105469,107.9000015258789,106.55999755859375,107.7699966430664,757100,107.35750579833984
2025-12-08,107.55000305175781,107.5999984741211,104.86000061035156,105.41999816894531,846700,105.0165023803711
2025-12-09,105.56999969482422,107.8499984741211,105.4800033569336,107.01000213623047,938700,106.60042572021484
2025-12-10,107.02999877929688,108.29000091552734,106.19999694824219,106.79000091552734,1181900,106.38126373291016
2025-12-11,106.44999694824219,108.87999725341797,106.44999694824219,108.01000213623047,841100,107.59659576416016
2025-12-12,107.33999633789062,108.16000366210938,105.87999725341797,107.16999816894531,1067300,106.75981140136719
2025-12-15,107.55999755859375,107.57499694824219,103.98500061035156,104.19999694824219,1909500,103.80117797851562
2025-12-16,104.36000061035156,104.91000366210938,103.5999984741211,103.83000183105469,1325400,103.4325942993164
2025-12-17,104.33000183105469,105.69999694824219,104.04000091552734,104.6500015258789,1406000,104.24945068359375
2025-12-18,103.20999908447266,105.41000366210938,103.08999633789062,103.45999908447266,2071700,103.06401062011719
2025-12-19,103.37999725341797,105.78500366210938,103.16000366210938,104.5199966430664,2376600,104.11994934082031
2025-12-22,104.81999969482422,106.98999786376953,104.77999877929688,106.25,1019200,105.84333038330078
2025-12-23,106.30000305175781,107.68599700927734,106.20500183105469,107.2699966430664,1161800,106.85942840576172
2025-12-24,106.97000122070312,107.87999725341797,106.26499938964844,107.23999786376953,326200,106.82954406738281
2025-12-26,107.0999984741211,107.87999725341797,106.66000366210938,107.80000305175781,648500,107.38740539550781
2025-12-29,106.94000244140625,108.81999969482422,106.94000244140625,108.2699966430664,649900,107.85559844970703
2025-12-30,107.75,108.5,107.4800033569336,107.86000061035156,740300,107.44717407226562
2025-12-31,107.86000061035156,108.43000030517578,107.3550033569336,107.54000091552734,822900,107.1283950805664
2026-01-02,107.30000305175781,107.30000305175781,105.47000122070312,106.19999694824219,1168800,105.79351806640625
2026-01-05,106.19999694824219,110.98999786376953,105.91000366210938,110.5,1490400,110.07706451416016
2026-01-06,110.5,111.88500213623047,110.36499786376953,110.72000122070312,1804000,110.29622650146484
2026-01-07,110.72000122070312,110.9800033569336,105.15499877929688,106.1500015258789,2050700,105.74372100830078
2026-01-08,106.2300033569336,107.0,103.69000244140625,103.9800033569336,1460500,103.58202362060547
2026-01-09,105.1500015258789,106.31999969482422,103.80000305175781,103.86000061035156,1320400,103.46248626708984
2026-01-12,103.41999816894531,105.10399627685547,103.41999816894531,104.93000030517578,1158800,104.52838897705078
2026-01-13,104.58000183105469,104.7750015258789,102.0,103.77999877929688,1113200,103.38278198242188
2026-01-14,103.80000305175781,105.56999969482422,103.26000213623047,105.41000366210938,1693900,105.00655364990234
2026-01-15,105.36000061035156,105.88500213623047,104.0250015258789,104.11000061035156,1518200,103.7115249633789
2026-01-16,104.13999938964844,106.33999633789062,103.08000183105469,106.26000213623047,1943000,105.85328674316406
2026-01-20,105.94999694824219,107.37000274658203,102.93000030517578,103.68000030517578,1500900,103.28316497802734
2026-01-21,104.19000244140625,104.9800033569336,103.26499938964844,103.74500274658203,1602400,103.3479232788086
2026-01-22,104.81999969482422,105.69000244140625,103.19999694824219,103.55000305175781,695800,103.1536636352539
2026-01-23,103.33999633789062,103.8499984741211,102.43499755859375,102.80000305175781,933500,102.40653991699219
2026-01-26,103.01000213623047,106.44999694824219,103.01000213623047,106.33999633789062,1220200,105.9329833984375
2026-01-27,106.70999908447266,106.70999908447266,103.22000122070312,103.8499984741211,1283600,103.4525146484375
2026-01-28,103.8499984741211,105.0199966430664,103.0999984741211,103.73999786376953,1332100,103.34294128417969
2026-01-29,104.33000183105469,105.69999694824219,102.12000274658203,103.13999938964844,2015000,102.7452392578125
2026-01-30,103.31999969482422,104.1500015258789,101.73999786376953,103.06999969482422,1512700,102.67549896240234
2026-02-02,102.5199966430664,104.12000274658203,102.0,102.83000183105469,1485600,102.4364242553711
2026-02-03,102.73999786376953,102.74500274658203,98.41000366210938,99.4800033569336,1923900,99.0992431640625
2026-02-04,99.0,101.11000061035156,97.05500030517578,100.81999969482422,1889200,100.43411254882812
2026-02-05,100.9800033569336,112.18000030517578,100.9800033569336,109.52999877929688,3378700,109.11077880859375
2026-02-06,111.0,113.72000122070312,109.55000305175781,112.12999725341797,2395600,111.7008285522461
2026-02-09,113.84500122070312,117.4489974975586,113.00800323486328,115.66000366210938,1955600,115.21732330322266
2026-02-10,115.04000091552734,117.0199966430664,113.40599822998047,116.72000122070312,1889900,116.27326202392578
2026-02-11,116.62000274658203,117.0,112.36000061035156,115.0199966430664,1627800,114.57976531982422
2026-02-12,115.75,118.4000015258789,114.66999816894531,116.01000213623047,1897600,115.56597900390625
2026-02-13,116.41000366210938,118.44000244140625,112.7249984741211,113.41000366210938,1692500,112.97593688964844
2026-02-17,114.9800033569336,116.44000244140625,113.95999908447266,114.31999969482422,1121900,113.8824462890625
2026-02-18,115.63999938964844,118.33999633789062,111.16999816894531,116.94999694824219,2509100,116.50238037109375
2026-02-19,116.94999694824219,120.43000030517578,116.08000183105469,118.94999694824219,2260000,118.49472045898438
2026-02-20,118.91999816894531,120.29000091552734,118.12999725341797,119.47000122070312,1004200,119.01273345947266
2026-02-23,119.29000091552734,120.94999694824219,117.43000030517578,118.0,1610900,117.54835510253906
2026-02-24,118.0,121.56999969482422,117.25,121.08999633789062,1607800,120.62652587890625
2026-02-25,121.12000274658203,121.30000305175781,118.83999633789062,120.75,1449000,120.28783416748047
2026-02-26,121.69000244140625,123.51000213623047,121.11000061035156,121.95999908447266,1332600,121.49320220947266
2026-02-27,121.8499984741211,123.91000366210938,120.77999877929688,123.25499725341797,1538500,122.78324890136719
2026-03-02,122.81999969482422,124.2699966430664,121.44999694824219,122.98500061035156,1293200,122.65360260009766
2026-03-03,122.30999755859375,126.6500015258789,122.05000305175781,125.61000061035156,1719000,125.27152252197266
2026-03-04,125.22000122070312,125.57499694824219,122.1500015258789,124.58000183105469,1505800,124.24430084228516
2026-03-05,124.58000183105469,126.19000244140625,123.83000183105469,124.48999786376953,1268500,124.154541015625
2026-03-06,124.43000030517578,124.8499984741211,122.66500091552734,124.58999633789062,1337400,124.2542724609375
2026-03-09,124.58999633789062,126.69000244140625,123.58999633789062,126.56999969482422,1891900,126.22894287109375
2026-03-10,126.37999725341797,126.37999725341797,123.80000305175781,124.83000183105469,1649500,124.4936294555664
2026-03-11,125.04000091552734,125.04000091552734,121.69000244140625,123.36000061035156,1773300,123.027587890625
2026-03-12,122.87999725341797,124.7750015258789,122.2750015258789,123.5,1298000,123.1672134399414
2026-03-13,124.52999877929688,125.3499984741211,123.4749984741211,124.41999816894531,800300,124.08473205566406
2026-03-16,125.33999633789062,125.33999633789062,123.23999786376953,124.01000213623047,933100,123.67583465576172
2026-03-17,124.45999908447266,126.8499984741211,124.08999633789062,126.16999816894531,1043700,125.83001708984375
2026-03-18,124.87000274658203,126.12000274658203,123.25,123.44000244140625,1191600,123.10737609863281
2026-03-19,123.29000091552734,126.72000122070312,122.36000061035156,126.01000213623047,1708300,125.67044830322266
2026-03-20,125.75,126.20500183105469,123.91000366210938,125.1500015258789,1564000,124.8127670288086
2026-03-23,124.86000061035156,126.69000244140625,123.94999694824219,124.16000366210938,828100,123.825439453125
2026-03-24,124.1500015258789,125.25499725341797,122.6500015258789,123.33000183105469,1181700,122.99767303466797
2026-03-25,123.3499984741211,124.2300033569336,119.5999984741211,119.94999694824219,1168300,119.62677764892578
2026-03-26,119.58000183105469,120.20999908447266,117.25,117.63999938964844,2231300,117.322998046875
2026-03-27,117.3499984741211,118.62000274658203,116.04000091552734,116.56999969482422,1069100,116.2558822631836
2026-03-30,117.58000183105469,118.04000091552734,115.8499984741211,116.87000274658203,911500,116.5550765991211
2026-03-31,117.0,119.66000366210938,115.7300033569336,117.66000366210938,1664400,117.34295654296875
2026-04-01,117.29000091552734,118.79000091552734,116.12000274658203,118.55999755859375,1304100,118.24052429199219
2026-04-02,119.58999633789062,123.44999694824219,118.44499969482422,123.19999694824219,1610200,122.8680191040039
2026-04-06,123.16000366210938,124.38999938964844,122.83999633789062,123.55999755859375,778200,123.22705078125
2026-04-07,123.79000091552734,125.4800033569336,123.61000061035156,124.81999969482422,1114900,124.48365783691406
2026-04-08,124.12000274658203,127.69000244140625,122.69999694824219,126.44000244140625,1435100,126.09929656982422
2026-04-09,124.98999786376953,125.5199966430664,121.5199966430664,122.41000366210938,1495500,122.08015441894531
2026-04-10,121.62999725341797,122.56999969482422,119.74500274658203,121.44000244140625,1167600,121.1127700805664
2026-04-13,120.9800033569336,124.08000183105469,119.9000015258789,124.05999755859375,1307300,123.72570037841797
2026-04-14,123.88999938964844,124.34300231933594,121.08000183105469,121.43000030517578,1219200,121.10279083251953
2026-04-15,122.23999786376953,122.56500244140625,119.30999755859375,120.70999908447266,1503600,120.38472747802734
2026-04-16,120.87999725341797,122.4800033569336,119.9000015258789,121.95999908447266,1398200,121.63136291503906
2026-04-17,121.37000274658203,121.37000274658203,116.25,118.33999633789062,1425100,118.02111053466797
2026-04-20,118.18000030517578,118.4800033569336,114.52999877929688,115.12000274658203,1354100,114.80979919433594
2026-04-21,115.87000274658203,115.87000274658203,113.7699966430664,114.55999755859375,1432600,114.25129699707031
2026-04-22,115.06999969482422,116.0,112.94999694824219,114.04000091552734,1511200,113.73270416259766
2026-04-23,114.04000091552734,114.5,111.86000061035156,113.62000274658203,1060800,113.31383514404297
2026-04-24,112.88999938964844,113.62000274658203,110.72000122070312,113.29000091552734,1465000,112.98472595214844
2026-04-27,113.7300033569336,114.08000183105469,111.08999633789062,111.44000244140625,1914300,111.13970947265625
2026-04-28,112.97000122070312,113.1500015258789,111.03500366210938,112.36000061035156,1723700,112.05723571777344
2026-04-29,107.80999755859375,118.26000213623047,107.05000305175781,118.12000274658203,3343500,117.80171203613281
2026-04-30,117.08999633789062,117.51000213623047,113.08000183105469,113.25,1590200,112.94483184814453
2026-05-01,113.44000244140625,114.37999725341797,111.44999694824219,111.68000030517578,1097800,111.37905883789062
2026-05-04,112.2699966430664,114.13500213623047,111.5,112.55999755859375,1208300,112.25668334960938
2026-05-05,112.18000030517578,113.27999877929688,109.55999755859375,110.20999908447266,1030600,109.91301727294922
2026-05-06,110.20999908447266,111.01000213623047,107.8499984741211,109.43000030517578,1108100,109.13512420654297
2026-05-07,108.51000213623047,111.19999694824219,108.04499816894531,110.44999694824219,1596400,110.15237426757812
2026-05-08,110.75,111.58999633789062,108.4800033569336,108.80999755859375,927300,108.51679992675781
2026-05-11,108.80999755859375,110.47000122070312,108.26000213623047,109.94000244140625,1215000,109.64375305175781
2026-05-12,109.94000244140625,110.69000244140625,109.08999633789062,109.20999908447266,1168400,108.91571044921875
2026-05-13,109.22000122070312,110.3499984741211,105.90799713134766,109.87000274658203,1387100,109.57394409179688
2026-05-14,109.87000274658203,111.19999694824219,108.37999725341797,109.77999877929688,956400,109.48417663574219
2026-05-15,110.97000122070312,111.5,108.0199966430664,110.94000244140625,1060800,110.64105987548828
2026-05-18,110.33999633789062,113.08000183105469,110.04000091552734,112.43000030517578,1251200,112.12704467773438
2026-05-19,112.43000030517578,113.38999938964844,110.75,110.83999633789062,2288000,110.54132080078125
2026-05-20,109.97000122070312,109.9800033569336,106.11000061035156,106.70999908447266,2223000,106.42245483398438
2026-05-21,106.70999908447266,107.31999969482422,103.4800033569336,105.69000244140625,2418400,105.40520477294922
2026-05-22,105.58000183105469,107.38500213623047,105.1500015258789,106.19999694824219,1928400,105.91382598876953
2026-05-26,105.47000122070312,106.04000091552734,101.58000183105469,102.27999877929688,2252100,102.00439453125
2026-05-27,101.29000091552734,102.05500030517578,100.0,100.87999725341797,2121700,100.60816192626953
2026-05-28,100.79000091552734,101.2249984741211,99.33999633789062,99.6500015258789,2659400,99.38147735595703
2026-05-29,99.6500015258789,100.34500122070312,98.81999969482422,100.25,2694100,99.97986602783203
2026-06-01,100.47000122070312,104.29000091552734,99.80999755859375,100.19000244140625,2700600,100.05976104736328
2026-06-02,99.87000274658203,99.87000274658203,94.24500274658203,97.9800033569336,3056000,97.8526382446289
2026-06-03,98.05999755859375,101.375,97.40499877929688,100.43000030517578,2692400,100.29944610595703
2026-06-04,102.6500015258789,103.11000061035156,100.4800033569336,100.5999984741211,1674100,100.46922302246094
2026-06-05,101.58999633789062,103.37999725341797,101.33000183105469,102.52999877929688,2372400,102.39672088623047
2026-06-08,102.01000213623047,102.01000213623047,97.75,98.27999877929688,1897000,98.1522445678711
2026-06-09,98.27999877929688,100.36000061035156,97.51000213623047,99.68000030517578,1781600,99.55042266845703
2026-06-10,99.69999694824219,101.04499816894531,98.87000274658203,100.98999786376953,1128400,100.85871887207031
2026-06-11,100.98999786376953,101.29000091552734,98.56999969482422,99.0,2061400,98.87130737304688
2026-06-12,99.83999633789062,101.37999725341797,98.83999633789062,101.19000244140625,1234300,101.05846405029297
2026-06-15,100.5999984741211,101.83999633789062,100.5999984741211,101.7300033569336,1087300,101.59776306152344
2026-06-16,102.5999984741211,103.05000305175781,99.41999816894531,102.02999877929688,1378100,101.89736938476562
2026-06-17,101.63999938964844,101.63999938964844,98.58699798583984,100.7699966430664,1549700,100.63900756835938
2026-06-18,100.20999908447266,102.29000091552734,99.1500015258789,99.48999786376953,1560800,99.36067199707031
2026-06-22,99.0999984741211,99.69000244140625,97.97000122070312,98.19999694824219,967500,98.07234191894531
2026-06-23,99.37000274658203,100.7699966430664,98.80999755859375,99.18000030517578,1396400,99.05107116699219
2026-06-24,99.06999969482422,99.5,95.95999908447266,96.05000305175781,1496600,95.9251480102539
2026-06-25,95.7699966430664,96.2300033569336,91.41999816894531,91.5,2481900,91.38105773925781
2026-06-26,92.69000244140625,93.76000213623047,92.0,93.5199966430664,2497700,93.39842987060547
2026-06-29,94.3499984741211,95.43000030517578,91.54000091552734,92.0999984741211,1881300,91.98027801513672
2026-06-30,95.08000183105469,99.69999694824219,94.9000015258789,99.66000366210938,3381700,99.53045654296875
2026-07-01,100.66000366210938,102.58499908447266,100.6050033569336,101.48999786376953,2490100,101.35807037353516
2026-07-02,102.37999725341797,104.73500061035156,102.20999908447266,102.79000091552734,1141700,102.65637969970703
2026-07-06,102.48999786376953,103.32499694824219,101.83000183105469,102.41000366210938,1065500,102.2768783569336
2026-07-07,101.83999633789062,103.05500030517578,98.4800033569336,100.26000213623047,2255500,100.12966918945312
2026-07-08,99.41000366210938,102.30000305175781,99.41000366210938,99.8499984741211,1422400,99.72019958496094
2026-07-09,98.68000030517578,99.72000122070312,96.62999725341797,97.12000274658203,1621300,96.9937515258789
2026-07-10,98.36000061035156,101.0,97.00499725341797,97.86000061035156,1041500,97.7327880859375
2026-07-13,98.93000030517578,100.22000122070312,98.25599670410156,99.68000030517578,1327300,99.55042266845703
2026-07-14,98.37999725341797,100.8499984741211,98.2300033569336,98.83000183105469,1181600,98.70153045654297
2026-07-15,99.3499984741211,102.56500244140625,98.11000061035156,100.68000030517578,2931900,100.54912567138672
2026-07-16,101.5,101.79000091552734,100.0,101.19000244140625,1266700,101.05846405029297
2026-07-17,100.4800033569336,102.48999786376953,99.26000213623047,99.9000015258789,1128100,99.7701416015625
2026-07-20,100.41999816894531,101.62999725341797,99.01899719238281,100.5199966430664,1110300,100.38932800292969
2026-07-21,99.18000030517578,100.62999725341797,97.16999816894531,97.29000091552734,1009500,97.16352844238281
2026-07-22,98.44999694824219,100.6500015258789,98.11499786376953,98.8499984741211,1047400,98.72150421142578
2026-07-23,99.5199966430664,100.66000366210938,98.80000305175781,99.84500122070312,806600,99.7152099609375
2026-07-24,99.77999877929688,100.61499786376953,98.3499984741211,99.83000183105469,760400,99.70023345947266
2026-07-27,101.0199966430664,102.33999633789062,100.51000213623047,102.01499938964844,722400,101.88238525390625
2026-07-28,102.52999877929688,105.36000061035156,102.05000305175781,104.2699966430664,1042700,104.13445281982422
2026-07-29,104.0,108.75499725341797,103.38999938964844,108.18000030517578,2410500,108.03937530517578
2026-07-30,100.0,101.9800033569336,94.29000091552734,97.80000305175781,7273000,97.6728744506836
2026-07-31,97.48999786376953,101.95999908447266,96.5250015258789,100.5,3439300,100.3693618774414
2026-08-03,100.80999755859375,101.80999755859375,97.9800033569336,101.0,2420600,100.86870574951172
2026-08-04,100.55999755859375,102.16999816894531,100.08000183105469,100.4800033569336,1660400,100.3493881225586
2026-08-05,101.91999816894531,103.08000183105469,100.68000030517578,102.31999969482422,1580900,102.1869888305664
2026-08-06,102.31999969482422,103.44499969482422,101.48500061035156,103.31999969482422,1456600,103.1856918334961
2026-08-07,102.63999938964844,103.45999908447266,102.45500183105469,102.62000274658203,877100,102.48660278320312
2026-08-10,102.55000305175781,104.91000366210938,102.55000305175781,103.69999694824219,785000,103.56519317626953
2026-08-11,103.12000274658203,104.61000061035156,103.12000274658203,104.41999816894531,565700,104.28426361083984
2026-08-12,103.04000091552734,104.58499908447266,103.04000091552734,103.91999816894531,1265700,103.784912109375
2026-08-13,103.23999786376953,106.05999755859375,103.23999786376953,105.52999877929688,1169100,105.392822265625
2026-08-14,105.73999786376953,106.69999694824219,104.43000030517578,106.29000091552734,836800,106.1518325805664
2026-08-17,106.05999755859375,106.9000015258789,105.01000213623047,105.16999816894531,829900,105.03328704833984
2026-08-18,106.4000015258789,106.88999938964844,105.16000366210938,105.47000122070312,881900,105.33290100097656
2026-08-19,105.26000213623047,106.41000366210938,102.83000183105469,103.30000305175781,1773800,103.16571807861328
2026-08-20,103.93000030517578,106.79499816894531,102.88999938964844,106.0999984741211,1464400,105.96207427978516
2026-08-21,106.0199966430664,107.45500183105469,105.72000122070312,107.04000091552734,1423700,106.9008560180664
2026-08-24,107.0199966430664,108.82499694824219,106.7699966430664,108.37999725341797,1062600,108.2391128540039
2026-08-25,107.76000213623047,108.52999877929688,107.16000366210938,107.70999908447266,995000,107.56998443603516
2026-08-26,107.16999816894531,109.80000305175781,107.16999816894531,107.51000213623047,1030800,107.37024688720703
2026-08-27,107.5,108.55000305175781,107.05999755859375,108.0999984741211,1141600,107.95948028564453
2026-08-28,107.86000061035156,109.45999908447266,107.2300033569336,108.87000274658203,941600,108.72847747802734
2026-08-31,108.4800033569336,108.51000213623047,106.8949966430664,107.69999694824219,1320700,107.55999755859375
2026-09-01,107.51000213623047,108.9000015258789,106.5,106.70999908447266,1190900,106.70999908447266
2026-09-02,106.11000061035156,107.13999938964844,103.18000030517578,103.47000122070312,1129700,103.47000122070312
2026-09-03,104.0999984741211,106.51000213623047,104.0999984741211,105.33999633789062,1216000,105.33999633789062
2026-09-04,103.9000015258789,106.5199966430664,103.9000015258789,106.19999694824219,1531800,106.19999694824219
2026-09-08,106.26000213623047,107.18499755859375,102.87000274658203,103.0,1159300,103.0
2026-09-09,102.29000091552734,103.0199966430664,101.16000366210938,102.94000244140625,1281200,102.94000244140625
2026-09-10,103.83000183105469,103.83000183105469,101.51499938964844,102.47000122070312,1548900,102.47000122070312
2026-09-11,102.30000305175781,102.94999694824219,101.0,101.44000244140625,1036700,101.44000244140625
2026-09-14,103.22000122070312,104.69499969482422,103.19000244140625,104.19999694824219,827700,104.19999694824219
2026-09-15,103.36000061035156,103.36000061035156,101.2750015258789,101.55000305175781,860400,101.55000305175781
2026-09-16,101.12000274658203,102.5999984741211,100.61000061035156,102.37000274658203,1463700,102.37000274658203
2026-09-17,102.11000061035156,103.04000091552734,101.08999633789062,102.05999755859375,1223700,102.05999755859375
2026-09-18,102.05999755859375,104.4749984741211,101.6500015258789,103.97000122070312,1840600,103.97000122070312
2026-09-21,103.7300033569336,105.01000213623047,103.23999786376953,104.44999694824219,1377800,104.44999694824219
2026-09-22,104.0999984741211,104.11000061035156,99.41999816894531,99.73999786376953,2038300,99.73999786376953
2026-09-23,100.13999938964844,102.12999725341797,99.69000244140625,100.2300033569336,1562000,100.2300033569336
2026-09-24,100.2300033569336,101.1500015258789,99.93000030517578,101.12999725341797,1433700,101.12999725341797
2026-09-25,101.2300033569336,102.5,99.80500030517578,101.19000244140625,1149400,101.19000244140625
2026-09-28,101.7699966430664,103.48999786376953,100.58999633789062,100.7699966430664,1360800,100.7699966430664
2026-09-29,101.05999755859375,101.83999633789062,100.01000213623047,100.61000061035156,1131500,100.61000061035156
2026-09-30,100.55000305175781,101.6500015258789,100.13999938964844,100.83999633789062,941300,100.83999633789062
2026-10-01,101.62000274658203,103.3499984741211,100.69000244140625,103.30000305175781,1088000,103.30000305175781
