date,open,high,low,close,volume,adjclose
2021-10-04,230.0,230.3300018310547,220.80999755859375,224.72999572753906,10283400,216.3756561279297
2021-10-05,225.47999572753906,227.3800048828125,223.9199981689453,224.27999877929688,5814000,215.94239807128906
2021-10-06,222.0399932861328,226.6199951171875,221.25,226.50999450683594,5420900,218.08950805664062
2021-10-07,228.91000366210938,231.16000366210938,228.49000549316406,230.5500030517578,6561900,221.97933959960938
2021-10-08,231.0,232.72999572753906,230.17999267578125,230.27000427246094,3735200,221.709716796875
2021-10-11,230.00999450683594,230.32000732421875,224.8699951171875,225.11000061035156,5620200,216.7415313720703
2021-10-12,225.55999755859375,226.22000122070312,222.9199981689453,224.0500030517578,5448200,215.72093200683594
2021-10-13,223.1300048828125,225.86000061035156,218.6300048828125,222.4600067138672,9076000,214.19007873535156
2021-10-14,224.1199951171875,225.64999389648438,223.05999755859375,225.17999267578125,5590500,216.8089141845703
2021-10-15,227.22000122070312,231.08999633789062,226.72999572753906,230.99000549316406,6355100,222.4029541015625
2021-10-18,230.17999267578125,232.75999450683594,228.13999938964844,230.64999389648438,5580200,222.07559204101562
2021-10-19,231.9499969482422,233.63999938964844,230.67999267578125,233.52000427246094,4409700,224.8389129638672
2021-10-20,233.4600067138672,233.8000030517578,231.30999755859375,231.4199981689453,5401800,222.8169403076172
2021-10-21,230.6999969482422,230.8300018310547,226.3000030517578,230.24000549316406,5982200,221.68084716796875
2021-10-22,230.2899932861328,232.82000732421875,228.7100067138672,231.22999572753906,3788000,222.63400268554688
2021-10-25,233.4499969482422,234.86000061035156,232.2899932861328,233.8800048828125,4938700,225.18551635742188
2021-10-26,235.52999877929688,236.9600067138672,231.3300018310547,231.82000732421875,7814500,223.2021026611328
2021-10-27,224.75,224.75,215.66000366210938,215.77999877929688,22958100,207.7583770751953
2021-10-28,219.25,219.99000549316406,209.00999450683594,209.83999633789062,23199400,202.03916931152344
2021-10-29,209.2100067138672,213.6699981689453,208.5399932861328,211.77000427246094,14329800,203.89744567871094
2021-11-01,213.49000549316406,215.25,211.4499969482422,212.4600067138672,13210300,204.56182861328125
2021-11-02,213.16000366210938,213.35000610351562,207.82000732421875,209.13999938964844,14688700,201.36521911621094
2021-11-03,209.69000244140625,210.14999389648438,206.72999572753906,208.10000610351562,11486700,200.3638916015625
2021-11-04,209.16000366210938,212.36000061035156,207.8699951171875,208.77999877929688,11368200,201.0186309814453
2021-11-05,211.9499969482422,217.6300048828125,211.36000061035156,216.6699981689453,14273600,208.6153106689453
2021-11-08,218.3699951171875,221.61000061035156,218.14999389648438,220.49000549316406,13500100,212.29327392578125
2021-11-09,219.69000244140625,220.41000366210938,212.9199981689453,213.38999938964844,11535000,205.4571990966797
2021-11-10,213.5500030517578,216.9499969482422,213.3300018310547,215.55999755859375,10063600,207.9119415283203
2021-11-11,216.47000122070312,216.77999877929688,210.16000366210938,210.4199981689453,13546900,202.95431518554688
2021-11-12,211.5,213.5800018310547,211.42999267578125,212.08999633789062,7660500,204.56504821777344
2021-11-15,213.6199951171875,216.39999389648438,211.80999755859375,212.3000030517578,9596900,204.76756286621094
2021-11-16,212.16000366210938,215.64999389648438,211.66000366210938,215.17999267578125,8719600,207.54537963867188
2021-11-17,205.9499969482422,207.30999755859375,199.4600067138672,205.05999755859375,38379600,197.78448486328125
2021-11-18,206.5,207.8699951171875,201.27000427246094,203.3300018310547,18292200,196.11585998535156
2021-11-19,202.0399932861328,203.5,199.85000610351562,200.86000061035156,18032600,193.73348999023438
2021-11-22,200.0,201.6999969482422,194.60000610351562,195.5800018310547,21185800,188.6408233642578
2021-11-23,196.97000122070312,198.9199981689453,194.3800048828125,198.49000549316406,14742700,191.44757080078125
2021-11-24,198.1699981689453,203.9499969482422,197.63999938964844,203.25,12026800,196.03868103027344
2021-11-26,193.32000732421875,199.19000244140625,192.5500030517578,197.64999389648438,10987600,190.6373748779297
2021-11-29,201.0,201.25,195.36000061035156,196.2899932861328,14633500,189.3256072998047
2021-11-30,195.27000427246094,197.66000366210938,192.55999755859375,193.77000427246094,16023000,186.89505004882812
2021-12-01,196.02999877929688,196.80999755859375,190.10000610351562,190.16000366210938,13204900,183.41314697265625
2021-12-02,192.0,199.44000244140625,191.85000610351562,198.2899932861328,13976300,191.25465393066406
2021-12-03,198.27000427246094,198.47000122070312,194.0399932861328,196.32000732421875,10660500,189.3545684814453
2021-12-06,198.77000427246094,204.22000122070312,197.74000549316406,202.67999267578125,10722100,195.48892211914062
2021-12-07,206.0,207.94000244140625,205.88999938964844,207.3699951171875,11897200,200.0124969482422
2021-12-08,207.66000366210938,209.47999572753906,205.7100067138672,208.99000549316406,11749200,201.5750274658203
2021-12-09,208.52000427246094,212.1999969482422,207.1699981689453,211.38999938964844,10176800,203.88987731933594
2021-12-10,211.89999389648438,214.25,210.86000061035156,213.39999389648438,8882700,205.82852172851562
2021-12-13,212.4499969482422,213.32000732421875,209.97999572753906,211.02000427246094,8844300,203.53298950195312
2021-12-14,210.72999572753906,213.3699951171875,208.4499969482422,209.97999572753906,9832300,202.52989196777344
2021-12-15,209.39999389648438,212.49000549316406,207.86000061035156,212.30999755859375,10892500,204.77723693847656
2021-12-16,215.2899932861328,216.27000427246094,211.61000061035156,214.3699951171875,8548400,206.76414489746094
2021-12-17,212.8000030517578,213.2100067138672,207.7899932861328,211.8800048828125,11578400,204.3624725341797
2021-12-20,209.08999633789062,209.77000427246094,206.86000061035156,208.74000549316406,9434400,201.33392333984375
2021-12-21,210.61000061035156,216.16000366210938,210.36000061035156,215.3800048828125,6993700,207.7383270263672
2021-12-22,213.85000610351562,218.94000244140625,213.85000610351562,217.9600067138672,6003400,210.22677612304688
2021-12-23,218.44000244140625,218.52000427246094,216.6199951171875,216.6199951171875,4798200,208.93435668945312
2021-12-27,217.67999267578125,218.1199951171875,214.8800048828125,217.6300048828125,4818400,209.90850830078125
2021-12-28,216.00999450683594,219.72999572753906,215.5800018310547,218.0500030517578,4279800,210.31361389160156
2021-12-29,217.75999450683594,218.94000244140625,217.3300018310547,218.1699981689453,3223100,210.4293212890625
2021-12-30,217.97000122070312,219.14999389648438,217.14999389648438,217.8699951171875,3812800,210.1399688720703
2021-12-31,216.80999755859375,217.97999572753906,215.49000549316406,216.7100067138672,4723300,209.02113342285156
2022-01-03,217.52000427246094,222.05999755859375,217.00999450683594,221.42999267578125,7694500,213.57363891601562
2022-01-04,222.0,226.7899932861328,221.80999755859375,222.4600067138672,10629300,214.56712341308594
2022-01-05,222.63999938964844,225.27000427246094,219.9199981689453,220.0,9594600,212.19439697265625
2022-01-06,217.8000030517578,221.91000366210938,217.5500030517578,219.75,7877500,211.9532470703125
2022-01-07,217.30999755859375,220.1999969482422,215.63999938964844,216.9600067138672,10702100,209.26226806640625
2022-01-10,213.97999572753906,214.1999969482422,206.5,211.97000122070312,11978600,204.44927978515625
2022-01-11,211.4199981689453,214.9499969482422,208.74000549316406,214.3800048828125,8803100,206.77381896972656
2022-01-12,214.47999572753906,217.5800018310547,213.80999755859375,215.7100067138672,6923300,208.05661010742188
2022-01-13,216.85000610351562,220.47999572753906,214.66000366210938,215.0,8867700,207.3717803955078
2022-01-14,214.1699981689453,218.25,213.7100067138672,214.6699981689453,8838100,207.05352783203125
2022-01-18,215.8800048828125,216.91000366210938,214.3300018310547,215.7100067138672,9099300,208.05661010742188
2022-01-19,213.0,218.22999572753906,212.11000061035156,214.67999267578125,9399800,207.0631103515625
2022-01-20,214.72000122070312,219.60000610351562,213.94000244140625,214.35000610351562,8532700,206.74485778808594
2022-01-21,215.4600067138672,215.60000610351562,205.82000732421875,205.92999267578125,16200200,198.62359619140625
2022-01-24,202.17999267578125,202.72000122070312,195.64999389648438,201.85000610351562,16054000,194.68833923339844
2022-01-25,199.6199951171875,205.3800048828125,196.99000549316406,202.0,12125500,194.8330535888672
2022-01-26,204.27999877929688,210.86000061035156,203.6699981689453,205.8699951171875,10817600,198.56573486328125
2022-01-27,209.5,210.9600067138672,205.85000610351562,206.14999389648438,12009800,198.8358154296875
2022-01-28,220.63999938964844,228.1199951171875,216.10000610351562,228.0,26425300,219.91055297851562
2022-01-31,225.5500030517578,226.3800048828125,222.0500030517578,226.1699981689453,12380600,218.14547729492188
2022-02-01,226.89999389648438,234.61000061035156,226.4199981689453,232.36000061035156,12247200,224.11587524414062
2022-02-02,231.3000030517578,235.85000610351562,230.00999450683594,235.4199981689453,10590500,227.0672607421875
2022-02-03,233.0399932861328,233.49000549316406,230.5500030517578,231.5399932861328,9968000,223.32493591308594
2022-02-04,228.5,230.22000122070312,224.9499969482422,228.38999938964844,10848100,220.28672790527344
2022-02-07,228.0,229.9199981689453,226.00999450683594,227.16000366210938,5984500,219.100341796875
2022-02-08,226.25999450683594,228.5,224.75,227.94000244140625,7542000,219.85269165039062
2022-02-09,230.1300048828125,233.14999389648438,230.1199951171875,230.8699951171875,7772800,222.67874145507812
2022-02-10,228.02999877929688,229.9499969482422,224.8699951171875,225.58999633789062,6794600,217.94004821777344
2022-02-11,227.25,229.10000610351562,223.5399932861328,224.69000244140625,7535200,217.07057189941406
2022-02-14,223.2899932861328,227.25999450683594,222.80999755859375,225.33999633789062,8280800,217.698486328125
2022-02-15,227.27000427246094,229.2899932861328,224.91000366210938,227.82000732421875,9461700,220.09442138671875
2022-02-16,227.5,229.8800048828125,225.60000610351562,228.82000732421875,9561300,221.06053161621094
2022-02-17,228.39999389648438,228.80999755859375,224.1699981689453,224.61000061035156,8131200,216.99331665039062
2022-02-18,224.60000610351562,225.74000549316406,221.83999633789062,222.69000244140625,8121200,215.13841247558594
2022-02-22,221.02000427246094,224.33999633789062,219.9199981689453,221.32000732421875,9928800,213.81484985351562
2022-02-23,222.83999633789062,224.27999877929688,215.4199981689453,215.9499969482422,8669900,208.626953125
2022-02-24,203.3699951171875,217.86000061035156,201.4499969482422,217.3000030517578,13463400,209.93118286132812
2022-02-25,217.2899932861328,220.67999267578125,214.25,219.27000427246094,8463600,211.83438110351562
2022-02-28,216.0,218.64999389648438,213.24000549316406,216.1199951171875,8409400,208.79116821289062
2022-03-01,214.47999572753906,215.14999389648438,207.27999877929688,208.97000122070312,9317800,201.88363647460938
2022-03-02,206.89999389648438,210.5399932861328,206.19000244140625,208.47999572753906,8865700,201.41026306152344
2022-03-03,210.5500030517578,211.5,206.55999755859375,207.22999572753906,8610000,200.20263671875
2022-03-04,205.0,206.3699951171875,196.86000061035156,200.2899932861328,10912300,193.49795532226562
2022-03-07,199.83999633789062,200.17999267578125,190.0500030517578,190.6999969482422,13412400,184.23321533203125
2022-03-08,190.00999450683594,196.4199981689453,186.6699981689453,191.7100067138672,11070900,185.208984375
2022-03-09,196.5,200.5,195.24000549316406,199.75999450683594,8457600,192.98594665527344
2022-03-10,196.89999389648438,199.94000244140625,196.3000030517578,197.97000122070312,7061600,191.25665283203125
2022-03-11,200.75,200.83999633789062,196.4600067138672,196.7100067138672,5432100,190.0394287109375
2022-03-14,198.4199981689453,204.42999267578125,198.16000366210938,200.3300018310547,7994700,193.53665161132812
2022-03-15,202.08999633789062,206.41000366210938,201.39999389648438,206.13999938964844,8277700,199.14962768554688
2022-03-16,210.0,213.6699981689453,207.0,211.8699951171875,9232300,204.68531799316406
2022-03-17,209.92999267578125,213.5399932861328,208.72000122070312,213.4499969482422,6668500,206.21176147460938
2022-03-18,211.6999969482422,219.25999450683594,210.2899932861328,219.11000061035156,14620800,211.6798095703125
2022-03-21,216.33999633789062,218.05999755859375,214.5500030517578,217.0399932861328,6101500,209.67994689941406
2022-03-22,217.83999633789062,219.57000732421875,217.17999267578125,218.47000122070312,6259900,211.06150817871094
2022-03-23,215.3000030517578,217.2899932861328,214.1999969482422,214.67999267578125,6008000,207.40000915527344
2022-03-24,214.99000549316406,217.66000366210938,214.0,217.30999755859375,5487000,209.94082641601562
2022-03-25,218.4199981689453,218.92999267578125,215.69000244140625,218.42999267578125,5051400,211.02284240722656
2022-03-28,218.5,220.97999572753906,217.50999450683594,220.77000427246094,4316800,213.2834930419922
2022-03-29,224.83999633789062,228.80999755859375,223.77999877929688,228.1199951171875,8032500,220.38424682617188
2022-03-30,225.83999633789062,226.16000366210938,222.72999572753906,223.9499969482422,7084000,216.3556671142578
2022-03-31,223.91000366210938,225.9199981689453,220.44000244140625,221.77000427246094,10759500,214.24961853027344
2022-04-01,223.0800018310547,226.6300048828125,222.22999572753906,226.36000061035156,6559600,218.68394470214844
2022-04-04,225.75999450683594,229.24000549316406,224.9600067138672,227.74000549316406,8521200,220.0171661376953
2022-04-05,226.8300018310547,228.99000549316406,225.30999755859375,226.08999633789062,4658000,218.42311096191406
2022-04-06,222.77999877929688,222.8699951171875,218.6199951171875,219.00999450683594,7430000,211.58319091796875
2022-04-07,218.30999755859375,218.67999267578125,213.67999267578125,216.14999389648438,6995100,208.82017517089844
2022-04-08,214.80999755859375,219.41000366210938,213.0800018310547,216.97999572753906,5438600,209.6220245361328
2022-04-11,215.25,217.3000030517578,213.41000366210938,214.75,6942700,207.46766662597656
2022-04-12,216.5,216.99000549316406,210.6999969482422,211.39999389648438,7446600,204.2312469482422
2022-04-13,210.42999267578125,213.85000610351562,207.1699981689453,213.27000427246094,8052900,206.037841796875
2022-04-14,214.27000427246094,215.9499969482422,212.52999877929688,212.7899932861328,8191600,205.57412719726562
2022-04-18,211.6699981689453,215.8300018310547,211.52000427246094,213.1699981689453,4744400,205.9412384033203
2022-04-19,213.10000610351562,216.50999450683594,212.44000244140625,215.6999969482422,5028800,208.38543701171875
2022-04-20,218.66000366210938,220.82000732421875,217.38999938964844,217.7899932861328,7178300,210.40455627441406
2022-04-21,219.50999450683594,223.9199981689453,215.35000610351562,216.4499969482422,8850300,209.1099853515625
2022-04-22,216.24000549316406,216.55999755859375,207.9499969482422,208.1699981689453,6201100,201.1107940673828
2022-04-25,206.35000610351562,210.52999877929688,205.3300018310547,209.9499969482422,6839400,202.8303985595703
2022-04-26,206.97999572753906,208.55999755859375,201.10000610351562,201.10000610351562,8155300,194.2805633544922
2022-04-27,217.3699951171875,221.8000030517578,213.0500030517578,214.11000061035156,15955800,206.84933471679688
2022-04-28,220.39999389648438,224.92999267578125,219.27000427246094,220.66000366210938,10799100,213.17726135253906
2022-04-29,218.6199951171875,221.1999969482422,212.35000610351562,213.1300048828125,7965000,205.90257263183594
2022-05-02,211.77000427246094,212.13999938964844,206.9600067138672,211.52999877929688,8803700,204.3568572998047
2022-05-03,213.61000061035156,213.61000061035156,206.27000427246094,208.55999755859375,6616900,201.48757934570312
2022-05-04,209.35000610351562,214.8000030517578,205.3300018310547,214.52000427246094,7191100,207.24545288085938
2022-05-05,212.27000427246094,214.5800018310547,203.07000732421875,205.24000549316406,7749600,198.28013610839844
2022-05-06,203.75,205.72000122070312,200.22000122070312,202.82000732421875,8825300,195.9422149658203
2022-05-09,200.0500030517578,200.75,192.0800018310547,193.0,10314100,186.45521545410156
2022-05-10,196.7100067138672,197.75,190.97000122070312,193.5800018310547,11016500,187.01556396484375
2022-05-11,193.49000549316406,198.32000732421875,191.39999389648438,196.72000122070312,9427300,190.049072265625
2022-05-12,194.52999877929688,196.05999755859375,189.9499969482422,193.97000122070312,9308600,187.75021362304688
2022-05-13,197.0,200.5399932861328,196.5,199.22999572753906,6684500,192.84156799316406
2022-05-16,197.32000732421875,199.94000244140625,195.8800048828125,197.80999755859375,5161300,191.46705627441406
2022-05-17,202.85000610351562,204.8000030517578,200.14999389648438,204.0,7265600,197.4586181640625
2022-05-18,202.82000732421875,205.4600067138672,199.1300048828125,199.99000549316406,8748200,193.57717895507812
2022-05-19,196.35000610351562,200.4199981689453,193.30999755859375,197.3699951171875,9012400,191.04122924804688
2022-05-20,199.6699981689453,201.66000366210938,194.02000427246094,199.02999877929688,6966600,192.64796447753906
2022-05-23,200.8800048828125,207.9600067138672,200.77000427246094,207.55999755859375,12187400,200.9044647216797
2022-05-24,203.91000366210938,204.6699981689453,199.02999877929688,202.6300048828125,7458500,196.132568359375
2022-05-25,200.58999633789062,204.9499969482422,200.47000122070312,203.83999633789062,5457200,197.3037567138672
2022-05-26,205.11000061035156,209.74000549316406,204.6699981689453,208.5500030517578,9212300,201.86270141601562
2022-05-27,210.0,213.22999572753906,209.63999938964844,212.8800048828125,4897200,206.05386352539062
2022-05-31,210.3800048828125,214.35000610351562,209.11000061035156,212.1699981689453,9586400,205.36660766601562
2022-06-01,212.0500030517578,214.11000061035156,208.82000732421875,209.92999267578125,5246100,203.1984405517578
2022-06-02,211.88999938964844,215.25,211.0800018310547,215.0500030517578,5337200,208.15428161621094
2022-06-03,212.9499969482422,214.2100067138672,211.27000427246094,212.64999389648438,4352500,205.8312530517578
2022-06-06,215.4499969482422,217.5800018310547,212.08999633789062,212.94000244140625,3965100,206.11192321777344
2022-06-07,211.1199951171875,214.97000122070312,210.72000122070312,214.5,4493300,207.62191772460938
2022-06-08,213.75999450683594,215.57000732421875,212.8300018310547,213.5,3646300,206.65396118164062
2022-06-09,212.58999633789062,213.7100067138672,206.02000427246094,206.11000061035156,5138600,199.50094604492188
2022-06-10,201.64999389648438,203.4199981689453,199.17999267578125,199.50999450683594,5162500,193.11256408691406
2022-06-13,192.99000549316406,195.88999938964844,191.0800018310547,192.25999450683594,7119200,186.0950469970703
2022-06-14,192.72000122070312,194.33999633789062,191.75,193.52000427246094,6441200,187.31468200683594
2022-06-15,195.97999572753906,198.8300018310547,192.22999572753906,196.16000366210938,6490000,189.87002563476562
2022-06-16,191.41000366210938,191.8699951171875,187.52999877929688,189.0500030517578,9887200,182.9879913330078
2022-06-17,186.92999267578125,191.30999755859375,185.91000366210938,190.00999450683594,15089300,183.91722106933594
2022-06-21,195.7100067138672,196.72999572753906,193.72999572753906,194.38999938964844,6241600,188.15676879882812
2022-06-22,191.25,196.38999938964844,191.02999877929688,193.82000732421875,5138500,187.6050262451172
2022-06-23,196.13999938964844,197.4600067138672,193.4499969482422,196.63999938964844,4752800,190.33460998535156
2022-06-24,197.72999572753906,205.63999938964844,197.50999450683594,205.50999450683594,7754800,198.920166015625
2022-06-27,205.75,207.08999633789062,202.61000061035156,203.55999755859375,6121200,197.03271484375
2022-06-28,204.0,206.7899932861328,197.5,198.1199951171875,4354200,191.76712036132812
2022-06-29,197.32000732421875,200.63999938964844,197.32000732421875,199.5,4324600,193.1029052734375
2022-06-30,195.3699951171875,198.85000610351562,192.85000610351562,196.88999938964844,7045200,190.57659912109375
2022-07-01,196.7899932861328,199.8000030517578,194.7100067138672,199.17999267578125,4131800,192.79312133789062
2022-07-05,196.22999572753906,200.57000732421875,194.13999938964844,200.5399932861328,4110200,194.1095428466797
2022-07-06,200.0,202.50999450683594,198.6699981689453,201.1199951171875,4111200,194.6709442138672
2022-07-07,202.5399932861328,203.42999267578125,200.0399932861328,202.8000030517578,4650700,196.2970733642578
2022-07-08,202.32000732421875,204.10000610351562,200.4600067138672,203.57000732421875,3621800,197.04241943359375
2022-07-11,202.0,206.74000549316406,202.0,205.05999755859375,5353600,198.48463439941406
2022-07-12,203.25,208.1199951171875,202.75999450683594,204.82000732421875,6779500,198.2523193359375
2022-07-13,200.42999267578125,205.57000732421875,199.5,204.14999389648438,7597300,197.60379028320312
2022-07-14,200.0,206.0800018310547,197.97999572753906,205.91000366210938,5605500,199.3073272705078
2022-07-15,209.3699951171875,211.7100067138672,207.17999267578125,210.0399932861328,7245700,203.30490112304688
2022-07-18,211.5,212.91000366210938,206.63999938964844,207.2100067138672,4648900,200.56565856933594
2022-07-19,208.22000122070312,214.11000061035156,207.89999389648438,213.66000366210938,4927100,206.808837890625
2022-07-20,212.0,214.1300048828125,211.2100067138672,213.3699951171875,4460300,206.5281219482422
2022-07-21,213.14999389648438,216.89999389648438,212.72999572753906,216.19000244140625,4801300,209.2577362060547
2022-07-22,217.92999267578125,218.07000732421875,212.1199951171875,213.6999969482422,5071500,206.84756469726562
2022-07-25,214.5800018310547,214.8000030517578,211.6199951171875,214.27000427246094,4357200,207.39927673339844
2022-07-26,213.85000610351562,215.14999389648438,211.75,212.49000549316406,6141000,205.67636108398438
2022-07-27,210.77000427246094,216.85000610351562,201.1999969482422,210.47000122070312,17432200,203.72117614746094
2022-07-28,210.63999938964844,212.72000122070312,207.9199981689453,211.35000610351562,7477100,204.57296752929688
2022-07-29,212.0,214.16000366210938,209.8300018310547,212.11000061035156,6059700,205.30856323242188
2022-08-01,208.4499969482422,213.99000549316406,207.55999755859375,211.36000061035156,8028400,204.5825958251953
2022-08-02,207.8000030517578,208.83999633789062,203.92999267578125,206.25999450683594,9939400,199.64614868164062
2022-08-03,207.99000549316406,210.3300018310547,206.8800048828125,208.47999572753906,9520100,201.79493713378906
2022-08-04,210.52999877929688,214.8800048828125,208.5500030517578,213.47000122070312,6789700,206.6249542236328
2022-08-05,210.7100067138672,215.9499969482422,210.5,215.8699951171875,5553700,208.94796752929688
2022-08-08,215.22999572753906,216.6300048828125,212.0500030517578,213.32000732421875,4063400,206.47975158691406
2022-08-09,212.0,213.4499969482422,209.75,210.25999450683594,4596800,203.5178680419922
2022-08-10,214.8300018310547,214.83999633789062,211.30999755859375,212.10000610351562,5746400,205.2988739013672
2022-08-11,213.2899932861328,213.5,210.58999633789062,211.0800018310547,6639600,204.6734161376953
2022-08-12,213.0,213.22000122070312,210.10000610351562,211.3300018310547,6443700,204.91586303710938
2022-08-15,210.3699951171875,216.74000549316406,210.3699951171875,216.4199981689453,5290600,209.85137939453125
2022-08-16,214.5500030517578,217.61000061035156,212.1300048828125,217.13999938964844,6564400,210.54949951171875
2022-08-17,215.0,216.17999267578125,212.75,214.52000427246094,4902500,208.00904846191406
2022-08-18,213.8699951171875,216.0,212.42999267578125,215.25,4516400,208.71688842773438
2022-08-19,214.11000061035156,215.22999572753906,212.38999938964844,212.82000732421875,4178800,206.36062622070312
2022-08-22,209.94000244140625,211.25,208.1999969482422,208.61000061035156,5139500,202.27841186523438
2022-08-23,208.0,209.3000030517578,206.52999877929688,206.8000030517578,3525500,200.5233612060547
2022-08-24,206.6300048828125,208.35000610351562,205.67999267578125,206.6699981689453,4230800,200.39732360839844
2022-08-25,207.38999938964844,209.91000366210938,206.5,209.82000732421875,4495000,203.45169067382812
2022-08-26,209.77000427246094,210.25999450683594,202.6999969482422,202.88999938964844,5060200,196.73204040527344
2022-08-29,201.25,203.9600067138672,200.6199951171875,202.3300018310547,4476200,196.18902587890625
2022-08-30,203.9199981689453,204.41000366210938,200.2100067138672,201.3800048828125,3918200,195.2678680419922
2022-08-31,201.0,203.1699981689453,198.63999938964844,198.7100067138672,6559000,192.6788787841797
2022-09-01,198.72000122070312,200.42999267578125,196.66000366210938,200.1300048828125,5608300,194.05575561523438
2022-09-02,202.44000244140625,202.47999572753906,196.85000610351562,197.75999450683594,4508100,191.7577362060547
2022-09-06,197.89999389648438,200.0399932861328,196.39999389648438,198.63999938964844,4547800,192.61102294921875
2022-09-07,198.7100067138672,201.13999938964844,197.22000122070312,200.4199981689453,4098300,194.3369903564453
2022-09-08,197.39999389648438,201.11000061035156,196.9600067138672,200.7100067138672,4377600,194.6182098388672
2022-09-09,202.07000732421875,206.39999389648438,201.35000610351562,205.1999969482422,4885600,198.97189331054688
2022-09-12,206.5,207.19000244140625,204.9499969482422,206.6300048828125,3812300,200.35850524902344
2022-09-13,202.0500030517578,203.47000122070312,198.8699951171875,199.6699981689453,5217900,193.60977172851562
2022-09-14,200.0,200.8800048828125,198.05999755859375,199.41000366210938,4632800,193.357666015625
2022-09-15,198.08999633789062,200.30999755859375,194.52999877929688,195.3699951171875,6099300,189.4402313232422
2022-09-16,190.22000122070312,193.82000732421875,188.22000122070312,193.3000030517578,9398200,187.43312072753906
2022-09-19,191.58999633789062,193.99000549316406,190.7100067138672,193.1300048828125,8133600,187.2682342529297
2022-09-20,191.10000610351562,193.02999877929688,190.2899932861328,192.07000732421875,5292500,186.24044799804688
2022-09-21,192.52999877929688,193.08999633789062,187.0,187.02000427246094,6705900,181.34371948242188
2022-09-22,186.35000610351562,187.2100067138672,184.66000366210938,185.7899932861328,6604700,180.15103149414062
2022-09-23,183.47000122070312,184.5800018310547,182.22999572753906,183.9600067138672,10755800,178.37657165527344
2022-09-26,183.0399932861328,184.5,179.89999389648438,180.58999633789062,9914600,175.1088409423828
2022-09-27,182.50999450683594,184.85000610351562,177.02000427246094,177.8699951171875,9799600,172.47140502929688
2022-09-28,177.25999450683594,180.10000610351562,174.8300018310547,179.17999267578125,9751000,173.74166870117188
2022-09-29,178.8300018310547,182.24000549316406,178.72999572753906,180.05999755859375,9105200,174.5949249267578
2022-09-30,180.05999755859375,182.9199981689453,177.60000610351562,177.64999389648438,9472300,172.25808715820312
2022-10-03,179.33999633789062,183.36000061035156,178.14999389648438,181.64999389648438,8842300,176.13671875
2022-10-04,185.0500030517578,186.2100067138672,183.07000732421875,185.64999389648438,7081400,180.01522827148438
2022-10-05,183.33999633789062,188.82000732421875,182.36000061035156,187.6699981689453,6119900,181.97396850585938
2022-10-06,186.64999389648438,188.0500030517578,185.25,185.58999633789062,5163000,179.9571075439453
2022-10-07,183.4499969482422,184.61000061035156,181.92999267578125,183.8300018310547,5610300,178.25048828125
2022-10-10,184.1300048828125,184.77999877929688,180.89999389648438,182.17999267578125,4743800,176.65057373046875
2022-10-11,180.3699951171875,181.63999938964844,178.19000244140625,179.13999938964844,6294500,173.702880859375
2022-10-12,179.08999633789062,180.58999633789062,178.22000122070312,178.24000549316406,4884300,172.8302001953125
2022-10-13,175.0,185.3699951171875,174.60000610351562,184.66000366210938,8426400,179.05532836914062
2022-10-14,186.7899932861328,187.1300048828125,182.07000732421875,182.6199951171875,6449400,177.07725524902344
2022-10-17,186.0,188.57000732421875,182.85000610351562,185.25,13952100,179.62741088867188
2022-10-18,189.49000549316406,190.19000244140625,185.74000549316406,187.1699981689453,5209200,181.4891357421875
2022-10-19,185.49000549316406,187.63999938964844,184.75999450683594,186.41000366210938,4927000,180.75221252441406
2022-10-20,186.4600067138672,190.97999572753906,186.42999267578125,187.22000122070312,5706700,181.53765869140625
2022-10-21,185.8000030517578,190.9499969482422,185.0500030517578,190.3699951171875,7582500,184.59201049804688
2022-10-24,191.41000366210938,193.1300048828125,189.10000610351562,190.7100067138672,7299200,184.92172241210938
2022-10-25,190.8699951171875,195.22999572753906,190.72000122070312,194.3800048828125,11907200,188.4803009033203
2022-10-26,196.5800018310547,206.3699951171875,196.5,203.3300018310547,15450000,197.15866088867188
2022-10-27,203.32000732421875,206.32000732421875,201.58999633789062,204.2899932861328,7946700,198.08950805664062
2022-10-28,205.0,211.52000427246094,203.30999755859375,209.33999633789062,8455600,202.98623657226562
2022-10-31,208.9199981689453,209.6199951171875,206.1999969482422,207.16000366210938,8674100,200.8724365234375
2022-11-01,208.91000366210938,209.97000122070312,205.3300018310547,206.92999267578125,5919500,200.6494140625
2022-11-02,205.75999450683594,207.0,200.5800018310547,200.9499969482422,6985600,194.8509063720703
2022-11-03,198.27999877929688,198.85000610351562,194.17999267578125,194.75,8236200,188.8390655517578
2022-11-04,197.0,201.4499969482422,195.33999633789062,196.97999572753906,9680100,191.00137329101562
2022-11-07,198.32000732421875,200.44000244140625,197.1699981689453,200.10000610351562,7821300,194.02671813964844
2022-11-08,201.66000366210938,204.1199951171875,199.74000549316406,201.77999877929688,6943700,195.65570068359375
2022-11-09,200.6999969482422,201.3300018310547,193.3300018310547,193.92999267578125,7320200,188.46424865722656
2022-11-10,203.08999633789062,205.75999450683594,200.02000427246094,205.57000732421875,8048900,199.77622985839844
2022-11-11,206.0,206.42999267578125,202.14999389648438,205.0,9601000,199.2222900390625
2022-11-14,203.5,209.1699981689453,203.2100067138672,206.86000061035156,5796100,201.0298309326172
2022-11-15,209.99000549316406,213.72999572753906,207.50999450683594,209.99000549316406,7316100,204.0716552734375
2022-11-16,208.5800018310547,210.88999938964844,208.22000122070312,210.13999938964844,6125300,204.21742248535156
2022-11-17,207.9600067138672,211.27999877929688,207.32000732421875,210.99000549316406,5385600,205.04345703125
2022-11-18,213.1699981689453,214.1699981689453,209.74000549316406,210.8000030517578,8028500,204.85882568359375
2022-11-21,210.3000030517578,210.5500030517578,205.88999938964844,206.32000732421875,10450900,200.50506591796875
2022-11-22,207.5399932861328,210.47999572753906,205.35000610351562,210.3300018310547,5273100,204.40208435058594
2022-11-23,210.0,212.8300018310547,209.9199981689453,211.72999572753906,3807300,205.76258850097656
2022-11-25,211.7100067138672,214.0,211.38999938964844,213.7899932861328,1993500,207.76455688476562
2022-11-28,212.25999450683594,214.47000122070312,210.64999389648438,211.25999450683594,10229400,205.3058319091797
2022-11-29,209.35000610351562,210.14999389648438,207.35000610351562,209.05999755859375,8986900,203.16786193847656
2022-11-30,208.22000122070312,217.0,208.00999450683594,217.0,13918100,210.88409423828125
2022-12-01,217.0,218.64999389648438,215.3000030517578,217.0,11261500,210.88409423828125
2022-12-02,215.72999572753906,218.47999572753906,214.24000549316406,217.66000366210938,5132800,211.52548217773438
2022-12-05,215.64999389648438,216.91000366210938,213.0500030517578,213.67999267578125,9006300,207.65765380859375
2022-12-06,212.0,212.1300048828125,207.63999938964844,209.0800018310547,5986000,203.1873016357422
2022-12-07,208.8000030517578,209.02000427246094,205.1300048828125,207.80999755859375,7923800,201.95306396484375
2022-12-08,209.50999450683594,210.3000030517578,207.75,209.10000610351562,4896500,203.2067413330078
2022-12-09,207.91000366210938,210.52000427246094,207.52000427246094,208.6999969482422,4928400,202.81802368164062
2022-12-12,210.0,214.82000732421875,209.47000122070312,214.58999633789062,5941700,208.5420379638672
2022-12-13,219.5399932861328,219.97999572753906,212.6199951171875,213.0399932861328,14585000,207.03570556640625
2022-12-14,212.85000610351562,216.27999877929688,211.6300048828125,213.32000732421875,7001700,207.30780029296875
2022-12-15,209.60000610351562,211.82000732421875,206.82000732421875,207.91000366210938,10831800,202.05026245117188
2022-12-16,207.49000549316406,208.39999389648438,205.3000030517578,206.88999938964844,12472900,201.05905151367188
2022-12-19,206.6300048828125,207.47000122070312,203.9499969482422,204.82000732421875,4893600,199.04736328125
2022-12-20,203.8800048828125,206.52999877929688,203.5500030517578,205.36000061035156,5024900,199.57215881347656
2022-12-21,206.57000732421875,207.9600067138672,205.5800018310547,206.80999755859375,4086900,200.98126220703125
2022-12-22,205.75,206.64999389648438,202.1300048828125,205.05999755859375,5690300,199.28060913085938
2022-12-23,204.1300048828125,206.24000549316406,203.52000427246094,205.8300018310547,3246000,200.02891540527344
2022-12-27,205.9199981689453,206.8800048828125,204.60000610351562,206.2899932861328,2904900,200.47592163085938
2022-12-28,206.67999267578125,208.52999877929688,204.8000030517578,204.99000549316406,3139200,199.21258544921875
2022-12-29,205.9499969482422,208.52999877929688,205.5,208.05999755859375,3675500,202.19602966308594
2022-12-30,206.30999755859375,208.0399932861328,205.6999969482422,207.75999450683594,4159400,201.90447998046875
2023-01-03,209.27999877929688,212.3300018310547,206.16000366210938,207.38999938964844,4202800,201.544921875
2023-01-04,209.6199951171875,213.1999969482422,209.6199951171875,212.61000061035156,6606200,206.61782836914062
2023-01-05,213.8000030517578,214.16000366210938,210.4600067138672,211.11000061035156,5246000,205.1600799560547
2023-01-06,214.0,218.13999938964844,213.08999633789062,217.75,6829700,211.6129150390625
2023-01-09,219.07000732421875,222.2100067138672,218.35000610351562,218.60000610351562,6294500,212.43894958496094
2023-01-10,218.99000549316406,222.38999938964844,218.17999267578125,221.08999633789062,10857000,214.8588104248047
2023-01-11,221.2899932861328,222.17999267578125,219.6999969482422,222.10000610351562,5408200,215.84036254882812
2023-01-12,222.10000610351562,223.80999755859375,220.61000061035156,223.6199951171875,4264400,217.3175048828125
2023-01-13,221.91000366210938,223.75999450683594,220.13999938964844,223.05999755859375,4283200,216.77328491210938
2023-01-17,222.3800048828125,224.39999389648438,222.3699951171875,223.0,6101100,216.7149658203125
2023-01-18,224.0800018310547,224.99000549316406,219.44000244140625,219.4600067138672,6558000,213.27474975585938
2023-01-19,218.10000610351562,221.52000427246094,217.5,220.41000366210938,4853100,214.19798278808594
2023-01-20,221.13999938964844,224.42999267578125,220.41000366210938,224.30999755859375,5211000,217.98806762695312
2023-01-23,224.60000610351562,226.1999969482422,223.14999389648438,224.17999267578125,5501500,217.86170959472656
2023-01-24,222.02000427246094,230.0,216.6300048828125,223.88999938964844,5274900,217.5799102783203
2023-01-25,221.6199951171875,224.97000122070312,221.1699981689453,224.89999389648438,4729600,218.56138610839844
2023-01-26,226.0,227.0800018310547,223.6699981689453,224.7100067138672,7043400,218.3767852783203
2023-01-27,228.0,232.83999633789062,227.25,231.44000244140625,11382600,224.91708374023438
2023-01-30,230.1999969482422,230.4199981689453,227.92999267578125,229.10000610351562,5677400,222.64308166503906
2023-01-31,228.80999755859375,230.8000030517578,228.4499969482422,230.2100067138672,11294200,223.72177124023438
2023-02-01,229.3699951171875,232.66000366210938,227.8000030517578,230.89999389648438,5792700,224.39227294921875
2023-02-02,233.9600067138672,234.3000030517578,228.3699951171875,229.55999755859375,7190000,223.09007263183594
2023-02-03,228.69000244140625,230.86000061035156,227.63999938964844,230.1300048828125,5243600,223.64401245117188
2023-02-06,228.6999969482422,230.25999450683594,228.0399932861328,229.44000244140625,3402400,222.97349548339844
2023-02-07,228.02000427246094,232.1300048828125,227.9499969482422,231.32000732421875,4042600,224.80044555664062
2023-02-08,230.33999633789062,231.86000061035156,229.99000549316406,230.1999969482422,4978600,223.71202087402344
2023-02-09,232.41000366210938,232.47999572753906,229.1300048828125,229.35000610351562,5238400,223.3225555419922
2023-02-10,228.9600067138672,229.91000366210938,226.16000366210938,227.1999969482422,4509700,221.2290496826172
2023-02-13,226.8800048828125,229.8300018310547,226.27000427246094,228.8800048828125,4946700,222.86489868164062
2023-02-14,228.6699981689453,231.4199981689453,227.1699981689453,229.38999938964844,4829400,223.3614959716797
2023-02-15,227.58999633789062,229.07000732421875,226.8000030517578,228.9199981689453,4407300,222.9038543701172
2023-02-16,226.07000732421875,228.36000061035156,225.6699981689453,225.8300018310547,3865900,219.8950653076172
2023-02-17,224.17999267578125,224.77000427246094,221.74000549316406,223.55999755859375,4520200,217.68475341796875
2023-02-21,220.16000366210938,222.44000244140625,219.99000549316406,220.6199951171875,7276100,214.82196044921875
2023-02-22,220.41000366210938,221.75,219.4499969482422,220.02000427246094,4621800,214.2377471923828
2023-02-23,221.55999755859375,222.08999633789062,218.92999267578125,221.1300048828125,5533800,215.31858825683594
2023-02-24,218.47999572753906,220.24000549316406,217.4600067138672,219.5500030517578,4414400,213.7801055908203
2023-02-27,220.72999572753906,221.44000244140625,219.33999633789062,220.35000610351562,4255300,214.55909729003906
2023-02-28,220.0,221.77000427246094,219.5,219.94000244140625,5385400,214.15985107421875
2023-03-01,219.4600067138672,220.27000427246094,216.42999267578125,218.36000061035156,4792700,212.62135314941406
2023-03-02,217.88999938964844,219.60000610351562,217.08999633789062,219.05999755859375,5539300,213.30294799804688
2023-03-03,220.1999969482422,224.02000427246094,219.89999389648438,223.77000427246094,6055400,217.8892059326172
2023-03-06,223.92999267578125,227.4199981689453,223.69000244140625,226.75,5737600,220.79087829589844
2023-03-07,226.75,227.3800048828125,223.0800018310547,223.1699981689453,4386800,217.30494689941406
2023-03-08,221.9600067138672,222.92999267578125,221.17999267578125,222.19000244140625,4194900,216.35067749023438
2023-03-09,221.39999389648438,224.3699951171875,219.66000366210938,220.00999450683594,5066700,214.22802734375
2023-03-10,219.02999877929688,219.1199951171875,215.47999572753906,216.13999938964844,6638900,210.459716796875
2023-03-13,214.6300048828125,217.85000610351562,212.5,214.47000122070312,6810800,208.8336181640625
2023-03-14,218.0,219.8699951171875,216.0399932861328,218.66000366210938,7985600,212.9134979248047
2023-03-15,214.41000366210938,216.91000366210938,213.6699981689453,216.3699951171875,8372200,210.6836395263672
2023-03-16,215.1699981689453,217.5800018310547,208.75999450683594,217.4499969482422,13674600,211.73526000976562
2023-03-17,214.8699951171875,218.66000366210938,214.8699951171875,217.38999938964844,18801200,211.67686462402344
2023-03-20,217.0,220.5500030517578,216.83999633789062,218.14999389648438,9817400,212.4169158935547
2023-03-21,221.33999633789062,222.50999450683594,218.67999267578125,221.9499969482422,8971400,216.1170196533203
2023-03-22,222.5,224.89999389648438,219.9199981689453,220.0399932861328,6700600,214.25723266601562
2023-03-23,220.44000244140625,225.25,220.25999450683594,222.58999633789062,6427700,216.7401885986328
2023-03-24,220.6699981689453,221.3300018310547,218.25,221.0399932861328,4791500,215.23094177246094
2023-03-27,222.58999633789062,224.0800018310547,221.38999938964844,221.80999755859375,7210900,215.98069763183594
2023-03-28,222.82000732421875,223.3300018310547,218.64999389648438,220.3300018310547,6418400,214.5395965576172
2023-03-29,222.2899932861328,223.5500030517578,220.9199981689453,223.3000030517578,4483000,217.4315643310547
2023-03-30,223.9199981689453,224.24000549316406,221.2100067138672,222.36000061035156,5383900,216.51626586914062
2023-03-31,223.60000610351562,225.83999633789062,223.2899932861328,225.4600067138672,9509000,219.5347900390625
2023-04-03,225.22999572753906,229.16000366210938,224.1199951171875,229.0,6421500,222.98178100585938
2023-04-04,229.0,230.0500030517578,226.8300018310547,227.66000366210938,5254700,221.6769561767578
2023-04-05,226.77999877929688,228.47000122070312,226.5500030517578,228.1699981689453,4813600,222.17359924316406
2023-04-06,226.16000366210938,226.72999572753906,224.67999267578125,225.99000549316406,4285200,220.0508575439453
2023-04-10,225.55999755859375,226.47999572753906,224.32000732421875,226.42999267578125,4952200,220.4792938232422
2023-04-11,227.0,229.13999938964844,226.1999969482422,228.4499969482422,4513300,222.44619750976562
2023-04-12,229.92999267578125,231.58999633789062,227.3300018310547,227.80999755859375,4373000,221.822998046875
2023-04-13,229.4600067138672,232.83999633789062,228.8000030517578,232.69000244140625,7615500,226.57476806640625
2023-04-14,232.99000549316406,234.99000549316406,232.24000549316406,234.02000427246094,9781300,227.8698272705078
2023-04-17,234.02000427246094,234.0500030517578,230.94000244140625,233.47999572753906,4865000,227.34400939941406
2023-04-18,233.75,234.3300018310547,231.69000244140625,233.60000610351562,4796200,227.46087646484375
2023-04-19,234.0,234.05999755859375,231.85000610351562,232.57000732421875,3833900,226.45794677734375
2023-04-20,232.4600067138672,234.6699981689453,231.5,234.60000610351562,4925700,228.43460083007812
2023-04-21,235.0,235.57000732421875,233.3800048828125,234.0500030517578,6771500,227.89903259277344
2023-04-24,234.22999572753906,235.14999389648438,231.50999450683594,232.75999450683594,9124100,226.64292907714844
2023-04-25,233.02000427246094,235.02000427246094,229.42999267578125,229.58999633789062,6076500,223.55625915527344
2023-04-26,231.22000122070312,232.77000427246094,226.72000122070312,228.14999389648438,8400400,222.1540985107422
2023-04-27,228.6699981689453,229.6300048828125,226.61000061035156,229.00999450683594,7128200,222.99148559570312
2023-04-28,228.64999389648438,233.57000732421875,228.05999755859375,232.72999572753906,11627900,226.61370849609375
2023-05-01,232.8699951171875,234.58999633789062,231.50999450683594,232.50999450683594,4571100,226.39952087402344
2023-05-02,231.9499969482422,232.3699951171875,226.2100067138672,226.97999572753906,5244000,221.01483154296875
2023-05-03,226.97999572753906,228.6699981689453,225.9199981689453,225.97999572753906,4093300,220.04112243652344
2023-05-04,224.83999633789062,226.05999755859375,223.47999572753906,225.60000610351562,5648700,219.6710968017578
2023-05-05,228.33999633789062,232.33999633789062,227.2899932861328,231.77999877929688,6237500,225.68870544433594
2023-05-08,231.25,233.4499969482422,231.25,232.22999572753906,2938400,226.1268768310547
2023-05-09,231.0800018310547,234.08999633789062,230.82000732421875,233.25999450683594,4352100,227.12979125976562
2023-05-10,234.3000030517578,234.80999755859375,228.89999389648438,231.27000427246094,5245000,225.192138671875
2023-05-11,230.75,231.52000427246094,228.27000427246094,231.00999450683594,3818000,225.37747192382812
2023-05-12,232.0,232.72999572753906,229.82000732421875,231.3800048828125,3432700,225.7384796142578
2023-05-15,231.19000244140625,232.8300018310547,230.5500030517578,232.80999755859375,2843200,227.13360595703125
2023-05-16,232.55999755859375,233.10000610351562,229.6300048828125,230.47000122070312,4289700,224.8506317138672
2023-05-17,232.72999572753906,233.88999938964844,230.5500030517578,232.64999389648438,4990100,226.9774627685547
2023-05-18,232.39999389648438,234.14999389648438,231.1300048828125,233.60000610351562,6621900,227.904296875
2023-05-19,234.0,234.33999633789062,231.94000244140625,233.30999755859375,5399400,227.6214141845703
2023-05-22,233.30999755859375,233.8699951171875,231.17999267578125,231.27999877929688,3987800,225.64089965820312
2023-05-23,229.27000427246094,229.49000549316406,223.66000366210938,224.5800018310547,8537200,219.10426330566406
2023-05-24,222.5500030517578,223.10000610351562,220.02999877929688,222.25,6730800,216.83103942871094
2023-05-25,222.4499969482422,224.69000244140625,220.49000549316406,223.3800048828125,6827600,217.93350219726562
2023-05-26,223.82000732421875,226.2100067138672,223.33999633789062,225.00999450683594,5067300,219.5237579345703
2023-05-30,225.00999450683594,225.47000122070312,219.75,221.63999938964844,6916000,216.23594665527344
2023-05-31,219.9600067138672,221.52999877929688,216.13999938964844,221.02999877929688,20460600,215.6407928466797
2023-06-01,222.72999572753906,226.7100067138672,222.42999267578125,226.5,7003600,220.97743225097656
2023-06-02,228.80999755859375,230.27000427246094,227.4199981689453,228.7899932861328,5897100,223.21156311035156
2023-06-05,227.91000366210938,228.3300018310547,225.30999755859375,226.77000427246094,4858900,221.2408447265625
2023-06-06,226.69000244140625,229.25,226.16000366210938,228.22000122070312,6020100,222.65548706054688
2023-06-07,227.0,227.5500030517578,221.02000427246094,225.27000427246094,8517200,219.77745056152344
2023-06-08,225.08999633789062,225.13999938964844,222.41000366210938,223.0500030517578,6248200,217.611572265625
2023-06-09,223.63999938964844,225.17999267578125,222.75999450683594,223.55999755859375,6385000,218.109130859375
2023-06-12,224.41000366210938,226.4499969482422,223.6300048828125,226.1699981689453,8621100,220.6554718017578
2023-06-13,225.6199951171875,227.14999389648438,222.6300048828125,223.39999389648438,6868700,217.95298767089844
2023-06-14,223.74000549316406,225.47000122070312,222.5800018310547,223.44000244140625,9160700,217.99205017089844
2023-06-15,222.02000427246094,227.11000061035156,221.3699951171875,226.1699981689453,12534000,220.6554718017578
2023-06-16,226.4499969482422,229.8000030517578,226.0800018310547,228.91000366210938,13628900,223.32867431640625
2023-06-20,227.0,229.57000732421875,226.17999267578125,226.47000122070312,12312300,220.94815063476562
2023-06-21,226.1199951171875,228.6300048828125,224.97999572753906,227.25,7032100,221.7091522216797
2023-06-22,226.36000061035156,228.92999267578125,225.5,228.38999938964844,6275500,222.82135009765625
2023-06-23,227.22000122070312,229.97999572753906,226.38999938964844,229.5500030517578,5424400,223.95306396484375
2023-06-26,229.44000244140625,230.10000610351562,226.1999969482422,226.3000030517578,5165400,220.78233337402344
2023-06-27,227.47999572753906,228.61000061035156,226.52000427246094,227.33999633789062,4628500,221.7969512939453
2023-06-28,227.5,228.05999755859375,226.02000427246094,227.9600067138672,5324500,222.40184020996094
2023-06-29,228.7899932861328,234.6999969482422,228.60000610351562,234.32000732421875,7118900,228.6067657470703
2023-06-30,236.27000427246094,238.27999877929688,235.9499969482422,237.47999572753906,6879400,231.6897430419922
2023-07-03,237.0,238.39999389648438,235.41000366210938,237.97000122070312,3087400,232.16775512695312
2023-07-05,234.41000366210938,240.0,233.99000549316406,239.4499969482422,7601200,233.61167907714844
2023-07-06,238.27000427246094,239.60000610351562,236.69000244140625,238.8800048828125,6441800,233.05560302734375
2023-07-07,236.72999572753906,238.44000244140625,236.1300048828125,236.4499969482422,5729500,230.68484497070312
2023-07-10,237.00999450683594,239.10000610351562,236.5,238.16000366210938,4858900,232.35313415527344
2023-07-11,238.80999755859375,240.6999969482422,238.1199951171875,240.5500030517578,3856500,234.68484497070312
2023-07-12,241.5500030517578,243.9499969482422,241.22999572753906,242.2100067138672,6116000,236.3043975830078
2023-07-13,243.7899932861328,244.27000427246094,243.14999389648438,243.30999755859375,5819600,237.37754821777344
2023-07-14,244.72999572753906,244.74000549316406,241.9600067138672,243.16000366210938,4941200,237.23118591308594
2023-07-17,243.11000061035156,245.3699951171875,243.0,243.99000549316406,4328100,238.0409698486328
2023-07-18,243.10000610351562,243.17999267578125,237.67999267578125,240.77000427246094,7674000,234.89952087402344
2023-07-19,241.25,242.58999633789062,240.1199951171875,241.4199981689453,4835500,235.5336456298828
2023-07-20,241.16000366210938,241.61000061035156,239.07000732421875,239.6199951171875,4695000,233.77749633789062
2023-07-21,239.74000549316406,240.35000610351562,238.72999572753906,239.25,5427400,233.4165496826172
2023-07-24,239.67999267578125,241.27999877929688,238.19000244140625,240.74000549316406,6010000,234.8702392578125
2023-07-25,240.02000427246094,240.8000030517578,238.55999755859375,238.69000244140625,4997500,232.8701934814453
2023-07-26,231.4199981689453,238.85000610351562,227.67999267578125,237.10000610351562,7551400,231.3189697265625
2023-07-27,237.4199981689453,238.66000366210938,232.9600067138672,234.44000244140625,8160100,228.72386169433594
2023-07-28,234.5800018310547,235.8800048828125,233.7100067138672,235.75,6794800,230.0019073486328
2023-07-31,236.0,238.4199981689453,236.0,237.72999572753906,4799600,231.93360900878906
2023-08-01,237.13999938964844,240.72999572753906,237.0,239.77999877929688,4627300,233.93362426757812
2023-08-02,238.6300048828125,238.7899932861328,236.7899932861328,237.55999755859375,4868200,231.76776123046875
2023-08-03,236.0,239.0500030517578,235.25,238.75999450683594,5033800,232.9385223388672
2023-08-04,238.0,241.91000366210938,237.83999633789062,238.99000549316406,5169700,233.16290283203125
2023-08-07,239.22000122070312,242.17999267578125,239.2100067138672,241.50999450683594,5649800,235.6214141845703
2023-08-08,240.4199981689453,241.36000061035156,237.38999938964844,239.2899932861328,5080600,233.45558166503906
2023-08-09,240.5,241.97000122070312,239.49000549316406,239.75999450683594,4055000,233.9141082763672
2023-08-10,240.6199951171875,243.9499969482422,240.08999633789062,240.16000366210938,4778000,234.7449951171875
2023-08-11,240.0,240.72000122070312,238.4199981689453,240.0399932861328,3607100,234.62767028808594
2023-08-14,240.72000122070312,243.3300018310547,240.25999450683594,242.89999389648438,4351100,237.4231719970703
2023-08-15,242.00999450683594,242.6699981689453,239.35000610351562,239.8300018310547,3770100,234.42237854003906
2023-08-16,236.52999877929688,241.07000732421875,236.02000427246094,239.2899932861328,3218600,233.8945770263672
2023-08-17,240.0,240.3800048828125,236.49000549316406,237.3699951171875,4177600,232.0178985595703
2023-08-18,235.5800018310547,239.0500030517578,235.3000030517578,238.1699981689453,4344800,232.79983520507812
2023-08-21,239.3800048828125,240.52999877929688,237.75999450683594,239.4600067138672,3573600,234.06076049804688
2023-08-22,240.0,241.42999267578125,238.6699981689453,240.57000732421875,3848400,235.14572143554688
2023-08-23,241.32000732421875,242.5399932861328,240.72000122070312,242.3000030517578,4947700,236.83673095703125
2023-08-24,242.25,243.55999755859375,239.36000061035156,239.47000122070312,4570700,234.0705108642578
2023-08-25,241.3800048828125,243.41000366210938,240.2100067138672,242.57000732421875,3541500,237.10061645507812
2023-08-28,243.00999450683594,245.22999572753906,242.60000610351562,243.8300018310547,3741500,238.33221435546875
2023-08-29,243.5,245.8300018310547,243.39999389648438,245.33999633789062,3975600,239.80816650390625
2023-08-30,246.4199981689453,248.22999572753906,246.0500030517578,246.22999572753906,4573300,240.67807006835938
2023-08-31,245.58999633789062,248.02000427246094,245.4499969482422,245.67999267578125,5532600,240.1405029296875
2023-09-01,247.47000122070312,248.8699951171875,246.77000427246094,248.11000061035156,4112900,242.51573181152344
2023-09-05,248.35000610351562,248.69000244140625,245.1999969482422,245.33999633789062,4459600,239.80816650390625
2023-09-06,245.4199981689453,246.66000366210938,244.2100067138672,246.16000366210938,4520300,240.60968017578125
2023-09-07,245.5,247.39999389648438,245.11000061035156,247.13999938964844,4007900,241.5675506591797
2023-09-08,247.7899932861328,248.13999938964844,246.44000244140625,247.2899932861328,3309100,241.7141876220703
2023-09-11,247.3300018310547,248.36000061035156,246.27000427246094,247.22000122070312,2995800,241.645751953125
2023-09-12,246.94000244140625,247.75999450683594,246.00999450683594,247.3000030517578,3499600,241.72396850585938
2023-09-13,247.14999389648438,250.05999755859375,246.61000061035156,247.8300018310547,5657000,242.24203491210938
2023-09-14,245.0,245.5399932861328,238.75,241.5,12000000,236.05474853515625
2023-09-15,241.89999389648438,244.10000610351562,240.02999877929688,241.07000732421875,13077900,235.6344757080078
2023-09-18,240.94000244140625,245.22999572753906,240.77000427246094,244.66000366210938,4771600,239.1434783935547
2023-09-19,245.0,245.1199951171875,241.4600067138672,243.55999755859375,4709000,238.0683135986328
2023-09-20,243.6300048828125,244.52999877929688,241.6699981689453,241.86000061035156,5756600,236.40663146972656
2023-09-21,240.77000427246094,240.77999877929688,236.27000427246094,236.61000061035156,6881500,231.27500915527344
2023-09-22,236.75,237.7899932861328,234.8800048828125,235.0800018310547,5935500,229.77951049804688
2023-09-25,235.3800048828125,235.47000122070312,232.2100067138672,233.36000061035156,5921600,228.09829711914062
2023-09-26,231.92999267578125,232.6699981689453,229.60000610351562,229.64999389648438,6193200,224.47195434570312
2023-09-27,230.25999450683594,230.67999267578125,227.9199981689453,229.5,6006700,224.32533264160156
2023-09-28,230.6699981689453,232.5399932861328,229.6699981689453,231.66000366210938,4203900,226.43661499023438
2023-09-29,232.83999633789062,233.02999877929688,229.64999389648438,230.00999450683594,6045200,224.8238067626953
2023-10-02,229.24000549316406,231.3699951171875,228.77000427246094,231.27000427246094,5175200,226.055419921875
2023-10-03,230.47000122070312,231.75,227.77999877929688,228.80999755859375,5585700,223.65086364746094
2023-10-04,229.47999572753906,231.6999969482422,228.8800048828125,231.22000122070312,5430900,226.00656127929688
2023-10-05,230.41000366210938,234.19000244140625,230.22000122070312,233.47999572753906,6126200,228.21556091308594
2023-10-06,233.1699981689453,236.58999633789062,232.75,235.0399932861328,6401300,229.7404022216797
2023-10-09,232.8000030517578,235.1699981689453,231.6999969482422,234.44000244140625,5372200,229.1539306640625
2023-10-10,234.89999389648438,238.22000122070312,234.27999877929688,236.60000610351562,4644000,231.26522827148438
2023-10-11,237.5500030517578,238.50999450683594,234.88999938964844,235.67999267578125,4760900,230.365966796875
2023-10-12,236.7100067138672,237.72999572753906,234.88999938964844,236.77999877929688,4472800,231.44114685058594
2023-10-13,236.38999938964844,238.64999389648438,236.22999572753906,237.6699981689453,4966800,232.3111114501953
2023-10-16,239.0,240.7100067138672,238.3300018310547,240.07000732421875,6227300,234.65699768066406
2023-10-17,239.6300048828125,241.47999572753906,238.2899932861328,241.1999969482422,4527600,235.76148986816406
2023-10-18,239.9600067138672,240.8300018310547,236.99000549316406,237.47000122070312,9528300,232.1156463623047
2023-10-19,237.47000122070312,237.9199981689453,233.41000366210938,233.80999755859375,5927400,228.5381317138672
2023-10-20,234.1300048828125,235.77000427246094,232.63999938964844,233.3800048828125,5748300,228.11782836914062
2023-10-23,231.36000061035156,234.4600067138672,231.27999877929688,231.52999877929688,5071700,226.30955505371094
2023-10-24,232.88999938964844,236.52999877929688,232.88999938964844,234.64999389648438,6844100,229.3591766357422
2023-10-25,232.25,238.47999572753906,231.2899932861328,236.85000610351562,10365300,231.50961303710938
2023-10-26,234.57000732421875,235.61000061035156,230.36000061035156,231.27999877929688,6414500,226.06520080566406
2023-10-27,231.1699981689453,231.38999938964844,228.02999877929688,229.27000427246094,5540900,224.10049438476562
2023-10-30,232.19000244140625,233.3800048828125,230.02999877929688,233.0800018310547,5170300,227.8245849609375
2023-10-31,233.57000732421875,235.72000122070312,232.99000549316406,235.10000610351562,4828400,229.79904174804688
2023-11-01,236.13999938964844,239.0399932861328,235.67999267578125,238.5800018310547,4996200,233.2006072998047
2023-11-02,239.91000366210938,243.25,239.1999969482422,243.25,6286700,237.7653045654297
2023-11-03,245.1199951171875,245.32000732421875,242.25999450683594,243.60000610351562,5029800,238.10739135742188
2023-11-06,244.0,244.77999877929688,242.61000061035156,243.49000549316406,5254100,237.9998779296875
2023-11-07,243.41000366210938,245.07000732421875,243.3800048828125,244.77000427246094,4219700,239.25103759765625
2023-11-08,243.49000549316406,244.75,242.8000030517578,243.91000366210938,5117500,238.91798400878906
2023-11-09,244.3300018310547,244.47999572753906,240.97000122070312,241.63999938964844,4866600,236.6944122314453
2023-11-10,243.97999572753906,245.27000427246094,241.97000122070312,245.25,4094400,240.23056030273438
2023-11-13,245.0,245.67999267578125,244.11000061035156,244.6699981689453,4088500,239.66241455078125
2023-11-14,246.1699981689453,247.92999267578125,245.5800018310547,246.94000244140625,14092000,241.88595581054688
2023-11-15,246.80999755859375,248.24000549316406,245.33999633789062,248.11000061035156,13258900,243.0320281982422
2023-11-16,248.58999633789062,249.4499969482422,247.27000427246094,248.57000732421875,7051600,243.4826202392578
2023-11-17,249.4499969482422,250.24000549316406,248.66000366210938,249.55999755859375,7238200,244.45233154296875
2023-11-20,249.61000061035156,250.92999267578125,245.60000610351562,249.97000122070312,8604200,244.85394287109375
2023-11-21,250.02999877929688,253.33999633789062,250.02999877929688,252.22999572753906,7213700,247.0676727294922
2023-11-22,253.0,254.5399932861328,252.66000366210938,253.72000122070312,5701400,248.52719116210938
2023-11-24,254.19000244140625,254.6999969482422,253.5,254.3000030517578,1640900,249.0953369140625
2023-11-27,254.3000030517578,254.97999572753906,252.52000427246094,254.13999938964844,5478900,248.93858337402344
2023-11-28,253.85000610351562,254.14999389648438,251.61000061035156,252.94000244140625,5234900,247.76315307617188
2023-11-29,253.9199981689453,256.07000732421875,253.52000427246094,254.22999572753906,4955100,249.0267333984375
2023-11-30,254.25,256.7699890136719,253.1699981689453,256.67999267578125,6874700,251.42660522460938
2023-12-01,255.7899932861328,256.9100036621094,253.89999389648438,256.45001220703125,3939400,251.20132446289062
2023-12-04,255.91000366210938,257.3900146484375,254.35000610351562,254.44000244140625,5247500,249.2324981689453
2023-12-05,254.19000244140625,254.82000732421875,252.13999938964844,254.61000061035156,4199100,249.39894104003906
2023-12-06,255.8000030517578,256.8299865722656,253.52999877929688,254.2899932861328,3874000,249.08554077148438
2023-12-07,254.88999938964844,256.1400146484375,253.5,255.82000732421875,3589300,250.58421325683594
2023-12-08,255.0,256.0400085449219,253.8699951171875,255.74000549316406,3732300,250.50587463378906
2023-12-11,255.0,257.6300048828125,255.0,256.5199890136719,6479300,251.2698974609375
2023-12-12,257.29998779296875,259.7200012207031,256.3999938964844,259.55999755859375,5946600,254.24766540527344
2023-12-13,259.1499938964844,262.4800109863281,258.69000244140625,262.3800048828125,4859900,257.0099182128906
2023-12-14,263.19000244140625,263.25,256.3999938964844,258.7300109863281,8168700,253.43467712402344
2023-12-15,254.50999450683594,258.3699951171875,254.4499969482422,258.0299987792969,13374000,252.74899291992188
2023-12-18,258.70001220703125,259.5899963378906,257.95001220703125,258.3699951171875,6041100,253.08197021484375
2023-12-19,258.6099853515625,260.3399963378906,257.20001220703125,259.989990234375,8731200,254.66885375976562
2023-12-20,260.5,260.82000732421875,257.0799865722656,257.1099853515625,7240900,251.8477783203125
2023-12-21,257.510009765625,259.989990234375,257.0400085449219,259.5400085449219,6246700,254.2281036376953
2023-12-22,260.0,261.2099914550781,258.2200012207031,258.42999267578125,5111500,253.14083862304688
2023-12-26,258.5299987792969,259.739990234375,258.5299987792969,259.1600036621094,2085100,253.85585021972656
2023-12-27,259.25,259.7699890136719,258.30999755859375,258.92999267578125,4034700,253.6305389404297
2023-12-28,258.5400085449219,260.9700012207031,258.5400085449219,260.3999938964844,3020500,255.07046508789062
2023-12-29,260.57000732421875,261.4599914550781,259.6700134277344,260.3500061035156,4074900,255.021484375
2024-01-02,259.6099853515625,260.0899963378906,257.6700134277344,258.8699951171875,5471000,253.57179260253906
2024-01-03,258.54998779296875,258.8599853515625,256.8599853515625,257.9800109863281,4148300,252.70004272460938
2024-01-04,258.07000732421875,261.0400085449219,258.0,259.6099853515625,3843000,254.29660034179688
2024-01-05,260.7799987792969,261.4599914550781,258.75,259.69000244140625,3748400,254.37503051757812
2024-01-08,260.94000244140625,262.6199951171875,259.95001220703125,262.5400085449219,4659000,257.16668701171875
2024-01-09,262.0,263.6199951171875,261.1400146484375,263.3299865722656,7055800,257.94049072265625
2024-01-10,264.9700012207031,265.3699951171875,262.8599853515625,264.55999755859375,4355800,259.1453552246094
2024-01-11,265.4599914550781,266.19000244140625,262.3999938964844,264.0299987792969,5599000,258.62615966796875
2024-01-12,265.1300048828125,265.54998779296875,263.7099914550781,264.1700134277344,4656100,258.76336669921875
2024-01-16,263.5199890136719,265.6600036621094,262.3500061035156,265.239990234375,6196400,259.8114013671875
2024-01-17,264.4200134277344,267.1000061035156,264.3900146484375,266.6300048828125,5118700,261.1729431152344
2024-01-18,267.8800048828125,268.7799987792969,266.4200134277344,268.1400146484375,6694300,262.6520690917969
2024-01-19,268.17999267578125,271.1499938964844,267.04998779296875,270.8999938964844,7226500,265.3555603027344
2024-01-22,272.239990234375,272.3500061035156,270.3599853515625,271.20001220703125,5984300,265.6494140625
2024-01-23,271.54998779296875,271.8699951171875,269.9100036621094,271.260009765625,5883000,265.7081604003906
2024-01-24,272.57000732421875,272.8599853515625,271.0799865722656,271.6499938964844,5021700,266.0902404785156
2024-01-25,271.95001220703125,272.7799987792969,270.79998779296875,272.6099853515625,6894900,267.0305480957031
2024-01-26,265.94000244140625,270.8699951171875,265.6000061035156,267.94000244140625,8586500,262.4561767578125
2024-01-29,266.9700012207031,275.07000732421875,266.7099914550781,273.6600036621094,6574500,268.05902099609375
2024-01-30,274.5899963378906,278.6400146484375,274.19000244140625,277.1499938964844,6549000,271.47760009765625
2024-01-31,277.1199951171875,279.989990234375,273.17999267578125,273.260009765625,6139300,267.66729736328125
2024-02-01,273.3900146484375,277.19000244140625,273.3599853515625,277.04998779296875,7065000,271.3796691894531
2024-02-02,277.6099853515625,278.5,275.67999267578125,277.17999267578125,4848700,271.50701904296875
2024-02-05,277.3999938964844,278.0,275.1300048828125,275.5799865722656,4899100,269.93975830078125
2024-02-06,274.79998779296875,276.8800048828125,274.0299987792969,276.760009765625,4400000,271.0956726074219
2024-02-07,279.3800048828125,279.5400085449219,277.05999755859375,279.3900146484375,4785900,273.67181396484375
2024-02-08,279.5400085449219,279.6600036621094,275.2799987792969,275.7799987792969,5833400,270.6393737792969
2024-02-09,275.0,277.17999267578125,274.0899963378906,276.42999267578125,4618300,271.2772521972656
2024-02-12,276.42999267578125,276.6700134277344,274.239990234375,275.07000732421875,3676200,269.94268798828125
2024-02-13,273.75,278.0,272.760009765625,275.80999755859375,5493800,270.6688537597656
2024-02-14,276.4700012207031,277.6400146484375,274.7099914550781,277.55999755859375,4218400,272.3862609863281
2024-02-15,277.6499938964844,281.1199951171875,277.55999755859375,280.9800109863281,4834800,275.74249267578125
2024-02-16,280.9599914550781,281.1199951171875,277.8699951171875,278.55999755859375,6630700,273.3675537109375
2024-02-20,274.57000732421875,276.8399963378906,273.3399963378906,275.1499938964844,6157200,270.02117919921875
2024-02-21,274.6300048828125,276.9700012207031,273.5299987792969,276.760009765625,4770100,271.6011657714844
2024-02-22,279.17999267578125,284.05999755859375,278.9800109863281,283.75,5100200,278.4608459472656
2024-02-23,284.7200012207031,285.95001220703125,283.5,283.6000061035156,5107700,278.3136291503906
2024-02-26,283.0400085449219,285.3500061035156,282.6600036621094,284.1499938964844,3856900,278.8533935546875
2024-02-27,284.1700134277344,284.1700134277344,281.5400085449219,283.1700134277344,4145200,277.89166259765625
2024-02-28,282.1000061035156,286.1300048828125,282.0799865722656,285.6300048828125,4358800,280.3058166503906
2024-02-29,285.5,285.6600036621094,282.17999267578125,282.6400146484375,6633700,277.3715515136719
2024-03-01,283.20001220703125,284.9100036621094,282.1099853515625,283.1600036621094,3955700,277.8818664550781
2024-03-04,282.80999755859375,283.0,278.1300048828125,280.5299987792969,5920300,275.3009033203125
2024-03-05,280.2699890136719,280.989990234375,277.67999267578125,279.3800048828125,6227900,274.1723327636719
2024-03-06,280.0,282.0,279.30999755859375,280.42999267578125,4535200,275.20269775390625
2024-03-07,280.8800048828125,281.1700134277344,276.1600036621094,278.260009765625,5668500,273.0731506347656
2024-03-08,279.0,281.6700134277344,278.8299865722656,280.0400085449219,3928800,274.8200378417969
2024-03-11,279.45001220703125,280.7699890136719,277.989990234375,280.55999755859375,4614000,275.3302917480469
2024-03-12,281.30999755859375,284.4800109863281,280.2900085449219,283.9200134277344,7988700,278.627685546875
2024-03-13,284.6600036621094,286.1000061035156,283.82000732421875,285.1400146484375,5783800,279.8249816894531
2024-03-14,288.9599914550781,289.0400085449219,284.54998779296875,286.4100036621094,5484500,281.0712890625
2024-03-15,283.54998779296875,285.6300048828125,282.6400146484375,283.0400085449219,9845000,277.7640686035156
2024-03-18,283.8699951171875,286.2300109863281,283.25,285.04998779296875,4095600,279.736572265625
2024-03-19,286.6600036621094,288.05999755859375,285.25,287.3500061035156,6595200,281.99371337890625
2024-03-20,287.6400146484375,289.8699951171875,286.7200012207031,289.2799987792969,6105000,283.88775634765625
2024-03-21,289.9700012207031,290.9599914550781,287.8999938964844,290.3699951171875,5057600,284.9574890136719
2024-03-22,290.0,290.489990234375,282.8900146484375,283.260009765625,8744100,277.97998046875
2024-03-25,283.010009765625,283.5,280.0400085449219,281.2099914550781,8519200,275.9681701660156
2024-03-26,284.1300048828125,284.1300048828125,278.4100036621094,280.6000061035156,8752400,275.36956787109375
2024-03-27,280.25,281.25,276.9800109863281,279.0199890136719,5190700,273.8190002441406
2024-03-28,278.489990234375,279.79998779296875,277.1199951171875,279.0799865722656,5844400,273.87786865234375
2024-04-01,280.3599853515625,280.8900146484375,276.7900085449219,278.2799987792969,5084000,273.0928039550781
2024-04-02,278.0,279.3299865722656,276.9800109863281,278.44000244140625,6912300,273.2498474121094
2024-04-03,280.4800109863281,280.4800109863281,276.55999755859375,276.9599914550781,4536600,271.7974548339844
2024-04-04,278.3599853515625,279.0799865722656,273.55999755859375,274.0,4018600,268.892578125
2024-04-05,276.1000061035156,277.9599914550781,275.0299987792969,277.1400146484375,4392100,271.9741516113281
2024-04-08,276.25,277.9800109863281,275.1499938964844,277.760009765625,5542400,272.5824890136719
2024-04-09,277.6300048828125,278.0,273.32000732421875,276.7200012207031,7313900,271.5619201660156
2024-04-10,275.4200134277344,276.82000732421875,274.1199951171875,274.4800109863281,5276000,269.3636779785156
2024-04-11,274.0,276.4800109863281,272.17999267578125,275.67999267578125,8102300,270.54119873046875
2024-04-12,275.54998779296875,277.0,274.05999755859375,275.9599914550781,9038400,270.8160400390625
2024-04-15,277.8900146484375,277.9100036621094,270.3399963378906,271.2799987792969,10267500,266.2232971191406
2024-04-16,270.5400085449219,274.1300048828125,270.1700134277344,271.3500061035156,8237100,266.2919921875
2024-04-17,273.29998779296875,274.0,271.5,272.69000244140625,5940900,267.60699462890625
2024-04-18,272.57000732421875,273.1499938964844,269.8599853515625,271.3699951171875,8231800,266.31158447265625
2024-04-19,271.4700012207031,272.0,268.2900085449219,269.7799987792969,7905400,264.751220703125
2024-04-22,270.95001220703125,273.760009765625,269.3599853515625,272.3299865722656,6463700,267.25372314453125
2024-04-23,274.010009765625,274.8900146484375,272.7099914550781,274.1099853515625,6438000,269.00054931640625
2024-04-24,282.57000732421875,283.0,274.489990234375,275.0199890136719,8807200,269.8935546875
2024-04-25,272.9700012207031,276.2200012207031,270.489990234375,275.1600036621094,8064600,270.031005859375
2024-04-26,275.010009765625,276.7699890136719,273.8299865722656,274.5199890136719,6840600,269.40289306640625
2024-04-29,272.32000732421875,274.4700012207031,271.0899963378906,271.8399963378906,4128600,266.7728271484375
2024-04-30,270.5299987792969,272.0799865722656,268.5799865722656,268.6099853515625,6376400,263.6030578613281
2024-05-01,268.1499938964844,270.9100036621094,266.7099914550781,267.32000732421875,6119900,262.337158203125
2024-05-02,269.3500061035156,269.4700012207031,266.6499938964844,267.6099853515625,5061700,262.6216735839844
2024-05-03,269.0,269.45001220703125,266.5,268.489990234375,3862000,263.48529052734375
2024-05-06,269.6499938964844,272.7799987792969,269.57000732421875,272.6700134277344,3958700,267.58734130859375
2024-05-07,273.7200012207031,277.8800048828125,272.8299865722656,276.4599914550781,6377100,271.3067321777344
2024-05-08,277.79998779296875,278.54998779296875,274.9200134277344,277.19000244140625,9029700,272.0231628417969
2024-05-09,276.79998779296875,278.7900085449219,276.3999938964844,278.5400085449219,8948800,273.34796142578125
2024-05-10,279.54998779296875,281.0299987792969,279.239990234375,280.739990234375,8986400,275.5069274902344
2024-05-13,281.4599914550781,282.1499938964844,279.1000061035156,279.3900146484375,10528400,274.18212890625
2024-05-14,279.44000244140625,279.989990234375,274.2699890136719,277.739990234375,18526100,272.5629577636719
2024-05-15,277.1499938964844,281.7300109863281,277.07000732421875,281.5,21288400,276.2527770996094
2024-05-16,281.739990234375,282.3800048828125,279.260009765625,279.8399963378906,10341500,275.1319885253906
2024-05-17,280.04998779296875,280.9100036621094,278.1000061035156,280.1000061035156,6177800,275.38763427734375
2024-05-20,279.2200012207031,280.2699890136719,278.17999267578125,278.5400085449219,5460900,273.8538513183594
2024-05-21,278.0,278.42999267578125,274.8800048828125,275.95001220703125,6578200,271.3074035644531
2024-05-22,275.5299987792969,278.0799865722656,275.1199951171875,275.5799865722656,4202500,270.94366455078125
2024-05-23,275.239990234375,277.44000244140625,273.0299987792969,274.2300109863281,6115900,269.6163330078125
2024-05-24,275.010009765625,275.239990234375,273.3500061035156,274.489990234375,4339700,269.8719787597656
2024-05-28,274.2300109863281,274.4599914550781,270.2300109863281,270.9800109863281,6212100,266.4211120605469
2024-05-29,269.0,271.1400146484375,268.260009765625,268.8599853515625,5469700,264.3367004394531
2024-05-30,268.70001220703125,271.6400146484375,268.30999755859375,271.29998779296875,4901900,266.7356262207031
2024-05-31,271.44000244140625,272.760009765625,269.010009765625,272.4599914550781,8910000,267.87615966796875
2024-06-03,273.0899963378906,273.1300048828125,268.05999755859375,270.3800048828125,4838800,265.8311767578125
2024-06-04,269.6300048828125,272.989990234375,269.30999755859375,272.4200134277344,4188500,267.8367614746094
2024-06-05,273.5299987792969,274.92999267578125,272.0199890136719,274.5,5368700,269.8818359375
2024-06-06,274.79998779296875,277.1499938964844,274.0799865722656,277.0400085449219,4862400,272.37908935546875
2024-06-07,277.7099914550781,280.3299865722656,276.8599853515625,278.6700134277344,4515600,273.9816589355469
2024-06-10,278.1400146484375,278.55999755859375,273.3800048828125,275.0400085449219,5213800,270.4127197265625
2024-06-11,274.5400085449219,274.8599853515625,272.2200012207031,274.6700134277344,6244600,270.0489807128906
2024-06-12,276.7699890136719,277.6000061035156,269.8999938964844,270.32000732421875,7536600,265.7721252441406
2024-06-13,270.32000732421875,271.8599853515625,269.32000732421875,271.19000244140625,7361200,266.6275329589844
2024-06-14,270.1000061035156,271.54998779296875,269.2699890136719,270.6600036621094,8537300,266.1064147949219
2024-06-17,269.0,271.8299865722656,269.0,271.1700134277344,9258200,266.60784912109375
2024-06-18,271.29998779296875,273.8999938964844,271.29998779296875,273.6199951171875,6707500,269.0166320800781
2024-06-20,273.19000244140625,278.0400085449219,273.1000061035156,276.82000732421875,10164400,272.1628112792969
2024-06-21,277.1700134277344,277.5400085449219,274.5799865722656,275.2200012207031,14594700,270.5896911621094
2024-06-24,275.32000732421875,280.3900146484375,275.2699890136719,276.29998779296875,24149600,271.6515197753906
2024-06-25,276.8500061035156,277.92999267578125,273.5299987792969,273.5299987792969,18325800,268.9281005859375
2024-06-26,272.9100036621094,274.4599914550781,271.75,273.6000061035156,12172000,268.9969177246094
2024-06-27,268.510009765625,270.5899963378906,266.5,266.5899963378906,10529100,262.10491943359375
2024-06-28,267.20001220703125,268.6000061035156,261.25,262.4700012207031,13957300,258.0542297363281
2024-07-01,263.7900085449219,265.7699890136719,261.29998779296875,263.239990234375,7955800,258.8112487792969
2024-07-02,263.239990234375,268.2300109863281,262.3999938964844,268.2300109863281,8697800,263.7173156738281
2024-07-03,269.07000732421875,269.75,268.1499938964844,268.989990234375,5017800,264.46453857421875
2024-07-05,269.0,270.54998779296875,268.239990234375,270.3599853515625,7986400,265.8114318847656
2024-07-08,270.25,271.44000244140625,265.9700012207031,266.3999938964844,8561100,261.91802978515625
2024-07-09,267.0,267.54998779296875,263.9200134277344,265.44000244140625,6431300,260.9742736816406
2024-07-10,259.1199951171875,263.4800109863281,258.510009765625,263.0,9635500,258.5753479003906
2024-07-11,262.1300048828125,263.6300048828125,260.760009765625,262.54998779296875,8803600,258.13287353515625
2024-07-12,264.3399963378906,267.3999938964844,263.6600036621094,265.739990234375,6627800,261.2691650390625
2024-07-15,265.6700134277344,269.239990234375,265.25,268.45001220703125,6845200,263.93359375
2024-07-16,268.5199890136719,270.2099914550781,267.3699951171875,269.25,7869900,264.72015380859375
2024-07-17,268.44000244140625,272.9100036621094,268.239990234375,272.70001220703125,5324700,268.11212158203125
2024-07-18,272.2900085449219,273.6199951171875,268.55999755859375,269.1499938964844,5550800,264.6217956542969
2024-07-19,270.32000732421875,270.95001220703125,264.30999755859375,265.4599914550781,6839900,260.993896484375
2024-07-22,267.2300109863281,268.3999938964844,265.0199890136719,267.7099914550781,5313600,263.2060241699219
2024-07-23,267.5299987792969,267.70001220703125,263.8599853515625,264.7900085449219,8109200,260.3351745605469
2024-07-24,256.07000732421875,257.20001220703125,253.1300048828125,254.1699981689453,13065900,249.89385986328125
2024-07-25,255.38999938964844,258.2200012207031,252.6999969482422,253.74000549316406,8573300,249.47108459472656
2024-07-26,255.58999633789062,261.20001220703125,255.58999633789062,259.4599914550781,7062200,255.09483337402344
2024-07-29,260.32000732421875,262.7099914550781,258.5799865722656,261.6000061035156,6068100,257.1988525390625
2024-07-30,263.2300109863281,264.29998779296875,261.010009765625,263.1000061035156,5941800,258.6735534667969
2024-07-31,264.5400085449219,266.3599853515625,264.25,265.6700134277344,7642500,261.2004089355469
2024-08-01,266.3299865722656,267.0,264.17999267578125,265.92999267578125,7269700,261.4560546875
2024-08-02,263.8299865722656,267.9599914550781,262.8800048828125,266.5799865722656,7017900,262.0950012207031
2024-08-05,261.45001220703125,262.9200134277344,254.50999450683594,256.44000244140625,9631300,252.12567138671875
2024-08-06,256.5,260.489990234375,255.77000427246094,258.260009765625,21586800,253.91506958007812
2024-08-07,259.6600036621094,262.0299987792969,256.30999755859375,256.5199890136719,12908600,252.2042999267578
2024-08-08,258.1300048828125,260.45001220703125,257.9200134277344,259.8299865722656,8223700,255.4586181640625
2024-08-09,259.1700134277344,261.5199890136719,259.010009765625,259.760009765625,7228100,255.9019775390625
2024-08-12,260.5,261.6000061035156,259.239990234375,259.8900146484375,26769400,256.0300598144531
2024-08-13,260.1300048828125,261.67999267578125,259.2699890136719,260.1300048828125,12005700,256.26641845703125
2024-08-14,260.8699951171875,261.5,258.739990234375,261.1400146484375,8552300,257.2614440917969
2024-08-15,262.8399963378906,267.3900146484375,262.8399963378906,266.79998779296875,7397800,262.8373718261719
2024-08-16,266.8500061035156,268.44000244140625,265.3900146484375,267.3800048828125,5111100,263.40875244140625
2024-08-19,267.4200134277344,268.30999755859375,265.2300109863281,266.4700012207031,6555900,262.5122985839844
2024-08-20,267.0,268.0400085449219,265.7799987792969,268.0400085449219,6803600,264.0589904785156
2024-08-21,268.55999755859375,269.2699890136719,267.3900146484375,268.20001220703125,6639700,264.2166442871094
2024-08-22,268.94000244140625,269.5,266.57000732421875,267.94000244140625,4425200,263.96044921875
2024-08-23,268.70001220703125,269.2099914550781,265.30999755859375,267.44000244140625,3697400,263.4678955078125
2024-08-26,267.7200012207031,270.3699951171875,267.6700134277344,268.2099914550781,4612200,264.2264099121094
2024-08-27,268.5199890136719,270.95001220703125,267.8900146484375,270.7200012207031,6594100,266.69915771484375
2024-08-28,271.1600036621094,271.9800109863281,267.6700134277344,269.19000244140625,5455100,265.19189453125
2024-08-29,270.9800109863281,275.989990234375,270.45001220703125,274.32000732421875,5565100,270.24566650390625
2024-08-30,275.0,276.989990234375,274.260009765625,276.3699951171875,6296100,272.2652282714844
2024-09-03,276.3699951171875,282.0899963378906,276.3699951171875,278.5400085449219,7278300,274.40301513671875
2024-09-04,278.7099914550781,281.6499938964844,278.70001220703125,280.489990234375,6107500,276.3240661621094
2024-09-05,281.0,281.5,277.4100036621094,278.6199951171875,6447400,274.4818420410156
2024-09-06,277.7699890136719,280.2799987792969,277.42999267578125,279.3699951171875,7187700,275.220703125
2024-09-09,282.0899963378906,286.9700012207031,281.6499938964844,285.6099853515625,10933900,281.36798095703125
2024-09-10,285.92999267578125,286.3999938964844,283.57000732421875,285.3399963378906,5314400,281.1020202636719
2024-09-11,285.0199890136719,285.1700134277344,278.29998779296875,283.9599914550781,6281800,279.7425231933594
2024-09-12,284.0,286.0,281.4700012207031,285.3699951171875,4160800,281.1315612792969
2024-09-13,286.489990234375,288.739990234375,285.54998779296875,287.3500061035156,4987600,283.0821228027344
2024-09-16,288.04998779296875,290.8999938964844,287.739990234375,290.4800109863281,4458900,286.1656494140625
2024-09-17,290.8999938964844,293.07000732421875,290.0799865722656,291.55999755859375,5135700,287.22967529296875
2024-09-18,291.8399963378906,292.0199890136719,288.1300048828125,288.4800109863281,5890000,284.19537353515625
2024-09-19,291.0899963378906,291.4800109863281,282.8699951171875,285.239990234375,10382100,281.0035095214844
2024-09-20,285.5,287.0,283.25,284.7699890136719,27810900,280.54046630859375
2024-09-23,284.8999938964844,288.8800048828125,284.6199951171875,288.6300048828125,6505600,284.3431091308594
2024-09-24,280.17999267578125,281.0,272.7099914550781,272.7799987792969,13690200,268.7286071777344
2024-09-25,274.19000244140625,274.25,268.2300109863281,269.6300048828125,11671300,265.6253662109375
2024-09-26,270.5,273.239990234375,270.0,271.69000244140625,9552500,267.65478515625
2024-09-27,273.1600036621094,277.9800109863281,272.7799987792969,275.1700134277344,6509600,271.08306884765625
2024-09-30,275.0,275.69000244140625,273.20001220703125,274.95001220703125,5969900,270.8663024902344
2024-10-01,276.9700012207031,279.05999755859375,274.3599853515625,277.6000061035156,5781600,273.4770202636719
2024-10-02,276.57000732421875,277.6400146484375,275.3699951171875,277.0,4741600,272.8859558105469
2024-10-03,276.6700134277344,277.69000244140625,275.8399963378906,276.8599853515625,3036700,272.7479248046875
2024-10-04,277.3500061035156,278.44000244140625,275.1000061035156,277.92999267578125,4259300,273.8020324707031
2024-10-07,277.6000061035156,277.6199951171875,273.239990234375,273.7900085449219,4339300,269.7235412597656
2024-10-08,274.7099914550781,276.1000061035156,274.010009765625,274.9599914550781,4370900,270.8761901855469
2024-10-09,275.0,277.489990234375,274.4200134277344,276.92999267578125,4115800,272.8169250488281
2024-10-10,276.7799987792969,277.6700134277344,275.3500061035156,277.4700012207031,4063900,273.348876953125
2024-10-11,276.0400085449219,278.79998779296875,275.3699951171875,277.8399963378906,4746300,273.7134094238281
2024-10-14,279.0799865722656,281.3699951171875,277.989990234375,280.67999267578125,3996600,276.51123046875
2024-10-15,281.0,282.6400146484375,278.8299865722656,279.2900085449219,5807000,275.1418762207031
2024-10-16,278.6199951171875,287.6000061035156,278.3500061035156,287.5199890136719,9442700,283.2496032714844
2024-10-17,288.57000732421875,290.92999267578125,287.6099853515625,290.3900146484375,8815800,286.0769958496094
2024-10-18,289.9200134277344,291.0400085449219,288.0799865722656,290.6199951171875,5350900,286.30352783203125
2024-10-21,289.6000061035156,290.44000244140625,286.3299865722656,286.8500061035156,6313100,282.589599609375
2024-10-22,285.04998779296875,286.5299987792969,283.5299987792969,284.7900085449219,5736500,280.5602111816406
2024-10-23,286.0400085449219,286.05999755859375,283.5299987792969,283.760009765625,5249300,279.5455017089844
2024-10-24,282.3900146484375,283.6199951171875,281.7300109863281,283.2200012207031,4679900,279.0135192871094
2024-10-25,284.0,285.0899963378906,280.7799987792969,281.7300109863281,4464600,277.5456237792969
2024-10-28,282.0400085449219,284.6400146484375,281.5299987792969,284.19000244140625,4306200,279.9691162109375
2024-10-29,284.2699890136719,285.70001220703125,281.3500061035156,281.8800048828125,7534800,277.69342041015625
2024-10-30,292.3399963378906,295.7799987792969,288.3299865722656,290.1600036621094,9606800,285.8504333496094
2024-10-31,292.0899963378906,296.3399963378906,289.6199951171875,289.8500061035156,7950200,285.5450439453125
2024-11-01,288.489990234375,292.6700134277344,287.19000244140625,290.739990234375,5470700,286.4218444824219
2024-11-04,291.54998779296875,293.1499938964844,290.760009765625,291.8500061035156,4281600,287.51531982421875
2024-11-05,291.7099914550781,294.7799987792969,291.5799865722656,293.2900085449219,3753700,288.9339599609375
2024-11-06,306.32000732421875,309.0,302.82000732421875,307.3999938964844,10320500,302.8343505859375
2024-11-07,307.5,307.6300048828125,304.4200134277344,305.79998779296875,6237300,301.2581481933594
2024-11-08,306.8900146484375,311.1499938964844,305.69000244140625,307.8699951171875,6240600,303.29742431640625
2024-11-11,310.0899963378906,312.44000244140625,309.29998779296875,310.9200134277344,4674100,306.30206298828125
2024-11-12,309.0400085449219,310.54998779296875,308.1099853515625,309.8500061035156,4616400,305.82830810546875
2024-11-13,309.489990234375,310.95001220703125,307.8399963378906,309.4800109863281,4046400,305.463134765625
2024-11-14,309.29998779296875,311.2900085449219,307.8299865722656,308.25,4415800,304.24908447265625
2024-11-15,307.55999755859375,310.7200012207031,306.6600036621094,309.6400146484375,5106300,305.6210632324219
2024-11-18,309.4800109863281,312.4100036621094,308.70001220703125,312.1600036621094,4585600,308.1083068847656
2024-11-19,310.0,312.2300109863281,308.510009765625,311.8500061035156,4885500,307.8023681640625
2024-11-20,311.8599853515625,312.2900085449219,306.2200012207031,307.3900146484375,6349900,303.4002380371094
2024-11-21,307.29998779296875,310.9200134277344,306.6499938964844,309.8999938964844,5757100,305.877685546875
2024-11-22,307.9700012207031,311.5899963378906,307.8999938964844,309.9200134277344,5919200,305.89739990234375
2024-11-25,311.8599853515625,313.6600036621094,309.8599853515625,313.19000244140625,14189300,309.1249694824219
2024-11-26,314.20001220703125,314.5,311.5400085449219,311.82000732421875,7071500,307.77276611328125
2024-11-27,310.7699890136719,316.3699951171875,309.489990234375,314.70001220703125,5204300,310.61541748046875
2024-11-29,314.2900085449219,316.25,313.70001220703125,315.0799865722656,3853300,310.99041748046875
2024-12-02,316.8999938964844,317.4200134277344,313.7099914550781,316.6499938964844,5597500,312.5400085449219
2024-12-03,317.1000061035156,317.32000732421875,312.7699890136719,313.010009765625,5009900,308.9472961425781
2024-12-04,312.4200134277344,312.8500061035156,308.79998779296875,309.8999938964844,5981800,305.877685546875
2024-12-05,309.9800109863281,311.0899963378906,308.8299865722656,309.0799865722656,5200100,305.06829833984375
2024-12-06,308.8699951171875,312.55999755859375,308.79998779296875,311.010009765625,4302700,306.9732666015625
2024-12-09,311.8299865722656,313.010009765625,307.6400146484375,308.29998779296875,5785300,304.29840087890625
2024-12-10,307.3599853515625,312.9800109863281,306.6400146484375,312.3800048828125,4539500,308.3254699707031
2024-12-11,313.0400085449219,315.54998779296875,311.2099914550781,313.7900085449219,4321800,309.7171936035156
2024-12-12,314.82000732421875,315.54998779296875,313.42999267578125,314.2300109863281,3218500,310.15142822265625
2024-12-13,315.8299865722656,316.95001220703125,314.3399963378906,314.739990234375,4682200,310.6548156738281
2024-12-16,314.739990234375,317.55999755859375,314.1000061035156,315.8900146484375,6562500,311.7898864746094
2024-12-17,315.82000732421875,318.8399963378906,315.1400146484375,318.29998779296875,8843900,314.1686096191406
2024-12-18,318.5,321.6199951171875,309.55999755859375,309.7799987792969,10479200,305.7592468261719
2024-12-19,311.8299865722656,316.8699951171875,311.2300109863281,314.8800048828125,8317100,310.79302978515625
2024-12-20,313.57000732421875,320.0,312.2799987792969,317.7099914550781,24387000,313.5862731933594
2024-12-23,315.6499938964844,317.9700012207031,313.3500061035156,317.2200012207031,7984600,313.1026306152344
2024-12-24,318.1700134277344,321.5400085449219,317.2799987792969,320.6499938964844,2684100,316.4881591796875
2024-12-26,319.7699890136719,321.45001220703125,319.4599914550781,320.9100036621094,2856000,316.7447204589844
2024-12-27,319.2699890136719,321.5,317.55999755859375,318.6600036621094,3489200,314.52392578125
2024-12-30,314.67999267578125,317.1099853515625,313.2300109863281,315.30999755859375,3478500,311.2174377441406
2024-12-31,316.1199951171875,317.6600036621094,315.19000244140625,316.0400085449219,3963800,311.9379577636719
2025-01-02,317.7799987792969,319.67999267578125,312.4100036621094,314.3999938964844,5369500,310.3192443847656
2025-01-03,314.17999267578125,315.9200134277344,312.010009765625,314.9100036621094,4271300,310.8226318359375
2025-01-06,315.010009765625,315.3900146484375,312.07000732421875,313.0400085449219,6567300,308.9769287109375
2025-01-07,312.8900146484375,315.19000244140625,311.32000732421875,311.6700134277344,4958600,307.6247253417969
2025-01-08,311.0,314.0400085449219,310.2099914550781,312.6000061035156,5161600,308.5426330566406
2025-01-10,311.20001220703125,311.8500061035156,305.989990234375,307.7099914550781,6660100,303.716064453125
2025-01-13,305.0,306.9200134277344,303.8399963378906,306.9200134277344,9568400,302.9363708496094
2025-01-14,308.75,310.1600036621094,307.5199890136719,309.0899963378906,5107600,305.0781555175781
2025-01-15,313.67999267578125,317.19000244140625,313.1300048828125,316.2799987792969,5222000,312.17486572265625
2025-01-16,315.75,319.17999267578125,315.75,317.25,4606700,313.13226318359375
2025-01-17,317.5,320.5899963378906,316.7099914550781,319.6199951171875,5805800,315.47149658203125
2025-01-21,320.30999755859375,324.5799865722656,320.0,323.6300048828125,5653000,319.4294128417969
2025-01-22,324.7699890136719,325.739990234375,322.3800048828125,323.55999755859375,5026500,319.3603515625
2025-01-23,323.760009765625,328.510009765625,323.57000732421875,328.2099914550781,5297100,323.9499816894531
2025-01-24,328.0199890136719,331.0899963378906,327.80999755859375,330.20001220703125,4327500,325.9141845703125
2025-01-27,330.0,335.489990234375,328.04998779296875,334.5400085449219,6636500,330.1978454589844
2025-01-28,334.6700134277344,337.8299865722656,332.8900146484375,334.4800109863281,5999600,330.1386413574219
2025-01-29,334.5,337.1099853515625,334.5,335.8800048828125,5087300,331.52044677734375
2025-01-30,339.510009765625,344.44000244140625,339.0,343.04998779296875,8081300,338.59735107421875
2025-01-31,346.4700012207031,351.25,341.7099914550781,341.79998779296875,8624100,337.36358642578125
2025-02-03,340.0,346.0,339.239990234375,345.82000732421875,8004500,341.33148193359375
2025-02-04,344.6000061035156,346.010009765625,342.5400085449219,345.1499938964844,5532600,340.67010498046875
2025-02-05,346.0,349.4800109863281,345.25,349.44000244140625,4939100,344.90447998046875
2025-02-06,349.7799987792969,350.6499938964844,346.6000061035156,347.4800109863281,4294500,342.96990966796875
2025-02-07,348.0,350.75,347.2099914550781,348.0199890136719,4261200,343.5028381347656
2025-02-10,348.70001220703125,351.8999938964844,347.70001220703125,351.2300109863281,6067000,346.6712646484375
2025-02-11,348.29998779296875,352.1199951171875,346.25,350.7200012207031,5154800,346.75030517578125
2025-02-12,349.1600036621094,351.8299865722656,347.489990234375,351.489990234375,6760100,347.5115661621094
2025-02-13,353.1199951171875,356.0799865722656,350.7300109863281,355.6300048828125,4279200,351.604736328125
2025-02-14,354.42999267578125,355.42999267578125,353.2200012207031,353.80999755859375,5720300,349.8053283691406
2025-02-18,353.69000244140625,356.739990234375,352.3999938964844,356.7300109863281,5822000,352.6922912597656
2025-02-19,356.0199890136719,357.1499938964844,354.17999267578125,355.2300109863281,4152300,351.2092590332031
2025-02-20,355.2300109863281,356.1300048828125,349.05999755859375,350.489990234375,5697000,346.5229187011719
2025-02-21,350.489990234375,353.32000732421875,347.4800109863281,348.5299987792969,6924100,344.5851135253906
2025-02-24,348.760009765625,350.79998779296875,347.3599853515625,349.8599853515625,5055900,345.9000549316406
2025-02-25,351.3699951171875,352.5899963378906,346.0,352.0899963378906,6191900,348.1048278808594
2025-02-26,350.0,351.8299865722656,348.989990234375,350.6300048828125,5960600,346.66131591796875
2025-02-27,351.8999938964844,360.30999755859375,351.67999267578125,355.739990234375,7298100,351.7135009765625
2025-02-28,354.7099914550781,364.0,353.7099914550781,362.7099914550781,15857300,358.6046447753906
2025-03-03,363.0,366.5400085449219,359.5400085449219,361.82000732421875,9099600,357.7246398925781
2025-03-04,360.1099853515625,360.2699890136719,350.3999938964844,352.2300109863281,8955800,348.2432556152344
2025-03-05,350.8299865722656,354.1099853515625,348.94000244140625,352.67999267578125,8244200,348.6881103515625
2025-03-06,345.9599914550781,348.8699951171875,340.3900146484375,344.1600036621094,8611100,340.26458740234375
2025-03-07,340.8699951171875,346.3900146484375,339.1400146484375,345.32000732421875,6358700,341.4114685058594
2025-03-10,339.94000244140625,345.010009765625,337.6400146484375,341.4800109863281,8204300,337.61492919921875
2025-03-11,338.4100036621094,339.6099853515625,329.5799865722656,332.1400146484375,9776100,328.380615234375
2025-03-12,335.9700012207031,336.1600036621094,329.1099853515625,332.8399963378906,6295400,329.0727233886719
2025-03-13,330.989990234375,336.20001220703125,327.70001220703125,328.54998779296875,7915300,324.83123779296875
2025-03-14,327.2099914550781,332.7699890136719,326.3800048828125,331.79998779296875,7810600,328.0444641113281
2025-03-17,330.0299987792969,336.1099853515625,329.760009765625,334.54998779296875,6149400,330.76336669921875
2025-03-18,335.2900085449219,335.79998779296875,332.29998779296875,334.7699890136719,7778300,330.9808044433594
2025-03-19,336.79998779296875,341.0299987792969,334.5,339.8699951171875,5614900,336.0231018066406
2025-03-20,339.0,342.239990234375,337.6600036621094,339.5,5432700,335.6573181152344
2025-03-21,337.3699951171875,339.42999267578125,335.5199890136719,335.6600036621094,17279700,331.86083984375
2025-03-24,338.6499938964844,345.2200012207031,337.6499938964844,343.8699951171875,5675100,339.97784423828125
2025-03-25,344.55999755859375,345.5299987792969,340.6700134277344,344.6199951171875,3931200,340.7193603515625
2025-03-26,345.989990234375,347.3800048828125,343.0,344.17999267578125,6187100,340.28436279296875
2025-03-27,344.0,350.8399963378906,343.32000732421875,349.8599853515625,7254800,345.9000549316406
2025-03-28,349.19000244140625,351.6199951171875,341.6099853515625,342.8500061035156,5687600,338.96942138671875
2025-03-31,339.3500061035156,351.8599853515625,334.489990234375,350.4599914550781,9950800,346.4932556152344
2025-04-01,350.44000244140625,350.45001220703125,342.57000732421875,346.3500061035156,7473300,342.4297790527344
2025-04-02,343.44000244140625,348.20001220703125,343.04998779296875,346.3299865722656,5682500,342.4100036621094
2025-04-03,333.8999938964844,344.739990234375,331.0,339.3900146484375,8792900,335.5485534667969
2025-04-04,330.0,334.6499938964844,312.1199951171875,313.1300048828125,13201700,309.5857849121094
2025-04-07,302.07000732421875,322.17999267578125,299.0,312.32000732421875,12163400,308.78497314453125
2025-04-08,322.239990234375,326.2799987792969,303.92999267578125,308.2699890136719,9569300,304.78076171875
2025-04-09,305.6400146484375,334.0299987792969,305.6400146484375,332.42999267578125,11361800,328.6673583984375
2025-04-10,328.0199890136719,330.1600036621094,313.2699890136719,324.6099853515625,8709800,320.9358825683594
2025-04-11,324.42999267578125,336.9800109863281,322.5400085449219,333.3999938964844,6804500,329.6263427734375
2025-04-14,336.4100036621094,339.6099853515625,333.1400146484375,335.17999267578125,5011800,331.38623046875
2025-04-15,336.7200012207031,339.3900146484375,335.0,335.80999755859375,4386200,332.0090637207031
2025-04-16,335.0,337.2200012207031,328.8599853515625,331.3299865722656,5850600,327.5797424316406
2025-04-17,331.07000732421875,334.32000732421875,328.44000244140625,329.6099853515625,5655900,325.8792724609375
2025-04-21,329.0,329.1499938964844,316.6499938964844,320.1000061035156,6362300,316.4769287109375
2025-04-22,323.8599853515625,332.55999755859375,322.3900146484375,331.3999938964844,5435500,327.64898681640625
2025-04-23,337.239990234375,341.25,333.20001220703125,334.3699951171875,8906000,330.58538818359375
2025-04-24,333.2799987792969,336.7699890136719,331.25,335.7099914550781,8055200,331.9102478027344
2025-04-25,334.760009765625,336.3699951171875,332.1700134277344,335.1700134277344,4452800,331.3763427734375
2025-04-28,336.7799987792969,339.3399963378906,335.0199890136719,337.510009765625,5422900,333.6898498535156
2025-04-29,338.5,342.2699890136719,336.4599914550781,341.5199890136719,5519500,337.6544494628906
2025-04-30,334.44000244140625,346.5199890136719,333.239990234375,345.5,9526700,341.5893859863281
2025-05-01,345.5799865722656,345.7200012207031,340.1199951171875,342.45001220703125,5849900,338.5739440917969
2025-05-02,347.2200012207031,350.0899963378906,346.1199951171875,347.6000061035156,6113700,343.6656188964844
2025-05-05,347.0,351.04998779296875,346.1199951171875,348.6400146484375,3865300,344.6938781738281
2025-05-06,346.3999938964844,349.6499938964844,345.760009765625,347.70001220703125,3438500,343.7644958496094
2025-05-07,348.70001220703125,351.1499938964844,347.2099914550781,349.8500061035156,5454000,345.89019775390625
2025-05-08,352.0,355.3299865722656,350.95001220703125,351.2699890136719,4156400,347.2940979003906
2025-05-09,351.8299865722656,353.79998779296875,350.6700134277344,352.5400085449219,3086600,348.5497131347656
2025-05-12,359.1400146484375,361.8900146484375,351.1300048828125,355.8500061035156,7985400,351.8222961425781
2025-05-13,355.5199890136719,358.8699951171875,354.5799865722656,356.1400146484375,5406200,352.6937561035156
2025-05-14,356.6700134277344,358.4100036621094,355.2099914550781,356.4599914550781,6207600,353.0106201171875
2025-05-15,356.8900146484375,363.7300109863281,356.67999267578125,362.29998779296875,5826100,358.7941589355469
2025-05-16,362.95001220703125,366.19000244140625,360.8900146484375,365.1199951171875,5838100,361.58685302734375
2025-05-19,363.0199890136719,369.1499938964844,362.32000732421875,367.8999938964844,5081500,364.3399353027344
2025-05-20,367.7799987792969,368.25,364.69000244140625,366.8399963378906,5281400,363.2901916503906
2025-05-21,363.7200012207031,365.989990234375,358.0799865722656,358.29998779296875,6125500,354.83282470703125
2025-05-22,357.760009765625,360.0,356.55999755859375,357.9700012207031,4936600,354.50604248046875
2025-05-23,353.75,356.0,352.2200012207031,353.5400085449219,5345900,350.1189270019531
2025-05-27,355.4100036621094,360.0,354.4800109863281,359.29998779296875,6316000,355.82318115234375
2025-05-28,359.3399963378906,360.9100036621094,358.0400085449219,359.7300109863281,3299000,356.2490234375
2025-05-29,360.3500061035156,363.0400085449219,358.7200012207031,362.3999938964844,4590400,358.8931884765625
2025-05-30,361.3500061035156,367.0400085449219,361.3500061035156,365.19000244140625,8726900,361.65618896484375
2025-06-02,362.7699890136719,365.4599914550781,359.9599914550781,365.32000732421875,3845700,361.7849426269531
2025-06-03,364.5799865722656,366.8800048828125,361.5,365.8599853515625,5221300,362.3196716308594
2025-06-04,366.7099914550781,369.6600036621094,366.30999755859375,368.0,4202300,364.4389953613281
2025-06-05,370.0,371.0,365.92999267578125,366.7699890136719,6881900,363.2208557128906
2025-06-06,369.010009765625,371.0,367.54998779296875,370.2200012207031,5008500,366.6374816894531
2025-06-09,369.7900085449219,369.7900085449219,362.04998779296875,366.6600036621094,4999900,363.1119689941406
2025-06-10,367.0,371.44000244140625,366.67999267578125,370.70001220703125,4109300,367.1128845214844
2025-06-11,370.0,375.510009765625,369.3800048828125,373.30999755859375,5562700,369.6976013183594
2025-06-12,372.2300109863281,374.1700134277344,369.54998779296875,371.3999938964844,4874000,367.8060607910156
2025-06-13,361.510009765625,363.010009765625,345.0,352.8500061035156,14181700,349.43560791015625
2025-06-16,356.489990234375,360.2200012207031,354.3299865722656,355.4800109863281,7234700,352.0401306152344
2025-06-17,353.489990234375,359.6000061035156,353.32000732421875,357.8399963378906,5559600,354.3772888183594
2025-06-18,357.8500061035156,358.4800109863281,338.0400085449219,340.3800048828125,15008600,337.08624267578125
2025-06-20,338.95001220703125,340.0,334.9200134277344,338.57000732421875,19332100,335.2937927246094
2025-06-23,337.5,344.29998779296875,335.6300048828125,343.75,7553300,340.42364501953125
2025-06-24,351.5199890136719,354.55999755859375,347.9200134277344,351.6300048828125,10172000,348.2273864746094
2025-06-25,350.45001220703125,351.2900085449219,345.260009765625,345.260009765625,6836300,341.9190673828125
2025-06-26,343.7799987792969,346.9100036621094,342.0299987792969,346.0299987792969,8829500,342.68157958984375
2025-06-27,346.5899963378906,352.010009765625,345.6600036621094,348.6099853515625,6601900,345.236572265625
2025-06-30,349.3500061035156,355.6099853515625,349.05999755859375,355.04998779296875,7080100,351.61431884765625
2025-07-01,353.82000732421875,357.0,351.4200134277344,355.4700012207031,6653400,352.0302429199219
2025-07-02,354.6000061035156,356.3599853515625,350.0,354.2200012207031,5131400,350.7923583984375
2025-07-03,354.5899963378906,359.0,353.6099853515625,358.8599853515625,3702800,355.3874206542969
2025-07-07,358.9200134277344,359.6600036621094,354.489990234375,356.6400146484375,5138000,353.1889343261719
2025-07-08,356.67999267578125,358.2799987792969,353.25,354.54998779296875,6966800,351.1191101074219
2025-07-09,355.07000732421875,357.760009765625,353.75,357.760009765625,7297100,354.298095703125
2025-07-10,356.8299865722656,357.6199951171875,353.45001220703125,355.8800048828125,6121300,352.4362487792969
2025-07-11,352.510009765625,353.80999755859375,344.3900146484375,347.92999267578125,7580200,344.56317138671875
2025-07-14,347.3900146484375,351.9700012207031,345.010009765625,350.5,5598900,347.10833740234375
2025-07-15,348.1199951171875,350.2099914550781,346.760009765625,347.0199890136719,4891700,343.6619567871094
2025-07-16,347.2900085449219,350.6700134277344,345.79998779296875,349.8999938964844,5544200,346.51409912109375
2025-07-17,350.0,351.3699951171875,348.4800109863281,349.80999755859375,4747100,346.42498779296875
2025-07-18,349.5,349.5,347.1600036621094,349.04998779296875,4927600,345.67236328125
2025-07-21,349.05999755859375,353.6499938964844,348.3999938964844,350.94000244140625,5216300,347.5440368652344
2025-07-22,351.1000061035156,354.4800109863281,350.20001220703125,351.8599853515625,4614200,348.45513916015625
2025-07-23,353.0,355.7799987792969,351.2099914550781,355.2900085449219,4385600,351.85198974609375
2025-07-24,354.82000732421875,357.17999267578125,353.8599853515625,353.9700012207031,5887200,350.54473876953125
2025-07-25,354.0,357.6499938964844,353.010009765625,357.0400085449219,3915400,353.5850524902344
2025-07-28,356.3800048828125,358.32000732421875,354.7300109863281,355.4700012207031,3921000,352.0302429199219
2025-07-29,356.2900085449219,358.32000732421875,350.80999755859375,351.2900085449219,7402300,347.89068603515625
2025-07-30,351.70001220703125,356.6199951171875,347.2300109863281,350.9100036621094,12129700,347.51434326171875
2025-07-31,348.92999267578125,352.82000732421875,345.0899963378906,345.4700012207031,8641700,342.1269836425781
2025-08-01,344.1000061035156,346.1700134277344,338.1000061035156,339.3500061035156,8658700,336.06622314453125
2025-08-04,341.70001220703125,344.3800048828125,340.0,342.1499938964844,7335300,338.839111328125
2025-08-05,342.1499938964844,342.4599914550781,335.54998779296875,337.42999267578125,7295600,334.1648254394531
2025-08-06,338.29998779296875,341.42999267578125,335.42999267578125,339.739990234375,5944100,336.45245361328125
2025-08-07,341.42999267578125,342.1499938964844,328.70001220703125,332.0899963378906,8797100,328.8764953613281
2025-08-08,333.67999267578125,337.3800048828125,332.7300109863281,336.7799987792969,6073900,333.5210876464844
2025-08-11,336.7300109863281,337.8599853515625,334.510009765625,335.8999938964844,5715800,332.6495666503906
2025-08-12,335.20001220703125,338.6499938964844,334.80999755859375,336.739990234375,5682800,334.0682678222656
2025-08-13,336.9800109863281,343.4800109863281,336.7799987792969,342.54998779296875,5693400,339.8321838378906
2025-08-14,342.94000244140625,346.0799865722656,341.6700134277344,345.489990234375,6224000,342.74884033203125
2025-08-15,346.25,348.3599853515625,342.8599853515625,344.4700012207031,4946600,341.7369384765625
2025-08-18,343.8399963378906,345.7300109863281,340.95001220703125,342.739990234375,3999600,340.0206298828125
2025-08-19,342.55999755859375,346.3399963378906,341.8900146484375,342.45001220703125,4457200,339.73297119140625
2025-08-20,343.3999938964844,347.44000244140625,342.8500061035156,343.92999267578125,5834400,341.2012023925781
2025-08-21,342.8900146484375,344.5199890136719,339.7200012207031,343.69000244140625,6073600,340.963134765625
2025-08-22,345.2200012207031,351.20001220703125,345.2200012207031,350.0400085449219,4973200,347.26275634765625
2025-08-25,349.6099853515625,350.7200012207031,347.5,348.82000732421875,8019800,346.05242919921875
2025-08-26,348.69000244140625,353.3999938964844,347.45001220703125,351.17999267578125,5876200,348.3936767578125
2025-08-27,350.7099914550781,353.42999267578125,349.8399963378906,350.3500061035156,5531100,347.5702819824219
2025-08-28,350.6000061035156,351.0400085449219,348.6000061035156,349.8599853515625,4987100,347.08416748046875
2025-08-29,350.4599914550781,352.6300048828125,349.0,351.7799987792969,3671900,348.98895263671875
2025-09-02,349.30999755859375,350.1700134277344,346.0799865722656,350.07000732421875,4940300,347.2925109863281
2025-09-03,349.3399963378906,350.8900146484375,347.260009765625,350.8699951171875,4176400,348.0861511230469
2025-09-04,350.7300109863281,352.6300048828125,349.1499938964844,350.989990234375,4324000,348.2052001953125
2025-09-05,351.3800048828125,352.6199951171875,340.20001220703125,343.2200012207031,5448300,340.4968566894531
2025-09-08,342.3399963378906,344.3800048828125,341.0,342.29998779296875,4711600,339.58416748046875
2025-09-09,341.69000244140625,346.32000732421875,341.2900085449219,343.989990234375,4646200,341.2607421875
2025-09-10,342.6099853515625,342.6099853515625,336.44000244140625,338.1199951171875,6557900,335.4372863769531
2025-09-11,338.7300109863281,343.5299987792969,337.8699951171875,343.489990234375,5157600,340.76470947265625
2025-09-12,341.2200012207031,343.19000244140625,339.1700134277344,339.42999267578125,3518300,336.7369384765625
2025-09-15,340.6099853515625,342.7099914550781,338.3900146484375,339.04998779296875,4367500,336.35992431640625
2025-09-16,336.239990234375,340.5400085449219,333.4700012207031,340.0299987792969,5527700,337.3321838378906
2025-09-17,339.94000244140625,346.20001220703125,339.5199890136719,346.20001220703125,5763500,343.4532165527344
2025-09-18,344.7300109863281,345.2699890136719,338.17999267578125,338.17999267578125,7526600,335.496826171875
2025-09-19,340.45001220703125,342.69000244140625,338.25,341.6099853515625,13674300,338.89959716796875
2025-09-22,339.010009765625,344.8599853515625,338.6600036621094,344.3599853515625,5621800,341.6277770996094
2025-09-23,344.5899963378906,345.260009765625,337.6300048828125,338.70001220703125,10142700,336.0127258300781
2025-09-24,339.1300048828125,339.8999938964844,337.9200134277344,338.67999267578125,5207400,335.9928283691406
2025-09-25,338.3500061035156,340.20001220703125,334.510009765625,334.92999267578125,5398700,332.2726135253906
2025-09-26,337.2300109863281,339.5,336.2300109863281,337.3699951171875,9619200,334.6932678222656
2025-09-29,337.3800048828125,340.6400146484375,335.54998779296875,340.1600036621094,7217800,337.4611511230469
2025-09-30,339.82000732421875,345.6099853515625,338.510009765625,341.3800048828125,8164400,338.6714782714844
2025-10-01,340.30999755859375,349.3599853515625,340.30999755859375,347.8299865722656,8381000,345.07025146484375
2025-10-02,346.2200012207031,347.17999267578125,343.55999755859375,345.95001220703125,5198000,343.2052001953125
2025-10-03,346.1099853515625,353.1600036621094,346.0,349.8399963378906,5199700,347.0643005371094
2025-10-06,350.010009765625,351.1199951171875,344.3500061035156,349.2799987792969,4735600,346.5087890625
2025-10-07,350.05999755859375,354.44000244140625,350.05999755859375,352.4200134277344,5044600,349.6239013671875
2025-10-08,353.7799987792969,355.0,351.1000061035156,351.3599853515625,3927500,348.572265625
2025-10-09,351.4700012207031,352.8699951171875,345.5799865722656,347.0400085449219,4434800,344.28656005859375
2025-10-10,347.6300048828125,350.3999938964844,343.25,343.6499938964844,6296200,340.9234313964844
2025-10-13,343.7200012207031,347.6600036621094,340.7300109863281,343.29998779296875,4030700,340.5762023925781
2025-10-14,341.0,350.010009765625,340.2200012207031,348.3800048828125,5731000,345.6159362792969
2025-10-15,348.3800048828125,350.0799865722656,344.0,345.69000244140625,3778200,342.947265625
2025-10-16,345.0,345.69000244140625,334.1700134277344,335.3999938964844,6241500,332.7389221191406
2025-10-17,337.7699890136719,343.45001220703125,337.0,341.8900146484375,6267100,339.1773986816406
2025-10-20,341.8999938964844,344.9599914550781,338.94000244140625,344.4100036621094,4665000,341.6773986816406
2025-10-21,343.1199951171875,349.6499938964844,343.0,347.2099914550781,4121800,344.4552001953125
2025-10-22,347.82000732421875,348.1700134277344,344.5,345.3599853515625,5074400,342.6198425292969
2025-10-23,346.20001220703125,347.1499938964844,344.4599914550781,345.9599914550781,7217200,343.2151184082031
2025-10-24,348.20001220703125,349.0799865722656,345.32000732421875,347.3800048828125,3576700,344.6238708496094
2025-10-27,349.0,349.5199890136719,345.010009765625,347.82000732421875,5400300,345.06036376953125
2025-10-28,348.5799865722656,349.8900146484375,346.5,346.8999938964844,7445400,344.1476745605469
2025-10-29,346.0,350.9800109863281,339.0,341.2799987792969,8361700,338.5722351074219
2025-10-30,342.2200012207031,349.7200012207031,341.7900085449219,345.0299987792969,6411800,342.2925109863281
2025-10-31,342.0799865722656,343.0,338.1700134277344,340.739990234375,7301600,338.03656005859375
2025-11-03,341.0,341.2099914550781,334.82000732421875,336.8999938964844,5538000,334.22698974609375
2025-11-04,336.4800109863281,340.32000732421875,334.25,340.29998779296875,5920200,337.5999755859375
2025-11-05,340.1300048828125,342.1099853515625,336.3599853515625,340.0400085449219,4984600,337.34210205078125
2025-11-06,338.5899963378906,338.6499938964844,333.7099914550781,336.9599914550781,8507900,334.2864990234375
2025-11-07,336.7300109863281,338.2900085449219,334.8500061035156,336.0199890136719,5318400,333.3539733886719
2025-11-10,336.6499938964844,338.67999267578125,334.32000732421875,334.8500061035156,5295800,332.1932678222656
2025-11-11,335.5,339.0899963378906,333.20001220703125,338.9200134277344,4453300,336.2309875488281
2025-11-12,338.25,344.260009765625,337.3999938964844,338.8800048828125,6389600,336.8572082519531
2025-11-13,339.0400085449219,341.4599914550781,335.6000061035156,336.0799865722656,4961700,334.07391357421875
2025-11-14,335.8900146484375,336.0799865722656,329.0299987792969,330.0199890136719,6422300,328.0500793457031
2025-11-17,331.1600036621094,333.3599853515625,324.92999267578125,325.75,6494800,323.8055725097656
2025-11-18,324.5,325.0,318.0,321.17999267578125,9170400,319.2628479003906
2025-11-19,321.5199890136719,324.57000732421875,319.8699951171875,324.1199951171875,7066700,322.1852722167969
2025-11-20,324.1199951171875,328.3999938964844,323.1400146484375,323.7699890136719,6510300,321.83740234375
2025-11-21,325.3800048828125,331.0799865722656,324.2900085449219,327.9800109863281,8930000,326.02227783203125
2025-11-24,329.239990234375,330.7300109863281,326.0,329.29998779296875,9337100,327.3343811035156
2025-11-25,328.8999938964844,336.05999755859375,328.8999938964844,334.5299987792969,5854300,332.5331726074219
2025-11-26,334.5299987792969,335.7099914550781,333.05999755859375,333.7900085449219,4309900,331.7975769042969
2025-11-28,333.42999267578125,335.0199890136719,332.0,334.44000244140625,4586200,332.4437255859375
2025-12-01,332.94000244140625,333.29998779296875,330.1400146484375,330.3900146484375,7082300,328.4178771972656
2025-12-02,331.45001220703125,332.79998779296875,327.2099914550781,329.6199951171875,8201900,327.6524658203125
2025-12-03,329.6099853515625,332.3500061035156,329.3500061035156,329.6099853515625,6296700,327.6425476074219
2025-12-04,331.2799987792969,332.3800048828125,324.2799987792969,327.1000061035156,6277500,325.14752197265625
2025-12-05,326.8299865722656,334.1099853515625,326.3999938964844,331.239990234375,5266600,329.2628173828125
2025-12-08,329.8800048828125,331.3399963378906,324.7099914550781,326.8399963378906,6059400,324.88909912109375
2025-12-09,326.6099853515625,328.2300109863281,325.07000732421875,326.5,4325400,324.5511169433594
2025-12-10,326.6400146484375,328.760009765625,325.29998779296875,325.7300109863281,5467500,323.78570556640625
2025-12-11,332.6000061035156,347.32000732421875,330.05999755859375,345.6300048828125,12953600,343.5669250488281
2025-12-12,348.0,349.8399963378906,345.9700012207031,347.8299865722656,6942300,345.7537536621094
2025-12-15,347.8299865722656,348.45001220703125,343.8299865722656,346.8900146484375,7004600,344.8194274902344
2025-12-16,346.0,347.6199951171875,343.7200012207031,345.1099853515625,7269300,343.0500183105469
2025-12-17,345.54998779296875,347.7900085449219,343.67999267578125,344.4100036621094,7263500,342.35418701171875
2025-12-18,345.1700134277344,347.5299987792969,344.2699890136719,346.010009765625,6805000,343.94464111328125
2025-12-19,346.04998779296875,349.9100036621094,346.04998779296875,349.25,18623900,347.1653137207031
2025-12-22,350.0,353.44000244140625,349.5899963378906,352.0899963378906,5043500,349.98834228515625
2025-12-23,352.0,356.3800048828125,352.0,353.3800048828125,3703200,351.2706604003906
2025-12-24,353.3800048828125,355.989990234375,353.010009765625,355.1400146484375,2023600,353.0201416015625
2025-12-26,355.1000061035156,356.7300109863281,353.7099914550781,355.0,2017000,352.8809814453125
2025-12-29,355.489990234375,356.54998779296875,353.79998779296875,354.6099853515625,3989900,352.4933166503906
2025-12-30,354.0,354.8699951171875,352.6600036621094,353.6199951171875,3366500,351.50921630859375
2025-12-31,353.6499938964844,355.20001220703125,350.69000244140625,350.7099914550781,3503200,348.6165771484375
2026-01-02,349.8699951171875,350.04998779296875,343.4800109863281,346.4800109863281,5403800,344.411865234375
2026-01-05,344.5,357.5400085449219,344.04998779296875,353.79998779296875,7592200,351.6881408691406
2026-01-06,353.67999267578125,358.6199951171875,352.0,357.55999755859375,6775400,355.4256896972656
2026-01-07,357.1499938964844,358.2799987792969,354.510009765625,355.8800048828125,6333900,353.7557373046875
2026-01-08,355.0,356.3500061035156,349.5,352.2300109863281,6357600,350.1275329589844
2026-01-09,352.1600036621094,354.70001220703125,349.1600036621094,349.7699890136719,4902900,347.6821594238281
2026-01-12,342.7799987792969,346.510009765625,337.32000732421875,343.20001220703125,13281300,341.1513977050781
2026-01-13,337.0,337.5199890136719,323.8299865722656,327.8800048828125,20383500,325.9228820800781
2026-01-14,328.6600036621094,329.8999938964844,323.94000244140625,329.1700134277344,9388400,327.2051696777344
2026-01-15,329.3299865722656,331.69000244140625,326.3699951171875,327.75,8587700,325.7936096191406
2026-01-16,326.7799987792969,329.25,325.3999938964844,328.29998779296875,8341600,326.34033203125
2026-01-20,322.2300109863281,328.32000732421875,321.55999755859375,325.82000732421875,8279900,323.8751525878906
2026-01-21,326.42999267578125,328.6700134277344,323.0,325.2799987792969,8974600,323.33837890625
2026-01-22,326.4599914550781,328.3900146484375,324.0,326.3599853515625,6938700,324.41192626953125
2026-01-23,325.8599853515625,327.79998779296875,324.6199951171875,326.17999267578125,5667900,324.2330017089844
2026-01-26,328.0,332.0,325.0299987792969,328.489990234375,7540200,326.5291748046875
2026-01-27,328.4800109863281,328.92999267578125,324.9100036621094,325.260009765625,6365800,323.3184814453125
2026-01-28,326.7300109863281,328.3900146484375,324.8800048828125,326.9800109863281,8106000,325.0282287597656
2026-01-29,330.0,333.3599853515625,323.510009765625,331.79998779296875,10214200,329.8194580078125
2026-01-30,332.2200012207031,333.0,321.6000061035156,321.8299865722656,11199100,319.908935546875
2026-02-02,324.8299865722656,334.69000244140625,324.1099853515625,333.8399963378906,8502400,331.8472900390625
2026-02-03,331.6499938964844,335.7900085449219,328.8699951171875,328.92999267578125,9081200,326.96661376953125
2026-02-04,327.1099853515625,331.30999755859375,324.4200134277344,329.95001220703125,8472300,327.98052978515625
2026-02-05,333.0,337.5899963378906,328.82000732421875,329.1300048828125,8339000,327.1654052734375
2026-02-06,331.7799987792969,335.1300048828125,327.1000061035156,331.5799865722656,7798800,329.60076904296875
2026-02-09,330.760009765625,332.82000732421875,323.6199951171875,325.5799865722656,8513400,323.6365966796875
2026-02-10,324.7099914550781,329.8800048828125,324.54998779296875,328.1700134277344,5801800,326.8838195800781
2026-02-11,326.9200134277344,331.0400085449219,326.4200134277344,329.239990234375,8264300,327.9496154785156
2026-02-12,328.8900146484375,332.239990234375,324.0,324.17999267578125,9392600,322.909423828125
2026-02-13,323.8299865722656,326.4800109863281,312.82000732421875,314.0799865722656,11653900,312.8490295410156
2026-02-17,314.4100036621094,321.3800048828125,314.4100036621094,319.5,8591700,318.247802734375
2026-02-18,319.5,322.2799987792969,316.7200012207031,320.29998779296875,7091900,319.0446472167969
2026-02-19,317.489990234375,320.20001220703125,315.7300109863281,318.92999267578125,5967600,317.6800231933594
2026-02-20,318.1099853515625,322.3500061035156,317.82000732421875,320.95001220703125,6831100,319.692138671875
2026-02-23,319.0400085449219,320.5199890136719,304.7099914550781,306.5199890136719,13048000,305.3186340332031
2026-02-24,305.5,309.2699890136719,303.0799865722656,307.2200012207031,9120200,306.01593017578125
2026-02-25,308.54998779296875,313.94000244140625,308.25,312.989990234375,7624200,311.7632751464844
2026-02-26,314.4800109863281,319.4200134277344,313.94000244140625,316.70001220703125,8725500,315.4587707519531
2026-02-27,314.4599914550781,320.2300109863281,311.95001220703125,320.1400146484375,12412900,318.88531494140625
2026-03-02,315.5,322.6000061035156,314.6000061035156,320.510009765625,6674900,319.25384521484375
2026-03-03,315.80999755859375,322.0400085449219,314.3500061035156,320.8299865722656,5474300,319.57257080078125
2026-03-04,321.44000244140625,325.7699890136719,319.79998779296875,320.4700012207031,5257900,319.2139892578125
2026-03-05,319.3299865722656,322.79998779296875,314.7699890136719,319.79998779296875,8267200,318.5466003417969
2026-03-06,316.04998779296875,317.69000244140625,312.29998779296875,317.3599853515625,6439700,316.1161804199219
2026-03-09,313.4599914550781,316.3999938964844,310.1499938964844,315.9700012207031,8381500,314.73162841796875
2026-03-10,315.42999267578125,317.1300048828125,311.45001220703125,314.42999267578125,5271300,313.1976623535156
2026-03-11,313.25,315.0799865722656,308.3900146484375,308.9599914550781,6376700,307.74908447265625
2026-03-12,308.1400146484375,310.95001220703125,306.0199890136719,306.5,7514900,305.29876708984375
2026-03-13,307.5899963378906,310.3500061035156,306.4200134277344,307.1400146484375,4814100,305.9362487792969
2026-03-16,307.8500061035156,311.1300048828125,307.3800048828125,310.1099853515625,6401200,308.8945617675781
2026-03-17,311.32000732421875,312.69000244140625,307.3800048828125,308.4599914550781,6872200,307.25103759765625
2026-03-18,307.4100036621094,307.94000244140625,298.5,299.0199890136719,7191700,297.8480529785156
2026-03-19,298.0400085449219,302.4700012207031,297.0299987792969,299.7099914550781,6826400,298.53533935546875
2026-03-20,299.8500061035156,302.9200134277344,299.010009765625,301.6199951171875,14398100,300.4378662109375
2026-03-23,305.20001220703125,307.8500061035156,302.8500061035156,304.44000244140625,7824500,303.246826171875
2026-03-24,302.0,306.0400085449219,300.6199951171875,303.760009765625,5375900,302.5694885253906
2026-03-25,305.4800109863281,308.489990234375,302.1700134277344,304.9100036621094,6280900,303.7149658203125
2026-03-26,304.1600036621094,307.8699951171875,303.0,305.5299987792969,7652700,304.33251953125
2026-03-27,304.32000732421875,304.5899963378906,294.32000732421875,295.5199890136719,9974400,294.3617858886719
2026-03-30,298.7300109863281,300.67999267578125,295.8900146484375,299.5400085449219,9330300,298.36602783203125
2026-03-31,301.6000061035156,303.3399963378906,296.5899963378906,302.239990234375,10246900,301.055419921875
2026-04-01,305.04998779296875,305.04998779296875,293.8900146484375,298.510009765625,7707600,297.3400573730469
2026-04-02,297.79998779296875,302.4700012207031,295.8500061035156,300.79998779296875,4376000,299.6210632324219
2026-04-06,300.739990234375,304.4200134277344,299.4599914550781,303.3299865722656,5501000,302.1411437988281
2026-04-07,302.44000244140625,304.9800109863281,301.1199951171875,302.54998779296875,4413900,301.3642272949219
2026-04-08,307.7300109863281,311.0799865722656,307.70001220703125,308.9599914550781,6879300,307.74908447265625
2026-04-09,308.0,309.5799865722656,303.5899963378906,308.2900085449219,4811500,307.08172607421875
2026-04-10,308.7099914550781,309.0,303.510009765625,304.3599853515625,5190000,303.1671142578125
2026-04-13,303.92999267578125,309.75,302.3399963378906,309.3900146484375,6787200,308.17742919921875
2026-04-14,308.4700012207031,312.1199951171875,307.489990234375,311.3699951171875,5571000,310.149658203125
2026-04-15,313.0,316.7300109863281,311.5199890136719,315.9100036621094,4831400,314.671875
2026-04-16,316.3500061035156,318.0,314.57000732421875,315.1000061035156,5695800,313.86505126953125
2026-04-17,316.6000061035156,319.44000244140625,315.17999267578125,317.0199890136719,8082300,315.7774963378906
2026-04-20,316.3999938964844,317.54998779296875,312.3500061035156,313.94000244140625,5506800,312.7095642089844
2026-04-21,314.010009765625,316.8900146484375,308.82000732421875,309.94000244140625,6806900,308.72528076171875
2026-04-22,311.010009765625,311.3599853515625,308.05999755859375,311.2900085449219,5666600,310.0699462890625
2026-04-23,310.5,312.20001220703125,305.010009765625,308.8800048828125,7275000,307.66943359375
2026-04-24,307.1000061035156,309.9800109863281,304.5,309.4200134277344,5616900,308.2073059082031
2026-04-27,307.510009765625,310.82000732421875,306.05999755859375,309.6499938964844,6261500,308.4363708496094
2026-04-28,312.20001220703125,313.9599914550781,308.739990234375,309.29998779296875,8839900,308.0877380371094
2026-04-29,336.3999938964844,341.9800109863281,333.7900085449219,334.8599853515625,16658600,333.5475769042969
2026-04-30,332.1199951171875,332.5,328.0799865722656,329.8399963378906,11241100,328.5472412109375
2026-05-01,332.8800048828125,335.8500061035156,327.92999267578125,328.0299987792969,6726100,326.7443542480469
2026-05-04,328.0,329.7900085449219,325.3999938964844,326.8500061035156,6712400,325.5690002441406
2026-05-05,325.1099853515625,325.5799865722656,319.6499938964844,322.0299987792969,5893200,320.76788330078125
2026-05-06,323.75,324.5799865722656,318.0,318.79998779296875,7808400,317.5505065917969
2026-05-07,319.5400085449219,323.69000244140625,319.5400085449219,321.2799987792969,7186100,320.0207824707031
2026-05-08,320.989990234375,321.07000732421875,316.1600036621094,318.7900085449219,5950200,317.54058837890625
2026-05-11,319.1000061035156,325.17999267578125,318.010009765625,323.8599853515625,9586200,322.5906982421875
2026-05-12,324.32000732421875,328.9100036621094,324.20001220703125,326.4200134277344,6235200,325.8147277832031
2026-05-13,323.7900085449219,325.4200134277344,319.79998779296875,320.30999755859375,7950400,319.7160339355469
2026-05-14,321.3699951171875,323.3299865722656,320.25,322.5199890136719,5277400,321.92193603515625
2026-05-15,324.0,329.010009765625,323.8399963378906,325.75,6054500,325.1459655761719
2026-05-18,324.42999267578125,333.42999267578125,323.7699890136719,332.6400146484375,5305800,332.023193359375
2026-05-19,333.3299865722656,335.1700134277344,329.489990234375,329.9100036621094,12858100,329.2982482910156
2026-05-20,330.0899963378906,331.6600036621094,326.82000732421875,330.75,9422500,330.1366882324219
2026-05-21,329.8399963378906,332.5199890136719,327.239990234375,331.1199951171875,7034500,330.5060119628906
2026-05-22,330.5199890136719,333.42999267578125,328.82000732421875,328.8800048828125,7462100,328.2701721191406
2026-05-26,326.4599914550781,328.5,324.510009765625,326.4800109863281,8705100,325.8746337890625
2026-05-27,325.8299865722656,331.4599914550781,325.6600036621094,327.6099853515625,5917400,327.00250244140625
2026-05-28,326.010009765625,327.0799865722656,320.8999938964844,324.95001220703125,8105400,324.3474426269531
2026-05-29,325.5,331.6700134277344,325.3500061035156,326.3599853515625,14104500,325.75482177734375
2026-06-01,327.260009765625,327.8599853515625,318.67999267578125,322.7699890136719,10079300,322.1714782714844
2026-06-02,322.510009765625,323.5,313.3900146484375,317.32000732421875,10125300,316.7315979003906
2026-06-03,317.6499938964844,317.6499938964844,309.0,312.3999938964844,8992800,311.8207092285156
2026-06-04,316.7900085449219,324.760009765625,316.70001220703125,320.17999267578125,6981700,319.5862731933594
2026-06-05,322.3999938964844,325.9800109863281,320.9700012207031,323.57000732421875,7176300,322.9700012207031
2026-06-08,321.3500061035156,323.9200134277344,318.42999267578125,319.6700134277344,5582000,319.0772399902344
2026-06-09,318.6600036621094,325.489990234375,317.0,325.04998779296875,6340400,324.4472351074219
2026-06-10,326.6199951171875,326.8999938964844,320.17999267578125,322.9599914550781,5793100,322.3611145019531
2026-06-11,322.0,323.7099914550781,317.9599914550781,319.04998779296875,5958900,318.4583740234375
2026-06-12,321.760009765625,325.92999267578125,319.79998779296875,322.3900146484375,5543200,321.7922058105469
2026-06-15,323.3599853515625,326.44000244140625,322.75,323.82000732421875,6803000,323.21954345703125
2026-06-16,325.69000244140625,333.2900085449219,324.3800048828125,333.1199951171875,9248400,332.5022888183594
2026-06-17,333.5,336.82000732421875,329.9700012207031,330.3800048828125,6895200,329.76739501953125
2026-06-18,331.0,332.3299865722656,327.0,327.239990234375,14716700,326.6331787109375
2026-06-22,328.3299865722656,333.0,325.8599853515625,326.6000061035156,15132400,325.994384765625
2026-06-23,328.82000732421875,331.2799987792969,328.0899963378906,328.4800109863281,11113400,327.87091064453125
2026-06-24,329.0,334.79998779296875,327.2200012207031,332.2300109863281,8197200,331.61395263671875
2026-06-25,332.55999755859375,339.94000244140625,330.07000732421875,330.5199890136719,7050200,329.9071044921875
2026-06-26,332.239990234375,339.7200012207031,331.44000244140625,336.2300109863281,16717400,335.6065368652344
2026-06-29,338.2699890136719,345.80999755859375,338.2699890136719,341.6499938964844,11710900,341.0164794921875
2026-06-30,341.760009765625,344.2900085449219,339.0799865722656,343.0899963378906,7957900,342.45379638671875
2026-07-01,344.55999755859375,353.3599853515625,340.9800109863281,351.0799865722656,13025900,350.4289855957031
2026-07-02,352.510009765625,362.1300048828125,352.510009765625,362.1300048828125,9814800,361.45849609375
2026-07-06,363.0,365.0199890136719,348.8500061035156,357.25,11623800,356.5875549316406
2026-07-07,348.3900146484375,356.0799865722656,346.9200134277344,352.20001220703125,7332500,351.54693603515625
2026-07-08,350.29998779296875,351.6000061035156,345.69000244140625,347.5299987792969,10215200,346.88555908203125
2026-07-09,345.29998779296875,348.5,344.4200134277344,348.20001220703125,6606300,347.5543518066406
2026-07-10,350.6300048828125,351.1700134277344,345.3299865722656,348.9700012207031,4702800,348.3229064941406
2026-07-13,351.7300109863281,359.489990234375,351.04998779296875,357.75,9964600,357.08660888671875
2026-07-14,355.7699890136719,359.94000244140625,353.67999267578125,356.0199890136719,6632400,355.3598327636719
2026-07-15,354.0,360.42999267578125,349.1199951171875,355.1400146484375,8850000,354.4814758300781
2026-07-16,358.0400085449219,365.1400146484375,357.1099853515625,365.1400146484375,9073200,364.4629211425781
2026-07-17,363.57000732421875,364.6300048828125,357.0,358.55999755859375,7400400,357.8951110839844
2026-07-20,357.1000061035156,363.0,356.42999267578125,360.57000732421875,7616800,359.9013977050781
2026-07-21,356.989990234375,359.1199951171875,354.69000244140625,355.82000732421875,6027300,355.16021728515625
2026-07-22,356.57000732421875,357.5299987792969,352.2699890136719,353.4200134277344,4622200,352.7646789550781
2026-07-23,352.04998779296875,352.04998779296875,348.5,351.6000061035156,4183300,350.9480285644531
2026-07-24,353.4700012207031,355.8399963378906,351.04998779296875,355.739990234375,4482800,355.0803527832031
2026-07-27,359.3500061035156,363.6600036621094,358.25,362.5299987792969,6631100,361.8577575683594
2026-07-28,365.05999755859375,371.1600036621094,362.7300109863281,366.5899963378906,11061900,365.91021728515625
2026-07-29,357.0,373.9700012207031,355.4800109863281,368.7300109863281,11289900,368.0462646484375
2026-07-30,365.0,367.0,360.75,366.2699890136719,8391400,365.5908203125
2026-07-31,363.760009765625,366.8800048828125,360.1000061035156,366.1300048828125,7828400,365.4510803222656
2026-08-03,368.5,371.9700012207031,364.3500061035156,365.6700134277344,5521300,364.991943359375
2026-08-04,361.760009765625,371.1099853515625,360.0899963378906,369.5899963378906,7497500,368.9046630859375
2026-08-05,372.29998779296875,372.3999938964844,366.7200012207031,368.5400085449219,6065300,367.85662841796875
2026-08-06,369.57000732421875,371.1000061035156,365.25,370.4700012207031,5022300,369.7830505371094
2026-08-07,368.510009765625,370.25,361.5199890136719,362.5,5112500,361.82781982421875
2026-08-10,362.0,364.1700134277344,358.8699951171875,361.32000732421875,7552200,360.6500244140625
2026-08-11,360.9800109863281,364.54998779296875,359.9700012207031,362.82000732421875,4440900,362.82000732421875
2026-08-12,361.0,363.3500061035156,358.30999755859375,359.4200134277344,3794200,359.4200134277344
2026-08-13,363.70001220703125,365.45001220703125,358.7099914550781,365.45001220703125,8142600,365.45001220703125
2026-08-14,365.8900146484375,366.79998779296875,362.760009765625,364.1499938964844,8106900,364.1499938964844
2026-08-17,362.8399963378906,363.55999755859375,358.5199890136719,358.8399963378906,15543400,358.8399963378906
2026-08-18,359.6199951171875,365.9100036621094,358.04998779296875,364.25,6820300,364.25
2026-08-19,364.0899963378906,370.6400146484375,362.8999938964844,365.5400085449219,5866400,365.5400085449219
2026-08-20,365.1000061035156,368.92999267578125,363.6300048828125,365.7300109863281,6151500,365.7300109863281
2026-08-21,367.8699951171875,371.79998779296875,366.6600036621094,371.0400085449219,6667100,371.0400085449219
2026-08-24,373.260009765625,383.42999267578125,372.2099914550781,382.4100036621094,8477500,382.4100036621094
2026-08-25,381.2099914550781,384.20001220703125,380.2699890136719,384.1400146484375,6777600,384.1400146484375
2026-08-26,384.1400146484375,385.57000732421875,381.0799865722656,383.8999938964844,6075100,383.8999938964844
2026-08-27,381.1400146484375,381.7699890136719,378.5,379.6600036621094,6641500,379.6600036621094
2026-08-28,380.29998779296875,383.67999267578125,379.0299987792969,381.6000061035156,4643000,381.6000061035156
2026-08-31,381.3500061035156,382.4800109863281,378.79998779296875,379.3699951171875,6744800,379.3699951171875
2026-09-01,379.6499938964844,380.75,372.2200012207031,372.6700134277344,5857400,372.6700134277344
2026-09-02,374.010009765625,380.1700134277344,374.010009765625,378.3999938964844,5599900,378.3999938964844
2026-09-03,380.1700134277344,382.2099914550781,376.8599853515625,378.75,3869500,378.75
2026-09-04,374.8900146484375,377.5,373.6400146484375,375.07000732421875,4645100,375.07000732421875
2026-09-08,371.6000061035156,373.5,367.44000244140625,368.6400146484375,4929000,368.6400146484375
2026-09-09,368.45001220703125,369.4800109863281,365.8800048828125,367.3900146484375,4479800,367.3900146484375
2026-09-10,366.3999938964844,368.0,365.5199890136719,367.2099914550781,3800200,367.2099914550781
2026-09-11,368.9200134277344,371.80999755859375,367.9800109863281,370.45001220703125,3492700,370.45001220703125
2026-09-14,375.07000732421875,377.1700134277344,371.6700134277344,375.2799987792969,6198200,375.2799987792969
2026-09-15,374.82000732421875,376.3699951171875,372.82000732421875,375.6199951171875,5014000,375.6199951171875
2026-09-16,374.9599914550781,376.4700012207031,368.1199951171875,370.92999267578125,7202300,370.92999267578125
2026-09-17,371.3800048828125,372.4800109863281,368.3900146484375,369.92999267578125,4710000,369.92999267578125
2026-09-18,368.55999755859375,370.79998779296875,366.92999267578125,368.2900085449219,19583000,368.2900085449219
2026-09-21,369.5400085449219,370.8999938964844,366.0899963378906,369.95001220703125,7108400,369.95001220703125
2026-09-22,371.760009765625,372.0,359.79998779296875,362.0400085449219,8773500,362.0400085449219
2026-09-23,361.239990234375,366.3299865722656,360.0,361.5199890136719,5125600,361.5199890136719
2026-09-24,362.2699890136719,368.2099914550781,362.0,367.9800109863281,4415500,367.9800109863281
2026-09-25,366.0199890136719,368.3299865722656,363.7900085449219,367.3800048828125,4576700,367.3800048828125
2026-09-28,366.70001220703125,370.5,366.05999755859375,367.739990234375,6381000,367.739990234375
2026-09-29,366.92999267578125,368.260009765625,365.0,365.8800048828125,5471000,365.8800048828125
2026-09-30,364.5,364.6000061035156,359.3299865722656,359.3299865722656,7414100,359.3299865722656
2026-10-01,358.3500061035156,363.239990234375,357.3599853515625,359.8500061035156,5270600,359.8500061035156
