date,open,high,low,close,volume,adjclose
2021-10-04,63.47999954223633,64.43000030517578,63.439998626708984,63.79999923706055,1170700,53.676822662353516
2021-10-05,64.45999908447266,64.6500015258789,63.290000915527344,63.459999084472656,1380400,53.390785217285156
2021-10-06,62.97999954223633,63.04999923706055,61.25,62.79999923706055,1084600,52.83550262451172
2021-10-07,63.369998931884766,63.84000015258789,62.65999984741211,63.06999969482422,1060700,53.06266403198242
2021-10-08,62.93000030517578,63.90999984741211,62.84000015258789,63.470001220703125,679600,53.399192810058594
2021-10-11,64.08000183105469,64.41000366210938,62.400001525878906,62.439998626708984,800900,52.532615661621094
2021-10-12,62.18000030517578,62.779998779296875,61.779998779296875,62.709999084472656,1083000,52.75977325439453
2021-10-13,62.7400016784668,62.7400016784668,60.650001525878906,62.13999938964844,970600,52.28022003173828
2021-10-14,62.970001220703125,63.02000045776367,62.040000915527344,62.63999938964844,904600,52.70088577270508
2021-10-15,63.43000030517578,63.59000015258789,62.040000915527344,62.13999938964844,1473800,52.28022003173828
2021-10-18,61.95000076293945,63.189998626708984,61.95000076293945,62.22999954223633,1288200,52.35594177246094
2021-10-19,61.40999984741211,63.33000183105469,60.47999954223633,63.25,2185200,53.21409225463867
2021-10-20,62.84000015258789,65.12999725341797,62.7400016784668,65.0999984741211,1518300,54.77055740356445
2021-10-21,65.01000213623047,65.29000091552734,63.33000183105469,64.56999969482422,988500,54.32465362548828
2021-10-22,64.87000274658203,66.63999938964844,64.70999908447266,66.38999938964844,1524100,55.85587692260742
2021-10-25,66.88999938964844,66.98999786376953,65.55999755859375,66.12000274658203,1144200,55.628719329833984
2021-10-26,66.30999755859375,66.58999633789062,65.2300033569336,65.29000091552734,1004100,54.930419921875
2021-10-27,64.48999786376953,64.73999786376953,62.849998474121094,62.880001068115234,1457900,52.90281677246094
2021-10-28,63.06999969482422,63.84000015258789,62.369998931884766,62.869998931884766,1803800,52.8943977355957
2021-10-29,63.119998931884766,63.790000915527344,62.91999816894531,62.9900016784668,1151500,52.995357513427734
2021-11-01,63.54999923706055,64.91999816894531,63.40999984741211,64.19000244140625,1344000,54.004940032958984
2021-11-02,64.01000213623047,64.63999938964844,63.650001525878906,63.93000030517578,1014200,53.78621292114258
2021-11-03,63.54999923706055,66.23999786376953,63.22999954223633,65.77999877929688,1670700,55.34266662597656
2021-11-04,65.77999877929688,65.77999877929688,63.81999969482422,64.29000091552734,1537600,54.08907699584961
2021-11-05,64.45999908447266,65.8499984741211,64.30000305175781,64.80999755859375,1064800,54.52656936645508
2021-11-08,65.05999755859375,66.12999725341797,64.81999969482422,65.36000061035156,939500,54.989295959472656
2021-11-09,64.31999969482422,65.30999755859375,63.380001068115234,65.1500015258789,1306800,55.13316345214844
2021-11-10,65.18000030517578,65.79000091552734,64.68000030517578,65.06999969482422,1288100,55.06546401977539
2021-11-11,65.18000030517578,66.45999908447266,65.0199966430664,65.88999938964844,884200,55.7593879699707
2021-11-12,65.7300033569336,66.0999984741211,64.94999694824219,65.4800033569336,796900,55.41242980957031
2021-11-15,65.77999877929688,66.55999755859375,65.61000061035156,66.3499984741211,845600,56.14866256713867
2021-11-16,66.25,67.06999969482422,65.94999694824219,66.44000244140625,1183300,56.224830627441406
2021-11-17,66.80000305175781,66.98999786376953,65.47000122070312,66.29000091552734,1119400,56.09788513183594
2021-11-18,66.33999633789062,66.79000091552734,65.77999877929688,66.22000122070312,1130300,56.038658142089844
2021-11-19,64.87999725341797,65.95999908447266,64.0999984741211,65.41000366210938,1372500,55.35319137573242
2021-11-22,65.7300033569336,67.55999755859375,65.11000061035156,66.25,972600,56.06404495239258
2021-11-23,66.86000061035156,67.75,66.55000305175781,67.61000061035156,933200,57.21493148803711
2021-11-24,67.47000122070312,68.25,67.27999877929688,67.48999786376953,977900,57.11338806152344
2021-11-26,64.7300033569336,64.87999725341797,62.81999969482422,64.16999816894531,1524700,54.303836822509766
2021-11-29,65.36000061035156,65.66999816894531,63.83000183105469,64.91000366210938,1662400,54.93006896972656
2021-11-30,63.540000915527344,64.27999877929688,62.709999084472656,63.08000183105469,1722600,53.381431579589844
2021-12-01,64.4000015258789,65.2699966430664,62.349998474121094,62.369998931884766,2476900,52.78059387207031
2021-12-02,62.9900016784668,64.45999908447266,62.400001525878906,64.05000305175781,1745400,54.20228576660156
2021-12-03,64.4000015258789,64.4000015258789,61.2400016784668,61.90999984741211,1407900,52.391326904296875
2021-12-06,63.119998931884766,65.05000305175781,62.63999938964844,63.869998931884766,1760000,54.04996109008789
2021-12-07,64.44999694824219,65.01000213623047,63.939998626708984,64.44000244140625,942000,54.53233337402344
2021-12-08,64.56999969482422,64.75,63.08000183105469,63.36000061035156,985100,53.61838150024414
2021-12-09,63.02000045776367,64.18000030517578,62.470001220703125,63.0099983215332,1246300,53.32218933105469
2021-12-10,63.43000030517578,63.709999084472656,62.189998626708984,63.209999084472656,538200,53.4914436340332
2021-12-13,62.91999816894531,63.25,61.040000915527344,61.16999816894531,1380700,51.76508712768555
2021-12-14,61.25,62.4900016784668,61.119998931884766,62.27000045776367,1633300,52.69597244262695
2021-12-15,62.43000030517578,63.15999984741211,61.52000045776367,62.7599983215332,1389600,53.110626220703125
2021-12-16,63.599998474121094,64.30000305175781,62.779998779296875,63.470001220703125,1583400,53.71146774291992
2021-12-17,63.36000061035156,63.36000061035156,60.90999984741211,61.20000076293945,3901400,51.79047775268555
2021-12-20,60.22999954223633,60.22999954223633,58.18000030517578,59.400001525878906,1478800,50.26723098754883
2021-12-21,60.22999954223633,61.79999923706055,60.22999954223633,61.650001525878906,975200,52.171295166015625
2021-12-22,61.290000915527344,62.060001373291016,61.060001373291016,61.86000061035156,818600,52.34900665283203
2021-12-23,62.41999816894531,63.09000015258789,62.209999084472656,62.36000061035156,572000,52.77212905883789
2021-12-27,62.41999816894531,63.060001373291016,61.720001220703125,63.0099983215332,495500,53.32218933105469
2021-12-28,62.810001373291016,63.529998779296875,62.630001068115234,63.11000061035156,497200,53.40681457519531
2021-12-29,63.279998779296875,63.88999938964844,62.7400016784668,63.45000076293945,691600,53.694541931152344
2021-12-30,63.45000076293945,64.12000274658203,63.06999969482422,63.130001068115234,413100,53.42374801635742
2021-12-31,62.869998931884766,63.41999816894531,62.54999923706055,63.15999984741211,552900,53.449134826660156
2022-01-03,63.880001068115234,65.05999755859375,63.72999954223633,64.23999786376953,1218000,54.36307144165039
2022-01-04,66.11000061035156,66.94999694824219,65.1500015258789,66.06999969482422,1355900,55.91171646118164
2022-01-05,66.47000122070312,67.33999633789062,66.08000183105469,66.22000122070312,1113800,56.038658142089844
2022-01-06,67.0999984741211,69.18000030517578,66.31999969482422,68.94000244140625,1439600,58.340450286865234
2022-01-07,69.18000030517578,70.38999938964844,68.38999938964844,70.08999633789062,1289200,59.31364059448242
2022-01-10,70.68000030517578,71.20999908447266,68.61000061035156,69.55999755859375,1577900,58.86513137817383
2022-01-11,70.12000274658203,70.29000091552734,68.62999725341797,70.22000122070312,851600,59.42365264892578
2022-01-12,70.52999877929688,71.0,69.76000213623047,70.20999908447266,1014400,59.415184020996094
2022-01-13,70.44999694824219,71.18000030517578,69.87999725341797,70.05999755859375,1474800,59.28824996948242
2022-01-14,69.66000366210938,70.76000213623047,68.69999694824219,70.6500015258789,1546600,59.78754806518555
2022-01-18,70.70999908447266,70.83000183105469,69.12000274658203,69.43000030517578,1018100,58.7551155090332
2022-01-19,69.69999694824219,69.69999694824219,65.98999786376953,66.16999816894531,1939400,55.99633026123047
2022-01-20,66.36000061035156,66.9000015258789,64.08000183105469,64.2300033569336,1186500,54.3546142578125
2022-01-21,63.560001373291016,63.709999084472656,61.279998779296875,61.75,1996000,52.255916595458984
2022-01-24,60.540000915527344,63.04999923706055,59.4900016784668,62.77000045776367,2327900,53.11909103393555
2022-01-25,63.25,67.44000244140625,62.91999816894531,66.4800033569336,3832600,56.2586784362793
2022-01-26,67.36000061035156,68.43000030517578,66.06999969482422,67.19999694824219,2315800,56.86797332763672
2022-01-27,67.94999694824219,69.0999984741211,66.30000305175781,66.98999786376953,1781200,56.690269470214844
2022-01-28,66.79000091552734,68.18000030517578,66.25,68.1500015258789,2186800,57.67191696166992
2022-01-31,67.66000366210938,68.55000305175781,66.63999938964844,67.81999969482422,1503400,57.39265441894531
2022-02-01,67.62000274658203,69.12000274658203,67.2300033569336,69.05000305175781,1158000,58.433536529541016
2022-02-02,68.9000015258789,69.5199966430664,68.16999816894531,69.30000305175781,948100,58.64510726928711
2022-02-03,69.19000244140625,70.83000183105469,68.5199966430664,68.9000015258789,1243100,58.306610107421875
2022-02-04,69.30000305175781,71.83999633789062,69.05999755859375,71.16999816894531,1207400,60.22758865356445
2022-02-07,71.33999633789062,72.05999755859375,70.69999694824219,71.6500015258789,809400,60.6337890625
2022-02-08,72.43000030517578,74.33999633789062,71.80000305175781,73.97000122070312,1998800,62.59709930419922
2022-02-09,73.86000061035156,73.94000244140625,72.5999984741211,72.94000244140625,1351700,61.725460052490234
2022-02-10,73.30000305175781,75.44000244140625,73.0999984741211,74.12000274658203,2554400,62.724029541015625
2022-02-11,73.45999908447266,75.16000366210938,72.62000274658203,73.22000122070312,1226200,61.962398529052734
2022-02-14,74.27999877929688,75.29000091552734,71.48999786376953,72.36000061035156,2020800,61.234622955322266
2022-02-15,73.37000274658203,74.86000061035156,72.88999938964844,74.30999755859375,1631400,62.88481140136719
2022-02-16,73.43000030517578,74.8499984741211,73.19999694824219,73.91000366210938,1230700,62.86781311035156
2022-02-17,73.29000091552734,73.3499984741211,71.0199966430664,71.22000122070312,1110000,60.579689025878906
2022-02-18,70.88999938964844,71.91999816894531,70.48999786376953,70.72000122070312,1701600,60.15438461303711
2022-02-22,70.48999786376953,71.8499984741211,70.23999786376953,70.88999938964844,1223400,60.29899215698242
2022-02-23,71.48999786376953,71.95999908447266,69.25,69.70999908447266,1148800,59.29528045654297
2022-02-24,66.55999755859375,67.13999938964844,63.90999984741211,66.97000122070312,2880200,56.96464157104492
2022-02-25,67.31999969482422,71.44000244140625,67.31999969482422,70.98999786376953,1941000,60.3840446472168
2022-02-28,68.77999877929688,70.98999786376953,68.5999984741211,70.88999938964844,1732500,60.29899215698242
2022-03-01,70.2699966430664,70.2699966430664,64.23999786376953,64.94000244140625,3224100,55.23792266845703
2022-03-02,65.86000061035156,69.75,65.61000061035156,68.37999725341797,1935100,58.163978576660156
2022-03-03,68.58999633789062,69.5999984741211,67.37999725341797,68.0,1874000,57.84076690673828
2022-03-04,66.61000061035156,66.61000061035156,64.4800033569336,65.38999938964844,1760600,55.620697021484375
2022-03-07,64.51000213623047,65.29000091552734,62.20000076293945,62.22999954223633,1815500,52.932804107666016
2022-03-08,63.099998474121094,64.55999755859375,61.75,62.45000076293945,1698600,53.119937896728516
2022-03-09,64.98999786376953,65.98999786376953,64.0999984741211,65.12999725341797,1409100,55.39954376220703
2022-03-10,64.48999786376953,65.87000274658203,63.709999084472656,64.5199966430664,1230600,54.880672454833984
2022-03-11,65.06999969482422,66.41999816894531,64.12000274658203,64.20999908447266,1138200,54.61698532104492
2022-03-14,65.54000091552734,66.80000305175781,64.55000305175781,65.0,1525200,55.28895568847656
2022-03-15,65.27999877929688,65.95999908447266,64.13999938964844,65.36000061035156,1117400,55.59516906738281
2022-03-16,66.44999694824219,68.98999786376953,65.94999694824219,68.86000061035156,1999400,58.572288513183594
2022-03-17,67.05000305175781,68.45999908447266,66.08999633789062,68.33999633789062,1884600,58.12995910644531
2022-03-18,68.16999816894531,68.30999755859375,65.70999908447266,67.8499984741211,4135800,57.713165283203125
2022-03-21,68.33000183105469,69.26000213623047,66.73999786376953,67.76000213623047,1779800,57.63661193847656
2022-03-22,68.91000366210938,70.04000091552734,68.44999694824219,69.52999877929688,1805000,59.142173767089844
2022-03-23,68.73999786376953,69.04000091552734,67.54000091552734,67.69999694824219,1498600,57.585567474365234
2022-03-24,68.16000366210938,68.69999694824219,67.55999755859375,68.58000183105469,1329500,58.3341178894043
2022-03-25,68.66000366210938,71.16999816894531,68.55999755859375,71.08000183105469,1996200,60.460609436035156
2022-03-28,70.61000061035156,70.72000122070312,68.62000274658203,69.7300033569336,1344300,59.312286376953125
2022-03-29,70.97000122070312,71.25,69.29000091552734,69.73999786376953,1257700,59.32080841064453
2022-03-30,69.87000274658203,69.9800033569336,66.26000213623047,67.37000274658203,1257100,57.30488586425781
2022-03-31,67.2300033569336,67.7699966430664,65.52999877929688,65.55999755859375,1578300,55.76529312133789
2022-04-01,66.61000061035156,67.25,64.2699966430664,64.30000305175781,2479500,54.693538665771484
2022-04-04,64.29000091552734,64.95999908447266,62.77000045776367,64.0999984741211,1220400,54.523414611816406
2022-04-05,64.05999755859375,64.93000030517578,63.790000915527344,64.4000015258789,1384200,54.77860641479492
2022-04-06,64.01000213623047,64.4000015258789,63.16999816894531,63.66999816894531,1568200,54.157657623291016
2022-04-07,63.56999969482422,63.95000076293945,62.0099983215332,63.18000030517578,1093500,53.740875244140625
2022-04-08,63.68000030517578,64.33000183105469,63.02000045776367,63.88999938964844,889300,54.344791412353516
2022-04-11,63.959999084472656,65.62999725341797,63.84000015258789,64.2300033569336,939800,54.634002685546875
2022-04-12,63.72999954223633,65.13999938964844,62.560001373291016,63.220001220703125,816600,53.774898529052734
2022-04-13,62.560001373291016,64.04000091552734,62.16999816894531,64.0199966430664,964100,54.45537567138672
2022-04-14,63.709999084472656,64.31999969482422,62.650001525878906,62.91999816894531,1138300,53.51971435546875
2022-04-18,63.06999969482422,64.06999969482422,62.84000015258789,63.68000030517578,1167400,54.16617202758789
2022-04-19,64.01000213623047,65.6500015258789,63.84000015258789,65.52999877929688,1079600,55.73978042602539
2022-04-20,65.68000030517578,66.9000015258789,65.18000030517578,65.22000122070312,1826700,55.47610092163086
2022-04-21,66.05999755859375,66.1500015258789,61.77000045776367,62.22999954223633,1966800,52.932804107666016
2022-04-22,62.189998626708984,62.52000045776367,60.560001373291016,60.7400016784668,1967400,51.665409088134766
2022-04-25,59.369998931884766,61.2400016784668,58.77000045776367,61.09000015258789,2811400,51.9631233215332
2022-04-26,56.84000015258789,58.41999816894531,55.04999923706055,55.83000183105469,4341400,47.48896026611328
2022-04-27,55.279998779296875,56.77000045776367,55.060001373291016,56.0099983215332,1986800,47.642066955566406
2022-04-28,56.65999984741211,58.33000183105469,55.91999816894531,57.9900016784668,1902800,49.32626724243164
2022-04-29,57.849998474121094,58.40999984741211,56.27000045776367,56.5099983215332,1745100,48.06737518310547
2022-05-02,57.099998474121094,57.61000061035156,55.619998931884766,57.0099983215332,1416800,48.492671966552734
2022-05-03,57.380001068115234,58.2599983215332,56.97999954223633,57.470001220703125,1497200,48.88395309448242
2022-05-04,57.790000915527344,59.5099983215332,57.36000061035156,59.47999954223633,1752600,50.59365463256836
2022-05-05,58.72999954223633,58.790000915527344,55.9900016784668,57.40999984741211,1375200,48.83290481567383
2022-05-06,57.18000030517578,57.33000183105469,55.27000045776367,55.90999984741211,1168500,47.5570182800293
2022-05-09,55.09000015258789,55.689998626708984,54.22999954223633,55.15999984741211,1887500,46.91905975341797
2022-05-10,55.47999954223633,56.119998931884766,52.88999938964844,53.88999938964844,1485700,45.838802337646484
2022-05-11,54.029998779296875,55.63999938964844,53.380001068115234,53.45000076293945,1291100,45.464534759521484
2022-05-12,53.209999084472656,53.9900016784668,52.18000030517578,53.47999954223633,1603300,45.490055084228516
2022-05-13,53.91999816894531,54.439998626708984,52.849998474121094,53.560001373291016,1486000,45.55809783935547
2022-05-16,53.529998779296875,53.650001525878906,52.34000015258789,52.93000030517578,1105100,45.0222282409668
2022-05-17,53.9900016784668,55.11000061035156,53.77000045776367,54.900001525878906,1055600,46.697914123535156
2022-05-18,54.040000915527344,54.060001373291016,52.59000015258789,53.0,1058800,45.39598846435547
2022-05-19,52.27000045776367,53.20000076293945,51.4900016784668,52.060001373291016,2119000,44.59084701538086
2022-05-20,52.599998474121094,53.13999938964844,50.619998931884766,51.9900016784668,1504600,44.5308837890625
2022-05-23,52.81999969482422,54.61000061035156,52.79999923706055,54.29999923706055,1488000,46.50946807861328
2022-05-24,54.08000183105469,54.18000030517578,52.560001373291016,53.540000915527344,1221200,45.85850143432617
2022-05-25,53.5,55.310001373291016,53.31999969482422,54.959999084472656,1853800,47.07477951049805
2022-05-26,55.380001068115234,56.68000030517578,55.220001220703125,56.38999938964844,1057900,48.29961395263672
2022-05-27,56.43000030517578,57.09000015258789,56.060001373291016,57.040000915527344,1071100,48.85635757446289
2022-05-31,56.4900016784668,57.52000045776367,55.59000015258789,57.040000915527344,1720600,48.85635757446289
2022-06-01,56.93000030517578,57.0099983215332,55.150001525878906,56.0,1096200,47.9655647277832
2022-06-02,55.97999954223633,57.13999938964844,55.720001220703125,57.099998474121094,885400,48.90774917602539
2022-06-03,56.84000015258789,56.939998626708984,56.189998626708984,56.540000915527344,848000,48.428096771240234
2022-06-06,57.189998626708984,57.790000915527344,56.47999954223633,56.88999938964844,823300,48.72787857055664
2022-06-07,56.45000076293945,57.470001220703125,56.0,57.38999938964844,1136700,49.1561393737793
2022-06-08,56.790000915527344,56.959999084472656,56.13999938964844,56.529998779296875,746300,48.419532775878906
2022-06-09,56.529998779296875,56.529998779296875,54.7599983215332,54.77000045776367,1178100,46.91203689575195
2022-06-10,53.25,54.220001220703125,52.439998626708984,52.790000915527344,1965300,45.21611022949219
2022-06-13,51.45000076293945,52.119998931884766,50.72999954223633,51.09000015258789,2080400,43.7600212097168
2022-06-14,51.400001525878906,53.11000061035156,51.369998931884766,51.81999969482422,2056500,44.385284423828125
2022-06-15,52.2400016784668,53.869998931884766,52.13999938964844,53.119998931884766,2872800,45.4987678527832
2022-06-16,51.65999984741211,52.439998626708984,50.869998931884766,51.689998626708984,2035800,44.2739372253418
2022-06-17,52.08000183105469,53.31999969482422,52.0,52.2599983215332,2780200,44.762149810791016
2022-06-21,53.40999984741211,53.970001220703125,52.72999954223633,53.02000045776367,1913500,45.413116455078125
2022-06-22,52.29999923706055,53.16999816894531,52.189998626708984,52.560001373291016,1641700,45.01911163330078
2022-06-23,52.290000915527344,52.349998474121094,50.02000045776367,50.84000015258789,1362900,43.54588317871094
2022-06-24,51.33000183105469,53.33000183105469,51.04999923706055,53.33000183105469,1935100,45.67863845825195
2022-06-27,53.689998626708984,53.689998626708984,52.2400016784668,52.61000061035156,1233500,45.06193161010742
2022-06-28,53.31999969482422,53.93000030517578,52.61000061035156,52.689998626708984,726600,45.13045883178711
2022-06-29,52.81999969482422,52.81999969482422,51.56999969482422,51.970001220703125,752400,44.51375198364258
2022-06-30,50.720001220703125,51.84000015258789,49.939998626708984,50.900001525878906,1053900,43.59728240966797
2022-07-01,50.63999938964844,51.529998779296875,49.66999816894531,51.380001068115234,1240300,44.00840759277344
2022-07-05,50.099998474121094,51.09000015258789,49.27000045776367,51.08000183105469,1115100,43.75145721435547
2022-07-06,50.630001068115234,51.02000045776367,49.900001525878906,50.40999984741211,1233400,43.177574157714844
2022-07-07,51.189998626708984,51.77000045776367,51.189998626708984,51.47999954223633,1108600,44.09405517578125
2022-07-08,51.849998474121094,52.0099983215332,50.75,51.040000915527344,1065500,43.717193603515625
2022-07-11,50.63999938964844,50.97999954223633,50.04999923706055,50.40999984741211,1077600,43.177574157714844
2022-07-12,49.9900016784668,51.279998779296875,49.9900016784668,50.20000076293945,1291500,42.997703552246094
2022-07-13,49.93000030517578,50.15999984741211,48.689998626708984,49.56999969482422,1385400,42.45808410644531
2022-07-14,48.58000183105469,48.849998474121094,47.91999816894531,48.540000915527344,1177000,41.57587432861328
2022-07-15,49.54999923706055,50.77000045776367,48.95000076293945,50.630001068115234,1097200,43.36602020263672
2022-07-18,51.130001068115234,52.189998626708984,50.59000015258789,50.869998931884766,853100,43.57158279418945
2022-07-19,51.459999084472656,53.40999984741211,51.459999084472656,52.599998474121094,1563400,45.05337142944336
2022-07-20,52.16999816894531,53.31999969482422,52.16999816894531,53.27000045776367,1012200,45.62724304199219
2022-07-21,53.029998779296875,53.59000015258789,52.529998779296875,53.04999923706055,1380100,45.43880844116211
2022-07-22,53.040000915527344,53.54999923706055,52.220001220703125,52.7599983215332,1671000,45.190406799316406
2022-07-25,53.2400016784668,54.220001220703125,52.75,54.09000015258789,1313800,46.3296012878418
2022-07-26,53.220001220703125,54.09000015258789,52.43000030517578,52.7400016784668,2257600,45.17328643798828
2022-07-27,52.75,54.279998779296875,52.54999923706055,53.54999923706055,2908100,45.8670654296875
2022-07-28,53.68000030517578,53.880001068115234,52.56999969482422,53.47999954223633,1461900,45.80711364746094
2022-07-29,53.720001220703125,54.70000076293945,53.560001373291016,54.54999923706055,1723000,46.723594665527344
2022-08-01,54.290000915527344,54.529998779296875,53.529998779296875,53.93000030517578,1231600,46.19255447387695
2022-08-02,53.970001220703125,54.47999954223633,53.06999969482422,53.099998474121094,938800,45.48163604736328
2022-08-03,53.4900016784668,54.16999816894531,53.0099983215332,53.959999084472656,1075700,46.21824645996094
2022-08-04,53.72999954223633,53.959999084472656,53.08000183105469,53.310001373291016,949100,45.6615104675293
2022-08-05,53.2599983215332,54.66999816894531,53.150001525878906,54.0,760300,46.25251007080078
2022-08-08,54.20000076293945,54.81999969482422,54.060001373291016,54.09000015258789,993000,46.3296012878418
2022-08-09,54.13999938964844,54.66999816894531,53.83000183105469,54.630001068115234,1270300,46.79212188720703
2022-08-10,55.369998931884766,56.810001373291016,55.25,56.38999938964844,1260100,48.29961395263672
2022-08-11,56.880001068115234,57.439998626708984,56.869998931884766,57.25,1328400,49.03622055053711
2022-08-12,57.540000915527344,58.27000045776367,57.290000915527344,58.220001220703125,1204900,49.867061614990234
2022-08-15,57.810001373291016,58.86000061035156,57.5099983215332,58.63999938964844,1287300,50.226802825927734
2022-08-16,58.540000915527344,59.5099983215332,58.470001220703125,58.9900016784668,1080100,50.526588439941406
2022-08-17,57.84000015258789,59.11000061035156,57.5,58.66999816894531,1374400,50.60422134399414
2022-08-18,58.7599983215332,58.849998474121094,58.349998474121094,58.790000915527344,615400,50.70771789550781
2022-08-19,58.119998931884766,58.290000915527344,57.369998931884766,57.619998931884766,707000,49.69855499267578
2022-08-22,56.86000061035156,56.86000061035156,55.81999969482422,56.0,815700,48.3012809753418
2022-08-23,56.04999923706055,56.61000061035156,55.900001525878906,56.189998626708984,663200,48.46516036987305
2022-08-24,55.93000030517578,56.43000030517578,55.66999816894531,56.279998779296875,549300,48.54277801513672
2022-08-25,56.459999084472656,57.459999084472656,56.33000183105469,57.310001373291016,864600,49.431190490722656
2022-08-26,57.38999938964844,57.97999954223633,56.400001525878906,56.439998626708984,1215200,48.680782318115234
2022-08-29,55.970001220703125,56.31999969482422,55.310001373291016,55.75,1221200,48.08565139770508
2022-08-30,55.959999084472656,56.2400016784668,55.16999816894531,55.400001525878906,941600,47.78376770019531
2022-08-31,55.41999816894531,55.849998474121094,54.869998931884766,55.029998779296875,871600,47.46463394165039
2022-09-01,54.75,55.150001525878906,53.90999984741211,55.11000061035156,976000,47.53363800048828
2022-09-02,55.779998779296875,56.5,54.779998779296875,55.040000915527344,1229200,47.47325134277344
2022-09-06,55.459999084472656,55.599998474121094,54.099998474121094,54.65999984741211,1002100,47.14550018310547
2022-09-07,54.56999969482422,56.529998779296875,54.2599983215332,56.349998474121094,1100200,48.60315704345703
2022-09-08,55.880001068115234,58.369998931884766,55.599998474121094,58.2599983215332,1218200,50.25057601928711
2022-09-09,58.72999954223633,59.31999969482422,58.33000183105469,58.66999816894531,1345700,50.60422134399414
2022-09-12,58.83000183105469,59.459999084472656,58.099998474121094,58.619998931884766,1229300,50.56108093261719
2022-09-13,57.529998779296875,58.25,56.95000076293945,57.29999923706055,1361700,49.422550201416016
2022-09-14,57.540000915527344,58.150001525878906,56.72999954223633,57.959999084472656,1310200,49.991817474365234
2022-09-15,58.040000915527344,59.75,58.040000915527344,58.970001220703125,1428200,50.86296844482422
2022-09-16,58.189998626708984,58.189998626708984,57.209999084472656,57.70000076293945,1876900,49.76757049560547
2022-09-19,57.02000045776367,58.56999969482422,57.02000045776367,58.380001068115234,1160700,50.35407257080078
2022-09-20,57.77000045776367,58.2400016784668,57.0,57.70000076293945,1163700,49.76757049560547
2022-09-21,57.84000015258789,58.88999938964844,57.099998474121094,57.099998474121094,1252200,49.25004959106445
2022-09-22,57.279998779296875,57.439998626708984,55.59000015258789,55.75,824400,48.08565139770508
2022-09-23,55.119998931884766,55.20000076293945,53.599998474121094,54.52000045776367,952700,47.02473831176758
2022-09-26,54.02000045776367,54.939998626708984,53.06999969482422,53.529998779296875,939200,46.17084503173828
2022-09-27,53.7400016784668,54.2599983215332,52.31999969482422,52.7599983215332,1241900,45.5067024230957
2022-09-28,52.88999938964844,53.650001525878906,52.79999923706055,53.27000045776367,1197200,45.946590423583984
2022-09-29,52.529998779296875,52.58000183105469,51.31999969482422,51.779998779296875,1650400,44.66141891479492
2022-09-30,51.7599983215332,52.150001525878906,50.790000915527344,50.86000061035156,1611500,43.8679084777832
2022-10-03,51.72999954223633,52.369998931884766,50.65999984741211,52.209999084472656,1931900,45.032310485839844
2022-10-04,52.84000015258789,54.52000045776367,52.84000015258789,54.52000045776367,1837600,47.02473831176758
2022-10-05,53.56999969482422,54.060001373291016,53.15999984741211,53.52000045776367,855400,46.1622200012207
2022-10-06,53.099998474121094,53.41999816894531,52.189998626708984,52.40999984741211,986900,45.20481872558594
2022-10-07,51.75,51.91999816894531,50.16999816894531,50.369998931884766,1533200,43.44527053833008
2022-10-10,50.970001220703125,50.97999954223633,49.560001373291016,49.95000076293945,874300,43.0830078125
2022-10-11,49.79999923706055,50.06999969482422,48.880001068115234,49.18000030517578,1148100,42.41886901855469
2022-10-12,49.0099983215332,49.27000045776367,48.380001068115234,48.439998626708984,1176200,41.78059768676758
2022-10-13,47.900001525878906,50.90999984741211,47.29999923706055,50.56999969482422,2148700,43.61777114868164
2022-10-14,50.880001068115234,52.15999984741211,49.15999984741211,50.13999938964844,1689700,43.24688720703125
2022-10-17,50.970001220703125,52.04999923706055,50.93000030517578,51.880001068115234,1328500,44.747676849365234
2022-10-18,52.959999084472656,53.38999938964844,51.52000045776367,51.97999954223633,1541600,44.83393859863281
2022-10-19,51.31999969482422,51.61000061035156,48.68000030517578,49.220001220703125,2049500,42.45337677001953
2022-10-20,49.18000030517578,49.63999938964844,46.68000030517578,47.130001068115234,2301200,40.650691986083984
2022-10-21,47.18000030517578,48.5,46.58000183105469,47.81999969482422,2381100,41.24583435058594
2022-10-24,48.31999969482422,50.04999923706055,48.130001068115234,49.779998779296875,2713000,42.93638610839844
2022-10-25,47.720001220703125,51.869998931884766,47.4900016784668,51.5099983215332,3797100,44.42854690551758
2022-10-26,51.040000915527344,51.939998626708984,50.349998474121094,50.400001525878906,1623000,43.47115707397461
2022-10-27,51.060001373291016,51.52000045776367,50.189998626708984,50.380001068115234,1134600,43.45389938354492
2022-10-28,50.779998779296875,51.61000061035156,50.43000030517578,51.540000915527344,1196000,44.45441818237305
2022-10-31,51.099998474121094,52.27000045776367,51.02000045776367,51.939998626708984,1681200,44.79943084716797
2022-11-01,52.38999938964844,52.54999923706055,51.36000061035156,51.61000061035156,1095800,44.514801025390625
2022-11-02,51.36000061035156,51.40999984741211,49.459999084472656,49.4900016784668,1799200,42.68625259399414
2022-11-03,48.61000061035156,48.779998779296875,47.459999084472656,48.119998931884766,1502800,41.504608154296875
2022-11-04,48.810001373291016,49.83000183105469,48.7400016784668,49.7599983215332,1443500,42.919132232666016
2022-11-07,50.220001220703125,50.5,49.439998626708984,49.90999984741211,847200,43.048519134521484
2022-11-08,49.81999969482422,51.130001068115234,49.790000915527344,50.709999084472656,1024300,43.7385368347168
2022-11-09,49.939998626708984,50.369998931884766,49.36000061035156,49.709999084472656,905100,43.22549819946289
2022-11-10,51.11000061035156,54.02000045776367,51.11000061035156,53.869998931884766,2536100,46.842838287353516
2022-11-11,54.08000183105469,56.099998474121094,53.70000076293945,55.38999938964844,2324300,48.16455078125
2022-11-14,55.08000183105469,55.310001373291016,53.25,53.310001373291016,1784800,46.35588455200195
2022-11-15,54.08000183105469,55.0,52.59000015258789,53.119998931884766,1314600,46.190673828125
2022-11-16,53.040000915527344,53.279998779296875,51.7400016784668,51.880001068115234,1451400,45.1124267578125
2022-11-17,50.9900016784668,50.9900016784668,49.779998779296875,50.7599983215332,2054000,44.13852310180664
2022-11-18,51.77000045776367,52.09000015258789,49.38999938964844,50.68000030517578,1843500,44.06896209716797
2022-11-21,50.7599983215332,51.310001373291016,50.41999816894531,50.810001373291016,1450500,44.182003021240234
2022-11-22,51.18000030517578,51.630001068115234,50.77000045776367,51.2599983215332,981900,44.57329559326172
2022-11-23,51.16999816894531,51.689998626708984,50.7599983215332,51.52000045776367,862600,44.79938507080078
2022-11-25,51.540000915527344,51.77000045776367,51.04999923706055,51.75,309400,44.9993782043457
2022-11-28,51.349998474121094,51.709999084472656,50.15999984741211,50.22999954223633,1465400,43.67767333984375
2022-11-29,50.41999816894531,51.09000015258789,50.130001068115234,51.029998779296875,975100,44.37330627441406
2022-11-30,50.790000915527344,51.939998626708984,49.529998779296875,51.81999969482422,1438900,45.060245513916016
2022-12-01,52.20000076293945,52.61000061035156,51.13999938964844,51.9900016784668,1181900,45.208072662353516
2022-12-02,51.09000015258789,52.310001373291016,51.09000015258789,52.25,1471400,45.43415451049805
2022-12-05,51.689998626708984,51.689998626708984,47.47999954223633,48.41999816894531,2281100,42.10377502441406
2022-12-06,48.349998474121094,48.61000061035156,46.72999954223633,47.13999938964844,1962800,40.99074172973633
2022-12-07,46.95000076293945,47.529998779296875,45.970001220703125,47.04999923706055,1994400,40.912479400634766
2022-12-08,47.349998474121094,47.65999984741211,46.939998626708984,47.380001068115234,1166600,41.19943618774414
2022-12-09,47.04999923706055,47.689998626708984,47.0099983215332,47.4900016784668,900700,41.29509353637695
2022-12-12,47.470001220703125,48.63999938964844,46.810001373291016,48.400001525878906,1172300,42.08638000488281
2022-12-13,49.099998474121094,49.77000045776367,47.84000015258789,48.279998779296875,1729900,41.982032775878906
2022-12-14,48.27000045776367,48.4900016784668,47.279998779296875,47.540000915527344,1065200,41.33856964111328
2022-12-15,46.790000915527344,47.31999969482422,46.54999923706055,46.88999938964844,1321800,40.77335739135742
2022-12-16,46.25,47.04999923706055,46.0099983215332,46.06999969482422,2646600,40.06032180786133
2022-12-19,46.099998474121094,46.459999084472656,45.209999084472656,45.7400016784668,1052100,39.77336502075195
2022-12-20,45.95000076293945,46.58000183105469,45.77000045776367,46.130001068115234,954900,40.112491607666016
2022-12-21,47.029998779296875,47.58000183105469,47.029998779296875,47.56999969482422,1257700,41.36465072631836
2022-12-22,47.2599983215332,48.349998474121094,46.970001220703125,48.279998779296875,1563500,41.982032775878906
2022-12-23,48.279998779296875,48.66999816894531,47.9900016784668,48.45000076293945,1263300,42.129859924316406
2022-12-27,48.650001525878906,49.119998931884766,47.90999984741211,48.84000015258789,704200,42.468990325927734
2022-12-28,48.869998931884766,48.900001525878906,47.939998626708984,47.970001220703125,680300,41.71247482299805
2022-12-29,48.060001373291016,49.310001373291016,47.93000030517578,49.08000183105469,685300,42.67768096923828
2022-12-30,48.61000061035156,49.40999984741211,48.5,49.15999984741211,609700,42.74724197387695
2023-01-03,48.68000030517578,49.79999923706055,48.2599983215332,48.459999084472656,1175800,42.138553619384766
2023-01-04,49.08000183105469,50.84000015258789,48.970001220703125,50.22999954223633,1689000,43.67767333984375
2023-01-05,49.7400016784668,49.95000076293945,48.790000915527344,49.349998474121094,867800,42.91246032714844
2023-01-06,49.83000183105469,51.459999084472656,49.43000030517578,51.2599983215332,1363700,44.57329559326172
2023-01-09,51.630001068115234,51.7400016784668,50.90999984741211,51.02000045776367,902700,44.3646125793457
2023-01-10,50.88999938964844,51.38999938964844,50.56999969482422,51.040000915527344,878800,44.381996154785156
2023-01-11,51.290000915527344,51.77000045776367,50.880001068115234,51.33000183105469,697500,44.63417434692383
2023-01-12,51.58000183105469,52.2599983215332,51.38999938964844,51.45000076293945,1295200,44.73851776123047
2023-01-13,50.68000030517578,51.439998626708984,49.650001525878906,51.38999938964844,1018700,44.68634033203125
2023-01-17,51.150001525878906,51.220001220703125,50.31999969482422,50.86000061035156,1674600,44.22548294067383
2023-01-18,50.54999923706055,50.58000183105469,48.20000076293945,48.2599983215332,1804500,41.96464920043945
2023-01-19,47.709999084472656,49.54999923706055,47.560001373291016,49.52000045776367,1830200,43.06027603149414
2023-01-20,49.849998474121094,51.65999984741211,49.52000045776367,51.47999954223633,2453900,44.76460647583008
2023-01-23,51.599998474121094,53.2400016784668,51.27000045776367,52.650001525878906,2942500,45.781982421875
2023-01-24,52.060001373291016,52.09000015258789,50.25,51.77000045776367,3637800,45.01677322387695
2023-01-25,50.81999969482422,52.08000183105469,50.470001220703125,52.02000045776367,2775900,45.23416519165039
2023-01-26,52.61000061035156,52.939998626708984,51.38999938964844,52.20000076293945,1355600,45.39068603515625
2023-01-27,52.20000076293945,53.77000045776367,52.150001525878906,53.369998931884766,1709300,46.40805435180664
2023-01-30,53.06999969482422,53.150001525878906,52.119998931884766,52.22999954223633,1212100,45.41677474975586
2023-01-31,52.27000045776367,53.15999984741211,52.0,53.15999984741211,1020700,46.225460052490234
2023-02-01,52.869998931884766,54.22999954223633,52.66999816894531,53.38999938964844,1329800,46.425445556640625
2023-02-02,53.93000030517578,54.83000183105469,53.529998779296875,54.290000915527344,1098200,47.208045959472656
2023-02-03,53.619998931884766,55.20000076293945,53.40999984741211,54.40999984741211,913000,47.31239318847656
2023-02-06,54.02000045776367,54.150001525878906,53.52000045776367,54.099998474121094,1114900,47.04283142089844
2023-02-07,53.86000061035156,55.119998931884766,53.2400016784668,54.790000915527344,1059200,47.642826080322266
2023-02-08,54.2599983215332,54.540000915527344,53.31999969482422,53.34000015258789,2629700,46.38196563720703
2023-02-09,53.68000030517578,53.95000076293945,52.599998474121094,52.63999938964844,1376900,45.77328872680664
2023-02-10,52.38999938964844,52.77000045776367,52.16999816894531,52.5099983215332,1084500,45.660247802734375
2023-02-13,52.439998626708984,52.91999816894531,52.06999969482422,52.900001525878906,1241600,45.999366760253906
2023-02-14,52.83000183105469,53.150001525878906,52.060001373291016,52.72999954223633,1189700,45.85154342651367
2023-02-15,51.90999984741211,52.529998779296875,51.65999984741211,52.18000030517578,951500,45.72885513305664
2023-02-16,51.650001525878906,51.95000076293945,51.2400016784668,51.38999938964844,935000,45.03652572631836
2023-02-17,51.279998779296875,51.540000915527344,50.91999816894531,51.43000030517578,1120200,45.07157897949219
2023-02-21,50.779998779296875,50.779998779296875,49.310001373291016,49.79999923706055,1364900,43.643096923828125
2023-02-22,49.70000076293945,49.900001525878906,48.959999084472656,49.31999969482422,1301100,43.22243881225586
2023-02-23,49.65999984741211,50.0,48.84000015258789,49.36000061035156,1327400,43.25750732421875
2023-02-24,48.79999923706055,50.310001373291016,48.630001068115234,50.27000045776367,1296200,44.054996490478516
2023-02-27,50.810001373291016,51.189998626708984,50.34000015258789,50.38999938964844,1167800,44.160160064697266
2023-02-28,50.689998626708984,51.04999923706055,50.459999084472656,50.619998931884766,1475200,44.36172103881836
2023-03-01,50.2599983215332,50.959999084472656,50.099998474121094,50.439998626708984,1128600,44.2039794921875
2023-03-02,49.970001220703125,49.970001220703125,47.91999816894531,48.310001373291016,1528900,42.33731460571289
2023-03-03,48.63999938964844,49.25,48.380001068115234,49.22999954223633,1499200,43.14356994628906
2023-03-06,49.41999816894531,49.84000015258789,48.70000076293945,48.7599983215332,1644600,42.73168182373047
2023-03-07,48.33000183105469,48.38999938964844,45.959999084472656,46.439998626708984,2200200,40.69850540161133
2023-03-08,46.65999984741211,47.380001068115234,46.279998779296875,46.68000030517578,1725400,40.90884017944336
2023-03-09,45.83000183105469,45.90999984741211,40.810001373291016,41.36000061035156,5340900,36.246559143066406
2023-03-10,37.689998626708984,42.58000183105469,34.38999938964844,40.349998474121094,11346600,35.361427307128906
2023-03-13,26.25,37.25,22.549999237060547,29.969999313354492,26129900,26.264734268188477
2023-03-14,36.18000030517578,36.9900016784668,27.690000534057617,31.309999465942383,17257000,27.43906593322754
2023-03-15,29.93000030517578,32.0,28.520000457763672,30.709999084472656,9338700,26.913244247436523
2023-03-16,29.940000534057617,33.95000076293945,28.059999465942383,32.11000061035156,11463500,28.140159606933594
2023-03-17,31.670000076293945,31.690000534057617,29.350000381469727,29.940000534057617,11221700,26.238441467285156
2023-03-20,30.850000381469727,32.619998931884766,29.799999237060547,30.18000030517578,7680700,26.448772430419922
2023-03-21,31.729999542236328,33.08000183105469,31.389999389648438,32.290000915527344,9474400,28.29790687561035
2023-03-22,32.290000915527344,33.040000915527344,30.09000015258789,30.1200008392334,7014400,26.396190643310547
2023-03-23,30.389999389648438,30.780000686645508,27.0,27.450000762939453,9700700,24.056289672851562
2023-03-24,27.329999923706055,28.850000381469727,26.040000915527344,28.25,10732600,24.757381439208984
2023-03-27,29.8799991607666,30.989999771118164,28.420000076293945,29.329999923706055,7964100,25.703857421875
2023-03-28,29.3799991607666,30.06999969482422,28.959999084472656,29.950000762939453,3636300,26.24720573425293
2023-03-29,30.5,31.309999465942383,30.1299991607666,31.040000915527344,3196000,27.20244789123535
2023-03-30,31.469999313354492,31.8799991607666,30.06999969482422,30.299999237060547,3683800,26.553937911987305
2023-03-31,30.510000228881836,30.8799991607666,29.299999237060547,29.93000030517578,5143300,26.229679107666016
2023-04-03,30.290000915527344,30.520000457763672,28.860000610351562,29.1200008392334,4615100,25.519824981689453
2023-04-04,29.170000076293945,29.350000381469727,26.8799991607666,27.709999084472656,6001600,24.28413963317871
2023-04-05,27.729999542236328,28.829999923706055,26.93000030517578,28.6299991607666,9830300,25.09040069580078
2023-04-06,28.5,30.020000457763672,28.5,29.389999389648438,5853000,25.756437301635742
2023-04-10,29.1299991607666,30.09000015258789,28.700000762939453,29.8700008392334,3738400,26.177099227905273
2023-04-11,30.1200008392334,30.56999969482422,29.760000228881836,30.110000610351562,4394000,26.387426376342773
2023-04-12,30.209999084472656,30.780000686645508,29.540000915527344,30.290000915527344,3252000,26.54517364501953
2023-04-13,30.459999084472656,31.309999465942383,29.790000915527344,31.149999618530273,3178100,27.298845291137695
2023-04-14,31.84000015258789,31.889999389648438,29.719999313354492,29.950000762939453,3963900,26.24720573425293
2023-04-17,29.809999465942383,31.049999237060547,29.06999969482422,30.93000030517578,4398500,27.106048583984375
2023-04-18,31.110000610351562,31.1200008392334,29.670000076293945,30.459999084472656,3864400,26.694150924682617
2023-04-19,31.030000686645508,33.130001068115234,30.610000610351562,32.720001220703125,7933500,28.67474365234375
2023-04-20,31.1299991607666,31.81999969482422,30.3799991607666,31.1200008392334,8219000,27.27255630493164
2023-04-21,30.8700008392334,30.889999389648438,29.149999618530273,29.350000381469727,6261300,25.721385955810547
2023-04-24,29.350000381469727,29.59000015258789,28.06999969482422,28.270000457763672,5176900,24.77490997314453
2023-04-25,27.760000228881836,27.989999771118164,26.309999465942383,26.729999542236328,6228700,23.42530059814453
2023-04-26,26.940000534057617,27.219999313354492,25.90999984741211,26.389999389648438,4083000,23.127336502075195
2023-04-27,26.360000610351562,27.229999542236328,26.31999969482422,26.579999923706055,3760300,23.293848037719727
2023-04-28,26.389999389648438,28.290000915527344,26.239999771118164,27.860000610351562,5653300,24.415597915649414
2023-05-01,27.940000534057617,28.010000228881836,26.770000457763672,26.81999969482422,4105000,23.50417709350586
2023-05-02,26.65999984741211,26.65999984741211,20.40999984741211,23.920000076293945,18557300,20.962705612182617
2023-05-03,24.329999923706055,25.190000534057617,22.229999542236328,22.65999984741211,9993700,19.858484268188477
2023-05-04,21.790000915527344,22.299999237060547,18.260000228881836,19.93000030517578,25523000,17.466007232666016
2023-05-05,23.290000915527344,24.489999771118164,22.209999084472656,23.760000228881836,14691200,20.822494506835938
2023-05-08,25.309999465942383,26.459999084472656,23.639999389648438,24.260000228881836,12038700,21.26067543029785
2023-05-09,23.899999618530273,24.8799991607666,23.5,24.420000076293945,4999300,21.400894165039062
2023-05-10,25.06999969482422,25.350000381469727,23.389999389648438,23.75,5689100,20.81372833251953
2023-05-11,23.100000381469727,23.780000686645508,22.440000534057617,22.68000030517578,7247700,19.87601661682129
2023-05-12,22.959999084472656,23.0,21.959999084472656,22.43000030517578,6219100,19.656923294067383
2023-05-15,22.670000076293945,24.350000381469727,22.489999771118164,24.329999923706055,6312400,21.322025299072266
2023-05-16,24.399999618530273,24.81999969482422,23.68000030517578,23.760000228881836,4717200,20.822494506835938
2023-05-17,24.3700008392334,26.329999923706055,24.219999313354492,26.170000076293945,9082400,23.337244033813477
2023-05-18,26.270000457763672,27.469999313354492,25.790000915527344,27.239999771118164,9029700,24.29142189025879
2023-05-19,27.260000228881836,27.65999984741211,25.770000457763672,26.770000457763672,7298000,23.872295379638672
2023-05-22,27.31999969482422,28.770000457763672,27.020000457763672,28.09000015258789,8414900,25.049415588378906
2023-05-23,28.8700008392334,30.670000076293945,28.610000610351562,29.389999389648438,9434400,26.20869255065918
2023-05-24,28.989999771118164,29.270000457763672,28.260000228881836,28.969999313354492,5329200,25.834156036376953
2023-05-25,29.06999969482422,29.3799991607666,27.93000030517578,28.31999969482422,5220900,25.2545166015625
2023-05-26,28.43000030517578,28.8700008392334,27.610000610351562,28.65999984741211,3016400,25.55771255493164
2023-05-30,28.940000534057617,29.239999771118164,27.799999237060547,28.90999984741211,4164100,25.78065299987793
2023-05-31,28.540000915527344,28.6299991607666,27.139999389648438,27.290000915527344,4199300,24.33601188659668
2023-06-01,27.809999465942383,28.18000030517578,26.579999923706055,27.670000076293945,4321400,24.674875259399414
2023-06-02,28.479999542236328,29.559999465942383,28.170000076293945,29.06999969482422,5293900,25.923336029052734
2023-06-05,29.290000915527344,29.649999618530273,28.600000381469727,28.719999313354492,3573300,25.61121940612793
2023-06-06,28.5,31.030000686645508,28.43000030517578,30.1200008392334,5208200,26.859678268432617
2023-06-07,30.559999465942383,31.639999389648438,29.889999389648438,31.489999771118164,4618400,28.08138084411621
2023-06-08,31.299999237060547,32.189998626708984,30.649999618530273,32.0099983215332,5008100,28.54509162902832
2023-06-09,32.0,32.150001525878906,30.59000015258789,30.8700008392334,4031000,27.528493881225586
2023-06-12,30.959999084472656,32.34000015258789,29.739999771118164,30.239999771118164,5409800,26.96668815612793
2023-06-13,28.790000915527344,30.309999465942383,28.139999389648438,29.770000457763672,7691600,26.547563552856445
2023-06-14,29.530000686645508,29.780000686645508,27.829999923706055,28.059999465942383,6567700,25.022659301757812
2023-06-15,27.280000686645508,29.170000076293945,27.06999969482422,28.979999542236328,4510900,25.84307289123535
2023-06-16,28.889999389648438,29.139999389648438,27.93000030517578,28.6299991607666,5291100,25.530960083007812
2023-06-20,28.440000534057617,28.5,27.270000457763672,27.850000381469727,3998500,24.83539390563965
2023-06-21,27.770000457763672,28.25,27.459999084472656,27.950000762939453,2879000,24.92456817626953
2023-06-22,27.770000457763672,27.850000381469727,26.690000534057617,26.969999313354492,3924400,24.050647735595703
2023-06-23,26.6299991607666,26.920000076293945,26.360000610351562,26.600000381469727,3829600,23.7206974029541
2023-06-26,26.920000076293945,27.670000076293945,26.8700008392334,27.079999923706055,2154000,24.148740768432617
2023-06-27,27.1299991607666,27.520000457763672,26.579999923706055,27.299999237060547,2377700,24.344928741455078
2023-06-28,27.040000915527344,27.18000030517578,26.559999465942383,27.09000015258789,2500000,24.157657623291016
2023-06-29,27.43000030517578,27.889999389648438,27.059999465942383,27.280000686645508,2917900,24.327091217041016
2023-06-30,27.6200008392334,27.709999084472656,26.770000457763672,26.860000610351562,3699800,23.95254898071289
2023-07-03,27.260000228881836,28.18000030517578,27.170000076293945,28.139999389648438,2621400,25.09400177001953
2023-07-05,27.75,28.68000030517578,27.43000030517578,27.959999084472656,3181200,24.933481216430664
2023-07-06,27.3799991607666,27.829999923706055,26.690000534057617,27.780000686645508,4488000,24.772972106933594
2023-07-07,27.780000686645508,29.3700008392334,27.65999984741211,28.979999542236328,4501800,25.84307289123535
2023-07-10,28.799999237060547,29.799999237060547,28.510000228881836,29.559999465942383,3528700,26.36029624938965
2023-07-11,29.139999389648438,31.030000686645508,29.06999969482422,30.43000030517578,4055900,27.136119842529297
2023-07-12,31.43000030517578,32.209999084472656,31.06999969482422,31.280000686645508,5962600,27.894115447998047
2023-07-13,31.520000457763672,32.34000015258789,31.1200008392334,32.0,2940900,28.536178588867188
2023-07-14,32.70000076293945,32.70000076293945,30.579999923706055,30.700000762939453,4588400,27.376895904541016
2023-07-17,30.6299991607666,31.510000228881836,30.34000015258789,31.360000610351562,2245500,27.965452194213867
2023-07-18,31.479999542236328,33.27000045776367,31.350000381469727,32.43000030517578,4956700,28.91963005065918
2023-07-19,32.79999923706055,34.84000015258789,32.5099983215332,34.459999084472656,7771300,30.72989273071289
2023-07-20,37.02000045776367,38.459999084472656,36.220001220703125,37.900001525878906,10134700,33.79752731323242
2023-07-21,38.06999969482422,38.150001525878906,35.86000061035156,36.11000061035156,5778300,32.201290130615234
2023-07-24,35.70000076293945,37.41999816894531,35.65999984741211,37.04999923706055,4933100,33.0395393371582
2023-07-25,37.529998779296875,37.59000015258789,35.41999816894531,35.779998779296875,5271300,31.907012939453125
2023-07-26,36.79999923706055,38.63999938964844,36.790000915527344,38.45000076293945,4360700,34.28799819946289
2023-07-27,38.65999984741211,39.63999938964844,37.349998474121094,37.61000061035156,4411800,33.53892517089844
2023-07-28,38.290000915527344,38.970001220703125,37.84000015258789,38.689998626708984,2650400,34.502017974853516
2023-07-31,38.91999816894531,39.11000061035156,37.650001525878906,38.25,6188700,34.109649658203125
2023-08-01,38.650001525878906,38.68000030517578,36.529998779296875,37.099998474121094,3265200,33.08413314819336
2023-08-02,36.16999816894531,37.0,35.779998779296875,36.630001068115234,3049500,32.66500473022461
2023-08-03,36.5,37.529998779296875,36.11000061035156,37.40999984741211,2413900,33.360572814941406
2023-08-04,37.27000045776367,38.560001373291016,37.029998779296875,37.91999816894531,2443800,33.81536865234375
2023-08-07,37.91999816894531,38.5099983215332,37.70000076293945,38.13999938964844,2492600,34.01155471801758
2023-08-08,36.68000030517578,38.209999084472656,35.95000076293945,38.18000030517578,3169100,34.0472297668457
2023-08-09,37.849998474121094,38.61000061035156,37.2599983215332,37.400001525878906,2901900,33.351654052734375
2023-08-10,37.66999816894531,38.09000015258789,37.08000183105469,37.529998779296875,2381500,33.467586517333984
2023-08-11,37.029998779296875,38.650001525878906,36.88999938964844,38.29999923706055,2572900,34.15423583984375
2023-08-14,37.779998779296875,37.779998779296875,37.029998779296875,37.40999984741211,2353700,33.360572814941406
2023-08-15,36.5,36.790000915527344,35.65999984741211,35.72999954223633,2953200,31.862428665161133
2023-08-16,35.279998779296875,35.540000915527344,34.75,34.84000015258789,2202300,31.429412841796875
2023-08-17,35.22999954223633,35.29999923706055,34.400001525878906,34.959999084472656,1951200,31.537668228149414
2023-08-18,34.290000915527344,34.939998626708984,34.150001525878906,34.72999954223633,1952400,31.330181121826172
2023-08-21,34.869998931884766,35.0,33.93000030517578,34.529998779296875,2127700,31.149763107299805
2023-08-22,34.5,34.58000183105469,32.900001525878906,33.09000015258789,3132600,29.850727081298828
2023-08-23,33.09000015258789,34.08000183105469,32.650001525878906,33.97999954223633,2004600,30.653608322143555
2023-08-24,34.13999938964844,35.470001220703125,34.0,34.470001220703125,2555200,31.095632553100586
2023-08-25,34.63999938964844,35.0,33.75,34.130001068115234,1423500,30.788917541503906
2023-08-28,34.5,35.20000076293945,34.31999969482422,34.900001525878906,1632500,31.48354721069336
2023-08-29,34.90999984741211,35.709999084472656,34.439998626708984,35.439998626708984,1840100,31.970684051513672
2023-08-30,35.45000076293945,35.58000183105469,34.880001068115234,34.9900016784668,1922300,31.56473731994629
2023-08-31,35.08000183105469,35.540000915527344,34.86000061035156,35.5,2110000,32.02480697631836
2023-09-01,35.7599983215332,36.599998474121094,35.7599983215332,36.439998626708984,2812900,32.872779846191406
2023-09-05,36.08000183105469,37.0099983215332,36.08000183105469,36.130001068115234,2025100,32.59313201904297
2023-09-06,35.599998474121094,35.939998626708984,34.220001220703125,34.81999969482422,2945600,31.4113712310791
2023-09-07,34.529998779296875,35.060001373291016,33.709999084472656,33.86000061035156,2616200,30.545351028442383
2023-09-08,34.029998779296875,34.95000076293945,32.939998626708984,34.91999816894531,4093300,31.501583099365234
2023-09-11,35.119998931884766,35.68000030517578,34.61000061035156,34.72999954223633,2319700,31.330181121826172
2023-09-12,36.11000061035156,37.630001068115234,35.88999938964844,37.09000015258789,5495000,33.45915603637695
2023-09-13,37.40999984741211,37.40999984741211,35.349998474121094,36.130001068115234,4247200,32.59313201904297
2023-09-14,36.709999084472656,37.209999084472656,36.34000015258789,37.08000183105469,2563500,33.45013427734375
2023-09-15,36.720001220703125,37.27000045776367,36.45000076293945,36.91999816894531,5451200,33.30580139160156
2023-09-18,36.79999923706055,37.0,36.029998779296875,36.18000030517578,1551100,32.63823699951172
2023-09-19,36.43000030517578,36.619998931884766,35.470001220703125,35.88999938964844,2062700,32.376617431640625
2023-09-20,36.13999938964844,36.68000030517578,35.279998779296875,35.29999923706055,1847200,31.844385147094727
2023-09-21,35.029998779296875,35.220001220703125,34.09000015258789,34.15999984741211,3054300,30.815977096557617
2023-09-22,34.279998779296875,34.52000045776367,33.650001525878906,34.099998474121094,2364000,30.761852264404297
2023-09-25,33.77000045776367,34.599998474121094,33.63999938964844,34.58000183105469,1370600,31.19487190246582
2023-09-26,33.84000015258789,34.70000076293945,33.84000015258789,33.9900016784668,1586100,30.662626266479492
2023-09-27,33.41999816894531,34.060001373291016,33.11000061035156,33.16999816894531,3779200,29.922893524169922
2023-09-28,33.18000030517578,34.380001068115234,32.540000915527344,33.95000076293945,2233500,30.62653923034668
2023-09-29,34.720001220703125,35.7400016784668,34.38999938964844,34.88999938964844,2926900,31.474515914916992
2023-10-02,34.88999938964844,35.209999084472656,33.220001220703125,33.4900016784668,2731700,30.21157455444336
2023-10-03,33.220001220703125,33.349998474121094,32.25,32.91999816894531,2789800,29.69736099243164
2023-10-04,33.119998931884766,33.41999816894531,32.2400016784668,33.33000183105469,2695000,30.06723403930664
2023-10-05,33.25,33.709999084472656,32.83000183105469,33.400001525878906,5142700,30.130380630493164
2023-10-06,32.66999816894531,34.13999938964844,32.439998626708984,33.689998626708984,3569100,30.391990661621094
2023-10-09,33.29999923706055,34.22999954223633,33.2400016784668,33.970001220703125,2862600,30.64458656311035
2023-10-10,34.459999084472656,35.459999084472656,34.29999923706055,35.119998931884766,3430300,31.682004928588867
2023-10-11,35.2400016784668,36.02000045776367,35.11000061035156,35.650001525878906,2827300,32.16012191772461
2023-10-12,35.630001068115234,35.650001525878906,34.52000045776367,35.20000076293945,2396200,31.754173278808594
2023-10-13,35.689998626708984,35.86000061035156,34.33000183105469,34.56999969482422,2202500,31.185850143432617
2023-10-16,35.09000015258789,36.0099983215332,34.689998626708984,35.91999816894531,2388500,32.4036865234375
2023-10-17,35.529998779296875,37.189998626708984,35.5,36.7400016784668,4232700,33.14341354370117
2023-10-18,36.33000183105469,36.61000061035156,35.5099983215332,35.689998626708984,3606500,32.19620132446289
2023-10-19,33.97999954223633,34.45000076293945,32.220001220703125,32.2400016784668,8547900,29.083934783935547
2023-10-20,32.0,32.099998474121094,29.6200008392334,29.959999084472656,6615100,27.027130126953125
2023-10-23,29.639999389648438,30.8700008392334,29.510000228881836,30.049999237060547,4626200,27.108320236206055
2023-10-24,30.1299991607666,30.459999084472656,29.329999923706055,29.860000610351562,2592600,26.936922073364258
2023-10-25,29.510000228881836,29.969999313354492,28.899999618530273,29.6299991607666,2713300,26.729434967041016
2023-10-26,29.559999465942383,30.860000610351562,29.559999465942383,30.450000762939453,4151700,27.46916389465332
2023-10-27,30.59000015258789,30.670000076293945,28.979999542236328,29.450000762939453,2498300,26.567054748535156
2023-10-30,29.84000015258789,30.18000030517578,29.31999969482422,29.979999542236328,2837100,27.04517364501953
2023-10-31,30.079999923706055,30.979999542236328,29.780000686645508,30.850000381469727,2387400,27.830005645751953
2023-11-01,30.739999771118164,31.1299991607666,30.329999923706055,31.020000457763672,2261800,27.983362197875977
2023-11-02,31.6299991607666,33.349998474121094,31.6299991607666,33.22999954223633,3026800,29.97701644897461
2023-11-03,34.38999938964844,35.08000183105469,34.279998779296875,34.7599983215332,2599600,31.35724449157715
2023-11-06,34.869998931884766,35.09000015258789,33.849998474121094,34.18000030517578,1551900,30.834022521972656
2023-11-07,34.099998474121094,34.290000915527344,33.65999984741211,34.099998474121094,1763500,30.761852264404297
2023-11-08,34.150001525878906,34.16999816894531,33.310001373291016,33.7599983215332,1755000,30.82576560974121
2023-11-09,33.900001525878906,33.91999816894531,32.38999938964844,32.54999923706055,1875000,29.720935821533203
2023-11-10,32.959999084472656,33.150001525878906,32.18000030517578,32.91999816894531,1649200,30.05877685546875
2023-11-13,32.63999938964844,32.88999938964844,32.2400016784668,32.709999084472656,1240300,29.867029190063477
2023-11-14,34.369998931884766,36.04999923706055,34.36000061035156,35.369998931884766,3270200,32.29583740234375
2023-11-15,35.36000061035156,36.529998779296875,35.25,36.08000183105469,2444400,32.94413375854492
2023-11-16,35.95000076293945,36.0,35.060001373291016,35.709999084472656,2217300,32.606285095214844
2023-11-17,36.25,36.470001220703125,35.400001525878906,36.06999969482422,2136200,32.93500518798828
2023-11-20,36.16999816894531,36.16999816894531,35.560001373291016,35.779998779296875,1589000,32.67020034790039
2023-11-21,35.08000183105469,35.290000915527344,34.029998779296875,34.310001373291016,2311600,31.327972412109375
2023-11-22,34.689998626708984,35.0,34.16999816894531,34.40999984741211,1441300,31.41927146911621
2023-11-24,34.59000015258789,34.779998779296875,34.130001068115234,34.349998474121094,584000,31.36448860168457
2023-11-27,34.290000915527344,34.5,33.65999984741211,34.400001525878906,1424200,31.41014289855957
2023-11-28,34.29999923706055,34.56999969482422,33.7400016784668,34.54999923706055,1922800,31.547101974487305
2023-11-29,34.689998626708984,36.31999969482422,34.689998626708984,35.439998626708984,2755200,32.35974884033203
2023-11-30,35.529998779296875,36.11000061035156,35.06999969482422,35.630001068115234,2687200,32.53324508666992
2023-12-01,35.400001525878906,39.0099983215332,35.209999084472656,38.31999969482422,4599000,34.989444732666016
2023-12-04,37.709999084472656,39.029998779296875,37.52000045776367,38.68000030517578,2523400,35.318145751953125
2023-12-05,38.310001373291016,38.349998474121094,37.310001373291016,37.38999938964844,2501500,34.1402702331543
2023-12-06,37.900001525878906,38.689998626708984,37.04999923706055,37.150001525878906,2393500,33.92113494873047
2023-12-07,37.34000015258789,38.4900016784668,37.18000030517578,38.380001068115234,1610300,35.04423141479492
2023-12-08,38.5,39.63999938964844,38.150001525878906,38.93000030517578,2026900,35.54642105102539
2023-12-11,38.77000045776367,39.09000015258789,38.43000030517578,38.630001068115234,1241200,35.27249526977539
2023-12-12,38.470001220703125,38.83000183105469,37.90999984741211,38.130001068115234,1570300,34.815956115722656
2023-12-13,38.220001220703125,41.84000015258789,38.09000015258789,41.81999969482422,3604300,38.185237884521484
2023-12-14,43.81999969482422,46.150001525878906,43.7400016784668,45.66999816894531,6563800,41.70062255859375
2023-12-15,45.529998779296875,45.81999969482422,43.310001373291016,43.84000015258789,6252100,40.02967834472656
2023-12-18,44.43000030517578,44.470001220703125,43.040000915527344,43.040000915527344,2066600,39.29920959472656
2023-12-19,43.209999084472656,44.09000015258789,42.810001373291016,43.93000030517578,1876400,40.111854553222656
2023-12-20,43.70000076293945,44.16999816894531,42.310001373291016,42.540000915527344,2062200,38.84267044067383
2023-12-21,43.349998474121094,43.81999969482422,42.90999984741211,43.619998931884766,1728300,39.828792572021484
2023-12-22,44.279998779296875,44.779998779296875,43.52000045776367,44.0,1534500,40.17576599121094
2023-12-26,44.099998474121094,45.099998474121094,43.720001220703125,44.880001068115234,1131600,40.97928237915039
2023-12-27,44.959999084472656,44.959999084472656,44.29999923706055,44.5099983215332,1345100,40.64143753051758
2023-12-28,44.060001373291016,44.70000076293945,44.0,44.65999984741211,1125900,40.778411865234375
2023-12-29,44.650001525878906,44.650001525878906,43.720001220703125,43.869998931884766,1421100,40.057064056396484
2024-01-02,43.5,44.540000915527344,43.0,44.13999938964844,2256700,40.3036003112793
2024-01-03,43.2599983215332,43.439998626708984,41.86000061035156,42.0,3048300,38.3495979309082
2024-01-04,42.0099983215332,43.040000915527344,41.79999923706055,42.63999938964844,1950200,38.9339714050293
2024-01-05,41.91999816894531,44.13999938964844,41.77000045776367,44.04999923706055,2552400,40.2214241027832
2024-01-08,43.779998779296875,44.59000015258789,43.400001525878906,44.540000915527344,1805000,40.668827056884766
2024-01-09,43.84000015258789,44.59000015258789,43.380001068115234,44.040000915527344,1388200,40.2122917175293
2024-01-10,43.90999984741211,44.119998931884766,43.34000015258789,43.93000030517578,1454600,40.111854553222656
2024-01-11,43.43000030517578,43.5,42.29999923706055,43.34000015258789,1980000,39.57312774658203
2024-01-12,43.58000183105469,43.65999984741211,41.79999923706055,42.11000061035156,1713500,38.450035095214844
2024-01-16,41.470001220703125,41.56999969482422,40.77000045776367,41.15999984741211,2471700,37.58260726928711
2024-01-17,40.2599983215332,41.099998474121094,40.04999923706055,40.939998626708984,1957200,37.3817253112793
2024-01-18,41.290000915527344,41.31999969482422,39.779998779296875,40.52000045776367,2402000,36.99822998046875
2024-01-19,40.630001068115234,41.709999084472656,40.15999984741211,41.619998931884766,2309100,38.00262451171875
2024-01-22,42.029998779296875,44.0099983215332,41.040000915527344,43.310001373291016,6801600,39.545738220214844
2024-01-23,43.5099983215332,44.150001525878906,41.970001220703125,42.77000045776367,4376400,39.052677154541016
2024-01-24,43.540000915527344,44.93000030517578,43.25,44.13999938964844,3480100,40.3036003112793
2024-01-25,44.790000915527344,45.33000183105469,43.630001068115234,44.290000915527344,2358000,40.44055938720703
2024-01-26,44.5,44.86000061035156,43.959999084472656,44.02000045776367,1504900,40.194026947021484
2024-01-29,43.970001220703125,44.9900016784668,43.77000045776367,44.93000030517578,2051600,41.024932861328125
2024-01-30,44.7599983215332,45.029998779296875,44.38999938964844,44.439998626708984,1918900,40.5775260925293
2024-01-31,42.189998626708984,43.540000915527344,41.689998626708984,41.900001525878906,4657400,38.25829315185547
2024-02-01,42.189998626708984,42.34000015258789,37.7599983215332,39.25,8305100,35.83861541748047
2024-02-02,38.099998474121094,39.810001373291016,37.959999084472656,39.650001525878906,6329600,36.20384979248047
2024-02-05,38.970001220703125,39.400001525878906,38.630001068115234,38.869998931884766,4378700,35.49163818359375
2024-02-06,38.880001068115234,39.689998626708984,38.540000915527344,38.900001525878906,4255900,35.51903533935547
2024-02-07,39.119998931884766,39.7599983215332,38.119998931884766,39.189998626708984,3893400,35.7838249206543
2024-02-08,39.2400016784668,40.2599983215332,38.81999969482422,39.88999938964844,2589600,36.42298889160156
2024-02-09,39.91999816894531,40.41999816894531,39.45000076293945,40.09000015258789,2150200,36.60560607910156
2024-02-12,40.15999984741211,41.65999984741211,40.09000015258789,41.2400016784668,1936600,37.655643463134766
2024-02-13,39.54999923706055,39.869998931884766,38.650001525878906,39.34000015258789,3187600,35.92079162597656
2024-02-14,39.529998779296875,40.439998626708984,39.13999938964844,40.41999816894531,2821100,37.29561233520508
2024-02-15,40.84000015258789,42.18000030517578,40.72999954223633,41.52000045776367,2687900,38.31058883666992
2024-02-16,40.7599983215332,41.220001220703125,40.599998474121094,40.63999938964844,2272500,37.49860382080078
2024-02-20,39.91999816894531,40.650001525878906,39.84000015258789,40.09000015258789,2087400,36.99112319946289
2024-02-21,39.63999938964844,40.20000076293945,39.2599983215332,39.599998474121094,1909500,36.538997650146484
2024-02-22,39.70000076293945,40.619998931884766,39.47999954223633,39.650001525878906,1954600,36.58513641357422
2024-02-23,39.459999084472656,39.720001220703125,38.7400016784668,39.029998779296875,2964700,36.013057708740234
2024-02-26,38.61000061035156,39.439998626708984,38.040000915527344,38.41999816894531,2030500,35.4502067565918
2024-02-27,38.86000061035156,39.2400016784668,38.34000015258789,38.68000030517578,1786000,35.69011306762695
2024-02-28,38.290000915527344,38.689998626708984,38.0099983215332,38.08000183105469,1487000,35.13649368286133
2024-02-29,39.18000030517578,39.630001068115234,38.75,39.43000030517578,2991100,36.382137298583984
2024-03-01,38.720001220703125,39.220001220703125,38.0099983215332,38.77000045776367,3147700,35.77315902709961
2024-03-04,39.130001068115234,40.2400016784668,38.790000915527344,39.16999816894531,4217700,36.14223861694336
2024-03-05,38.7400016784668,41.279998779296875,38.7400016784668,40.95000076293945,3370400,37.78464889526367
2024-03-06,40.68000030517578,41.93000030517578,39.279998779296875,41.29999923706055,4182000,38.10759735107422
2024-03-07,41.88999938964844,42.599998474121094,41.150001525878906,41.52000045776367,2512100,38.31058883666992
2024-03-08,42.22999954223633,42.95000076293945,42.060001373291016,42.2400016784668,2459500,38.974937438964844
2024-03-11,42.27000045776367,42.439998626708984,41.2400016784668,41.61000061035156,2607800,38.39362716674805
2024-03-12,41.630001068115234,42.040000915527344,40.66999816894531,40.900001525878906,2254900,37.7385139465332
2024-03-13,40.650001525878906,41.369998931884766,40.56999969482422,41.06999969482422,1956600,37.89537048339844
2024-03-14,40.83000183105469,41.04999923706055,39.22999954223633,39.79999923706055,2837400,36.72353744506836
2024-03-15,39.599998474121094,40.33000183105469,39.380001068115234,39.790000915527344,37419600,36.71431350708008
2024-03-18,39.970001220703125,40.04999923706055,39.279998779296875,39.72999954223633,2294700,36.65895462036133
2024-03-19,39.41999816894531,40.209999084472656,39.38999938964844,39.779998779296875,2150600,36.70508575439453
2024-03-20,39.58000183105469,41.650001525878906,39.27000045776367,41.31999969482422,2877800,38.12605285644531
2024-03-21,41.72999954223633,42.90999984741211,41.400001525878906,41.61000061035156,2350300,38.39362716674805
2024-03-22,41.25,41.88999938964844,40.630001068115234,40.650001525878906,2140600,37.507835388183594
2024-03-25,40.619998931884766,41.31999969482422,40.61000061035156,41.02000045776367,1956200,37.849239349365234
2024-03-26,41.369998931884766,41.38999938964844,40.939998626708984,41.189998626708984,1502100,38.00609588623047
2024-03-27,41.540000915527344,43.18000030517578,41.36000061035156,43.150001525878906,2227400,39.8145866394043
2024-03-28,42.88999938964844,43.52000045776367,42.7599983215332,43.400001525878906,1959400,40.04527282714844
2024-04-01,43.36000061035156,43.470001220703125,42.599998474121094,42.97999954223633,1785700,39.65773010253906
2024-04-02,42.279998779296875,42.849998474121094,41.70000076293945,42.41999816894531,2128100,39.141021728515625
2024-04-03,42.5,43.11000061035156,42.15999984741211,42.52000045776367,1490400,39.23329162597656
2024-04-04,43.33000183105469,43.630001068115234,41.720001220703125,41.720001220703125,1805400,38.49512481689453
2024-04-05,41.290000915527344,42.41999816894531,41.20000076293945,42.08000183105469,1446500,38.82729721069336
2024-04-08,42.2400016784668,43.16999816894531,41.90999984741211,42.9900016784668,1458400,39.66696548461914
2024-04-09,43.2599983215332,43.540000915527344,42.33000183105469,43.5099983215332,1838200,40.14676284790039
2024-04-10,42.0099983215332,42.2599983215332,40.63999938964844,41.09000015258789,2112600,37.91382598876953
2024-04-11,41.09000015258789,41.41999816894531,40.36000061035156,41.2599983215332,1428700,38.0706901550293
2024-04-12,40.65999984741211,41.029998779296875,40.369998931884766,40.66999816894531,1564000,37.52628707885742
2024-04-15,40.939998626708984,41.5,39.849998474121094,40.40999984741211,2126600,37.28638458251953
2024-04-16,39.959999084472656,40.060001373291016,39.2400016784668,39.5,1485000,36.44672775268555
2024-04-17,39.959999084472656,40.040000915527344,39.099998474121094,39.36000061035156,1714600,36.31755447387695
2024-04-18,39.41999816894531,39.959999084472656,39.09000015258789,39.2400016784668,2163600,36.206825256347656
2024-04-19,39.060001373291016,40.189998626708984,39.04999923706055,39.91999816894531,3285800,36.83426284790039
2024-04-22,39.90999984741211,41.900001525878906,39.630001068115234,41.31999969482422,4469900,38.12605285644531
2024-04-23,41.459999084472656,42.119998931884766,41.11000061035156,41.75,2039800,38.52280807495117
2024-04-24,41.22999954223633,42.27000045776367,41.189998626708984,42.16999816894531,1922400,38.91033935546875
2024-04-25,41.54999923706055,41.97999954223633,40.83000183105469,41.27000045776367,1529700,38.07991027832031
2024-04-26,41.099998474121094,42.33000183105469,41.08000183105469,41.7599983215332,1970800,38.53203582763672
2024-04-29,42.029998779296875,42.220001220703125,41.119998931884766,41.31999969482422,1267900,38.12605285644531
2024-04-30,40.810001373291016,41.47999954223633,40.63999938964844,40.779998779296875,1429800,37.62778854370117
2024-05-01,41.08000183105469,42.630001068115234,41.0,41.83000183105469,1597700,38.596622467041016
2024-05-02,42.45000076293945,42.72999954223633,41.529998779296875,42.720001220703125,1871900,39.41783142089844
2024-05-03,43.560001373291016,44.16999816894531,43.2400016784668,43.619998931884766,2094600,40.248260498046875
2024-05-06,44.150001525878906,44.18000030517578,43.599998474121094,43.70000076293945,1530800,40.32208251953125
2024-05-07,43.97999954223633,44.27000045776367,43.689998626708984,43.810001373291016,1548500,40.4235725402832
2024-05-08,43.18000030517578,44.189998626708984,43.02000045776367,44.130001068115234,1158600,40.71884536743164
2024-05-09,44.060001373291016,44.4900016784668,43.84000015258789,44.290000915527344,1242500,40.866477966308594
2024-05-10,44.4900016784668,44.4900016784668,43.81999969482422,44.31999969482422,1061100,40.894161224365234
2024-05-13,44.61000061035156,44.70000076293945,43.900001525878906,43.939998626708984,1177400,40.543521881103516
2024-05-14,44.5,44.56999969482422,44.029998779296875,44.54999923706055,1345800,41.10637283325195
2024-05-15,44.95000076293945,45.540000915527344,44.52000045776367,45.099998474121094,1758900,42.000396728515625
2024-05-16,44.900001525878906,45.22999954223633,44.709999084472656,44.7400016784668,1193400,41.66514205932617
2024-05-17,44.7400016784668,45.13999938964844,44.66999816894531,44.959999084472656,1229200,41.87002182006836
2024-05-20,44.84000015258789,45.0,43.72999954223633,43.79999923706055,1377700,40.78974151611328
2024-05-21,43.630001068115234,44.20000076293945,43.560001373291016,44.040000915527344,1089500,41.013248443603516
2024-05-22,43.650001525878906,44.029998779296875,43.27000045776367,43.790000915527344,1030500,40.78042984008789
2024-05-23,44.27000045776367,44.27000045776367,42.33000183105469,42.560001373291016,2473300,39.63496780395508
2024-05-24,42.95000076293945,43.150001525878906,42.59000015258789,43.09000015258789,947300,40.128536224365234
2024-05-28,43.38999938964844,43.5,42.220001220703125,42.52000045776367,1010300,39.597713470458984
2024-05-29,41.720001220703125,41.81999969482422,40.97999954223633,41.689998626708984,1068100,38.82475662231445
2024-05-30,42.20000076293945,42.43000030517578,41.720001220703125,42.2599983215332,736400,39.35557556152344
2024-05-31,42.59000015258789,43.220001220703125,42.20000076293945,43.189998626708984,1455100,40.22166442871094
2024-06-03,43.45000076293945,43.540000915527344,41.68000030517578,42.029998779296875,1761600,39.14139175415039
2024-06-04,41.41999816894531,41.810001373291016,40.93000030517578,41.130001068115234,1094800,38.30324935913086
2024-06-05,41.560001373291016,41.560001373291016,40.86000061035156,40.95000076293945,1000800,38.135616302490234
2024-06-06,41.06999969482422,41.529998779296875,40.900001525878906,41.040000915527344,1104800,38.21942901611328
2024-06-07,40.58000183105469,41.58000183105469,40.58000183105469,41.540000915527344,1303500,38.6850700378418
2024-06-10,41.209999084472656,41.41999816894531,40.439998626708984,41.279998779296875,1296200,38.442935943603516
2024-06-11,40.65999984741211,40.79999923706055,40.16999816894531,40.70000076293945,1517900,37.90279769897461
2024-06-12,41.939998626708984,42.70000076293945,41.790000915527344,42.43000030517578,2538200,39.51390075683594
2024-06-13,42.400001525878906,42.41999816894531,41.33000183105469,41.34000015258789,1377800,38.49881362915039
2024-06-14,40.59000015258789,41.150001525878906,40.279998779296875,40.75,957300,37.94935989379883
2024-06-17,40.630001068115234,41.290000915527344,39.90999984741211,41.2599983215332,1736500,38.424312591552734
2024-06-18,41.06999969482422,41.56999969482422,40.91999816894531,41.400001525878906,2048000,38.554691314697266
2024-06-20,41.29999923706055,41.29999923706055,40.68000030517578,41.16999816894531,1473600,38.34048843383789
2024-06-21,41.11000061035156,41.279998779296875,40.529998779296875,41.25,2032500,38.41499328613281
2024-06-24,41.5,42.91999816894531,41.2599983215332,42.45000076293945,1328400,39.53252410888672
2024-06-25,42.2400016784668,42.5099983215332,41.45000076293945,41.9900016784668,1795600,39.10414505004883
2024-06-26,41.68000030517578,41.880001068115234,41.43000030517578,41.849998474121094,778800,38.9737548828125
2024-06-27,41.83000183105469,42.119998931884766,41.40999984741211,42.060001373291016,875500,39.16932678222656
2024-06-28,42.560001373291016,43.470001220703125,42.279998779296875,43.369998931884766,1867800,40.3892936706543
2024-07-01,43.029998779296875,43.81999969482422,43.029998779296875,43.31999969482422,1065600,40.34273147583008
2024-07-02,43.22999954223633,43.97999954223633,43.13999938964844,43.970001220703125,1203300,40.94806671142578
2024-07-03,43.849998474121094,44.08000183105469,43.5099983215332,43.54999923706055,1178300,40.556922912597656
2024-07-05,43.369998931884766,43.459999084472656,42.36000061035156,42.4900016784668,1945400,39.56977081298828
2024-07-08,43.099998474121094,43.25,42.52000045776367,42.59000015258789,1264700,39.662906646728516
2024-07-09,42.470001220703125,43.97999954223633,42.33000183105469,43.90999984741211,1350600,40.89218521118164
2024-07-10,43.970001220703125,45.40999984741211,43.790000915527344,45.36000061035156,2407600,42.242530822753906
2024-07-11,46.2599983215332,47.650001525878906,46.119998931884766,47.41999816894531,2309100,44.16094970703125
2024-07-12,47.439998626708984,47.66999816894531,47.02000045776367,47.22999954223633,1394800,43.9840087890625
2024-07-15,48.02000045776367,48.68000030517578,47.900001525878906,48.2400016784668,1606500,44.92459487915039
2024-07-16,48.540000915527344,50.2400016784668,48.34000015258789,50.220001220703125,2170800,46.76851272583008
2024-07-17,49.47999954223633,51.2400016784668,49.47999954223633,50.540000915527344,1956800,47.06652069091797
2024-07-18,49.84000015258789,51.130001068115234,48.970001220703125,49.209999084472656,2141200,45.82792282104492
2024-07-19,49.209999084472656,49.61000061035156,48.650001525878906,48.97999954223633,2544000,45.61373519897461
2024-07-22,48.65999984741211,49.709999084472656,48.41999816894531,49.47999954223633,2533900,46.079368591308594
2024-07-23,53.31999969482422,53.31999969482422,50.939998626708984,52.529998779296875,3161600,48.91975402832031
2024-07-24,52.029998779296875,52.68000030517578,50.869998931884766,50.97999954223633,2351600,47.47627258300781
2024-07-25,50.630001068115234,52.43000030517578,50.5,51.79999923706055,2036300,48.239925384521484
2024-07-26,51.95000076293945,52.4900016784668,51.58000183105469,52.290000915527344,1404700,48.69624710083008
2024-07-29,52.540000915527344,52.65999984741211,51.40999984741211,51.810001373291016,1036800,48.24924087524414
2024-07-30,51.90999984741211,52.20000076293945,51.27000045776367,51.90999984741211,2166400,48.34236145019531
2024-07-31,51.84000015258789,52.849998474121094,51.09000015258789,51.66999816894531,1979600,48.11885452270508
2024-08-01,51.619998931884766,51.810001373291016,48.2400016784668,48.619998931884766,2520400,45.27847671508789
2024-08-02,47.209999084472656,47.209999084472656,44.939998626708984,46.779998779296875,3199400,43.564937591552734
2024-08-05,44.13999938964844,46.439998626708984,43.5099983215332,46.02000045776367,2522700,42.85716247558594
2024-08-06,46.099998474121094,47.0,45.810001373291016,46.099998474121094,1509400,42.93166732788086
2024-08-07,47.34000015258789,47.52000045776367,45.459999084472656,45.5,1169200,42.37290954589844
2024-08-08,46.56999969482422,46.56999969482422,45.7400016784668,46.15999984741211,1100400,42.987545013427734
2024-08-09,46.150001525878906,46.4900016784668,45.83000183105469,45.95000076293945,1192600,42.79197692871094
2024-08-12,46.560001373291016,47.61000061035156,45.34000015258789,45.4900016784668,1935600,42.36359786987305
2024-08-13,45.869998931884766,45.95000076293945,45.040000915527344,45.7400016784668,1623400,42.59640884399414
2024-08-14,46.0099983215332,46.0099983215332,44.95000076293945,45.349998474121094,1762100,42.23321533203125
2024-08-15,45.88999938964844,46.41999816894531,45.88999938964844,46.130001068115234,1877300,43.35154342651367
2024-08-16,45.75,46.619998931884766,45.75,46.59000015258789,1072900,43.783836364746094
2024-08-19,46.61000061035156,47.099998474121094,46.33000183105469,47.0,1446700,44.16913986206055
2024-08-20,46.7599983215332,46.7599983215332,46.279998779296875,46.36000061035156,1461700,43.56768798828125
2024-08-21,46.20000076293945,47.08000183105469,46.09000015258789,47.06999969482422,1713500,44.23492431640625
2024-08-22,47.22999954223633,47.7599983215332,47.060001373291016,47.68000030517578,1155600,44.80817413330078
2024-08-23,48.0,50.86000061035156,47.939998626708984,49.90999984741211,2068700,46.90386199951172
2024-08-26,50.2400016784668,50.369998931884766,48.9900016784668,49.06999969482422,1043400,46.11445999145508
2024-08-27,48.56999969482422,48.91999816894531,48.36000061035156,48.75,790600,45.81373596191406
2024-08-28,48.47999954223633,49.459999084472656,48.470001220703125,49.279998779296875,895200,46.31180953979492
2024-08-29,49.61000061035156,49.869998931884766,48.52000045776367,49.22999954223633,789100,46.264827728271484
2024-08-30,49.5,49.66999816894531,48.849998474121094,49.560001373291016,1046700,46.574947357177734
2024-09-03,48.9900016784668,49.56999969482422,48.29999923706055,48.63999938964844,1476300,45.71036148071289
2024-09-04,48.439998626708984,48.7599983215332,47.150001525878906,47.290000915527344,1708600,44.44166946411133
2024-09-05,47.880001068115234,47.939998626708984,46.029998779296875,46.150001525878906,2233500,43.37033462524414
2024-09-06,46.2400016784668,46.540000915527344,44.880001068115234,45.029998779296875,2260800,42.317787170410156
2024-09-09,45.33000183105469,45.86000061035156,44.95000076293945,45.540000915527344,1680400,42.79707336425781
2024-09-10,45.689998626708984,45.849998474121094,44.34000015258789,45.779998779296875,1856400,43.022613525390625
2024-09-11,45.29999923706055,45.45000076293945,43.720001220703125,45.04999923706055,1463800,42.336585998535156
2024-09-12,45.220001220703125,45.5,44.720001220703125,45.11000061035156,1458300,42.392974853515625
2024-09-13,45.900001525878906,46.52000045776367,45.56999969482422,46.4900016784668,1476500,43.68985366821289
2024-09-16,46.40999984741211,47.02000045776367,46.40999984741211,46.75,928900,43.93419647216797
2024-09-17,47.08000183105469,48.08000183105469,46.66999816894531,46.91999816894531,1495700,44.09395217895508
2024-09-18,47.11000061035156,48.470001220703125,46.650001525878906,47.0099983215332,1443800,44.17853546142578
2024-09-19,47.970001220703125,48.66999816894531,47.4900016784668,48.45000076293945,2236000,45.531803131103516
2024-09-20,48.130001068115234,48.279998779296875,47.5099983215332,47.9900016784668,2664600,45.09951400756836
2024-09-23,48.02000045776367,48.45000076293945,47.209999084472656,47.29999923706055,1103400,44.45106887817383
2024-09-24,47.70000076293945,47.93000030517578,46.81999969482422,47.029998779296875,1153700,44.19732666015625
2024-09-25,46.97999954223633,47.09000015258789,45.630001068115234,45.66999816894531,1555900,42.91924285888672
2024-09-26,46.290000915527344,46.56999969482422,45.7599983215332,46.31999969482422,1032500,43.53009033203125
2024-09-27,46.7400016784668,46.86000061035156,45.95000076293945,46.459999084472656,981800,43.661659240722656
2024-09-30,46.70000076293945,47.630001068115234,46.380001068115234,47.220001220703125,1236200,44.37588882446289
2024-10-01,46.70000076293945,46.7599983215332,45.08000183105469,45.599998474121094,1227700,42.853458404541016
2024-10-02,45.5,46.54999923706055,45.189998626708984,45.689998626708984,1210300,42.938045501708984
2024-10-03,45.5,46.20000076293945,44.959999084472656,46.189998626708984,1068300,43.40792465209961
2024-10-04,47.029998779296875,48.61000061035156,46.97999954223633,47.86000061035156,1538100,44.97734069824219
2024-10-07,47.529998779296875,47.939998626708984,46.9900016784668,47.439998626708984,827600,44.58263397216797
2024-10-08,47.470001220703125,47.79999923706055,47.18000030517578,47.220001220703125,884400,44.37588882446289
2024-10-09,47.380001068115234,48.34000015258789,47.150001525878906,48.209999084472656,859700,45.30625534057617
2024-10-10,47.83000183105469,48.349998474121094,47.459999084472656,48.27000045776367,1042800,45.36264419555664
2024-10-11,48.540000915527344,50.27000045776367,48.540000915527344,49.970001220703125,1217200,46.96024703979492
2024-10-14,50.040000915527344,50.41999816894531,49.56999969482422,50.08000183105469,906100,47.063621520996094
2024-10-15,50.279998779296875,51.70000076293945,49.81999969482422,50.5,1507300,47.45832824707031
2024-10-16,51.0,51.81999969482422,50.630001068115234,51.06999969482422,1679900,47.99399948120117
2024-10-17,50.939998626708984,51.54999923706055,50.630001068115234,51.029998779296875,1095800,47.95641326904297
2024-10-18,50.939998626708984,51.45000076293945,50.70000076293945,51.25,1502800,48.16315460205078
2024-10-21,51.22999954223633,51.61000061035156,49.33000183105469,49.439998626708984,3001300,46.4621696472168
2024-10-22,51.58000183105469,53.06999969482422,51.279998779296875,52.5099983215332,4249800,49.34726333618164
2024-10-23,52.189998626708984,52.61000061035156,51.15999984741211,51.88999938964844,1713800,48.76460647583008
2024-10-24,52.0,52.40999984741211,51.61000061035156,52.18000030517578,1296900,49.03714370727539
2024-10-25,52.54999923706055,52.650001525878906,51.15999984741211,51.34000015258789,1003600,48.24773406982422
2024-10-28,51.84000015258789,52.810001373291016,51.27000045776367,52.5099983215332,1099300,49.34726333618164
2024-10-29,52.31999969482422,52.5099983215332,51.790000915527344,52.130001068115234,1073800,48.99015426635742
2024-10-30,52.029998779296875,53.849998474121094,52.029998779296875,52.93000030517578,1310200,49.741966247558594
2024-10-31,52.720001220703125,53.130001068115234,52.060001373291016,52.060001373291016,938900,48.92436599731445
2024-11-01,52.279998779296875,52.939998626708984,51.400001525878906,51.439998626708984,938500,48.34170913696289
2024-11-04,51.33000183105469,51.79999923706055,50.2400016784668,51.15999984741211,1102400,48.078575134277344
2024-11-05,51.560001373291016,52.33000183105469,51.0,52.02000045776367,1019700,48.886783599853516
2024-11-06,56.119998931884766,60.40999984741211,55.58000183105469,60.349998474121094,3936000,56.715049743652344
2024-11-07,59.540000915527344,59.9900016784668,57.2599983215332,57.54999923706055,2441500,54.08370590209961
2024-11-08,57.529998779296875,58.47999954223633,57.34000015258789,58.130001068115234,1205900,54.62876510620117
2024-11-11,59.459999084472656,61.08000183105469,59.0,60.060001373291016,1438300,56.44252395629883
2024-11-12,59.470001220703125,60.43000030517578,59.15999984741211,59.689998626708984,927000,56.09480285644531
2024-11-13,60.0,61.79999923706055,59.65999984741211,60.209999084472656,1419800,56.58348083496094
2024-11-14,59.9900016784668,60.630001068115234,59.15999984741211,59.599998474121094,952900,56.41310501098633
2024-11-15,59.779998779296875,60.22999954223633,58.630001068115234,59.5099983215332,1095800,56.32791519165039
2024-11-18,59.90999984741211,59.90999984741211,59.11000061035156,59.189998626708984,687100,56.025028228759766
2024-11-19,58.099998474121094,59.13999938964844,57.90999984741211,58.83000183105469,1101200,55.68428039550781
2024-11-20,58.72999954223633,59.16999816894531,58.099998474121094,58.65999984741211,931700,55.523372650146484
2024-11-21,58.93000030517578,60.0099983215332,58.68000030517578,59.13999938964844,1160700,55.97770309448242
2024-11-22,58.90999984741211,60.7599983215332,58.90999984741211,60.58000183105469,1136600,57.3407096862793
2024-11-25,61.0,63.220001220703125,61.0,61.72999954223633,1637600,58.42921447753906
2024-11-26,61.20000076293945,61.45000076293945,60.599998474121094,61.11000061035156,925300,57.84236526489258
2024-11-27,61.5,61.959999084472656,60.439998626708984,60.68000030517578,930700,57.435359954833984
2024-11-29,61.2400016784668,61.439998626708984,60.18000030517578,60.52000045776367,512400,57.28391647338867
2024-12-02,60.689998626708984,60.709999084472656,59.72999954223633,59.91999816894531,970700,56.71599578857422
2024-12-03,59.86000061035156,60.279998779296875,58.95000076293945,59.279998779296875,774900,56.11022186279297
2024-12-04,59.45000076293945,59.77000045776367,58.43000030517578,59.16999816894531,921800,56.006103515625
2024-12-05,59.47999954223633,60.130001068115234,59.029998779296875,59.130001068115234,849300,55.96824264526367
2024-12-06,59.349998474121094,59.66999816894531,58.380001068115234,59.15999984741211,869800,55.996639251708984
2024-12-09,58.90999984741211,59.560001373291016,57.93000030517578,58.06999969482422,848300,54.96491622924805
2024-12-10,58.18000030517578,59.650001525878906,57.68000030517578,58.41999816894531,1152700,55.296199798583984
2024-12-11,59.25,59.88999938964844,58.7599983215332,58.810001373291016,1592300,55.66535568237305
2024-12-12,58.900001525878906,59.380001068115234,58.099998474121094,58.150001525878906,1101200,55.040645599365234
2024-12-13,58.36000061035156,58.54999923706055,57.150001525878906,57.66999816894531,1189400,54.58631134033203
2024-12-16,57.77000045776367,57.77000045776367,57.0,57.63999938964844,1236500,54.55791473388672
2024-12-17,57.09000015258789,57.40999984741211,55.900001525878906,56.220001220703125,1364000,53.21384811401367
2024-12-18,56.56999969482422,56.790000915527344,52.70000076293945,53.119998931884766,1932900,50.279598236083984
2024-12-19,54.18000030517578,54.599998474121094,52.31999969482422,52.36000061035156,2034600,49.56024169921875
2024-12-20,52.09000015258789,54.060001373291016,52.06999969482422,53.66999816894531,4734700,50.800193786621094
2024-12-23,53.459999084472656,54.43000030517578,53.16999816894531,54.380001068115234,1276700,51.47222900390625
2024-12-24,54.58000183105469,55.0,54.06999969482422,54.970001220703125,371100,52.03068161010742
2024-12-26,54.59000015258789,55.459999084472656,54.11000061035156,55.349998474121094,1158200,52.39036178588867
2024-12-27,54.90999984741211,55.47999954223633,53.95000076293945,54.68000030517578,923400,51.756187438964844
2024-12-30,54.29999923706055,54.650001525878906,53.4900016784668,54.31999969482422,827800,51.41543197631836
2024-12-31,54.5,54.900001525878906,54.060001373291016,54.25,1426000,51.34918212890625
2025-01-02,54.66999816894531,55.099998474121094,53.849998474121094,54.06999969482422,933000,51.17880630493164
2025-01-03,54.34000015258789,54.91999816894531,53.130001068115234,54.88999938964844,755200,51.954959869384766
2025-01-06,55.400001525878906,56.150001525878906,54.91999816894531,55.02000045776367,1068600,52.078006744384766
2025-01-07,56.09000015258789,56.18000030517578,54.380001068115234,55.400001525878906,1497600,52.437686920166016
2025-01-08,54.88999938964844,55.060001373291016,54.029998779296875,54.869998931884766,743100,51.9360237121582
2025-01-10,54.099998474121094,54.439998626708984,52.810001373291016,53.34000015258789,1415200,50.48783493041992
2025-01-13,53.0,54.43000030517578,52.90999984741211,54.349998474121094,1091200,51.44382858276367
2025-01-14,55.029998779296875,56.599998474121094,54.7599983215332,56.47999954223633,1453300,53.459938049316406
2025-01-15,58.630001068115234,58.90999984741211,57.459999084472656,58.20000076293945,1413600,55.08797073364258
2025-01-16,58.02000045776367,58.43000030517578,56.349998474121094,57.279998779296875,1514000,54.2171630859375
2025-01-17,57.58000183105469,58.119998931884766,57.18000030517578,58.040000915527344,1200600,54.936527252197266
2025-01-21,58.400001525878906,59.099998474121094,58.09000015258789,59.029998779296875,2146700,55.87358474731445
2025-01-22,59.18000030517578,59.45000076293945,57.90999984741211,58.09000015258789,2082800,54.983848571777344
2025-01-23,58.150001525878906,58.75,57.66999816894531,58.02000045776367,1200900,54.91759490966797
2025-01-24,57.56999969482422,59.220001220703125,57.400001525878906,58.63999938964844,1191400,55.50444030761719
2025-01-27,58.84000015258789,59.349998474121094,57.63999938964844,57.79999923706055,1164700,54.709354400634766
2025-01-28,57.77000045776367,58.18000030517578,56.939998626708984,57.77000045776367,1018900,54.68096160888672
2025-01-29,57.58000183105469,58.810001373291016,57.15999984741211,57.63999938964844,1229200,54.55791473388672
2025-01-30,58.279998779296875,58.939998626708984,57.65999984741211,58.290000915527344,877700,55.173152923583984
2025-01-31,58.29999923706055,58.66999816894531,57.54999923706055,57.86000061035156,1023600,54.76614761352539
2025-02-03,55.869998931884766,56.93000030517578,55.13999938964844,56.25,808000,53.24223709106445
2025-02-04,56.25,57.720001220703125,56.15999984741211,57.06999969482422,1327900,54.01838684082031
2025-02-05,57.540000915527344,57.689998626708984,56.849998474121094,57.43000030517578,1000700,54.35914611816406
2025-02-06,58.029998779296875,58.38999938964844,57.290000915527344,58.27000045776367,1170300,55.15422439575195
2025-02-07,58.310001373291016,58.31999969482422,56.790000915527344,57.2599983215332,907300,54.19822692871094
2025-02-10,57.529998779296875,57.779998779296875,55.9900016784668,56.029998779296875,986500,53.034000396728516
2025-02-11,55.880001068115234,57.0,55.439998626708984,56.84000015258789,1031300,53.80068588256836
2025-02-12,56.029998779296875,56.36000061035156,55.43000030517578,55.470001220703125,853800,52.50394821166992
2025-02-13,55.119998931884766,55.4900016784668,54.61000061035156,55.45000076293945,1293100,52.89505386352539
2025-02-14,55.529998779296875,56.619998931884766,55.220001220703125,55.7400016784668,1341300,53.17169189453125
2025-02-18,55.77000045776367,56.79999923706055,55.40999984741211,56.779998779296875,1409900,54.16377639770508
2025-02-19,56.11000061035156,57.040000915527344,56.11000061035156,56.459999084472656,1178100,53.858516693115234
2025-02-20,56.400001525878906,56.5,54.400001525878906,55.119998931884766,1250700,52.580257415771484
2025-02-21,55.41999816894531,55.5,53.27000045776367,53.41999816894531,1364400,50.95858383178711
2025-02-24,53.90999984741211,53.90999984741211,52.63999938964844,52.849998474121094,1353700,50.414852142333984
2025-02-25,53.650001525878906,54.040000915527344,52.15999984741211,52.88999938964844,2418800,50.45301055908203
2025-02-26,53.11000061035156,54.5099983215332,53.099998474121094,53.34000015258789,2443300,50.88227081298828
2025-02-27,53.63999938964844,54.720001220703125,53.38999938964844,53.63999938964844,1380400,51.16844940185547
2025-02-28,53.849998474121094,54.189998626708984,52.849998474121094,54.040000915527344,1207100,51.550018310546875
2025-03-03,54.40999984741211,54.849998474121094,52.310001373291016,52.959999084472656,1727600,50.5197868347168
2025-03-04,52.279998779296875,52.349998474121094,49.40999984741211,51.029998779296875,2135800,48.678714752197266
2025-03-05,51.27000045776367,51.63999938964844,50.29999923706055,51.279998779296875,1842400,48.91719436645508
2025-03-06,50.849998474121094,51.08000183105469,49.720001220703125,50.33000183105469,1579800,48.01096725463867
2025-03-07,50.27000045776367,50.279998779296875,48.470001220703125,50.150001525878906,1876700,47.83926010131836
2025-03-10,48.95000076293945,49.15999984741211,46.560001373291016,47.220001220703125,2920700,45.04426574707031
2025-03-11,47.279998779296875,48.20000076293945,46.189998626708984,47.33000183105469,2180700,45.149200439453125
2025-03-12,48.400001525878906,48.63999938964844,47.59000015258789,47.939998626708984,1704900,45.73108673095703
2025-03-13,48.029998779296875,48.349998474121094,46.880001068115234,47.0,1287300,44.83439636230469
2025-03-14,47.7599983215332,48.689998626708984,47.439998626708984,48.630001068115234,1583300,46.38929748535156
2025-03-17,48.369998931884766,49.27000045776367,47.9900016784668,48.880001068115234,2326900,46.62778091430664
2025-03-18,48.560001373291016,48.95000076293945,47.91999816894531,48.22999954223633,1875700,46.00772476196289
2025-03-19,48.279998779296875,49.86000061035156,48.029998779296875,49.34000015258789,1349400,47.066585540771484
2025-03-20,48.83000183105469,50.2400016784668,48.70000076293945,49.63999938964844,1874000,47.35275650024414
2025-03-21,49.15999984741211,49.72999954223633,48.529998779296875,49.5099983215332,12259700,47.2287483215332
2025-03-24,50.22999954223633,51.02000045776367,50.0,50.81999969482422,1496200,48.47838592529297
2025-03-25,50.83000183105469,51.849998474121094,50.689998626708984,51.0099983215332,1960700,48.65963363647461
2025-03-26,51.15999984741211,51.9900016784668,50.43000030517578,50.65999984741211,968200,48.32575988769531
2025-03-27,50.599998474121094,51.0099983215332,49.65999984741211,50.2599983215332,1135400,47.944190979003906
2025-03-28,50.09000015258789,50.40999984741211,48.790000915527344,49.470001220703125,1478900,47.190589904785156
2025-03-31,48.709999084472656,50.060001373291016,48.119998931884766,49.86000061035156,1229700,47.5626220703125
2025-04-01,49.38999938964844,49.88999938964844,48.56999969482422,49.47999954223633,1054700,47.20012664794922
2025-04-02,48.58000183105469,50.4900016784668,48.58000183105469,50.439998626708984,1053900,48.115901947021484
2025-04-03,47.5,47.79999923706055,43.689998626708984,43.810001373291016,3190700,41.791385650634766
2025-04-04,41.70000076293945,41.959999084472656,39.31999969482422,41.38999938964844,3582600,39.48289108276367
2025-04-07,39.79999923706055,45.119998931884766,39.650001525878906,42.650001525878906,6208800,40.68483352661133
2025-04-08,44.779998779296875,45.060001373291016,41.38999938964844,42.16999816894531,2497100,40.22694396972656
2025-04-09,41.220001220703125,46.40999984741211,39.43000030517578,45.72999954223633,4350400,43.622920989990234
2025-04-10,44.459999084472656,44.560001373291016,41.34000015258789,42.470001220703125,2416300,40.51313018798828
2025-04-11,41.68000030517578,42.40999984741211,40.7400016784668,42.0,1873000,40.064781188964844
2025-04-14,42.81999969482422,43.189998626708984,41.77000045776367,42.900001525878906,1410700,40.92331314086914
2025-04-15,43.029998779296875,44.41999816894531,43.029998779296875,43.790000915527344,1380600,41.77231216430664
2025-04-16,43.720001220703125,44.43000030517578,42.77000045776367,43.36000061035156,978000,41.36211395263672
2025-04-17,43.63999938964844,44.79999923706055,43.40999984741211,44.279998779296875,1796600,42.23972702026367
2025-04-21,44.25,44.630001068115234,43.060001373291016,43.619998931884766,2816700,41.61013412475586
2025-04-22,39.900001525878906,43.810001373291016,39.41999816894531,43.130001068115234,3149100,41.14271545410156
2025-04-23,44.25,46.56999969482422,44.029998779296875,44.31999969482422,2005700,42.277889251708984
2025-04-24,44.34000015258789,45.310001373291016,43.97999954223633,45.25,1628600,43.165035247802734
2025-04-25,44.84000015258789,45.36000061035156,44.59000015258789,44.84000015258789,992900,42.77392578125
2025-04-28,45.34000015258789,45.40999984741211,44.40999984741211,44.939998626708984,1874800,42.869319915771484
2025-04-29,44.65999984741211,45.38999938964844,44.060001373291016,45.2599983215332,1486900,43.1745719909668
2025-04-30,43.97999954223633,45.029998779296875,43.63999938964844,44.970001220703125,1596000,42.8979377746582
2025-05-01,44.939998626708984,45.86000061035156,44.54999923706055,45.349998474121094,1944500,43.26042175292969
2025-05-02,46.15999984741211,46.779998779296875,45.790000915527344,46.61000061035156,1869700,44.46237564086914
2025-05-05,45.91999816894531,47.209999084472656,45.779998779296875,46.5,946700,44.35743713378906
2025-05-06,45.810001373291016,46.13999938964844,45.34000015258789,45.38999938964844,3559800,43.298583984375
2025-05-07,45.720001220703125,46.060001373291016,45.25,45.38999938964844,1923700,43.298583984375
2025-05-08,46.06999969482422,47.040000915527344,45.849998474121094,46.77000045776367,1545400,44.61499786376953
2025-05-09,46.88999938964844,47.119998931884766,46.439998626708984,46.5099983215332,959400,44.36697769165039
2025-05-12,49.11000061035156,50.04999923706055,48.40999984741211,49.459999084472656,2659300,47.18105697631836
2025-05-13,49.58000183105469,50.209999084472656,49.18000030517578,49.91999816894531,1137700,47.61985397338867
2025-05-14,49.880001068115234,49.880001068115234,49.36000061035156,49.54999923706055,934900,47.26690673828125
2025-05-15,48.849998474121094,49.43000030517578,48.63999938964844,49.060001373291016,935300,47.20916748046875
2025-05-16,49.18000030517578,49.529998779296875,48.7400016784668,49.220001220703125,759700,47.363136291503906
2025-05-19,48.56999969482422,49.13999938964844,48.45000076293945,49.08000183105469,1183200,47.228416442871094
2025-05-20,49.11000061035156,49.11000061035156,48.40999984741211,48.630001068115234,797800,46.79539108276367
2025-05-21,47.97999954223633,48.15999984741211,46.599998474121094,46.63999938964844,1419300,44.880462646484375
2025-05-22,46.43000030517578,47.380001068115234,46.33000183105469,46.959999084472656,1635600,45.188392639160156
2025-05-23,45.72999954223633,46.83000183105469,45.52000045776367,46.58000183105469,1350500,44.822731018066406
2025-05-27,47.279998779296875,47.709999084472656,46.5,47.709999084472656,935400,45.91009521484375
2025-05-28,47.689998626708984,47.900001525878906,46.900001525878906,46.93000030517578,975900,45.15952682495117
2025-05-29,47.279998779296875,47.75,46.88999938964844,47.72999954223633,1421500,45.92934799194336
2025-05-30,47.56999969482422,47.650001525878906,47.06999969482422,47.36000061035156,1410900,45.573299407958984
2025-06-02,47.2400016784668,47.2400016784668,46.09000015258789,46.95000076293945,1352000,45.178768157958984
2025-06-03,46.720001220703125,48.290000915527344,46.720001220703125,48.25,1583900,46.429725646972656
2025-06-04,48.16999816894531,48.52000045776367,47.56999969482422,47.58000183105469,739800,45.785003662109375
2025-06-05,47.599998474121094,48.0,47.209999084472656,47.68000030517578,827700,45.881229400634766
2025-06-06,48.5,49.29999923706055,48.380001068115234,49.279998779296875,1078500,47.420867919921875
2025-06-09,49.4900016784668,49.790000915527344,49.18000030517578,49.29999923706055,887300,47.44011306762695
2025-06-10,49.47999954223633,50.040000915527344,49.29999923706055,49.79999923706055,934600,47.92124938964844
2025-06-11,50.08000183105469,50.279998779296875,48.75,48.90999984741211,1500200,47.06482696533203
2025-06-12,48.599998474121094,48.77000045776367,47.84000015258789,48.720001220703125,987400,46.881996154785156
2025-06-13,48.029998779296875,48.189998626708984,47.22999954223633,47.43000030517578,1093100,45.64065933227539
2025-06-16,48.02000045776367,48.470001220703125,47.7400016784668,47.849998474121094,1119900,46.04481887817383
2025-06-17,47.43000030517578,48.11000061035156,47.16999816894531,47.279998779296875,1590500,45.49631881713867
2025-06-18,47.209999084472656,48.709999084472656,47.209999084472656,48.33000183105469,1601600,46.50670623779297
2025-06-20,48.66999816894531,48.93000030517578,48.2599983215332,48.58000183105469,1483700,46.74728012084961
2025-06-23,48.189998626708984,49.560001373291016,48.060001373291016,49.470001220703125,1208000,47.60369873046875
2025-06-24,49.9900016784668,50.790000915527344,49.70000076293945,50.09000015258789,986000,48.20030975341797
2025-06-25,50.16999816894531,50.27000045776367,49.72999954223633,50.130001068115234,662900,48.238807678222656
2025-06-26,50.13999938964844,51.4900016784668,50.13999938964844,51.400001525878906,1021900,49.46089172363281
2025-06-27,51.47999954223633,51.869998931884766,51.16999816894531,51.470001220703125,1556900,49.52824783325195
2025-06-30,51.709999084472656,52.31999969482422,51.709999084472656,51.939998626708984,1174800,49.98051452636719
2025-07-01,51.75,54.540000915527344,51.36000061035156,53.75,1965200,51.722232818603516
2025-07-02,53.84000015258789,54.79999923706055,53.59000015258789,54.77000045776367,1421100,52.703758239746094
2025-07-03,55.09000015258789,55.93000030517578,54.650001525878906,55.5,1082800,53.406211853027344
2025-07-07,55.150001525878906,55.970001220703125,54.75,55.15999984741211,1550700,53.07904052734375
2025-07-08,55.459999084472656,56.0099983215332,55.209999084472656,55.54999923706055,1739600,53.45432662963867
2025-07-09,56.22999954223633,56.22999954223633,55.22999954223633,55.650001525878906,1060900,53.55055618286133
2025-07-10,55.7599983215332,56.56999969482422,55.56999969482422,56.29999923706055,2220900,54.17603302001953
2025-07-11,55.939998626708984,56.58000183105469,55.540000915527344,56.20000076293945,1306000,54.07980728149414
2025-07-14,56.040000915527344,56.959999084472656,55.869998931884766,56.91999816894531,1738200,54.772640228271484
2025-07-15,56.689998626708984,56.90999984741211,54.5099983215332,54.540000915527344,1322900,52.4824333190918
2025-07-16,55.15999984741211,55.29999923706055,53.959999084472656,55.099998474121094,1057300,53.02130126953125
2025-07-17,54.900001525878906,56.560001373291016,54.900001525878906,56.40999984741211,1227800,54.281883239746094
2025-07-18,56.91999816894531,57.0,56.2400016784668,56.79999923706055,1377500,54.65716552734375
2025-07-21,56.79999923706055,57.349998474121094,56.380001068115234,56.59000015258789,2251500,54.45509338378906
2025-07-22,58.0,58.04999923706055,55.599998474121094,56.849998474121094,3964300,54.70528030395508
2025-07-23,57.290000915527344,57.310001373291016,55.93000030517578,56.540000915527344,1669800,54.406982421875
2025-07-24,56.36000061035156,56.599998474121094,55.060001373291016,55.18000030517578,2086900,53.098289489746094
2025-07-25,55.119998931884766,55.59000015258789,54.31999969482422,55.380001068115234,1806900,53.290740966796875
2025-07-28,55.529998779296875,55.68000030517578,54.88999938964844,55.36000061035156,1020400,53.27149963378906
2025-07-29,55.630001068115234,55.720001220703125,54.54999923706055,54.77000045776367,942000,52.703758239746094
2025-07-30,55.040000915527344,55.380001068115234,53.959999084472656,54.209999084472656,1276000,52.16488265991211
2025-07-31,53.959999084472656,54.5099983215332,53.52000045776367,53.619998931884766,1357500,51.597137451171875
2025-08-01,52.45000076293945,52.79999923706055,51.09000015258789,52.08000183105469,1451100,50.115238189697266
2025-08-04,52.47999954223633,52.959999084472656,51.959999084472656,52.7599983215332,1756200,50.76958084106445
2025-08-05,52.91999816894531,53.06999969482422,51.290000915527344,52.470001220703125,1416500,50.49052047729492
2025-08-06,52.209999084472656,52.58000183105469,51.459999084472656,51.52000045776367,1437700,49.57636260986328
2025-08-07,52.209999084472656,52.209999084472656,50.65999984741211,51.20000076293945,2352200,49.268436431884766
2025-08-08,51.75,52.189998626708984,51.27000045776367,52.040000915527344,1349000,50.076744079589844
2025-08-11,52.08000183105469,52.36000061035156,51.68000030517578,51.779998779296875,1798800,49.82655334472656
2025-08-12,52.29999923706055,53.2400016784668,52.119998931884766,53.15999984741211,1302700,51.15449142456055
2025-08-13,53.369998931884766,53.93000030517578,53.06999969482422,53.86000061035156,1798400,51.82808303833008
2025-08-14,52.7400016784668,53.880001068115234,52.4900016784668,53.77000045776367,1312600,52.177425384521484
2025-08-15,53.75,53.810001373291016,52.650001525878906,52.66999816894531,1075200,51.11000061035156
2025-08-18,52.5099983215332,53.290000915527344,52.36000061035156,53.27000045776367,1073100,51.692230224609375
2025-08-19,53.040000915527344,53.7400016784668,52.880001068115234,53.13999938964844,1205200,51.566078186035156
2025-08-20,53.189998626708984,53.900001525878906,52.869998931884766,53.779998779296875,1247600,52.18712615966797
2025-08-21,53.33000183105469,53.650001525878906,53.02000045776367,53.5,1067700,51.91542053222656
2025-08-22,53.83000183105469,56.08000183105469,53.83000183105469,55.86000061035156,1594500,54.20552444458008
2025-08-25,55.599998474121094,55.97999954223633,55.45000076293945,55.90999984741211,1311500,54.2540397644043
2025-08-26,55.7599983215332,56.97999954223633,55.70000076293945,56.81999969482422,1254200,55.1370849609375
2025-08-27,56.63999938964844,58.029998779296875,56.599998474121094,58.0,2001600,56.28213882446289
2025-08-28,58.33000183105469,58.400001525878906,57.380001068115234,57.81999969482422,1184500,56.10746765136719
2025-08-29,57.790000915527344,58.459999084472656,57.68000030517578,58.0099983215332,1190700,56.291839599609375
2025-09-02,57.11000061035156,57.540000915527344,56.38999938964844,57.29999923706055,913600,55.602867126464844
2025-09-03,57.34000015258789,58.06999969482422,56.599998474121094,57.41999816894531,784900,55.71931457519531
2025-09-04,57.56999969482422,58.189998626708984,57.27000045776367,58.11000061035156,994200,56.38888168334961
2025-09-05,58.45000076293945,58.790000915527344,56.189998626708984,56.52000045776367,1643700,54.84597396850586
2025-09-08,56.63999938964844,57.119998931884766,55.93000030517578,57.02000045776367,1733400,55.33116149902344
2025-09-09,56.84000015258789,57.279998779296875,56.400001525878906,56.900001525878906,1011500,55.21471405029297
2025-09-10,57.119998931884766,58.02000045776367,56.47999954223633,57.97999954223633,2099300,56.26272964477539
2025-09-11,58.11000061035156,58.310001373291016,57.31999969482422,58.2599983215332,1633600,56.53443145751953
2025-09-12,58.2599983215332,58.7599983215332,57.970001220703125,58.41999816894531,1343000,56.689693450927734
2025-09-15,58.4900016784668,58.7400016784668,57.060001373291016,57.06999969482422,1484700,55.37968444824219
2025-09-16,57.11000061035156,57.2599983215332,55.529998779296875,56.5,1310800,54.826568603515625
2025-09-17,56.619998931884766,58.849998474121094,56.529998779296875,57.5,1404300,55.79694366455078
2025-09-18,57.939998626708984,59.22999954223633,57.61000061035156,59.150001525878906,1257100,57.398075103759766
2025-09-19,59.400001525878906,59.400001525878906,58.22999954223633,58.70000076293945,3451000,56.961402893066406
2025-09-22,58.18000030517578,58.54999923706055,56.720001220703125,57.09000015258789,1814200,55.39908981323242
2025-09-23,57.189998626708984,58.47999954223633,56.970001220703125,57.290000915527344,1794400,55.593170166015625
2025-09-24,57.369998931884766,57.959999084472656,56.66999816894531,56.90999984741211,1558200,55.224422454833984
2025-09-25,56.43000030517578,57.470001220703125,56.08000183105469,57.29999923706055,1591000,55.602867126464844
2025-09-26,57.66999816894531,58.16999816894531,57.029998779296875,57.540000915527344,1143600,55.835758209228516
2025-09-29,57.90999984741211,57.90999984741211,56.68000030517578,57.0,1212800,55.31175231933594
2025-09-30,57.0,57.29999923706055,55.41999816894531,56.58000183105469,1628800,54.90420150756836
2025-10-01,56.439998626708984,56.7599983215332,55.9900016784668,56.47999954223633,1135800,54.807159423828125
2025-10-02,56.16999816894531,56.59000015258789,55.52000045776367,56.38999938964844,1227500,54.71982192993164
2025-10-03,56.77000045776367,57.45000076293945,56.45000076293945,56.93000030517578,1162900,55.24382781982422
2025-10-06,57.33000183105469,58.540000915527344,56.61000061035156,56.869998931884766,1766900,55.185604095458984
2025-10-07,56.959999084472656,57.29999923706055,56.369998931884766,56.709999084472656,1307200,55.03034591674805
2025-10-08,56.90999984741211,57.400001525878906,55.97999954223633,56.099998474121094,1227300,54.438411712646484
2025-10-09,56.31999969482422,56.470001220703125,55.68000030517578,55.83000183105469,1342800,54.176414489746094
2025-10-10,56.06999969482422,56.2400016784668,52.27000045776367,52.349998474121094,1295200,50.799476623535156
2025-10-13,53.43000030517578,53.970001220703125,53.060001373291016,53.84000015258789,1412500,52.24534606933594
2025-10-14,53.31999969482422,55.810001373291016,53.31999969482422,55.27000045776367,1411900,53.63299560546875
2025-10-15,55.36000061035156,55.619998931884766,53.54999923706055,54.029998779296875,1526100,52.429718017578125
2025-10-16,51.119998931884766,52.560001373291016,46.189998626708984,46.93000030517578,10742300,45.540016174316406
2025-10-17,49.040000915527344,50.040000915527344,47.77000045776367,49.66999816894531,8968400,48.198856353759766
2025-10-20,50.540000915527344,52.13999938964844,49.81999969482422,51.97999954223633,5946700,50.44043731689453
2025-10-21,52.5099983215332,53.9900016784668,52.099998474121094,52.70000076293945,3848300,51.13911437988281
2025-10-22,52.529998779296875,52.810001373291016,51.439998626708984,51.689998626708984,1910100,50.15902328491211
2025-10-23,52.130001068115234,52.25,51.279998779296875,51.68000030517578,1691600,50.14932632446289
2025-10-24,52.52000045776367,53.689998626708984,52.2400016784668,53.119998931884766,1808200,51.54667282104492
2025-10-27,53.63999938964844,54.0,52.7599983215332,52.849998474121094,3065600,51.284671783447266
2025-10-28,52.90999984741211,52.90999984741211,51.54999923706055,52.2400016784668,1926900,50.692745208740234
2025-10-29,52.02000045776367,52.540000915527344,51.220001220703125,51.5099983215332,1714200,49.9843635559082
2025-10-30,51.5099983215332,53.0099983215332,51.25,51.939998626708984,1387100,50.4016227722168
2025-10-31,51.619998931884766,52.22999954223633,51.209999084472656,52.11000061035156,1667600,50.56658935546875
2025-11-03,51.849998474121094,51.9900016784668,51.0,51.77000045776367,1247400,50.236656188964844
2025-11-04,51.36000061035156,51.95000076293945,50.790000915527344,51.45000076293945,1051900,49.92613983154297
2025-11-05,51.540000915527344,52.650001525878906,51.08000183105469,51.880001068115234,1211900,50.34340286254883
2025-11-06,51.7599983215332,52.13999938964844,50.720001220703125,51.25,1946100,49.73206329345703
2025-11-07,50.95000076293945,52.2599983215332,50.56999969482422,52.2400016784668,1377400,50.692745208740234
2025-11-10,52.470001220703125,53.060001373291016,51.970001220703125,52.61000061035156,1515400,51.051780700683594
2025-11-11,52.650001525878906,53.279998779296875,52.209999084472656,52.66999816894531,1445100,51.11000061035156
2025-11-12,52.86000061035156,53.7599983215332,52.41999816894531,52.45000076293945,1301400,50.89651870727539
2025-11-13,51.88999938964844,52.20000076293945,50.599998474121094,50.90999984741211,1645800,49.82965087890625
2025-11-14,50.540000915527344,51.09000015258789,50.040000915527344,51.02000045776367,1187400,49.937313079833984
2025-11-17,50.810001373291016,51.04999923706055,48.52000045776367,48.91999816894531,1809400,47.88187789916992
2025-11-18,48.619998931884766,49.97999954223633,48.5,49.34000015258789,1721200,48.29296875
2025-11-19,50.099998474121094,50.65999984741211,49.630001068115234,50.43000030517578,1528500,49.35983657836914
2025-11-20,51.0099983215332,51.79999923706055,50.189998626708984,50.439998626708984,1684700,49.369625091552734
2025-11-21,50.720001220703125,52.61000061035156,50.470001220703125,52.119998931884766,2142600,51.013973236083984
2025-11-24,52.130001068115234,52.619998931884766,51.77000045776367,51.88999938964844,1517000,50.78885269165039
2025-11-25,52.040000915527344,53.84000015258789,52.040000915527344,53.22999954223633,1506800,52.10041427612305
2025-11-26,53.060001373291016,53.68000030517578,53.060001373291016,53.2599983215332,767700,52.12977981567383
2025-11-28,53.560001373291016,53.77000045776367,53.15999984741211,53.22999954223633,536100,52.10041427612305
2025-12-01,52.869998931884766,54.150001525878906,52.599998474121094,54.08000183105469,1164000,52.93238067626953
2025-12-02,53.9900016784668,54.650001525878906,53.68000030517578,54.060001373291016,1790500,52.912803649902344
2025-12-03,54.119998931884766,55.060001373291016,53.959999084472656,54.81999969482422,1229300,53.65667724609375
2025-12-04,54.66999816894531,55.84000015258789,54.61000061035156,55.72999954223633,996700,54.54736328125
2025-12-05,55.400001525878906,56.060001373291016,55.29999923706055,55.45000076293945,1422500,54.27330780029297
2025-12-08,55.45000076293945,56.0,55.310001373291016,55.630001068115234,1224400,54.44948959350586
2025-12-09,55.54999923706055,57.0,55.439998626708984,56.099998474121094,1544500,54.909515380859375
2025-12-10,56.439998626708984,59.189998626708984,56.150001525878906,58.84000015258789,2686100,57.59136962890625
2025-12-11,58.58000183105469,59.939998626708984,58.06999969482422,59.40999984741211,1627800,58.14927291870117
2025-12-12,59.7599983215332,59.86000061035156,58.619998931884766,58.9900016784668,1126200,57.73818588256836
2025-12-15,59.459999084472656,59.9900016784668,58.869998931884766,59.150001525878906,1100600,57.89479064941406
2025-12-16,59.400001525878906,60.0,58.75,59.33000183105469,1472000,58.07097244262695
2025-12-17,59.33000183105469,59.880001068115234,58.619998931884766,59.290000915527344,2254300,58.031822204589844
2025-12-18,59.650001525878906,60.40999984741211,59.22999954223633,59.560001373291016,1436500,58.29609298706055
2025-12-19,59.599998474121094,60.13999938964844,59.310001373291016,59.939998626708984,2756800,58.66802215576172
2025-12-22,59.619998931884766,60.77000045776367,59.619998931884766,60.209999084472656,1818400,58.93229293823242
2025-12-23,59.75,60.209999084472656,59.099998474121094,59.2599983215332,1293100,58.00245666503906
2025-12-24,59.25,59.81999969482422,59.0099983215332,59.54999923706055,622700,58.28630065917969
2025-12-26,59.4900016784668,59.63999938964844,59.11000061035156,59.5099983215332,751000,58.24714660644531
2025-12-29,59.5,59.65999984741211,58.5099983215332,58.83000183105469,1154400,57.581581115722656
2025-12-30,58.939998626708984,59.0,58.47999954223633,58.70000076293945,973300,57.45433807373047
2025-12-31,58.88999938964844,58.9900016784668,58.310001373291016,58.540000915527344,1129000,57.297733306884766
2026-01-02,58.619998931884766,59.599998474121094,57.900001525878906,59.25,1194000,57.99266815185547
2026-01-05,59.099998474121094,60.849998474121094,59.099998474121094,60.310001373291016,1615000,59.030174255371094
2026-01-06,60.279998779296875,61.20000076293945,59.91999816894531,60.959999084472656,1436100,59.666378021240234
2026-01-07,60.86000061035156,61.15999984741211,59.72999954223633,60.150001525878906,1026600,58.873573303222656
2026-01-08,59.900001525878906,61.56999969482422,59.79999923706055,60.81999969482422,1285700,59.529354095458984
2026-01-09,61.0099983215332,61.33000183105469,60.15999984741211,60.22999954223633,1169900,58.95186996459961
2026-01-12,59.29999923706055,60.0,58.849998474121094,59.36000061035156,1240700,58.100337982177734
2026-01-13,59.45000076293945,59.66999816894531,58.34000015258789,58.52000045776367,1589200,57.278160095214844
2026-01-14,58.27000045776367,59.15999984741211,58.0,58.790000915527344,1777500,57.54242706298828
2026-01-15,58.900001525878906,60.25,58.900001525878906,59.5099983215332,1511100,58.24714660644531
2026-01-16,59.459999084472656,60.31999969482422,59.31999969482422,59.619998931884766,1711900,58.35481262207031
2026-01-20,58.90999984741211,60.27000045776367,58.75,59.09000015258789,2940600,57.836063385009766
2026-01-21,60.380001068115234,61.75,59.25,61.58000183105469,3804700,60.27322769165039
2026-01-22,61.72999954223633,62.2599983215332,60.880001068115234,61.029998779296875,2525200,59.734893798828125
2026-01-23,60.52000045776367,60.63999938964844,58.689998626708984,59.08000183105469,2277900,57.82627868652344
2026-01-26,59.06999969482422,59.68000030517578,58.7400016784668,59.18000030517578,1940700,57.924156188964844
2026-01-27,59.40999984741211,59.91999816894531,58.77000045776367,59.130001068115234,1515600,57.875213623046875
2026-01-28,59.09000015258789,59.209999084472656,57.77000045776367,58.33000183105469,2074100,57.092193603515625
2026-01-29,58.880001068115234,59.52000045776367,58.2400016784668,59.43000030517578,1419200,58.168846130371094
2026-01-30,59.310001373291016,60.349998474121094,58.83000183105469,59.90999984741211,2641600,58.63866424560547
2026-02-02,59.90999984741211,61.34000015258789,59.70000076293945,60.9900016784668,2067000,59.69574737548828
2026-02-03,61.060001373291016,62.4900016784668,61.02000045776367,62.36000061035156,1741400,61.03667068481445
2026-02-04,62.810001373291016,64.87000274658203,62.4900016784668,63.810001373291016,2933500,62.455902099609375
2026-02-05,63.79999923706055,64.75,63.310001373291016,64.12000274658203,2995900,62.75932693481445
2026-02-06,64.80000305175781,66.18000030517578,64.5,65.29000091552734,2251800,63.90449905395508
2026-02-09,64.63999938964844,65.77999877929688,64.63999938964844,65.16000366210938,1970000,63.77725601196289
2026-02-10,64.69000244140625,65.7300033569336,63.5,64.08000183105469,1681200,62.72017288208008
2026-02-11,64.58000183105469,65.0,62.119998931884766,62.90999984741211,2108800,61.57500076293945
2026-02-12,62.90999984741211,63.060001373291016,59.31999969482422,60.189998626708984,2287500,59.33716583251953
2026-02-13,59.9900016784668,61.7599983215332,59.25,61.2599983215332,2896300,60.39200210571289
2026-02-17,61.310001373291016,62.779998779296875,60.959999084472656,61.529998779296875,1791100,60.65817642211914
2026-02-18,61.52000045776367,62.84000015258789,61.52000045776367,62.040000915527344,2047600,61.160953521728516
2026-02-19,62.040000915527344,62.349998474121094,60.459999084472656,61.47999954223633,1850000,60.60888671875
2026-02-20,61.439998626708984,62.529998779296875,60.86000061035156,62.5,2372100,61.61443328857422
2026-02-23,62.18000030517578,62.58000183105469,58.91999816894531,59.29999923706055,2167200,58.459774017333984
2026-02-24,59.18000030517578,59.529998779296875,58.15999984741211,59.20000076293945,2038800,58.3611946105957
2026-02-25,60.06999969482422,60.72999954223633,59.70000076293945,60.400001525878906,1248100,59.544189453125
2026-02-26,61.0,62.15999984741211,60.7400016784668,61.650001525878906,1406100,60.77648162841797
2026-02-27,60.25,60.36000061035156,56.439998626708984,57.279998779296875,3410400,56.4683952331543
2026-03-02,57.279998779296875,58.689998626708984,56.13999938964844,58.13999938964844,1708600,57.31621170043945
2026-03-03,57.11000061035156,58.220001220703125,55.849998474121094,57.650001525878906,1106400,56.83315658569336
2026-03-04,57.7400016784668,58.4900016784668,57.38999938964844,58.220001220703125,1451900,57.39508056640625
2026-03-05,57.439998626708984,57.83000183105469,56.59000015258789,57.47999954223633,1979600,56.66556167602539
2026-03-06,55.150001525878906,56.02000045776367,54.20000076293945,55.7400016784668,1621800,54.95022201538086
2026-03-09,55.47999954223633,56.0099983215332,53.59000015258789,55.779998779296875,2027600,54.98965072631836
2026-03-10,55.95000076293945,56.970001220703125,54.97999954223633,55.41999816894531,1613200,54.63474655151367
2026-03-11,55.130001068115234,55.619998931884766,54.2599983215332,54.849998474121094,1244900,54.07282638549805
2026-03-12,53.66999816894531,54.40999984741211,53.119998931884766,54.2400016784668,1579700,53.471473693847656
2026-03-13,54.61000061035156,54.689998626708984,52.97999954223633,53.099998474121094,1412900,52.34762191772461
2026-03-16,53.47999954223633,54.36000061035156,53.47999954223633,53.540000915527344,1029600,52.78139114379883
2026-03-17,53.84000015258789,54.290000915527344,53.33000183105469,54.02000045776367,1161300,53.25458908081055
2026-03-18,53.9900016784668,54.310001373291016,53.18000030517578,53.619998931884766,1951800,52.86025619506836
2026-03-19,53.31999969482422,54.540000915527344,52.70000076293945,54.279998779296875,1714700,53.510902404785156
2026-03-20,54.290000915527344,54.560001373291016,53.470001220703125,54.04999923706055,2810300,53.28416061401367
2026-03-23,55.529998779296875,56.310001373291016,54.189998626708984,55.04999923706055,2453000,54.26999282836914
2026-03-24,54.63999938964844,56.59000015258789,54.63999938964844,56.220001220703125,1516100,55.42341995239258
2026-03-25,56.540000915527344,57.290000915527344,55.939998626708984,57.20000076293945,2391200,56.389530181884766
2026-03-26,56.5099983215332,57.41999816894531,56.4900016784668,57.25,1924500,56.43882369995117
2026-03-27,56.75,57.0,55.15999984741211,55.400001525878906,2028500,54.61503601074219
2026-03-30,55.849998474121094,56.22999954223633,55.11000061035156,55.59000015258789,1558800,54.80234146118164
2026-03-31,56.689998626708984,58.119998931884766,56.310001373291016,57.619998931884766,2053700,56.8035774230957
2026-04-01,58.189998626708984,58.939998626708984,57.95000076293945,58.2599983215332,1338000,57.434513092041016
2026-04-02,57.02000045776367,58.349998474121094,56.77000045776367,58.130001068115234,1364300,57.30635452270508
2026-04-06,58.099998474121094,59.06999969482422,58.0,58.970001220703125,1055400,58.13445281982422
2026-04-07,58.970001220703125,59.33000183105469,58.72999954223633,59.09000015258789,1577100,58.252750396728516
2026-04-08,60.63999938964844,61.7599983215332,60.56999969482422,61.0,2018700,60.13568878173828
2026-04-09,60.790000915527344,62.16999816894531,60.61000061035156,61.77000045776367,1344800,60.894779205322266
2026-04-10,61.619998931884766,61.790000915527344,60.810001373291016,61.04999923706055,1195600,60.18497848510742
2026-04-13,60.56999969482422,61.66999816894531,60.220001220703125,61.529998779296875,1377400,60.65817642211914
2026-04-14,61.5099983215332,62.11000061035156,60.90999984741211,61.689998626708984,1652700,60.81591033935547
2026-04-15,61.91999816894531,62.470001220703125,61.34000015258789,61.849998474121094,1655500,60.9736442565918
2026-04-16,61.720001220703125,62.16999816894531,61.5,61.540000915527344,897000,60.66803741455078
2026-04-17,62.220001220703125,63.38999938964844,62.029998779296875,62.72999954223633,1602400,61.8411750793457
2026-04-20,62.310001373291016,63.75,62.040000915527344,63.04999923706055,2224200,62.156639099121094
2026-04-21,62.70000076293945,63.720001220703125,61.31999969482422,62.02000045776367,2608000,61.1412353515625
2026-04-22,62.38999938964844,62.650001525878906,61.689998626708984,61.939998626708984,1468800,61.0623664855957
2026-04-23,62.150001525878906,62.790000915527344,61.560001373291016,62.630001068115234,1513500,61.74259567260742
2026-04-24,62.630001068115234,62.970001220703125,61.04999923706055,61.34000015258789,1467600,60.47087097167969
2026-04-27,61.38999938964844,63.0099983215332,61.13999938964844,62.61000061035156,1429400,61.722877502441406
2026-04-28,63.13999938964844,63.5,62.900001525878906,63.18000030517578,1455400,62.2848014831543
2026-04-29,63.09000015258789,63.349998474121094,62.11000061035156,62.58000183105469,1450800,61.693302154541016
2026-04-30,62.560001373291016,63.79999923706055,62.27000045776367,63.41999816894531,1390400,62.52139663696289
2026-05-01,63.380001068115234,63.90999984741211,62.40999984741211,63.2599983215332,1340700,62.36366653442383
2026-05-04,62.959999084472656,63.209999084472656,61.7599983215332,62.11000061035156,1323400,61.22996139526367
2026-05-05,62.43000030517578,63.29999923706055,62.189998626708984,63.130001068115234,1249200,62.23550796508789
2026-05-06,63.810001373291016,64.79000091552734,63.810001373291016,63.9900016784668,2255300,63.08332443237305
2026-05-07,63.95000076293945,64.37000274658203,62.58000183105469,62.72999954223633,1383300,61.8411750793457
2026-05-08,62.97999954223633,63.150001525878906,62.06999969482422,62.5,1316700,61.61443328857422
2026-05-11,62.709999084472656,62.810001373291016,60.63999938964844,60.79999923706055,2092500,59.93852233886719
2026-05-12,60.880001068115234,61.13999938964844,59.7400016784668,60.83000183105469,1262900,59.96809768676758
2026-05-13,60.75,60.75,59.56999969482422,59.63999938964844,1372800,58.79495620727539
2026-05-14,59.77000045776367,60.459999084472656,59.77000045776367,60.09000015258789,996200,59.6889533996582
2026-05-15,60.119998931884766,60.36000061035156,58.9900016784668,59.630001068115234,1085200,59.232025146484375
2026-05-18,59.7400016784668,60.75,59.709999084472656,60.09000015258789,1849700,59.6889533996582
2026-05-19,60.130001068115234,60.4900016784668,59.189998626708984,60.220001220703125,1052300,59.818084716796875
2026-05-20,60.59000015258789,61.939998626708984,60.029998779296875,61.709999084472656,1197600,61.29814147949219
2026-05-21,61.58000183105469,62.0099983215332,61.150001525878906,61.790000915527344,1246400,61.37760925292969
2026-05-22,61.970001220703125,62.380001068115234,61.70000076293945,62.119998931884766,843400,61.70540237426758
2026-05-26,62.310001373291016,63.38999938964844,62.220001220703125,62.7400016784668,1294900,62.321266174316406
2026-05-27,62.84000015258789,63.290000915527344,62.0099983215332,62.31999969482422,1223700,61.90406799316406
2026-05-28,62.380001068115234,62.380001068115234,61.59000015258789,62.2400016784668,1297400,61.82460403442383
2026-05-29,62.130001068115234,62.7599983215332,61.849998474121094,62.45000076293945,1986900,62.033203125
2026-06-01,61.689998626708984,61.97999954223633,60.83000183105469,61.08000183105469,1219600,60.67234802246094
2026-06-02,60.900001525878906,62.20000076293945,60.900001525878906,62.02000045776367,1588400,61.60607147216797
2026-06-03,61.790000915527344,61.939998626708984,60.61000061035156,60.7599983215332,1196600,60.3544807434082
2026-06-04,61.7400016784668,63.09000015258789,61.61000061035156,63.04999923706055,1268600,62.62919616699219
2026-06-05,63.099998474121094,63.66999816894531,62.95000076293945,63.22999954223633,1485800,62.8079948425293
2026-06-08,63.22999954223633,63.939998626708984,62.959999084472656,63.25,1637600,62.82786178588867
2026-06-09,63.83000183105469,65.37999725341797,63.63999938964844,64.83000183105469,2071100,64.3973159790039
2026-06-10,65.0199966430664,66.61000061035156,64.69999694824219,65.81999969482422,2448300,65.38070678710938
2026-06-11,66.30999755859375,66.87999725341797,65.58000183105469,66.44000244140625,2451100,65.99657440185547
2026-06-12,67.0,67.66999816894531,66.44000244140625,67.25,1773000,66.80116271972656
2026-06-15,67.43000030517578,67.98999786376953,66.04000091552734,66.2699966430664,1627500,65.82770538330078
2026-06-16,66.66999816894531,67.37000274658203,66.31999969482422,66.7300033569336,1398600,66.28463745117188
2026-06-17,66.66000366210938,67.69000244140625,65.54000091552734,66.1500015258789,3201000,65.70851135253906
2026-06-18,66.87000274658203,67.41999816894531,65.95999908447266,66.16999816894531,2642300,65.7283706665039
2026-06-22,66.4000015258789,67.5,66.16000366210938,67.12000274658203,1207800,66.67203521728516
2026-06-23,66.91000366210938,68.55999755859375,66.48999786376953,68.48999786376953,2426500,68.03289031982422
2026-06-24,68.48999786376953,69.08000183105469,68.22000122070312,68.30000305175781,1863000,67.84416198730469
2026-06-25,68.4800033569336,69.80000305175781,68.4800033569336,69.33000183105469,1584600,68.8672866821289
2026-06-26,69.5199966430664,69.5999984741211,68.30999755859375,69.13999938964844,1837100,68.67855072021484
2026-06-29,69.18000030517578,69.83999633789062,68.68000030517578,69.5199966430664,1359800,69.05601501464844
2026-06-30,69.31999969482422,69.4800033569336,68.83999633789062,69.19000244140625,1123900,68.72821807861328
2026-07-01,69.41000366210938,70.87999725341797,68.86000061035156,70.69999694824219,1491700,70.22813415527344
2026-07-02,71.0,71.26000213623047,68.6500015258789,69.3499984741211,1731000,68.88714599609375
2026-07-06,69.3499984741211,70.68000030517578,69.06999969482422,70.5999984741211,1360500,70.1288070678711
2026-07-07,70.83999633789062,71.16999816894531,70.44000244140625,70.69000244140625,1258700,70.21820831298828
2026-07-08,70.61000061035156,70.61000061035156,68.0199966430664,68.63999938964844,2031400,68.181884765625
2026-07-09,69.05000305175781,70.52999877929688,68.94000244140625,70.0199966430664,1803400,69.55267333984375
2026-07-10,70.38999938964844,70.86000061035156,69.9800033569336,70.66000366210938,1126500,70.18840789794922
2026-07-13,70.62999725341797,71.08999633789062,69.83999633789062,70.36000061035156,1694100,69.89041137695312
2026-07-14,70.18000030517578,71.20999908447266,69.80000305175781,70.41999816894531,1451800,69.95000457763672
2026-07-15,70.62999725341797,71.94999694824219,70.51000213623047,71.55000305175781,2304000,71.07247161865234
2026-07-16,71.66000366210938,73.33999633789062,71.62999725341797,73.30999755859375,1517700,72.82071685791016
2026-07-17,72.93000030517578,73.18000030517578,71.62999725341797,72.2699966430664,1775600,71.78765869140625
2026-07-20,72.4000015258789,72.5199966430664,71.26000213623047,71.88999938964844,2714800,71.41019439697266
2026-07-21,68.0199966430664,69.8499984741211,67.75,69.05000305175781,4075700,68.58915710449219
2026-07-22,69.05000305175781,70.2300033569336,68.37000274658203,70.06999969482422,1742000,69.60234832763672
2026-07-23,68.80999755859375,69.19999694824219,68.33000183105469,69.16000366210938,1869600,68.69842529296875
2026-07-24,69.37000274658203,69.5999984741211,68.66000366210938,69.29000091552734,1253500,68.82755279541016
2026-07-27,69.69999694824219,70.19000244140625,68.48999786376953,68.5199966430664,1617200,68.06268310546875
2026-07-28,68.83000183105469,69.69000244140625,68.58999633789062,69.5199966430664,1443100,69.05601501464844
2026-07-29,69.08000183105469,69.86000061035156,68.62999725341797,68.91999816894531,1670900,68.46002197265625
2026-07-30,69.5999984741211,69.8499984741211,68.81999969482422,69.45999908447266,1265600,68.99641418457031
2026-07-31,68.76000213623047,70.19000244140625,68.76000213623047,69.69999694824219,1195400,69.23480987548828
2026-08-03,69.97000122070312,70.98999786376953,69.94000244140625,70.83999633789062,2231200,70.36720275878906
2026-08-04,70.62999725341797,72.69000244140625,70.61000061035156,71.7699966430664,1975400,71.2909927368164
2026-08-05,72.13999938964844,72.4000015258789,71.45999908447266,71.69999694824219,1459900,71.22146606445312
2026-08-06,72.16000366210938,72.31999969482422,70.51000213623047,70.58000183105469,1052500,70.10894012451172
2026-08-07,70.43000030517578,70.73999786376953,69.7300033569336,70.31999969482422,720500,69.85067749023438
2026-08-10,70.05000305175781,70.75,69.75,70.62000274658203,961700,70.14867401123047
2026-08-11,70.62000274658203,71.20999908447266,70.4000015258789,71.0,840200,70.52613830566406
2026-08-12,71.27999877929688,71.95999908447266,71.06999969482422,71.91999816894531,1288600,71.43999481201172
2026-08-13,71.98999786376953,72.30000305175781,71.22000122070312,71.61000061035156,1395700,71.61000061035156
2026-08-14,71.61000061035156,72.54000091552734,71.37999725341797,72.19999694824219,926800,72.19999694824219
2026-08-17,72.19999694824219,72.58999633789062,71.45999908447266,71.58000183105469,1256300,71.58000183105469
2026-08-18,71.94000244140625,72.30000305175781,70.88999938964844,70.93000030517578,1206100,70.93000030517578
2026-08-19,70.91999816894531,71.05000305175781,68.16000366210938,68.29000091552734,2293400,68.29000091552734
2026-08-20,67.97000122070312,68.75,67.55000305175781,67.88999938964844,1398300,67.88999938964844
2026-08-21,68.44000244140625,68.69000244140625,67.36000061035156,68.13999938964844,1398100,68.13999938964844
2026-08-24,68.27999877929688,69.08000183105469,67.58000183105469,67.87000274658203,1400600,67.87000274658203
2026-08-25,67.94000244140625,68.2699966430664,67.2699966430664,67.56999969482422,1433400,67.56999969482422
2026-08-26,67.87999725341797,68.62999725341797,67.70999908447266,68.31999969482422,1444600,68.31999969482422
2026-08-27,67.7699966430664,68.0,67.04000091552734,67.91000366210938,763100,67.91000366210938
2026-08-28,68.19999694824219,68.5,67.5999984741211,67.77999877929688,909100,67.77999877929688
2026-08-31,67.87000274658203,67.95999908447266,66.6500015258789,66.69000244140625,1457000,66.69000244140625
2026-09-01,66.66000366210938,67.47000122070312,66.16999816894531,66.36000061035156,1223700,66.36000061035156
2026-09-02,66.91000366210938,68.80000305175781,66.70999908447266,68.0199966430664,1172900,68.0199966430664
2026-09-03,68.2300033569336,69.58999633789062,68.2300033569336,69.30999755859375,1125400,69.30999755859375
2026-09-04,68.87000274658203,69.68000030517578,68.87000274658203,69.37000274658203,820600,69.37000274658203
2026-09-08,68.76000213623047,69.36000061035156,68.29000091552734,68.37000274658203,1570200,68.37000274658203
2026-09-09,67.72000122070312,68.79000091552734,67.37000274658203,68.11000061035156,950700,68.11000061035156
2026-09-10,68.0,68.33000183105469,67.25,68.29000091552734,815300,68.29000091552734
2026-09-11,69.02999877929688,69.1500015258789,67.70999908447266,68.75,887400,68.75
2026-09-14,69.16000366210938,70.12999725341797,68.94999694824219,69.18000030517578,1373500,69.18000030517578
2026-09-15,69.33000183105469,69.75,67.37999725341797,67.98999786376953,3044300,67.98999786376953
2026-09-16,67.7300033569336,67.87999725341797,64.12999725341797,65.47000122070312,2312700,65.47000122070312
2026-09-17,66.23999786376953,66.44000244140625,65.27999877929688,65.69999694824219,1630700,65.69999694824219
2026-09-18,65.36000061035156,65.70999908447266,64.9800033569336,65.2300033569336,3317200,65.2300033569336
2026-09-21,65.5,65.55999755859375,64.33999633789062,64.9800033569336,1929300,64.9800033569336
2026-09-22,65.08999633789062,65.16999816894531,63.630001068115234,63.650001525878906,1391400,63.650001525878906
2026-09-23,63.41999816894531,64.02999877929688,62.619998931884766,62.650001525878906,1706000,62.650001525878906
2026-09-24,62.880001068115234,63.130001068115234,62.29999923706055,62.81999969482422,1533400,62.81999969482422
2026-09-25,63.060001373291016,64.11000061035156,62.88999938964844,63.83000183105469,1237200,63.83000183105469
2026-09-28,63.61000061035156,63.689998626708984,62.95000076293945,63.189998626708984,1227400,63.189998626708984
2026-09-29,63.34000015258789,63.790000915527344,62.06999969482422,62.61000061035156,1334800,62.61000061035156
2026-09-30,62.7599983215332,63.22999954223633,62.459999084472656,62.650001525878906,1108400,62.650001525878906
2026-10-01,62.130001068115234,62.75,60.7599983215332,62.650001525878906,1891300,62.650001525878906
