taxo,tag,unit,start,end,val,form,filed
dei,EntityCommonStockSharesOutstanding,shares,,2010-08-04,52632878.0,10-Q,2010-08-09
dei,EntityCommonStockSharesOutstanding,shares,,2010-11-03,51995538.0,10-Q,2010-11-09
dei,EntityCommonStockSharesOutstanding,shares,,2011-02-23,51130335.0,10-K,2011-02-28
dei,EntityCommonStockSharesOutstanding,shares,,2011-04-29,51022398.0,10-Q,2011-05-09
dei,EntityCommonStockSharesOutstanding,shares,,2011-08-03,50917709.0,10-Q,2011-08-08
dei,EntityCommonStockSharesOutstanding,shares,,2011-11-02,49968460.0,10-Q,2011-11-07
dei,EntityCommonStockSharesOutstanding,shares,,2012-02-21,50043147.0,10-K,2012-02-27
dei,EntityCommonStockSharesOutstanding,shares,,2012-05-01,50354665.0,10-Q,2012-05-04
dei,EntityCommonStockSharesOutstanding,shares,,2012-08-01,49906953.0,10-Q,2012-08-06
dei,EntityCommonStockSharesOutstanding,shares,,2012-10-31,49855700.0,10-Q,2012-11-05
dei,EntityCommonStockSharesOutstanding,shares,,2013-02-25,49874416.0,10-K,2013-02-28
dei,EntityCommonStockSharesOutstanding,shares,,2013-05-01,49186398.0,10-Q,2013-05-06
dei,EntityCommonStockSharesOutstanding,shares,,2013-08-01,48742778.0,10-Q,2013-08-05
dei,EntityCommonStockSharesOutstanding,shares,,2013-10-30,48712675.0,10-Q,2013-11-05
dei,EntityCommonStockSharesOutstanding,shares,,2014-02-24,53172615.0,10-K,2014-02-28
dei,EntityCommonStockSharesOutstanding,shares,,2014-04-30,54207979.0,10-Q,2014-05-05
dei,EntityCommonStockSharesOutstanding,shares,,2014-07-30,55528310.0,10-Q,2014-08-05
dei,EntityCommonStockSharesOutstanding,shares,,2014-10-31,59411741.0,10-Q,2014-11-05
dei,EntityCommonStockSharesOutstanding,shares,,2015-02-23,62805266.0,10-K,2015-02-27
dei,EntityCommonStockSharesOutstanding,shares,,2015-04-30,62030256.0,10-Q,2015-05-07
dei,EntityCommonStockSharesOutstanding,shares,,2015-07-31,61433456.0,10-Q,2015-08-06
dei,EntityCommonStockSharesOutstanding,shares,,2015-10-31,61138307.0,10-Q,2015-11-05
dei,EntityCommonStockSharesOutstanding,shares,,2016-02-16,59261410.0,10-K,2016-02-25
dei,EntityCommonStockSharesOutstanding,shares,,2016-04-29,58939771.0,10-Q,2016-05-05
dei,EntityCommonStockSharesOutstanding,shares,,2016-07-27,58529080.0,10-Q,2016-08-08
dei,EntityCommonStockSharesOutstanding,shares,,2016-10-26,57759199.0,10-Q,2016-11-07
dei,EntityCommonStockSharesOutstanding,shares,,2017-02-22,55925301.0,10-K,2017-02-27
dei,EntityCommonStockSharesOutstanding,shares,,2017-04-26,55675949.0,10-Q,2017-05-08
dei,EntityCommonStockSharesOutstanding,shares,,2017-07-26,55483440.0,10-Q,2017-08-07
dei,EntityCommonStockSharesOutstanding,shares,,2017-10-26,55248667.0,10-Q,2017-11-08
dei,EntityCommonStockSharesOutstanding,shares,,2018-02-21,55461323.0,10-K,2018-02-27
dei,EntityCommonStockSharesOutstanding,shares,,2018-04-25,55399753.0,10-Q,2018-05-08
dei,EntityCommonStockSharesOutstanding,shares,,2018-07-25,54943591.0,10-Q,2018-08-07
dei,EntityCommonStockSharesOutstanding,shares,,2018-10-24,54473522.0,10-Q,2018-11-06
dei,EntityCommonStockSharesOutstanding,shares,,2019-02-20,52997685.0,10-K,2019-02-26
dei,EntityCommonStockSharesOutstanding,shares,,2019-04-24,52383506.0,10-Q,2019-05-06
dei,EntityCommonStockSharesOutstanding,shares,,2019-07-24,51097609.0,10-Q,2019-08-06
dei,EntityCommonStockSharesOutstanding,shares,,2019-10-23,46056204.0,10-Q,2019-11-06
dei,EntityCommonStockSharesOutstanding,shares,,2020-02-20,47627611.0,10-K,2020-02-28
dei,EntityCommonStockSharesOutstanding,shares,,2020-04-23,47627962.0,10-Q,2020-05-06
dei,EntityCommonStockSharesOutstanding,shares,,2020-07-23,47715021.0,10-Q,2020-08-04
dei,EntityCommonStockSharesOutstanding,shares,,2020-10-22,47721784.0,10-Q,2020-11-04
dei,EntityCommonStockSharesOutstanding,shares,,2021-02-26,49695051.0,10-K,2021-02-26
dei,EntityCommonStockSharesOutstanding,shares,,2021-04-22,49723638.0,10-Q,2021-05-05
dei,EntityCommonStockSharesOutstanding,shares,,2021-07-23,49755996.0,10-Q,2021-08-05
dei,EntityCommonStockSharesOutstanding,shares,,2021-10-25,49785109.0,10-Q,2021-11-03
dei,EntityCommonStockSharesOutstanding,shares,,2022-02-18,49948146.0,10-K,2022-02-25
dei,EntityCommonStockSharesOutstanding,shares,,2022-04-22,49775721.0,10-Q,2022-05-05
dei,EntityCommonStockSharesOutstanding,shares,,2022-07-22,49845663.0,10-Q,2022-08-04
dei,EntityCommonStockSharesOutstanding,shares,,2022-10-21,49853068.0,10-Q,2022-11-04
dei,EntityCommonStockSharesOutstanding,shares,,2023-02-22,50115421.0,10-K,2023-02-28
dei,EntityCommonStockSharesOutstanding,shares,,2023-04-28,50119706.0,10-Q,2023-05-02
dei,EntityCommonStockSharesOutstanding,shares,,2023-07-28,50224099.0,10-Q,2023-08-03
dei,EntityCommonStockSharesOutstanding,shares,,2023-10-20,49330625.0,10-Q,2023-10-26
dei,EntityCommonStockSharesOutstanding,shares,,2024-02-12,49424247.0,10-K,2024-02-20
dei,EntityCommonStockSharesOutstanding,shares,,2024-04-26,49584370.0,10-Q,2024-05-02
dei,EntityCommonStockSharesOutstanding,shares,,2024-07-26,49677244.0,10-Q,2024-08-01
dei,EntityCommonStockSharesOutstanding,shares,,2024-10-25,49715062.0,10-Q,2024-10-31
dei,EntityCommonStockSharesOutstanding,shares,,2025-02-07,49092356.0,10-K,2025-02-14
dei,EntityCommonStockSharesOutstanding,shares,,2025-04-23,46549180.0,10-Q,2025-04-29
dei,EntityCommonStockSharesOutstanding,shares,,2025-07-23,46642430.0,10-Q,2025-07-29
dei,EntityCommonStockSharesOutstanding,shares,,2025-10-22,45661601.0,10-Q,2025-10-28
dei,EntityCommonStockSharesOutstanding,shares,,2026-02-06,43115116.0,10-K,2026-02-13
dei,EntityCommonStockSharesOutstanding,shares,,2026-04-22,40407065.0,10-Q,2026-04-28
dei,EntityCommonStockSharesOutstanding,shares,,2026-07-22,38419268.0,10-Q,2026-07-28
us-gaap,CashAndCashEquivalentsAtCarryingValue,USD,,2007-12-31,265839000.0,10-K,2011-02-28
us-gaap,CashAndCashEquivalentsAtCarryingValue,USD,,2008-12-31,156911000.0,10-Q,2010-08-09
us-gaap,CashAndCashEquivalentsAtCarryingValue,USD,,2008-12-31,156911000.0,10-Q,2010-11-09
us-gaap,CashAndCashEquivalentsAtCarryingValue,USD,,2008-12-31,156911000.0,10-K,2011-02-28
us-gaap,CashAndCashEquivalentsAtCarryingValue,USD,,2008-12-31,156911000.0,10-K,2012-02-27
us-gaap,CashAndCashEquivalentsAtCarryingValue,USD,,2009-06-30,118423000.0,10-Q,2010-08-09
us-gaap,CashAndCashEquivalentsAtCarryingValue,USD,,2009-09-30,449621000.0,10-Q,2010-11-09
us-gaap,CashAndCashEquivalentsAtCarryingValue,USD,,2009-12-31,213378000.0,10-Q,2010-08-09
us-gaap,CashAndCashEquivalentsAtCarryingValue,USD,,2009-12-31,213378000.0,10-Q,2010-11-09
us-gaap,CashAndCashEquivalentsAtCarryingValue,USD,,2009-12-31,213378000.0,10-K,2011-02-28
us-gaap,CashAndCashEquivalentsAtCarryingValue,USD,,2009-12-31,213378000.0,10-Q,2011-05-09
us-gaap,CashAndCashEquivalentsAtCarryingValue,USD,,2009-12-31,213378000.0,10-Q,2011-08-08
us-gaap,CashAndCashEquivalentsAtCarryingValue,USD,,2009-12-31,213378000.0,10-Q,2011-11-07
us-gaap,CashAndCashEquivalentsAtCarryingValue,USD,,2009-12-31,213378000.0,10-K,2012-02-27
us-gaap,CashAndCashEquivalentsAtCarryingValue,USD,,2009-12-31,213378000.0,10-K,2013-02-28
us-gaap,CashAndCashEquivalentsAtCarryingValue,USD,,2010-03-31,220564000.0,10-Q,2011-05-09
us-gaap,CashAndCashEquivalentsAtCarryingValue,USD,,2010-06-30,250335000.0,10-Q,2010-08-09
us-gaap,CashAndCashEquivalentsAtCarryingValue,USD,,2010-06-30,250335000.0,10-Q,2011-08-08
us-gaap,CashAndCashEquivalentsAtCarryingValue,USD,,2010-09-30,391226000.0,10-Q,2010-11-09
us-gaap,CashAndCashEquivalentsAtCarryingValue,USD,,2010-09-30,391226000.0,10-Q,2011-11-07
us-gaap,CashAndCashEquivalentsAtCarryingValue,USD,,2010-12-31,139114000.0,10-K,2011-02-28
us-gaap,CashAndCashEquivalentsAtCarryingValue,USD,,2010-12-31,139114000.0,10-Q,2011-05-09
us-gaap,CashAndCashEquivalentsAtCarryingValue,USD,,2010-12-31,139114000.0,10-Q,2011-08-08
us-gaap,CashAndCashEquivalentsAtCarryingValue,USD,,2010-12-31,139114000.0,10-Q,2011-11-07
us-gaap,CashAndCashEquivalentsAtCarryingValue,USD,,2010-12-31,139114000.0,10-K,2012-02-27
us-gaap,CashAndCashEquivalentsAtCarryingValue,USD,,2010-12-31,139114000.0,10-Q,2012-05-04
us-gaap,CashAndCashEquivalentsAtCarryingValue,USD,,2010-12-31,139114000.0,10-Q,2012-08-06
us-gaap,CashAndCashEquivalentsAtCarryingValue,USD,,2010-12-31,139114000.0,10-Q,2012-11-05
us-gaap,CashAndCashEquivalentsAtCarryingValue,USD,,2010-12-31,139114000.0,10-K,2013-02-28
us-gaap,CashAndCashEquivalentsAtCarryingValue,USD,,2010-12-31,139114000.0,10-K,2014-02-28
us-gaap,CashAndCashEquivalentsAtCarryingValue,USD,,2011-03-31,300362000.0,10-Q,2011-05-09
us-gaap,CashAndCashEquivalentsAtCarryingValue,USD,,2011-03-31,300362000.0,10-Q,2012-05-04
us-gaap,CashAndCashEquivalentsAtCarryingValue,USD,,2011-06-30,232821000.0,10-Q,2011-08-08
us-gaap,CashAndCashEquivalentsAtCarryingValue,USD,,2011-06-30,232821000.0,10-Q,2012-08-06
us-gaap,CashAndCashEquivalentsAtCarryingValue,USD,,2011-09-30,239570000.0,10-Q,2011-11-07
us-gaap,CashAndCashEquivalentsAtCarryingValue,USD,,2011-09-30,239570000.0,10-Q,2012-11-05
us-gaap,CashAndCashEquivalentsAtCarryingValue,USD,,2011-12-31,216213000.0,10-K,2012-02-27
us-gaap,CashAndCashEquivalentsAtCarryingValue,USD,,2011-12-31,216213000.0,10-Q,2012-05-04
us-gaap,CashAndCashEquivalentsAtCarryingValue,USD,,2011-12-31,216213000.0,10-Q,2012-08-06
us-gaap,CashAndCashEquivalentsAtCarryingValue,USD,,2011-12-31,216213000.0,10-Q,2012-11-05
us-gaap,CashAndCashEquivalentsAtCarryingValue,USD,,2011-12-31,216213000.0,10-K,2013-02-28
us-gaap,CashAndCashEquivalentsAtCarryingValue,USD,,2011-12-31,216213000.0,10-Q,2013-05-06
us-gaap,CashAndCashEquivalentsAtCarryingValue,USD,,2011-12-31,216213000.0,10-Q,2013-08-05
us-gaap,CashAndCashEquivalentsAtCarryingValue,USD,,2011-12-31,216213000.0,10-Q,2013-11-05
us-gaap,CashAndCashEquivalentsAtCarryingValue,USD,,2011-12-31,216213000.0,10-K,2014-02-28
us-gaap,CashAndCashEquivalentsAtCarryingValue,USD,,2011-12-31,216213000.0,10-K,2015-02-27
us-gaap,CashAndCashEquivalentsAtCarryingValue,USD,,2012-03-31,399044000.0,10-Q,2012-05-04
us-gaap,CashAndCashEquivalentsAtCarryingValue,USD,,2012-03-31,399044000.0,10-Q,2013-05-06
us-gaap,CashAndCashEquivalentsAtCarryingValue,USD,,2012-06-30,642199000.0,10-Q,2012-08-06
us-gaap,CashAndCashEquivalentsAtCarryingValue,USD,,2012-06-30,642199000.0,10-Q,2013-08-05
us-gaap,CashAndCashEquivalentsAtCarryingValue,USD,,2012-09-30,766317000.0,10-Q,2012-11-05
us-gaap,CashAndCashEquivalentsAtCarryingValue,USD,,2012-09-30,766317000.0,10-Q,2013-11-05
us-gaap,CashAndCashEquivalentsAtCarryingValue,USD,,2012-12-31,893352000.0,10-K,2013-02-28
us-gaap,CashAndCashEquivalentsAtCarryingValue,USD,,2012-12-31,893352000.0,10-Q,2013-05-06
us-gaap,CashAndCashEquivalentsAtCarryingValue,USD,,2012-12-31,893352000.0,10-Q,2013-08-05
us-gaap,CashAndCashEquivalentsAtCarryingValue,USD,,2012-12-31,893352000.0,10-Q,2013-11-05
us-gaap,CashAndCashEquivalentsAtCarryingValue,USD,,2012-12-31,893352000.0,10-K,2014-02-28
us-gaap,CashAndCashEquivalentsAtCarryingValue,USD,,2012-12-31,893352000.0,10-Q,2014-05-05
us-gaap,CashAndCashEquivalentsAtCarryingValue,USD,,2012-12-31,893352000.0,10-Q,2014-08-05
us-gaap,CashAndCashEquivalentsAtCarryingValue,USD,,2012-12-31,893352000.0,10-Q,2014-11-05
us-gaap,CashAndCashEquivalentsAtCarryingValue,USD,,2012-12-31,893352000.0,10-K,2015-02-27
us-gaap,CashAndCashEquivalentsAtCarryingValue,USD,,2012-12-31,893352000.0,10-K,2016-02-25
us-gaap,CashAndCashEquivalentsAtCarryingValue,USD,,2013-03-31,764149000.0,10-Q,2013-05-06
us-gaap,CashAndCashEquivalentsAtCarryingValue,USD,,2013-03-31,764149000.0,10-Q,2014-05-05
us-gaap,CashAndCashEquivalentsAtCarryingValue,USD,,2013-06-30,749821000.0,10-Q,2013-08-05
us-gaap,CashAndCashEquivalentsAtCarryingValue,USD,,2013-06-30,749821000.0,10-Q,2014-08-05
us-gaap,CashAndCashEquivalentsAtCarryingValue,USD,,2013-09-30,784042000.0,10-Q,2013-11-05
us-gaap,CashAndCashEquivalentsAtCarryingValue,USD,,2013-09-30,784042000.0,10-Q,2014-11-05
us-gaap,CashAndCashEquivalentsAtCarryingValue,USD,,2013-12-31,969822000.0,10-K,2014-02-28
us-gaap,CashAndCashEquivalentsAtCarryingValue,USD,,2013-12-31,969822000.0,10-Q,2014-05-05
us-gaap,CashAndCashEquivalentsAtCarryingValue,USD,,2013-12-31,969822000.0,10-Q,2014-08-05
us-gaap,CashAndCashEquivalentsAtCarryingValue,USD,,2013-12-31,969822000.0,10-Q,2014-11-05
us-gaap,CashAndCashEquivalentsAtCarryingValue,USD,,2013-12-31,969822000.0,10-K,2015-02-27
us-gaap,CashAndCashEquivalentsAtCarryingValue,USD,,2013-12-31,969822000.0,10-Q,2015-05-07
us-gaap,CashAndCashEquivalentsAtCarryingValue,USD,,2013-12-31,969822000.0,10-Q,2015-08-06
us-gaap,CashAndCashEquivalentsAtCarryingValue,USD,,2013-12-31,969822000.0,10-Q,2015-11-05
us-gaap,CashAndCashEquivalentsAtCarryingValue,USD,,2013-12-31,969822000.0,10-K,2016-02-25
us-gaap,CashAndCashEquivalentsAtCarryingValue,USD,,2013-12-31,969800000.0,10-K,2017-02-27
us-gaap,CashAndCashEquivalentsAtCarryingValue,USD,,2014-03-31,706642000.0,10-Q,2014-05-05
us-gaap,CashAndCashEquivalentsAtCarryingValue,USD,,2014-03-31,706642000.0,10-Q,2015-05-07
us-gaap,CashAndCashEquivalentsAtCarryingValue,USD,,2014-06-30,631167000.0,10-Q,2014-08-05
us-gaap,CashAndCashEquivalentsAtCarryingValue,USD,,2014-06-30,631167000.0,10-Q,2015-08-06
us-gaap,CashAndCashEquivalentsAtCarryingValue,USD,,2014-09-30,634824000.0,10-Q,2014-11-05
us-gaap,CashAndCashEquivalentsAtCarryingValue,USD,,2014-09-30,634824000.0,10-Q,2015-11-05
us-gaap,CashAndCashEquivalentsAtCarryingValue,USD,,2014-12-31,1077152000.0,10-K,2015-02-27
us-gaap,CashAndCashEquivalentsAtCarryingValue,USD,,2014-12-31,1077152000.0,10-Q,2015-05-07
us-gaap,CashAndCashEquivalentsAtCarryingValue,USD,,2014-12-31,1077152000.0,10-Q,2015-08-06
us-gaap,CashAndCashEquivalentsAtCarryingValue,USD,,2014-12-31,1077152000.0,10-Q,2015-11-05
us-gaap,CashAndCashEquivalentsAtCarryingValue,USD,,2014-12-31,1077152000.0,10-K,2016-02-25
us-gaap,CashAndCashEquivalentsAtCarryingValue,USD,,2014-12-31,1077200000.0,10-Q,2016-05-05
us-gaap,CashAndCashEquivalentsAtCarryingValue,USD,,2014-12-31,1077200000.0,10-Q,2016-08-08
us-gaap,CashAndCashEquivalentsAtCarryingValue,USD,,2014-12-31,1077200000.0,10-Q,2016-11-07
us-gaap,CashAndCashEquivalentsAtCarryingValue,USD,,2014-12-31,1077200000.0,10-K,2017-02-27
us-gaap,CashAndCashEquivalentsAtCarryingValue,USD,,2014-12-31,1077200000.0,10-K,2018-02-27
us-gaap,CashAndCashEquivalentsAtCarryingValue,USD,,2015-03-31,760398000.0,10-Q,2015-05-07
us-gaap,CashAndCashEquivalentsAtCarryingValue,USD,,2015-03-31,760400000.0,10-Q,2016-05-05
us-gaap,CashAndCashEquivalentsAtCarryingValue,USD,,2015-06-30,822314000.0,10-Q,2015-08-06
us-gaap,CashAndCashEquivalentsAtCarryingValue,USD,,2015-06-30,822300000.0,10-Q,2016-08-08
us-gaap,CashAndCashEquivalentsAtCarryingValue,USD,,2015-09-30,977341000.0,10-Q,2015-11-05
us-gaap,CashAndCashEquivalentsAtCarryingValue,USD,,2015-09-30,977300000.0,10-Q,2016-11-07
us-gaap,CashAndCashEquivalentsAtCarryingValue,USD,,2015-12-31,1168037000.0,10-K,2016-02-25
us-gaap,CashAndCashEquivalentsAtCarryingValue,USD,,2015-12-31,1168000000.0,10-Q,2016-05-05
us-gaap,CashAndCashEquivalentsAtCarryingValue,USD,,2015-12-31,1168000000.0,10-Q,2016-08-08
us-gaap,CashAndCashEquivalentsAtCarryingValue,USD,,2015-12-31,1168000000.0,10-Q,2016-11-07
us-gaap,CashAndCashEquivalentsAtCarryingValue,USD,,2015-12-31,1168000000.0,10-K,2017-02-27
us-gaap,CashAndCashEquivalentsAtCarryingValue,USD,,2015-12-31,1168000000.0,10-Q,2017-05-08
us-gaap,CashAndCashEquivalentsAtCarryingValue,USD,,2015-12-31,1168000000.0,10-Q,2017-08-07
us-gaap,CashAndCashEquivalentsAtCarryingValue,USD,,2015-12-31,1168000000.0,10-Q,2017-11-08
us-gaap,CashAndCashEquivalentsAtCarryingValue,USD,,2015-12-31,1168000000.0,10-K,2018-02-27
us-gaap,CashAndCashEquivalentsAtCarryingValue,USD,,2016-03-31,970000000.0,10-Q,2016-05-05
us-gaap,CashAndCashEquivalentsAtCarryingValue,USD,,2016-03-31,970000000.0,10-Q,2017-05-08
us-gaap,CashAndCashEquivalentsAtCarryingValue,USD,,2016-06-30,1316500000.0,10-Q,2016-08-08
us-gaap,CashAndCashEquivalentsAtCarryingValue,USD,,2016-06-30,1316500000.0,10-Q,2017-08-07
us-gaap,CashAndCashEquivalentsAtCarryingValue,USD,,2016-09-30,1500500000.0,10-Q,2016-11-07
us-gaap,CashAndCashEquivalentsAtCarryingValue,USD,,2016-09-30,1500500000.0,10-Q,2017-11-08
us-gaap,CashAndCashEquivalentsAtCarryingValue,USD,,2016-12-31,1859200000.0,10-K,2017-02-27
us-gaap,CashAndCashEquivalentsAtCarryingValue,USD,,2016-12-31,1859200000.0,10-Q,2017-05-08
us-gaap,CashAndCashEquivalentsAtCarryingValue,USD,,2016-12-31,1859200000.0,10-Q,2017-08-07
us-gaap,CashAndCashEquivalentsAtCarryingValue,USD,,2016-12-31,1859200000.0,10-Q,2017-11-08
us-gaap,CashAndCashEquivalentsAtCarryingValue,USD,,2016-12-31,1859200000.0,10-K,2018-02-27
us-gaap,CashAndCashEquivalentsAtCarryingValue,USD,,2016-12-31,1859200000.0,10-K,2019-02-26
us-gaap,CashAndCashEquivalentsAtCarryingValue,USD,,2017-03-31,1866800000.0,10-Q,2017-05-08
us-gaap,CashAndCashEquivalentsAtCarryingValue,USD,,2017-03-31,1866800000.0,10-Q,2018-05-08
us-gaap,CashAndCashEquivalentsAtCarryingValue,USD,,2017-06-30,1945900000.0,10-Q,2017-08-07
us-gaap,CashAndCashEquivalentsAtCarryingValue,USD,,2017-06-30,1945900000.0,10-Q,2018-08-07
us-gaap,CashAndCashEquivalentsAtCarryingValue,USD,,2017-09-30,3326000000.0,10-Q,2017-11-08
us-gaap,CashAndCashEquivalentsAtCarryingValue,USD,,2017-09-30,3326000000.0,10-Q,2018-11-06
us-gaap,CashAndCashEquivalentsAtCarryingValue,USD,,2017-12-31,4190000000.0,10-K,2018-02-27
us-gaap,CashAndCashEquivalentsAtCarryingValue,USD,,2017-12-31,4190000000.0,10-Q,2018-05-08
us-gaap,CashAndCashEquivalentsAtCarryingValue,USD,,2017-12-31,4190000000.0,10-Q,2018-08-07
us-gaap,CashAndCashEquivalentsAtCarryingValue,USD,,2017-12-31,4190000000.0,10-Q,2018-11-06
us-gaap,CashAndCashEquivalentsAtCarryingValue,USD,,2017-12-31,4190000000.0,10-K,2019-02-26
us-gaap,CashAndCashEquivalentsAtCarryingValue,USD,,2017-12-31,4143100000.0,8-K,2019-07-17
us-gaap,CashAndCashEquivalentsAtCarryingValue,USD,,2018-03-31,3549500000.0,10-Q,2018-05-08
us-gaap,CashAndCashEquivalentsAtCarryingValue,USD,,2018-06-30,3449200000.0,10-Q,2018-08-07
us-gaap,CashAndCashEquivalentsAtCarryingValue,USD,,2018-09-30,3600900000.0,10-Q,2018-11-06
us-gaap,CashAndCashEquivalentsAtCarryingValue,USD,,2018-12-31,3863100000.0,10-K,2019-02-26
us-gaap,CashAndCashEquivalentsAtCarryingValue,USD,,2018-12-31,3817400000.0,10-Q,2019-05-06
us-gaap,CashAndCashEquivalentsAtCarryingValue,USD,,2018-12-31,3817400000.0,8-K,2019-07-17
us-gaap,CashAndCashEquivalentsAtCarryingValue,USD,,2018-12-31,3817400000.0,10-Q,2019-08-06
us-gaap,CashAndCashEquivalentsAtCarryingValue,USD,,2018-12-31,3817400000.0,10-Q,2019-11-06
us-gaap,CashAndCashEquivalentsAtCarryingValue,USD,,2018-12-31,3817400000.0,10-K,2020-02-28
us-gaap,CashAndCashEquivalentsAtCarryingValue,USD,,2019-03-31,3685000000.0,10-Q,2019-05-06
us-gaap,CashAndCashEquivalentsAtCarryingValue,USD,,2019-06-30,4026800000.0,10-Q,2019-08-06
us-gaap,CashAndCashEquivalentsAtCarryingValue,USD,,2019-09-30,4512500000.0,10-Q,2019-11-06
us-gaap,CashAndCashEquivalentsAtCarryingValue,USD,,2019-12-31,3874400000.0,10-K,2020-02-28
us-gaap,CashAndCashEquivalentsAtCarryingValue,USD,,2019-12-31,3874400000.0,10-Q,2020-05-06
us-gaap,CashAndCashEquivalentsAtCarryingValue,USD,,2019-12-31,3874400000.0,10-Q,2020-08-04
us-gaap,CashAndCashEquivalentsAtCarryingValue,USD,,2019-12-31,3874400000.0,10-Q,2020-11-04
us-gaap,CashAndCashEquivalentsAtCarryingValue,USD,,2019-12-31,3874400000.0,10-K,2021-02-26
us-gaap,CashAndCashEquivalentsAtCarryingValue,USD,,2020-03-31,4456800000.0,10-Q,2020-05-06
us-gaap,CashAndCashEquivalentsAtCarryingValue,USD,,2020-06-30,4960000000.0,10-Q,2020-08-04
us-gaap,CashAndCashEquivalentsAtCarryingValue,USD,,2020-09-30,3078400000.0,10-Q,2020-11-04
us-gaap,CashAndCashEquivalentsAtCarryingValue,USD,,2020-12-31,3081500000.0,10-K,2021-02-26
us-gaap,CashAndCashEquivalentsAtCarryingValue,USD,,2020-12-31,3081500000.0,10-Q,2021-05-05
us-gaap,CashAndCashEquivalentsAtCarryingValue,USD,,2020-12-31,3081500000.0,10-Q,2021-08-05
us-gaap,CashAndCashEquivalentsAtCarryingValue,USD,,2020-12-31,3081500000.0,10-Q,2021-11-03
us-gaap,CashAndCashEquivalentsAtCarryingValue,USD,,2020-12-31,2796000000.0,10-K,2022-02-25
us-gaap,CashAndCashEquivalentsAtCarryingValue,USD,,2021-03-31,2858600000.0,10-Q,2021-05-05
us-gaap,CashAndCashEquivalentsAtCarryingValue,USD,,2021-03-31,2634000000.0,10-Q,2022-05-05
us-gaap,CashAndCashEquivalentsAtCarryingValue,USD,,2021-06-30,3001900000.0,10-Q,2021-08-05
us-gaap,CashAndCashEquivalentsAtCarryingValue,USD,,2021-06-30,2788000000.0,10-Q,2022-08-04
us-gaap,CashAndCashEquivalentsAtCarryingValue,USD,,2021-09-30,3172200000.0,10-Q,2021-11-03
us-gaap,CashAndCashEquivalentsAtCarryingValue,USD,,2021-09-30,2964000000.0,10-Q,2022-11-04
us-gaap,CashAndCashEquivalentsAtCarryingValue,USD,,2021-12-31,3046000000.0,10-K,2022-02-25
us-gaap,CashAndCashEquivalentsAtCarryingValue,USD,,2021-12-31,3046000000.0,10-Q,2022-05-05
us-gaap,CashAndCashEquivalentsAtCarryingValue,USD,,2021-12-31,3046000000.0,10-Q,2022-08-04
us-gaap,CashAndCashEquivalentsAtCarryingValue,USD,,2021-12-31,3046000000.0,10-Q,2022-11-04
us-gaap,CashAndCashEquivalentsAtCarryingValue,USD,,2021-12-31,3046000000.0,10-K,2023-02-28
us-gaap,CashAndCashEquivalentsAtCarryingValue,USD,,2021-12-31,3046000000.0,10-K,2024-02-20
us-gaap,CashAndCashEquivalentsAtCarryingValue,USD,,2022-03-31,2930000000.0,10-Q,2022-05-05
us-gaap,CashAndCashEquivalentsAtCarryingValue,USD,,2022-03-31,2930000000.0,10-Q,2023-05-02
us-gaap,CashAndCashEquivalentsAtCarryingValue,USD,,2022-06-30,3111000000.0,10-Q,2022-08-04
us-gaap,CashAndCashEquivalentsAtCarryingValue,USD,,2022-06-30,3111000000.0,10-Q,2023-08-03
us-gaap,CashAndCashEquivalentsAtCarryingValue,USD,,2022-09-30,3583000000.0,10-Q,2022-11-04
us-gaap,CashAndCashEquivalentsAtCarryingValue,USD,,2022-09-30,3583000000.0,10-Q,2023-10-26
us-gaap,CashAndCashEquivalentsAtCarryingValue,USD,,2022-12-31,3891000000.0,10-K,2023-02-28
us-gaap,CashAndCashEquivalentsAtCarryingValue,USD,,2022-12-31,3891000000.0,10-Q,2023-05-02
us-gaap,CashAndCashEquivalentsAtCarryingValue,USD,,2022-12-31,3891000000.0,10-Q,2023-08-03
us-gaap,CashAndCashEquivalentsAtCarryingValue,USD,,2022-12-31,3891000000.0,10-Q,2023-10-26
us-gaap,CashAndCashEquivalentsAtCarryingValue,USD,,2022-12-31,3891000000.0,10-K,2024-02-20
us-gaap,CashAndCashEquivalentsAtCarryingValue,USD,,2022-12-31,3891000000.0,10-K,2025-02-14
us-gaap,CashAndCashEquivalentsAtCarryingValue,USD,,2023-03-31,3611000000.0,10-Q,2023-05-02
us-gaap,CashAndCashEquivalentsAtCarryingValue,USD,,2023-03-31,3611000000.0,10-Q,2024-05-02
us-gaap,CashAndCashEquivalentsAtCarryingValue,USD,,2023-06-30,3325000000.0,10-Q,2023-08-03
us-gaap,CashAndCashEquivalentsAtCarryingValue,USD,,2023-06-30,3325000000.0,10-Q,2024-08-01
us-gaap,CashAndCashEquivalentsAtCarryingValue,USD,,2023-09-30,3380000000.0,10-Q,2023-10-26
us-gaap,CashAndCashEquivalentsAtCarryingValue,USD,,2023-09-30,3380000000.0,10-Q,2024-10-31
us-gaap,CashAndCashEquivalentsAtCarryingValue,USD,,2023-12-31,3590000000.0,10-K,2024-02-20
us-gaap,CashAndCashEquivalentsAtCarryingValue,USD,,2023-12-31,3590000000.0,10-Q,2024-05-02
us-gaap,CashAndCashEquivalentsAtCarryingValue,USD,,2023-12-31,3590000000.0,10-Q,2024-08-01
us-gaap,CashAndCashEquivalentsAtCarryingValue,USD,,2023-12-31,3590000000.0,10-Q,2024-10-31
us-gaap,CashAndCashEquivalentsAtCarryingValue,USD,,2023-12-31,3590000000.0,10-K,2025-02-14
us-gaap,CashAndCashEquivalentsAtCarryingValue,USD,,2023-12-31,3590000000.0,10-K,2026-02-13
us-gaap,CashAndCashEquivalentsAtCarryingValue,USD,,2024-03-31,3789000000.0,10-Q,2024-05-02
us-gaap,CashAndCashEquivalentsAtCarryingValue,USD,,2024-03-31,3789000000.0,10-Q,2025-04-29
us-gaap,CashAndCashEquivalentsAtCarryingValue,USD,,2024-06-30,4053000000.0,10-Q,2024-08-01
us-gaap,CashAndCashEquivalentsAtCarryingValue,USD,,2024-06-30,4053000000.0,10-Q,2025-07-29
us-gaap,CashAndCashEquivalentsAtCarryingValue,USD,,2024-09-30,3451000000.0,10-Q,2024-10-31
us-gaap,CashAndCashEquivalentsAtCarryingValue,USD,,2024-09-30,3451000000.0,10-Q,2025-10-28
us-gaap,CashAndCashEquivalentsAtCarryingValue,USD,,2024-12-31,3679000000.0,10-K,2025-02-14
us-gaap,CashAndCashEquivalentsAtCarryingValue,USD,,2024-12-31,3679000000.0,10-Q,2025-04-29
us-gaap,CashAndCashEquivalentsAtCarryingValue,USD,,2024-12-31,3679000000.0,10-Q,2025-07-29
us-gaap,CashAndCashEquivalentsAtCarryingValue,USD,,2024-12-31,3679000000.0,10-Q,2025-10-28
us-gaap,CashAndCashEquivalentsAtCarryingValue,USD,,2024-12-31,3679000000.0,10-K,2026-02-13
us-gaap,CashAndCashEquivalentsAtCarryingValue,USD,,2025-03-31,4212000000.0,10-Q,2025-04-29
us-gaap,CashAndCashEquivalentsAtCarryingValue,USD,,2025-03-31,4212000000.0,10-Q,2026-04-28
us-gaap,CashAndCashEquivalentsAtCarryingValue,USD,,2025-06-30,3799000000.0,10-Q,2025-07-29
us-gaap,CashAndCashEquivalentsAtCarryingValue,USD,,2025-06-30,3799000000.0,10-Q,2026-07-28
us-gaap,CashAndCashEquivalentsAtCarryingValue,USD,,2025-09-30,3764000000.0,10-Q,2025-10-28
us-gaap,CashAndCashEquivalentsAtCarryingValue,USD,,2025-12-31,3604000000.0,10-K,2026-02-13
us-gaap,CashAndCashEquivalentsAtCarryingValue,USD,,2025-12-31,3604000000.0,10-Q,2026-04-28
us-gaap,CashAndCashEquivalentsAtCarryingValue,USD,,2025-12-31,3604000000.0,10-Q,2026-07-28
us-gaap,CashAndCashEquivalentsAtCarryingValue,USD,,2026-03-31,3637000000.0,10-Q,2026-04-28
us-gaap,CashAndCashEquivalentsAtCarryingValue,USD,,2026-06-30,3683000000.0,10-Q,2026-07-28
us-gaap,CashAndCashEquivalentsAtCarryingValueIncludingDiscontinuedOperations,USD,,2017-12-31,4190000000.0,10-K,2020-02-28
us-gaap,CashAndCashEquivalentsAtCarryingValueIncludingDiscontinuedOperations,USD,,2018-03-31,3549500000.0,10-Q,2019-05-06
us-gaap,CashAndCashEquivalentsAtCarryingValueIncludingDiscontinuedOperations,USD,,2018-06-30,3449200000.0,10-Q,2019-08-06
us-gaap,CashAndCashEquivalentsAtCarryingValueIncludingDiscontinuedOperations,USD,,2018-09-30,3600900000.0,10-Q,2019-11-06
us-gaap,CashAndCashEquivalentsAtCarryingValueIncludingDiscontinuedOperations,USD,,2018-12-31,3863100000.0,10-K,2020-02-28
us-gaap,CashAndCashEquivalentsAtCarryingValueIncludingDiscontinuedOperations,USD,,2018-12-31,3863100000.0,10-K,2021-02-26
us-gaap,CashAndCashEquivalentsAtCarryingValueIncludingDiscontinuedOperations,USD,,2019-03-31,3725100000.0,10-Q,2019-05-06
us-gaap,CashAndCashEquivalentsAtCarryingValueIncludingDiscontinuedOperations,USD,,2019-03-31,3725100000.0,10-Q,2020-05-06
us-gaap,CashAndCashEquivalentsAtCarryingValueIncludingDiscontinuedOperations,USD,,2019-06-30,4069000000.0,10-Q,2019-08-06
us-gaap,CashAndCashEquivalentsAtCarryingValueIncludingDiscontinuedOperations,USD,,2019-06-30,4069000000.0,10-Q,2020-08-04
us-gaap,CashAndCashEquivalentsAtCarryingValueIncludingDiscontinuedOperations,USD,,2019-09-30,4512500000.0,10-Q,2019-11-06
us-gaap,CashAndCashEquivalentsAtCarryingValueIncludingDiscontinuedOperations,USD,,2019-09-30,4512500000.0,10-Q,2020-11-04
us-gaap,CashAndCashEquivalentsAtCarryingValueIncludingDiscontinuedOperations,USD,,2019-12-31,3874400000.0,10-K,2020-02-28
us-gaap,CashAndCashEquivalentsAtCarryingValueIncludingDiscontinuedOperations,USD,,2019-12-31,3874400000.0,10-K,2021-02-26
us-gaap,CashAndCashEquivalentsAtCarryingValueIncludingDiscontinuedOperations,USD,,2020-03-31,4456800000.0,10-Q,2020-05-06
us-gaap,CashAndCashEquivalentsAtCarryingValueIncludingDiscontinuedOperations,USD,,2020-03-31,4456800000.0,10-Q,2021-05-05
us-gaap,CashAndCashEquivalentsAtCarryingValueIncludingDiscontinuedOperations,USD,,2020-06-30,4960000000.0,10-Q,2020-08-04
us-gaap,CashAndCashEquivalentsAtCarryingValueIncludingDiscontinuedOperations,USD,,2020-06-30,4960000000.0,10-Q,2021-08-05
us-gaap,CashAndCashEquivalentsAtCarryingValueIncludingDiscontinuedOperations,USD,,2020-09-30,3078400000.0,10-Q,2020-11-04
us-gaap,CashAndCashEquivalentsAtCarryingValueIncludingDiscontinuedOperations,USD,,2020-09-30,3078400000.0,10-Q,2021-11-03
us-gaap,CashAndCashEquivalentsAtCarryingValueIncludingDiscontinuedOperations,USD,,2020-12-31,3081500000.0,10-K,2021-02-26
us-gaap,CashAndCashEquivalentsAtCarryingValueIncludingDiscontinuedOperations,USD,,2020-12-31,2796000000.0,10-K,2022-02-25
us-gaap,CashAndCashEquivalentsAtCarryingValueIncludingDiscontinuedOperations,USD,,2021-03-31,2858600000.0,10-Q,2021-05-05
us-gaap,CashAndCashEquivalentsAtCarryingValueIncludingDiscontinuedOperations,USD,,2021-06-30,3001900000.0,10-Q,2021-08-05
us-gaap,CashAndCashEquivalentsAtCarryingValueIncludingDiscontinuedOperations,USD,,2021-09-30,3172200000.0,10-Q,2021-11-03
us-gaap,CashAndCashEquivalentsAtCarryingValueIncludingDiscontinuedOperations,USD,,2021-12-31,3046000000.0,10-K,2022-02-25
us-gaap,CashAndCashEquivalentsFairValueDisclosure,USD,,2012-03-31,399044000.0,10-Q,2012-05-04
us-gaap,CashAndCashEquivalentsFairValueDisclosure,USD,,2012-06-30,642199000.0,10-Q,2012-08-06
us-gaap,CashAndCashEquivalentsFairValueDisclosure,USD,,2012-09-30,766317000.0,10-Q,2012-11-05
us-gaap,CashAndCashEquivalentsFairValueDisclosure,USD,,2012-12-31,893352000.0,10-K,2013-02-28
us-gaap,CashAndCashEquivalentsFairValueDisclosure,USD,,2012-12-31,893352000.0,10-Q,2013-05-06
us-gaap,CashAndCashEquivalentsFairValueDisclosure,USD,,2012-12-31,893352000.0,10-Q,2013-08-05
us-gaap,CashAndCashEquivalentsFairValueDisclosure,USD,,2012-12-31,893352000.0,10-Q,2013-11-05
us-gaap,CashAndCashEquivalentsFairValueDisclosure,USD,,2012-12-31,893352000.0,10-K,2014-02-28
us-gaap,CashAndCashEquivalentsFairValueDisclosure,USD,,2013-03-31,764149000.0,10-Q,2013-05-06
us-gaap,CashAndCashEquivalentsFairValueDisclosure,USD,,2013-06-30,749821000.0,10-Q,2013-08-05
us-gaap,CashAndCashEquivalentsFairValueDisclosure,USD,,2013-09-30,784042000.0,10-Q,2013-11-05
us-gaap,CashAndCashEquivalentsFairValueDisclosure,USD,,2013-12-31,969822000.0,10-K,2014-02-28
us-gaap,CashAndCashEquivalentsFairValueDisclosure,USD,,2013-12-31,969822000.0,10-Q,2014-05-05
us-gaap,CashAndCashEquivalentsFairValueDisclosure,USD,,2013-12-31,969822000.0,10-Q,2014-08-05
us-gaap,CashAndCashEquivalentsFairValueDisclosure,USD,,2013-12-31,969822000.0,10-Q,2014-11-05
us-gaap,CashAndCashEquivalentsFairValueDisclosure,USD,,2013-12-31,969822000.0,10-K,2015-02-27
us-gaap,CashAndCashEquivalentsFairValueDisclosure,USD,,2014-03-31,706642000.0,10-Q,2014-05-05
us-gaap,CashAndCashEquivalentsFairValueDisclosure,USD,,2014-06-30,631167000.0,10-Q,2014-08-05
us-gaap,CashAndCashEquivalentsFairValueDisclosure,USD,,2014-09-30,634824000.0,10-Q,2014-11-05
us-gaap,CashAndCashEquivalentsFairValueDisclosure,USD,,2014-12-31,1077152000.0,10-K,2015-02-27
us-gaap,CashAndCashEquivalentsFairValueDisclosure,USD,,2014-12-31,1077152000.0,10-Q,2015-05-07
us-gaap,CashAndCashEquivalentsFairValueDisclosure,USD,,2014-12-31,1077152000.0,10-Q,2015-08-06
us-gaap,CashAndCashEquivalentsFairValueDisclosure,USD,,2014-12-31,1077152000.0,10-Q,2015-11-05
us-gaap,CashAndCashEquivalentsFairValueDisclosure,USD,,2014-12-31,1077152000.0,10-K,2016-02-25
us-gaap,CashAndCashEquivalentsFairValueDisclosure,USD,,2015-03-31,760398000.0,10-Q,2015-05-07
us-gaap,CashAndCashEquivalentsFairValueDisclosure,USD,,2015-06-30,822314000.0,10-Q,2015-08-06
us-gaap,CashAndCashEquivalentsFairValueDisclosure,USD,,2015-09-30,977341000.0,10-Q,2015-11-05
us-gaap,CashAndCashEquivalentsFairValueDisclosure,USD,,2015-12-31,1168037000.0,10-K,2016-02-25
us-gaap,CashAndCashEquivalentsFairValueDisclosure,USD,,2015-12-31,1168000000.0,10-Q,2016-05-05
us-gaap,CashAndCashEquivalentsFairValueDisclosure,USD,,2015-12-31,1168000000.0,10-Q,2016-08-08
us-gaap,CashAndCashEquivalentsFairValueDisclosure,USD,,2015-12-31,1168000000.0,10-Q,2016-11-07
us-gaap,CashAndCashEquivalentsFairValueDisclosure,USD,,2016-03-31,970000000.0,10-Q,2016-05-05
us-gaap,CashAndCashEquivalentsFairValueDisclosure,USD,,2016-06-30,1316500000.0,10-Q,2016-08-08
us-gaap,CashAndCashEquivalentsFairValueDisclosure,USD,,2016-09-30,1500500000.0,10-Q,2016-11-07
us-gaap,CashAndCashEquivalentsPeriodIncreaseDecrease,USD,2008-01-01,2008-12-31,-108928000.0,10-K,2011-02-28
us-gaap,CashAndCashEquivalentsPeriodIncreaseDecrease,USD,2009-01-01,2009-06-30,-38488000.0,10-Q,2010-08-09
us-gaap,CashAndCashEquivalentsPeriodIncreaseDecrease,USD,2009-01-01,2009-09-30,292710000.0,10-Q,2010-11-09
us-gaap,CashAndCashEquivalentsPeriodIncreaseDecrease,USD,2009-01-01,2009-12-31,56467000.0,10-K,2011-02-28
us-gaap,CashAndCashEquivalentsPeriodIncreaseDecrease,USD,2009-01-01,2009-12-31,56467000.0,10-K,2012-02-27
us-gaap,CashAndCashEquivalentsPeriodIncreaseDecrease,USD,2010-01-01,2010-03-31,-74367000.0,10-Q,2011-05-09
us-gaap,CashAndCashEquivalentsPeriodIncreaseDecrease,USD,2010-01-01,2010-06-30,-44596000.0,10-Q,2010-08-09
us-gaap,CashAndCashEquivalentsPeriodIncreaseDecrease,USD,2010-01-01,2010-06-30,-44596000.0,10-Q,2011-08-08
us-gaap,CashAndCashEquivalentsPeriodIncreaseDecrease,USD,2010-01-01,2010-09-30,96295000.0,10-Q,2010-11-09
us-gaap,CashAndCashEquivalentsPeriodIncreaseDecrease,USD,2010-01-01,2010-09-30,96295000.0,10-Q,2011-11-07
us-gaap,CashAndCashEquivalentsPeriodIncreaseDecrease,USD,2010-01-01,2010-12-31,-155817000.0,10-K,2011-02-28
us-gaap,CashAndCashEquivalentsPeriodIncreaseDecrease,USD,2010-01-01,2010-12-31,-155817000.0,10-K,2012-02-27
us-gaap,CashAndCashEquivalentsPeriodIncreaseDecrease,USD,2010-01-01,2010-12-31,-155817000.0,10-K,2013-02-28
us-gaap,CashAndCashEquivalentsPeriodIncreaseDecrease,USD,2011-01-01,2011-03-31,161248000.0,10-Q,2011-05-09
us-gaap,CashAndCashEquivalentsPeriodIncreaseDecrease,USD,2011-01-01,2011-03-31,161248000.0,10-Q,2012-05-04
us-gaap,CashAndCashEquivalentsPeriodIncreaseDecrease,USD,2011-01-01,2011-06-30,93707000.0,10-Q,2011-08-08
us-gaap,CashAndCashEquivalentsPeriodIncreaseDecrease,USD,2011-01-01,2011-06-30,93707000.0,10-Q,2012-08-06
us-gaap,CashAndCashEquivalentsPeriodIncreaseDecrease,USD,2011-01-01,2011-09-30,100456000.0,10-Q,2011-11-07
us-gaap,CashAndCashEquivalentsPeriodIncreaseDecrease,USD,2011-01-01,2011-09-30,100456000.0,10-Q,2012-11-05
us-gaap,CashAndCashEquivalentsPeriodIncreaseDecrease,USD,2011-01-01,2011-12-31,77099000.0,10-K,2012-02-27
us-gaap,CashAndCashEquivalentsPeriodIncreaseDecrease,USD,2011-01-01,2011-12-31,77099000.0,10-K,2013-02-28
us-gaap,CashAndCashEquivalentsPeriodIncreaseDecrease,USD,2012-01-01,2012-03-31,182831000.0,10-Q,2012-05-04
us-gaap,CashAndCashEquivalentsPeriodIncreaseDecrease,USD,2012-01-01,2012-06-30,425986000.0,10-Q,2012-08-06
us-gaap,CashAndCashEquivalentsPeriodIncreaseDecrease,USD,2012-01-01,2012-09-30,550104000.0,10-Q,2012-11-05
us-gaap,CashAndCashEquivalentsPeriodIncreaseDecrease,USD,2012-01-01,2012-12-31,677139000.0,10-K,2013-02-28
us-gaap,CashAndCashEquivalentsPeriodIncreaseDecrease,USD,2013-01-01,2013-12-31,76470000.0,10-K,2016-02-25
us-gaap,CashAndCashEquivalentsPeriodIncreaseDecrease,USD,2014-01-01,2014-06-30,-338655000.0,10-Q,2015-08-06
us-gaap,CashAndCashEquivalentsPeriodIncreaseDecrease,USD,2014-01-01,2014-09-30,-334998000.0,10-Q,2015-11-05
us-gaap,CashAndCashEquivalentsPeriodIncreaseDecrease,USD,2014-01-01,2014-12-31,107330000.0,10-K,2016-02-25
us-gaap,CashAndCashEquivalentsPeriodIncreaseDecrease,USD,2014-01-01,2014-12-31,107400000.0,10-K,2017-02-27
us-gaap,CashAndCashEquivalentsPeriodIncreaseDecrease,USD,2015-01-01,2015-03-31,-316800000.0,10-Q,2016-05-05
us-gaap,CashAndCashEquivalentsPeriodIncreaseDecrease,USD,2015-01-01,2015-06-30,-254838000.0,10-Q,2015-08-06
us-gaap,CashAndCashEquivalentsPeriodIncreaseDecrease,USD,2015-01-01,2015-06-30,-254900000.0,10-Q,2016-08-08
us-gaap,CashAndCashEquivalentsPeriodIncreaseDecrease,USD,2015-01-01,2015-09-30,-99811000.0,10-Q,2015-11-05
us-gaap,CashAndCashEquivalentsPeriodIncreaseDecrease,USD,2015-01-01,2015-09-30,-99900000.0,10-Q,2016-11-07
us-gaap,CashAndCashEquivalentsPeriodIncreaseDecrease,USD,2015-01-01,2015-12-31,90885000.0,10-K,2016-02-25
us-gaap,CashAndCashEquivalentsPeriodIncreaseDecrease,USD,2015-01-01,2015-12-31,90800000.0,10-K,2017-02-27
us-gaap,CashAndCashEquivalentsPeriodIncreaseDecrease,USD,2015-01-01,2015-12-31,90800000.0,10-K,2018-02-27
us-gaap,CashAndCashEquivalentsPeriodIncreaseDecrease,USD,2016-01-01,2016-03-31,-198000000.0,10-Q,2016-05-05
us-gaap,CashAndCashEquivalentsPeriodIncreaseDecrease,USD,2016-01-01,2016-03-31,-198000000.0,10-Q,2017-05-08
us-gaap,CashAndCashEquivalentsPeriodIncreaseDecrease,USD,2016-01-01,2016-06-30,148500000.0,10-Q,2016-08-08
us-gaap,CashAndCashEquivalentsPeriodIncreaseDecrease,USD,2016-01-01,2016-06-30,148500000.0,10-Q,2017-08-07
us-gaap,CashAndCashEquivalentsPeriodIncreaseDecrease,USD,2016-01-01,2016-09-30,332500000.0,10-Q,2016-11-07
us-gaap,CashAndCashEquivalentsPeriodIncreaseDecrease,USD,2016-01-01,2016-09-30,332500000.0,10-Q,2017-11-08
us-gaap,CashAndCashEquivalentsPeriodIncreaseDecrease,USD,2016-01-01,2016-12-31,691200000.0,10-K,2017-02-27
us-gaap,CashAndCashEquivalentsPeriodIncreaseDecrease,USD,2016-01-01,2016-12-31,691200000.0,10-K,2018-02-27
us-gaap,CashAndCashEquivalentsPeriodIncreaseDecrease,USD,2017-01-01,2017-03-31,7600000.0,10-Q,2017-05-08
us-gaap,CashAndCashEquivalentsPeriodIncreaseDecrease,USD,2017-01-01,2017-06-30,86700000.0,10-Q,2017-08-07
us-gaap,CashAndCashEquivalentsPeriodIncreaseDecrease,USD,2017-01-01,2017-09-30,1466800000.0,10-Q,2017-11-08
us-gaap,CashAndCashEquivalentsPeriodIncreaseDecrease,USD,2017-01-01,2017-12-31,2330800000.0,10-K,2018-02-27
us-gaap,CashCashEquivalentsRestrictedCashAndRestrictedCashEquivalents,USD,,2015-12-31,1481400000.0,10-K,2019-02-26
us-gaap,CashCashEquivalentsRestrictedCashAndRestrictedCashEquivalents,USD,,2015-12-31,1481400000.0,8-K,2019-07-17
us-gaap,CashCashEquivalentsRestrictedCashAndRestrictedCashEquivalents,USD,,2016-12-31,1968500000.0,10-Q,2018-05-08
us-gaap,CashCashEquivalentsRestrictedCashAndRestrictedCashEquivalents,USD,,2016-12-31,1968500000.0,10-Q,2018-08-07
us-gaap,CashCashEquivalentsRestrictedCashAndRestrictedCashEquivalents,USD,,2016-12-31,1968500000.0,10-Q,2018-11-06
us-gaap,CashCashEquivalentsRestrictedCashAndRestrictedCashEquivalents,USD,,2016-12-31,1968500000.0,10-K,2019-02-26
us-gaap,CashCashEquivalentsRestrictedCashAndRestrictedCashEquivalents,USD,,2016-12-31,1968500000.0,8-K,2019-07-17
us-gaap,CashCashEquivalentsRestrictedCashAndRestrictedCashEquivalents,USD,,2016-12-31,1968500000.0,10-K,2020-02-28
us-gaap,CashCashEquivalentsRestrictedCashAndRestrictedCashEquivalents,USD,,2017-03-31,2021500000.0,10-Q,2018-05-08
us-gaap,CashCashEquivalentsRestrictedCashAndRestrictedCashEquivalents,USD,,2017-06-30,2507000000.0,10-Q,2018-08-07
us-gaap,CashCashEquivalentsRestrictedCashAndRestrictedCashEquivalents,USD,,2017-09-30,3847700000.0,10-Q,2018-11-06
us-gaap,CashCashEquivalentsRestrictedCashAndRestrictedCashEquivalents,USD,,2017-12-31,4314700000.0,10-Q,2018-05-08
us-gaap,CashCashEquivalentsRestrictedCashAndRestrictedCashEquivalents,USD,,2017-12-31,4314700000.0,10-Q,2018-08-07
us-gaap,CashCashEquivalentsRestrictedCashAndRestrictedCashEquivalents,USD,,2017-12-31,4314700000.0,10-Q,2018-11-06
us-gaap,CashCashEquivalentsRestrictedCashAndRestrictedCashEquivalents,USD,,2017-12-31,4314700000.0,10-K,2019-02-26
us-gaap,CashCashEquivalentsRestrictedCashAndRestrictedCashEquivalents,USD,,2017-12-31,4314700000.0,10-Q,2019-05-06
us-gaap,CashCashEquivalentsRestrictedCashAndRestrictedCashEquivalents,USD,,2017-12-31,4314700000.0,8-K,2019-07-17
us-gaap,CashCashEquivalentsRestrictedCashAndRestrictedCashEquivalents,USD,,2017-12-31,4314700000.0,10-Q,2019-08-06
us-gaap,CashCashEquivalentsRestrictedCashAndRestrictedCashEquivalents,USD,,2017-12-31,4314700000.0,10-Q,2019-11-06
us-gaap,CashCashEquivalentsRestrictedCashAndRestrictedCashEquivalents,USD,,2017-12-31,4314700000.0,10-K,2020-02-28
us-gaap,CashCashEquivalentsRestrictedCashAndRestrictedCashEquivalents,USD,,2017-12-31,4314700000.0,10-K,2021-02-26
us-gaap,CashCashEquivalentsRestrictedCashAndRestrictedCashEquivalents,USD,,2018-03-31,4142000000.0,10-Q,2018-05-08
us-gaap,CashCashEquivalentsRestrictedCashAndRestrictedCashEquivalents,USD,,2018-03-31,4142000000.0,10-Q,2019-05-06
us-gaap,CashCashEquivalentsRestrictedCashAndRestrictedCashEquivalents,USD,,2018-06-30,3527200000.0,10-Q,2018-08-07
us-gaap,CashCashEquivalentsRestrictedCashAndRestrictedCashEquivalents,USD,,2018-06-30,3527200000.0,10-Q,2019-08-06
us-gaap,CashCashEquivalentsRestrictedCashAndRestrictedCashEquivalents,USD,,2018-09-30,3970300000.0,10-Q,2018-11-06
us-gaap,CashCashEquivalentsRestrictedCashAndRestrictedCashEquivalents,USD,,2018-09-30,3970300000.0,10-Q,2019-11-06
us-gaap,CashCashEquivalentsRestrictedCashAndRestrictedCashEquivalents,USD,,2018-12-31,3967700000.0,10-K,2019-02-26
us-gaap,CashCashEquivalentsRestrictedCashAndRestrictedCashEquivalents,USD,,2018-12-31,3967700000.0,10-Q,2019-05-06
us-gaap,CashCashEquivalentsRestrictedCashAndRestrictedCashEquivalents,USD,,2018-12-31,3967700000.0,8-K,2019-07-17
us-gaap,CashCashEquivalentsRestrictedCashAndRestrictedCashEquivalents,USD,,2018-12-31,3967700000.0,10-Q,2019-08-06
us-gaap,CashCashEquivalentsRestrictedCashAndRestrictedCashEquivalents,USD,,2018-12-31,3967700000.0,10-Q,2019-11-06
us-gaap,CashCashEquivalentsRestrictedCashAndRestrictedCashEquivalents,USD,,2018-12-31,3967700000.0,10-K,2020-02-28
us-gaap,CashCashEquivalentsRestrictedCashAndRestrictedCashEquivalents,USD,,2018-12-31,3967700000.0,10-Q,2020-05-06
us-gaap,CashCashEquivalentsRestrictedCashAndRestrictedCashEquivalents,USD,,2018-12-31,3967700000.0,10-Q,2020-08-04
us-gaap,CashCashEquivalentsRestrictedCashAndRestrictedCashEquivalents,USD,,2018-12-31,3967700000.0,10-Q,2020-11-04
us-gaap,CashCashEquivalentsRestrictedCashAndRestrictedCashEquivalents,USD,,2018-12-31,3967700000.0,10-K,2021-02-26
us-gaap,CashCashEquivalentsRestrictedCashAndRestrictedCashEquivalents,USD,,2018-12-31,3968000000.0,10-K,2022-02-25
us-gaap,CashCashEquivalentsRestrictedCashAndRestrictedCashEquivalents,USD,,2019-03-31,3816000000.0,10-Q,2019-05-06
us-gaap,CashCashEquivalentsRestrictedCashAndRestrictedCashEquivalents,USD,,2019-03-31,3816000000.0,10-Q,2020-05-06
us-gaap,CashCashEquivalentsRestrictedCashAndRestrictedCashEquivalents,USD,,2019-06-30,4154700000.0,10-Q,2019-08-06
us-gaap,CashCashEquivalentsRestrictedCashAndRestrictedCashEquivalents,USD,,2019-06-30,4154700000.0,10-Q,2020-08-04
us-gaap,CashCashEquivalentsRestrictedCashAndRestrictedCashEquivalents,USD,,2019-09-30,5051700000.0,10-Q,2019-11-06
us-gaap,CashCashEquivalentsRestrictedCashAndRestrictedCashEquivalents,USD,,2019-09-30,5051700000.0,10-Q,2020-11-04
us-gaap,CashCashEquivalentsRestrictedCashAndRestrictedCashEquivalents,USD,,2019-12-31,3958100000.0,10-K,2020-02-28
us-gaap,CashCashEquivalentsRestrictedCashAndRestrictedCashEquivalents,USD,,2019-12-31,3958100000.0,10-Q,2020-05-06
us-gaap,CashCashEquivalentsRestrictedCashAndRestrictedCashEquivalents,USD,,2019-12-31,3958100000.0,10-Q,2020-08-04
us-gaap,CashCashEquivalentsRestrictedCashAndRestrictedCashEquivalents,USD,,2019-12-31,3958100000.0,10-Q,2020-11-04
us-gaap,CashCashEquivalentsRestrictedCashAndRestrictedCashEquivalents,USD,,2019-12-31,3958100000.0,10-K,2021-02-26
us-gaap,CashCashEquivalentsRestrictedCashAndRestrictedCashEquivalents,USD,,2019-12-31,3958100000.0,10-Q,2021-05-05
us-gaap,CashCashEquivalentsRestrictedCashAndRestrictedCashEquivalents,USD,,2019-12-31,3958100000.0,10-Q,2021-08-05
us-gaap,CashCashEquivalentsRestrictedCashAndRestrictedCashEquivalents,USD,,2019-12-31,3958100000.0,10-Q,2021-11-03
us-gaap,CashCashEquivalentsRestrictedCashAndRestrictedCashEquivalents,USD,,2019-12-31,3958000000.0,10-K,2022-02-25
us-gaap,CashCashEquivalentsRestrictedCashAndRestrictedCashEquivalents,USD,,2019-12-31,3958000000.0,10-K,2023-02-28
us-gaap,CashCashEquivalentsRestrictedCashAndRestrictedCashEquivalents,USD,,2020-03-31,4765900000.0,10-Q,2020-05-06
us-gaap,CashCashEquivalentsRestrictedCashAndRestrictedCashEquivalents,USD,,2020-03-31,4765900000.0,10-Q,2021-05-05
us-gaap,CashCashEquivalentsRestrictedCashAndRestrictedCashEquivalents,USD,,2020-06-30,5451100000.0,10-Q,2020-08-04
us-gaap,CashCashEquivalentsRestrictedCashAndRestrictedCashEquivalents,USD,,2020-06-30,5451100000.0,10-Q,2021-08-05
us-gaap,CashCashEquivalentsRestrictedCashAndRestrictedCashEquivalents,USD,,2020-09-30,3750900000.0,10-Q,2020-11-04
us-gaap,CashCashEquivalentsRestrictedCashAndRestrictedCashEquivalents,USD,,2020-09-30,3750900000.0,10-Q,2021-11-03
us-gaap,CashCashEquivalentsRestrictedCashAndRestrictedCashEquivalents,USD,,2020-12-31,3463200000.0,10-K,2021-02-26
us-gaap,CashCashEquivalentsRestrictedCashAndRestrictedCashEquivalents,USD,,2020-12-31,3463200000.0,10-Q,2021-05-05
us-gaap,CashCashEquivalentsRestrictedCashAndRestrictedCashEquivalents,USD,,2020-12-31,3463200000.0,10-Q,2021-08-05
us-gaap,CashCashEquivalentsRestrictedCashAndRestrictedCashEquivalents,USD,,2020-12-31,3463200000.0,10-Q,2021-11-03
us-gaap,CashCashEquivalentsRestrictedCashAndRestrictedCashEquivalents,USD,,2020-12-31,3463000000.0,10-K,2022-02-25
us-gaap,CashCashEquivalentsRestrictedCashAndRestrictedCashEquivalents,USD,,2020-12-31,3463000000.0,10-Q,2022-05-05
us-gaap,CashCashEquivalentsRestrictedCashAndRestrictedCashEquivalents,USD,,2020-12-31,3463000000.0,10-Q,2022-08-04
us-gaap,CashCashEquivalentsRestrictedCashAndRestrictedCashEquivalents,USD,,2020-12-31,3463000000.0,10-Q,2022-11-04
us-gaap,CashCashEquivalentsRestrictedCashAndRestrictedCashEquivalents,USD,,2020-12-31,3463000000.0,10-K,2023-02-28
us-gaap,CashCashEquivalentsRestrictedCashAndRestrictedCashEquivalents,USD,,2020-12-31,3463000000.0,10-K,2024-02-20
us-gaap,CashCashEquivalentsRestrictedCashAndRestrictedCashEquivalents,USD,,2021-03-31,3246900000.0,10-Q,2021-05-05
us-gaap,CashCashEquivalentsRestrictedCashAndRestrictedCashEquivalents,USD,,2021-03-31,3247000000.0,10-Q,2022-05-05
us-gaap,CashCashEquivalentsRestrictedCashAndRestrictedCashEquivalents,USD,,2021-06-30,3367100000.0,10-Q,2021-08-05
us-gaap,CashCashEquivalentsRestrictedCashAndRestrictedCashEquivalents,USD,,2021-06-30,3367000000.0,10-Q,2022-08-04
us-gaap,CashCashEquivalentsRestrictedCashAndRestrictedCashEquivalents,USD,,2021-09-30,3890600000.0,10-Q,2021-11-03
us-gaap,CashCashEquivalentsRestrictedCashAndRestrictedCashEquivalents,USD,,2021-09-30,3891000000.0,10-Q,2022-11-04
us-gaap,CashCashEquivalentsRestrictedCashAndRestrictedCashEquivalents,USD,,2021-12-31,3923000000.0,10-K,2022-02-25
us-gaap,CashCashEquivalentsRestrictedCashAndRestrictedCashEquivalents,USD,,2021-12-31,3923000000.0,10-Q,2022-05-05
us-gaap,CashCashEquivalentsRestrictedCashAndRestrictedCashEquivalents,USD,,2021-12-31,3923000000.0,10-Q,2022-08-04
us-gaap,CashCashEquivalentsRestrictedCashAndRestrictedCashEquivalents,USD,,2021-12-31,3923000000.0,10-Q,2022-11-04
us-gaap,CashCashEquivalentsRestrictedCashAndRestrictedCashEquivalents,USD,,2021-12-31,3923000000.0,10-K,2023-02-28
us-gaap,CashCashEquivalentsRestrictedCashAndRestrictedCashEquivalents,USD,,2021-12-31,3923000000.0,10-Q,2023-05-02
us-gaap,CashCashEquivalentsRestrictedCashAndRestrictedCashEquivalents,USD,,2021-12-31,3923000000.0,10-Q,2023-08-03
us-gaap,CashCashEquivalentsRestrictedCashAndRestrictedCashEquivalents,USD,,2021-12-31,3923000000.0,10-Q,2023-10-26
us-gaap,CashCashEquivalentsRestrictedCashAndRestrictedCashEquivalents,USD,,2021-12-31,3923000000.0,10-K,2024-02-20
us-gaap,CashCashEquivalentsRestrictedCashAndRestrictedCashEquivalents,USD,,2021-12-31,3923000000.0,10-K,2025-02-14
us-gaap,CashCashEquivalentsRestrictedCashAndRestrictedCashEquivalents,USD,,2022-03-31,3634000000.0,10-Q,2022-05-05
us-gaap,CashCashEquivalentsRestrictedCashAndRestrictedCashEquivalents,USD,,2022-03-31,3634000000.0,10-Q,2023-05-02
us-gaap,CashCashEquivalentsRestrictedCashAndRestrictedCashEquivalents,USD,,2022-06-30,3697000000.0,10-Q,2022-08-04
us-gaap,CashCashEquivalentsRestrictedCashAndRestrictedCashEquivalents,USD,,2022-06-30,3697000000.0,10-Q,2023-08-03
us-gaap,CashCashEquivalentsRestrictedCashAndRestrictedCashEquivalents,USD,,2022-09-30,3608000000.0,10-Q,2022-11-04
us-gaap,CashCashEquivalentsRestrictedCashAndRestrictedCashEquivalents,USD,,2022-09-30,3608000000.0,10-Q,2023-10-26
us-gaap,CashCashEquivalentsRestrictedCashAndRestrictedCashEquivalents,USD,,2022-12-31,3927000000.0,10-K,2023-02-28
us-gaap,CashCashEquivalentsRestrictedCashAndRestrictedCashEquivalents,USD,,2022-12-31,3927000000.0,10-Q,2023-05-02
us-gaap,CashCashEquivalentsRestrictedCashAndRestrictedCashEquivalents,USD,,2022-12-31,3927000000.0,10-Q,2023-08-03
us-gaap,CashCashEquivalentsRestrictedCashAndRestrictedCashEquivalents,USD,,2022-12-31,3927000000.0,10-Q,2023-10-26
us-gaap,CashCashEquivalentsRestrictedCashAndRestrictedCashEquivalents,USD,,2022-12-31,3927000000.0,10-K,2024-02-20
us-gaap,CashCashEquivalentsRestrictedCashAndRestrictedCashEquivalents,USD,,2022-12-31,3927000000.0,10-Q,2024-05-02
us-gaap,CashCashEquivalentsRestrictedCashAndRestrictedCashEquivalents,USD,,2022-12-31,3927000000.0,10-Q,2024-08-01
us-gaap,CashCashEquivalentsRestrictedCashAndRestrictedCashEquivalents,USD,,2022-12-31,3927000000.0,10-Q,2024-10-31
us-gaap,CashCashEquivalentsRestrictedCashAndRestrictedCashEquivalents,USD,,2022-12-31,3927000000.0,10-K,2025-02-14
us-gaap,CashCashEquivalentsRestrictedCashAndRestrictedCashEquivalents,USD,,2022-12-31,3927000000.0,10-K,2026-02-13
us-gaap,CashCashEquivalentsRestrictedCashAndRestrictedCashEquivalents,USD,,2023-03-31,3632000000.0,10-Q,2023-05-02
us-gaap,CashCashEquivalentsRestrictedCashAndRestrictedCashEquivalents,USD,,2023-03-31,3632000000.0,10-Q,2024-05-02
us-gaap,CashCashEquivalentsRestrictedCashAndRestrictedCashEquivalents,USD,,2023-06-30,3351000000.0,10-Q,2023-08-03
us-gaap,CashCashEquivalentsRestrictedCashAndRestrictedCashEquivalents,USD,,2023-06-30,3351000000.0,10-Q,2024-08-01
us-gaap,CashCashEquivalentsRestrictedCashAndRestrictedCashEquivalents,USD,,2023-09-30,3395000000.0,10-Q,2023-10-26
us-gaap,CashCashEquivalentsRestrictedCashAndRestrictedCashEquivalents,USD,,2023-09-30,3395000000.0,10-Q,2024-10-31
us-gaap,CashCashEquivalentsRestrictedCashAndRestrictedCashEquivalents,USD,,2023-12-31,3616000000.0,10-K,2024-02-20
us-gaap,CashCashEquivalentsRestrictedCashAndRestrictedCashEquivalents,USD,,2023-12-31,3616000000.0,10-Q,2024-05-02
us-gaap,CashCashEquivalentsRestrictedCashAndRestrictedCashEquivalents,USD,,2023-12-31,3616000000.0,10-Q,2024-08-01
us-gaap,CashCashEquivalentsRestrictedCashAndRestrictedCashEquivalents,USD,,2023-12-31,3616000000.0,10-Q,2024-10-31
us-gaap,CashCashEquivalentsRestrictedCashAndRestrictedCashEquivalents,USD,,2023-12-31,3616000000.0,10-K,2025-02-14
us-gaap,CashCashEquivalentsRestrictedCashAndRestrictedCashEquivalents,USD,,2023-12-31,3616000000.0,10-Q,2025-04-29
us-gaap,CashCashEquivalentsRestrictedCashAndRestrictedCashEquivalents,USD,,2023-12-31,3616000000.0,10-Q,2025-07-29
us-gaap,CashCashEquivalentsRestrictedCashAndRestrictedCashEquivalents,USD,,2023-12-31,3616000000.0,10-Q,2025-10-28
us-gaap,CashCashEquivalentsRestrictedCashAndRestrictedCashEquivalents,USD,,2023-12-31,3616000000.0,10-K,2026-02-13
us-gaap,CashCashEquivalentsRestrictedCashAndRestrictedCashEquivalents,USD,,2024-03-31,3808000000.0,10-Q,2024-05-02
us-gaap,CashCashEquivalentsRestrictedCashAndRestrictedCashEquivalents,USD,,2024-03-31,3808000000.0,10-Q,2025-04-29
us-gaap,CashCashEquivalentsRestrictedCashAndRestrictedCashEquivalents,USD,,2024-06-30,4072000000.0,10-Q,2024-08-01
us-gaap,CashCashEquivalentsRestrictedCashAndRestrictedCashEquivalents,USD,,2024-06-30,4072000000.0,10-Q,2025-07-29
us-gaap,CashCashEquivalentsRestrictedCashAndRestrictedCashEquivalents,USD,,2024-09-30,3471000000.0,10-Q,2024-10-31
us-gaap,CashCashEquivalentsRestrictedCashAndRestrictedCashEquivalents,USD,,2024-09-30,3471000000.0,10-Q,2025-10-28
us-gaap,CashCashEquivalentsRestrictedCashAndRestrictedCashEquivalents,USD,,2024-12-31,3714000000.0,10-K,2025-02-14
us-gaap,CashCashEquivalentsRestrictedCashAndRestrictedCashEquivalents,USD,,2024-12-31,3714000000.0,10-Q,2025-04-29
us-gaap,CashCashEquivalentsRestrictedCashAndRestrictedCashEquivalents,USD,,2024-12-31,3714000000.0,10-Q,2025-07-29
us-gaap,CashCashEquivalentsRestrictedCashAndRestrictedCashEquivalents,USD,,2024-12-31,3714000000.0,10-Q,2025-10-28
us-gaap,CashCashEquivalentsRestrictedCashAndRestrictedCashEquivalents,USD,,2024-12-31,3714000000.0,10-K,2026-02-13
us-gaap,CashCashEquivalentsRestrictedCashAndRestrictedCashEquivalents,USD,,2024-12-31,3714000000.0,10-Q,2026-04-28
us-gaap,CashCashEquivalentsRestrictedCashAndRestrictedCashEquivalents,USD,,2024-12-31,3714000000.0,10-Q,2026-07-28
us-gaap,CashCashEquivalentsRestrictedCashAndRestrictedCashEquivalents,USD,,2025-03-31,4236000000.0,10-Q,2025-04-29
us-gaap,CashCashEquivalentsRestrictedCashAndRestrictedCashEquivalents,USD,,2025-03-31,4236000000.0,10-Q,2026-04-28
us-gaap,CashCashEquivalentsRestrictedCashAndRestrictedCashEquivalents,USD,,2025-06-30,3818000000.0,10-Q,2025-07-29
us-gaap,CashCashEquivalentsRestrictedCashAndRestrictedCashEquivalents,USD,,2025-06-30,3818000000.0,10-Q,2026-07-28
us-gaap,CashCashEquivalentsRestrictedCashAndRestrictedCashEquivalents,USD,,2025-09-30,3779000000.0,10-Q,2025-10-28
us-gaap,CashCashEquivalentsRestrictedCashAndRestrictedCashEquivalents,USD,,2025-12-31,3628000000.0,10-K,2026-02-13
us-gaap,CashCashEquivalentsRestrictedCashAndRestrictedCashEquivalents,USD,,2025-12-31,3628000000.0,10-Q,2026-04-28
us-gaap,CashCashEquivalentsRestrictedCashAndRestrictedCashEquivalents,USD,,2025-12-31,3628000000.0,10-Q,2026-07-28
us-gaap,CashCashEquivalentsRestrictedCashAndRestrictedCashEquivalents,USD,,2026-03-31,3957000000.0,10-Q,2026-04-28
us-gaap,CashCashEquivalentsRestrictedCashAndRestrictedCashEquivalents,USD,,2026-06-30,3759000000.0,10-Q,2026-07-28
us-gaap,CashCashEquivalentsRestrictedCashAndRestrictedCashEquivalentsPeriodIncreaseDecreaseIncludingExchangeRateEffect,USD,2016-01-01,2016-12-31,487100000.0,10-K,2019-02-26
us-gaap,CashCashEquivalentsRestrictedCashAndRestrictedCashEquivalentsPeriodIncreaseDecreaseIncludingExchangeRateEffect,USD,2016-01-01,2016-12-31,487100000.0,8-K,2019-07-17
us-gaap,CashCashEquivalentsRestrictedCashAndRestrictedCashEquivalentsPeriodIncreaseDecreaseIncludingExchangeRateEffect,USD,2017-01-01,2017-03-31,53000000.0,10-Q,2018-05-08
us-gaap,CashCashEquivalentsRestrictedCashAndRestrictedCashEquivalentsPeriodIncreaseDecreaseIncludingExchangeRateEffect,USD,2017-01-01,2017-06-30,538500000.0,10-Q,2018-08-07
us-gaap,CashCashEquivalentsRestrictedCashAndRestrictedCashEquivalentsPeriodIncreaseDecreaseIncludingExchangeRateEffect,USD,2017-01-01,2017-09-30,1879200000.0,10-Q,2018-11-06
us-gaap,CashCashEquivalentsRestrictedCashAndRestrictedCashEquivalentsPeriodIncreaseDecreaseIncludingExchangeRateEffect,USD,2017-01-01,2017-12-31,2346200000.0,10-K,2019-02-26
us-gaap,CashCashEquivalentsRestrictedCashAndRestrictedCashEquivalentsPeriodIncreaseDecreaseIncludingExchangeRateEffect,USD,2017-01-01,2017-12-31,2346200000.0,8-K,2019-07-17
us-gaap,CashCashEquivalentsRestrictedCashAndRestrictedCashEquivalentsPeriodIncreaseDecreaseIncludingExchangeRateEffect,USD,2017-01-01,2017-12-31,2346200000.0,10-K,2020-02-28
us-gaap,CashCashEquivalentsRestrictedCashAndRestrictedCashEquivalentsPeriodIncreaseDecreaseIncludingExchangeRateEffect,USD,2018-01-01,2018-03-31,-172700000.0,10-Q,2018-05-08
us-gaap,CashCashEquivalentsRestrictedCashAndRestrictedCashEquivalentsPeriodIncreaseDecreaseIncludingExchangeRateEffect,USD,2018-01-01,2018-03-31,-172700000.0,10-Q,2019-05-06
us-gaap,CashCashEquivalentsRestrictedCashAndRestrictedCashEquivalentsPeriodIncreaseDecreaseIncludingExchangeRateEffect,USD,2018-01-01,2018-06-30,-787500000.0,10-Q,2018-08-07
us-gaap,CashCashEquivalentsRestrictedCashAndRestrictedCashEquivalentsPeriodIncreaseDecreaseIncludingExchangeRateEffect,USD,2018-01-01,2018-06-30,-787500000.0,10-Q,2019-08-06
us-gaap,CashCashEquivalentsRestrictedCashAndRestrictedCashEquivalentsPeriodIncreaseDecreaseIncludingExchangeRateEffect,USD,2018-01-01,2018-09-30,-344400000.0,10-Q,2018-11-06
us-gaap,CashCashEquivalentsRestrictedCashAndRestrictedCashEquivalentsPeriodIncreaseDecreaseIncludingExchangeRateEffect,USD,2018-01-01,2018-09-30,-344400000.0,10-Q,2019-11-06
us-gaap,CashCashEquivalentsRestrictedCashAndRestrictedCashEquivalentsPeriodIncreaseDecreaseIncludingExchangeRateEffect,USD,2018-01-01,2018-12-31,-347000000.0,10-K,2019-02-26
us-gaap,CashCashEquivalentsRestrictedCashAndRestrictedCashEquivalentsPeriodIncreaseDecreaseIncludingExchangeRateEffect,USD,2018-01-01,2018-12-31,-347000000.0,8-K,2019-07-17
us-gaap,CashCashEquivalentsRestrictedCashAndRestrictedCashEquivalentsPeriodIncreaseDecreaseIncludingExchangeRateEffect,USD,2018-01-01,2018-12-31,-347000000.0,10-K,2020-02-28
us-gaap,CashCashEquivalentsRestrictedCashAndRestrictedCashEquivalentsPeriodIncreaseDecreaseIncludingExchangeRateEffect,USD,2018-01-01,2018-12-31,-347000000.0,10-K,2021-02-26
us-gaap,CashCashEquivalentsRestrictedCashAndRestrictedCashEquivalentsPeriodIncreaseDecreaseIncludingExchangeRateEffect,USD,2019-01-01,2019-03-31,-151700000.0,10-Q,2019-05-06
us-gaap,CashCashEquivalentsRestrictedCashAndRestrictedCashEquivalentsPeriodIncreaseDecreaseIncludingExchangeRateEffect,USD,2019-01-01,2019-03-31,-151700000.0,10-Q,2020-05-06
us-gaap,CashCashEquivalentsRestrictedCashAndRestrictedCashEquivalentsPeriodIncreaseDecreaseIncludingExchangeRateEffect,USD,2019-01-01,2019-06-30,187000000.0,10-Q,2019-08-06
us-gaap,CashCashEquivalentsRestrictedCashAndRestrictedCashEquivalentsPeriodIncreaseDecreaseIncludingExchangeRateEffect,USD,2019-01-01,2019-06-30,187000000.0,10-Q,2020-08-04
us-gaap,CashCashEquivalentsRestrictedCashAndRestrictedCashEquivalentsPeriodIncreaseDecreaseIncludingExchangeRateEffect,USD,2019-01-01,2019-09-30,1084000000.0,10-Q,2019-11-06
us-gaap,CashCashEquivalentsRestrictedCashAndRestrictedCashEquivalentsPeriodIncreaseDecreaseIncludingExchangeRateEffect,USD,2019-01-01,2019-09-30,1084000000.0,10-Q,2020-11-04
us-gaap,CashCashEquivalentsRestrictedCashAndRestrictedCashEquivalentsPeriodIncreaseDecreaseIncludingExchangeRateEffect,USD,2019-01-01,2019-12-31,-9600000.0,10-K,2020-02-28
us-gaap,CashCashEquivalentsRestrictedCashAndRestrictedCashEquivalentsPeriodIncreaseDecreaseIncludingExchangeRateEffect,USD,2019-01-01,2019-12-31,-9600000.0,10-K,2021-02-26
us-gaap,CashCashEquivalentsRestrictedCashAndRestrictedCashEquivalentsPeriodIncreaseDecreaseIncludingExchangeRateEffect,USD,2019-01-01,2019-12-31,-10000000.0,10-K,2022-02-25
us-gaap,CashCashEquivalentsRestrictedCashAndRestrictedCashEquivalentsPeriodIncreaseDecreaseIncludingExchangeRateEffect,USD,2020-01-01,2020-03-31,807800000.0,10-Q,2020-05-06
us-gaap,CashCashEquivalentsRestrictedCashAndRestrictedCashEquivalentsPeriodIncreaseDecreaseIncludingExchangeRateEffect,USD,2020-01-01,2020-03-31,807800000.0,10-Q,2021-05-05
us-gaap,CashCashEquivalentsRestrictedCashAndRestrictedCashEquivalentsPeriodIncreaseDecreaseIncludingExchangeRateEffect,USD,2020-01-01,2020-06-30,1493000000.0,10-Q,2020-08-04
us-gaap,CashCashEquivalentsRestrictedCashAndRestrictedCashEquivalentsPeriodIncreaseDecreaseIncludingExchangeRateEffect,USD,2020-01-01,2020-06-30,1493000000.0,10-Q,2021-08-05
us-gaap,CashCashEquivalentsRestrictedCashAndRestrictedCashEquivalentsPeriodIncreaseDecreaseIncludingExchangeRateEffect,USD,2020-01-01,2020-09-30,-207200000.0,10-Q,2020-11-04
us-gaap,CashCashEquivalentsRestrictedCashAndRestrictedCashEquivalentsPeriodIncreaseDecreaseIncludingExchangeRateEffect,USD,2020-01-01,2020-09-30,-207200000.0,10-Q,2021-11-03
us-gaap,CashCashEquivalentsRestrictedCashAndRestrictedCashEquivalentsPeriodIncreaseDecreaseIncludingExchangeRateEffect,USD,2020-01-01,2020-12-31,-494900000.0,10-K,2021-02-26
us-gaap,CashCashEquivalentsRestrictedCashAndRestrictedCashEquivalentsPeriodIncreaseDecreaseIncludingExchangeRateEffect,USD,2020-01-01,2020-12-31,-495000000.0,10-K,2022-02-25
us-gaap,CashCashEquivalentsRestrictedCashAndRestrictedCashEquivalentsPeriodIncreaseDecreaseIncludingExchangeRateEffect,USD,2020-01-01,2020-12-31,-495000000.0,10-K,2023-02-28
us-gaap,CashCashEquivalentsRestrictedCashAndRestrictedCashEquivalentsPeriodIncreaseDecreaseIncludingExchangeRateEffect,USD,2021-01-01,2021-03-31,-216300000.0,10-Q,2021-05-05
us-gaap,CashCashEquivalentsRestrictedCashAndRestrictedCashEquivalentsPeriodIncreaseDecreaseIncludingExchangeRateEffect,USD,2021-01-01,2021-03-31,-216000000.0,10-Q,2022-05-05
us-gaap,CashCashEquivalentsRestrictedCashAndRestrictedCashEquivalentsPeriodIncreaseDecreaseIncludingExchangeRateEffect,USD,2021-01-01,2021-06-30,-96100000.0,10-Q,2021-08-05
us-gaap,CashCashEquivalentsRestrictedCashAndRestrictedCashEquivalentsPeriodIncreaseDecreaseIncludingExchangeRateEffect,USD,2021-01-01,2021-06-30,-96000000.0,10-Q,2022-08-04
us-gaap,CashCashEquivalentsRestrictedCashAndRestrictedCashEquivalentsPeriodIncreaseDecreaseIncludingExchangeRateEffect,USD,2021-01-01,2021-09-30,427400000.0,10-Q,2021-11-03
us-gaap,CashCashEquivalentsRestrictedCashAndRestrictedCashEquivalentsPeriodIncreaseDecreaseIncludingExchangeRateEffect,USD,2021-01-01,2021-09-30,428000000.0,10-Q,2022-11-04
us-gaap,CashCashEquivalentsRestrictedCashAndRestrictedCashEquivalentsPeriodIncreaseDecreaseIncludingExchangeRateEffect,USD,2021-01-01,2021-12-31,460000000.0,10-K,2022-02-25
us-gaap,CashCashEquivalentsRestrictedCashAndRestrictedCashEquivalentsPeriodIncreaseDecreaseIncludingExchangeRateEffect,USD,2021-01-01,2021-12-31,460000000.0,10-K,2023-02-28
us-gaap,CashCashEquivalentsRestrictedCashAndRestrictedCashEquivalentsPeriodIncreaseDecreaseIncludingExchangeRateEffect,USD,2021-01-01,2021-12-31,460000000.0,10-K,2024-02-20
us-gaap,CashCashEquivalentsRestrictedCashAndRestrictedCashEquivalentsPeriodIncreaseDecreaseIncludingExchangeRateEffect,USD,2022-01-01,2022-03-31,-289000000.0,10-Q,2022-05-05
us-gaap,CashCashEquivalentsRestrictedCashAndRestrictedCashEquivalentsPeriodIncreaseDecreaseIncludingExchangeRateEffect,USD,2022-01-01,2022-03-31,-289000000.0,10-Q,2023-05-02
us-gaap,CashCashEquivalentsRestrictedCashAndRestrictedCashEquivalentsPeriodIncreaseDecreaseIncludingExchangeRateEffect,USD,2022-01-01,2022-06-30,-226000000.0,10-Q,2022-08-04
us-gaap,CashCashEquivalentsRestrictedCashAndRestrictedCashEquivalentsPeriodIncreaseDecreaseIncludingExchangeRateEffect,USD,2022-01-01,2022-06-30,-226000000.0,10-Q,2023-08-03
us-gaap,CashCashEquivalentsRestrictedCashAndRestrictedCashEquivalentsPeriodIncreaseDecreaseIncludingExchangeRateEffect,USD,2022-01-01,2022-09-30,-315000000.0,10-Q,2022-11-04
us-gaap,CashCashEquivalentsRestrictedCashAndRestrictedCashEquivalentsPeriodIncreaseDecreaseIncludingExchangeRateEffect,USD,2022-01-01,2022-09-30,-315000000.0,10-Q,2023-10-26
us-gaap,CashCashEquivalentsRestrictedCashAndRestrictedCashEquivalentsPeriodIncreaseDecreaseIncludingExchangeRateEffect,USD,2022-01-01,2022-12-31,4000000.0,10-K,2023-02-28
us-gaap,CashCashEquivalentsRestrictedCashAndRestrictedCashEquivalentsPeriodIncreaseDecreaseIncludingExchangeRateEffect,USD,2022-01-01,2022-12-31,4000000.0,10-K,2024-02-20
us-gaap,CashCashEquivalentsRestrictedCashAndRestrictedCashEquivalentsPeriodIncreaseDecreaseIncludingExchangeRateEffect,USD,2022-01-01,2022-12-31,4000000.0,10-K,2025-02-14
us-gaap,CashCashEquivalentsRestrictedCashAndRestrictedCashEquivalentsPeriodIncreaseDecreaseIncludingExchangeRateEffect,USD,2023-01-01,2023-03-31,-295000000.0,10-Q,2023-05-02
us-gaap,CashCashEquivalentsRestrictedCashAndRestrictedCashEquivalentsPeriodIncreaseDecreaseIncludingExchangeRateEffect,USD,2023-01-01,2023-03-31,-295000000.0,10-Q,2024-05-02
us-gaap,CashCashEquivalentsRestrictedCashAndRestrictedCashEquivalentsPeriodIncreaseDecreaseIncludingExchangeRateEffect,USD,2023-01-01,2023-06-30,-576000000.0,10-Q,2023-08-03
us-gaap,CashCashEquivalentsRestrictedCashAndRestrictedCashEquivalentsPeriodIncreaseDecreaseIncludingExchangeRateEffect,USD,2023-01-01,2023-06-30,-576000000.0,10-Q,2024-08-01
us-gaap,CashCashEquivalentsRestrictedCashAndRestrictedCashEquivalentsPeriodIncreaseDecreaseIncludingExchangeRateEffect,USD,2023-01-01,2023-09-30,-532000000.0,10-Q,2023-10-26
us-gaap,CashCashEquivalentsRestrictedCashAndRestrictedCashEquivalentsPeriodIncreaseDecreaseIncludingExchangeRateEffect,USD,2023-01-01,2023-09-30,-532000000.0,10-Q,2024-10-31
us-gaap,CashCashEquivalentsRestrictedCashAndRestrictedCashEquivalentsPeriodIncreaseDecreaseIncludingExchangeRateEffect,USD,2023-01-01,2023-12-31,-311000000.0,10-K,2024-02-20
us-gaap,CashCashEquivalentsRestrictedCashAndRestrictedCashEquivalentsPeriodIncreaseDecreaseIncludingExchangeRateEffect,USD,2023-01-01,2023-12-31,-311000000.0,10-K,2025-02-14
us-gaap,CashCashEquivalentsRestrictedCashAndRestrictedCashEquivalentsPeriodIncreaseDecreaseIncludingExchangeRateEffect,USD,2023-01-01,2023-12-31,-311000000.0,10-K,2026-02-13
us-gaap,CashCashEquivalentsRestrictedCashAndRestrictedCashEquivalentsPeriodIncreaseDecreaseIncludingExchangeRateEffect,USD,2024-01-01,2024-03-31,192000000.0,10-Q,2024-05-02
us-gaap,CashCashEquivalentsRestrictedCashAndRestrictedCashEquivalentsPeriodIncreaseDecreaseIncludingExchangeRateEffect,USD,2024-01-01,2024-03-31,192000000.0,10-Q,2025-04-29
us-gaap,CashCashEquivalentsRestrictedCashAndRestrictedCashEquivalentsPeriodIncreaseDecreaseIncludingExchangeRateEffect,USD,2024-01-01,2024-06-30,456000000.0,10-Q,2024-08-01
us-gaap,CashCashEquivalentsRestrictedCashAndRestrictedCashEquivalentsPeriodIncreaseDecreaseIncludingExchangeRateEffect,USD,2024-01-01,2024-06-30,456000000.0,10-Q,2025-07-29
us-gaap,CashCashEquivalentsRestrictedCashAndRestrictedCashEquivalentsPeriodIncreaseDecreaseIncludingExchangeRateEffect,USD,2024-01-01,2024-09-30,-145000000.0,10-Q,2024-10-31
us-gaap,CashCashEquivalentsRestrictedCashAndRestrictedCashEquivalentsPeriodIncreaseDecreaseIncludingExchangeRateEffect,USD,2024-01-01,2024-09-30,-145000000.0,10-Q,2025-10-28
us-gaap,CashCashEquivalentsRestrictedCashAndRestrictedCashEquivalentsPeriodIncreaseDecreaseIncludingExchangeRateEffect,USD,2024-01-01,2024-12-31,98000000.0,10-K,2025-02-14
us-gaap,CashCashEquivalentsRestrictedCashAndRestrictedCashEquivalentsPeriodIncreaseDecreaseIncludingExchangeRateEffect,USD,2024-01-01,2024-12-31,98000000.0,10-K,2026-02-13
us-gaap,CashCashEquivalentsRestrictedCashAndRestrictedCashEquivalentsPeriodIncreaseDecreaseIncludingExchangeRateEffect,USD,2025-01-01,2025-03-31,522000000.0,10-Q,2025-04-29
us-gaap,CashCashEquivalentsRestrictedCashAndRestrictedCashEquivalentsPeriodIncreaseDecreaseIncludingExchangeRateEffect,USD,2025-01-01,2025-03-31,522000000.0,10-Q,2026-04-28
us-gaap,CashCashEquivalentsRestrictedCashAndRestrictedCashEquivalentsPeriodIncreaseDecreaseIncludingExchangeRateEffect,USD,2025-01-01,2025-06-30,104000000.0,10-Q,2025-07-29
us-gaap,CashCashEquivalentsRestrictedCashAndRestrictedCashEquivalentsPeriodIncreaseDecreaseIncludingExchangeRateEffect,USD,2025-01-01,2025-06-30,104000000.0,10-Q,2026-07-28
us-gaap,CashCashEquivalentsRestrictedCashAndRestrictedCashEquivalentsPeriodIncreaseDecreaseIncludingExchangeRateEffect,USD,2025-01-01,2025-09-30,65000000.0,10-Q,2025-10-28
us-gaap,CashCashEquivalentsRestrictedCashAndRestrictedCashEquivalentsPeriodIncreaseDecreaseIncludingExchangeRateEffect,USD,2025-01-01,2025-12-31,-86000000.0,10-K,2026-02-13
us-gaap,CashCashEquivalentsRestrictedCashAndRestrictedCashEquivalentsPeriodIncreaseDecreaseIncludingExchangeRateEffect,USD,2026-01-01,2026-03-31,329000000.0,10-Q,2026-04-28
us-gaap,CashCashEquivalentsRestrictedCashAndRestrictedCashEquivalentsPeriodIncreaseDecreaseIncludingExchangeRateEffect,USD,2026-01-01,2026-06-30,131000000.0,10-Q,2026-07-28
us-gaap,CashFlowsBetweenTransfereeAndTransferorProceedsFromCollectionsReinvestedInRevolvingPeriodTransfers,USD,2009-01-01,2009-12-31,6290566000.0,10-K,2012-02-27
us-gaap,CashFlowsBetweenTransfereeAndTransferorProceedsFromNewTransfers,USD,2009-01-01,2009-12-31,2844448000.0,10-K,2012-02-27
us-gaap,CashFlowsBetweenTransfereeAndTransferorServicingFees,USD,2009-01-01,2009-12-31,72371000.0,10-K,2012-02-27
us-gaap,CashFlowsBetweenTransferorAndTransfereeBeneficialInterest,USD,2009-01-01,2009-12-31,59981000.0,10-K,2012-02-27
us-gaap,LoansAndLeasesReceivableGrossCarryingAmount,USD,,2016-12-31,16543900000.0,10-Q,2017-08-07
us-gaap,LoansAndLeasesReceivableGrossCarryingAmount,USD,,2016-12-31,16543900000.0,10-Q,2017-11-08
us-gaap,LoansAndLeasesReceivableGrossCarryingAmount,USD,,2016-12-31,16543900000.0,10-K,2018-02-27
us-gaap,LoansAndLeasesReceivableGrossCarryingAmount,USD,,2017-06-30,16321900000.0,10-Q,2017-08-07
us-gaap,LoansAndLeasesReceivableGrossCarryingAmount,USD,,2017-09-30,16439800000.0,10-Q,2017-11-08
us-gaap,LoansAndLeasesReceivableGrossCarryingAmount,USD,,2017-12-31,18613800000.0,10-K,2018-02-27
us-gaap,LoansAndLeasesReceivableGrossCarryingAmount,USD,,2017-12-31,18613800000.0,10-Q,2018-05-08
us-gaap,LoansAndLeasesReceivableGrossCarryingAmount,USD,,2017-12-31,18613800000.0,10-Q,2018-08-07
us-gaap,LoansAndLeasesReceivableGrossCarryingAmount,USD,,2017-12-31,18613800000.0,10-Q,2018-11-06
us-gaap,LoansAndLeasesReceivableGrossCarryingAmount,USD,,2017-12-31,18613800000.0,10-K,2019-02-26
us-gaap,LoansAndLeasesReceivableGrossCarryingAmount,USD,,2017-12-31,18613800000.0,8-K,2019-07-17
us-gaap,LoansAndLeasesReceivableGrossCarryingAmount,USD,,2018-03-31,17819100000.0,10-Q,2018-05-08
us-gaap,LoansAndLeasesReceivableGrossCarryingAmount,USD,,2018-06-30,17984900000.0,10-Q,2018-08-07
us-gaap,LoansAndLeasesReceivableGrossCarryingAmount,USD,,2018-09-30,17427200000.0,10-Q,2018-11-06
us-gaap,LoansAndLeasesReceivableGrossCarryingAmount,USD,,2018-12-31,17855000000.0,10-K,2019-02-26
us-gaap,LoansAndLeasesReceivableGrossCarryingAmount,USD,,2018-12-31,17855000000.0,10-Q,2019-05-06
us-gaap,LoansAndLeasesReceivableGrossCarryingAmount,USD,,2018-12-31,17855000000.0,8-K,2019-07-17
us-gaap,LoansAndLeasesReceivableGrossCarryingAmount,USD,,2018-12-31,17855000000.0,10-Q,2019-08-06
us-gaap,LoansAndLeasesReceivableGrossCarryingAmount,USD,,2018-12-31,17855000000.0,10-Q,2019-11-06
us-gaap,LoansAndLeasesReceivableGrossCarryingAmount,USD,,2018-12-31,17855000000.0,10-K,2020-02-28
us-gaap,LoansAndLeasesReceivableGrossCarryingAmount,USD,,2019-03-31,16850500000.0,10-Q,2019-05-06
us-gaap,LoansAndLeasesReceivableGrossCarryingAmount,USD,,2019-06-30,17614500000.0,10-Q,2019-08-06
us-gaap,LoansAndLeasesReceivableGrossCarryingAmount,USD,,2019-09-30,17927900000.0,10-Q,2019-11-06
us-gaap,LoansAndLeasesReceivableGrossCarryingAmount,USD,,2019-12-31,19463100000.0,10-K,2020-02-28
us-gaap,LoansAndLeasesReceivableGrossCarryingAmount,USD,,2019-12-31,19463100000.0,10-Q,2020-05-06
us-gaap,LoansAndLeasesReceivableGrossCarryingAmount,USD,,2019-12-31,19463100000.0,10-Q,2020-08-04
us-gaap,LoansAndLeasesReceivableGrossCarryingAmount,USD,,2019-12-31,19463100000.0,10-Q,2020-11-04
us-gaap,LoansAndLeasesReceivableGrossCarryingAmount,USD,,2019-12-31,19463100000.0,10-K,2021-02-26
us-gaap,LoansAndLeasesReceivableGrossCarryingAmount,USD,,2020-03-31,17731900000.0,10-Q,2020-05-06
us-gaap,LoansAndLeasesReceivableGrossCarryingAmount,USD,,2020-06-30,15809000000.0,10-Q,2020-08-04
us-gaap,LoansAndLeasesReceivableGrossCarryingAmount,USD,,2020-09-30,15598700000.0,10-Q,2020-11-04
us-gaap,LoansAndLeasesReceivableGrossCarryingAmount,USD,,2020-12-31,16784400000.0,10-K,2021-02-26
us-gaap,LoansAndLeasesReceivableGrossCarryingAmount,USD,,2020-12-31,16784400000.0,10-Q,2021-05-05
us-gaap,LoansAndLeasesReceivableGrossCarryingAmount,USD,,2020-12-31,16784400000.0,10-Q,2021-08-05
us-gaap,LoansAndLeasesReceivableGrossCarryingAmount,USD,,2020-12-31,16784400000.0,10-Q,2021-11-03
us-gaap,LoansAndLeasesReceivableGrossCarryingAmount,USD,,2020-12-31,16784000000.0,10-K,2022-02-25
us-gaap,LoansAndLeasesReceivableGrossCarryingAmount,USD,,2021-03-31,15536600000.0,10-Q,2021-05-05
us-gaap,LoansAndLeasesReceivableGrossCarryingAmount,USD,,2021-06-30,15723800000.0,10-Q,2021-08-05
us-gaap,LoansAndLeasesReceivableGrossCarryingAmount,USD,,2021-09-30,15689900000.0,10-Q,2021-11-03
us-gaap,LoansAndLeasesReceivableGrossCarryingAmount,USD,,2021-12-31,17399000000.0,10-K,2022-02-25
us-gaap,LoansAndLeasesReceivableGrossCarryingAmount,USD,,2021-12-31,17399000000.0,10-Q,2022-05-05
us-gaap,LoansAndLeasesReceivableGrossCarryingAmount,USD,,2021-12-31,17399000000.0,10-Q,2022-08-04
us-gaap,LoansAndLeasesReceivableGrossCarryingAmount,USD,,2021-12-31,17399000000.0,10-Q,2022-11-04
us-gaap,LoansAndLeasesReceivableGrossCarryingAmount,USD,,2022-03-31,16843000000.0,10-Q,2022-05-05
us-gaap,LoansAndLeasesReceivableGrossCarryingAmount,USD,,2022-06-30,17769000000.0,10-Q,2022-08-04
us-gaap,LoansAndLeasesReceivableGrossCarryingAmount,USD,,2022-09-30,18126000000.0,10-Q,2022-11-04
us-gaap,LoansAndLeasesReceivableNetOfDeferredIncome,USD,,2019-12-31,19047800000.0,10-Q,2020-05-06
us-gaap,LoansAndLeasesReceivableNetOfDeferredIncome,USD,,2019-12-31,19047800000.0,10-Q,2020-08-04
us-gaap,LoansAndLeasesReceivableNetOfDeferredIncome,USD,,2019-12-31,19047800000.0,10-Q,2020-11-04
us-gaap,LoansAndLeasesReceivableNetOfDeferredIncome,USD,,2019-12-31,19047800000.0,10-K,2021-02-26
us-gaap,LoansAndLeasesReceivableNetOfDeferredIncome,USD,,2020-03-31,17361000000.0,10-Q,2020-05-06
us-gaap,LoansAndLeasesReceivableNetOfDeferredIncome,USD,,2020-06-30,15486600000.0,10-Q,2020-08-04
us-gaap,LoansAndLeasesReceivableNetOfDeferredIncome,USD,,2020-09-30,15300800000.0,10-Q,2020-11-04
us-gaap,LoansAndLeasesReceivableNetOfDeferredIncome,USD,,2020-12-31,16494400000.0,10-K,2021-02-26
us-gaap,LoansAndLeasesReceivableNetOfDeferredIncome,USD,,2020-12-31,16494400000.0,10-Q,2021-05-05
us-gaap,LoansAndLeasesReceivableNetOfDeferredIncome,USD,,2020-12-31,16494400000.0,10-Q,2021-08-05
us-gaap,LoansAndLeasesReceivableNetOfDeferredIncome,USD,,2020-12-31,16494400000.0,10-Q,2021-11-03
us-gaap,LoansAndLeasesReceivableNetOfDeferredIncome,USD,,2020-12-31,16494000000.0,10-K,2022-02-25
us-gaap,LoansAndLeasesReceivableNetOfDeferredIncome,USD,,2021-03-31,15273000000.0,10-Q,2021-05-05
us-gaap,LoansAndLeasesReceivableNetOfDeferredIncome,USD,,2021-06-30,15465800000.0,10-Q,2021-08-05
us-gaap,LoansAndLeasesReceivableNetOfDeferredIncome,USD,,2021-09-30,15431800000.0,10-Q,2021-11-03
us-gaap,LoansAndLeasesReceivableNetOfDeferredIncome,USD,,2021-12-31,17133000000.0,10-K,2022-02-25
us-gaap,LoansAndLeasesReceivableNetOfDeferredIncome,USD,,2021-12-31,17133000000.0,10-Q,2022-05-05
us-gaap,LoansAndLeasesReceivableNetOfDeferredIncome,USD,,2021-12-31,17133000000.0,10-Q,2022-08-04
us-gaap,LoansAndLeasesReceivableNetOfDeferredIncome,USD,,2021-12-31,17133000000.0,10-Q,2022-11-04
us-gaap,LoansAndLeasesReceivableNetOfDeferredIncome,USD,,2022-03-31,16575000000.0,10-Q,2022-05-05
us-gaap,LoansAndLeasesReceivableNetOfDeferredIncome,USD,,2022-06-30,17495000000.0,10-Q,2022-08-04
us-gaap,LoansAndLeasesReceivableNetOfDeferredIncome,USD,,2022-09-30,17829000000.0,10-Q,2022-11-04
us-gaap,LoansAndLeasesReceivableNetReportedAmount,USD,,2009-12-31,616298000.0,10-Q,2010-08-09
us-gaap,LoansAndLeasesReceivableNetReportedAmount,USD,,2009-12-31,616298000.0,10-Q,2010-11-09
us-gaap,LoansAndLeasesReceivableNetReportedAmount,USD,,2009-12-31,616298000.0,10-K,2011-02-28
us-gaap,LoansAndLeasesReceivableNetReportedAmount,USD,,2010-06-30,4516623000.0,10-Q,2010-08-09
us-gaap,LoansAndLeasesReceivableNetReportedAmount,USD,,2010-09-30,4431595000.0,10-Q,2010-11-09
us-gaap,LoansAndLeasesReceivableNetReportedAmount,USD,,2010-12-31,4838354000.0,10-K,2011-02-28
us-gaap,LoansAndLeasesReceivableNetReportedAmount,USD,,2010-12-31,4838354000.0,10-Q,2011-05-09
us-gaap,LoansAndLeasesReceivableNetReportedAmount,USD,,2010-12-31,4838354000.0,10-Q,2011-08-08
us-gaap,LoansAndLeasesReceivableNetReportedAmount,USD,,2010-12-31,4838354000.0,10-Q,2011-11-07
us-gaap,LoansAndLeasesReceivableNetReportedAmount,USD,,2010-12-31,4838354000.0,10-K,2012-02-27
us-gaap,LoansAndLeasesReceivableNetReportedAmount,USD,,2011-03-31,4374940000.0,10-Q,2011-05-09
us-gaap,LoansAndLeasesReceivableNetReportedAmount,USD,,2011-06-30,4478202000.0,10-Q,2011-08-08
us-gaap,LoansAndLeasesReceivableNetReportedAmount,USD,,2011-09-30,4526162000.0,10-Q,2011-11-07
us-gaap,LoansAndLeasesReceivableNetReportedAmount,USD,,2011-12-31,5197690000.0,10-K,2012-02-27
us-gaap,LoansAndLeasesReceivableNetReportedAmount,USD,,2011-12-31,5197690000.0,10-Q,2012-05-04
us-gaap,LoansAndLeasesReceivableNetReportedAmount,USD,,2011-12-31,5197690000.0,10-Q,2012-08-06
us-gaap,LoansAndLeasesReceivableNetReportedAmount,USD,,2011-12-31,5197690000.0,10-Q,2012-11-05
us-gaap,LoansAndLeasesReceivableNetReportedAmount,USD,,2011-12-31,5197690000.0,10-K,2013-02-28
us-gaap,LoansAndLeasesReceivableNetReportedAmount,USD,,2012-03-31,4986657000.0,10-Q,2012-05-04
us-gaap,LoansAndLeasesReceivableNetReportedAmount,USD,,2012-06-30,5278180000.0,10-Q,2012-08-06
us-gaap,LoansAndLeasesReceivableNetReportedAmount,USD,,2012-09-30,6130773000.0,10-Q,2012-11-05
us-gaap,LoansAndLeasesReceivableNetReportedAmount,USD,,2012-12-31,6967674000.0,10-K,2013-02-28
us-gaap,LoansAndLeasesReceivableNetReportedAmount,USD,,2012-12-31,6967674000.0,10-Q,2013-05-06
us-gaap,LoansAndLeasesReceivableNetReportedAmount,USD,,2012-12-31,6967674000.0,10-Q,2013-08-05
us-gaap,LoansAndLeasesReceivableNetReportedAmount,USD,,2012-12-31,6967674000.0,10-Q,2013-11-05
us-gaap,LoansAndLeasesReceivableNetReportedAmount,USD,,2013-03-31,6555667000.0,10-Q,2013-05-06
us-gaap,LoansAndLeasesReceivableNetReportedAmount,USD,,2013-06-30,6782194000.0,10-Q,2013-08-05
us-gaap,LoansAndLeasesReceivableNetReportedAmount,USD,,2013-09-30,7046254000.0,10-Q,2013-11-05
us-gaap,LoansAndLeasesReceivableNetReportedAmount,USD,,2013-12-31,8069713000.0,10-Q,2014-05-05
us-gaap,LoansAndLeasesReceivableNetReportedAmount,USD,,2013-12-31,8069713000.0,10-Q,2014-08-05
us-gaap,LoansAndLeasesReceivableNetReportedAmount,USD,,2013-12-31,8069713000.0,10-Q,2014-11-05
us-gaap,LoansAndLeasesReceivableNetReportedAmount,USD,,2013-12-31,8069713000.0,10-K,2015-02-27
us-gaap,LoansAndLeasesReceivableNetReportedAmount,USD,,2014-03-31,7606140000.0,10-Q,2014-05-05
us-gaap,LoansAndLeasesReceivableNetReportedAmount,USD,,2014-06-30,8050314000.0,10-Q,2014-08-05
us-gaap,LoansAndLeasesReceivableNetReportedAmount,USD,,2014-09-30,8783491000.0,10-Q,2014-11-05
us-gaap,LoansAndLeasesReceivableNetReportedAmount,USD,,2014-12-31,10673709000.0,10-K,2015-02-27
us-gaap,LoansAndLeasesReceivableNetReportedAmount,USD,,2014-12-31,10673709000.0,10-Q,2015-05-07
us-gaap,LoansAndLeasesReceivableNetReportedAmount,USD,,2014-12-31,10673709000.0,10-Q,2015-08-06
us-gaap,LoansAndLeasesReceivableNetReportedAmount,USD,,2014-12-31,10673709000.0,10-Q,2015-11-05
us-gaap,LoansAndLeasesReceivableNetReportedAmount,USD,,2014-12-31,10673709000.0,10-K,2016-02-25
us-gaap,LoansAndLeasesReceivableNetReportedAmount,USD,,2015-03-31,10143003000.0,10-Q,2015-05-07
us-gaap,LoansAndLeasesReceivableNetReportedAmount,USD,,2015-06-30,10663281000.0,10-Q,2015-08-06
us-gaap,LoansAndLeasesReceivableNetReportedAmount,USD,,2015-09-30,11128773000.0,10-Q,2015-11-05
us-gaap,LoansAndLeasesReceivableNetReportedAmount,USD,,2015-12-31,13057852000.0,10-K,2016-02-25
us-gaap,LoansAndLeasesReceivableNetReportedAmount,USD,,2015-12-31,13057900000.0,10-Q,2016-05-05
us-gaap,LoansAndLeasesReceivableNetReportedAmount,USD,,2015-12-31,13057900000.0,10-Q,2016-08-08
us-gaap,LoansAndLeasesReceivableNetReportedAmount,USD,,2015-12-31,13057900000.0,10-Q,2016-11-07
us-gaap,LoansAndLeasesReceivableNetReportedAmount,USD,,2015-12-31,13057900000.0,10-K,2017-02-27
us-gaap,LoansAndLeasesReceivableNetReportedAmount,USD,,2016-03-31,12762900000.0,10-Q,2016-05-05
us-gaap,LoansAndLeasesReceivableNetReportedAmount,USD,,2016-06-30,13202600000.0,10-Q,2016-08-08
us-gaap,LoansAndLeasesReceivableNetReportedAmount,USD,,2016-09-30,13741400000.0,10-Q,2016-11-07
us-gaap,LoansAndLeasesReceivableNetReportedAmount,USD,,2016-12-31,15595900000.0,10-K,2017-02-27
us-gaap,LoansAndLeasesReceivableNetReportedAmount,USD,,2016-12-31,15595900000.0,10-Q,2017-05-08
us-gaap,LoansAndLeasesReceivableNetReportedAmount,USD,,2016-12-31,15595900000.0,10-Q,2017-08-07
us-gaap,LoansAndLeasesReceivableNetReportedAmount,USD,,2016-12-31,15595900000.0,10-Q,2017-11-08
us-gaap,LoansAndLeasesReceivableNetReportedAmount,USD,,2016-12-31,15595900000.0,10-K,2018-02-27
us-gaap,LoansAndLeasesReceivableNetReportedAmount,USD,,2017-03-31,14741800000.0,10-Q,2017-05-08
us-gaap,LoansAndLeasesReceivableNetReportedAmount,USD,,2017-06-30,15252600000.0,10-Q,2017-08-07
us-gaap,LoansAndLeasesReceivableNetReportedAmount,USD,,2017-09-30,15406000000.0,10-Q,2017-11-08
us-gaap,LoansAndLeasesReceivableNetReportedAmount,USD,,2017-12-31,17494500000.0,10-K,2018-02-27
us-gaap,LoansAndLeasesReceivableNetReportedAmount,USD,,2017-12-31,17494500000.0,10-Q,2018-05-08
us-gaap,LoansAndLeasesReceivableNetReportedAmount,USD,,2017-12-31,17494500000.0,10-Q,2018-08-07
us-gaap,LoansAndLeasesReceivableNetReportedAmount,USD,,2017-12-31,17494500000.0,10-Q,2018-11-06
us-gaap,LoansAndLeasesReceivableNetReportedAmount,USD,,2017-12-31,17494500000.0,10-K,2019-02-26
us-gaap,LoansAndLeasesReceivableNetReportedAmount,USD,,2017-12-31,17494500000.0,8-K,2019-07-17
us-gaap,LoansAndLeasesReceivableNetReportedAmount,USD,,2018-03-31,16649800000.0,10-Q,2018-05-08
us-gaap,LoansAndLeasesReceivableNetReportedAmount,USD,,2018-06-30,16795900000.0,10-Q,2018-08-07
us-gaap,LoansAndLeasesReceivableNetReportedAmount,USD,,2018-09-30,16312600000.0,10-Q,2018-11-06
us-gaap,LoansAndLeasesReceivableNetReportedAmount,USD,,2018-12-31,16816700000.0,10-K,2019-02-26
us-gaap,LoansAndLeasesReceivableNetReportedAmount,USD,,2018-12-31,16816700000.0,10-Q,2019-05-06
us-gaap,LoansAndLeasesReceivableNetReportedAmount,USD,,2018-12-31,16816700000.0,8-K,2019-07-17
us-gaap,LoansAndLeasesReceivableNetReportedAmount,USD,,2018-12-31,16816700000.0,10-Q,2019-08-06
us-gaap,LoansAndLeasesReceivableNetReportedAmount,USD,,2018-12-31,16816700000.0,10-Q,2019-11-06
us-gaap,LoansAndLeasesReceivableNetReportedAmount,USD,,2018-12-31,16816700000.0,10-K,2020-02-28
us-gaap,LoansAndLeasesReceivableNetReportedAmount,USD,,2019-03-31,15829400000.0,10-Q,2019-05-06
us-gaap,LoansAndLeasesReceivableNetReportedAmount,USD,,2019-06-30,16603600000.0,10-Q,2019-08-06
us-gaap,LoansAndLeasesReceivableNetReportedAmount,USD,,2019-09-30,16862400000.0,10-Q,2019-11-06
us-gaap,LoansAndLeasesReceivableNetReportedAmount,USD,,2019-12-31,18292000000.0,10-K,2020-02-28
us-gaap,LoansAndLeasesReceivableNetReportedAmount,USD,,2019-12-31,18292000000.0,10-Q,2020-05-06
us-gaap,LoansAndLeasesReceivableNetReportedAmount,USD,,2019-12-31,18292000000.0,10-Q,2020-08-04
us-gaap,LoansAndLeasesReceivableNetReportedAmount,USD,,2019-12-31,18292000000.0,10-Q,2020-11-04
us-gaap,LoansAndLeasesReceivableNetReportedAmount,USD,,2019-12-31,18292000000.0,10-K,2021-02-26
us-gaap,LoansAndLeasesReceivableNetReportedAmount,USD,,2020-03-31,15581100000.0,10-Q,2020-05-06
us-gaap,LoansAndLeasesReceivableNetReportedAmount,USD,,2020-06-30,13712700000.0,10-Q,2020-08-04
us-gaap,LoansAndLeasesReceivableNetReportedAmount,USD,,2020-09-30,13517800000.0,10-Q,2020-11-04
us-gaap,LoansAndLeasesReceivableNetReportedAmount,USD,,2020-12-31,14776400000.0,10-K,2021-02-26
us-gaap,LoansAndLeasesReceivableNetReportedAmount,USD,,2020-12-31,14776400000.0,10-Q,2021-05-05
us-gaap,LoansAndLeasesReceivableNetReportedAmount,USD,,2020-12-31,14776400000.0,10-Q,2021-08-05
us-gaap,LoansAndLeasesReceivableNetReportedAmount,USD,,2020-12-31,14776400000.0,10-Q,2021-11-03
us-gaap,LoansAndLeasesReceivableNetReportedAmount,USD,,2020-12-31,14776000000.0,10-K,2022-02-25
us-gaap,LoansAndLeasesReceivableNetReportedAmount,USD,,2021-03-31,13693300000.0,10-Q,2021-05-05
us-gaap,LoansAndLeasesReceivableNetReportedAmount,USD,,2021-06-30,14088500000.0,10-Q,2021-08-05
us-gaap,LoansAndLeasesReceivableNetReportedAmount,USD,,2021-09-30,14045100000.0,10-Q,2021-11-03
us-gaap,LoansAndLeasesReceivableNetReportedAmount,USD,,2021-12-31,15567000000.0,10-K,2022-02-25
us-gaap,LoansAndLeasesReceivableNetReportedAmount,USD,,2021-12-31,15567000000.0,10-Q,2022-05-05
us-gaap,LoansAndLeasesReceivableNetReportedAmount,USD,,2021-12-31,15567000000.0,10-Q,2022-08-04
us-gaap,LoansAndLeasesReceivableNetReportedAmount,USD,,2021-12-31,15567000000.0,10-Q,2022-11-04
us-gaap,LoansAndLeasesReceivableNetReportedAmount,USD,,2022-03-31,15017000000.0,10-Q,2022-05-05
us-gaap,LoansAndLeasesReceivableNetReportedAmount,USD,,2022-06-30,15777000000.0,10-Q,2022-08-04
us-gaap,LoansAndLeasesReceivableNetReportedAmount,USD,,2022-09-30,16053000000.0,10-Q,2022-11-04
us-gaap,LongTermDebt,USD,,2011-12-31,2183474000.0,10-K,2012-02-27
us-gaap,LongTermDebt,USD,,2012-12-31,2854839000.0,10-K,2013-02-28
us-gaap,LongTermDebt,USD,,2013-12-31,2800281000.0,10-K,2014-02-28
us-gaap,LongTermDebt,USD,,2014-12-31,4773541000.0,10-K,2015-02-27
us-gaap,LongTermDebt,USD,,2015-12-31,5062501000.0,10-K,2016-02-25
us-gaap,LongTermDebt,USD,,2016-12-31,5601400000.0,10-K,2017-02-27
us-gaap,LongTermDebt,USD,,2017-12-31,6079600000.0,10-K,2018-02-27
us-gaap,LongTermDebt,USD,,2018-12-31,5737900000.0,10-K,2019-02-26
us-gaap,LongTermDebt,USD,,2018-12-31,5725400000.0,8-K,2019-07-17
us-gaap,LongTermDebt,USD,,2019-12-31,2849900000.0,10-K,2020-02-28
us-gaap,LongTermDebt,USD,,2020-12-31,2805700000.0,10-K,2021-02-26
us-gaap,LongTermDebt,USD,,2021-12-31,1986000000.0,10-K,2022-02-25
us-gaap,LongTermDebt,USD,,2021-12-31,7439000000.0,10-K,2023-02-28
us-gaap,LongTermDebt,USD,,2022-12-31,8007000000.0,10-K,2023-02-28
us-gaap,LongTermDebt,USD,,2022-12-31,8007000000.0,10-Q,2023-08-03
us-gaap,LongTermDebt,USD,,2022-12-31,8007000000.0,10-Q,2023-10-26
us-gaap,LongTermDebt,USD,,2022-12-31,8007000000.0,10-K,2024-02-20
us-gaap,LongTermDebt,USD,,2023-06-30,4698000000.0,10-Q,2023-08-03
us-gaap,LongTermDebt,USD,,2023-09-30,4223000000.0,10-Q,2023-10-26
us-gaap,LongTermDebt,USD,,2023-12-31,5292000000.0,10-K,2024-02-20
us-gaap,LongTermDebt,USD,,2023-12-31,5292000000.0,10-Q,2024-10-31
us-gaap,LongTermDebt,USD,,2023-12-31,5292000000.0,10-K,2025-02-14
us-gaap,LongTermDebt,USD,,2024-09-30,4584000000.0,10-Q,2024-10-31
us-gaap,LongTermDebt,USD,,2024-12-31,5557000000.0,10-K,2025-02-14
us-gaap,LongTermDebt,USD,,2024-12-31,5557000000.0,10-Q,2025-04-29
us-gaap,LongTermDebt,USD,,2024-12-31,5557000000.0,10-Q,2025-07-29
us-gaap,LongTermDebt,USD,,2024-12-31,5557000000.0,10-Q,2025-10-28
us-gaap,LongTermDebt,USD,,2024-12-31,5557000000.0,10-K,2026-02-13
us-gaap,LongTermDebt,USD,,2025-03-31,5121000000.0,10-Q,2025-04-29
us-gaap,LongTermDebt,USD,,2025-06-30,4227000000.0,10-Q,2025-07-29
us-gaap,LongTermDebt,USD,,2025-09-30,3787000000.0,10-Q,2025-10-28
us-gaap,LongTermDebt,USD,,2025-12-31,4308000000.0,10-K,2026-02-13
us-gaap,TierOneLeverageCapitalToAverageAssets,pure,,2011-12-31,0.144,10-K,2012-02-27
us-gaap,TierOneRiskBasedCapitalToRiskWeightedAssets,pure,,2011-12-31,0.149,10-K,2012-02-27
us-gaap,CashAndDueFromBanks,USD,,2020-12-31,262000000.0,10-K,2022-02-25
us-gaap,CashAndDueFromBanks,USD,,2021-12-31,251000000.0,10-K,2022-02-25
us-gaap,CashAndDueFromBanks,USD,,2021-12-31,251000000.0,10-K,2023-02-28
us-gaap,CashAndDueFromBanks,USD,,2022-12-31,288000000.0,10-K,2023-02-28
us-gaap,CashAndDueFromBanks,USD,,2022-12-31,288000000.0,10-K,2024-02-20
us-gaap,CashAndDueFromBanks,USD,,2023-12-31,410000000.0,10-K,2024-02-20
us-gaap,CashAndDueFromBanks,USD,,2023-12-31,410000000.0,10-K,2025-02-14
us-gaap,CashAndDueFromBanks,USD,,2024-12-31,330000000.0,10-K,2025-02-14
us-gaap,CashAndDueFromBanks,USD,,2024-12-31,330000000.0,10-K,2026-02-13
us-gaap,CashAndDueFromBanks,USD,,2025-12-31,386000000.0,10-K,2026-02-13
us-gaap,CashCashEquivalentsRestrictedCashAndRestrictedCashEquivalentsIncludingDisposalGroupAndDiscontinuedOperations,USD,,2020-12-31,344000000.0,10-K,2022-02-25
us-gaap,CashCashEquivalentsRestrictedCashAndRestrictedCashEquivalentsIncludingDisposalGroupAndDiscontinuedOperations,USD,,2021-03-31,3247000000.0,10-Q,2022-05-05
us-gaap,CashCashEquivalentsRestrictedCashAndRestrictedCashEquivalentsIncludingDisposalGroupAndDiscontinuedOperations,USD,,2021-06-30,3367000000.0,10-Q,2022-08-04
us-gaap,CashCashEquivalentsRestrictedCashAndRestrictedCashEquivalentsIncludingDisposalGroupAndDiscontinuedOperations,USD,,2021-09-30,3891000000.0,10-Q,2022-11-04
us-gaap,CashCashEquivalentsRestrictedCashAndRestrictedCashEquivalentsIncludingDisposalGroupAndDiscontinuedOperations,USD,,2022-03-31,3634000000.0,10-Q,2022-05-05
us-gaap,CashCashEquivalentsRestrictedCashAndRestrictedCashEquivalentsIncludingDisposalGroupAndDiscontinuedOperations,USD,,2022-03-31,3634000000.0,10-Q,2023-05-02
us-gaap,CashCashEquivalentsRestrictedCashAndRestrictedCashEquivalentsIncludingDisposalGroupAndDiscontinuedOperations,USD,,2022-06-30,3697000000.0,10-Q,2022-08-04
us-gaap,CashCashEquivalentsRestrictedCashAndRestrictedCashEquivalentsIncludingDisposalGroupAndDiscontinuedOperations,USD,,2022-06-30,3697000000.0,10-Q,2023-08-03
us-gaap,CashCashEquivalentsRestrictedCashAndRestrictedCashEquivalentsIncludingDisposalGroupAndDiscontinuedOperations,USD,,2022-09-30,3608000000.0,10-Q,2022-11-04
us-gaap,CashCashEquivalentsRestrictedCashAndRestrictedCashEquivalentsIncludingDisposalGroupAndDiscontinuedOperations,USD,,2022-09-30,3608000000.0,10-Q,2023-10-26
us-gaap,CashCashEquivalentsRestrictedCashAndRestrictedCashEquivalentsIncludingDisposalGroupAndDiscontinuedOperations,USD,,2023-03-31,3632000000.0,10-Q,2023-05-02
us-gaap,CashCashEquivalentsRestrictedCashAndRestrictedCashEquivalentsIncludingDisposalGroupAndDiscontinuedOperations,USD,,2023-03-31,3632000000.0,10-Q,2024-05-02
us-gaap,CashCashEquivalentsRestrictedCashAndRestrictedCashEquivalentsIncludingDisposalGroupAndDiscontinuedOperations,USD,,2023-06-30,3351000000.0,10-Q,2023-08-03
us-gaap,CashCashEquivalentsRestrictedCashAndRestrictedCashEquivalentsIncludingDisposalGroupAndDiscontinuedOperations,USD,,2023-06-30,3351000000.0,10-Q,2024-08-01
us-gaap,CashCashEquivalentsRestrictedCashAndRestrictedCashEquivalentsIncludingDisposalGroupAndDiscontinuedOperations,USD,,2023-09-30,3395000000.0,10-Q,2023-10-26
us-gaap,CashCashEquivalentsRestrictedCashAndRestrictedCashEquivalentsIncludingDisposalGroupAndDiscontinuedOperations,USD,,2023-09-30,3395000000.0,10-Q,2024-10-31
us-gaap,CashCashEquivalentsRestrictedCashAndRestrictedCashEquivalentsIncludingDisposalGroupAndDiscontinuedOperations,USD,,2024-03-31,3808000000.0,10-Q,2024-05-02
us-gaap,CashCashEquivalentsRestrictedCashAndRestrictedCashEquivalentsIncludingDisposalGroupAndDiscontinuedOperations,USD,,2024-03-31,3808000000.0,10-Q,2025-04-29
us-gaap,CashCashEquivalentsRestrictedCashAndRestrictedCashEquivalentsIncludingDisposalGroupAndDiscontinuedOperations,USD,,2024-06-30,4072000000.0,10-Q,2024-08-01
us-gaap,CashCashEquivalentsRestrictedCashAndRestrictedCashEquivalentsIncludingDisposalGroupAndDiscontinuedOperations,USD,,2024-06-30,4072000000.0,10-Q,2025-07-29
us-gaap,CashCashEquivalentsRestrictedCashAndRestrictedCashEquivalentsIncludingDisposalGroupAndDiscontinuedOperations,USD,,2024-09-30,3471000000.0,10-Q,2024-10-31
us-gaap,CashCashEquivalentsRestrictedCashAndRestrictedCashEquivalentsIncludingDisposalGroupAndDiscontinuedOperations,USD,,2024-09-30,3471000000.0,10-Q,2025-10-28
us-gaap,CashCashEquivalentsRestrictedCashAndRestrictedCashEquivalentsIncludingDisposalGroupAndDiscontinuedOperations,USD,,2025-03-31,4236000000.0,10-Q,2025-04-29
us-gaap,CashCashEquivalentsRestrictedCashAndRestrictedCashEquivalentsIncludingDisposalGroupAndDiscontinuedOperations,USD,,2025-03-31,4236000000.0,10-Q,2026-04-28
us-gaap,CashCashEquivalentsRestrictedCashAndRestrictedCashEquivalentsIncludingDisposalGroupAndDiscontinuedOperations,USD,,2025-06-30,3818000000.0,10-Q,2025-07-29
us-gaap,CashCashEquivalentsRestrictedCashAndRestrictedCashEquivalentsIncludingDisposalGroupAndDiscontinuedOperations,USD,,2025-06-30,3818000000.0,10-Q,2026-07-28
us-gaap,CashCashEquivalentsRestrictedCashAndRestrictedCashEquivalentsIncludingDisposalGroupAndDiscontinuedOperations,USD,,2025-09-30,3779000000.0,10-Q,2025-10-28
us-gaap,CashCashEquivalentsRestrictedCashAndRestrictedCashEquivalentsIncludingDisposalGroupAndDiscontinuedOperations,USD,,2026-03-31,3957000000.0,10-Q,2026-04-28
us-gaap,CashCashEquivalentsRestrictedCashAndRestrictedCashEquivalentsIncludingDisposalGroupAndDiscontinuedOperations,USD,,2026-06-30,3759000000.0,10-Q,2026-07-28
us-gaap,Deposits,USD,,2020-12-31,9793000000.0,10-K,2022-02-25
us-gaap,Deposits,USD,,2021-12-31,11027000000.0,10-K,2022-02-25
us-gaap,Deposits,USD,,2021-12-31,11027000000.0,10-Q,2022-05-05
us-gaap,Deposits,USD,,2021-12-31,11027000000.0,10-Q,2022-08-04
us-gaap,Deposits,USD,,2021-12-31,11027000000.0,10-Q,2022-11-04
us-gaap,Deposits,USD,,2021-12-31,11027000000.0,10-K,2023-02-28
us-gaap,Deposits,USD,,2022-03-31,10646000000.0,10-Q,2022-05-05
us-gaap,Deposits,USD,,2022-06-30,11028000000.0,10-Q,2022-08-04
us-gaap,Deposits,USD,,2022-09-30,12444000000.0,10-Q,2022-11-04
us-gaap,Deposits,USD,,2022-12-31,13826000000.0,10-K,2023-02-28
us-gaap,Deposits,USD,,2022-12-31,13826000000.0,10-Q,2023-05-02
us-gaap,Deposits,USD,,2022-12-31,13826000000.0,10-Q,2023-08-03
us-gaap,Deposits,USD,,2022-12-31,13826000000.0,10-Q,2023-10-26
us-gaap,Deposits,USD,,2022-12-31,13826000000.0,10-K,2024-02-20
us-gaap,Deposits,USD,,2023-03-31,13138000000.0,10-Q,2023-05-02
us-gaap,Deposits,USD,,2023-06-30,13048000000.0,10-Q,2023-08-03
us-gaap,Deposits,USD,,2023-09-30,13268000000.0,10-Q,2023-10-26
us-gaap,Deposits,USD,,2023-12-31,13620000000.0,10-K,2024-02-20
us-gaap,Deposits,USD,,2023-12-31,13620000000.0,10-Q,2024-05-02
us-gaap,Deposits,USD,,2023-12-31,13620000000.0,10-Q,2024-08-01
us-gaap,Deposits,USD,,2023-12-31,13620000000.0,10-Q,2024-10-31
us-gaap,Deposits,USD,,2023-12-31,13620000000.0,10-K,2025-02-14
us-gaap,Deposits,USD,,2024-03-31,13327000000.0,10-Q,2024-05-02
us-gaap,Deposits,USD,,2024-06-30,12994000000.0,10-Q,2024-08-01
us-gaap,Deposits,USD,,2024-09-30,12847000000.0,10-Q,2024-10-31
us-gaap,Deposits,USD,,2024-12-31,13082000000.0,10-K,2025-02-14
us-gaap,Deposits,USD,,2024-12-31,13082000000.0,10-Q,2025-04-29
us-gaap,Deposits,USD,,2024-12-31,13082000000.0,10-Q,2025-07-29
us-gaap,Deposits,USD,,2024-12-31,13082000000.0,10-Q,2025-10-28
us-gaap,Deposits,USD,,2024-12-31,13082000000.0,10-K,2026-02-13
us-gaap,Deposits,USD,,2025-03-31,13099000000.0,10-Q,2025-04-29
us-gaap,Deposits,USD,,2025-06-30,13340000000.0,10-Q,2025-07-29
us-gaap,Deposits,USD,,2025-09-30,13535000000.0,10-Q,2025-10-28
us-gaap,Deposits,USD,,2025-12-31,13916000000.0,10-K,2026-02-13
us-gaap,Deposits,USD,,2025-12-31,13916000000.0,10-Q,2026-04-28
us-gaap,Deposits,USD,,2025-12-31,13916000000.0,10-Q,2026-07-28
us-gaap,Deposits,USD,,2026-03-31,14073000000.0,10-Q,2026-04-28
us-gaap,Deposits,USD,,2026-06-30,14732000000.0,10-Q,2026-07-28
us-gaap,InterestBearingDepositsInBanks,USD,,2020-12-31,2500000000.0,10-K,2022-02-25
us-gaap,InterestBearingDepositsInBanks,USD,,2021-12-31,2700000000.0,10-K,2022-02-25
us-gaap,InterestBearingDepositsInBanks,USD,,2021-12-31,2700000000.0,10-K,2023-02-28
us-gaap,InterestBearingDepositsInBanks,USD,,2022-12-31,3500000000.0,10-K,2023-02-28
us-gaap,InterestBearingDepositsInBanks,USD,,2022-12-31,3500000000.0,10-K,2024-02-20
us-gaap,InterestBearingDepositsInBanks,USD,,2023-12-31,2900000000.0,10-K,2024-02-20
us-gaap,InterestBearingDepositsInBanks,USD,,2023-12-31,2900000000.0,10-K,2025-02-14
us-gaap,InterestBearingDepositsInBanks,USD,,2024-12-31,3100000000.0,10-K,2025-02-14
us-gaap,InterestBearingDepositsInBanks,USD,,2024-12-31,3100000000.0,10-K,2026-02-13
us-gaap,InterestBearingDepositsInBanks,USD,,2025-12-31,3200000000.0,10-K,2026-02-13
us-gaap,CashCashEquivalentsRestrictedCashAndRestrictedCashEquivalentsDisposalGroupIncludingDiscontinuedOperations,USD,,2021-03-31,299000000.0,10-Q,2022-05-05
us-gaap,CashCashEquivalentsRestrictedCashAndRestrictedCashEquivalentsDisposalGroupIncludingDiscontinuedOperations,USD,,2021-06-30,275000000.0,10-Q,2022-08-04
us-gaap,CashCashEquivalentsRestrictedCashAndRestrictedCashEquivalentsDisposalGroupIncludingDiscontinuedOperations,USD,,2021-09-30,272000000.0,10-Q,2022-11-04
us-gaap,InterestBearingDepositLiabilities,USD,,2021-12-31,11027000000.0,10-Q,2022-05-05
us-gaap,InterestBearingDepositLiabilities,USD,,2021-12-31,11027000000.0,10-Q,2022-08-04
us-gaap,InterestBearingDepositLiabilities,USD,,2021-12-31,11027000000.0,10-Q,2022-11-04
us-gaap,InterestBearingDepositLiabilities,USD,,2021-12-31,11027000000.0,10-K,2023-02-28
us-gaap,InterestBearingDepositLiabilities,USD,,2022-03-31,10620000000.0,10-Q,2022-05-05
us-gaap,InterestBearingDepositLiabilities,USD,,2022-06-30,10999000000.0,10-Q,2022-08-04
us-gaap,InterestBearingDepositLiabilities,USD,,2022-09-30,12407000000.0,10-Q,2022-11-04
us-gaap,InterestBearingDepositLiabilities,USD,,2022-12-31,13787000000.0,10-K,2023-02-28
us-gaap,InterestBearingDepositLiabilities,USD,,2022-12-31,13787000000.0,10-Q,2023-05-02
us-gaap,InterestBearingDepositLiabilities,USD,,2022-12-31,13787000000.0,10-Q,2023-08-03
us-gaap,InterestBearingDepositLiabilities,USD,,2022-12-31,13787000000.0,10-Q,2023-10-26
us-gaap,InterestBearingDepositLiabilities,USD,,2022-12-31,13787000000.0,10-K,2024-02-20
us-gaap,InterestBearingDepositLiabilities,USD,,2023-03-31,13102000000.0,10-Q,2023-05-02
us-gaap,InterestBearingDepositLiabilities,USD,,2023-06-30,13020000000.0,10-Q,2023-08-03
us-gaap,InterestBearingDepositLiabilities,USD,,2023-09-30,13244000000.0,10-Q,2023-10-26
us-gaap,InterestBearingDepositLiabilities,USD,,2023-12-31,13594000000.0,10-K,2024-02-20
us-gaap,InterestBearingDepositLiabilities,USD,,2023-12-31,13594000000.0,10-Q,2024-05-02
us-gaap,InterestBearingDepositLiabilities,USD,,2023-12-31,13594000000.0,10-Q,2024-08-01
us-gaap,InterestBearingDepositLiabilities,USD,,2023-12-31,13594000000.0,10-Q,2024-10-31
us-gaap,InterestBearingDepositLiabilities,USD,,2023-12-31,13594000000.0,10-K,2025-02-14
us-gaap,InterestBearingDepositLiabilities,USD,,2024-03-31,13303000000.0,10-Q,2024-05-02
us-gaap,InterestBearingDepositLiabilities,USD,,2024-06-30,12969000000.0,10-Q,2024-08-01
us-gaap,InterestBearingDepositLiabilities,USD,,2024-09-30,12822000000.0,10-Q,2024-10-31
us-gaap,InterestBearingDepositLiabilities,USD,,2024-12-31,13055000000.0,10-K,2025-02-14
us-gaap,InterestBearingDepositLiabilities,USD,,2024-12-31,13055000000.0,10-Q,2025-04-29
us-gaap,InterestBearingDepositLiabilities,USD,,2024-12-31,13055000000.0,10-Q,2025-07-29
us-gaap,InterestBearingDepositLiabilities,USD,,2024-12-31,13055000000.0,10-Q,2025-10-28
us-gaap,InterestBearingDepositLiabilities,USD,,2024-12-31,13055000000.0,10-K,2026-02-13
us-gaap,InterestBearingDepositLiabilities,USD,,2025-03-31,13072000000.0,10-Q,2025-04-29
us-gaap,InterestBearingDepositLiabilities,USD,,2025-06-30,13312000000.0,10-Q,2025-07-29
us-gaap,InterestBearingDepositLiabilities,USD,,2025-09-30,13511000000.0,10-Q,2025-10-28
us-gaap,InterestBearingDepositLiabilities,USD,,2025-12-31,13891000000.0,10-K,2026-02-13
us-gaap,InterestBearingDepositLiabilities,USD,,2025-12-31,13891000000.0,10-Q,2026-04-28
us-gaap,InterestBearingDepositLiabilities,USD,,2025-12-31,13891000000.0,10-Q,2026-07-28
us-gaap,InterestBearingDepositLiabilities,USD,,2026-03-31,14048000000.0,10-Q,2026-04-28
us-gaap,InterestBearingDepositLiabilities,USD,,2026-06-30,14708000000.0,10-Q,2026-07-28
us-gaap,NoninterestBearingDepositLiabilities,USD,,2021-12-31,0.0,10-K,2023-02-28
us-gaap,NoninterestBearingDepositLiabilities,USD,,2022-03-31,26000000.0,10-Q,2022-05-05
us-gaap,NoninterestBearingDepositLiabilities,USD,,2022-06-30,29000000.0,10-Q,2022-08-04
us-gaap,NoninterestBearingDepositLiabilities,USD,,2022-09-30,37000000.0,10-Q,2022-11-04
us-gaap,NoninterestBearingDepositLiabilities,USD,,2022-12-31,39000000.0,10-K,2023-02-28
us-gaap,NoninterestBearingDepositLiabilities,USD,,2022-12-31,39000000.0,10-Q,2023-05-02
us-gaap,NoninterestBearingDepositLiabilities,USD,,2022-12-31,39000000.0,10-Q,2023-08-03
us-gaap,NoninterestBearingDepositLiabilities,USD,,2022-12-31,39000000.0,10-Q,2023-10-26
us-gaap,NoninterestBearingDepositLiabilities,USD,,2022-12-31,39000000.0,10-K,2024-02-20
us-gaap,NoninterestBearingDepositLiabilities,USD,,2023-03-31,36000000.0,10-Q,2023-05-02
us-gaap,NoninterestBearingDepositLiabilities,USD,,2023-06-30,28000000.0,10-Q,2023-08-03
us-gaap,NoninterestBearingDepositLiabilities,USD,,2023-09-30,24000000.0,10-Q,2023-10-26
us-gaap,NoninterestBearingDepositLiabilities,USD,,2023-12-31,26000000.0,10-K,2024-02-20
us-gaap,NoninterestBearingDepositLiabilities,USD,,2023-12-31,26000000.0,10-Q,2024-05-02
us-gaap,NoninterestBearingDepositLiabilities,USD,,2023-12-31,26000000.0,10-Q,2024-08-01
us-gaap,NoninterestBearingDepositLiabilities,USD,,2023-12-31,26000000.0,10-Q,2024-10-31
us-gaap,NoninterestBearingDepositLiabilities,USD,,2023-12-31,26000000.0,10-K,2025-02-14
us-gaap,NoninterestBearingDepositLiabilities,USD,,2024-03-31,24000000.0,10-Q,2024-05-02
us-gaap,NoninterestBearingDepositLiabilities,USD,,2024-06-30,25000000.0,10-Q,2024-08-01
us-gaap,NoninterestBearingDepositLiabilities,USD,,2024-09-30,25000000.0,10-Q,2024-10-31
us-gaap,NoninterestBearingDepositLiabilities,USD,,2024-12-31,27000000.0,10-K,2025-02-14
us-gaap,NoninterestBearingDepositLiabilities,USD,,2024-12-31,27000000.0,10-Q,2025-04-29
us-gaap,NoninterestBearingDepositLiabilities,USD,,2024-12-31,27000000.0,10-Q,2025-07-29
us-gaap,NoninterestBearingDepositLiabilities,USD,,2024-12-31,27000000.0,10-Q,2025-10-28
us-gaap,NoninterestBearingDepositLiabilities,USD,,2024-12-31,27000000.0,10-K,2026-02-13
us-gaap,NoninterestBearingDepositLiabilities,USD,,2025-03-31,27000000.0,10-Q,2025-04-29
us-gaap,NoninterestBearingDepositLiabilities,USD,,2025-06-30,28000000.0,10-Q,2025-07-29
us-gaap,NoninterestBearingDepositLiabilities,USD,,2025-09-30,24000000.0,10-Q,2025-10-28
us-gaap,NoninterestBearingDepositLiabilities,USD,,2025-12-31,25000000.0,10-K,2026-02-13
us-gaap,NoninterestBearingDepositLiabilities,USD,,2025-12-31,25000000.0,10-Q,2026-04-28
us-gaap,NoninterestBearingDepositLiabilities,USD,,2025-12-31,25000000.0,10-Q,2026-07-28
us-gaap,NoninterestBearingDepositLiabilities,USD,,2026-03-31,25000000.0,10-Q,2026-04-28
us-gaap,NoninterestBearingDepositLiabilities,USD,,2026-06-30,24000000.0,10-Q,2026-07-28
us-gaap,TimeDeposits,USD,,2022-03-31,4710000000.0,10-Q,2022-05-05
us-gaap,TimeDeposits,USD,,2022-06-30,4639000000.0,10-Q,2022-08-04
us-gaap,TimeDeposits,USD,,2022-09-30,5697000000.0,10-Q,2022-11-04
us-gaap,TimeDeposits,USD,,2022-12-31,7051000000.0,10-K,2023-02-28
us-gaap,TimeDeposits,USD,,2023-03-31,6504000000.0,10-Q,2023-05-02
us-gaap,TimeDeposits,USD,,2023-06-30,6450000000.0,10-Q,2023-08-03
us-gaap,TimeDeposits,USD,,2023-09-30,6684000000.0,10-Q,2023-10-26
us-gaap,TimeDeposits,USD,,2023-12-31,6997000000.0,10-K,2024-02-20
us-gaap,TimeDeposits,USD,,2024-03-31,6649000000.0,10-Q,2024-05-02
us-gaap,TimeDeposits,USD,,2024-06-30,6287000000.0,10-Q,2024-08-01
us-gaap,TimeDeposits,USD,,2024-09-30,6116000000.0,10-Q,2024-10-31
us-gaap,TimeDeposits,USD,,2024-12-31,6228000000.0,10-K,2025-02-14
us-gaap,TimeDeposits,USD,,2025-03-31,5925000000.0,10-Q,2025-04-29
us-gaap,TimeDeposits,USD,,2025-06-30,5828000000.0,10-Q,2025-07-29
us-gaap,TimeDeposits,USD,,2025-09-30,6074000000.0,10-Q,2025-10-28
us-gaap,TimeDeposits,USD,,2025-12-31,6191000000.0,10-K,2026-02-13
us-gaap,TimeDeposits,USD,,2026-03-31,6037000000.0,10-Q,2026-04-28
us-gaap,TimeDeposits,USD,,2026-06-30,6074000000.0,10-Q,2026-07-28
us-gaap,RiskWeightedAssets,USD,,2023-12-31,20140000000.0,10-K,2024-02-20
us-gaap,RiskWeightedAssets,USD,,2024-03-31,19344000000.0,10-Q,2024-05-02
us-gaap,RiskWeightedAssets,USD,,2024-06-30,18859000000.0,10-Q,2024-08-01
us-gaap,RiskWeightedAssets,USD,,2024-09-30,19010000000.0,10-Q,2024-10-31
us-gaap,RiskWeightedAssets,USD,,2024-12-31,19928000000.0,10-K,2025-02-14
us-gaap,RiskWeightedAssets,USD,,2024-12-31,19928000000.0,10-K,2026-02-13
us-gaap,RiskWeightedAssets,USD,,2025-03-31,18810000000.0,10-Q,2025-04-29
us-gaap,RiskWeightedAssets,USD,,2025-06-30,18730000000.0,10-Q,2025-07-29
us-gaap,RiskWeightedAssets,USD,,2025-09-30,18714000000.0,10-Q,2025-10-28
us-gaap,RiskWeightedAssets,USD,,2025-12-31,19755000000.0,10-K,2026-02-13
us-gaap,RiskWeightedAssets,USD,,2025-12-31,19755000000.0,10-Q,2026-04-28
us-gaap,RiskWeightedAssets,USD,,2025-12-31,19755000000.0,10-Q,2026-07-28
us-gaap,RiskWeightedAssets,USD,,2026-03-31,19352000000.0,10-Q,2026-04-28
us-gaap,RiskWeightedAssets,USD,,2026-06-30,19329000000.0,10-Q,2026-07-28
us-gaap,CommonStockSharesOutstanding,shares,,2024-12-31,49100000.0,10-K,2026-02-13
us-gaap,CommonStockSharesOutstanding,shares,,2025-12-31,44100000.0,10-K,2026-02-13
us-gaap,CommonStockSharesOutstanding,shares,,2025-12-31,44100000.0,10-Q,2026-04-28
us-gaap,CommonStockSharesOutstanding,shares,,2025-12-31,44100000.0,10-Q,2026-07-28
us-gaap,CommonStockSharesOutstanding,shares,,2026-03-31,41300000.0,10-Q,2026-04-28
us-gaap,CommonStockSharesOutstanding,shares,,2026-06-30,38700000.0,10-Q,2026-07-28
us-gaap,PreferredStockValue,USD,,2024-12-31,0.0,10-K,2026-02-13
us-gaap,PreferredStockValue,USD,,2025-12-31,0.0,10-K,2026-02-13
us-gaap,PreferredStockValue,USD,,2025-12-31,0.0,10-Q,2026-04-28
us-gaap,PreferredStockValue,USD,,2025-12-31,0.0,10-Q,2026-07-28
us-gaap,PreferredStockValue,USD,,2026-03-31,0.0,10-Q,2026-04-28
us-gaap,PreferredStockValue,USD,,2026-06-30,0.0,10-Q,2026-07-28
