taxo,tag,unit,start,end,val,form,filed
dei,EntityCommonStockSharesOutstanding,shares,,2010-06-30,68080797.0,10-Q,2010-08-03
dei,EntityCommonStockSharesOutstanding,shares,,2010-09-30,68091126.0,10-Q,2010-11-01
dei,EntityCommonStockSharesOutstanding,shares,,2010-12-31,68207689.0,10-K,2011-02-28
dei,EntityCommonStockSharesOutstanding,shares,,2011-03-31,68438422.0,10-Q,2011-05-10
dei,EntityCommonStockSharesOutstanding,shares,,2011-06-30,68274150.0,10-Q/A,2011-08-12
dei,EntityCommonStockSharesOutstanding,shares,,2011-09-30,68006390.0,10-Q,2011-11-08
dei,EntityCommonStockSharesOutstanding,shares,,2012-01-31,68006390.0,10-K,2012-02-28
dei,EntityCommonStockSharesOutstanding,shares,,2012-03-31,71902099.0,10-Q,2012-05-08
dei,EntityCommonStockSharesOutstanding,shares,,2012-06-30,68144159.0,10-Q,2012-08-07
dei,EntityCommonStockSharesOutstanding,shares,,2012-09-30,68215354.0,10-Q,2012-11-06
dei,EntityCommonStockSharesOutstanding,shares,,2012-12-31,68369705.0,10-K,2013-02-27
dei,EntityCommonStockSharesOutstanding,shares,,2013-03-31,68687718.0,10-Q,2013-05-03
dei,EntityCommonStockSharesOutstanding,shares,,2013-06-30,68739208.0,10-Q,2013-08-02
dei,EntityCommonStockSharesOutstanding,shares,,2013-09-30,68787584.0,10-Q,2013-11-01
dei,EntityCommonStockSharesOutstanding,shares,,2014-01-31,68900457.0,10-K,2014-02-26
dei,EntityCommonStockSharesOutstanding,shares,,2014-03-31,69140210.0,10-Q,2014-05-02
dei,EntityCommonStockSharesOutstanding,shares,,2014-06-30,69286001.0,10-Q,2014-08-01
dei,EntityCommonStockSharesOutstanding,shares,,2014-09-30,69337498.0,10-Q,2014-10-31
dei,EntityCommonStockSharesOutstanding,shares,,2015-01-31,69113013.0,10-K,2015-02-27
dei,EntityCommonStockSharesOutstanding,shares,,2015-03-31,68922314.0,10-Q,2015-05-01
dei,EntityCommonStockSharesOutstanding,shares,,2015-06-30,68945139.0,10-Q,2015-07-31
dei,EntityCommonStockSharesOutstanding,shares,,2015-09-30,67713031.0,10-Q,2015-10-30
dei,EntityCommonStockSharesOutstanding,shares,,2016-01-31,66119435.0,10-K,2016-02-29
dei,EntityCommonStockSharesOutstanding,shares,,2016-03-31,66155103.0,10-Q,2016-04-29
dei,EntityCommonStockSharesOutstanding,shares,,2016-06-30,65866317.0,10-Q,2016-07-29
dei,EntityCommonStockSharesOutstanding,shares,,2016-09-30,65910454.0,10-Q,2016-10-31
dei,EntityCommonStockSharesOutstanding,shares,,2017-01-31,65489810.0,10-K,2017-02-28
dei,EntityCommonStockSharesOutstanding,shares,,2017-03-31,65408019.0,10-Q,2017-04-28
dei,EntityCommonStockSharesOutstanding,shares,,2017-06-30,65416403.0,10-Q,2017-07-28
dei,EntityCommonStockSharesOutstanding,shares,,2017-09-30,65456786.0,10-Q,2017-10-31
dei,EntityCommonStockSharesOutstanding,shares,,2018-01-31,65550406.0,10-K,2018-02-27
dei,EntityCommonStockSharesOutstanding,shares,,2018-03-31,65459505.0,10-Q,2018-04-27
dei,EntityCommonStockSharesOutstanding,shares,,2018-06-30,65439090.0,10-Q,2018-07-31
dei,EntityCommonStockSharesOutstanding,shares,,2018-09-30,65434258.0,10-Q,2018-10-30
dei,EntityCommonStockSharesOutstanding,shares,,2019-01-31,72251266.0,10-K,2019-03-01
dei,EntityCommonStockSharesOutstanding,shares,,2019-03-31,71449982.0,10-Q,2019-05-01
dei,EntityCommonStockSharesOutstanding,shares,,2019-06-30,71193770.0,10-Q,2019-08-09
dei,EntityCommonStockSharesOutstanding,shares,,2019-09-30,70858010.0,10-Q,2019-10-30
dei,EntityCommonStockSharesOutstanding,shares,,2020-01-31,70692686.0,10-K,2020-02-27
dei,EntityCommonStockSharesOutstanding,shares,,2020-03-31,70308532.0,10-Q,2020-05-05
dei,EntityCommonStockSharesOutstanding,shares,,2020-06-30,70306690.0,10-Q,2020-08-04
dei,EntityCommonStockSharesOutstanding,shares,,2020-09-30,70305833.0,10-Q,2020-11-03
dei,EntityCommonStockSharesOutstanding,shares,,2021-01-31,69577615.0,10-K,2021-02-24
dei,EntityCommonStockSharesOutstanding,shares,,2021-03-31,69557873.0,10-Q,2021-05-05
dei,EntityCommonStockSharesOutstanding,shares,,2021-06-30,69078458.0,10-Q,2021-08-04
dei,EntityCommonStockSharesOutstanding,shares,,2021-09-30,68596764.0,10-Q,2021-11-03
dei,EntityCommonStockSharesOutstanding,shares,,2022-01-31,68322916.0,10-K,2022-02-23
dei,EntityCommonStockSharesOutstanding,shares,,2022-03-31,68104043.0,10-Q,2022-05-04
dei,EntityCommonStockSharesOutstanding,shares,,2022-06-30,67806005.0,10-Q,2022-08-03
dei,EntityCommonStockSharesOutstanding,shares,,2022-09-30,67254383.0,10-Q,2022-11-02
dei,EntityCommonStockSharesOutstanding,shares,,2023-01-31,66971817.0,10-K,2023-03-01
dei,EntityCommonStockSharesOutstanding,shares,,2023-03-31,66600833.0,10-Q,2023-05-03
dei,EntityCommonStockSharesOutstanding,shares,,2023-06-30,66369208.0,10-Q,2023-08-02
dei,EntityCommonStockSharesOutstanding,shares,,2023-09-30,65664840.0,10-Q,2023-11-01
dei,EntityCommonStockSharesOutstanding,shares,,2024-01-31,65064299.0,10-K,2024-02-21
dei,EntityCommonStockSharesOutstanding,shares,,2024-03-31,64515035.0,10-Q,2024-05-01
dei,EntityCommonStockSharesOutstanding,shares,,2024-06-30,64127824.0,10-Q,2024-07-31
dei,EntityCommonStockSharesOutstanding,shares,,2024-09-30,64118417.0,10-Q,2024-10-30
dei,EntityCommonStockSharesOutstanding,shares,,2025-01-31,64226062.0,10-K,2025-02-19
dei,EntityCommonStockSharesOutstanding,shares,,2025-03-31,64261824.0,10-Q,2025-04-30
dei,EntityCommonStockSharesOutstanding,shares,,2025-06-30,63611097.0,10-Q,2025-07-30
dei,EntityCommonStockSharesOutstanding,shares,,2025-09-30,63247676.0,10-Q,2025-10-29
dei,EntityCommonStockSharesOutstanding,shares,,2026-01-31,60696695.0,10-K,2026-02-18
dei,EntityCommonStockSharesOutstanding,shares,,2026-03-31,60759992.0,10-Q,2026-05-06
dei,EntityCommonStockSharesOutstanding,shares,,2026-06-30,60766867.0,10-Q,2026-08-04
us-gaap,CashAndCashEquivalentsAtCarryingValue,USD,,2007-12-31,890413000.0,10-K,2011-02-28
us-gaap,CashAndCashEquivalentsAtCarryingValue,USD,,2008-12-31,694942000.0,10-Q,2010-08-03
us-gaap,CashAndCashEquivalentsAtCarryingValue,USD,,2008-12-31,694942000.0,10-Q,2010-11-01
us-gaap,CashAndCashEquivalentsAtCarryingValue,USD,,2008-12-31,694942000.0,10-K,2011-02-28
us-gaap,CashAndCashEquivalentsAtCarryingValue,USD,,2008-12-31,694942000.0,10-K,2012-02-28
us-gaap,CashAndCashEquivalentsAtCarryingValue,USD,,2009-06-30,582681000.0,10-Q,2010-08-03
us-gaap,CashAndCashEquivalentsAtCarryingValue,USD,,2009-09-30,1422709000.0,10-Q,2010-11-01
us-gaap,CashAndCashEquivalentsAtCarryingValue,USD,,2009-12-31,921216000.0,10-Q,2010-08-03
us-gaap,CashAndCashEquivalentsAtCarryingValue,USD,,2009-12-31,921216000.0,10-Q,2010-11-01
us-gaap,CashAndCashEquivalentsAtCarryingValue,USD,,2009-12-31,921216000.0,10-K,2011-02-28
us-gaap,CashAndCashEquivalentsAtCarryingValue,USD,,2009-12-31,921216000.0,10-Q,2011-05-10
us-gaap,CashAndCashEquivalentsAtCarryingValue,USD,,2009-12-31,921216000.0,10-Q/A,2011-08-12
us-gaap,CashAndCashEquivalentsAtCarryingValue,USD,,2009-12-31,921216000.0,10-Q,2011-11-08
us-gaap,CashAndCashEquivalentsAtCarryingValue,USD,,2009-12-31,921216000.0,10-K,2012-02-28
us-gaap,CashAndCashEquivalentsAtCarryingValue,USD,,2009-12-31,921216000.0,10-K,2013-02-27
us-gaap,CashAndCashEquivalentsAtCarryingValue,USD,,2010-03-31,931985000.0,10-Q,2011-05-10
us-gaap,CashAndCashEquivalentsAtCarryingValue,USD,,2010-06-30,852526000.0,10-Q,2010-08-03
us-gaap,CashAndCashEquivalentsAtCarryingValue,USD,,2010-06-30,852526000.0,10-Q/A,2011-08-12
us-gaap,CashAndCashEquivalentsAtCarryingValue,USD,,2010-09-30,1195902000.0,10-Q,2010-11-01
us-gaap,CashAndCashEquivalentsAtCarryingValue,USD,,2010-09-30,1195902000.0,10-Q,2011-11-08
us-gaap,CashAndCashEquivalentsAtCarryingValue,USD,,2010-12-31,1269404000.0,10-K,2011-02-28
us-gaap,CashAndCashEquivalentsAtCarryingValue,USD,,2010-12-31,1269404000.0,10-Q,2011-05-10
us-gaap,CashAndCashEquivalentsAtCarryingValue,USD,,2010-12-31,1269404000.0,10-Q/A,2011-08-12
us-gaap,CashAndCashEquivalentsAtCarryingValue,USD,,2010-12-31,1269404000.0,10-Q,2011-11-08
us-gaap,CashAndCashEquivalentsAtCarryingValue,USD,,2010-12-31,1269404000.0,10-K,2012-02-28
us-gaap,CashAndCashEquivalentsAtCarryingValue,USD,,2010-12-31,1269404000.0,10-Q,2012-05-08
us-gaap,CashAndCashEquivalentsAtCarryingValue,USD,,2010-12-31,1269404000.0,10-Q,2012-08-07
us-gaap,CashAndCashEquivalentsAtCarryingValue,USD,,2010-12-31,1269404000.0,10-Q,2012-11-06
us-gaap,CashAndCashEquivalentsAtCarryingValue,USD,,2010-12-31,1269404000.0,10-K,2013-02-27
us-gaap,CashAndCashEquivalentsAtCarryingValue,USD,,2010-12-31,1269404000.0,10-K,2014-02-26
us-gaap,CashAndCashEquivalentsAtCarryingValue,USD,,2011-03-31,808390000.0,10-Q,2011-05-10
us-gaap,CashAndCashEquivalentsAtCarryingValue,USD,,2011-03-31,808390000.0,10-Q,2012-05-08
us-gaap,CashAndCashEquivalentsAtCarryingValue,USD,,2011-06-30,1110761000.0,10-Q/A,2011-08-12
us-gaap,CashAndCashEquivalentsAtCarryingValue,USD,,2011-06-30,1110761000.0,10-Q,2012-08-07
us-gaap,CashAndCashEquivalentsAtCarryingValue,USD,,2011-09-30,972881000.0,10-Q,2011-11-08
us-gaap,CashAndCashEquivalentsAtCarryingValue,USD,,2011-09-30,972881000.0,10-Q,2012-11-06
us-gaap,CashAndCashEquivalentsAtCarryingValue,USD,,2011-12-31,986365000.0,10-K,2012-02-28
us-gaap,CashAndCashEquivalentsAtCarryingValue,USD,,2011-12-31,986365000.0,10-Q,2012-05-08
us-gaap,CashAndCashEquivalentsAtCarryingValue,USD,,2011-12-31,986365000.0,10-Q,2012-08-07
us-gaap,CashAndCashEquivalentsAtCarryingValue,USD,,2011-12-31,986365000.0,10-Q,2012-11-06
us-gaap,CashAndCashEquivalentsAtCarryingValue,USD,,2011-12-31,986365000.0,10-K,2013-02-27
us-gaap,CashAndCashEquivalentsAtCarryingValue,USD,,2011-12-31,986365000.0,10-Q,2013-05-03
us-gaap,CashAndCashEquivalentsAtCarryingValue,USD,,2011-12-31,986365000.0,10-Q,2013-08-02
us-gaap,CashAndCashEquivalentsAtCarryingValue,USD,,2011-12-31,986365000.0,10-Q,2013-11-01
us-gaap,CashAndCashEquivalentsAtCarryingValue,USD,,2011-12-31,986365000.0,10-K,2014-02-26
us-gaap,CashAndCashEquivalentsAtCarryingValue,USD,,2011-12-31,986365000.0,10-K,2015-02-27
us-gaap,CashAndCashEquivalentsAtCarryingValue,USD,,2012-03-31,706306000.0,10-Q,2012-05-08
us-gaap,CashAndCashEquivalentsAtCarryingValue,USD,,2012-03-31,706306000.0,10-Q,2013-05-03
us-gaap,CashAndCashEquivalentsAtCarryingValue,USD,,2012-06-30,639263000.0,10-Q,2012-08-07
us-gaap,CashAndCashEquivalentsAtCarryingValue,USD,,2012-06-30,639263000.0,10-Q,2013-08-02
us-gaap,CashAndCashEquivalentsAtCarryingValue,USD,,2012-09-30,615494000.0,10-Q,2012-11-06
us-gaap,CashAndCashEquivalentsAtCarryingValue,USD,,2012-09-30,615494000.0,10-Q,2013-11-01
us-gaap,CashAndCashEquivalentsAtCarryingValue,USD,,2012-12-31,1286239000.0,10-K,2013-02-27
us-gaap,CashAndCashEquivalentsAtCarryingValue,USD,,2012-12-31,1286239000.0,10-Q,2013-05-03
us-gaap,CashAndCashEquivalentsAtCarryingValue,USD,,2012-12-31,1286239000.0,10-Q,2013-08-02
us-gaap,CashAndCashEquivalentsAtCarryingValue,USD,,2012-12-31,1286239000.0,10-Q,2013-11-01
us-gaap,CashAndCashEquivalentsAtCarryingValue,USD,,2012-12-31,1286239000.0,10-K,2014-02-26
us-gaap,CashAndCashEquivalentsAtCarryingValue,USD,,2012-12-31,1286239000.0,10-Q,2014-05-02
us-gaap,CashAndCashEquivalentsAtCarryingValue,USD,,2012-12-31,1286239000.0,10-Q,2014-08-01
us-gaap,CashAndCashEquivalentsAtCarryingValue,USD,,2012-12-31,1286239000.0,10-Q,2014-10-31
us-gaap,CashAndCashEquivalentsAtCarryingValue,USD,,2012-12-31,1286239000.0,10-K,2015-02-27
us-gaap,CashAndCashEquivalentsAtCarryingValue,USD,,2012-12-31,1286239000.0,10-K,2016-02-29
us-gaap,CashAndCashEquivalentsAtCarryingValue,USD,,2013-03-31,945617000.0,10-Q,2013-05-03
us-gaap,CashAndCashEquivalentsAtCarryingValue,USD,,2013-03-31,945617000.0,10-Q,2014-05-02
us-gaap,CashAndCashEquivalentsAtCarryingValue,USD,,2013-06-30,1078385000.0,10-Q,2013-08-02
us-gaap,CashAndCashEquivalentsAtCarryingValue,USD,,2013-06-30,1078387000.0,10-Q,2014-08-01
us-gaap,CashAndCashEquivalentsAtCarryingValue,USD,,2013-09-30,1160985000.0,10-Q,2013-11-01
us-gaap,CashAndCashEquivalentsAtCarryingValue,USD,,2013-09-30,1160985000.0,10-Q,2014-10-31
us-gaap,CashAndCashEquivalentsAtCarryingValue,USD,,2013-12-31,1087213000.0,10-K,2014-02-26
us-gaap,CashAndCashEquivalentsAtCarryingValue,USD,,2013-12-31,1087213000.0,10-Q,2014-05-02
us-gaap,CashAndCashEquivalentsAtCarryingValue,USD,,2013-12-31,1087213000.0,10-Q,2014-08-01
us-gaap,CashAndCashEquivalentsAtCarryingValue,USD,,2013-12-31,1087213000.0,10-Q,2014-10-31
us-gaap,CashAndCashEquivalentsAtCarryingValue,USD,,2013-12-31,1087213000.0,10-K,2015-02-27
us-gaap,CashAndCashEquivalentsAtCarryingValue,USD,,2013-12-31,1087213000.0,10-Q,2015-05-01
us-gaap,CashAndCashEquivalentsAtCarryingValue,USD,,2013-12-31,1087213000.0,10-Q,2015-07-31
us-gaap,CashAndCashEquivalentsAtCarryingValue,USD,,2013-12-31,1087213000.0,10-Q,2015-10-30
us-gaap,CashAndCashEquivalentsAtCarryingValue,USD,,2013-12-31,1087213000.0,10-K,2016-02-29
us-gaap,CashAndCashEquivalentsAtCarryingValue,USD,,2013-12-31,1087213000.0,10-K,2017-02-28
us-gaap,CashAndCashEquivalentsAtCarryingValue,USD,,2014-03-31,1354006000.0,10-Q,2014-05-02
us-gaap,CashAndCashEquivalentsAtCarryingValue,USD,,2014-03-31,1354006000.0,10-Q,2015-05-01
us-gaap,CashAndCashEquivalentsAtCarryingValue,USD,,2014-06-30,1347874000.0,10-Q,2014-08-01
us-gaap,CashAndCashEquivalentsAtCarryingValue,USD,,2014-06-30,1347874000.0,10-Q,2015-07-31
us-gaap,CashAndCashEquivalentsAtCarryingValue,USD,,2014-09-30,2565559000.0,10-Q,2014-10-31
us-gaap,CashAndCashEquivalentsAtCarryingValue,USD,,2014-09-30,2565559000.0,10-Q,2015-10-30
us-gaap,CashAndCashEquivalentsAtCarryingValue,USD,,2014-12-31,2475842000.0,10-K,2015-02-27
us-gaap,CashAndCashEquivalentsAtCarryingValue,USD,,2014-12-31,2475842000.0,10-Q,2015-05-01
us-gaap,CashAndCashEquivalentsAtCarryingValue,USD,,2014-12-31,2475842000.0,10-Q,2015-07-31
us-gaap,CashAndCashEquivalentsAtCarryingValue,USD,,2014-12-31,2475842000.0,10-Q,2015-10-30
us-gaap,CashAndCashEquivalentsAtCarryingValue,USD,,2014-12-31,2475842000.0,10-K,2016-02-29
us-gaap,CashAndCashEquivalentsAtCarryingValue,USD,,2014-12-31,2475842000.0,10-Q,2016-04-29
us-gaap,CashAndCashEquivalentsAtCarryingValue,USD,,2014-12-31,2475842000.0,10-Q,2016-07-29
us-gaap,CashAndCashEquivalentsAtCarryingValue,USD,,2014-12-31,2475842000.0,10-Q,2016-10-31
us-gaap,CashAndCashEquivalentsAtCarryingValue,USD,,2014-12-31,2475842000.0,10-K,2017-02-28
us-gaap,CashAndCashEquivalentsAtCarryingValue,USD,,2014-12-31,2475842000.0,10-K,2018-02-27
us-gaap,CashAndCashEquivalentsAtCarryingValue,USD,,2015-03-31,2610670000.0,10-Q,2015-05-01
us-gaap,CashAndCashEquivalentsAtCarryingValue,USD,,2015-03-31,2610670000.0,10-Q,2016-04-29
us-gaap,CashAndCashEquivalentsAtCarryingValue,USD,,2015-06-30,2562649000.0,10-Q,2015-07-31
us-gaap,CashAndCashEquivalentsAtCarryingValue,USD,,2015-06-30,2562649000.0,10-Q,2016-07-29
us-gaap,CashAndCashEquivalentsAtCarryingValue,USD,,2015-09-30,2319373000.0,10-Q,2015-10-30
us-gaap,CashAndCashEquivalentsAtCarryingValue,USD,,2015-09-30,2319373000.0,10-Q,2016-10-31
us-gaap,CashAndCashEquivalentsAtCarryingValue,USD,,2015-12-31,2643599000.0,10-K,2016-02-29
us-gaap,CashAndCashEquivalentsAtCarryingValue,USD,,2015-12-31,2643599000.0,10-Q,2016-04-29
us-gaap,CashAndCashEquivalentsAtCarryingValue,USD,,2015-12-31,2643599000.0,10-Q,2016-07-29
us-gaap,CashAndCashEquivalentsAtCarryingValue,USD,,2015-12-31,2643599000.0,10-Q,2016-10-31
us-gaap,CashAndCashEquivalentsAtCarryingValue,USD,,2015-12-31,2643599000.0,10-K,2017-02-28
us-gaap,CashAndCashEquivalentsAtCarryingValue,USD,,2015-12-31,2643599000.0,10-Q,2017-04-28
us-gaap,CashAndCashEquivalentsAtCarryingValue,USD,,2015-12-31,2643599000.0,10-Q,2017-07-28
us-gaap,CashAndCashEquivalentsAtCarryingValue,USD,,2015-12-31,2643599000.0,10-Q,2017-10-31
us-gaap,CashAndCashEquivalentsAtCarryingValue,USD,,2015-12-31,2643599000.0,10-K,2018-02-27
us-gaap,CashAndCashEquivalentsAtCarryingValue,USD,,2015-12-31,2643599000.0,10-K,2019-03-01
us-gaap,CashAndCashEquivalentsAtCarryingValue,USD,,2016-03-31,2312672000.0,10-Q,2016-04-29
us-gaap,CashAndCashEquivalentsAtCarryingValue,USD,,2016-03-31,2312672000.0,10-Q,2017-04-28
us-gaap,CashAndCashEquivalentsAtCarryingValue,USD,,2016-06-30,2406551000.0,10-Q,2016-07-29
us-gaap,CashAndCashEquivalentsAtCarryingValue,USD,,2016-06-30,2406551000.0,10-Q,2017-07-28
us-gaap,CashAndCashEquivalentsAtCarryingValue,USD,,2016-09-30,2616894000.0,10-Q,2016-10-31
us-gaap,CashAndCashEquivalentsAtCarryingValue,USD,,2016-09-30,2616894000.0,10-Q,2017-10-31
us-gaap,CashAndCashEquivalentsAtCarryingValue,USD,,2016-12-31,2537497000.0,10-K,2017-02-28
us-gaap,CashAndCashEquivalentsAtCarryingValue,USD,,2016-12-31,2537497000.0,10-Q,2017-04-28
us-gaap,CashAndCashEquivalentsAtCarryingValue,USD,,2016-12-31,2537497000.0,10-Q,2017-07-28
us-gaap,CashAndCashEquivalentsAtCarryingValue,USD,,2016-12-31,2537497000.0,10-Q,2017-10-31
us-gaap,CashAndCashEquivalentsAtCarryingValue,USD,,2016-12-31,2537497000.0,10-K,2018-02-27
us-gaap,CashAndCashEquivalentsAtCarryingValue,USD,,2016-12-31,2537497000.0,10-Q,2018-04-27
us-gaap,CashAndCashEquivalentsAtCarryingValue,USD,,2016-12-31,2537497000.0,10-Q,2018-07-31
us-gaap,CashAndCashEquivalentsAtCarryingValue,USD,,2016-12-31,2537497000.0,10-Q,2018-10-30
us-gaap,CashAndCashEquivalentsAtCarryingValue,USD,,2016-12-31,2537497000.0,10-K,2019-03-01
us-gaap,CashAndCashEquivalentsAtCarryingValue,USD,,2016-12-31,2537497000.0,10-K,2020-02-27
us-gaap,CashAndCashEquivalentsAtCarryingValue,USD,,2017-03-31,2767215000.0,10-Q,2017-04-28
us-gaap,CashAndCashEquivalentsAtCarryingValue,USD,,2017-03-31,2767215000.0,10-Q,2018-04-27
us-gaap,CashAndCashEquivalentsAtCarryingValue,USD,,2017-06-30,2640418000.0,10-Q,2017-07-28
us-gaap,CashAndCashEquivalentsAtCarryingValue,USD,,2017-06-30,2640418000.0,10-Q,2018-07-31
us-gaap,CashAndCashEquivalentsAtCarryingValue,USD,,2017-09-30,2473982000.0,10-Q,2017-10-31
us-gaap,CashAndCashEquivalentsAtCarryingValue,USD,,2017-09-30,2473982000.0,10-Q,2018-10-30
us-gaap,CashAndCashEquivalentsAtCarryingValue,USD,,2017-12-31,2317054000.0,10-K,2018-02-27
us-gaap,CashAndCashEquivalentsAtCarryingValue,USD,,2017-12-31,2317054000.0,10-Q,2018-04-27
us-gaap,CashAndCashEquivalentsAtCarryingValue,USD,,2017-12-31,2317054000.0,10-Q,2018-07-31
us-gaap,CashAndCashEquivalentsAtCarryingValue,USD,,2017-12-31,2317054000.0,10-Q,2018-10-30
us-gaap,CashAndCashEquivalentsAtCarryingValue,USD,,2017-12-31,2317054000.0,10-K,2019-03-01
us-gaap,CashAndCashEquivalentsAtCarryingValue,USD,,2017-12-31,2317054000.0,10-Q,2019-05-01
us-gaap,CashAndCashEquivalentsAtCarryingValue,USD,,2017-12-31,2317054000.0,10-Q,2019-08-09
us-gaap,CashAndCashEquivalentsAtCarryingValue,USD,,2017-12-31,2317054000.0,10-Q,2019-10-30
us-gaap,CashAndCashEquivalentsAtCarryingValue,USD,,2017-12-31,2317054000.0,10-K,2020-02-27
us-gaap,CashAndCashEquivalentsAtCarryingValue,USD,,2017-12-31,2317054000.0,10-K,2021-02-24
us-gaap,CashAndCashEquivalentsAtCarryingValue,USD,,2018-03-31,2599433000.0,10-Q,2018-04-27
us-gaap,CashAndCashEquivalentsAtCarryingValue,USD,,2018-03-31,2599433000.0,10-Q,2019-05-01
us-gaap,CashAndCashEquivalentsAtCarryingValue,USD,,2018-06-30,1458800000.0,10-Q,2018-07-31
us-gaap,CashAndCashEquivalentsAtCarryingValue,USD,,2018-06-30,1458800000.0,10-Q,2019-08-09
us-gaap,CashAndCashEquivalentsAtCarryingValue,USD,,2018-09-30,1246247000.0,10-Q,2018-10-30
us-gaap,CashAndCashEquivalentsAtCarryingValue,USD,,2018-09-30,1246247000.0,10-Q,2019-10-30
us-gaap,CashAndCashEquivalentsAtCarryingValue,USD,,2018-12-31,1143424000.0,10-K,2019-03-01
us-gaap,CashAndCashEquivalentsAtCarryingValue,USD,,2018-12-31,1143424000.0,10-Q,2019-05-01
us-gaap,CashAndCashEquivalentsAtCarryingValue,USD,,2018-12-31,1143424000.0,10-Q,2019-08-09
us-gaap,CashAndCashEquivalentsAtCarryingValue,USD,,2018-12-31,1143424000.0,10-Q,2019-10-30
us-gaap,CashAndCashEquivalentsAtCarryingValue,USD,,2018-12-31,1143424000.0,10-K,2020-02-27
us-gaap,CashAndCashEquivalentsAtCarryingValue,USD,,2018-12-31,1143424000.0,10-Q,2020-05-05
us-gaap,CashAndCashEquivalentsAtCarryingValue,USD,,2018-12-31,1143424000.0,10-Q,2020-08-04
us-gaap,CashAndCashEquivalentsAtCarryingValue,USD,,2018-12-31,1143424000.0,10-Q,2020-11-03
us-gaap,CashAndCashEquivalentsAtCarryingValue,USD,,2018-12-31,1143424000.0,10-K,2021-02-24
us-gaap,CashAndCashEquivalentsAtCarryingValue,USD,,2018-12-31,1143424000.0,10-K,2022-02-23
us-gaap,CashAndCashEquivalentsAtCarryingValue,USD,,2019-03-31,1282701000.0,10-Q,2019-05-01
us-gaap,CashAndCashEquivalentsAtCarryingValue,USD,,2019-03-31,1282701000.0,10-Q,2020-05-05
us-gaap,CashAndCashEquivalentsAtCarryingValue,USD,,2019-06-30,1335491000.0,10-Q,2019-08-09
us-gaap,CashAndCashEquivalentsAtCarryingValue,USD,,2019-06-30,1335491000.0,10-Q,2020-08-04
us-gaap,CashAndCashEquivalentsAtCarryingValue,USD,,2019-09-30,1226588000.0,10-Q,2019-10-30
us-gaap,CashAndCashEquivalentsAtCarryingValue,USD,,2019-09-30,1226588000.0,10-Q,2020-11-03
us-gaap,CashAndCashEquivalentsAtCarryingValue,USD,,2019-12-31,1258821000.0,10-K,2020-02-27
us-gaap,CashAndCashEquivalentsAtCarryingValue,USD,,2019-12-31,1258821000.0,10-Q,2020-05-05
us-gaap,CashAndCashEquivalentsAtCarryingValue,USD,,2019-12-31,1258821000.0,10-Q,2020-08-04
us-gaap,CashAndCashEquivalentsAtCarryingValue,USD,,2019-12-31,1258821000.0,10-Q,2020-11-03
us-gaap,CashAndCashEquivalentsAtCarryingValue,USD,,2019-12-31,1258821000.0,10-K,2021-02-24
us-gaap,CashAndCashEquivalentsAtCarryingValue,USD,,2019-12-31,1258821000.0,10-Q,2021-05-05
us-gaap,CashAndCashEquivalentsAtCarryingValue,USD,,2019-12-31,1258821000.0,10-Q,2021-08-04
us-gaap,CashAndCashEquivalentsAtCarryingValue,USD,,2019-12-31,1258821000.0,10-Q,2021-11-03
us-gaap,CashAndCashEquivalentsAtCarryingValue,USD,,2019-12-31,1258821000.0,10-K,2022-02-23
us-gaap,CashAndCashEquivalentsAtCarryingValue,USD,,2020-03-31,973077000.0,10-Q,2020-05-05
us-gaap,CashAndCashEquivalentsAtCarryingValue,USD,,2020-03-31,973077000.0,10-Q,2021-05-05
us-gaap,CashAndCashEquivalentsAtCarryingValue,USD,,2020-06-30,1247772000.0,10-Q,2020-08-04
us-gaap,CashAndCashEquivalentsAtCarryingValue,USD,,2020-06-30,1247772000.0,10-Q,2021-08-04
us-gaap,CashAndCashEquivalentsAtCarryingValue,USD,,2020-09-30,1006371000.0,10-Q,2020-11-03
us-gaap,CashAndCashEquivalentsAtCarryingValue,USD,,2020-09-30,1006371000.0,10-Q,2021-11-03
us-gaap,CashAndCashEquivalentsAtCarryingValue,USD,,2020-12-31,1180573000.0,10-K,2021-02-24
us-gaap,CashAndCashEquivalentsAtCarryingValue,USD,,2020-12-31,1180573000.0,10-Q,2021-05-05
us-gaap,CashAndCashEquivalentsAtCarryingValue,USD,,2020-12-31,1180573000.0,10-Q,2021-08-04
us-gaap,CashAndCashEquivalentsAtCarryingValue,USD,,2020-12-31,1180573000.0,10-Q,2021-11-03
us-gaap,CashAndCashEquivalentsAtCarryingValue,USD,,2020-12-31,1180573000.0,10-K,2022-02-23
us-gaap,CashAndCashEquivalentsAtCarryingValue,USD,,2021-03-31,1419196000.0,10-Q,2021-05-05
us-gaap,CashAndCashEquivalentsAtCarryingValue,USD,,2021-06-30,1259455000.0,10-Q,2021-08-04
us-gaap,CashAndCashEquivalentsAtCarryingValue,USD,,2021-09-30,1891978000.0,10-Q,2021-11-03
us-gaap,CashAndCashEquivalentsAtCarryingValue,USD,,2021-12-31,2837410000.0,10-K,2022-02-23
us-gaap,CashAndCashEquivalentsPeriodIncreaseDecrease,USD,2008-01-01,2008-12-31,-195471000.0,10-K,2011-02-28
us-gaap,CashAndCashEquivalentsPeriodIncreaseDecrease,USD,2009-01-01,2009-06-30,-112261000.0,10-Q,2010-08-03
us-gaap,CashAndCashEquivalentsPeriodIncreaseDecrease,USD,2009-01-01,2009-09-30,727767000.0,10-Q,2010-11-01
us-gaap,CashAndCashEquivalentsPeriodIncreaseDecrease,USD,2009-01-01,2009-12-31,226274000.0,10-K,2011-02-28
us-gaap,CashAndCashEquivalentsPeriodIncreaseDecrease,USD,2009-01-01,2009-12-31,226274000.0,10-K,2012-02-28
us-gaap,CashAndCashEquivalentsPeriodIncreaseDecrease,USD,2010-01-01,2010-03-31,10769000.0,10-Q,2011-05-10
us-gaap,CashAndCashEquivalentsPeriodIncreaseDecrease,USD,2010-01-01,2010-06-30,-68690000.0,10-Q,2010-08-03
us-gaap,CashAndCashEquivalentsPeriodIncreaseDecrease,USD,2010-01-01,2010-06-30,-68690000.0,10-Q/A,2011-08-12
us-gaap,CashAndCashEquivalentsPeriodIncreaseDecrease,USD,2010-01-01,2010-09-30,274686000.0,10-Q,2010-11-01
us-gaap,CashAndCashEquivalentsPeriodIncreaseDecrease,USD,2010-01-01,2010-09-30,274686000.0,10-Q,2011-11-08
us-gaap,CashAndCashEquivalentsPeriodIncreaseDecrease,USD,2010-01-01,2010-12-31,348188000.0,10-K,2011-02-28
us-gaap,CashAndCashEquivalentsPeriodIncreaseDecrease,USD,2010-01-01,2010-12-31,348188000.0,10-K,2012-02-28
us-gaap,CashAndCashEquivalentsPeriodIncreaseDecrease,USD,2010-01-01,2010-12-31,348188000.0,10-K,2013-02-27
us-gaap,CashAndCashEquivalentsPeriodIncreaseDecrease,USD,2011-01-01,2011-03-31,-461014000.0,10-Q,2011-05-10
us-gaap,CashAndCashEquivalentsPeriodIncreaseDecrease,USD,2011-01-01,2011-03-31,-461014000.0,10-Q,2012-05-08
us-gaap,CashAndCashEquivalentsPeriodIncreaseDecrease,USD,2011-01-01,2011-06-30,-158643000.0,10-Q/A,2011-08-12
us-gaap,CashAndCashEquivalentsPeriodIncreaseDecrease,USD,2011-01-01,2011-06-30,-158643000.0,10-Q,2012-08-07
us-gaap,CashAndCashEquivalentsPeriodIncreaseDecrease,USD,2011-01-01,2011-09-30,-296523000.0,10-Q,2011-11-08
us-gaap,CashAndCashEquivalentsPeriodIncreaseDecrease,USD,2011-01-01,2011-09-30,-296523000.0,10-Q,2012-11-06
us-gaap,CashAndCashEquivalentsPeriodIncreaseDecrease,USD,2011-01-01,2011-12-31,-283039000.0,10-K,2012-02-28
us-gaap,CashAndCashEquivalentsPeriodIncreaseDecrease,USD,2011-01-01,2011-12-31,-283039000.0,10-K,2013-02-27
us-gaap,CashAndCashEquivalentsPeriodIncreaseDecrease,USD,2011-01-01,2011-12-31,-283039000.0,10-K,2014-02-26
us-gaap,CashAndCashEquivalentsPeriodIncreaseDecrease,USD,2012-01-01,2012-03-31,-280059000.0,10-Q,2012-05-08
us-gaap,CashAndCashEquivalentsPeriodIncreaseDecrease,USD,2012-01-01,2012-03-31,-280059000.0,10-Q,2013-05-03
us-gaap,CashAndCashEquivalentsPeriodIncreaseDecrease,USD,2012-01-01,2012-06-30,-347102000.0,10-Q,2012-08-07
us-gaap,CashAndCashEquivalentsPeriodIncreaseDecrease,USD,2012-01-01,2012-06-30,-347102000.0,10-Q,2013-08-02
us-gaap,CashAndCashEquivalentsPeriodIncreaseDecrease,USD,2012-01-01,2012-09-30,-370871000.0,10-Q,2012-11-06
us-gaap,CashAndCashEquivalentsPeriodIncreaseDecrease,USD,2012-01-01,2012-09-30,-370871000.0,10-Q,2013-11-01
us-gaap,CashAndCashEquivalentsPeriodIncreaseDecrease,USD,2012-01-01,2012-12-31,299874000.0,10-K,2013-02-27
us-gaap,CashAndCashEquivalentsPeriodIncreaseDecrease,USD,2012-01-01,2012-12-31,299874000.0,10-K,2014-02-26
us-gaap,CashAndCashEquivalentsPeriodIncreaseDecrease,USD,2012-01-01,2012-12-31,299874000.0,10-K,2015-02-27
us-gaap,CashAndCashEquivalentsPeriodIncreaseDecrease,USD,2013-01-01,2013-03-31,-340622000.0,10-Q,2013-05-03
us-gaap,CashAndCashEquivalentsPeriodIncreaseDecrease,USD,2013-01-01,2013-03-31,-340622000.0,10-Q,2014-05-02
us-gaap,CashAndCashEquivalentsPeriodIncreaseDecrease,USD,2013-01-01,2013-06-30,-207854000.0,10-Q,2013-08-02
us-gaap,CashAndCashEquivalentsPeriodIncreaseDecrease,USD,2013-01-01,2013-06-30,-207852000.0,10-Q,2014-08-01
us-gaap,CashAndCashEquivalentsPeriodIncreaseDecrease,USD,2013-01-01,2013-09-30,-125254000.0,10-Q,2013-11-01
us-gaap,CashAndCashEquivalentsPeriodIncreaseDecrease,USD,2013-01-01,2013-09-30,-125254000.0,10-Q,2014-10-31
us-gaap,CashAndCashEquivalentsPeriodIncreaseDecrease,USD,2013-01-01,2013-12-31,-199026000.0,10-K,2014-02-26
us-gaap,CashAndCashEquivalentsPeriodIncreaseDecrease,USD,2013-01-01,2013-12-31,-199026000.0,10-K,2015-02-27
us-gaap,CashAndCashEquivalentsPeriodIncreaseDecrease,USD,2013-01-01,2013-12-31,-199026000.0,10-K,2016-02-29
us-gaap,CashAndCashEquivalentsPeriodIncreaseDecrease,USD,2014-01-01,2014-03-31,266793000.0,10-Q,2014-05-02
us-gaap,CashAndCashEquivalentsPeriodIncreaseDecrease,USD,2014-01-01,2014-03-31,266793000.0,10-Q,2015-05-01
us-gaap,CashAndCashEquivalentsPeriodIncreaseDecrease,USD,2014-01-01,2014-06-30,260661000.0,10-Q,2014-08-01
us-gaap,CashAndCashEquivalentsPeriodIncreaseDecrease,USD,2014-01-01,2014-06-30,260661000.0,10-Q,2015-07-31
us-gaap,CashAndCashEquivalentsPeriodIncreaseDecrease,USD,2014-01-01,2014-09-30,1478346000.0,10-Q,2014-10-31
us-gaap,CashAndCashEquivalentsPeriodIncreaseDecrease,USD,2014-01-01,2014-09-30,1478346000.0,10-Q,2015-10-30
us-gaap,CashAndCashEquivalentsPeriodIncreaseDecrease,USD,2014-01-01,2014-12-31,1388629000.0,10-K,2015-02-27
us-gaap,CashAndCashEquivalentsPeriodIncreaseDecrease,USD,2014-01-01,2014-12-31,1388629000.0,10-K,2016-02-29
us-gaap,CashAndCashEquivalentsPeriodIncreaseDecrease,USD,2014-01-01,2014-12-31,1388629000.0,10-K,2017-02-28
us-gaap,CashAndCashEquivalentsPeriodIncreaseDecrease,USD,2015-01-01,2015-03-31,134828000.0,10-Q,2015-05-01
us-gaap,CashAndCashEquivalentsPeriodIncreaseDecrease,USD,2015-01-01,2015-03-31,134828000.0,10-Q,2016-04-29
us-gaap,CashAndCashEquivalentsPeriodIncreaseDecrease,USD,2015-01-01,2015-06-30,86807000.0,10-Q,2015-07-31
us-gaap,CashAndCashEquivalentsPeriodIncreaseDecrease,USD,2015-01-01,2015-06-30,86807000.0,10-Q,2016-07-29
us-gaap,CashAndCashEquivalentsPeriodIncreaseDecrease,USD,2015-01-01,2015-09-30,-156469000.0,10-Q,2015-10-30
us-gaap,CashAndCashEquivalentsPeriodIncreaseDecrease,USD,2015-01-01,2015-09-30,-156469000.0,10-Q,2016-10-31
us-gaap,CashAndCashEquivalentsPeriodIncreaseDecrease,USD,2015-01-01,2015-12-31,167757000.0,10-K,2016-02-29
us-gaap,CashAndCashEquivalentsPeriodIncreaseDecrease,USD,2015-01-01,2015-12-31,167757000.0,10-K,2017-02-28
us-gaap,CashAndCashEquivalentsPeriodIncreaseDecrease,USD,2015-01-01,2015-12-31,167757000.0,10-K,2018-02-27
us-gaap,CashAndCashEquivalentsPeriodIncreaseDecrease,USD,2016-01-01,2016-03-31,-330927000.0,10-Q,2016-04-29
us-gaap,CashAndCashEquivalentsPeriodIncreaseDecrease,USD,2016-01-01,2016-03-31,-330927000.0,10-Q,2017-04-28
us-gaap,CashAndCashEquivalentsPeriodIncreaseDecrease,USD,2016-01-01,2016-06-30,-237048000.0,10-Q,2016-07-29
us-gaap,CashAndCashEquivalentsPeriodIncreaseDecrease,USD,2016-01-01,2016-06-30,-237048000.0,10-Q,2017-07-28
us-gaap,CashAndCashEquivalentsPeriodIncreaseDecrease,USD,2016-01-01,2016-09-30,-26705000.0,10-Q,2016-10-31
us-gaap,CashAndCashEquivalentsPeriodIncreaseDecrease,USD,2016-01-01,2016-09-30,-26705000.0,10-Q,2017-10-31
us-gaap,CashAndCashEquivalentsPeriodIncreaseDecrease,USD,2016-01-01,2016-12-31,-106102000.0,10-K,2017-02-28
us-gaap,CashAndCashEquivalentsPeriodIncreaseDecrease,USD,2016-01-01,2016-12-31,-106102000.0,10-K,2018-02-27
us-gaap,CashAndCashEquivalentsPeriodIncreaseDecrease,USD,2016-01-01,2016-12-31,-106102000.0,10-K,2019-03-01
us-gaap,CashAndCashEquivalentsPeriodIncreaseDecrease,USD,2017-01-01,2017-03-31,229718000.0,10-Q,2017-04-28
us-gaap,CashAndCashEquivalentsPeriodIncreaseDecrease,USD,2017-01-01,2017-03-31,229718000.0,10-Q,2018-04-27
us-gaap,CashAndCashEquivalentsPeriodIncreaseDecrease,USD,2017-01-01,2017-06-30,102921000.0,10-Q,2017-07-28
us-gaap,CashAndCashEquivalentsPeriodIncreaseDecrease,USD,2017-01-01,2017-06-30,102921000.0,10-Q,2018-07-31
us-gaap,CashAndCashEquivalentsPeriodIncreaseDecrease,USD,2017-01-01,2017-09-30,-63515000.0,10-Q,2017-10-31
us-gaap,CashAndCashEquivalentsPeriodIncreaseDecrease,USD,2017-01-01,2017-09-30,-63515000.0,10-Q,2018-10-30
us-gaap,CashAndCashEquivalentsPeriodIncreaseDecrease,USD,2017-01-01,2017-12-31,-220443000.0,10-K,2018-02-27
us-gaap,CashAndCashEquivalentsPeriodIncreaseDecrease,USD,2017-01-01,2017-12-31,-220443000.0,10-K,2019-03-01
us-gaap,CashAndCashEquivalentsPeriodIncreaseDecrease,USD,2017-01-01,2017-12-31,-220443000.0,10-K,2020-02-27
us-gaap,CashAndCashEquivalentsPeriodIncreaseDecrease,USD,2018-01-01,2018-03-31,282379000.0,10-Q,2018-04-27
us-gaap,CashAndCashEquivalentsPeriodIncreaseDecrease,USD,2018-01-01,2018-03-31,282379000.0,10-Q,2019-05-01
us-gaap,CashAndCashEquivalentsPeriodIncreaseDecrease,USD,2018-01-01,2018-06-30,-858254000.0,10-Q,2018-07-31
us-gaap,CashAndCashEquivalentsPeriodIncreaseDecrease,USD,2018-01-01,2018-06-30,-858254000.0,10-Q,2019-08-09
us-gaap,CashAndCashEquivalentsPeriodIncreaseDecrease,USD,2018-01-01,2018-09-30,-1070807000.0,10-Q,2018-10-30
us-gaap,CashAndCashEquivalentsPeriodIncreaseDecrease,USD,2018-01-01,2018-09-30,-1070807000.0,10-Q,2019-10-30
us-gaap,CashAndCashEquivalentsPeriodIncreaseDecrease,USD,2018-01-01,2018-12-31,-1173630000.0,10-K,2019-03-01
us-gaap,CashAndCashEquivalentsPeriodIncreaseDecrease,USD,2018-01-01,2018-12-31,-1173630000.0,10-K,2020-02-27
us-gaap,CashAndCashEquivalentsPeriodIncreaseDecrease,USD,2019-01-01,2019-03-31,139277000.0,10-Q,2019-05-01
us-gaap,CashAndCashEquivalentsPeriodIncreaseDecrease,USD,2019-01-01,2019-06-30,192067000.0,10-Q,2019-08-09
us-gaap,CashAndCashEquivalentsPeriodIncreaseDecrease,USD,2019-01-01,2019-09-30,83164000.0,10-Q,2019-10-30
us-gaap,CashAndCashEquivalentsPeriodIncreaseDecrease,USD,2019-01-01,2019-12-31,115397000.0,10-K,2020-02-27
us-gaap,CashAndDueFromBanks,USD,,2009-06-30,470553000.0,10-Q,2010-08-03
us-gaap,CashAndDueFromBanks,USD,,2009-09-30,1383244000.0,10-Q,2010-11-01
us-gaap,CashAndDueFromBanks,USD,,2009-12-31,875250000.0,10-Q,2010-08-03
us-gaap,CashAndDueFromBanks,USD,,2009-12-31,875250000.0,10-Q,2010-11-01
us-gaap,CashAndDueFromBanks,USD,,2009-12-31,875250000.0,10-K,2011-02-28
us-gaap,CashAndDueFromBanks,USD,,2010-03-31,902575000.0,10-Q,2011-05-10
us-gaap,CashAndDueFromBanks,USD,,2010-06-30,834972000.0,10-Q,2010-08-03
us-gaap,CashAndDueFromBanks,USD,,2010-06-30,834972000.0,10-Q/A,2011-08-12
us-gaap,CashAndDueFromBanks,USD,,2010-09-30,1175434000.0,10-Q,2010-11-01
us-gaap,CashAndDueFromBanks,USD,,2010-09-30,1175434000.0,10-Q,2011-11-08
us-gaap,CashAndDueFromBanks,USD,,2010-12-31,1247946000.0,10-K,2011-02-28
us-gaap,CashAndDueFromBanks,USD,,2010-12-31,1247946000.0,10-Q,2011-05-10
us-gaap,CashAndDueFromBanks,USD,,2010-12-31,1247946000.0,10-Q/A,2011-08-12
us-gaap,CashAndDueFromBanks,USD,,2010-12-31,1247946000.0,10-Q,2011-11-08
us-gaap,CashAndDueFromBanks,USD,,2010-12-31,1247946000.0,10-K,2012-02-28
us-gaap,CashAndDueFromBanks,USD,,2011-03-31,805928000.0,10-Q,2011-05-10
us-gaap,CashAndDueFromBanks,USD,,2011-03-31,805928000.0,10-Q,2012-05-08
us-gaap,CashAndDueFromBanks,USD,,2011-06-30,1098721000.0,10-Q/A,2011-08-12
us-gaap,CashAndDueFromBanks,USD,,2011-06-30,1098721000.0,10-Q,2012-08-07
us-gaap,CashAndDueFromBanks,USD,,2011-09-30,953688000.0,10-Q,2011-11-08
us-gaap,CashAndDueFromBanks,USD,,2011-09-30,953688000.0,10-Q,2012-11-06
us-gaap,CashAndDueFromBanks,USD,,2011-12-31,976191000.0,10-K,2012-02-28
us-gaap,CashAndDueFromBanks,USD,,2011-12-31,976191000.0,10-Q,2012-05-08
us-gaap,CashAndDueFromBanks,USD,,2011-12-31,976191000.0,10-Q,2012-08-07
us-gaap,CashAndDueFromBanks,USD,,2011-12-31,976191000.0,10-Q,2012-11-06
us-gaap,CashAndDueFromBanks,USD,,2011-12-31,976191000.0,10-K,2013-02-27
us-gaap,CashAndDueFromBanks,USD,,2012-03-31,691697000.0,10-Q,2012-05-08
us-gaap,CashAndDueFromBanks,USD,,2012-03-31,691697000.0,10-Q,2013-05-03
us-gaap,CashAndDueFromBanks,USD,,2012-06-30,628092000.0,10-Q,2012-08-07
us-gaap,CashAndDueFromBanks,USD,,2012-06-30,628092000.0,10-Q,2013-08-02
us-gaap,CashAndDueFromBanks,USD,,2012-09-30,596590000.0,10-Q,2012-11-06
us-gaap,CashAndDueFromBanks,USD,,2012-09-30,596590000.0,10-Q,2013-11-01
us-gaap,CashAndDueFromBanks,USD,,2012-12-31,1266834000.0,10-K,2013-02-27
us-gaap,CashAndDueFromBanks,USD,,2012-12-31,1266834000.0,10-Q,2013-05-03
us-gaap,CashAndDueFromBanks,USD,,2012-12-31,1266834000.0,10-Q,2013-08-02
us-gaap,CashAndDueFromBanks,USD,,2012-12-31,1266834000.0,10-Q,2013-11-01
us-gaap,CashAndDueFromBanks,USD,,2012-12-31,710739000.0,10-K,2014-02-26
us-gaap,CashAndDueFromBanks,USD,,2013-03-31,928035000.0,10-Q,2013-05-03
us-gaap,CashAndDueFromBanks,USD,,2013-03-31,458471000.0,10-Q,2014-05-02
us-gaap,CashAndDueFromBanks,USD,,2013-06-30,1026497000.0,10-Q,2013-08-02
us-gaap,CashAndDueFromBanks,USD,,2013-06-30,507551000.0,10-Q,2014-08-01
us-gaap,CashAndDueFromBanks,USD,,2013-09-30,1133771000.0,10-Q,2013-11-01
us-gaap,CashAndDueFromBanks,USD,,2013-09-30,625671000.0,10-Q,2014-10-31
us-gaap,CashAndDueFromBanks,USD,,2013-12-31,512931000.0,10-K,2014-02-26
us-gaap,CashAndDueFromBanks,USD,,2013-12-31,512931000.0,10-Q,2014-05-02
us-gaap,CashAndDueFromBanks,USD,,2013-12-31,512931000.0,10-Q,2014-08-01
us-gaap,CashAndDueFromBanks,USD,,2013-12-31,512931000.0,10-Q,2014-10-31
us-gaap,CashAndDueFromBanks,USD,,2013-12-31,512931000.0,10-K,2015-02-27
us-gaap,CashAndDueFromBanks,USD,,2014-03-31,645435000.0,10-Q,2014-05-02
us-gaap,CashAndDueFromBanks,USD,,2014-03-31,645435000.0,10-Q,2015-05-01
us-gaap,CashAndDueFromBanks,USD,,2014-06-30,615479000.0,10-Q,2014-08-01
us-gaap,CashAndDueFromBanks,USD,,2014-06-30,615479000.0,10-Q,2015-07-31
us-gaap,CashAndDueFromBanks,USD,,2014-09-30,557658000.0,10-Q,2014-10-31
us-gaap,CashAndDueFromBanks,USD,,2014-09-30,557658000.0,10-Q,2015-10-30
us-gaap,CashAndDueFromBanks,USD,,2014-12-31,550576000.0,10-K,2015-02-27
us-gaap,CashAndDueFromBanks,USD,,2014-12-31,550576000.0,10-Q,2015-05-01
us-gaap,CashAndDueFromBanks,USD,,2014-12-31,550576000.0,10-Q,2015-07-31
us-gaap,CashAndDueFromBanks,USD,,2014-12-31,550576000.0,10-Q,2015-10-30
us-gaap,CashAndDueFromBanks,USD,,2014-12-31,550576000.0,10-K,2016-02-29
us-gaap,CashAndDueFromBanks,USD,,2015-03-31,490683000.0,10-Q,2015-05-01
us-gaap,CashAndDueFromBanks,USD,,2015-03-31,490683000.0,10-Q,2016-04-29
us-gaap,CashAndDueFromBanks,USD,,2015-06-30,443577000.0,10-Q,2015-07-31
us-gaap,CashAndDueFromBanks,USD,,2015-06-30,443577000.0,10-Q,2016-07-29
us-gaap,CashAndDueFromBanks,USD,,2015-09-30,489268000.0,10-Q,2015-10-30
us-gaap,CashAndDueFromBanks,USD,,2015-09-30,489268000.0,10-Q,2016-10-31
us-gaap,CashAndDueFromBanks,USD,,2015-12-31,573699000.0,10-K,2016-02-29
us-gaap,CashAndDueFromBanks,USD,,2015-12-31,573699000.0,10-Q,2016-04-29
us-gaap,CashAndDueFromBanks,USD,,2015-12-31,573699000.0,10-Q,2016-07-29
us-gaap,CashAndDueFromBanks,USD,,2015-12-31,573699000.0,10-Q,2016-10-31
us-gaap,CashAndDueFromBanks,USD,,2015-12-31,573699000.0,10-K,2017-02-28
us-gaap,CashAndDueFromBanks,USD,,2016-03-31,481510000.0,10-Q,2016-04-29
us-gaap,CashAndDueFromBanks,USD,,2016-03-31,481510000.0,10-Q,2017-04-28
us-gaap,CashAndDueFromBanks,USD,,2016-06-30,498713000.0,10-Q,2016-07-29
us-gaap,CashAndDueFromBanks,USD,,2016-06-30,498713000.0,10-Q,2017-07-28
us-gaap,CashAndDueFromBanks,USD,,2016-09-30,535916000.0,10-Q,2016-10-31
us-gaap,CashAndDueFromBanks,USD,,2016-09-30,535916000.0,10-Q,2017-10-31
us-gaap,CashAndDueFromBanks,USD,,2016-12-31,620846000.0,10-K,2017-02-28
us-gaap,CashAndDueFromBanks,USD,,2016-12-31,620846000.0,10-Q,2017-04-28
us-gaap,CashAndDueFromBanks,USD,,2016-12-31,620846000.0,10-Q,2017-07-28
us-gaap,CashAndDueFromBanks,USD,,2016-12-31,620846000.0,10-Q,2017-10-31
us-gaap,CashAndDueFromBanks,USD,,2016-12-31,620846000.0,10-K,2018-02-27
us-gaap,CashAndDueFromBanks,USD,,2017-03-31,546575000.0,10-Q,2017-04-28
us-gaap,CashAndDueFromBanks,USD,,2017-03-31,546575000.0,10-Q,2018-04-27
us-gaap,CashAndDueFromBanks,USD,,2017-06-30,561587000.0,10-Q,2017-07-28
us-gaap,CashAndDueFromBanks,USD,,2017-06-30,561587000.0,10-Q,2018-07-31
us-gaap,CashAndDueFromBanks,USD,,2017-09-30,547203000.0,10-Q,2017-10-31
us-gaap,CashAndDueFromBanks,USD,,2017-09-30,547203000.0,10-Q,2018-10-30
us-gaap,CashAndDueFromBanks,USD,,2017-12-31,602510000.0,10-K,2018-02-27
us-gaap,CashAndDueFromBanks,USD,,2017-12-31,602510000.0,10-Q,2018-04-27
us-gaap,CashAndDueFromBanks,USD,,2017-12-31,602510000.0,10-Q,2018-07-31
us-gaap,CashAndDueFromBanks,USD,,2017-12-31,602510000.0,10-Q,2018-10-30
us-gaap,CashAndDueFromBanks,USD,,2017-12-31,602510000.0,10-K,2019-03-01
us-gaap,CashAndDueFromBanks,USD,,2018-03-31,544534000.0,10-Q,2018-04-27
us-gaap,CashAndDueFromBanks,USD,,2018-06-30,585801000.0,10-Q,2018-07-31
us-gaap,CashAndDueFromBanks,USD,,2018-09-30,815458000.0,10-Q,2018-10-30
us-gaap,CashAndDueFromBanks,USD,,2018-12-31,741749000.0,10-K,2019-03-01
us-gaap,CashAndDueFromBanks,USD,,2018-12-31,741749000.0,10-Q,2019-05-01
us-gaap,CashAndDueFromBanks,USD,,2018-12-31,741749000.0,10-Q,2019-08-09
us-gaap,CashAndDueFromBanks,USD,,2018-12-31,741749000.0,10-Q,2019-10-30
us-gaap,CashAndDueFromBanks,USD,,2018-12-31,741749000.0,10-K,2020-02-27
us-gaap,CashAndDueFromBanks,USD,,2019-03-31,718297000.0,10-Q,2019-05-01
us-gaap,CashAndDueFromBanks,USD,,2019-06-30,739109000.0,10-Q,2019-08-09
us-gaap,CashAndDueFromBanks,USD,,2019-09-30,761130000.0,10-Q,2019-10-30
us-gaap,CashAndDueFromBanks,USD,,2019-12-31,735836000.0,10-K,2020-02-27
us-gaap,CashAndDueFromBanks,USD,,2019-12-31,735836000.0,10-Q,2020-05-05
us-gaap,CashAndDueFromBanks,USD,,2019-12-31,735836000.0,10-Q,2020-08-04
us-gaap,CashAndDueFromBanks,USD,,2019-12-31,735836000.0,10-Q,2020-11-03
us-gaap,CashAndDueFromBanks,USD,,2019-12-31,735836000.0,10-K,2021-02-24
us-gaap,CashAndDueFromBanks,USD,,2020-03-31,670500000.0,10-Q,2020-05-05
us-gaap,CashAndDueFromBanks,USD,,2020-06-30,762453000.0,10-Q,2020-08-04
us-gaap,CashAndDueFromBanks,USD,,2020-09-30,658612000.0,10-Q,2020-11-03
us-gaap,CashAndDueFromBanks,USD,,2020-12-31,798757000.0,10-K,2021-02-24
us-gaap,CashAndDueFromBanks,USD,,2020-12-31,798757000.0,10-Q,2021-05-05
us-gaap,CashAndDueFromBanks,USD,,2020-12-31,798757000.0,10-Q,2021-08-04
us-gaap,CashAndDueFromBanks,USD,,2020-12-31,798757000.0,10-Q,2021-11-03
us-gaap,CashAndDueFromBanks,USD,,2020-12-31,798757000.0,10-K,2022-02-23
us-gaap,CashAndDueFromBanks,USD,,2021-03-31,723983000.0,10-Q,2021-05-05
us-gaap,CashAndDueFromBanks,USD,,2021-06-30,678998000.0,10-Q,2021-08-04
us-gaap,CashAndDueFromBanks,USD,,2021-09-30,729285000.0,10-Q,2021-11-03
us-gaap,CashAndDueFromBanks,USD,,2021-12-31,712067000.0,10-K,2022-02-23
us-gaap,CashAndDueFromBanks,USD,,2021-12-31,712067000.0,10-Q,2022-05-04
us-gaap,CashAndDueFromBanks,USD,,2021-12-31,712067000.0,10-Q,2022-08-03
us-gaap,CashAndDueFromBanks,USD,,2021-12-31,712067000.0,10-Q,2022-11-02
us-gaap,CashAndDueFromBanks,USD,,2021-12-31,712067000.0,10-K,2023-03-01
us-gaap,CashAndDueFromBanks,USD,,2022-03-31,767805000.0,10-Q,2022-05-04
us-gaap,CashAndDueFromBanks,USD,,2022-06-30,1313563000.0,10-Q,2022-08-03
us-gaap,CashAndDueFromBanks,USD,,2022-09-30,804110000.0,10-Q,2022-11-02
us-gaap,CashAndDueFromBanks,USD,,2022-12-31,943810000.0,10-K,2023-03-01
us-gaap,CashAndDueFromBanks,USD,,2022-12-31,943810000.0,10-Q,2023-05-03
us-gaap,CashAndDueFromBanks,USD,,2022-12-31,943810000.0,10-Q,2023-08-02
us-gaap,CashAndDueFromBanks,USD,,2022-12-31,943810000.0,10-Q,2023-11-01
us-gaap,CashAndDueFromBanks,USD,,2022-12-31,943810000.0,10-K,2024-02-21
us-gaap,CashAndDueFromBanks,USD,,2023-03-31,792371000.0,10-Q,2023-05-03
us-gaap,CashAndDueFromBanks,USD,,2023-06-30,875714000.0,10-Q,2023-08-02
us-gaap,CashAndDueFromBanks,USD,,2023-09-30,854161000.0,10-Q,2023-11-01
us-gaap,CashAndDueFromBanks,USD,,2023-12-31,947613000.0,10-K,2024-02-21
us-gaap,CashAndDueFromBanks,USD,,2023-12-31,947613000.0,10-Q,2024-05-01
us-gaap,CashAndDueFromBanks,USD,,2023-12-31,947613000.0,10-Q,2024-07-31
us-gaap,CashAndDueFromBanks,USD,,2023-12-31,947613000.0,10-Q,2024-10-30
us-gaap,CashAndDueFromBanks,USD,,2023-12-31,947613000.0,10-K,2025-02-19
us-gaap,CashAndDueFromBanks,USD,,2024-03-31,801677000.0,10-Q,2024-05-01
us-gaap,CashAndDueFromBanks,USD,,2024-06-30,897811000.0,10-Q,2024-07-31
us-gaap,CashAndDueFromBanks,USD,,2024-09-30,928997000.0,10-Q,2024-10-30
us-gaap,CashAndDueFromBanks,USD,,2024-12-31,1043969000.0,10-K,2025-02-19
us-gaap,CashAndDueFromBanks,USD,,2024-12-31,1043969000.0,10-Q,2025-04-30
us-gaap,CashAndDueFromBanks,USD,,2024-12-31,1043969000.0,10-Q,2025-07-30
us-gaap,CashAndDueFromBanks,USD,,2024-12-31,1043969000.0,10-Q,2025-10-29
us-gaap,CashAndDueFromBanks,USD,,2024-12-31,1043969000.0,10-K,2026-02-18
us-gaap,CashAndDueFromBanks,USD,,2025-03-31,990358000.0,10-Q,2025-04-30
us-gaap,CashAndDueFromBanks,USD,,2025-06-30,1074130000.0,10-Q,2025-07-30
us-gaap,CashAndDueFromBanks,USD,,2025-09-30,880721000.0,10-Q,2025-10-29
us-gaap,CashAndDueFromBanks,USD,,2025-12-31,1001107000.0,10-K,2026-02-18
us-gaap,CashAndDueFromBanks,USD,,2025-12-31,1001107000.0,10-Q,2026-05-06
us-gaap,CashAndDueFromBanks,USD,,2025-12-31,1001107000.0,10-Q,2026-08-04
us-gaap,CashAndDueFromBanks,USD,,2026-03-31,905614000.0,10-Q,2026-05-06
us-gaap,CashAndDueFromBanks,USD,,2026-06-30,975769000.0,10-Q,2026-08-04
us-gaap,CashCashEquivalentsRestrictedCashAndRestrictedCashEquivalentsPeriodIncreaseDecreaseIncludingExchangeRateEffect,USD,2018-01-01,2018-12-31,-1173630000.0,10-K,2021-02-24
us-gaap,CashCashEquivalentsRestrictedCashAndRestrictedCashEquivalentsPeriodIncreaseDecreaseIncludingExchangeRateEffect,USD,2019-01-01,2019-03-31,139277000.0,10-Q,2020-05-05
us-gaap,CashCashEquivalentsRestrictedCashAndRestrictedCashEquivalentsPeriodIncreaseDecreaseIncludingExchangeRateEffect,USD,2019-01-01,2019-06-30,192067000.0,10-Q,2020-08-04
us-gaap,CashCashEquivalentsRestrictedCashAndRestrictedCashEquivalentsPeriodIncreaseDecreaseIncludingExchangeRateEffect,USD,2019-01-01,2019-09-30,83164000.0,10-Q,2020-11-03
us-gaap,CashCashEquivalentsRestrictedCashAndRestrictedCashEquivalentsPeriodIncreaseDecreaseIncludingExchangeRateEffect,USD,2019-01-01,2019-12-31,115397000.0,10-K,2021-02-24
us-gaap,CashCashEquivalentsRestrictedCashAndRestrictedCashEquivalentsPeriodIncreaseDecreaseIncludingExchangeRateEffect,USD,2019-01-01,2019-12-31,115397000.0,10-K,2022-02-23
us-gaap,CashCashEquivalentsRestrictedCashAndRestrictedCashEquivalentsPeriodIncreaseDecreaseIncludingExchangeRateEffect,USD,2020-01-01,2020-03-31,-285744000.0,10-Q,2020-05-05
us-gaap,CashCashEquivalentsRestrictedCashAndRestrictedCashEquivalentsPeriodIncreaseDecreaseIncludingExchangeRateEffect,USD,2020-01-01,2020-03-31,-285744000.0,10-Q,2021-05-05
us-gaap,CashCashEquivalentsRestrictedCashAndRestrictedCashEquivalentsPeriodIncreaseDecreaseIncludingExchangeRateEffect,USD,2020-01-01,2020-06-30,-11049000.0,10-Q,2020-08-04
us-gaap,CashCashEquivalentsRestrictedCashAndRestrictedCashEquivalentsPeriodIncreaseDecreaseIncludingExchangeRateEffect,USD,2020-01-01,2020-06-30,-11049000.0,10-Q,2021-08-04
us-gaap,CashCashEquivalentsRestrictedCashAndRestrictedCashEquivalentsPeriodIncreaseDecreaseIncludingExchangeRateEffect,USD,2020-01-01,2020-09-30,-252450000.0,10-Q,2020-11-03
us-gaap,CashCashEquivalentsRestrictedCashAndRestrictedCashEquivalentsPeriodIncreaseDecreaseIncludingExchangeRateEffect,USD,2020-01-01,2020-09-30,-252450000.0,10-Q,2021-11-03
us-gaap,CashCashEquivalentsRestrictedCashAndRestrictedCashEquivalentsPeriodIncreaseDecreaseIncludingExchangeRateEffect,USD,2020-01-01,2020-12-31,-78248000.0,10-K,2021-02-24
us-gaap,CashCashEquivalentsRestrictedCashAndRestrictedCashEquivalentsPeriodIncreaseDecreaseIncludingExchangeRateEffect,USD,2020-01-01,2020-12-31,-78248000.0,10-K,2022-02-23
us-gaap,CashCashEquivalentsRestrictedCashAndRestrictedCashEquivalentsPeriodIncreaseDecreaseIncludingExchangeRateEffect,USD,2020-01-01,2020-12-31,-78248000.0,10-K,2023-03-01
us-gaap,CashCashEquivalentsRestrictedCashAndRestrictedCashEquivalentsPeriodIncreaseDecreaseIncludingExchangeRateEffect,USD,2021-01-01,2021-03-31,238623000.0,10-Q,2021-05-05
us-gaap,CashCashEquivalentsRestrictedCashAndRestrictedCashEquivalentsPeriodIncreaseDecreaseIncludingExchangeRateEffect,USD,2021-01-01,2021-03-31,238623000.0,10-Q,2022-05-04
us-gaap,CashCashEquivalentsRestrictedCashAndRestrictedCashEquivalentsPeriodIncreaseDecreaseIncludingExchangeRateEffect,USD,2021-01-01,2021-06-30,78882000.0,10-Q,2021-08-04
us-gaap,CashCashEquivalentsRestrictedCashAndRestrictedCashEquivalentsPeriodIncreaseDecreaseIncludingExchangeRateEffect,USD,2021-01-01,2021-06-30,78882000.0,10-Q,2022-08-03
us-gaap,CashCashEquivalentsRestrictedCashAndRestrictedCashEquivalentsPeriodIncreaseDecreaseIncludingExchangeRateEffect,USD,2021-01-01,2021-09-30,711405000.0,10-Q,2021-11-03
us-gaap,CashCashEquivalentsRestrictedCashAndRestrictedCashEquivalentsPeriodIncreaseDecreaseIncludingExchangeRateEffect,USD,2021-01-01,2021-09-30,711405000.0,10-Q,2022-11-02
us-gaap,CashCashEquivalentsRestrictedCashAndRestrictedCashEquivalentsPeriodIncreaseDecreaseIncludingExchangeRateEffect,USD,2021-01-01,2021-12-31,1656837000.0,10-K,2022-02-23
us-gaap,CashCashEquivalentsRestrictedCashAndRestrictedCashEquivalentsPeriodIncreaseDecreaseIncludingExchangeRateEffect,USD,2021-01-01,2021-12-31,1656837000.0,10-K,2023-03-01
us-gaap,CashCashEquivalentsRestrictedCashAndRestrictedCashEquivalentsPeriodIncreaseDecreaseIncludingExchangeRateEffect,USD,2021-01-01,2021-12-31,1656837000.0,10-K,2024-02-21
us-gaap,CashCashEquivalentsRestrictedCashAndRestrictedCashEquivalentsPeriodIncreaseDecreaseIncludingExchangeRateEffect,USD,2022-01-01,2022-03-31,-1469629000.0,10-Q,2022-05-04
us-gaap,CashCashEquivalentsRestrictedCashAndRestrictedCashEquivalentsPeriodIncreaseDecreaseIncludingExchangeRateEffect,USD,2022-01-01,2022-03-31,-1469629000.0,10-Q,2023-05-03
us-gaap,CashCashEquivalentsRestrictedCashAndRestrictedCashEquivalentsPeriodIncreaseDecreaseIncludingExchangeRateEffect,USD,2022-01-01,2022-06-30,-800060000.0,10-Q,2022-08-03
us-gaap,CashCashEquivalentsRestrictedCashAndRestrictedCashEquivalentsPeriodIncreaseDecreaseIncludingExchangeRateEffect,USD,2022-01-01,2022-06-30,-800060000.0,10-Q,2023-08-02
us-gaap,CashCashEquivalentsRestrictedCashAndRestrictedCashEquivalentsPeriodIncreaseDecreaseIncludingExchangeRateEffect,USD,2022-01-01,2022-09-30,-1228501000.0,10-Q,2022-11-02
us-gaap,CashCashEquivalentsRestrictedCashAndRestrictedCashEquivalentsPeriodIncreaseDecreaseIncludingExchangeRateEffect,USD,2022-01-01,2022-09-30,-1228501000.0,10-Q,2023-11-01
us-gaap,CashCashEquivalentsRestrictedCashAndRestrictedCashEquivalentsPeriodIncreaseDecreaseIncludingExchangeRateEffect,USD,2022-01-01,2022-12-31,-1435694000.0,10-K,2023-03-01
us-gaap,CashCashEquivalentsRestrictedCashAndRestrictedCashEquivalentsPeriodIncreaseDecreaseIncludingExchangeRateEffect,USD,2022-01-01,2022-12-31,-1435694000.0,10-K,2024-02-21
us-gaap,CashCashEquivalentsRestrictedCashAndRestrictedCashEquivalentsPeriodIncreaseDecreaseIncludingExchangeRateEffect,USD,2022-01-01,2022-12-31,-1435694000.0,10-K,2025-02-19
us-gaap,CashCashEquivalentsRestrictedCashAndRestrictedCashEquivalentsPeriodIncreaseDecreaseIncludingExchangeRateEffect,USD,2023-01-01,2023-03-31,-37732000.0,10-Q,2023-05-03
us-gaap,CashCashEquivalentsRestrictedCashAndRestrictedCashEquivalentsPeriodIncreaseDecreaseIncludingExchangeRateEffect,USD,2023-01-01,2023-03-31,-37732000.0,10-Q,2024-05-01
us-gaap,CashCashEquivalentsRestrictedCashAndRestrictedCashEquivalentsPeriodIncreaseDecreaseIncludingExchangeRateEffect,USD,2023-01-01,2023-06-30,45614000.0,10-Q,2023-08-02
us-gaap,CashCashEquivalentsRestrictedCashAndRestrictedCashEquivalentsPeriodIncreaseDecreaseIncludingExchangeRateEffect,USD,2023-01-01,2023-06-30,45614000.0,10-Q,2024-07-31
us-gaap,CashCashEquivalentsRestrictedCashAndRestrictedCashEquivalentsPeriodIncreaseDecreaseIncludingExchangeRateEffect,USD,2023-01-01,2023-09-30,-26781000.0,10-Q,2023-11-01
us-gaap,CashCashEquivalentsRestrictedCashAndRestrictedCashEquivalentsPeriodIncreaseDecreaseIncludingExchangeRateEffect,USD,2023-01-01,2023-09-30,-26781000.0,10-Q,2024-10-30
us-gaap,CashCashEquivalentsRestrictedCashAndRestrictedCashEquivalentsPeriodIncreaseDecreaseIncludingExchangeRateEffect,USD,2023-01-01,2023-12-31,-53451000.0,10-K,2024-02-21
us-gaap,CashCashEquivalentsRestrictedCashAndRestrictedCashEquivalentsPeriodIncreaseDecreaseIncludingExchangeRateEffect,USD,2023-01-01,2023-12-31,-53451000.0,10-K,2025-02-19
us-gaap,CashCashEquivalentsRestrictedCashAndRestrictedCashEquivalentsPeriodIncreaseDecreaseIncludingExchangeRateEffect,USD,2023-01-01,2023-12-31,-53451000.0,10-K,2026-02-18
us-gaap,CashCashEquivalentsRestrictedCashAndRestrictedCashEquivalentsPeriodIncreaseDecreaseIncludingExchangeRateEffect,USD,2024-01-01,2024-03-31,-192518000.0,10-Q,2024-05-01
us-gaap,CashCashEquivalentsRestrictedCashAndRestrictedCashEquivalentsPeriodIncreaseDecreaseIncludingExchangeRateEffect,USD,2024-01-01,2024-03-31,-192518000.0,10-Q,2025-04-30
us-gaap,CashCashEquivalentsRestrictedCashAndRestrictedCashEquivalentsPeriodIncreaseDecreaseIncludingExchangeRateEffect,USD,2024-01-01,2024-06-30,-272102000.0,10-Q,2024-07-31
us-gaap,CashCashEquivalentsRestrictedCashAndRestrictedCashEquivalentsPeriodIncreaseDecreaseIncludingExchangeRateEffect,USD,2024-01-01,2024-06-30,-272102000.0,10-Q,2025-07-30
us-gaap,CashCashEquivalentsRestrictedCashAndRestrictedCashEquivalentsPeriodIncreaseDecreaseIncludingExchangeRateEffect,USD,2024-01-01,2024-09-30,127775000.0,10-Q,2024-10-30
us-gaap,CashCashEquivalentsRestrictedCashAndRestrictedCashEquivalentsPeriodIncreaseDecreaseIncludingExchangeRateEffect,USD,2024-01-01,2024-09-30,127775000.0,10-Q,2025-10-29
us-gaap,CashCashEquivalentsRestrictedCashAndRestrictedCashEquivalentsPeriodIncreaseDecreaseIncludingExchangeRateEffect,USD,2024-01-01,2024-12-31,86436000.0,10-K,2025-02-19
us-gaap,CashCashEquivalentsRestrictedCashAndRestrictedCashEquivalentsPeriodIncreaseDecreaseIncludingExchangeRateEffect,USD,2024-01-01,2024-12-31,86436000.0,10-K,2026-02-18
us-gaap,CashCashEquivalentsRestrictedCashAndRestrictedCashEquivalentsPeriodIncreaseDecreaseIncludingExchangeRateEffect,USD,2025-01-01,2025-03-31,-18006000.0,10-Q,2025-04-30
us-gaap,CashCashEquivalentsRestrictedCashAndRestrictedCashEquivalentsPeriodIncreaseDecreaseIncludingExchangeRateEffect,USD,2025-01-01,2025-03-31,-18006000.0,10-Q,2026-05-06
us-gaap,CashCashEquivalentsRestrictedCashAndRestrictedCashEquivalentsPeriodIncreaseDecreaseIncludingExchangeRateEffect,USD,2025-01-01,2025-06-30,-75638000.0,10-Q,2025-07-30
us-gaap,CashCashEquivalentsRestrictedCashAndRestrictedCashEquivalentsPeriodIncreaseDecreaseIncludingExchangeRateEffect,USD,2025-01-01,2025-06-30,-75638000.0,10-Q,2026-08-04
us-gaap,CashCashEquivalentsRestrictedCashAndRestrictedCashEquivalentsPeriodIncreaseDecreaseIncludingExchangeRateEffect,USD,2025-01-01,2025-09-30,-8658000.0,10-Q,2025-10-29
us-gaap,CashCashEquivalentsRestrictedCashAndRestrictedCashEquivalentsPeriodIncreaseDecreaseIncludingExchangeRateEffect,USD,2025-01-01,2025-12-31,223401000.0,10-K,2026-02-18
us-gaap,CashCashEquivalentsRestrictedCashAndRestrictedCashEquivalentsPeriodIncreaseDecreaseIncludingExchangeRateEffect,USD,2026-01-01,2026-03-31,-245695000.0,10-Q,2026-05-06
us-gaap,CashCashEquivalentsRestrictedCashAndRestrictedCashEquivalentsPeriodIncreaseDecreaseIncludingExchangeRateEffect,USD,2026-01-01,2026-06-30,-136736000.0,10-Q,2026-08-04
us-gaap,CashFlowHedgeGainLossReclassifiedToInterestExpenseNet,USD,2012-01-01,2012-03-31,52000.0,10-Q,2013-05-03
us-gaap,CashFlowHedgeGainLossReclassifiedToInterestExpenseNet,USD,2012-01-01,2012-06-30,331000.0,10-Q,2013-08-02
us-gaap,CashFlowHedgeGainLossReclassifiedToInterestExpenseNet,USD,2012-04-01,2012-06-30,279000.0,10-Q,2013-08-02
us-gaap,CashFlowHedgeGainLossReclassifiedToInterestExpenseNet,USD,2013-01-01,2013-03-31,52000.0,10-Q,2013-05-03
us-gaap,CashFlowHedgeGainLossReclassifiedToInterestExpenseNet,USD,2013-01-01,2013-06-30,124000.0,10-Q,2013-08-02
us-gaap,CashFlowHedgeGainLossReclassifiedToInterestExpenseNet,USD,2013-04-01,2013-06-30,72000.0,10-Q,2013-08-02
us-gaap,CommonEquityTierOneCapital,USD,,2016-12-31,2834532000.0,10-K,2018-02-27
us-gaap,CommonEquityTierOneCapital,USD,,2017-12-31,3074981000.0,10-K,2018-02-27
us-gaap,CommonEquityTierOneCapital,USD,,2017-12-31,3074981000.0,10-K,2019-03-01
us-gaap,CommonEquityTierOneCapital,USD,,2018-12-31,3356524000.0,10-K,2019-03-01
us-gaap,CommonEquityTierOneCapital,USD,,2018-12-31,3356524000.0,10-K,2020-02-27
us-gaap,CommonEquityTierOneCapital,USD,,2019-12-31,3608821000.0,10-K,2020-02-27
us-gaap,CommonEquityTierOneCapital,USD,,2019-12-31,3608821000.0,10-K,2021-02-24
us-gaap,CommonEquityTierOneCapital,USD,,2020-12-31,3881912000.0,10-K,2021-02-24
us-gaap,CommonEquityTierOneCapital,USD,,2020-12-31,3881912000.0,10-K,2022-02-23
us-gaap,CommonEquityTierOneCapital,USD,,2021-12-31,4230626000.0,10-K,2022-02-23
us-gaap,CommonEquityTierOneCapital,USD,,2021-12-31,4230626000.0,10-K,2023-03-01
us-gaap,CommonEquityTierOneCapital,USD,,2022-12-31,4460054000.0,10-K,2023-03-01
us-gaap,CommonEquityTierOneCapital,USD,,2022-12-31,4460054000.0,10-K,2024-02-21
us-gaap,CommonEquityTierOneCapital,USD,,2023-12-31,4683510000.0,10-K,2024-02-21
us-gaap,CommonEquityTierOneCapital,USD,,2023-12-31,4683510000.0,10-K,2025-02-19
us-gaap,CommonEquityTierOneCapital,USD,,2024-12-31,4992810000.0,10-K,2025-02-19
us-gaap,CommonEquityTierOneCapital,USD,,2024-12-31,4992810000.0,10-K,2026-02-18
us-gaap,CommonEquityTierOneCapital,USD,,2025-12-31,5024754000.0,10-K,2026-02-18
us-gaap,CommonEquityTierOneCapitalRatio,pure,,2016-12-31,0.1121,10-K,2018-02-27
us-gaap,CommonEquityTierOneCapitalRatio,pure,,2017-12-31,0.1205,10-K,2018-02-27
us-gaap,CommonEquityTierOneCapitalRatio,pure,,2017-12-31,0.1205,10-K,2019-03-01
us-gaap,CommonEquityTierOneCapitalRatio,pure,,2018-12-31,0.1092,10-K,2019-03-01
us-gaap,CommonEquityTierOneCapitalRatio,pure,,2018-12-31,0.1092,10-K,2020-02-27
us-gaap,CommonEquityTierOneCapitalRatio,pure,,2019-12-31,0.1139,10-K,2020-02-27
us-gaap,CommonEquityTierOneCapitalRatio,pure,,2019-12-31,0.1139,10-K,2021-02-24
us-gaap,CommonEquityTierOneCapitalRatio,pure,,2020-12-31,0.1195,10-K,2021-02-24
us-gaap,CommonEquityTierOneCapitalRatio,pure,,2020-12-31,0.1195,10-K,2022-02-23
us-gaap,CommonEquityTierOneCapitalRatio,pure,,2021-12-31,0.1224,10-K,2022-02-23
us-gaap,CommonEquityTierOneCapitalRatio,pure,,2021-12-31,0.1224,10-K,2023-03-01
us-gaap,CommonEquityTierOneCapitalRatio,pure,,2022-12-31,0.1169,10-K,2023-03-01
us-gaap,CommonEquityTierOneCapitalRatio,pure,,2022-12-31,0.1169,10-K,2024-02-21
us-gaap,CommonEquityTierOneCapitalRatio,pure,,2023-12-31,0.1206,10-K,2024-02-21
us-gaap,CommonEquityTierOneCapitalRatio,pure,,2023-12-31,0.1206,10-K,2025-02-19
us-gaap,CommonEquityTierOneCapitalRatio,pure,,2024-12-31,0.1303,10-K,2025-02-19
us-gaap,CommonEquityTierOneCapitalRatio,pure,,2024-12-31,0.1303,10-K,2026-02-18
us-gaap,CommonEquityTierOneCapitalRatio,pure,,2025-12-31,0.129,10-K,2026-02-18
us-gaap,CommonStockSharesOutstanding,shares,,2009-06-30,70092396.0,10-Q,2010-08-03
us-gaap,CommonStockSharesOutstanding,shares,,2009-09-30,70137096.0,10-Q,2010-11-01
us-gaap,CommonStockSharesOutstanding,shares,,2009-12-31,70312086.0,10-Q,2010-08-03
us-gaap,CommonStockSharesOutstanding,shares,,2009-12-31,70312086.0,10-Q,2010-11-01
us-gaap,CommonStockSharesOutstanding,shares,,2009-12-31,70312086.0,10-K,2011-02-28
us-gaap,CommonStockSharesOutstanding,shares,,2010-03-31,70593401.0,10-Q,2011-05-10
us-gaap,CommonStockSharesOutstanding,shares,,2010-06-30,70616414.0,10-Q,2010-08-03
us-gaap,CommonStockSharesOutstanding,shares,,2010-06-30,70616414.0,10-Q/A,2011-08-12
us-gaap,CommonStockSharesOutstanding,shares,,2010-09-30,70627117.0,10-Q,2010-11-01
us-gaap,CommonStockSharesOutstanding,shares,,2010-09-30,70627117.0,10-Q,2011-11-08
us-gaap,CommonStockSharesOutstanding,shares,,2010-12-31,70815563.0,10-K,2011-02-28
us-gaap,CommonStockSharesOutstanding,shares,,2010-12-31,70815563.0,10-Q,2011-05-10
us-gaap,CommonStockSharesOutstanding,shares,,2010-12-31,70815563.0,10-Q/A,2011-08-12
us-gaap,CommonStockSharesOutstanding,shares,,2010-12-31,70815563.0,10-Q,2011-11-08
us-gaap,CommonStockSharesOutstanding,shares,,2010-12-31,70815563.0,10-K,2012-02-28
us-gaap,CommonStockSharesOutstanding,shares,,2011-03-31,71073780.0,10-Q,2011-05-10
us-gaap,CommonStockSharesOutstanding,shares,,2011-03-31,71073780.0,10-Q,2012-05-08
us-gaap,CommonStockSharesOutstanding,shares,,2011-06-30,71100444.0,10-Q/A,2011-08-12
us-gaap,CommonStockSharesOutstanding,shares,,2011-06-30,71100444.0,10-Q,2012-08-07
us-gaap,CommonStockSharesOutstanding,shares,,2011-09-30,71154137.0,10-Q,2011-11-08
us-gaap,CommonStockSharesOutstanding,shares,,2011-09-30,71154137.0,10-Q,2012-11-06
us-gaap,CommonStockSharesOutstanding,shares,,2011-12-31,71533354.0,10-K,2012-02-28
us-gaap,CommonStockSharesOutstanding,shares,,2011-12-31,71533354.0,10-Q,2012-05-08
us-gaap,CommonStockSharesOutstanding,shares,,2011-12-31,71533354.0,10-Q,2012-08-07
us-gaap,CommonStockSharesOutstanding,shares,,2011-12-31,71533354.0,10-Q,2012-11-06
us-gaap,CommonStockSharesOutstanding,shares,,2011-12-31,71533354.0,10-K,2013-02-27
us-gaap,CommonStockSharesOutstanding,shares,,2012-03-31,71902099.0,10-Q,2012-05-08
us-gaap,CommonStockSharesOutstanding,shares,,2012-03-31,71902099.0,10-Q,2013-05-03
us-gaap,CommonStockSharesOutstanding,shares,,2012-06-30,72006628.0,10-Q,2012-08-07
us-gaap,CommonStockSharesOutstanding,shares,,2012-06-30,72006628.0,10-Q,2013-08-02
us-gaap,CommonStockSharesOutstanding,shares,,2012-09-30,72223473.0,10-Q,2012-11-06
us-gaap,CommonStockSharesOutstanding,shares,,2012-09-30,72223473.0,10-Q,2013-11-01
us-gaap,CommonStockSharesOutstanding,shares,,2012-12-31,72415346.0,10-K,2013-02-27
us-gaap,CommonStockSharesOutstanding,shares,,2012-12-31,72415346.0,10-Q,2013-05-03
us-gaap,CommonStockSharesOutstanding,shares,,2012-12-31,72415346.0,10-Q,2013-08-02
us-gaap,CommonStockSharesOutstanding,shares,,2012-12-31,72415346.0,10-Q,2013-11-01
us-gaap,CommonStockSharesOutstanding,shares,,2012-12-31,72415346.0,10-K,2014-02-26
us-gaap,CommonStockSharesOutstanding,shares,,2013-03-31,72945798.0,10-Q,2013-05-03
us-gaap,CommonStockSharesOutstanding,shares,,2013-03-31,72945798.0,10-Q,2014-05-02
us-gaap,CommonStockSharesOutstanding,shares,,2013-06-30,73029101.0,10-Q,2013-08-02
us-gaap,CommonStockSharesOutstanding,shares,,2013-06-30,73029101.0,10-Q,2014-08-01
us-gaap,CommonStockSharesOutstanding,shares,,2013-09-30,73089764.0,10-Q,2013-11-01
us-gaap,CommonStockSharesOutstanding,shares,,2013-09-30,73089764.0,10-Q,2014-10-31
us-gaap,CommonStockSharesOutstanding,shares,,2013-12-31,73163275.0,10-K,2014-02-26
us-gaap,CommonStockSharesOutstanding,shares,,2013-12-31,73163275.0,10-Q,2014-05-02
us-gaap,CommonStockSharesOutstanding,shares,,2013-12-31,73163275.0,10-Q,2014-08-01
us-gaap,CommonStockSharesOutstanding,shares,,2013-12-31,73163275.0,10-Q,2014-10-31
us-gaap,CommonStockSharesOutstanding,shares,,2013-12-31,73163275.0,10-K,2015-02-27
us-gaap,CommonStockSharesOutstanding,shares,,2014-03-31,73547801.0,10-Q,2014-05-02
us-gaap,CommonStockSharesOutstanding,shares,,2014-03-31,73547801.0,10-Q,2015-05-01
us-gaap,CommonStockSharesOutstanding,shares,,2014-06-30,73896899.0,10-Q,2014-08-01
us-gaap,CommonStockSharesOutstanding,shares,,2014-06-30,73896899.0,10-Q,2015-07-31
us-gaap,CommonStockSharesOutstanding,shares,,2014-09-30,73964496.0,10-Q,2014-10-31
us-gaap,CommonStockSharesOutstanding,shares,,2014-09-30,73964496.0,10-Q,2015-10-30
us-gaap,CommonStockSharesOutstanding,shares,,2014-12-31,74003754.0,10-K,2015-02-27
us-gaap,CommonStockSharesOutstanding,shares,,2014-12-31,74003754.0,10-Q,2015-05-01
us-gaap,CommonStockSharesOutstanding,shares,,2014-12-31,74003754.0,10-Q,2015-07-31
us-gaap,CommonStockSharesOutstanding,shares,,2014-12-31,74003754.0,10-Q,2015-10-30
us-gaap,CommonStockSharesOutstanding,shares,,2014-12-31,74003754.0,10-K,2016-02-29
us-gaap,CommonStockSharesOutstanding,shares,,2015-03-31,74351392.0,10-Q,2015-05-01
us-gaap,CommonStockSharesOutstanding,shares,,2015-03-31,74351392.0,10-Q,2016-04-29
us-gaap,CommonStockSharesOutstanding,shares,,2015-06-30,74428730.0,10-Q,2015-07-31
us-gaap,CommonStockSharesOutstanding,shares,,2015-06-30,74428730.0,10-Q,2016-07-29
us-gaap,CommonStockSharesOutstanding,shares,,2015-09-30,74461234.0,10-Q,2015-10-30
us-gaap,CommonStockSharesOutstanding,shares,,2015-09-30,74461234.0,10-Q,2016-10-31
us-gaap,CommonStockSharesOutstanding,shares,,2015-12-31,74530364.0,10-K,2016-02-29
us-gaap,CommonStockSharesOutstanding,shares,,2015-12-31,74530364.0,10-Q,2016-04-29
us-gaap,CommonStockSharesOutstanding,shares,,2015-12-31,74530364.0,10-Q,2016-07-29
us-gaap,CommonStockSharesOutstanding,shares,,2015-12-31,74530364.0,10-Q,2016-10-31
us-gaap,CommonStockSharesOutstanding,shares,,2015-12-31,74530364.0,10-K,2017-02-28
us-gaap,CommonStockSharesOutstanding,shares,,2016-03-31,74800772.0,10-Q,2016-04-29
us-gaap,CommonStockSharesOutstanding,shares,,2016-03-31,74800772.0,10-Q,2017-04-28
us-gaap,CommonStockSharesOutstanding,shares,,2016-06-30,74817155.0,10-Q,2016-07-29
us-gaap,CommonStockSharesOutstanding,shares,,2016-06-30,74817155.0,10-Q,2017-07-28
us-gaap,CommonStockSharesOutstanding,shares,,2016-09-30,74866429.0,10-Q,2016-10-31
us-gaap,CommonStockSharesOutstanding,shares,,2016-09-30,74866429.0,10-Q,2017-10-31
us-gaap,CommonStockSharesOutstanding,shares,,2016-12-31,74993407.0,10-K,2017-02-28
us-gaap,CommonStockSharesOutstanding,shares,,2016-12-31,74993407.0,10-Q,2017-04-28
us-gaap,CommonStockSharesOutstanding,shares,,2016-12-31,74993407.0,10-Q,2017-07-28
us-gaap,CommonStockSharesOutstanding,shares,,2016-12-31,74993407.0,10-Q,2017-10-31
us-gaap,CommonStockSharesOutstanding,shares,,2016-12-31,74993407.0,10-K,2018-02-27
us-gaap,CommonStockSharesOutstanding,shares,,2017-03-31,75080768.0,10-Q,2017-04-28
us-gaap,CommonStockSharesOutstanding,shares,,2017-03-31,75080768.0,10-Q,2018-04-27
us-gaap,CommonStockSharesOutstanding,shares,,2017-06-30,75089152.0,10-Q,2017-07-28
us-gaap,CommonStockSharesOutstanding,shares,,2017-06-30,75089152.0,10-Q,2018-07-31
us-gaap,CommonStockSharesOutstanding,shares,,2017-09-30,75129535.0,10-Q,2017-10-31
us-gaap,CommonStockSharesOutstanding,shares,,2017-09-30,75129535.0,10-Q,2018-10-30
us-gaap,CommonStockSharesOutstanding,shares,,2017-12-31,75147686.0,10-K,2018-02-27
us-gaap,CommonStockSharesOutstanding,shares,,2017-12-31,75147686.0,10-Q,2018-04-27
us-gaap,CommonStockSharesOutstanding,shares,,2017-12-31,75147686.0,10-Q,2018-07-31
us-gaap,CommonStockSharesOutstanding,shares,,2017-12-31,75147686.0,10-Q,2018-10-30
us-gaap,CommonStockSharesOutstanding,shares,,2017-12-31,75147686.0,10-K,2019-03-01
us-gaap,CommonStockSharesOutstanding,shares,,2018-03-31,75318088.0,10-Q,2018-04-27
us-gaap,CommonStockSharesOutstanding,shares,,2018-06-30,75313559.0,10-Q,2018-07-31
us-gaap,CommonStockSharesOutstanding,shares,,2018-09-30,75308727.0,10-Q,2018-10-30
us-gaap,CommonStockSharesOutstanding,shares,,2018-12-31,75711492.0,10-K,2019-03-01
us-gaap,CommonStockSharesOutstanding,shares,,2018-12-31,75711492.0,10-Q,2019-05-01
us-gaap,CommonStockSharesOutstanding,shares,,2018-12-31,75711492.0,10-Q,2019-08-09
us-gaap,CommonStockSharesOutstanding,shares,,2018-12-31,75711492.0,10-Q,2019-10-30
us-gaap,CommonStockSharesOutstanding,shares,,2018-12-31,75711492.0,10-K,2020-02-27
us-gaap,CommonStockSharesOutstanding,shares,,2019-03-31,75762268.0,10-Q,2019-05-01
us-gaap,CommonStockSharesOutstanding,shares,,2019-06-30,75756056.0,10-Q,2019-08-09
us-gaap,CommonStockSharesOutstanding,shares,,2019-09-30,75757009.0,10-Q,2019-10-30
us-gaap,CommonStockSharesOutstanding,shares,,2019-12-31,75758597.0,10-K,2020-02-27
us-gaap,CommonStockSharesOutstanding,shares,,2019-12-31,75758597.0,10-Q,2020-05-05
us-gaap,CommonStockSharesOutstanding,shares,,2019-12-31,75758597.0,10-Q,2020-08-04
us-gaap,CommonStockSharesOutstanding,shares,,2019-12-31,75758597.0,10-Q,2020-11-03
us-gaap,CommonStockSharesOutstanding,shares,,2019-12-31,75758597.0,10-K,2021-02-24
us-gaap,CommonStockSharesOutstanding,shares,,2020-03-31,76000985.0,10-Q,2020-05-05
us-gaap,CommonStockSharesOutstanding,shares,,2020-06-30,75999195.0,10-Q,2020-08-04
us-gaap,CommonStockSharesOutstanding,shares,,2020-09-30,75998338.0,10-Q,2020-11-03
us-gaap,CommonStockSharesOutstanding,shares,,2020-12-31,75995205.0,10-K,2021-02-24
us-gaap,CommonStockSharesOutstanding,shares,,2020-12-31,75995205.0,10-Q,2021-05-05
us-gaap,CommonStockSharesOutstanding,shares,,2020-12-31,75995205.0,10-Q,2021-08-04
us-gaap,CommonStockSharesOutstanding,shares,,2020-12-31,75995205.0,10-Q,2021-11-03
us-gaap,CommonStockSharesOutstanding,shares,,2020-12-31,75995205.0,10-K,2022-02-23
us-gaap,CommonStockSharesOutstanding,shares,,2021-03-31,76244164.0,10-Q,2021-05-05
us-gaap,CommonStockSharesOutstanding,shares,,2021-06-30,76257743.0,10-Q,2021-08-04
us-gaap,CommonStockSharesOutstanding,shares,,2021-09-30,76254190.0,10-Q,2021-11-03
us-gaap,CommonStockSharesOutstanding,shares,,2021-12-31,76254029.0,10-K,2022-02-23
us-gaap,CommonStockSharesOutstanding,shares,,2021-12-31,76254029.0,10-Q,2022-05-04
us-gaap,CommonStockSharesOutstanding,shares,,2021-12-31,76254029.0,10-Q,2022-08-03
us-gaap,CommonStockSharesOutstanding,shares,,2021-12-31,76254029.0,10-Q,2022-11-02
us-gaap,CommonStockSharesOutstanding,shares,,2021-12-31,76254029.0,10-K,2023-03-01
us-gaap,CommonStockSharesOutstanding,shares,,2022-03-31,76412230.0,10-Q,2022-05-04
us-gaap,CommonStockSharesOutstanding,shares,,2022-06-30,76408276.0,10-Q,2022-08-03
us-gaap,CommonStockSharesOutstanding,shares,,2022-09-30,76404688.0,10-Q,2022-11-02
us-gaap,CommonStockSharesOutstanding,shares,,2022-12-31,76423345.0,10-K,2023-03-01
us-gaap,CommonStockSharesOutstanding,shares,,2022-12-31,76423345.0,10-Q,2023-05-03
us-gaap,CommonStockSharesOutstanding,shares,,2022-12-31,76423345.0,10-Q,2023-08-02
us-gaap,CommonStockSharesOutstanding,shares,,2022-12-31,76423345.0,10-Q,2023-11-01
us-gaap,CommonStockSharesOutstanding,shares,,2022-12-31,76423345.0,10-K,2024-02-21
us-gaap,CommonStockSharesOutstanding,shares,,2023-03-31,76555507.0,10-Q,2023-05-03
us-gaap,CommonStockSharesOutstanding,shares,,2023-06-30,76592098.0,10-Q,2023-08-02
us-gaap,CommonStockSharesOutstanding,shares,,2023-09-30,76588230.0,10-Q,2023-11-01
us-gaap,CommonStockSharesOutstanding,shares,,2023-12-31,76593292.0,10-K,2024-02-21
us-gaap,CommonStockSharesOutstanding,shares,,2023-12-31,76593292.0,10-Q,2024-05-01
us-gaap,CommonStockSharesOutstanding,shares,,2023-12-31,76593292.0,10-Q,2024-07-31
us-gaap,CommonStockSharesOutstanding,shares,,2023-12-31,76593292.0,10-Q,2024-10-30
us-gaap,CommonStockSharesOutstanding,shares,,2023-12-31,76593292.0,10-K,2025-02-19
us-gaap,CommonStockSharesOutstanding,shares,,2024-03-31,76793000.0,10-Q,2024-05-01
us-gaap,CommonStockSharesOutstanding,shares,,2024-06-30,76822776.0,10-Q,2024-07-31
us-gaap,CommonStockSharesOutstanding,shares,,2024-09-30,76814108.0,10-Q,2024-10-30
us-gaap,CommonStockSharesOutstanding,shares,,2024-12-31,76817607.0,10-K,2025-02-19
us-gaap,CommonStockSharesOutstanding,shares,,2024-12-31,76817607.0,10-Q,2025-04-30
us-gaap,CommonStockSharesOutstanding,shares,,2024-12-31,76817607.0,10-Q,2025-07-30
us-gaap,CommonStockSharesOutstanding,shares,,2024-12-31,76817607.0,10-Q,2025-10-29
us-gaap,CommonStockSharesOutstanding,shares,,2024-12-31,64121299.0,10-K,2026-02-18
us-gaap,CommonStockSharesOutstanding,shares,,2025-03-31,77014720.0,10-Q,2025-04-30
us-gaap,CommonStockSharesOutstanding,shares,,2025-06-30,77035067.0,10-Q,2025-07-30
us-gaap,CommonStockSharesOutstanding,shares,,2025-09-30,77038149.0,10-Q,2025-10-29
us-gaap,CommonStockSharesOutstanding,shares,,2025-12-31,60620507.0,10-K,2026-02-18
us-gaap,CommonStockSharesOutstanding,shares,,2025-12-31,60620507.0,10-Q,2026-05-06
us-gaap,CommonStockSharesOutstanding,shares,,2025-12-31,60620507.0,10-Q,2026-08-04
us-gaap,CommonStockSharesOutstanding,shares,,2026-03-31,60759992.0,10-Q,2026-05-06
us-gaap,CommonStockSharesOutstanding,shares,,2026-06-30,60766867.0,10-Q,2026-08-04
us-gaap,Deposits,USD,,2009-06-30,14655389000.0,10-Q,2010-08-03
us-gaap,Deposits,USD,,2009-09-30,15095346000.0,10-Q,2010-11-01
us-gaap,Deposits,USD,,2009-12-31,15518228000.0,10-Q,2010-08-03
us-gaap,Deposits,USD,,2009-12-31,15518228000.0,10-Q,2010-11-01
us-gaap,Deposits,USD,,2009-12-31,15518228000.0,10-K,2011-02-28
us-gaap,Deposits,USD,,2010-03-31,15527516000.0,10-Q,2011-05-10
us-gaap,Deposits,USD,,2010-06-30,16087500000.0,10-Q,2010-08-03
us-gaap,Deposits,USD,,2010-06-30,16087500000.0,10-Q/A,2011-08-12
us-gaap,Deposits,USD,,2010-09-30,16822591000.0,10-Q,2010-11-01
us-gaap,Deposits,USD,,2010-09-30,16822591000.0,10-Q,2011-11-08
us-gaap,Deposits,USD,,2010-12-31,17179061000.0,10-K,2011-02-28
us-gaap,Deposits,USD,,2010-12-31,17179061000.0,10-Q,2011-05-10
us-gaap,Deposits,USD,,2010-12-31,17179061000.0,10-Q/A,2011-08-12
us-gaap,Deposits,USD,,2010-12-31,17179061000.0,10-Q,2011-11-08
us-gaap,Deposits,USD,,2010-12-31,17179061000.0,10-K,2012-02-28
us-gaap,Deposits,USD,,2011-03-31,17872926000.0,10-Q,2011-05-10
us-gaap,Deposits,USD,,2011-03-31,17872926000.0,10-Q,2012-05-08
us-gaap,Deposits,USD,,2011-06-30,17585877000.0,10-Q/A,2011-08-12
us-gaap,Deposits,USD,,2011-06-30,17585877000.0,10-Q,2012-08-07
us-gaap,Deposits,USD,,2011-09-30,18439022000.0,10-Q,2011-11-08
us-gaap,Deposits,USD,,2011-09-30,18439022000.0,10-Q,2012-11-06
us-gaap,Deposits,USD,,2011-12-31,18762580000.0,10-K,2012-02-28
us-gaap,Deposits,USD,,2011-12-31,18762580000.0,10-Q,2012-05-08
us-gaap,Deposits,USD,,2011-12-31,18762580000.0,10-Q,2012-08-07
us-gaap,Deposits,USD,,2011-12-31,18762580000.0,10-Q,2012-11-06
us-gaap,Deposits,USD,,2011-12-31,18762580000.0,10-K,2013-02-27
us-gaap,Deposits,USD,,2012-03-31,18523287000.0,10-Q,2012-05-08
us-gaap,Deposits,USD,,2012-03-31,18523287000.0,10-Q,2013-05-03
us-gaap,Deposits,USD,,2012-06-30,18362197000.0,10-Q,2012-08-07
us-gaap,Deposits,USD,,2012-06-30,18362197000.0,10-Q,2013-08-02
us-gaap,Deposits,USD,,2012-09-30,19142867000.0,10-Q,2012-11-06
us-gaap,Deposits,USD,,2012-09-30,19142867000.0,10-Q,2013-11-01
us-gaap,Deposits,USD,,2012-12-31,21179060000.0,10-K,2013-02-27
us-gaap,Deposits,USD,,2012-12-31,21179060000.0,10-Q,2013-05-03
us-gaap,Deposits,USD,,2012-12-31,21179060000.0,10-Q,2013-08-02
us-gaap,Deposits,USD,,2012-12-31,21179060000.0,10-Q,2013-11-01
us-gaap,Deposits,USD,,2012-12-31,21179060000.0,10-K,2014-02-26
us-gaap,Deposits,USD,,2013-03-31,19860291000.0,10-Q,2013-05-03
us-gaap,Deposits,USD,,2013-03-31,19860291000.0,10-Q,2014-05-02
us-gaap,Deposits,USD,,2013-06-30,19496230000.0,10-Q,2013-08-02
us-gaap,Deposits,USD,,2013-06-30,19496230000.0,10-Q,2014-08-01
us-gaap,Deposits,USD,,2013-09-30,19491655000.0,10-Q,2013-11-01
us-gaap,Deposits,USD,,2013-09-30,19491655000.0,10-Q,2014-10-31
us-gaap,Deposits,USD,,2013-12-31,20269327000.0,10-K,2014-02-26
us-gaap,Deposits,USD,,2013-12-31,20269327000.0,10-Q,2014-05-02
us-gaap,Deposits,USD,,2013-12-31,20269327000.0,10-Q,2014-08-01
us-gaap,Deposits,USD,,2013-12-31,20269327000.0,10-Q,2014-10-31
us-gaap,Deposits,USD,,2013-12-31,20269327000.0,10-K,2015-02-27
us-gaap,Deposits,USD,,2014-03-31,20389713000.0,10-Q,2014-05-02
us-gaap,Deposits,USD,,2014-03-31,20389713000.0,10-Q,2015-05-01
us-gaap,Deposits,USD,,2014-06-30,20571864000.0,10-Q,2014-08-01
us-gaap,Deposits,USD,,2014-06-30,20571864000.0,10-Q,2015-07-31
us-gaap,Deposits,USD,,2014-09-30,20289056000.0,10-Q,2014-10-31
us-gaap,Deposits,USD,,2014-09-30,20289056000.0,10-Q,2015-10-30
us-gaap,Deposits,USD,,2014-12-31,21140859000.0,10-K,2015-02-27
us-gaap,Deposits,USD,,2014-12-31,21140859000.0,10-Q,2015-05-01
us-gaap,Deposits,USD,,2014-12-31,21140859000.0,10-Q,2015-07-31
us-gaap,Deposits,USD,,2014-12-31,21140859000.0,10-Q,2015-10-30
us-gaap,Deposits,USD,,2014-12-31,21140859000.0,10-K,2016-02-29
us-gaap,Deposits,USD,,2015-03-31,21153347000.0,10-Q,2015-05-01
us-gaap,Deposits,USD,,2015-03-31,21153347000.0,10-Q,2016-04-29
us-gaap,Deposits,USD,,2015-06-30,21059729000.0,10-Q,2015-07-31
us-gaap,Deposits,USD,,2015-06-30,21059729000.0,10-Q,2016-07-29
us-gaap,Deposits,USD,,2015-09-30,20619443000.0,10-Q,2015-10-30
us-gaap,Deposits,USD,,2015-09-30,20619443000.0,10-Q,2016-10-31
us-gaap,Deposits,USD,,2015-12-31,21088158000.0,10-K,2016-02-29
us-gaap,Deposits,USD,,2015-12-31,21088158000.0,10-Q,2016-04-29
us-gaap,Deposits,USD,,2015-12-31,21088158000.0,10-Q,2016-07-29
us-gaap,Deposits,USD,,2015-12-31,21088158000.0,10-Q,2016-10-31
us-gaap,Deposits,USD,,2015-12-31,21088158000.0,10-K,2017-02-28
us-gaap,Deposits,USD,,2016-03-31,20418320000.0,10-Q,2016-04-29
us-gaap,Deposits,USD,,2016-03-31,20418320000.0,10-Q,2017-04-28
us-gaap,Deposits,USD,,2016-06-30,20759801000.0,10-Q,2016-07-29
us-gaap,Deposits,USD,,2016-06-30,20759801000.0,10-Q,2017-07-28
us-gaap,Deposits,USD,,2016-09-30,21095504000.0,10-Q,2016-10-31
us-gaap,Deposits,USD,,2016-09-30,21095504000.0,10-Q,2017-10-31
us-gaap,Deposits,USD,,2016-12-31,22748095000.0,10-K,2017-02-28
us-gaap,Deposits,USD,,2016-12-31,22748095000.0,10-Q,2017-04-28
us-gaap,Deposits,USD,,2016-12-31,22748095000.0,10-Q,2017-07-28
us-gaap,Deposits,USD,,2016-12-31,22748095000.0,10-Q,2017-10-31
us-gaap,Deposits,USD,,2016-12-31,22748095000.0,10-K,2018-02-27
us-gaap,Deposits,USD,,2017-03-31,22575359000.0,10-Q,2017-04-28
us-gaap,Deposits,USD,,2017-03-31,22575359000.0,10-Q,2018-04-27
us-gaap,Deposits,USD,,2017-06-30,22316474000.0,10-Q,2017-07-28
us-gaap,Deposits,USD,,2017-06-30,22316474000.0,10-Q,2018-07-31
us-gaap,Deposits,USD,,2017-09-30,21848079000.0,10-Q,2017-10-31
us-gaap,Deposits,USD,,2017-09-30,21848079000.0,10-Q,2018-10-30
us-gaap,Deposits,USD,,2017-12-31,22061305000.0,10-K,2018-02-27
us-gaap,Deposits,USD,,2017-12-31,22061305000.0,10-Q,2018-04-27
us-gaap,Deposits,USD,,2017-12-31,22061305000.0,10-Q,2018-07-31
us-gaap,Deposits,USD,,2017-12-31,22061305000.0,10-Q,2018-10-30
us-gaap,Deposits,USD,,2017-12-31,22061305000.0,10-K,2019-03-01
us-gaap,Deposits,USD,,2018-03-31,22205200000.0,10-Q,2018-04-27
us-gaap,Deposits,USD,,2018-06-30,22169264000.0,10-Q,2018-07-31
us-gaap,Deposits,USD,,2018-09-30,21632289000.0,10-Q,2018-10-30
us-gaap,Deposits,USD,,2018-12-31,25263763000.0,10-K,2019-03-01
us-gaap,Deposits,USD,,2018-12-31,25263763000.0,10-Q,2019-05-01
us-gaap,Deposits,USD,,2018-12-31,25263763000.0,10-Q,2019-08-09
us-gaap,Deposits,USD,,2018-12-31,25263763000.0,10-Q,2019-10-30
us-gaap,Deposits,USD,,2018-12-31,25263763000.0,10-K,2020-02-27
us-gaap,Deposits,USD,,2019-03-31,25331802000.0,10-Q,2019-05-01
us-gaap,Deposits,USD,,2019-06-30,25305121000.0,10-Q,2019-08-09
us-gaap,Deposits,USD,,2019-09-30,26167076000.0,10-Q,2019-10-30
us-gaap,Deposits,USD,,2019-12-31,27621168000.0,10-K,2020-02-27
us-gaap,Deposits,USD,,2019-12-31,27621168000.0,10-Q,2020-05-05
us-gaap,Deposits,USD,,2019-12-31,27621168000.0,10-Q,2020-08-04
us-gaap,Deposits,USD,,2019-12-31,27621168000.0,10-Q,2020-11-03
us-gaap,Deposits,USD,,2019-12-31,27621168000.0,10-K,2021-02-24
us-gaap,Deposits,USD,,2020-03-31,29244152000.0,10-Q,2020-05-05
us-gaap,Deposits,USD,,2020-06-30,33892314000.0,10-Q,2020-08-04
us-gaap,Deposits,USD,,2020-09-30,34973000000.0,10-Q,2020-11-03
us-gaap,Deposits,USD,,2020-12-31,36143880000.0,10-K,2021-02-24
us-gaap,Deposits,USD,,2020-12-31,36143880000.0,10-Q,2021-05-05
us-gaap,Deposits,USD,,2020-12-31,36143880000.0,10-Q,2021-08-04
us-gaap,Deposits,USD,,2020-12-31,36143880000.0,10-Q,2021-11-03
us-gaap,Deposits,USD,,2020-12-31,36143880000.0,10-K,2022-02-23
us-gaap,Deposits,USD,,2021-03-31,37852626000.0,10-Q,2021-05-05
us-gaap,Deposits,USD,,2021-06-30,37439933000.0,10-Q,2021-08-04
us-gaap,Deposits,USD,,2021-09-30,38524551000.0,10-Q,2021-11-03
us-gaap,Deposits,USD,,2021-12-31,41242059000.0,10-K,2022-02-23
us-gaap,Deposits,USD,,2021-12-31,41242059000.0,10-Q,2022-05-04
us-gaap,Deposits,USD,,2021-12-31,41242059000.0,10-Q,2022-08-03
us-gaap,Deposits,USD,,2021-12-31,41242059000.0,10-Q,2022-11-02
us-gaap,Deposits,USD,,2021-12-31,41242059000.0,10-K,2023-03-01
us-gaap,Deposits,USD,,2022-03-31,39425951000.0,10-Q,2022-05-04
us-gaap,Deposits,USD,,2022-06-30,38618918000.0,10-Q,2022-08-03
us-gaap,Deposits,USD,,2022-09-30,36415915000.0,10-Q,2022-11-02
us-gaap,Deposits,USD,,2022-12-31,34480705000.0,10-K,2023-03-01
us-gaap,Deposits,USD,,2022-12-31,34480705000.0,10-Q,2023-05-03
us-gaap,Deposits,USD,,2022-12-31,34480705000.0,10-Q,2023-08-02
us-gaap,Deposits,USD,,2022-12-31,34480705000.0,10-Q,2023-11-01
us-gaap,Deposits,USD,,2022-12-31,34480705000.0,10-K,2024-02-21
us-gaap,Deposits,USD,,2023-03-31,32580747000.0,10-Q,2023-05-03
us-gaap,Deposits,USD,,2023-06-30,33294843000.0,10-Q,2023-08-02
us-gaap,Deposits,USD,,2023-09-30,33652552000.0,10-Q,2023-11-01
us-gaap,Deposits,USD,,2023-12-31,34019701000.0,10-K,2024-02-21
us-gaap,Deposits,USD,,2023-12-31,34019701000.0,10-Q,2024-05-01
us-gaap,Deposits,USD,,2023-12-31,34019701000.0,10-Q,2024-07-31
us-gaap,Deposits,USD,,2023-12-31,34019701000.0,10-Q,2024-10-30
us-gaap,Deposits,USD,,2023-12-31,34019701000.0,10-K,2025-02-19
us-gaap,Deposits,USD,,2024-03-31,35383547000.0,10-Q,2024-05-01
us-gaap,Deposits,USD,,2024-06-30,36241644000.0,10-Q,2024-07-31
us-gaap,Deposits,USD,,2024-09-30,37227118000.0,10-Q,2024-10-30
us-gaap,Deposits,USD,,2024-12-31,38191230000.0,10-K,2025-02-19
us-gaap,Deposits,USD,,2024-12-31,38191230000.0,10-Q,2025-04-30
us-gaap,Deposits,USD,,2024-12-31,38191230000.0,10-Q,2025-07-30
us-gaap,Deposits,USD,,2024-12-31,38191230000.0,10-Q,2025-10-29
us-gaap,Deposits,USD,,2024-12-31,38191230000.0,10-K,2026-02-18
us-gaap,Deposits,USD,,2025-03-31,38281673000.0,10-Q,2025-04-30
us-gaap,Deposits,USD,,2025-06-30,38246109000.0,10-Q,2025-07-30
us-gaap,Deposits,USD,,2025-09-30,38500018000.0,10-Q,2025-10-29
us-gaap,Deposits,USD,,2025-12-31,39435006000.0,10-K,2026-02-18
us-gaap,Deposits,USD,,2025-12-31,39435006000.0,10-Q,2026-05-06
us-gaap,Deposits,USD,,2025-12-31,39435006000.0,10-Q,2026-08-04
us-gaap,Deposits,USD,,2026-03-31,38677048000.0,10-Q,2026-05-06
us-gaap,Deposits,USD,,2026-06-30,39855841000.0,10-Q,2026-08-04
us-gaap,DepositsSavingsDeposits,USD,,2009-06-30,166806000.0,10-Q,2010-08-03
us-gaap,DepositsSavingsDeposits,USD,,2009-09-30,167896000.0,10-Q,2010-11-01
us-gaap,DepositsSavingsDeposits,USD,,2009-12-31,165952000.0,10-Q,2010-08-03
us-gaap,DepositsSavingsDeposits,USD,,2009-12-31,165952000.0,10-Q,2010-11-01
us-gaap,DepositsSavingsDeposits,USD,,2009-12-31,165952000.0,10-K,2011-02-28
us-gaap,DepositsSavingsDeposits,USD,,2010-03-31,179554000.0,10-Q,2011-05-10
us-gaap,DepositsSavingsDeposits,USD,,2010-06-30,190964000.0,10-Q,2010-08-03
us-gaap,DepositsSavingsDeposits,USD,,2010-06-30,190964000.0,10-Q/A,2011-08-12
us-gaap,DepositsSavingsDeposits,USD,,2010-09-30,189191000.0,10-Q,2010-11-01
us-gaap,DepositsSavingsDeposits,USD,,2010-09-30,189191000.0,10-Q,2011-11-08
us-gaap,DepositsSavingsDeposits,USD,,2010-12-31,193767000.0,10-K,2011-02-28
us-gaap,DepositsSavingsDeposits,USD,,2010-12-31,193767000.0,10-Q,2011-05-10
us-gaap,DepositsSavingsDeposits,USD,,2010-12-31,193767000.0,10-Q/A,2011-08-12
us-gaap,DepositsSavingsDeposits,USD,,2010-12-31,193767000.0,10-Q,2011-11-08
us-gaap,DepositsSavingsDeposits,USD,,2010-12-31,193767000.0,10-K,2012-02-28
us-gaap,DepositsSavingsDeposits,USD,,2011-03-31,209264000.0,10-Q,2011-05-10
us-gaap,DepositsSavingsDeposits,USD,,2011-03-31,209264000.0,10-Q,2012-05-08
us-gaap,DepositsSavingsDeposits,USD,,2011-06-30,211877000.0,10-Q/A,2011-08-12
us-gaap,DepositsSavingsDeposits,USD,,2011-06-30,211877000.0,10-Q,2012-08-07
us-gaap,DepositsSavingsDeposits,USD,,2011-09-30,217431000.0,10-Q,2011-11-08
us-gaap,DepositsSavingsDeposits,USD,,2011-09-30,217431000.0,10-Q,2012-11-06
us-gaap,DepositsSavingsDeposits,USD,,2011-12-31,226357000.0,10-K,2012-02-28
us-gaap,DepositsSavingsDeposits,USD,,2011-12-31,226357000.0,10-Q,2012-05-08
us-gaap,DepositsSavingsDeposits,USD,,2011-12-31,226357000.0,10-Q,2012-08-07
us-gaap,DepositsSavingsDeposits,USD,,2011-12-31,226357000.0,10-Q,2012-11-06
us-gaap,DepositsSavingsDeposits,USD,,2011-12-31,226357000.0,10-K,2013-02-27
us-gaap,DepositsSavingsDeposits,USD,,2012-03-31,259619000.0,10-Q,2012-05-08
us-gaap,DepositsSavingsDeposits,USD,,2012-03-31,259619000.0,10-Q,2013-05-03
us-gaap,DepositsSavingsDeposits,USD,,2012-06-30,261998000.0,10-Q,2012-08-07
us-gaap,DepositsSavingsDeposits,USD,,2012-06-30,261998000.0,10-Q,2013-08-02
us-gaap,DepositsSavingsDeposits,USD,,2012-09-30,269573000.0,10-Q,2012-11-06
us-gaap,DepositsSavingsDeposits,USD,,2012-09-30,269573000.0,10-Q,2013-11-01
us-gaap,DepositsSavingsDeposits,USD,,2012-12-31,284744000.0,10-K,2013-02-27
us-gaap,DepositsSavingsDeposits,USD,,2012-12-31,284744000.0,10-Q,2013-05-03
us-gaap,DepositsSavingsDeposits,USD,,2012-12-31,284744000.0,10-Q,2013-08-02
us-gaap,DepositsSavingsDeposits,USD,,2012-12-31,284744000.0,10-Q,2013-11-01
us-gaap,DepositsSavingsDeposits,USD,,2012-12-31,284744000.0,10-K,2014-02-26
us-gaap,DepositsSavingsDeposits,USD,,2013-03-31,317075000.0,10-Q,2013-05-03
us-gaap,DepositsSavingsDeposits,USD,,2013-03-31,317075000.0,10-Q,2014-05-02
us-gaap,DepositsSavingsDeposits,USD,,2013-06-30,316375000.0,10-Q,2013-08-02
us-gaap,DepositsSavingsDeposits,USD,,2013-06-30,316375000.0,10-Q,2014-08-01
us-gaap,DepositsSavingsDeposits,USD,,2013-09-30,319849000.0,10-Q,2013-11-01
us-gaap,DepositsSavingsDeposits,USD,,2013-09-30,319849000.0,10-Q,2014-10-31
us-gaap,DepositsSavingsDeposits,USD,,2013-12-31,323006000.0,10-K,2014-02-26
us-gaap,DepositsSavingsDeposits,USD,,2013-12-31,323006000.0,10-Q,2014-05-02
us-gaap,DepositsSavingsDeposits,USD,,2013-12-31,323006000.0,10-Q,2014-08-01
us-gaap,DepositsSavingsDeposits,USD,,2013-12-31,323006000.0,10-Q,2014-10-31
us-gaap,DepositsSavingsDeposits,USD,,2013-12-31,323006000.0,10-K,2015-02-27
us-gaap,DepositsSavingsDeposits,USD,,2014-03-31,355596000.0,10-Q,2014-05-02
us-gaap,DepositsSavingsDeposits,USD,,2014-03-31,355596000.0,10-Q,2015-05-01
us-gaap,DepositsSavingsDeposits,USD,,2014-06-30,349629000.0,10-Q,2014-08-01
us-gaap,DepositsSavingsDeposits,USD,,2014-06-30,349629000.0,10-Q,2015-07-31
us-gaap,DepositsSavingsDeposits,USD,,2014-09-30,341638000.0,10-Q,2014-10-31
us-gaap,DepositsSavingsDeposits,USD,,2014-09-30,341638000.0,10-Q,2015-10-30
us-gaap,DepositsSavingsDeposits,USD,,2014-12-31,351431000.0,10-K,2015-02-27
us-gaap,DepositsSavingsDeposits,USD,,2014-12-31,351431000.0,10-Q,2015-05-01
us-gaap,DepositsSavingsDeposits,USD,,2014-12-31,351431000.0,10-Q,2015-07-31
us-gaap,DepositsSavingsDeposits,USD,,2014-12-31,351431000.0,10-Q,2015-10-30
us-gaap,DepositsSavingsDeposits,USD,,2014-12-31,351431000.0,10-K,2016-02-29
us-gaap,DepositsSavingsDeposits,USD,,2015-03-31,383790000.0,10-Q,2015-05-01
us-gaap,DepositsSavingsDeposits,USD,,2015-03-31,383790000.0,10-Q,2016-04-29
us-gaap,DepositsSavingsDeposits,USD,,2015-06-30,379172000.0,10-Q,2015-07-31
us-gaap,DepositsSavingsDeposits,USD,,2015-06-30,379172000.0,10-Q,2016-07-29
us-gaap,DepositsSavingsDeposits,USD,,2015-09-30,380296000.0,10-Q,2015-10-30
us-gaap,DepositsSavingsDeposits,USD,,2015-09-30,380296000.0,10-Q,2016-10-31
us-gaap,DepositsSavingsDeposits,USD,,2015-12-31,386252000.0,10-K,2016-02-29
us-gaap,DepositsSavingsDeposits,USD,,2015-12-31,386252000.0,10-Q,2016-04-29
us-gaap,DepositsSavingsDeposits,USD,,2015-12-31,386252000.0,10-Q,2016-07-29
us-gaap,DepositsSavingsDeposits,USD,,2015-12-31,386252000.0,10-Q,2016-10-31
us-gaap,DepositsSavingsDeposits,USD,,2015-12-31,386252000.0,10-K,2017-02-28
us-gaap,DepositsSavingsDeposits,USD,,2016-03-31,416505000.0,10-Q,2016-04-29
us-gaap,DepositsSavingsDeposits,USD,,2016-03-31,416505000.0,10-Q,2017-04-28
us-gaap,DepositsSavingsDeposits,USD,,2016-06-30,419262000.0,10-Q,2016-07-29
us-gaap,DepositsSavingsDeposits,USD,,2016-06-30,419262000.0,10-Q,2017-07-28
us-gaap,DepositsSavingsDeposits,USD,,2016-09-30,420349000.0,10-Q,2016-10-31
us-gaap,DepositsSavingsDeposits,USD,,2016-09-30,420349000.0,10-Q,2017-10-31
us-gaap,DepositsSavingsDeposits,USD,,2016-12-31,425470000.0,10-K,2017-02-28
us-gaap,DepositsSavingsDeposits,USD,,2016-12-31,425470000.0,10-Q,2017-04-28
us-gaap,DepositsSavingsDeposits,USD,,2016-12-31,425470000.0,10-Q,2017-07-28
us-gaap,DepositsSavingsDeposits,USD,,2016-12-31,425470000.0,10-Q,2017-10-31
us-gaap,DepositsSavingsDeposits,USD,,2016-12-31,425470000.0,10-K,2018-02-27
us-gaap,DepositsSavingsDeposits,USD,,2017-03-31,465724000.0,10-Q,2017-04-28
us-gaap,DepositsSavingsDeposits,USD,,2017-03-31,465724000.0,10-Q,2018-04-27
us-gaap,DepositsSavingsDeposits,USD,,2017-06-30,464318000.0,10-Q,2017-07-28
us-gaap,DepositsSavingsDeposits,USD,,2017-06-30,464318000.0,10-Q,2018-07-31
us-gaap,DepositsSavingsDeposits,USD,,2017-09-30,465225000.0,10-Q,2017-10-31
us-gaap,DepositsSavingsDeposits,USD,,2017-09-30,465225000.0,10-Q,2018-10-30
us-gaap,DepositsSavingsDeposits,USD,,2017-12-31,469158000.0,10-K,2018-02-27
us-gaap,DepositsSavingsDeposits,USD,,2017-12-31,469158000.0,10-Q,2018-04-27
us-gaap,DepositsSavingsDeposits,USD,,2017-12-31,469158000.0,10-Q,2018-07-31
us-gaap,DepositsSavingsDeposits,USD,,2017-12-31,469158000.0,10-Q,2018-10-30
us-gaap,DepositsSavingsDeposits,USD,,2017-12-31,469158000.0,10-K,2019-03-01
us-gaap,DepositsSavingsDeposits,USD,,2018-03-31,505952000.0,10-Q,2018-04-27
us-gaap,DepositsSavingsDeposits,USD,,2018-06-30,503474000.0,10-Q,2018-07-31
us-gaap,DepositsSavingsDeposits,USD,,2018-09-30,502601000.0,10-Q,2018-10-30
us-gaap,DepositsSavingsDeposits,USD,,2018-12-31,529215000.0,10-K,2019-03-01
us-gaap,DepositsSavingsDeposits,USD,,2018-12-31,529215000.0,10-Q,2019-05-01
us-gaap,DepositsSavingsDeposits,USD,,2018-12-31,529215000.0,10-Q,2019-08-09
us-gaap,DepositsSavingsDeposits,USD,,2018-12-31,529215000.0,10-Q,2019-10-30
us-gaap,DepositsSavingsDeposits,USD,,2018-12-31,529215000.0,10-K,2020-02-27
us-gaap,DepositsSavingsDeposits,USD,,2019-03-31,559884000.0,10-Q,2019-05-01
us-gaap,DepositsSavingsDeposits,USD,,2019-06-30,557683000.0,10-Q,2019-08-09
us-gaap,DepositsSavingsDeposits,USD,,2019-09-30,557593000.0,10-Q,2019-10-30
us-gaap,DepositsSavingsDeposits,USD,,2019-12-31,550276000.0,10-K,2020-02-27
us-gaap,DepositsSavingsDeposits,USD,,2019-12-31,550276000.0,10-Q,2020-05-05
us-gaap,DepositsSavingsDeposits,USD,,2019-12-31,550276000.0,10-Q,2020-08-04
us-gaap,DepositsSavingsDeposits,USD,,2019-12-31,550276000.0,10-Q,2020-11-03
us-gaap,DepositsSavingsDeposits,USD,,2019-12-31,550276000.0,10-K,2021-02-24
us-gaap,DepositsSavingsDeposits,USD,,2020-03-31,593805000.0,10-Q,2020-05-05
us-gaap,DepositsSavingsDeposits,USD,,2020-06-30,696971000.0,10-Q,2020-08-04
us-gaap,DepositsSavingsDeposits,USD,,2020-09-30,720949000.0,10-Q,2020-11-03
us-gaap,DepositsSavingsDeposits,USD,,2020-12-31,751992000.0,10-K,2021-02-24
us-gaap,DepositsSavingsDeposits,USD,,2020-12-31,751992000.0,10-Q,2021-05-05
us-gaap,DepositsSavingsDeposits,USD,,2020-12-31,751992000.0,10-Q,2021-08-04
us-gaap,DepositsSavingsDeposits,USD,,2020-12-31,751992000.0,10-Q,2021-11-03
us-gaap,DepositsSavingsDeposits,USD,,2020-12-31,751992000.0,10-K,2022-02-23
us-gaap,DepositsSavingsDeposits,USD,,2021-03-31,854226000.0,10-Q,2021-05-05
us-gaap,DepositsSavingsDeposits,USD,,2021-06-30,875456000.0,10-Q,2021-08-04
us-gaap,DepositsSavingsDeposits,USD,,2021-09-30,900497000.0,10-Q,2021-11-03
us-gaap,DepositsSavingsDeposits,USD,,2021-12-31,924735000.0,10-K,2022-02-23
us-gaap,DepositsSavingsDeposits,USD,,2021-12-31,924735000.0,10-Q,2022-05-04
us-gaap,DepositsSavingsDeposits,USD,,2021-12-31,924735000.0,10-Q,2022-08-03
us-gaap,DepositsSavingsDeposits,USD,,2021-12-31,924735000.0,10-Q,2022-11-02
us-gaap,DepositsSavingsDeposits,USD,,2021-12-31,924735000.0,10-K,2023-03-01
us-gaap,DepositsSavingsDeposits,USD,,2022-03-31,979365000.0,10-Q,2022-05-04
us-gaap,DepositsSavingsDeposits,USD,,2022-06-30,984824000.0,10-Q,2022-08-03
us-gaap,DepositsSavingsDeposits,USD,,2022-09-30,971634000.0,10-Q,2022-11-02
us-gaap,DepositsSavingsDeposits,USD,,2022-12-31,964411000.0,10-K,2023-03-01
us-gaap,DepositsSavingsDeposits,USD,,2022-12-31,964411000.0,10-Q,2023-05-03
us-gaap,DepositsSavingsDeposits,USD,,2022-12-31,964411000.0,10-Q,2023-08-02
us-gaap,DepositsSavingsDeposits,USD,,2022-12-31,964411000.0,10-Q,2023-11-01
us-gaap,DepositsSavingsDeposits,USD,,2022-12-31,964411000.0,10-K,2024-02-21
us-gaap,DepositsSavingsDeposits,USD,,2023-03-31,962673000.0,10-Q,2023-05-03
us-gaap,DepositsSavingsDeposits,USD,,2023-06-30,897937000.0,10-Q,2023-08-02
us-gaap,DepositsSavingsDeposits,USD,,2023-09-30,853933000.0,10-Q,2023-11-01
us-gaap,DepositsSavingsDeposits,USD,,2023-12-31,847085000.0,10-K,2024-02-21
us-gaap,DepositsSavingsDeposits,USD,,2023-12-31,847085000.0,10-Q,2024-05-01
us-gaap,DepositsSavingsDeposits,USD,,2023-12-31,847085000.0,10-Q,2024-07-31
us-gaap,DepositsSavingsDeposits,USD,,2023-12-31,847085000.0,10-Q,2024-10-30
us-gaap,DepositsSavingsDeposits,USD,,2023-12-31,847085000.0,10-K,2025-02-19
us-gaap,DepositsSavingsDeposits,USD,,2024-03-31,854397000.0,10-Q,2024-05-01
us-gaap,DepositsSavingsDeposits,USD,,2024-06-30,830489000.0,10-Q,2024-07-31
us-gaap,DepositsSavingsDeposits,USD,,2024-09-30,816707000.0,10-Q,2024-10-30
us-gaap,DepositsSavingsDeposits,USD,,2024-12-31,828817000.0,10-K,2025-02-19
us-gaap,DepositsSavingsDeposits,USD,,2024-12-31,828817000.0,10-Q,2025-04-30
us-gaap,DepositsSavingsDeposits,USD,,2024-12-31,828817000.0,10-Q,2025-07-30
us-gaap,DepositsSavingsDeposits,USD,,2024-12-31,828817000.0,10-Q,2025-10-29
us-gaap,DepositsSavingsDeposits,USD,,2024-12-31,828817000.0,10-K,2026-02-18
us-gaap,DepositsSavingsDeposits,USD,,2025-03-31,864719000.0,10-Q,2025-04-30
us-gaap,DepositsSavingsDeposits,USD,,2025-06-30,853757000.0,10-Q,2025-07-30
us-gaap,DepositsSavingsDeposits,USD,,2025-09-30,846736000.0,10-Q,2025-10-29
us-gaap,DepositsSavingsDeposits,USD,,2025-12-31,863923000.0,10-K,2026-02-18
us-gaap,DepositsSavingsDeposits,USD,,2025-12-31,863923000.0,10-Q,2026-05-06
us-gaap,DepositsSavingsDeposits,USD,,2025-12-31,863923000.0,10-Q,2026-08-04
us-gaap,DepositsSavingsDeposits,USD,,2026-03-31,903707000.0,10-Q,2026-05-06
us-gaap,DepositsSavingsDeposits,USD,,2026-06-30,900480000.0,10-Q,2026-08-04
us-gaap,FederalHomeLoanBankAdvancesGeneralDebtObligationsDisclosuresAmountOfAvailableUnusedFunds,USD,,2011-12-31,1600000000.0,10-K,2012-02-28
us-gaap,FederalHomeLoanBankAdvancesGeneralDebtObligationsDisclosuresMaximumAmountAvailable,USD,,2010-12-31,311000000.0,10-K,2012-02-28
us-gaap,InterestBearingDepositsInBanks,USD,,2016-12-31,1916651000.0,10-K,2018-02-27
us-gaap,InterestBearingDepositsInBanks,USD,,2017-03-31,2220640000.0,10-Q,2018-04-27
us-gaap,InterestBearingDepositsInBanks,USD,,2017-06-30,2078831000.0,10-Q,2018-07-31
us-gaap,InterestBearingDepositsInBanks,USD,,2017-09-30,1926779000.0,10-Q,2018-10-30
us-gaap,InterestBearingDepositsInBanks,USD,,2017-12-31,1714544000.0,10-K,2018-02-27
us-gaap,InterestBearingDepositsInBanks,USD,,2017-12-31,1714544000.0,10-Q,2018-04-27
us-gaap,InterestBearingDepositsInBanks,USD,,2017-12-31,1714544000.0,10-Q,2018-07-31
us-gaap,InterestBearingDepositsInBanks,USD,,2017-12-31,1714544000.0,10-Q,2018-10-30
us-gaap,InterestBearingDepositsInBanks,USD,,2017-12-31,1714544000.0,10-K,2019-03-01
us-gaap,InterestBearingDepositsInBanks,USD,,2018-03-31,2054899000.0,10-Q,2018-04-27
us-gaap,InterestBearingDepositsInBanks,USD,,2018-06-30,872999000.0,10-Q,2018-07-31
us-gaap,InterestBearingDepositsInBanks,USD,,2018-09-30,430789000.0,10-Q,2018-10-30
us-gaap,InterestBearingDepositsInBanks,USD,,2018-12-31,401675000.0,10-K,2019-03-01
us-gaap,InterestBearingDepositsInBanks,USD,,2018-12-31,401675000.0,10-Q,2019-05-01
us-gaap,InterestBearingDepositsInBanks,USD,,2018-12-31,401675000.0,10-Q,2019-08-09
us-gaap,InterestBearingDepositsInBanks,USD,,2018-12-31,401675000.0,10-Q,2019-10-30
us-gaap,InterestBearingDepositsInBanks,USD,,2018-12-31,401675000.0,10-K,2020-02-27
us-gaap,InterestBearingDepositsInBanks,USD,,2019-03-31,564404000.0,10-Q,2019-05-01
us-gaap,InterestBearingDepositsInBanks,USD,,2019-06-30,596382000.0,10-Q,2019-08-09
us-gaap,InterestBearingDepositsInBanks,USD,,2019-09-30,465458000.0,10-Q,2019-10-30
us-gaap,InterestBearingDepositsInBanks,USD,,2019-12-31,522985000.0,10-K,2020-02-27
us-gaap,InterestBearingDepositsInBanks,USD,,2019-12-31,522985000.0,10-Q,2020-05-05
us-gaap,InterestBearingDepositsInBanks,USD,,2019-12-31,522985000.0,10-Q,2020-08-04
us-gaap,InterestBearingDepositsInBanks,USD,,2019-12-31,522985000.0,10-Q,2020-11-03
us-gaap,InterestBearingDepositsInBanks,USD,,2019-12-31,522985000.0,10-K,2021-02-24
us-gaap,InterestBearingDepositsInBanks,USD,,2020-03-31,302577000.0,10-Q,2020-05-05
us-gaap,InterestBearingDepositsInBanks,USD,,2020-06-30,485319000.0,10-Q,2020-08-04
us-gaap,InterestBearingDepositsInBanks,USD,,2020-09-30,347759000.0,10-Q,2020-11-03
us-gaap,InterestBearingDepositsInBanks,USD,,2020-12-31,381816000.0,10-K,2021-02-24
us-gaap,InterestBearingDepositsInBanks,USD,,2020-12-31,381816000.0,10-Q,2021-05-05
us-gaap,InterestBearingDepositsInBanks,USD,,2020-12-31,381816000.0,10-Q,2021-08-04
us-gaap,InterestBearingDepositsInBanks,USD,,2020-12-31,381816000.0,10-Q,2021-11-03
us-gaap,InterestBearingDepositsInBanks,USD,,2020-12-31,381816000.0,10-K,2022-02-23
us-gaap,InterestBearingDepositsInBanks,USD,,2021-03-31,695213000.0,10-Q,2021-05-05
us-gaap,InterestBearingDepositsInBanks,USD,,2021-06-30,580457000.0,10-Q,2021-08-04
us-gaap,InterestBearingDepositsInBanks,USD,,2021-09-30,1162477000.0,10-Q,2021-11-03
us-gaap,InterestBearingDepositsInBanks,USD,,2021-12-31,2125343000.0,10-K,2022-02-23
us-gaap,InterestBearingDepositsInBanks,USD,,2021-12-31,2125343000.0,10-Q,2022-05-04
us-gaap,InterestBearingDepositsInBanks,USD,,2021-12-31,2125343000.0,10-Q,2022-08-03
us-gaap,InterestBearingDepositsInBanks,USD,,2021-12-31,2125343000.0,10-Q,2022-11-02
us-gaap,InterestBearingDepositsInBanks,USD,,2021-12-31,2125343000.0,10-K,2023-03-01
us-gaap,InterestBearingDepositsInBanks,USD,,2022-03-31,599976000.0,10-Q,2022-05-04
us-gaap,InterestBearingDepositsInBanks,USD,,2022-06-30,723787000.0,10-Q,2022-08-03
us-gaap,InterestBearingDepositsInBanks,USD,,2022-09-30,804799000.0,10-Q,2022-11-02
us-gaap,InterestBearingDepositsInBanks,USD,,2022-12-31,457906000.0,10-K,2023-03-01
us-gaap,InterestBearingDepositsInBanks,USD,,2022-12-31,457906000.0,10-Q,2023-05-03
us-gaap,InterestBearingDepositsInBanks,USD,,2022-12-31,457906000.0,10-Q,2023-08-02
us-gaap,InterestBearingDepositsInBanks,USD,,2022-12-31,457906000.0,10-Q,2023-11-01
us-gaap,InterestBearingDepositsInBanks,USD,,2022-12-31,457906000.0,10-K,2024-02-21
us-gaap,InterestBearingDepositsInBanks,USD,,2023-03-31,571613000.0,10-Q,2023-05-03
us-gaap,InterestBearingDepositsInBanks,USD,,2023-06-30,571616000.0,10-Q,2023-08-02
us-gaap,InterestBearingDepositsInBanks,USD,,2023-09-30,520774000.0,10-Q,2023-11-01
us-gaap,InterestBearingDepositsInBanks,USD,,2023-12-31,400652000.0,10-K,2024-02-21
us-gaap,InterestBearingDepositsInBanks,USD,,2023-12-31,400652000.0,10-Q,2024-05-01
us-gaap,InterestBearingDepositsInBanks,USD,,2023-12-31,400652000.0,10-Q,2024-07-31
us-gaap,InterestBearingDepositsInBanks,USD,,2023-12-31,400652000.0,10-Q,2024-10-30
us-gaap,InterestBearingDepositsInBanks,USD,,2023-12-31,400652000.0,10-K,2025-02-19
us-gaap,InterestBearingDepositsInBanks,USD,,2024-03-31,354070000.0,10-Q,2024-05-01
us-gaap,InterestBearingDepositsInBanks,USD,,2024-06-30,178352000.0,10-Q,2024-07-31
us-gaap,InterestBearingDepositsInBanks,USD,,2024-09-30,547043000.0,10-Q,2024-10-30
us-gaap,InterestBearingDepositsInBanks,USD,,2024-12-31,390732000.0,10-K,2025-02-19
us-gaap,InterestBearingDepositsInBanks,USD,,2024-12-31,390732000.0,10-Q,2025-04-30
us-gaap,InterestBearingDepositsInBanks,USD,,2024-12-31,390732000.0,10-Q,2025-07-30
us-gaap,InterestBearingDepositsInBanks,USD,,2024-12-31,390732000.0,10-Q,2025-10-29
us-gaap,InterestBearingDepositsInBanks,USD,,2024-12-31,390732000.0,10-K,2026-02-18
us-gaap,InterestBearingDepositsInBanks,USD,,2025-03-31,426337000.0,10-Q,2025-04-30
us-gaap,InterestBearingDepositsInBanks,USD,,2025-06-30,284933000.0,10-Q,2025-07-30
us-gaap,InterestBearingDepositsInBanks,USD,,2025-09-30,545322000.0,10-Q,2025-10-29
us-gaap,InterestBearingDepositsInBanks,USD,,2025-12-31,656995000.0,10-K,2026-02-18
us-gaap,InterestBearingDepositsInBanks,USD,,2025-12-31,656995000.0,10-Q,2026-05-06
us-gaap,InterestBearingDepositsInBanks,USD,,2025-12-31,656995000.0,10-Q,2026-08-04
us-gaap,InterestBearingDepositsInBanks,USD,,2026-03-31,506793000.0,10-Q,2026-05-06
us-gaap,InterestBearingDepositsInBanks,USD,,2026-06-30,545597000.0,10-Q,2026-08-04
us-gaap,LoansAndLeasesReceivableGrossCarryingAmount,USD,,2009-06-30,12069928000.0,10-Q,2010-08-03
us-gaap,LoansAndLeasesReceivableGrossCarryingAmount,USD,,2009-09-30,11611564000.0,10-Q,2010-11-01
us-gaap,LoansAndLeasesReceivableGrossCarryingAmount,USD,,2009-12-31,11279698000.0,10-Q,2010-08-03
us-gaap,LoansAndLeasesReceivableGrossCarryingAmount,USD,,2009-12-31,11279698000.0,10-Q,2010-11-01
us-gaap,LoansAndLeasesReceivableGrossCarryingAmount,USD,,2009-12-31,11279698000.0,10-K,2011-02-28
us-gaap,LoansAndLeasesReceivableGrossCarryingAmount,USD,,2010-03-31,10971224000.0,10-Q,2011-05-10
us-gaap,LoansAndLeasesReceivableGrossCarryingAmount,USD,,2010-06-30,10882717000.0,10-Q,2010-08-03
us-gaap,LoansAndLeasesReceivableGrossCarryingAmount,USD,,2010-06-30,10882717000.0,10-Q/A,2011-08-12
us-gaap,LoansAndLeasesReceivableGrossCarryingAmount,USD,,2010-09-30,10805844000.0,10-Q,2010-11-01
us-gaap,LoansAndLeasesReceivableGrossCarryingAmount,USD,,2010-09-30,10805844000.0,10-Q,2011-11-08
us-gaap,LoansAndLeasesReceivableGrossCarryingAmount,USD,,2010-12-31,10643036000.0,10-K,2011-02-28
us-gaap,LoansAndLeasesReceivableGrossCarryingAmount,USD,,2010-12-31,10643036000.0,10-Q,2011-05-10
us-gaap,LoansAndLeasesReceivableGrossCarryingAmount,USD,,2010-12-31,10643036000.0,10-Q/A,2011-08-12
us-gaap,LoansAndLeasesReceivableGrossCarryingAmount,USD,,2010-12-31,10643036000.0,10-Q,2011-11-08
us-gaap,LoansAndLeasesReceivableGrossCarryingAmount,USD,,2010-12-31,10643036000.0,10-K,2012-02-28
us-gaap,LoansAndLeasesReceivableGrossCarryingAmount,USD,,2011-03-31,10589835000.0,10-Q,2011-05-10
us-gaap,LoansAndLeasesReceivableGrossCarryingAmount,USD,,2011-03-31,10589835000.0,10-Q,2012-05-08
us-gaap,LoansAndLeasesReceivableGrossCarryingAmount,USD,,2011-06-30,10737544000.0,10-Q/A,2011-08-12
us-gaap,LoansAndLeasesReceivableGrossCarryingAmount,USD,,2011-06-30,10737544000.0,10-Q,2012-08-07
us-gaap,LoansAndLeasesReceivableGrossCarryingAmount,USD,,2011-09-30,11124569000.0,10-Q,2011-11-08
us-gaap,LoansAndLeasesReceivableGrossCarryingAmount,USD,,2011-09-30,11124569000.0,10-Q,2012-11-06
us-gaap,LoansAndLeasesReceivableGrossCarryingAmount,USD,,2011-12-31,11269743000.0,10-K,2012-02-28
us-gaap,LoansAndLeasesReceivableGrossCarryingAmount,USD,,2011-12-31,11269743000.0,10-Q,2012-05-08
us-gaap,LoansAndLeasesReceivableGrossCarryingAmount,USD,,2011-12-31,11269743000.0,10-Q,2012-08-07
us-gaap,LoansAndLeasesReceivableGrossCarryingAmount,USD,,2011-12-31,11269743000.0,10-Q,2012-11-06
us-gaap,LoansAndLeasesReceivableGrossCarryingAmount,USD,,2011-12-31,11269743000.0,10-K,2013-02-27
us-gaap,LoansAndLeasesReceivableGrossCarryingAmount,USD,,2012-03-31,11577444000.0,10-Q,2012-05-08
us-gaap,LoansAndLeasesReceivableGrossCarryingAmount,USD,,2012-03-31,11577444000.0,10-Q,2013-05-03
us-gaap,LoansAndLeasesReceivableGrossCarryingAmount,USD,,2012-06-30,11576431000.0,10-Q,2012-08-07
us-gaap,LoansAndLeasesReceivableGrossCarryingAmount,USD,,2012-06-30,11576431000.0,10-Q,2013-08-02
us-gaap,LoansAndLeasesReceivableGrossCarryingAmount,USD,,2012-09-30,11832367000.0,10-Q,2012-11-06
us-gaap,LoansAndLeasesReceivableGrossCarryingAmount,USD,,2012-09-30,11832367000.0,10-Q,2013-11-01
us-gaap,LoansAndLeasesReceivableGrossCarryingAmount,USD,,2012-12-31,12311456000.0,10-K,2013-02-27
us-gaap,LoansAndLeasesReceivableGrossCarryingAmount,USD,,2012-12-31,12311456000.0,10-Q,2013-05-03
us-gaap,LoansAndLeasesReceivableGrossCarryingAmount,USD,,2012-12-31,12311456000.0,10-Q,2013-08-02
us-gaap,LoansAndLeasesReceivableGrossCarryingAmount,USD,,2012-12-31,12311456000.0,10-Q,2013-11-01
us-gaap,LoansAndLeasesReceivableGrossCarryingAmount,USD,,2012-12-31,12311456000.0,10-K,2014-02-26
us-gaap,LoansAndLeasesReceivableGrossCarryingAmount,USD,,2013-03-31,12093564000.0,10-Q,2013-05-03
us-gaap,LoansAndLeasesReceivableGrossCarryingAmount,USD,,2013-03-31,12093564000.0,10-Q,2014-05-02
us-gaap,LoansAndLeasesReceivableGrossCarryingAmount,USD,,2013-06-30,12440782000.0,10-Q,2013-08-02
us-gaap,LoansAndLeasesReceivableGrossCarryingAmount,USD,,2013-06-30,12440782000.0,10-Q,2014-08-01
us-gaap,LoansAndLeasesReceivableGrossCarryingAmount,USD,,2013-09-30,12350100000.0,10-Q,2013-11-01
us-gaap,LoansAndLeasesReceivableGrossCarryingAmount,USD,,2013-09-30,12350100000.0,10-Q,2014-10-31
us-gaap,LoansAndLeasesReceivableGrossCarryingAmount,USD,,2013-12-31,12792264000.0,10-K,2014-02-26
us-gaap,LoansAndLeasesReceivableGrossCarryingAmount,USD,,2013-12-31,12792264000.0,10-Q,2014-05-02
us-gaap,LoansAndLeasesReceivableGrossCarryingAmount,USD,,2013-12-31,12792264000.0,10-Q,2014-08-01
us-gaap,LoansAndLeasesReceivableGrossCarryingAmount,USD,,2013-12-31,12792264000.0,10-Q,2014-10-31
us-gaap,LoansAndLeasesReceivableGrossCarryingAmount,USD,,2013-12-31,12792264000.0,10-K,2015-02-27
us-gaap,LoansAndLeasesReceivableGrossCarryingAmount,USD,,2014-03-31,13077854000.0,10-Q,2014-05-02
us-gaap,LoansAndLeasesReceivableGrossCarryingAmount,USD,,2014-03-31,13077854000.0,10-Q,2015-05-01
us-gaap,LoansAndLeasesReceivableGrossCarryingAmount,USD,,2014-06-30,13426858000.0,10-Q,2014-08-01
us-gaap,LoansAndLeasesReceivableGrossCarryingAmount,USD,,2014-06-30,13426858000.0,10-Q,2015-07-31
us-gaap,LoansAndLeasesReceivableGrossCarryingAmount,USD,,2014-09-30,13683739000.0,10-Q,2014-10-31
us-gaap,LoansAndLeasesReceivableGrossCarryingAmount,USD,,2014-09-30,13683739000.0,10-Q,2015-10-30
us-gaap,LoansAndLeasesReceivableGrossCarryingAmount,USD,,2014-12-31,14208037000.0,10-K,2015-02-27
us-gaap,LoansAndLeasesReceivableGrossCarryingAmount,USD,,2014-12-31,14208037000.0,10-Q,2015-05-01
us-gaap,LoansAndLeasesReceivableGrossCarryingAmount,USD,,2014-12-31,14208037000.0,10-Q,2015-07-31
us-gaap,LoansAndLeasesReceivableGrossCarryingAmount,USD,,2014-12-31,14208037000.0,10-Q,2015-10-30
us-gaap,LoansAndLeasesReceivableGrossCarryingAmount,USD,,2014-12-31,14208037000.0,10-K,2016-02-29
us-gaap,LoansAndLeasesReceivableGrossCarryingAmount,USD,,2015-03-31,14684136000.0,10-Q,2015-05-01
us-gaap,LoansAndLeasesReceivableGrossCarryingAmount,USD,,2015-03-31,14684136000.0,10-Q,2016-04-29
us-gaap,LoansAndLeasesReceivableGrossCarryingAmount,USD,,2015-06-30,15124136000.0,10-Q,2015-07-31
us-gaap,LoansAndLeasesReceivableGrossCarryingAmount,USD,,2015-06-30,15124136000.0,10-Q,2016-07-29
us-gaap,LoansAndLeasesReceivableGrossCarryingAmount,USD,,2015-09-30,15367441000.0,10-Q,2015-10-30
us-gaap,LoansAndLeasesReceivableGrossCarryingAmount,USD,,2015-09-30,15367441000.0,10-Q,2016-10-31
us-gaap,LoansAndLeasesReceivableGrossCarryingAmount,USD,,2015-12-31,15941154000.0,10-K,2016-02-29
us-gaap,LoansAndLeasesReceivableGrossCarryingAmount,USD,,2015-12-31,15941154000.0,10-Q,2016-04-29
us-gaap,LoansAndLeasesReceivableGrossCarryingAmount,USD,,2015-12-31,15941154000.0,10-Q,2016-07-29
us-gaap,LoansAndLeasesReceivableGrossCarryingAmount,USD,,2015-12-31,15941154000.0,10-Q,2016-10-31
us-gaap,LoansAndLeasesReceivableGrossCarryingAmount,USD,,2015-12-31,15941154000.0,10-K,2017-02-28
us-gaap,LoansAndLeasesReceivableGrossCarryingAmount,USD,,2016-03-31,16022566000.0,10-Q,2016-04-29
us-gaap,LoansAndLeasesReceivableGrossCarryingAmount,USD,,2016-03-31,16022566000.0,10-Q,2017-04-28
us-gaap,LoansAndLeasesReceivableGrossCarryingAmount,USD,,2016-06-30,16406749000.0,10-Q,2016-07-29
us-gaap,LoansAndLeasesReceivableGrossCarryingAmount,USD,,2016-06-30,16406749000.0,10-Q,2017-07-28
us-gaap,LoansAndLeasesReceivableGrossCarryingAmount,USD,,2016-09-30,16464786000.0,10-Q,2016-10-31
us-gaap,LoansAndLeasesReceivableGrossCarryingAmount,USD,,2016-09-30,16464786000.0,10-Q,2017-10-31
us-gaap,LoansAndLeasesReceivableGrossCarryingAmount,USD,,2016-12-31,16989660000.0,10-K,2017-02-28
us-gaap,LoansAndLeasesReceivableGrossCarryingAmount,USD,,2016-12-31,16989660000.0,10-Q,2017-04-28
us-gaap,LoansAndLeasesReceivableGrossCarryingAmount,USD,,2016-12-31,16989660000.0,10-Q,2017-07-28
us-gaap,LoansAndLeasesReceivableGrossCarryingAmount,USD,,2016-12-31,16989660000.0,10-Q,2017-10-31
us-gaap,LoansAndLeasesReceivableGrossCarryingAmount,USD,,2016-12-31,16989660000.0,10-K,2018-02-27
us-gaap,LoansAndLeasesReceivableGrossCarryingAmount,USD,,2017-03-31,16991906000.0,10-Q,2017-04-28
us-gaap,LoansAndLeasesReceivableGrossCarryingAmount,USD,,2017-03-31,16991906000.0,10-Q,2018-04-27
us-gaap,LoansAndLeasesReceivableGrossCarryingAmount,USD,,2017-06-30,17183645000.0,10-Q,2017-07-28
us-gaap,LoansAndLeasesReceivableGrossCarryingAmount,USD,,2017-06-30,17183645000.0,10-Q,2018-07-31
us-gaap,LoansAndLeasesReceivableGrossCarryingAmount,USD,,2017-09-30,17206834000.0,10-Q,2017-10-31
us-gaap,LoansAndLeasesReceivableGrossCarryingAmount,USD,,2017-09-30,17206834000.0,10-Q,2018-10-30
us-gaap,LoansAndLeasesReceivableGrossCarryingAmount,USD,,2017-12-31,17153424000.0,10-K,2018-02-27
us-gaap,LoansAndLeasesReceivableGrossCarryingAmount,USD,,2017-12-31,17153424000.0,10-Q,2018-04-27
us-gaap,LoansAndLeasesReceivableGrossCarryingAmount,USD,,2017-12-31,17153424000.0,10-Q,2018-07-31
us-gaap,LoansAndLeasesReceivableGrossCarryingAmount,USD,,2017-12-31,17153424000.0,10-Q,2018-10-30
us-gaap,LoansAndLeasesReceivableGrossCarryingAmount,USD,,2017-12-31,17153424000.0,10-K,2019-03-01
us-gaap,LoansAndLeasesReceivableGrossCarryingAmount,USD,,2018-03-31,17337850000.0,10-Q,2018-04-27
us-gaap,LoansAndLeasesReceivableGrossCarryingAmount,USD,,2018-06-30,18003696000.0,10-Q,2018-07-31
us-gaap,LoansAndLeasesReceivableGrossCarryingAmount,USD,,2018-09-30,18349459000.0,10-Q,2018-10-30
us-gaap,LoansAndLeasesReceivableGrossCarryingAmount,USD,,2018-12-31,21656730000.0,10-K,2019-03-01
us-gaap,LoansAndLeasesReceivableGrossCarryingAmount,USD,,2018-12-31,21656730000.0,10-Q,2019-05-01
us-gaap,LoansAndLeasesReceivableGrossCarryingAmount,USD,,2018-12-31,21656730000.0,10-Q,2019-08-09
us-gaap,LoansAndLeasesReceivableGrossCarryingAmount,USD,,2018-12-31,21656730000.0,10-Q,2019-10-30
us-gaap,LoansAndLeasesReceivableGrossCarryingAmount,USD,,2018-12-31,21656730000.0,10-K,2020-02-27
us-gaap,LoansAndLeasesReceivableGrossCarryingAmount,USD,,2019-03-31,21758980000.0,10-Q,2019-05-01
us-gaap,LoansAndLeasesReceivableGrossCarryingAmount,USD,,2019-06-30,22255652000.0,10-Q,2019-08-09
us-gaap,LoansAndLeasesReceivableGrossCarryingAmount,USD,,2019-09-30,22285367000.0,10-Q,2019-10-30
us-gaap,LoansAndLeasesReceivableGrossCarryingAmount,USD,,2019-12-31,21750987000.0,10-K,2020-02-27
us-gaap,LoansAndLeasesReceivableGrossCarryingAmount,USD,,2019-12-31,21750987000.0,10-Q,2020-05-05
us-gaap,LoansAndLeasesReceivableGrossCarryingAmount,USD,,2019-12-31,21750987000.0,10-Q,2020-08-04
us-gaap,LoansAndLeasesReceivableGrossCarryingAmount,USD,,2019-12-31,21750987000.0,10-Q,2020-11-03
us-gaap,LoansAndLeasesReceivableGrossCarryingAmount,USD,,2019-12-31,21750987000.0,10-K,2021-02-24
us-gaap,LoansAndLeasesReceivableGrossCarryingAmount,USD,,2020-03-31,22463970000.0,10-Q,2020-05-05
us-gaap,LoansAndLeasesReceivableGrossCarryingAmount,USD,,2020-06-30,24155890000.0,10-Q,2020-08-04
us-gaap,LoansAndLeasesReceivableGrossCarryingAmount,USD,,2020-09-30,23803300000.0,10-Q,2020-11-03
us-gaap,LoansAndLeasesReceivableGrossCarryingAmount,USD,,2020-12-31,23007520000.0,10-K,2021-02-24
us-gaap,LoansAndLeasesReceivableGrossCarryingAmount,USD,,2020-12-31,23007520000.0,10-Q,2021-05-05
us-gaap,LoansAndLeasesReceivableGrossCarryingAmount,USD,,2020-12-31,23007520000.0,10-Q,2021-08-04
us-gaap,LoansAndLeasesReceivableGrossCarryingAmount,USD,,2020-12-31,23007520000.0,10-Q,2021-11-03
us-gaap,LoansAndLeasesReceivableGrossCarryingAmount,USD,,2020-12-31,23007520000.0,10-K,2022-02-23
us-gaap,LoansAndLeasesReceivableGrossCarryingAmount,USD,,2021-03-31,22533847000.0,10-Q,2021-05-05
us-gaap,LoansAndLeasesReceivableGrossCarryingAmount,USD,,2021-06-30,21416449000.0,10-Q,2021-08-04
us-gaap,LoansAndLeasesReceivableGrossCarryingAmount,USD,,2021-09-30,20347936000.0,10-Q,2021-11-03
us-gaap,LoansAndLeasesReceivableGrossCarryingAmount,USD,,2021-12-31,20205680000.0,10-K,2022-02-23
us-gaap,LoansAndLeasesReceivableGrossCarryingAmount,USD,,2021-12-31,20205680000.0,10-Q,2022-05-04
us-gaap,LoansAndLeasesReceivableGrossCarryingAmount,USD,,2021-12-31,20205680000.0,10-Q,2022-08-03
us-gaap,LoansAndLeasesReceivableGrossCarryingAmount,USD,,2021-12-31,20205680000.0,10-Q,2022-11-02
us-gaap,LoansAndLeasesReceivableGrossCarryingAmount,USD,,2021-12-31,20205680000.0,10-K,2023-03-01
us-gaap,LoansAndLeasesReceivableGrossCarryingAmount,USD,,2022-03-31,20674429000.0,10-Q,2022-05-04
us-gaap,LoansAndLeasesReceivableGrossCarryingAmount,USD,,2022-06-30,21291148000.0,10-Q,2022-08-03
us-gaap,LoansAndLeasesReceivableGrossCarryingAmount,USD,,2022-09-30,21790457000.0,10-Q,2022-11-02
us-gaap,LoansAndLeasesReceivableGrossCarryingAmount,USD,,2022-12-31,22557150000.0,10-K,2023-03-01
us-gaap,LoansAndLeasesReceivableGrossCarryingAmount,USD,,2022-12-31,22557150000.0,10-Q,2023-05-03
us-gaap,LoansAndLeasesReceivableGrossCarryingAmount,USD,,2022-12-31,22557150000.0,10-Q,2023-08-02
us-gaap,LoansAndLeasesReceivableGrossCarryingAmount,USD,,2022-12-31,22557150000.0,10-Q,2023-11-01
us-gaap,LoansAndLeasesReceivableGrossCarryingAmount,USD,,2022-12-31,22557150000.0,10-K,2024-02-21
us-gaap,LoansAndLeasesReceivableGrossCarryingAmount,USD,,2023-03-31,22750053000.0,10-Q,2023-05-03
us-gaap,LoansAndLeasesReceivableGrossCarryingAmount,USD,,2023-06-30,23237659000.0,10-Q,2023-08-02
us-gaap,LoansAndLeasesReceivableGrossCarryingAmount,USD,,2023-09-30,23724018000.0,10-Q,2023-11-01
us-gaap,LoansAndLeasesReceivableGrossCarryingAmount,USD,,2023-12-31,23904968000.0,10-K,2024-02-21
us-gaap,LoansAndLeasesReceivableGrossCarryingAmount,USD,,2023-12-31,23904968000.0,10-Q,2024-05-01
us-gaap,LoansAndLeasesReceivableGrossCarryingAmount,USD,,2023-12-31,23904968000.0,10-Q,2024-07-31
us-gaap,LoansAndLeasesReceivableGrossCarryingAmount,USD,,2023-12-31,23904968000.0,10-Q,2024-10-30
us-gaap,LoansAndLeasesReceivableGrossCarryingAmount,USD,,2024-03-31,24172560000.0,10-Q,2024-05-01
us-gaap,LoansAndLeasesReceivableGrossCarryingAmount,USD,,2024-06-30,24553581000.0,10-Q,2024-07-31
us-gaap,LoansAndLeasesReceivableGrossCarryingAmount,USD,,2024-09-30,23985061000.0,10-Q,2024-10-30
us-gaap,LoansAndLeasesReceivableNetReportedAmount,USD,,2009-06-30,11806619000.0,10-Q,2010-08-03
us-gaap,LoansAndLeasesReceivableNetReportedAmount,USD,,2009-09-30,11330662000.0,10-Q,2010-11-01
us-gaap,LoansAndLeasesReceivableNetReportedAmount,USD,,2009-12-31,10987603000.0,10-Q,2010-08-03
us-gaap,LoansAndLeasesReceivableNetReportedAmount,USD,,2009-12-31,10987603000.0,10-Q,2010-11-01
us-gaap,LoansAndLeasesReceivableNetReportedAmount,USD,,2009-12-31,10987603000.0,10-K,2011-02-28
us-gaap,LoansAndLeasesReceivableNetReportedAmount,USD,,2010-03-31,10671507000.0,10-Q,2011-05-10
us-gaap,LoansAndLeasesReceivableNetReportedAmount,USD,,2010-06-30,10583228000.0,10-Q,2010-08-03
us-gaap,LoansAndLeasesReceivableNetReportedAmount,USD,,2010-06-30,10583228000.0,10-Q/A,2011-08-12
us-gaap,LoansAndLeasesReceivableNetReportedAmount,USD,,2010-09-30,10506690000.0,10-Q,2010-11-01
us-gaap,LoansAndLeasesReceivableNetReportedAmount,USD,,2010-09-30,10506690000.0,10-Q,2011-11-08
us-gaap,LoansAndLeasesReceivableNetReportedAmount,USD,,2010-12-31,10350065000.0,10-K,2011-02-28
us-gaap,LoansAndLeasesReceivableNetReportedAmount,USD,,2010-12-31,10350065000.0,10-Q,2011-05-10
us-gaap,LoansAndLeasesReceivableNetReportedAmount,USD,,2010-12-31,10350065000.0,10-Q/A,2011-08-12
us-gaap,LoansAndLeasesReceivableNetReportedAmount,USD,,2010-12-31,10350065000.0,10-Q,2011-11-08
us-gaap,LoansAndLeasesReceivableNetReportedAmount,USD,,2010-12-31,10350065000.0,10-K,2012-02-28
us-gaap,LoansAndLeasesReceivableNetReportedAmount,USD,,2011-03-31,10300286000.0,10-Q,2011-05-10
us-gaap,LoansAndLeasesReceivableNetReportedAmount,USD,,2011-03-31,10300286000.0,10-Q,2012-05-08
us-gaap,LoansAndLeasesReceivableNetReportedAmount,USD,,2011-06-30,10450933000.0,10-Q/A,2011-08-12
us-gaap,LoansAndLeasesReceivableNetReportedAmount,USD,,2011-06-30,10450933000.0,10-Q,2012-08-07
us-gaap,LoansAndLeasesReceivableNetReportedAmount,USD,,2011-09-30,10853113000.0,10-Q,2011-11-08
us-gaap,LoansAndLeasesReceivableNetReportedAmount,USD,,2011-09-30,10853113000.0,10-Q,2012-11-06
us-gaap,LoansAndLeasesReceivableNetReportedAmount,USD,,2011-12-31,11016262000.0,10-K,2012-02-28
us-gaap,LoansAndLeasesReceivableNetReportedAmount,USD,,2011-12-31,11016262000.0,10-Q,2012-05-08
us-gaap,LoansAndLeasesReceivableNetReportedAmount,USD,,2011-12-31,11016262000.0,10-Q,2012-08-07
us-gaap,LoansAndLeasesReceivableNetReportedAmount,USD,,2011-12-31,11016262000.0,10-Q,2012-11-06
us-gaap,LoansAndLeasesReceivableNetReportedAmount,USD,,2011-12-31,11016262000.0,10-K,2013-02-27
us-gaap,LoansAndLeasesReceivableNetReportedAmount,USD,,2012-03-31,11333235000.0,10-Q,2012-05-08
us-gaap,LoansAndLeasesReceivableNetReportedAmount,USD,,2012-03-31,11333235000.0,10-Q,2013-05-03
us-gaap,LoansAndLeasesReceivableNetReportedAmount,USD,,2012-06-30,11344762000.0,10-Q,2012-08-07
us-gaap,LoansAndLeasesReceivableNetReportedAmount,USD,,2012-06-30,11344762000.0,10-Q,2013-08-02
us-gaap,LoansAndLeasesReceivableNetReportedAmount,USD,,2012-09-30,11598611000.0,10-Q,2012-11-06
us-gaap,LoansAndLeasesReceivableNetReportedAmount,USD,,2012-09-30,11598611000.0,10-Q,2013-11-01
us-gaap,LoansAndLeasesReceivableNetReportedAmount,USD,,2012-12-31,12095949000.0,10-K,2013-02-27
us-gaap,LoansAndLeasesReceivableNetReportedAmount,USD,,2012-12-31,12095949000.0,10-Q,2013-05-03
us-gaap,LoansAndLeasesReceivableNetReportedAmount,USD,,2012-12-31,12095949000.0,10-Q,2013-08-02
us-gaap,LoansAndLeasesReceivableNetReportedAmount,USD,,2012-12-31,12095949000.0,10-Q,2013-11-01
us-gaap,LoansAndLeasesReceivableNetReportedAmount,USD,,2012-12-31,12095949000.0,10-K,2014-02-26
us-gaap,LoansAndLeasesReceivableNetReportedAmount,USD,,2013-03-31,11887599000.0,10-Q,2013-05-03
us-gaap,LoansAndLeasesReceivableNetReportedAmount,USD,,2013-03-31,11887599000.0,10-Q,2014-05-02
us-gaap,LoansAndLeasesReceivableNetReportedAmount,USD,,2013-06-30,12237658000.0,10-Q,2013-08-02
us-gaap,LoansAndLeasesReceivableNetReportedAmount,USD,,2013-06-30,12237658000.0,10-Q,2014-08-01
us-gaap,LoansAndLeasesReceivableNetReportedAmount,USD,,2013-09-30,12155775000.0,10-Q,2013-11-01
us-gaap,LoansAndLeasesReceivableNetReportedAmount,USD,,2013-09-30,12155775000.0,10-Q,2014-10-31
us-gaap,LoansAndLeasesReceivableNetReportedAmount,USD,,2013-12-31,12606868000.0,10-K,2014-02-26
us-gaap,LoansAndLeasesReceivableNetReportedAmount,USD,,2013-12-31,12606868000.0,10-Q,2014-05-02
us-gaap,LoansAndLeasesReceivableNetReportedAmount,USD,,2013-12-31,12606868000.0,10-Q,2014-08-01
us-gaap,LoansAndLeasesReceivableNetReportedAmount,USD,,2013-12-31,12606868000.0,10-Q,2014-10-31
us-gaap,LoansAndLeasesReceivableNetReportedAmount,USD,,2013-12-31,12606868000.0,10-K,2015-02-27
us-gaap,LoansAndLeasesReceivableNetReportedAmount,USD,,2014-03-31,12889536000.0,10-Q,2014-05-02
us-gaap,LoansAndLeasesReceivableNetReportedAmount,USD,,2014-03-31,12889536000.0,10-Q,2015-05-01
us-gaap,LoansAndLeasesReceivableNetReportedAmount,USD,,2014-06-30,13236168000.0,10-Q,2014-08-01
us-gaap,LoansAndLeasesReceivableNetReportedAmount,USD,,2014-06-30,13236168000.0,10-Q,2015-07-31
us-gaap,LoansAndLeasesReceivableNetReportedAmount,USD,,2014-09-30,13492495000.0,10-Q,2014-10-31
us-gaap,LoansAndLeasesReceivableNetReportedAmount,USD,,2014-09-30,13492495000.0,10-Q,2015-10-30
us-gaap,LoansAndLeasesReceivableNetReportedAmount,USD,,2014-12-31,14018981000.0,10-K,2015-02-27
us-gaap,LoansAndLeasesReceivableNetReportedAmount,USD,,2014-12-31,14018981000.0,10-Q,2015-05-01
us-gaap,LoansAndLeasesReceivableNetReportedAmount,USD,,2014-12-31,14018981000.0,10-Q,2015-07-31
us-gaap,LoansAndLeasesReceivableNetReportedAmount,USD,,2014-12-31,14018981000.0,10-Q,2015-10-30
us-gaap,LoansAndLeasesReceivableNetReportedAmount,USD,,2014-12-31,14018981000.0,10-K,2016-02-29
us-gaap,LoansAndLeasesReceivableNetReportedAmount,USD,,2015-03-31,14486450000.0,10-Q,2015-05-01
us-gaap,LoansAndLeasesReceivableNetReportedAmount,USD,,2015-03-31,14486450000.0,10-Q,2016-04-29
us-gaap,LoansAndLeasesReceivableNetReportedAmount,USD,,2015-06-30,14923049000.0,10-Q,2015-07-31
us-gaap,LoansAndLeasesReceivableNetReportedAmount,USD,,2015-06-30,14923049000.0,10-Q,2016-07-29
us-gaap,LoansAndLeasesReceivableNetReportedAmount,USD,,2015-09-30,15163325000.0,10-Q,2015-10-30
us-gaap,LoansAndLeasesReceivableNetReportedAmount,USD,,2015-09-30,15163325000.0,10-Q,2016-10-31
us-gaap,LoansAndLeasesReceivableNetReportedAmount,USD,,2015-12-31,15715630000.0,10-K,2016-02-29
us-gaap,LoansAndLeasesReceivableNetReportedAmount,USD,,2015-12-31,15715630000.0,10-Q,2016-04-29
us-gaap,LoansAndLeasesReceivableNetReportedAmount,USD,,2015-12-31,15715630000.0,10-Q,2016-07-29
us-gaap,LoansAndLeasesReceivableNetReportedAmount,USD,,2015-12-31,15715630000.0,10-Q,2016-10-31
us-gaap,LoansAndLeasesReceivableNetReportedAmount,USD,,2015-12-31,15715630000.0,10-K,2017-02-28
us-gaap,LoansAndLeasesReceivableNetReportedAmount,USD,,2016-03-31,15789410000.0,10-Q,2016-04-29
us-gaap,LoansAndLeasesReceivableNetReportedAmount,USD,,2016-03-31,15789410000.0,10-Q,2017-04-28
us-gaap,LoansAndLeasesReceivableNetReportedAmount,USD,,2016-06-30,16163490000.0,10-Q,2016-07-29
us-gaap,LoansAndLeasesReceivableNetReportedAmount,USD,,2016-06-30,16163490000.0,10-Q,2017-07-28
us-gaap,LoansAndLeasesReceivableNetReportedAmount,USD,,2016-09-30,16219683000.0,10-Q,2016-10-31
us-gaap,LoansAndLeasesReceivableNetReportedAmount,USD,,2016-09-30,16219683000.0,10-Q,2017-10-31
us-gaap,LoansAndLeasesReceivableNetReportedAmount,USD,,2016-12-31,16743501000.0,10-K,2017-02-28
us-gaap,LoansAndLeasesReceivableNetReportedAmount,USD,,2016-12-31,16743501000.0,10-Q,2017-04-28
us-gaap,LoansAndLeasesReceivableNetReportedAmount,USD,,2016-12-31,16743501000.0,10-Q,2017-07-28
us-gaap,LoansAndLeasesReceivableNetReportedAmount,USD,,2016-12-31,16743501000.0,10-Q,2017-10-31
us-gaap,LoansAndLeasesReceivableNetReportedAmount,USD,,2016-12-31,16743501000.0,10-K,2018-02-27
us-gaap,LoansAndLeasesReceivableNetReportedAmount,USD,,2017-03-31,16743196000.0,10-Q,2017-04-28
us-gaap,LoansAndLeasesReceivableNetReportedAmount,USD,,2017-03-31,16743196000.0,10-Q,2018-04-27
us-gaap,LoansAndLeasesReceivableNetReportedAmount,USD,,2017-06-30,16933584000.0,10-Q,2017-07-28
us-gaap,LoansAndLeasesReceivableNetReportedAmount,USD,,2017-06-30,16933584000.0,10-Q,2018-07-31
us-gaap,LoansAndLeasesReceivableNetReportedAmount,USD,,2017-09-30,16959131000.0,10-Q,2017-10-31
us-gaap,LoansAndLeasesReceivableNetReportedAmount,USD,,2017-09-30,16959131000.0,10-Q,2018-10-30
us-gaap,LoansAndLeasesReceivableNetReportedAmount,USD,,2017-12-31,16922742000.0,10-K,2018-02-27
us-gaap,LoansAndLeasesReceivableNetReportedAmount,USD,,2017-12-31,16922742000.0,10-Q,2018-04-27
us-gaap,LoansAndLeasesReceivableNetReportedAmount,USD,,2017-12-31,16922742000.0,10-Q,2018-07-31
us-gaap,LoansAndLeasesReceivableNetReportedAmount,USD,,2017-12-31,16922742000.0,10-Q,2018-10-30
us-gaap,LoansAndLeasesReceivableNetReportedAmount,USD,,2017-12-31,16922742000.0,10-K,2019-03-01
us-gaap,LoansAndLeasesReceivableNetReportedAmount,USD,,2018-03-31,17113883000.0,10-Q,2018-04-27
us-gaap,LoansAndLeasesReceivableNetReportedAmount,USD,,2018-06-30,17788554000.0,10-Q,2018-07-31
us-gaap,LoansAndLeasesReceivableNetReportedAmount,USD,,2018-09-30,18138890000.0,10-Q,2018-10-30
us-gaap,LoansAndLeasesReceivableNetReportedAmount,USD,,2018-12-31,21449273000.0,10-K,2019-03-01
us-gaap,LoansAndLeasesReceivableNetReportedAmount,USD,,2018-12-31,21449273000.0,10-Q,2019-05-01
us-gaap,LoansAndLeasesReceivableNetReportedAmount,USD,,2018-12-31,21449273000.0,10-Q,2019-08-09
us-gaap,LoansAndLeasesReceivableNetReportedAmount,USD,,2018-12-31,21449273000.0,10-Q,2019-10-30
us-gaap,LoansAndLeasesReceivableNetReportedAmount,USD,,2018-12-31,21449273000.0,10-K,2020-02-27
us-gaap,LoansAndLeasesReceivableNetReportedAmount,USD,,2019-03-31,21553640000.0,10-Q,2019-05-01
us-gaap,LoansAndLeasesReceivableNetReportedAmount,USD,,2019-06-30,22053118000.0,10-Q,2019-08-09
us-gaap,LoansAndLeasesReceivableNetReportedAmount,USD,,2019-09-30,22080935000.0,10-Q,2019-10-30
us-gaap,LoansAndLeasesReceivableNetReportedAmount,USD,,2019-12-31,21540228000.0,10-K,2020-02-27
us-gaap,LoansAndLeasesReceivableNetReportedAmount,USD,,2019-12-31,21540228000.0,10-Q,2020-05-05
us-gaap,LoansAndLeasesReceivableNetReportedAmount,USD,,2019-12-31,21540228000.0,10-Q,2020-08-04
us-gaap,LoansAndLeasesReceivableNetReportedAmount,USD,,2019-12-31,21540228000.0,10-Q,2020-11-03
us-gaap,LoansAndLeasesReceivableNetReportedAmount,USD,,2019-12-31,21540228000.0,10-K,2021-02-24
us-gaap,LoansAndLeasesReceivableNetReportedAmount,USD,,2020-03-31,22148659000.0,10-Q,2020-05-05
us-gaap,LoansAndLeasesReceivableNetReportedAmount,USD,,2020-06-30,23720293000.0,10-Q,2020-08-04
us-gaap,LoansAndLeasesReceivableNetReportedAmount,USD,,2020-09-30,23383523000.0,10-Q,2020-11-03
us-gaap,LoansAndLeasesReceivableNetReportedAmount,USD,,2020-12-31,22618880000.0,10-K,2021-02-24
us-gaap,LoansAndLeasesReceivableNetReportedAmount,USD,,2020-12-31,22618880000.0,10-Q,2021-05-05
us-gaap,LoansAndLeasesReceivableNetReportedAmount,USD,,2020-12-31,22618880000.0,10-Q,2021-08-04
us-gaap,LoansAndLeasesReceivableNetReportedAmount,USD,,2020-12-31,22618880000.0,10-Q,2021-11-03
us-gaap,LoansAndLeasesReceivableNetReportedAmount,USD,,2020-12-31,22618880000.0,10-K,2022-02-23
us-gaap,LoansAndLeasesReceivableNetReportedAmount,USD,,2021-03-31,22181445000.0,10-Q,2021-05-05
us-gaap,LoansAndLeasesReceivableNetReportedAmount,USD,,2021-06-30,21104559000.0,10-Q,2021-08-04
us-gaap,LoansAndLeasesReceivableNetReportedAmount,USD,,2021-09-30,20071256000.0,10-Q,2021-11-03
us-gaap,LoansAndLeasesReceivableNetReportedAmount,USD,,2021-12-31,19949259000.0,10-K,2022-02-23
us-gaap,LoansAndLeasesReceivableNetReportedAmount,USD,,2021-12-31,19949259000.0,10-Q,2022-05-04
us-gaap,LoansAndLeasesReceivableNetReportedAmount,USD,,2021-12-31,19949259000.0,10-Q,2022-08-03
us-gaap,LoansAndLeasesReceivableNetReportedAmount,USD,,2021-12-31,19949259000.0,10-Q,2022-11-02
us-gaap,LoansAndLeasesReceivableNetReportedAmount,USD,,2021-12-31,19949259000.0,10-K,2023-03-01
us-gaap,LoansAndLeasesReceivableNetReportedAmount,USD,,2022-03-31,20427956000.0,10-Q,2022-05-04
us-gaap,LoansAndLeasesReceivableNetReportedAmount,USD,,2022-06-30,21050034000.0,10-Q,2022-08-03
us-gaap,LoansAndLeasesReceivableNetReportedAmount,USD,,2022-09-30,21548689000.0,10-Q,2022-11-02
us-gaap,LoansAndLeasesReceivableNetReportedAmount,USD,,2022-12-31,22321446000.0,10-K,2023-03-01
us-gaap,LoansAndLeasesReceivableNetReportedAmount,USD,,2022-12-31,22321446000.0,10-Q,2023-05-03
us-gaap,LoansAndLeasesReceivableNetReportedAmount,USD,,2022-12-31,22321446000.0,10-Q,2023-08-02
us-gaap,LoansAndLeasesReceivableNetReportedAmount,USD,,2022-12-31,22321446000.0,10-Q,2023-11-01
us-gaap,LoansAndLeasesReceivableNetReportedAmount,USD,,2022-12-31,22321446000.0,10-K,2024-02-21
us-gaap,LoansAndLeasesReceivableNetReportedAmount,USD,,2023-03-31,22500593000.0,10-Q,2023-05-03
us-gaap,LoansAndLeasesReceivableNetReportedAmount,USD,,2023-06-30,22974945000.0,10-Q,2023-08-02
us-gaap,LoansAndLeasesReceivableNetReportedAmount,USD,,2023-09-30,23451904000.0,10-Q,2023-11-01
us-gaap,LoansAndLeasesReceivableNetReportedAmount,USD,,2023-12-31,23627845000.0,10-K,2024-02-21
us-gaap,LoansAndLeasesReceivableNetReportedAmount,USD,,2023-12-31,23627845000.0,10-Q,2024-05-01
us-gaap,LoansAndLeasesReceivableNetReportedAmount,USD,,2023-12-31,23627845000.0,10-Q,2024-07-31
us-gaap,LoansAndLeasesReceivableNetReportedAmount,USD,,2023-12-31,23627845000.0,10-Q,2024-10-30
us-gaap,LoansAndLeasesReceivableNetReportedAmount,USD,,2024-03-31,23890937000.0,10-Q,2024-05-01
us-gaap,LoansAndLeasesReceivableNetReportedAmount,USD,,2024-06-30,24265755000.0,10-Q,2024-07-31
us-gaap,LoansAndLeasesReceivableNetReportedAmount,USD,,2024-09-30,23700605000.0,10-Q,2024-10-30
us-gaap,LongTermDebt,USD,,2009-12-31,5003639000.0,10-K,2012-02-28
us-gaap,LongTermDebt,USD,,2010-12-31,3516059000.0,10-K,2012-02-28
us-gaap,LongTermDebt,USD,,2010-12-31,3516059000.0,10-K,2013-02-27
us-gaap,LongTermDebt,USD,,2011-12-31,2769748000.0,10-K,2012-02-28
us-gaap,LongTermDebt,USD,,2011-12-31,2769748000.0,10-K,2013-02-27
us-gaap,LongTermDebt,USD,,2011-12-31,2769748000.0,10-K,2014-02-26
us-gaap,LongTermDebt,USD,,2012-12-31,3053854000.0,10-K,2013-02-27
us-gaap,LongTermDebt,USD,,2012-12-31,3053854000.0,10-K,2014-02-26
us-gaap,LongTermDebt,USD,,2012-12-31,3053854000.0,10-K,2015-02-27
us-gaap,LongTermDebt,USD,,2013-12-31,3069690000.0,10-K,2014-02-26
us-gaap,LongTermDebt,USD,,2013-12-31,3069690000.0,10-K,2015-02-27
us-gaap,LongTermDebt,USD,,2013-12-31,3069690000.0,10-K,2016-02-29
us-gaap,LongTermDebt,USD,,2014-12-31,3726277000.0,10-K,2015-02-27
us-gaap,LongTermDebt,USD,,2014-12-31,3726277000.0,10-K,2016-02-29
us-gaap,LongTermDebt,USD,,2014-12-31,3726277000.0,10-K,2017-02-28
us-gaap,LongTermDebt,USD,,2015-12-31,6277866000.0,10-K,2016-02-29
us-gaap,LongTermDebt,USD,,2015-12-31,6277866000.0,10-K,2017-02-28
us-gaap,LongTermDebt,USD,,2015-12-31,6277866000.0,10-K,2018-02-27
us-gaap,LongTermDebt,USD,,2016-12-31,5717302000.0,10-K,2017-02-28
us-gaap,LongTermDebt,USD,,2016-12-31,5717302000.0,10-K,2018-02-27
us-gaap,LongTermDebt,USD,,2016-12-31,5717302000.0,10-K,2019-03-01
us-gaap,LongTermDebt,USD,,2017-12-31,5854537000.0,10-K,2018-02-27
us-gaap,LongTermDebt,USD,,2017-12-31,5854537000.0,10-K,2019-03-01
us-gaap,LongTermDebt,USD,,2017-12-31,5854537000.0,10-K,2020-02-27
us-gaap,LongTermDebt,USD,,2018-12-31,7418714000.0,10-K,2019-03-01
us-gaap,LongTermDebt,USD,,2018-12-31,7418714000.0,10-K,2020-02-27
us-gaap,LongTermDebt,USD,,2018-12-31,7418714000.0,10-K,2021-02-24
us-gaap,LongTermDebt,USD,,2019-12-31,8621328000.0,10-K,2020-02-27
us-gaap,LongTermDebt,USD,,2019-12-31,8621328000.0,10-K,2021-02-24
us-gaap,LongTermDebt,USD,,2019-12-31,8621328000.0,10-K,2022-02-23
us-gaap,LongTermDebt,USD,,2020-12-31,3821361000.0,10-K,2021-02-24
us-gaap,LongTermDebt,USD,,2020-12-31,3821361000.0,10-K,2022-02-23
us-gaap,LongTermDebt,USD,,2020-12-31,3821361000.0,10-K,2023-03-01
us-gaap,LongTermDebt,USD,,2021-12-31,2494428000.0,10-K,2022-02-23
us-gaap,LongTermDebt,USD,,2021-12-31,2494428000.0,10-K,2023-03-01
us-gaap,LongTermDebt,USD,,2021-12-31,2494428000.0,10-K,2024-02-21
us-gaap,LongTermDebt,USD,,2022-12-31,7138490000.0,10-K,2023-03-01
us-gaap,LongTermDebt,USD,,2022-12-31,7138490000.0,10-K,2024-02-21
us-gaap,LongTermDebt,USD,,2022-12-31,7138490000.0,10-K,2025-02-19
us-gaap,LongTermDebt,USD,,2023-12-31,8955450000.0,10-K,2024-02-21
us-gaap,LongTermDebt,USD,,2023-12-31,8955450000.0,10-K,2025-02-19
us-gaap,LongTermDebt,USD,,2023-12-31,8955450000.0,10-K,2026-02-18
us-gaap,LongTermDebt,USD,,2024-12-31,4454179000.0,10-K,2025-02-19
us-gaap,LongTermDebt,USD,,2024-12-31,4454179000.0,10-K,2026-02-18
us-gaap,LongTermDebt,USD,,2025-12-31,4634244000.0,10-K,2026-02-18
us-gaap,SecuritiesSoldUnderAgreementsToRepurchase,USD,,2010-03-31,1172280000.0,10-Q,2011-05-10
us-gaap,SecuritiesSoldUnderAgreementsToRepurchase,USD,,2010-06-30,1105010000.0,10-Q/A,2011-08-12
us-gaap,SecuritiesSoldUnderAgreementsToRepurchase,USD,,2010-09-30,1125854000.0,10-Q,2011-11-08
us-gaap,SecuritiesSoldUnderAgreementsToRepurchase,USD,,2010-12-31,1258761000.0,10-Q,2011-05-10
us-gaap,SecuritiesSoldUnderAgreementsToRepurchase,USD,,2010-12-31,1258761000.0,10-Q/A,2011-08-12
us-gaap,SecuritiesSoldUnderAgreementsToRepurchase,USD,,2010-12-31,1258761000.0,10-Q,2011-11-08
us-gaap,SecuritiesSoldUnderAgreementsToRepurchase,USD,,2010-12-31,1258762000.0,10-K,2012-02-28
us-gaap,SecuritiesSoldUnderAgreementsToRepurchase,USD,,2011-03-31,1006051000.0,10-Q,2011-05-10
us-gaap,SecuritiesSoldUnderAgreementsToRepurchase,USD,,2011-03-31,1006051000.0,10-Q,2012-05-08
us-gaap,SecuritiesSoldUnderAgreementsToRepurchase,USD,,2011-06-30,1106163000.0,10-Q/A,2011-08-12
us-gaap,SecuritiesSoldUnderAgreementsToRepurchase,USD,,2011-06-30,1106163000.0,10-Q,2012-08-07
us-gaap,SecuritiesSoldUnderAgreementsToRepurchase,USD,,2011-09-30,1206793000.0,10-Q,2011-11-08
us-gaap,SecuritiesSoldUnderAgreementsToRepurchase,USD,,2011-09-30,1206793000.0,10-Q,2012-11-06
us-gaap,SecuritiesSoldUnderAgreementsToRepurchase,USD,,2011-12-31,1233064000.0,10-K,2012-02-28
us-gaap,SecuritiesSoldUnderAgreementsToRepurchase,USD,,2011-12-31,1233064000.0,10-Q,2012-05-08
us-gaap,SecuritiesSoldUnderAgreementsToRepurchase,USD,,2011-12-31,1233064000.0,10-Q,2012-08-07
us-gaap,SecuritiesSoldUnderAgreementsToRepurchase,USD,,2011-12-31,1233064000.0,10-Q,2012-11-06
us-gaap,SecuritiesSoldUnderAgreementsToRepurchase,USD,,2011-12-31,1233064000.0,10-K,2013-02-27
us-gaap,SecuritiesSoldUnderAgreementsToRepurchase,USD,,2012-03-31,1162546000.0,10-Q,2012-05-08
us-gaap,SecuritiesSoldUnderAgreementsToRepurchase,USD,,2012-03-31,1162546000.0,10-Q,2013-05-03
us-gaap,SecuritiesSoldUnderAgreementsToRepurchase,USD,,2012-06-30,1136948000.0,10-Q,2012-08-07
us-gaap,SecuritiesSoldUnderAgreementsToRepurchase,USD,,2012-06-30,1136948000.0,10-Q,2013-08-02
us-gaap,SecuritiesSoldUnderAgreementsToRepurchase,USD,,2012-09-30,1109696000.0,10-Q,2012-11-06
us-gaap,SecuritiesSoldUnderAgreementsToRepurchase,USD,,2012-09-30,1109696000.0,10-Q,2013-11-01
us-gaap,SecuritiesSoldUnderAgreementsToRepurchase,USD,,2012-12-31,887030000.0,10-K,2013-02-27
us-gaap,SecuritiesSoldUnderAgreementsToRepurchase,USD,,2012-12-31,887030000.0,10-Q,2013-05-03
us-gaap,SecuritiesSoldUnderAgreementsToRepurchase,USD,,2012-12-31,887030000.0,10-Q,2013-08-02
us-gaap,SecuritiesSoldUnderAgreementsToRepurchase,USD,,2012-12-31,887030000.0,10-Q,2013-11-01
us-gaap,SecuritiesSoldUnderAgreementsToRepurchase,USD,,2012-12-31,887030000.0,10-K,2014-02-26
us-gaap,SecuritiesSoldUnderAgreementsToRepurchase,USD,,2013-03-31,806526000.0,10-Q,2013-05-03
us-gaap,SecuritiesSoldUnderAgreementsToRepurchase,USD,,2013-03-31,806526000.0,10-Q,2014-05-02
us-gaap,SecuritiesSoldUnderAgreementsToRepurchase,USD,,2013-06-30,845106000.0,10-Q,2013-08-02
us-gaap,SecuritiesSoldUnderAgreementsToRepurchase,USD,,2013-06-30,845106000.0,10-Q,2014-08-01
us-gaap,SecuritiesSoldUnderAgreementsToRepurchase,USD,,2013-09-30,782418000.0,10-Q,2013-11-01
us-gaap,SecuritiesSoldUnderAgreementsToRepurchase,USD,,2013-09-30,782418000.0,10-Q,2014-10-31
us-gaap,SecuritiesSoldUnderAgreementsToRepurchase,USD,,2013-12-31,813454000.0,10-K,2014-02-26
us-gaap,SecuritiesSoldUnderAgreementsToRepurchase,USD,,2013-12-31,813454000.0,10-Q,2014-05-02
us-gaap,SecuritiesSoldUnderAgreementsToRepurchase,USD,,2013-12-31,813454000.0,10-Q,2014-08-01
us-gaap,SecuritiesSoldUnderAgreementsToRepurchase,USD,,2013-12-31,813454000.0,10-Q,2014-10-31
us-gaap,SecuritiesSoldUnderAgreementsToRepurchase,USD,,2013-12-31,813454000.0,10-K,2015-02-27
us-gaap,SecuritiesSoldUnderAgreementsToRepurchase,USD,,2014-03-31,777108000.0,10-Q,2014-05-02
us-gaap,SecuritiesSoldUnderAgreementsToRepurchase,USD,,2014-03-31,777108000.0,10-Q,2015-05-01
us-gaap,SecuritiesSoldUnderAgreementsToRepurchase,USD,,2014-06-30,1072375000.0,10-Q,2014-08-01
us-gaap,SecuritiesSoldUnderAgreementsToRepurchase,USD,,2014-06-30,1072375000.0,10-Q,2015-07-31
us-gaap,SecuritiesSoldUnderAgreementsToRepurchase,USD,,2014-09-30,1026009000.0,10-Q,2014-10-31
us-gaap,SecuritiesSoldUnderAgreementsToRepurchase,USD,,2014-09-30,1026009000.0,10-Q,2015-10-30
us-gaap,SecuritiesSoldUnderAgreementsToRepurchase,USD,,2014-12-31,1187489000.0,10-K,2015-02-27
us-gaap,SecuritiesSoldUnderAgreementsToRepurchase,USD,,2014-12-31,1187489000.0,10-Q,2015-05-01
us-gaap,SecuritiesSoldUnderAgreementsToRepurchase,USD,,2014-12-31,1187489000.0,10-Q,2015-07-31
us-gaap,SecuritiesSoldUnderAgreementsToRepurchase,USD,,2014-12-31,1187489000.0,10-Q,2015-10-30
us-gaap,SecuritiesSoldUnderAgreementsToRepurchase,USD,,2014-12-31,1187489000.0,10-K,2016-02-29
us-gaap,SecuritiesSoldUnderAgreementsToRepurchase,USD,,2015-03-31,897663000.0,10-Q,2015-05-01
us-gaap,SecuritiesSoldUnderAgreementsToRepurchase,USD,,2015-03-31,897663000.0,10-Q,2016-04-29
us-gaap,SecuritiesSoldUnderAgreementsToRepurchase,USD,,2015-06-30,712033000.0,10-Q,2015-07-31
us-gaap,SecuritiesSoldUnderAgreementsToRepurchase,USD,,2015-06-30,712033000.0,10-Q,2016-07-29
us-gaap,SecuritiesSoldUnderAgreementsToRepurchase,USD,,2015-09-30,555677000.0,10-Q,2015-10-30
us-gaap,SecuritiesSoldUnderAgreementsToRepurchase,USD,,2015-09-30,555677000.0,10-Q,2016-10-31
us-gaap,SecuritiesSoldUnderAgreementsToRepurchase,USD,,2015-12-31,722444000.0,10-K,2016-02-29
us-gaap,SecuritiesSoldUnderAgreementsToRepurchase,USD,,2015-12-31,722444000.0,10-Q,2016-04-29
us-gaap,SecuritiesSoldUnderAgreementsToRepurchase,USD,,2015-12-31,722444000.0,10-Q,2016-07-29
us-gaap,SecuritiesSoldUnderAgreementsToRepurchase,USD,,2015-12-31,722444000.0,10-Q,2016-10-31
us-gaap,SecuritiesSoldUnderAgreementsToRepurchase,USD,,2015-12-31,722444000.0,10-K,2017-02-28
us-gaap,SecuritiesSoldUnderAgreementsToRepurchase,USD,,2016-03-31,630101000.0,10-Q,2016-04-29
us-gaap,SecuritiesSoldUnderAgreementsToRepurchase,USD,,2016-03-31,630101000.0,10-Q,2017-04-28
us-gaap,SecuritiesSoldUnderAgreementsToRepurchase,USD,,2016-06-30,472683000.0,10-Q,2016-07-29
us-gaap,SecuritiesSoldUnderAgreementsToRepurchase,USD,,2016-06-30,472683000.0,10-Q,2017-07-28
us-gaap,SecuritiesSoldUnderAgreementsToRepurchase,USD,,2016-09-30,504573000.0,10-Q,2016-10-31
us-gaap,SecuritiesSoldUnderAgreementsToRepurchase,USD,,2016-09-30,504573000.0,10-Q,2017-10-31
us-gaap,SecuritiesSoldUnderAgreementsToRepurchase,USD,,2016-12-31,668661000.0,10-K,2017-02-28
us-gaap,SecuritiesSoldUnderAgreementsToRepurchase,USD,,2016-12-31,668661000.0,10-Q,2017-04-28
us-gaap,SecuritiesSoldUnderAgreementsToRepurchase,USD,,2016-12-31,668661000.0,10-Q,2017-07-28
us-gaap,SecuritiesSoldUnderAgreementsToRepurchase,USD,,2016-12-31,668661000.0,10-Q,2017-10-31
us-gaap,SecuritiesSoldUnderAgreementsToRepurchase,USD,,2016-12-31,668661000.0,10-K,2018-02-27
us-gaap,SecuritiesSoldUnderAgreementsToRepurchase,USD,,2017-03-31,508352000.0,10-Q,2017-04-28
us-gaap,SecuritiesSoldUnderAgreementsToRepurchase,USD,,2017-03-31,508352000.0,10-Q,2018-04-27
us-gaap,SecuritiesSoldUnderAgreementsToRepurchase,USD,,2017-06-30,396333000.0,10-Q,2017-07-28
us-gaap,SecuritiesSoldUnderAgreementsToRepurchase,USD,,2017-09-30,328189000.0,10-Q,2017-10-31
us-gaap,SecuritiesSoldUnderAgreementsToRepurchase,USD,,2017-12-31,516335000.0,10-K,2018-02-27
us-gaap,SecuritiesSoldUnderAgreementsToRepurchase,USD,,2017-12-31,516335000.0,10-Q,2018-04-27
us-gaap,SecuritiesSoldUnderAgreementsToRepurchase,USD,,2018-03-31,415763000.0,10-Q,2018-04-27
us-gaap,TierOneLeverageCapitalToAverageAssets,pure,,2011-12-31,0.0915,10-K,2013-02-27
us-gaap,TierOneLeverageCapitalToAverageAssets,pure,,2012-12-31,0.0901,10-K,2013-02-27
us-gaap,TierOneLeverageCapitalToAverageAssets,pure,,2012-12-31,0.0901,10-K,2014-02-26
us-gaap,TierOneLeverageCapitalToAverageAssets,pure,,2013-12-31,0.1005,10-K,2014-02-26
us-gaap,TierOneLeverageCapitalToAverageAssets,pure,,2013-12-31,0.1005,10-K,2015-02-27
us-gaap,TierOneLeverageCapitalToAverageAssets,pure,,2014-12-31,0.0996,10-K,2015-02-27
us-gaap,TierOneLeverageCapitalToAverageAssets,pure,,2014-12-31,0.0996,10-K,2016-02-29
us-gaap,TierOneLeverageCapitalToAverageAssets,pure,,2015-12-31,0.0925,10-K,2016-02-29
us-gaap,TierOneLeverageCapitalToAverageAssets,pure,,2015-12-31,0.0925,10-K,2017-02-28
us-gaap,TierOneLeverageCapitalToAverageAssets,pure,,2016-12-31,0.0872,10-K,2017-02-28
us-gaap,TierOneLeverageCapitalToAverageAssets,pure,,2016-12-31,0.0872,10-K,2018-02-27
us-gaap,TierOneLeverageCapitalToAverageAssets,pure,,2017-12-31,0.0931,10-K,2018-02-27
us-gaap,TierOneLeverageCapitalToAverageAssets,pure,,2017-12-31,0.0931,10-K,2019-03-01
us-gaap,TierOneLeverageCapitalToAverageAssets,pure,,2018-12-31,0.0896,10-K,2019-03-01
us-gaap,TierOneLeverageCapitalToAverageAssets,pure,,2018-12-31,0.0896,10-K,2020-02-27
us-gaap,TierOneLeverageCapitalToAverageAssets,pure,,2019-12-31,0.084,10-K,2020-02-27
us-gaap,TierOneLeverageCapitalToAverageAssets,pure,,2019-12-31,0.084,10-K,2021-02-24
us-gaap,TierOneLeverageCapitalToAverageAssets,pure,,2020-12-31,0.0828,10-K,2021-02-24
us-gaap,TierOneLeverageCapitalToAverageAssets,pure,,2020-12-31,0.0828,10-K,2022-02-23
us-gaap,TierOneLeverageCapitalToAverageAssets,pure,,2021-12-31,0.0855,10-K,2022-02-23
us-gaap,TierOneLeverageCapitalToAverageAssets,pure,,2021-12-31,0.0855,10-K,2023-03-01
us-gaap,TierOneLeverageCapitalToAverageAssets,pure,,2022-12-31,0.0991,10-K,2023-03-01
us-gaap,TierOneLeverageCapitalToAverageAssets,pure,,2022-12-31,0.0991,10-K,2024-02-21
us-gaap,TierOneLeverageCapitalToAverageAssets,pure,,2023-12-31,0.0945,10-K,2024-02-21
us-gaap,TierOneLeverageCapitalToAverageAssets,pure,,2023-12-31,0.0945,10-K,2025-02-19
us-gaap,TierOneLeverageCapitalToAverageAssets,pure,,2024-12-31,0.0997,10-K,2025-02-19
us-gaap,TierOneLeverageCapitalToAverageAssets,pure,,2024-12-31,0.0997,10-K,2026-02-18
us-gaap,TierOneLeverageCapitalToAverageAssets,pure,,2025-12-31,0.0986,10-K,2026-02-18
us-gaap,TierOneRiskBasedCapitalToRiskWeightedAssets,pure,,2011-12-31,0.1327,10-K,2013-02-27
us-gaap,TierOneRiskBasedCapitalToRiskWeightedAssets,pure,,2012-12-31,0.1278,10-K,2013-02-27
us-gaap,TierOneRiskBasedCapitalToRiskWeightedAssets,pure,,2012-12-31,0.1278,10-K,2014-02-26
us-gaap,TierOneRiskBasedCapitalToRiskWeightedAssets,pure,,2013-12-31,0.1377,10-K,2014-02-26
us-gaap,TierOneRiskBasedCapitalToRiskWeightedAssets,pure,,2013-12-31,0.1377,10-K,2015-02-27
us-gaap,TierOneRiskBasedCapitalToRiskWeightedAssets,pure,,2014-12-31,0.1333,10-K,2015-02-27
us-gaap,TierOneRiskBasedCapitalToRiskWeightedAssets,pure,,2014-12-31,0.1333,10-K,2016-02-29
us-gaap,TierOneRiskBasedCapitalToRiskWeightedAssets,pure,,2015-12-31,0.1213,10-K,2016-02-29
us-gaap,TierOneRiskBasedCapitalToRiskWeightedAssets,pure,,2015-12-31,0.1213,10-K,2017-02-28
us-gaap,TierOneRiskBasedCapitalToRiskWeightedAssets,pure,,2016-12-31,0.1121,10-K,2017-02-28
us-gaap,TierOneRiskBasedCapitalToRiskWeightedAssets,pure,,2016-12-31,0.1121,10-K,2018-02-27
us-gaap,TierOneRiskBasedCapitalToRiskWeightedAssets,pure,,2017-12-31,0.1205,10-K,2018-02-27
us-gaap,TierOneRiskBasedCapitalToRiskWeightedAssets,pure,,2017-12-31,0.1205,10-K,2019-03-01
us-gaap,TierOneRiskBasedCapitalToRiskWeightedAssets,pure,,2018-12-31,0.1092,10-K,2019-03-01
us-gaap,TierOneRiskBasedCapitalToRiskWeightedAssets,pure,,2018-12-31,0.1092,10-K,2020-02-27
us-gaap,TierOneRiskBasedCapitalToRiskWeightedAssets,pure,,2019-12-31,0.1139,10-K,2020-02-27
us-gaap,TierOneRiskBasedCapitalToRiskWeightedAssets,pure,,2019-12-31,0.1139,10-K,2021-02-24
us-gaap,TierOneRiskBasedCapitalToRiskWeightedAssets,pure,,2020-12-31,0.1195,10-K,2021-02-24
us-gaap,TierOneRiskBasedCapitalToRiskWeightedAssets,pure,,2020-12-31,0.1195,10-K,2022-02-23
us-gaap,TierOneRiskBasedCapitalToRiskWeightedAssets,pure,,2021-12-31,0.1225,10-K,2022-02-23
us-gaap,TierOneRiskBasedCapitalToRiskWeightedAssets,pure,,2021-12-31,0.1225,10-K,2023-03-01
us-gaap,TierOneRiskBasedCapitalToRiskWeightedAssets,pure,,2022-12-31,0.1171,10-K,2023-03-01
us-gaap,TierOneRiskBasedCapitalToRiskWeightedAssets,pure,,2022-12-31,0.1171,10-K,2024-02-21
us-gaap,TierOneRiskBasedCapitalToRiskWeightedAssets,pure,,2023-12-31,0.1207,10-K,2024-02-21
us-gaap,TierOneRiskBasedCapitalToRiskWeightedAssets,pure,,2023-12-31,0.1207,10-K,2025-02-19
us-gaap,TierOneRiskBasedCapitalToRiskWeightedAssets,pure,,2024-12-31,0.1304,10-K,2025-02-19
us-gaap,TierOneRiskBasedCapitalToRiskWeightedAssets,pure,,2024-12-31,0.1304,10-K,2026-02-18
us-gaap,TierOneRiskBasedCapitalToRiskWeightedAssets,pure,,2025-12-31,0.129,10-K,2026-02-18
us-gaap,TimeDeposits,USD,,2009-06-30,4571933000.0,10-Q,2010-08-03
us-gaap,TimeDeposits,USD,,2009-09-30,4084813000.0,10-Q,2010-11-01
us-gaap,TimeDeposits,USD,,2009-12-31,3767993000.0,10-Q,2010-08-03
us-gaap,TimeDeposits,USD,,2009-12-31,3767993000.0,10-Q,2010-11-01
us-gaap,TimeDeposits,USD,,2009-12-31,3767993000.0,10-K,2011-02-28
us-gaap,TimeDeposits,USD,,2010-03-31,3654256000.0,10-Q,2011-05-10
us-gaap,TimeDeposits,USD,,2010-06-30,3673088000.0,10-Q,2010-08-03
us-gaap,TimeDeposits,USD,,2010-06-30,3673088000.0,10-Q/A,2011-08-12
us-gaap,TimeDeposits,USD,,2010-09-30,3741500000.0,10-Q,2010-11-01
us-gaap,TimeDeposits,USD,,2010-09-30,3741500000.0,10-Q,2011-11-08
us-gaap,TimeDeposits,USD,,2010-12-31,3509168000.0,10-K,2011-02-28
us-gaap,TimeDeposits,USD,,2010-12-31,3509168000.0,10-Q,2011-05-10
us-gaap,TimeDeposits,USD,,2010-12-31,3509168000.0,10-Q/A,2011-08-12
us-gaap,TimeDeposits,USD,,2010-12-31,3509168000.0,10-Q,2011-11-08
us-gaap,TimeDeposits,USD,,2010-12-31,3509168000.0,10-K,2012-02-28
us-gaap,TimeDeposits,USD,,2011-03-31,3677611000.0,10-Q,2011-05-10
us-gaap,TimeDeposits,USD,,2011-03-31,3677611000.0,10-Q,2012-05-08
us-gaap,TimeDeposits,USD,,2011-06-30,3634700000.0,10-Q/A,2011-08-12
us-gaap,TimeDeposits,USD,,2011-06-30,3634700000.0,10-Q,2012-08-07
us-gaap,TimeDeposits,USD,,2011-09-30,3554470000.0,10-Q,2011-11-08
us-gaap,TimeDeposits,USD,,2011-09-30,3554470000.0,10-Q,2012-11-06
us-gaap,TimeDeposits,USD,,2011-12-31,3381982000.0,10-K,2012-02-28
us-gaap,TimeDeposits,USD,,2011-12-31,3381982000.0,10-Q,2012-05-08
us-gaap,TimeDeposits,USD,,2011-12-31,3381982000.0,10-Q,2012-08-07
us-gaap,TimeDeposits,USD,,2011-12-31,3381982000.0,10-Q,2012-11-06
us-gaap,TimeDeposits,USD,,2011-12-31,3381982000.0,10-K,2013-02-27
us-gaap,TimeDeposits,USD,,2012-03-31,3166099000.0,10-Q,2012-05-08
us-gaap,TimeDeposits,USD,,2012-03-31,3166099000.0,10-Q,2013-05-03
us-gaap,TimeDeposits,USD,,2012-06-30,3107950000.0,10-Q,2012-08-07
us-gaap,TimeDeposits,USD,,2012-06-30,3107950000.0,10-Q,2013-08-02
us-gaap,TimeDeposits,USD,,2012-09-30,3022326000.0,10-Q,2012-11-06
us-gaap,TimeDeposits,USD,,2012-09-30,3022326000.0,10-Q,2013-11-01
us-gaap,TimeDeposits,USD,,2012-12-31,2967992000.0,10-K,2013-02-27
us-gaap,TimeDeposits,USD,,2012-12-31,2967992000.0,10-Q,2013-05-03
us-gaap,TimeDeposits,USD,,2012-12-31,2967992000.0,10-Q,2013-08-02
us-gaap,TimeDeposits,USD,,2012-12-31,2967992000.0,10-Q,2013-11-01
us-gaap,TimeDeposits,USD,,2012-12-31,2967992000.0,10-K,2014-02-26
us-gaap,TimeDeposits,USD,,2013-03-31,2900054000.0,10-Q,2013-05-03
us-gaap,TimeDeposits,USD,,2013-03-31,2900054000.0,10-Q,2014-05-02
us-gaap,TimeDeposits,USD,,2013-06-30,2767972000.0,10-Q,2013-08-02
us-gaap,TimeDeposits,USD,,2013-06-30,2767972000.0,10-Q,2014-08-01
us-gaap,TimeDeposits,USD,,2013-09-30,2720020000.0,10-Q,2013-11-01
us-gaap,TimeDeposits,USD,,2013-09-30,2720020000.0,10-Q,2014-10-31
us-gaap,TimeDeposits,USD,,2013-12-31,2695993000.0,10-K,2014-02-26
us-gaap,TimeDeposits,USD,,2013-12-31,2695993000.0,10-Q,2014-05-02
us-gaap,TimeDeposits,USD,,2013-12-31,2695993000.0,10-Q,2014-08-01
us-gaap,TimeDeposits,USD,,2013-12-31,2695993000.0,10-Q,2014-10-31
us-gaap,TimeDeposits,USD,,2013-12-31,2695993000.0,10-K,2015-02-27
us-gaap,TimeDeposits,USD,,2014-03-31,2662174000.0,10-Q,2014-05-02
us-gaap,TimeDeposits,USD,,2014-03-31,2662174000.0,10-Q,2015-05-01
us-gaap,TimeDeposits,USD,,2014-06-30,2615826000.0,10-Q,2014-08-01
us-gaap,TimeDeposits,USD,,2014-06-30,2615826000.0,10-Q,2015-07-31
us-gaap,TimeDeposits,USD,,2014-09-30,2664580000.0,10-Q,2014-10-31
us-gaap,TimeDeposits,USD,,2014-09-30,2664580000.0,10-Q,2015-10-30
us-gaap,TimeDeposits,USD,,2014-12-31,2608716000.0,10-K,2015-02-27
us-gaap,TimeDeposits,USD,,2014-12-31,2608716000.0,10-Q,2015-05-01
us-gaap,TimeDeposits,USD,,2014-12-31,2608716000.0,10-Q,2015-07-31
us-gaap,TimeDeposits,USD,,2014-12-31,2608716000.0,10-Q,2015-10-30
us-gaap,TimeDeposits,USD,,2014-12-31,2608716000.0,10-K,2016-02-29
us-gaap,TimeDeposits,USD,,2015-03-31,2651778000.0,10-Q,2015-05-01
us-gaap,TimeDeposits,USD,,2015-03-31,2651778000.0,10-Q,2016-04-29
us-gaap,TimeDeposits,USD,,2015-06-30,2624379000.0,10-Q,2015-07-31
us-gaap,TimeDeposits,USD,,2015-06-30,2624379000.0,10-Q,2016-07-29
us-gaap,TimeDeposits,USD,,2015-09-30,2498531000.0,10-Q,2015-10-30
us-gaap,TimeDeposits,USD,,2015-09-30,2498531000.0,10-Q,2016-10-31
us-gaap,TimeDeposits,USD,,2015-12-31,2406064000.0,10-K,2016-02-29
us-gaap,TimeDeposits,USD,,2015-12-31,2406064000.0,10-Q,2016-04-29
us-gaap,TimeDeposits,USD,,2015-12-31,2406064000.0,10-Q,2016-07-29
us-gaap,TimeDeposits,USD,,2015-12-31,2406064000.0,10-Q,2016-10-31
us-gaap,TimeDeposits,USD,,2015-12-31,2406064000.0,10-K,2017-02-28
us-gaap,TimeDeposits,USD,,2016-03-31,2341374000.0,10-Q,2016-04-29
us-gaap,TimeDeposits,USD,,2016-03-31,2341374000.0,10-Q,2017-04-28
us-gaap,TimeDeposits,USD,,2016-06-30,2247061000.0,10-Q,2016-07-29
us-gaap,TimeDeposits,USD,,2016-06-30,2247061000.0,10-Q,2017-07-28
us-gaap,TimeDeposits,USD,,2016-09-30,2169631000.0,10-Q,2016-10-31
us-gaap,TimeDeposits,USD,,2016-09-30,2169631000.0,10-Q,2017-10-31
us-gaap,TimeDeposits,USD,,2016-12-31,2221800000.0,10-K,2017-02-28
us-gaap,TimeDeposits,USD,,2016-12-31,2221800000.0,10-Q,2017-04-28
us-gaap,TimeDeposits,USD,,2016-12-31,2221800000.0,10-Q,2017-07-28
us-gaap,TimeDeposits,USD,,2016-12-31,2221800000.0,10-Q,2017-10-31
us-gaap,TimeDeposits,USD,,2016-12-31,2221800000.0,10-K,2018-02-27
us-gaap,TimeDeposits,USD,,2017-03-31,2243848000.0,10-Q,2017-04-28
us-gaap,TimeDeposits,USD,,2017-03-31,2243848000.0,10-Q,2018-04-27
us-gaap,TimeDeposits,USD,,2017-06-30,2196122000.0,10-Q,2017-07-28
us-gaap,TimeDeposits,USD,,2017-06-30,2196122000.0,10-Q,2018-07-31
us-gaap,TimeDeposits,USD,,2017-09-30,2172289000.0,10-Q,2017-10-31
us-gaap,TimeDeposits,USD,,2017-09-30,2172289000.0,10-Q,2018-10-30
us-gaap,TimeDeposits,USD,,2017-12-31,2098416000.0,10-K,2018-02-27
us-gaap,TimeDeposits,USD,,2017-12-31,2098416000.0,10-Q,2018-04-27
us-gaap,TimeDeposits,USD,,2017-12-31,2098416000.0,10-Q,2018-07-31
us-gaap,TimeDeposits,USD,,2017-12-31,2098416000.0,10-Q,2018-10-30
us-gaap,TimeDeposits,USD,,2017-12-31,2098416000.0,10-K,2019-03-01
us-gaap,TimeDeposits,USD,,2018-03-31,2166254000.0,10-Q,2018-04-27
us-gaap,TimeDeposits,USD,,2018-06-30,2127732000.0,10-Q,2018-07-31
us-gaap,TimeDeposits,USD,,2018-09-30,2075846000.0,10-Q,2018-10-30
us-gaap,TimeDeposits,USD,,2018-12-31,2113380000.0,10-K,2019-03-01
us-gaap,TimeDeposits,USD,,2018-12-31,2113380000.0,10-Q,2019-05-01
us-gaap,TimeDeposits,USD,,2018-12-31,2113380000.0,10-Q,2019-08-09
us-gaap,TimeDeposits,USD,,2018-12-31,2113380000.0,10-Q,2019-10-30
us-gaap,TimeDeposits,USD,,2018-12-31,2113380000.0,10-K,2020-02-27
us-gaap,TimeDeposits,USD,,2019-03-31,2198389000.0,10-Q,2019-05-01
us-gaap,TimeDeposits,USD,,2019-06-30,2227938000.0,10-Q,2019-08-09
us-gaap,TimeDeposits,USD,,2019-09-30,2243541000.0,10-Q,2019-10-30
us-gaap,TimeDeposits,USD,,2019-12-31,2217849000.0,10-K,2020-02-27
us-gaap,TimeDeposits,USD,,2019-12-31,2217849000.0,10-Q,2020-05-05
us-gaap,TimeDeposits,USD,,2019-12-31,2217849000.0,10-Q,2020-08-04
us-gaap,TimeDeposits,USD,,2019-12-31,2217849000.0,10-Q,2020-11-03
us-gaap,TimeDeposits,USD,,2019-12-31,2217849000.0,10-K,2021-02-24
us-gaap,TimeDeposits,USD,,2020-03-31,2232473000.0,10-Q,2020-05-05
us-gaap,TimeDeposits,USD,,2020-06-30,2352760000.0,10-Q,2020-08-04
us-gaap,TimeDeposits,USD,,2020-09-30,2007973000.0,10-Q,2020-11-03
us-gaap,TimeDeposits,USD,,2020-12-31,1967128000.0,10-K,2021-02-24
us-gaap,TimeDeposits,USD,,2020-12-31,1967128000.0,10-Q,2021-05-05
us-gaap,TimeDeposits,USD,,2020-12-31,1967128000.0,10-Q,2021-08-04
us-gaap,TimeDeposits,USD,,2020-12-31,1967128000.0,10-Q,2021-11-03
us-gaap,TimeDeposits,USD,,2020-12-31,1967128000.0,10-K,2022-02-23
us-gaap,TimeDeposits,USD,,2021-03-31,2004356000.0,10-Q,2021-05-05
us-gaap,TimeDeposits,USD,,2021-06-30,1905349000.0,10-Q,2021-08-04
us-gaap,TimeDeposits,USD,,2021-09-30,1780715000.0,10-Q,2021-11-03
us-gaap,TimeDeposits,USD,,2021-12-31,1704328000.0,10-K,2022-02-23
us-gaap,TimeDeposits,USD,,2021-12-31,1704328000.0,10-Q,2022-05-04
us-gaap,TimeDeposits,USD,,2021-12-31,1704328000.0,10-Q,2022-08-03
us-gaap,TimeDeposits,USD,,2021-12-31,1704328000.0,10-Q,2022-11-02
us-gaap,TimeDeposits,USD,,2021-12-31,1704328000.0,10-K,2023-03-01
us-gaap,TimeDeposits,USD,,2022-03-31,1514416000.0,10-Q,2022-05-04
us-gaap,TimeDeposits,USD,,2022-06-30,1369599000.0,10-Q,2022-08-03
us-gaap,TimeDeposits,USD,,2022-09-30,1459143000.0,10-Q,2022-11-02
us-gaap,TimeDeposits,USD,,2022-12-31,1461842000.0,10-K,2023-03-01
us-gaap,TimeDeposits,USD,,2022-12-31,1461842000.0,10-Q,2023-05-03
us-gaap,TimeDeposits,USD,,2022-12-31,1461842000.0,10-Q,2023-08-02
us-gaap,TimeDeposits,USD,,2022-12-31,1461842000.0,10-Q,2023-11-01
us-gaap,TimeDeposits,USD,,2022-12-31,1461842000.0,10-K,2024-02-21
us-gaap,TimeDeposits,USD,,2023-03-31,1576610000.0,10-Q,2023-05-03
us-gaap,TimeDeposits,USD,,2023-06-30,2706377000.0,10-Q,2023-08-02
us-gaap,TimeDeposits,USD,,2023-09-30,2927217000.0,10-Q,2023-11-01
us-gaap,TimeDeposits,USD,,2023-12-31,3012022000.0,10-K,2024-02-21
us-gaap,TimeDeposits,USD,,2023-12-31,3012022000.0,10-Q,2024-05-01
us-gaap,TimeDeposits,USD,,2023-12-31,3012022000.0,10-Q,2024-07-31
us-gaap,TimeDeposits,USD,,2023-12-31,3012022000.0,10-Q,2024-10-30
us-gaap,TimeDeposits,USD,,2023-12-31,3012022000.0,10-K,2025-02-19
us-gaap,TimeDeposits,USD,,2024-03-31,3366909000.0,10-Q,2024-05-01
us-gaap,TimeDeposits,USD,,2024-06-30,3463935000.0,10-Q,2024-07-31
us-gaap,TimeDeposits,USD,,2024-09-30,3837956000.0,10-Q,2024-10-30
us-gaap,TimeDeposits,USD,,2024-12-31,3535410000.0,10-K,2025-02-19
us-gaap,TimeDeposits,USD,,2024-12-31,3535410000.0,10-Q,2025-04-30
us-gaap,TimeDeposits,USD,,2024-12-31,3535410000.0,10-Q,2025-07-30
us-gaap,TimeDeposits,USD,,2024-12-31,3535410000.0,10-Q,2025-10-29
us-gaap,TimeDeposits,USD,,2024-12-31,3535410000.0,10-K,2026-02-18
us-gaap,TimeDeposits,USD,,2025-03-31,3466428000.0,10-Q,2025-04-30
us-gaap,TimeDeposits,USD,,2025-06-30,3549668000.0,10-Q,2025-07-30
us-gaap,TimeDeposits,USD,,2025-09-30,3762878000.0,10-Q,2025-10-29
us-gaap,TimeDeposits,USD,,2025-12-31,3639083000.0,10-K,2026-02-18
us-gaap,TimeDeposits,USD,,2025-12-31,3639083000.0,10-Q,2026-05-06
us-gaap,TimeDeposits,USD,,2025-12-31,3639083000.0,10-Q,2026-08-04
us-gaap,TimeDeposits,USD,,2026-03-31,3726809000.0,10-Q,2026-05-06
us-gaap,TimeDeposits,USD,,2026-06-30,3851282000.0,10-Q,2026-08-04
us-gaap,CashCashEquivalentsRestrictedCashAndRestrictedCashEquivalents,USD,,2019-12-31,1258821000.0,10-K,2023-03-01
us-gaap,CashCashEquivalentsRestrictedCashAndRestrictedCashEquivalents,USD,,2020-12-31,1180573000.0,10-Q,2022-05-04
us-gaap,CashCashEquivalentsRestrictedCashAndRestrictedCashEquivalents,USD,,2020-12-31,1180573000.0,10-Q,2022-08-03
us-gaap,CashCashEquivalentsRestrictedCashAndRestrictedCashEquivalents,USD,,2020-12-31,1180573000.0,10-Q,2022-11-02
us-gaap,CashCashEquivalentsRestrictedCashAndRestrictedCashEquivalents,USD,,2020-12-31,1180573000.0,10-K,2023-03-01
us-gaap,CashCashEquivalentsRestrictedCashAndRestrictedCashEquivalents,USD,,2020-12-31,1180573000.0,10-K,2024-02-21
us-gaap,CashCashEquivalentsRestrictedCashAndRestrictedCashEquivalents,USD,,2021-03-31,1419196000.0,10-Q,2022-05-04
us-gaap,CashCashEquivalentsRestrictedCashAndRestrictedCashEquivalents,USD,,2021-06-30,1259455000.0,10-Q,2022-08-03
us-gaap,CashCashEquivalentsRestrictedCashAndRestrictedCashEquivalents,USD,,2021-09-30,1891978000.0,10-Q,2022-11-02
us-gaap,CashCashEquivalentsRestrictedCashAndRestrictedCashEquivalents,USD,,2021-12-31,2837410000.0,10-Q,2022-05-04
us-gaap,CashCashEquivalentsRestrictedCashAndRestrictedCashEquivalents,USD,,2021-12-31,2837410000.0,10-Q,2022-08-03
us-gaap,CashCashEquivalentsRestrictedCashAndRestrictedCashEquivalents,USD,,2021-12-31,2837410000.0,10-Q,2022-11-02
us-gaap,CashCashEquivalentsRestrictedCashAndRestrictedCashEquivalents,USD,,2021-12-31,2837410000.0,10-K,2023-03-01
us-gaap,CashCashEquivalentsRestrictedCashAndRestrictedCashEquivalents,USD,,2021-12-31,2837410000.0,10-Q,2023-05-03
us-gaap,CashCashEquivalentsRestrictedCashAndRestrictedCashEquivalents,USD,,2021-12-31,2837410000.0,10-Q,2023-08-02
us-gaap,CashCashEquivalentsRestrictedCashAndRestrictedCashEquivalents,USD,,2021-12-31,2837410000.0,10-Q,2023-11-01
us-gaap,CashCashEquivalentsRestrictedCashAndRestrictedCashEquivalents,USD,,2021-12-31,2837410000.0,10-K,2024-02-21
us-gaap,CashCashEquivalentsRestrictedCashAndRestrictedCashEquivalents,USD,,2021-12-31,2837410000.0,10-K,2025-02-19
us-gaap,CashCashEquivalentsRestrictedCashAndRestrictedCashEquivalents,USD,,2022-03-31,1367781000.0,10-Q,2022-05-04
us-gaap,CashCashEquivalentsRestrictedCashAndRestrictedCashEquivalents,USD,,2022-03-31,1367781000.0,10-Q,2023-05-03
us-gaap,CashCashEquivalentsRestrictedCashAndRestrictedCashEquivalents,USD,,2022-06-30,2037350000.0,10-Q,2022-08-03
us-gaap,CashCashEquivalentsRestrictedCashAndRestrictedCashEquivalents,USD,,2022-06-30,2037350000.0,10-Q,2023-08-02
us-gaap,CashCashEquivalentsRestrictedCashAndRestrictedCashEquivalents,USD,,2022-09-30,1608909000.0,10-Q,2022-11-02
us-gaap,CashCashEquivalentsRestrictedCashAndRestrictedCashEquivalents,USD,,2022-09-30,1608909000.0,10-Q,2023-11-01
us-gaap,CashCashEquivalentsRestrictedCashAndRestrictedCashEquivalents,USD,,2022-12-31,1401716000.0,10-K,2023-03-01
us-gaap,CashCashEquivalentsRestrictedCashAndRestrictedCashEquivalents,USD,,2022-12-31,1401716000.0,10-Q,2023-05-03
us-gaap,CashCashEquivalentsRestrictedCashAndRestrictedCashEquivalents,USD,,2022-12-31,1401716000.0,10-Q,2023-08-02
us-gaap,CashCashEquivalentsRestrictedCashAndRestrictedCashEquivalents,USD,,2022-12-31,1401716000.0,10-Q,2023-11-01
us-gaap,CashCashEquivalentsRestrictedCashAndRestrictedCashEquivalents,USD,,2022-12-31,1401716000.0,10-K,2024-02-21
us-gaap,CashCashEquivalentsRestrictedCashAndRestrictedCashEquivalents,USD,,2022-12-31,1401716000.0,10-Q,2024-05-01
us-gaap,CashCashEquivalentsRestrictedCashAndRestrictedCashEquivalents,USD,,2022-12-31,1401716000.0,10-Q,2024-07-31
us-gaap,CashCashEquivalentsRestrictedCashAndRestrictedCashEquivalents,USD,,2022-12-31,1401716000.0,10-Q,2024-10-30
us-gaap,CashCashEquivalentsRestrictedCashAndRestrictedCashEquivalents,USD,,2022-12-31,1401716000.0,10-K,2025-02-19
us-gaap,CashCashEquivalentsRestrictedCashAndRestrictedCashEquivalents,USD,,2022-12-31,1401716000.0,10-K,2026-02-18
us-gaap,CashCashEquivalentsRestrictedCashAndRestrictedCashEquivalents,USD,,2023-03-31,1363984000.0,10-Q,2023-05-03
us-gaap,CashCashEquivalentsRestrictedCashAndRestrictedCashEquivalents,USD,,2023-03-31,1363984000.0,10-Q,2024-05-01
us-gaap,CashCashEquivalentsRestrictedCashAndRestrictedCashEquivalents,USD,,2023-06-30,1447330000.0,10-Q,2023-08-02
us-gaap,CashCashEquivalentsRestrictedCashAndRestrictedCashEquivalents,USD,,2023-06-30,1447330000.0,10-Q,2024-07-31
us-gaap,CashCashEquivalentsRestrictedCashAndRestrictedCashEquivalents,USD,,2023-09-30,1374935000.0,10-Q,2023-11-01
us-gaap,CashCashEquivalentsRestrictedCashAndRestrictedCashEquivalents,USD,,2023-09-30,1374935000.0,10-Q,2024-10-30
us-gaap,CashCashEquivalentsRestrictedCashAndRestrictedCashEquivalents,USD,,2023-12-31,1348265000.0,10-K,2024-02-21
us-gaap,CashCashEquivalentsRestrictedCashAndRestrictedCashEquivalents,USD,,2023-12-31,1348265000.0,10-Q,2024-05-01
us-gaap,CashCashEquivalentsRestrictedCashAndRestrictedCashEquivalents,USD,,2023-12-31,1348265000.0,10-Q,2024-07-31
us-gaap,CashCashEquivalentsRestrictedCashAndRestrictedCashEquivalents,USD,,2023-12-31,1348265000.0,10-Q,2024-10-30
us-gaap,CashCashEquivalentsRestrictedCashAndRestrictedCashEquivalents,USD,,2023-12-31,1348265000.0,10-K,2025-02-19
us-gaap,CashCashEquivalentsRestrictedCashAndRestrictedCashEquivalents,USD,,2023-12-31,1348265000.0,10-Q,2025-04-30
us-gaap,CashCashEquivalentsRestrictedCashAndRestrictedCashEquivalents,USD,,2023-12-31,1348265000.0,10-Q,2025-07-30
us-gaap,CashCashEquivalentsRestrictedCashAndRestrictedCashEquivalents,USD,,2023-12-31,1348265000.0,10-Q,2025-10-29
us-gaap,CashCashEquivalentsRestrictedCashAndRestrictedCashEquivalents,USD,,2023-12-31,1348265000.0,10-K,2026-02-18
us-gaap,CashCashEquivalentsRestrictedCashAndRestrictedCashEquivalents,USD,,2024-03-31,1155747000.0,10-Q,2024-05-01
us-gaap,CashCashEquivalentsRestrictedCashAndRestrictedCashEquivalents,USD,,2024-03-31,1155747000.0,10-Q,2025-04-30
us-gaap,CashCashEquivalentsRestrictedCashAndRestrictedCashEquivalents,USD,,2024-06-30,1076163000.0,10-Q,2024-07-31
us-gaap,CashCashEquivalentsRestrictedCashAndRestrictedCashEquivalents,USD,,2024-06-30,1076163000.0,10-Q,2025-07-30
us-gaap,CashCashEquivalentsRestrictedCashAndRestrictedCashEquivalents,USD,,2024-09-30,1476040000.0,10-Q,2024-10-30
us-gaap,CashCashEquivalentsRestrictedCashAndRestrictedCashEquivalents,USD,,2024-09-30,1476040000.0,10-Q,2025-10-29
us-gaap,CashCashEquivalentsRestrictedCashAndRestrictedCashEquivalents,USD,,2024-12-31,1434701000.0,10-K,2025-02-19
us-gaap,CashCashEquivalentsRestrictedCashAndRestrictedCashEquivalents,USD,,2024-12-31,1434701000.0,10-Q,2025-04-30
us-gaap,CashCashEquivalentsRestrictedCashAndRestrictedCashEquivalents,USD,,2024-12-31,1434701000.0,10-Q,2025-07-30
us-gaap,CashCashEquivalentsRestrictedCashAndRestrictedCashEquivalents,USD,,2024-12-31,1434701000.0,10-Q,2025-10-29
us-gaap,CashCashEquivalentsRestrictedCashAndRestrictedCashEquivalents,USD,,2024-12-31,1434701000.0,10-K,2026-02-18
us-gaap,CashCashEquivalentsRestrictedCashAndRestrictedCashEquivalents,USD,,2024-12-31,1434701000.0,10-Q,2026-05-06
us-gaap,CashCashEquivalentsRestrictedCashAndRestrictedCashEquivalents,USD,,2024-12-31,1434701000.0,10-Q,2026-08-04
us-gaap,CashCashEquivalentsRestrictedCashAndRestrictedCashEquivalents,USD,,2025-03-31,1416695000.0,10-Q,2025-04-30
us-gaap,CashCashEquivalentsRestrictedCashAndRestrictedCashEquivalents,USD,,2025-03-31,1416695000.0,10-Q,2026-05-06
us-gaap,CashCashEquivalentsRestrictedCashAndRestrictedCashEquivalents,USD,,2025-06-30,1359063000.0,10-Q,2025-07-30
us-gaap,CashCashEquivalentsRestrictedCashAndRestrictedCashEquivalents,USD,,2025-06-30,1359063000.0,10-Q,2026-08-04
us-gaap,CashCashEquivalentsRestrictedCashAndRestrictedCashEquivalents,USD,,2025-09-30,1426043000.0,10-Q,2025-10-29
us-gaap,CashCashEquivalentsRestrictedCashAndRestrictedCashEquivalents,USD,,2025-12-31,1658102000.0,10-K,2026-02-18
us-gaap,CashCashEquivalentsRestrictedCashAndRestrictedCashEquivalents,USD,,2025-12-31,1658102000.0,10-Q,2026-05-06
us-gaap,CashCashEquivalentsRestrictedCashAndRestrictedCashEquivalents,USD,,2025-12-31,1658102000.0,10-Q,2026-08-04
us-gaap,CashCashEquivalentsRestrictedCashAndRestrictedCashEquivalents,USD,,2026-03-31,1412407000.0,10-Q,2026-05-06
us-gaap,CashCashEquivalentsRestrictedCashAndRestrictedCashEquivalents,USD,,2026-06-30,1521366000.0,10-Q,2026-08-04
us-gaap,FinancingReceivableExcludingAccruedInterestAfterAllowanceForCreditLoss,USD,,2023-12-31,23627845000.0,10-K,2025-02-19
us-gaap,FinancingReceivableExcludingAccruedInterestAfterAllowanceForCreditLoss,USD,,2024-12-31,23834689000.0,10-K,2025-02-19
us-gaap,FinancingReceivableExcludingAccruedInterestAfterAllowanceForCreditLoss,USD,,2024-12-31,23834689000.0,10-Q,2025-04-30
us-gaap,FinancingReceivableExcludingAccruedInterestAfterAllowanceForCreditLoss,USD,,2024-12-31,23834689000.0,10-Q,2025-07-30
us-gaap,FinancingReceivableExcludingAccruedInterestAfterAllowanceForCreditLoss,USD,,2024-12-31,23834689000.0,10-Q,2025-10-29
us-gaap,FinancingReceivableExcludingAccruedInterestAfterAllowanceForCreditLoss,USD,,2024-12-31,23834689000.0,10-K,2026-02-18
us-gaap,FinancingReceivableExcludingAccruedInterestAfterAllowanceForCreditLoss,USD,,2025-03-31,23411894000.0,10-Q,2025-04-30
us-gaap,FinancingReceivableExcludingAccruedInterestAfterAllowanceForCreditLoss,USD,,2025-06-30,24015162000.0,10-Q,2025-07-30
us-gaap,FinancingReceivableExcludingAccruedInterestAfterAllowanceForCreditLoss,USD,,2025-09-30,24587502000.0,10-Q,2025-10-29
us-gaap,FinancingReceivableExcludingAccruedInterestAfterAllowanceForCreditLoss,USD,,2025-12-31,25375602000.0,10-K,2026-02-18
us-gaap,FinancingReceivableExcludingAccruedInterestAfterAllowanceForCreditLoss,USD,,2025-12-31,25375602000.0,10-Q,2026-05-06
us-gaap,FinancingReceivableExcludingAccruedInterestAfterAllowanceForCreditLoss,USD,,2025-12-31,25375602000.0,10-Q,2026-08-04
us-gaap,FinancingReceivableExcludingAccruedInterestAfterAllowanceForCreditLoss,USD,,2026-03-31,25909674000.0,10-Q,2026-05-06
us-gaap,FinancingReceivableExcludingAccruedInterestAfterAllowanceForCreditLoss,USD,,2026-06-30,26806241000.0,10-Q,2026-08-04
us-gaap,FinancingReceivableExcludingAccruedInterestBeforeAllowanceForCreditLoss,USD,,2023-12-31,23904968000.0,10-K,2025-02-19
us-gaap,FinancingReceivableExcludingAccruedInterestBeforeAllowanceForCreditLoss,USD,,2024-12-31,24114724000.0,10-K,2025-02-19
us-gaap,FinancingReceivableExcludingAccruedInterestBeforeAllowanceForCreditLoss,USD,,2024-12-31,24114724000.0,10-Q,2025-04-30
us-gaap,FinancingReceivableExcludingAccruedInterestBeforeAllowanceForCreditLoss,USD,,2024-12-31,24114724000.0,10-Q,2025-07-30
us-gaap,FinancingReceivableExcludingAccruedInterestBeforeAllowanceForCreditLoss,USD,,2024-12-31,24114724000.0,10-Q,2025-10-29
us-gaap,FinancingReceivableExcludingAccruedInterestBeforeAllowanceForCreditLoss,USD,,2024-12-31,24114724000.0,10-K,2026-02-18
us-gaap,FinancingReceivableExcludingAccruedInterestBeforeAllowanceForCreditLoss,USD,,2025-03-31,23690488000.0,10-Q,2025-04-30
us-gaap,FinancingReceivableExcludingAccruedInterestBeforeAllowanceForCreditLoss,USD,,2025-06-30,24292211000.0,10-Q,2025-07-30
us-gaap,FinancingReceivableExcludingAccruedInterestBeforeAllowanceForCreditLoss,USD,,2025-09-30,24865194000.0,10-Q,2025-10-29
us-gaap,FinancingReceivableExcludingAccruedInterestBeforeAllowanceForCreditLoss,USD,,2025-12-31,25651462000.0,10-K,2026-02-18
us-gaap,FinancingReceivableExcludingAccruedInterestBeforeAllowanceForCreditLoss,USD,,2025-12-31,25651462000.0,10-Q,2026-05-06
us-gaap,FinancingReceivableExcludingAccruedInterestBeforeAllowanceForCreditLoss,USD,,2025-12-31,25651462000.0,10-Q,2026-08-04
us-gaap,FinancingReceivableExcludingAccruedInterestBeforeAllowanceForCreditLoss,USD,,2026-03-31,26187393000.0,10-Q,2026-05-06
us-gaap,FinancingReceivableExcludingAccruedInterestBeforeAllowanceForCreditLoss,USD,,2026-06-30,27083715000.0,10-Q,2026-08-04
