taxo,tag,unit,start,end,val,form,filed
dei,EntityCommonStockSharesOutstanding,shares,,2009-07-31,454964553.0,10-Q,2009-08-10
dei,EntityCommonStockSharesOutstanding,shares,,2009-10-31,449924631.0,10-Q,2009-11-09
dei,EntityCommonStockSharesOutstanding,shares,,2010-01-31,455293746.0,10-K,2010-02-26
dei,EntityCommonStockSharesOutstanding,shares,,2010-04-30,456534936.0,10-Q,2010-05-07
dei,EntityCommonStockSharesOutstanding,shares,,2010-07-31,456773296.0,10-Q,2010-08-09
dei,EntityCommonStockSharesOutstanding,shares,,2010-10-31,456926449.0,10-Q,2010-11-08
dei,EntityCommonStockSharesOutstanding,shares,,2011-01-31,457346953.0,10-K/A,2011-03-07
dei,EntityCommonStockSharesOutstanding,shares,,2011-04-30,495144879.0,10-Q,2011-05-10
dei,EntityCommonStockSharesOutstanding,shares,,2011-07-31,459374369.0,10-Q,2011-08-05
dei,EntityCommonStockSharesOutstanding,shares,,2011-10-31,459677105.0,10-Q,2011-11-07
dei,EntityCommonStockSharesOutstanding,shares,,2012-01-31,459408409.0,10-K,2012-02-29
dei,EntityCommonStockSharesOutstanding,shares,,2012-04-30,580342796.0,10-Q,2012-05-08
dei,EntityCommonStockSharesOutstanding,shares,,2012-07-31,580850895.0,10-Q,2012-08-09
dei,EntityCommonStockSharesOutstanding,shares,,2012-10-31,581684101.0,10-Q,2012-11-08
dei,EntityCommonStockSharesOutstanding,shares,,2013-01-31,582248632.0,10-K,2013-02-28
dei,EntityCommonStockSharesOutstanding,shares,,2013-04-30,584162780.0,10-Q,2013-05-09
dei,EntityCommonStockSharesOutstanding,shares,,2013-07-31,585340832.0,10-Q,2013-08-08
dei,EntityCommonStockSharesOutstanding,shares,,2013-10-31,576554996.0,10-Q,2013-11-06
dei,EntityCommonStockSharesOutstanding,shares,,2014-01-31,572812828.0,10-K,2014-02-27
dei,EntityCommonStockSharesOutstanding,shares,,2014-04-30,571580051.0,10-Q,2014-05-06
dei,EntityCommonStockSharesOutstanding,shares,,2014-07-31,561318773.0,10-Q,2014-08-05
dei,EntityCommonStockSharesOutstanding,shares,,2014-10-31,555970573.0,10-Q,2014-11-03
dei,EntityCommonStockSharesOutstanding,shares,,2015-01-30,551590891.0,10-K,2015-02-24
dei,EntityCommonStockSharesOutstanding,shares,,2015-04-30,546424370.0,10-Q,2015-05-05
dei,EntityCommonStockSharesOutstanding,shares,,2015-07-31,542428939.0,10-Q,2015-08-03
dei,EntityCommonStockSharesOutstanding,shares,,2015-10-30,532045252.0,10-Q,2015-11-02
dei,EntityCommonStockSharesOutstanding,shares,,2016-01-29,527379971.0,10-K,2016-02-25
dei,EntityCommonStockSharesOutstanding,shares,,2016-04-29,512099463.0,10-Q,2016-05-04
dei,EntityCommonStockSharesOutstanding,shares,,2016-07-22,506076567.0,10-Q,2016-08-01
dei,EntityCommonStockSharesOutstanding,shares,,2016-10-31,482301385.0,10-Q,2016-11-03
dei,EntityCommonStockSharesOutstanding,shares,,2017-01-31,480641838.0,10-K,2017-02-23
dei,EntityCommonStockSharesOutstanding,shares,,2017-04-28,482968623.0,10-Q,2017-05-03
dei,EntityCommonStockSharesOutstanding,shares,,2017-06-30,483692646.0,10-Q,2017-07-28
dei,EntityCommonStockSharesOutstanding,shares,,2017-10-31,484744182.0,10-Q,2017-11-01
dei,EntityCommonStockSharesOutstanding,shares,,2018-01-31,486287085.0,10-K,2018-02-21
dei,EntityCommonStockSharesOutstanding,shares,,2018-04-30,486434139.0,10-Q,2018-05-02
dei,EntityCommonStockSharesOutstanding,shares,,2018-06-30,478425026.0,10-Q,2018-07-27
dei,EntityCommonStockSharesOutstanding,shares,,2018-09-30,473656501.0,10-Q,2018-11-01
dei,EntityCommonStockSharesOutstanding,shares,,2019-01-31,467880673.0,10-K,2019-02-20
dei,EntityCommonStockSharesOutstanding,shares,,2019-03-31,469596514.0,10-Q,2019-05-01
dei,EntityCommonStockSharesOutstanding,shares,,2019-06-30,470333041.0,10-Q,2019-07-31
dei,EntityCommonStockSharesOutstanding,shares,,2019-09-30,465720986.0,10-Q,2019-10-31
dei,EntityCommonStockSharesOutstanding,shares,,2020-01-31,457122734.0,10-K,2020-02-20
dei,EntityCommonStockSharesOutstanding,shares,,2020-03-31,455310083.0,10-Q,2020-05-01
dei,EntityCommonStockSharesOutstanding,shares,,2020-07-31,456635765.0,10-Q,2020-08-06
dei,EntityCommonStockSharesOutstanding,shares,,2020-09-30,457397091.0,10-Q,2020-11-02
dei,EntityCommonStockSharesOutstanding,shares,,2021-01-31,459236740.0,10-K,2021-02-25
dei,EntityCommonStockSharesOutstanding,shares,,2021-04-30,451489343.0,10-Q,2021-05-07
dei,EntityCommonStockSharesOutstanding,shares,,2021-06-30,446113769.0,10-Q,2021-07-30
dei,EntityCommonStockSharesOutstanding,shares,,2021-10-29,425622058.0,10-Q,2021-11-05
dei,EntityCommonStockSharesOutstanding,shares,,2022-01-31,413661098.0,10-K,2022-02-25
dei,EntityCommonStockSharesOutstanding,shares,,2022-04-30,393050656.0,10-Q,2022-05-10
dei,EntityCommonStockSharesOutstanding,shares,,2022-06-30,383817721.0,10-Q,2022-07-29
dei,EntityCommonStockSharesOutstanding,shares,,2022-10-28,381698572.0,10-Q,2022-11-04
dei,EntityCommonStockSharesOutstanding,shares,,2023-01-31,381079743.0,10-K,2023-02-24
dei,EntityCommonStockSharesOutstanding,shares,,2023-04-30,381806215.0,10-Q,2023-05-05
dei,EntityCommonStockSharesOutstanding,shares,,2023-06-30,381441449.0,10-Q,2023-07-27
dei,EntityCommonStockSharesOutstanding,shares,,2023-10-20,380846771.0,10-Q,2023-11-02
dei,EntityCommonStockSharesOutstanding,shares,,2024-01-31,380212220.0,10-K,2024-02-23
dei,EntityCommonStockSharesOutstanding,shares,,2024-04-30,381922067.0,10-Q,2024-05-02
dei,EntityCommonStockSharesOutstanding,shares,,2024-06-30,381856146.0,10-Q,2024-08-01
dei,EntityCommonStockSharesOutstanding,shares,,2024-09-30,381510336.0,10-Q,2024-10-31
dei,EntityCommonStockSharesOutstanding,shares,,2025-01-31,381327698.0,10-K,2025-02-20
dei,EntityCommonStockSharesOutstanding,shares,,2025-04-30,383137556.0,10-Q,2025-05-07
dei,EntityCommonStockSharesOutstanding,shares,,2025-06-30,639517306.0,10-Q,2025-07-31
dei,EntityCommonStockSharesOutstanding,shares,,2025-09-30,635733605.0,10-Q,2025-11-03
dei,EntityCommonStockSharesOutstanding,shares,,2026-01-31,621931593.0,10-K,2026-02-19
dei,EntityCommonStockSharesOutstanding,shares,,2026-04-30,622292783.0,10-Q,2026-05-07
dei,EntityCommonStockSharesOutstanding,shares,,2026-06-30,613484836.0,10-Q,2026-07-28
us-gaap,CashAcquiredFromAcquisition,USD,2008-01-01,2008-06-30,0.0,10-Q,2009-08-10
us-gaap,CashAcquiredFromAcquisition,USD,2008-01-01,2008-09-30,0.0,10-Q,2009-11-09
us-gaap,CashAcquiredFromAcquisition,USD,2009-01-01,2009-06-30,1226317000.0,10-Q,2009-08-10
us-gaap,CashAcquiredFromAcquisition,USD,2009-01-01,2009-09-30,1226317000.0,10-Q,2009-11-09
us-gaap,CashAndCashEquivalentsPeriodIncreaseDecrease,USD,2007-01-01,2007-12-31,160913000.0,10-K,2010-02-26
us-gaap,CashAndCashEquivalentsPeriodIncreaseDecrease,USD,2008-01-01,2008-06-30,-296794000.0,10-Q,2009-08-10
us-gaap,CashAndCashEquivalentsPeriodIncreaseDecrease,USD,2008-01-01,2008-09-30,799332000.0,10-Q,2009-11-09
us-gaap,CashAndCashEquivalentsPeriodIncreaseDecrease,USD,2008-01-01,2008-12-31,2669934000.0,10-K,2010-02-26
us-gaap,CashAndCashEquivalentsPeriodIncreaseDecrease,USD,2008-01-01,2008-12-31,2670000000.0,10-K/A,2011-03-07
us-gaap,CashAndCashEquivalentsPeriodIncreaseDecrease,USD,2009-01-01,2009-03-31,262982000.0,10-Q,2010-05-07
us-gaap,CashAndCashEquivalentsPeriodIncreaseDecrease,USD,2009-01-01,2009-06-30,-3945733000.0,10-Q,2009-08-10
us-gaap,CashAndCashEquivalentsPeriodIncreaseDecrease,USD,2009-01-01,2009-06-30,-2720000000.0,10-Q,2010-08-09
us-gaap,CashAndCashEquivalentsPeriodIncreaseDecrease,USD,2009-01-01,2009-09-30,-4590457000.0,10-Q,2009-11-09
us-gaap,CashAndCashEquivalentsPeriodIncreaseDecrease,USD,2009-01-01,2009-09-30,-3365000000.0,10-Q,2010-11-08
us-gaap,CashAndCashEquivalentsPeriodIncreaseDecrease,USD,2009-01-01,2009-12-31,1193281000.0,10-K,2010-02-26
us-gaap,CashAndCashEquivalentsPeriodIncreaseDecrease,USD,2009-01-01,2009-12-31,1194000000.0,10-K/A,2011-03-07
us-gaap,CashAndCashEquivalentsPeriodIncreaseDecrease,USD,2009-01-01,2009-12-31,1194000000.0,10-K,2012-02-29
us-gaap,CashAndCashEquivalentsPeriodIncreaseDecrease,USD,2009-12-30,2010-03-31,-1187000000.0,10-Q,2011-05-10
us-gaap,CashAndCashEquivalentsPeriodIncreaseDecrease,USD,2010-01-01,2010-03-31,-1186258000.0,10-Q,2010-05-07
us-gaap,CashAndCashEquivalentsPeriodIncreaseDecrease,USD,2010-01-01,2010-06-30,-3486000000.0,10-Q,2010-08-09
us-gaap,CashAndCashEquivalentsPeriodIncreaseDecrease,USD,2010-01-01,2010-06-30,-3486000000.0,10-Q,2011-08-05
us-gaap,CashAndCashEquivalentsPeriodIncreaseDecrease,USD,2010-01-01,2010-09-30,-3743000000.0,10-Q,2010-11-08
us-gaap,CashAndCashEquivalentsPeriodIncreaseDecrease,USD,2010-01-01,2010-09-30,-3743000000.0,10-Q,2011-11-07
us-gaap,CashAndCashEquivalentsPeriodIncreaseDecrease,USD,2010-01-01,2010-12-31,-3436000000.0,10-K/A,2011-03-07
us-gaap,CashAndCashEquivalentsPeriodIncreaseDecrease,USD,2010-01-01,2010-12-31,-3436000000.0,10-K,2012-02-29
us-gaap,CashAndCashEquivalentsPeriodIncreaseDecrease,USD,2010-01-01,2010-12-31,-3436000000.0,10-K,2013-02-28
us-gaap,CashAndCashEquivalentsPeriodIncreaseDecrease,USD,2010-12-30,2011-03-31,2722000000.0,10-Q,2011-05-10
us-gaap,CashAndCashEquivalentsPeriodIncreaseDecrease,USD,2011-01-01,2011-03-31,2722000000.0,10-Q,2012-05-08
us-gaap,CashAndCashEquivalentsPeriodIncreaseDecrease,USD,2011-01-01,2011-06-30,1394000000.0,10-Q,2011-08-05
us-gaap,CashAndCashEquivalentsPeriodIncreaseDecrease,USD,2011-01-08,2011-06-30,1394000000.0,10-Q,2012-08-09
us-gaap,CashAndCashEquivalentsPeriodIncreaseDecrease,USD,2011-01-01,2011-09-30,1109000000.0,10-Q,2011-11-07
us-gaap,CashAndCashEquivalentsPeriodIncreaseDecrease,USD,2011-01-08,2011-09-30,1109000000.0,10-Q,2012-11-08
us-gaap,CashAndCashEquivalentsPeriodIncreaseDecrease,USD,2011-01-01,2011-12-31,589000000.0,10-K,2012-02-29
us-gaap,CashAndCashEquivalentsPeriodIncreaseDecrease,USD,2011-01-01,2011-12-31,589000000.0,10-K,2013-02-28
us-gaap,CashAndCashEquivalentsPeriodIncreaseDecrease,USD,2011-01-01,2011-12-31,589000000.0,10-K,2014-02-27
us-gaap,CashAndCashEquivalentsPeriodIncreaseDecrease,USD,2012-01-01,2012-03-31,24818000000.0,10-Q,2012-05-08
us-gaap,CashAndCashEquivalentsPeriodIncreaseDecrease,USD,2012-01-01,2012-03-31,24818000000.0,10-Q,2013-05-09
us-gaap,CashAndCashEquivalentsPeriodIncreaseDecrease,USD,2012-01-01,2012-06-30,141000000.0,10-Q,2012-08-09
us-gaap,CashAndCashEquivalentsPeriodIncreaseDecrease,USD,2012-01-01,2012-06-30,141000000.0,10-Q,2013-08-08
us-gaap,CashAndCashEquivalentsPeriodIncreaseDecrease,USD,2012-01-01,2012-09-30,131000000.0,10-Q,2012-11-08
us-gaap,CashAndCashEquivalentsPeriodIncreaseDecrease,USD,2012-01-01,2012-09-30,131000000.0,10-Q,2013-11-06
us-gaap,CashAndCashEquivalentsPeriodIncreaseDecrease,USD,2012-01-01,2012-12-31,5220000000.0,10-K,2013-02-28
us-gaap,CashAndCashEquivalentsPeriodIncreaseDecrease,USD,2012-01-01,2012-12-31,5220000000.0,10-K,2014-02-27
us-gaap,CashAndCashEquivalentsPeriodIncreaseDecrease,USD,2012-01-01,2012-12-31,5220000000.0,10-K,2015-02-24
us-gaap,CashAndCashEquivalentsPeriodIncreaseDecrease,USD,2013-01-01,2013-03-31,-4312000000.0,10-Q,2013-05-09
us-gaap,CashAndCashEquivalentsPeriodIncreaseDecrease,USD,2013-01-01,2013-03-31,-4312000000.0,10-Q,2014-05-06
us-gaap,CashAndCashEquivalentsPeriodIncreaseDecrease,USD,2013-01-01,2013-06-30,-6405000000.0,10-Q,2013-08-08
us-gaap,CashAndCashEquivalentsPeriodIncreaseDecrease,USD,2013-01-01,2013-06-30,-6405000000.0,10-Q,2014-08-05
us-gaap,CashAndCashEquivalentsPeriodIncreaseDecrease,USD,2013-01-01,2013-09-30,-5340000000.0,10-Q,2013-11-06
us-gaap,CashAndCashEquivalentsPeriodIncreaseDecrease,USD,2013-01-01,2013-09-30,-5340000000.0,10-Q,2014-11-03
us-gaap,CashAndCashEquivalentsPeriodIncreaseDecrease,USD,2013-01-01,2013-12-31,-4767000000.0,10-K,2014-02-27
us-gaap,CashAndCashEquivalentsPeriodIncreaseDecrease,USD,2013-01-01,2013-12-31,-4767000000.0,10-K,2015-02-24
us-gaap,CashAndCashEquivalentsPeriodIncreaseDecrease,USD,2013-01-01,2013-12-31,-4767000000.0,10-K,2016-02-25
us-gaap,CashAndCashEquivalentsPeriodIncreaseDecrease,USD,2014-01-01,2014-03-31,-109000000.0,10-Q,2014-05-06
us-gaap,CashAndCashEquivalentsPeriodIncreaseDecrease,USD,2014-01-01,2014-03-31,-109000000.0,10-Q,2015-05-05
us-gaap,CashAndCashEquivalentsPeriodIncreaseDecrease,USD,2014-01-01,2014-06-30,441000000.0,10-Q,2014-08-05
us-gaap,CashAndCashEquivalentsPeriodIncreaseDecrease,USD,2014-01-01,2014-06-30,441000000.0,10-Q,2015-08-03
us-gaap,CashAndCashEquivalentsPeriodIncreaseDecrease,USD,2014-01-01,2014-09-30,-143000000.0,10-Q,2014-11-03
us-gaap,CashAndCashEquivalentsPeriodIncreaseDecrease,USD,2014-01-01,2014-09-30,-143000000.0,10-Q,2015-11-02
us-gaap,CashAndCashEquivalentsPeriodIncreaseDecrease,USD,2014-01-01,2014-12-31,951000000.0,10-K,2015-02-24
us-gaap,CashAndCashEquivalentsPeriodIncreaseDecrease,USD,2014-01-01,2014-12-31,951000000.0,10-K,2016-02-25
us-gaap,CashAndCashEquivalentsPeriodIncreaseDecrease,USD,2014-01-01,2014-12-31,951000000.0,10-K,2017-02-23
us-gaap,CashAndCashEquivalentsPeriodIncreaseDecrease,USD,2015-01-01,2015-03-31,1649000000.0,10-Q,2015-05-05
us-gaap,CashAndCashEquivalentsPeriodIncreaseDecrease,USD,2015-01-01,2015-03-31,1649000000.0,10-Q,2016-05-04
us-gaap,CashAndCashEquivalentsPeriodIncreaseDecrease,USD,2015-01-01,2015-06-30,-86000000.0,10-Q,2015-08-03
us-gaap,CashAndCashEquivalentsPeriodIncreaseDecrease,USD,2015-01-01,2015-06-30,-86000000.0,10-Q,2016-08-01
us-gaap,CashAndCashEquivalentsPeriodIncreaseDecrease,USD,2015-01-01,2015-09-30,-405000000.0,10-Q,2015-11-02
us-gaap,CashAndCashEquivalentsPeriodIncreaseDecrease,USD,2015-01-01,2015-09-30,-405000000.0,10-Q,2016-11-03
us-gaap,CashAndCashEquivalentsPeriodIncreaseDecrease,USD,2015-01-01,2015-12-31,781000000.0,10-K,2016-02-25
us-gaap,CashAndCashEquivalentsPeriodIncreaseDecrease,USD,2015-01-01,2015-12-31,781000000.0,10-K,2017-02-23
us-gaap,CashAndCashEquivalentsPeriodIncreaseDecrease,USD,2016-01-01,2016-03-31,-2788000000.0,10-Q,2016-05-04
us-gaap,CashAndCashEquivalentsPeriodIncreaseDecrease,USD,2016-01-01,2016-06-30,-874000000.0,10-Q,2016-08-01
us-gaap,CashAndCashEquivalentsPeriodIncreaseDecrease,USD,2016-01-01,2016-09-30,1071000000.0,10-Q,2016-11-03
us-gaap,CashAndCashEquivalentsPeriodIncreaseDecrease,USD,2016-01-01,2016-12-31,1953000000.0,10-K,2017-02-23
us-gaap,CashAndDueFromBanks,USD,,2008-12-31,2047839000.0,10-Q,2009-08-10
us-gaap,CashAndDueFromBanks,USD,,2008-12-31,2047839000.0,10-Q,2009-11-09
us-gaap,CashAndDueFromBanks,USD,,2008-12-31,2047839000.0,10-K,2010-02-26
us-gaap,CashAndDueFromBanks,USD,,2009-06-30,3001944000.0,10-Q,2009-08-10
us-gaap,CashAndDueFromBanks,USD,,2009-09-30,2719100000.0,10-Q,2009-11-09
us-gaap,CashAndDueFromBanks,USD,,2009-12-31,3100110000.0,10-K,2010-02-26
us-gaap,CashAndDueFromBanks,USD,,2009-12-31,3100110000.0,10-Q,2010-05-07
us-gaap,CashAndDueFromBanks,USD,,2009-12-31,3100000000.0,10-Q,2010-08-09
us-gaap,CashAndDueFromBanks,USD,,2009-12-31,3100000000.0,10-Q,2010-11-08
us-gaap,CashAndDueFromBanks,USD,,2009-12-31,3100000000.0,10-K/A,2011-03-07
us-gaap,CashAndDueFromBanks,USD,,2010-03-31,2928702000.0,10-Q,2010-05-07
us-gaap,CashAndDueFromBanks,USD,,2010-06-30,2668000000.0,10-Q,2010-08-09
us-gaap,CashAndDueFromBanks,USD,,2010-09-30,2015000000.0,10-Q,2010-11-08
us-gaap,CashAndDueFromBanks,USD,,2010-12-31,2067000000.0,10-K/A,2011-03-07
us-gaap,CashAndDueFromBanks,USD,,2010-12-31,2067000000.0,10-Q,2011-05-10
us-gaap,CashAndDueFromBanks,USD,,2010-12-31,2067000000.0,10-Q,2011-08-05
us-gaap,CashAndDueFromBanks,USD,,2010-12-31,2067000000.0,10-Q,2011-11-07
us-gaap,CashAndDueFromBanks,USD,,2010-12-31,2067000000.0,10-K,2012-02-29
us-gaap,CashAndDueFromBanks,USD,,2011-03-31,2028000000.0,10-Q,2011-05-10
us-gaap,CashAndDueFromBanks,USD,,2011-06-30,1954000000.0,10-Q,2011-08-05
us-gaap,CashAndDueFromBanks,USD,,2011-09-30,1794000000.0,10-Q,2011-11-07
us-gaap,CashAndDueFromBanks,USD,,2011-12-31,2097000000.0,10-K,2012-02-29
us-gaap,CashAndDueFromBanks,USD,,2011-12-31,2097000000.0,10-Q,2012-05-08
us-gaap,CashAndDueFromBanks,USD,,2011-12-31,2097000000.0,10-Q,2012-08-09
us-gaap,CashAndDueFromBanks,USD,,2011-12-31,2097000000.0,10-Q,2012-11-08
us-gaap,CashAndDueFromBanks,USD,,2011-12-31,2097000000.0,10-K,2013-02-28
us-gaap,CashAndDueFromBanks,USD,,2012-03-31,2183000000.0,10-Q,2012-05-08
us-gaap,CashAndDueFromBanks,USD,,2012-06-30,2297000000.0,10-Q,2012-08-09
us-gaap,CashAndDueFromBanks,USD,,2012-09-30,1855000000.0,10-Q,2012-11-08
us-gaap,CashAndDueFromBanks,USD,,2012-12-31,3440000000.0,10-K,2013-02-28
us-gaap,CashAndDueFromBanks,USD,,2012-12-31,3440000000.0,10-Q,2013-05-09
us-gaap,CashAndDueFromBanks,USD,,2012-12-31,3440000000.0,10-Q,2013-08-08
us-gaap,CashAndDueFromBanks,USD,,2012-12-31,3440000000.0,10-Q,2013-11-06
us-gaap,CashAndDueFromBanks,USD,,2012-12-31,3440000000.0,10-K,2014-02-27
us-gaap,CashAndDueFromBanks,USD,,2013-03-31,1947000000.0,10-Q,2013-05-09
us-gaap,CashAndDueFromBanks,USD,,2013-06-30,2176000000.0,10-Q,2013-08-08
us-gaap,CashAndDueFromBanks,USD,,2013-09-30,2855000000.0,10-Q,2013-11-06
us-gaap,CashAndDueFromBanks,USD,,2013-12-31,2821000000.0,10-K,2014-02-27
us-gaap,CashAndDueFromBanks,USD,,2013-12-31,2821000000.0,10-Q,2014-05-06
us-gaap,CashAndDueFromBanks,USD,,2013-12-31,2821000000.0,10-Q,2014-08-05
us-gaap,CashAndDueFromBanks,USD,,2013-12-31,2821000000.0,10-Q,2014-11-03
us-gaap,CashAndDueFromBanks,USD,,2013-12-31,2821000000.0,10-K,2015-02-24
us-gaap,CashAndDueFromBanks,USD,,2014-03-31,3373000000.0,10-Q,2014-05-06
us-gaap,CashAndDueFromBanks,USD,,2014-06-30,3598000000.0,10-Q,2014-08-05
us-gaap,CashAndDueFromBanks,USD,,2014-09-30,2652000000.0,10-Q,2014-11-03
us-gaap,CashAndDueFromBanks,USD,,2014-12-31,3147000000.0,10-K,2015-02-24
us-gaap,CashAndDueFromBanks,USD,,2014-12-31,3147000000.0,10-Q,2015-05-05
us-gaap,CashAndDueFromBanks,USD,,2014-12-31,3147000000.0,10-Q,2015-08-03
us-gaap,CashAndDueFromBanks,USD,,2014-12-31,3147000000.0,10-Q,2015-11-02
us-gaap,CashAndDueFromBanks,USD,,2014-12-31,3147000000.0,10-K,2016-02-25
us-gaap,CashAndDueFromBanks,USD,,2015-03-31,2853000000.0,10-Q,2015-05-05
us-gaap,CashAndDueFromBanks,USD,,2015-06-30,2879000000.0,10-Q,2015-08-03
us-gaap,CashAndDueFromBanks,USD,,2015-09-30,2701000000.0,10-Q,2015-11-02
us-gaap,CashAndDueFromBanks,USD,,2015-12-31,3407000000.0,10-K,2016-02-25
us-gaap,CashAndDueFromBanks,USD,,2015-12-31,3407000000.0,10-Q,2016-05-04
us-gaap,CashAndDueFromBanks,USD,,2015-12-31,3407000000.0,10-Q,2016-08-01
us-gaap,CashAndDueFromBanks,USD,,2015-12-31,3407000000.0,10-Q,2016-11-03
us-gaap,CashAndDueFromBanks,USD,,2015-12-31,3407000000.0,10-K,2017-02-23
us-gaap,CashAndDueFromBanks,USD,,2016-03-31,3241000000.0,10-Q,2016-05-04
us-gaap,CashAndDueFromBanks,USD,,2016-06-30,3253000000.0,10-Q,2016-08-01
us-gaap,CashAndDueFromBanks,USD,,2016-09-30,3350000000.0,10-Q,2016-11-03
us-gaap,CashAndDueFromBanks,USD,,2016-12-31,4185000000.0,10-K,2017-02-23
us-gaap,CashAndDueFromBanks,USD,,2016-12-31,4185000000.0,10-Q,2017-05-03
us-gaap,CashAndDueFromBanks,USD,,2016-12-31,4185000000.0,10-Q,2017-07-28
us-gaap,CashAndDueFromBanks,USD,,2016-12-31,4185000000.0,10-Q,2017-11-01
us-gaap,CashAndDueFromBanks,USD,,2016-12-31,4185000000.0,10-K,2018-02-21
us-gaap,CashAndDueFromBanks,USD,,2017-03-31,3489000000.0,10-Q,2017-05-03
us-gaap,CashAndDueFromBanks,USD,,2017-06-30,3352000000.0,10-Q,2017-07-28
us-gaap,CashAndDueFromBanks,USD,,2017-09-30,4154000000.0,10-Q,2017-11-01
us-gaap,CashAndDueFromBanks,USD,,2017-12-31,4458000000.0,10-K,2018-02-21
us-gaap,CashAndDueFromBanks,USD,,2017-12-31,4458000000.0,10-Q,2018-05-02
us-gaap,CashAndDueFromBanks,USD,,2017-12-31,4458000000.0,10-Q,2018-07-27
us-gaap,CashAndDueFromBanks,USD,,2017-12-31,4458000000.0,10-Q,2018-11-01
us-gaap,CashAndDueFromBanks,USD,,2017-12-31,4458000000.0,10-K,2019-02-20
us-gaap,CashAndDueFromBanks,USD,,2018-03-31,4220000000.0,10-Q,2018-05-02
us-gaap,CashAndDueFromBanks,USD,,2018-06-30,4499000000.0,10-Q,2018-07-27
us-gaap,CashAndDueFromBanks,USD,,2018-09-30,4547000000.0,10-Q,2018-11-01
us-gaap,CashAndDueFromBanks,USD,,2018-12-31,4768000000.0,10-K,2019-02-20
us-gaap,CashAndDueFromBanks,USD,,2018-12-31,4768000000.0,10-Q,2019-05-01
us-gaap,CashAndDueFromBanks,USD,,2018-12-31,4768000000.0,10-Q,2019-07-31
us-gaap,CashAndDueFromBanks,USD,,2018-12-31,4768000000.0,10-Q,2019-10-31
us-gaap,CashAndDueFromBanks,USD,,2018-12-31,4768000000.0,10-K,2020-02-20
us-gaap,CashAndDueFromBanks,USD,,2019-03-31,4572000000.0,10-Q,2019-05-01
us-gaap,CashAndDueFromBanks,USD,,2019-06-30,5184000000.0,10-Q,2019-07-31
us-gaap,CashAndDueFromBanks,USD,,2019-09-30,4452000000.0,10-Q,2019-10-31
us-gaap,CashAndDueFromBanks,USD,,2019-12-31,4129000000.0,10-K,2020-02-20
us-gaap,CashAndDueFromBanks,USD,,2019-12-31,4129000000.0,10-Q,2020-05-01
us-gaap,CashAndDueFromBanks,USD,,2019-12-31,4129000000.0,10-Q,2020-08-06
us-gaap,CashAndDueFromBanks,USD,,2019-12-31,4129000000.0,10-Q,2020-11-02
us-gaap,CashAndDueFromBanks,USD,,2019-12-31,4129000000.0,10-K,2021-02-25
us-gaap,CashAndDueFromBanks,USD,,2020-03-31,4545000000.0,10-Q,2020-05-01
us-gaap,CashAndDueFromBanks,USD,,2020-06-30,4583000000.0,10-Q,2020-08-06
us-gaap,CashAndDueFromBanks,USD,,2020-09-30,4267000000.0,10-Q,2020-11-02
us-gaap,CashAndDueFromBanks,USD,,2020-12-31,4708000000.0,10-K,2021-02-25
us-gaap,CashAndDueFromBanks,USD,,2020-12-31,4708000000.0,10-Q,2021-05-07
us-gaap,CashAndDueFromBanks,USD,,2020-12-31,4708000000.0,10-Q,2021-07-30
us-gaap,CashAndDueFromBanks,USD,,2020-12-31,4708000000.0,10-Q,2021-11-05
us-gaap,CashAndDueFromBanks,USD,,2020-12-31,4708000000.0,10-K,2022-02-25
us-gaap,CashAndDueFromBanks,USD,,2021-03-31,4670000000.0,10-Q,2021-05-07
us-gaap,CashAndDueFromBanks,USD,,2021-06-30,5312000000.0,10-Q,2021-07-30
us-gaap,CashAndDueFromBanks,USD,,2021-09-30,5444000000.0,10-Q,2021-11-05
us-gaap,CashAndDueFromBanks,USD,,2021-12-31,4164000000.0,10-K,2022-02-25
us-gaap,CashAndDueFromBanks,USD,,2021-12-31,4164000000.0,10-Q,2022-05-10
us-gaap,CashAndDueFromBanks,USD,,2021-12-31,4164000000.0,10-Q,2022-07-29
us-gaap,CashAndDueFromBanks,USD,,2021-12-31,4164000000.0,10-Q,2022-11-04
us-gaap,CashAndDueFromBanks,USD,,2021-12-31,4164000000.0,10-K,2023-02-24
us-gaap,CashAndDueFromBanks,USD,,2022-03-31,5107000000.0,10-Q,2022-05-10
us-gaap,CashAndDueFromBanks,USD,,2022-06-30,4825000000.0,10-Q,2022-07-29
us-gaap,CashAndDueFromBanks,USD,,2022-09-30,3716000000.0,10-Q,2022-11-04
us-gaap,CashAndDueFromBanks,USD,,2022-12-31,5193000000.0,10-K,2023-02-24
us-gaap,CashAndDueFromBanks,USD,,2022-12-31,5193000000.0,10-Q,2023-05-05
us-gaap,CashAndDueFromBanks,USD,,2022-12-31,5193000000.0,10-Q,2023-07-27
us-gaap,CashAndDueFromBanks,USD,,2022-12-31,5193000000.0,10-Q,2023-11-02
us-gaap,CashAndDueFromBanks,USD,,2022-12-31,5193000000.0,10-K,2024-02-23
us-gaap,CashAndDueFromBanks,USD,,2023-03-31,3347000000.0,10-Q,2023-05-05
us-gaap,CashAndDueFromBanks,USD,,2023-06-30,3360000000.0,10-Q,2023-07-27
us-gaap,CashAndDueFromBanks,USD,,2023-09-30,4620000000.0,10-Q,2023-11-02
us-gaap,CashAndDueFromBanks,USD,,2023-12-31,4903000000.0,10-K,2024-02-23
us-gaap,CashAndDueFromBanks,USD,,2023-12-31,4903000000.0,10-Q,2024-05-02
us-gaap,CashAndDueFromBanks,USD,,2023-12-31,4903000000.0,10-Q,2024-08-01
us-gaap,CashAndDueFromBanks,USD,,2023-12-31,4903000000.0,10-Q,2024-10-31
us-gaap,CashAndDueFromBanks,USD,,2023-12-31,4903000000.0,10-K,2025-02-20
us-gaap,CashAndDueFromBanks,USD,,2024-03-31,4671000000.0,10-Q,2024-05-02
us-gaap,CashAndDueFromBanks,USD,,2024-06-30,5298000000.0,10-Q,2024-08-01
us-gaap,CashAndDueFromBanks,USD,,2024-09-30,3976000000.0,10-Q,2024-10-31
us-gaap,CashAndDueFromBanks,USD,,2024-12-31,3028000000.0,10-K,2025-02-20
us-gaap,CashAndDueFromBanks,USD,,2024-12-31,3028000000.0,10-Q,2025-05-07
us-gaap,CashAndDueFromBanks,USD,,2024-12-31,3028000000.0,10-Q,2025-07-31
us-gaap,CashAndDueFromBanks,USD,,2024-12-31,3028000000.0,10-Q,2025-11-03
us-gaap,CashAndDueFromBanks,USD,,2024-12-31,3028000000.0,10-K,2026-02-19
us-gaap,CashAndDueFromBanks,USD,,2025-03-31,4108000000.0,10-Q,2025-05-07
us-gaap,CashAndDueFromBanks,USD,,2025-06-30,4854000000.0,10-Q,2025-07-31
us-gaap,CashAndDueFromBanks,USD,,2025-09-30,4606000000.0,10-Q,2025-11-03
us-gaap,CashAndDueFromBanks,USD,,2025-12-31,3031000000.0,10-K,2026-02-19
us-gaap,CashAndDueFromBanks,USD,,2025-12-31,3031000000.0,10-Q,2026-05-07
us-gaap,CashAndDueFromBanks,USD,,2025-12-31,3031000000.0,10-Q,2026-07-28
us-gaap,CashAndDueFromBanks,USD,,2026-03-31,4555000000.0,10-Q,2026-05-07
us-gaap,CashAndDueFromBanks,USD,,2026-06-30,4834000000.0,10-Q,2026-07-28
us-gaap,CashCashEquivalentsAndFederalFundsSold,USD,,2006-12-31,4660496000.0,10-K,2010-02-26
us-gaap,CashCashEquivalentsAndFederalFundsSold,USD,,2007-12-31,4821409000.0,10-Q,2009-08-10
us-gaap,CashCashEquivalentsAndFederalFundsSold,USD,,2007-12-31,4821409000.0,10-Q,2009-11-09
us-gaap,CashCashEquivalentsAndFederalFundsSold,USD,,2007-12-31,4821409000.0,10-K,2010-02-26
us-gaap,CashCashEquivalentsAndFederalFundsSold,USD,,2007-12-31,4821000000.0,10-K/A,2011-03-07
us-gaap,CashCashEquivalentsAndFederalFundsSold,USD,,2008-06-30,4524615000.0,10-Q,2009-08-10
us-gaap,CashCashEquivalentsAndFederalFundsSold,USD,,2008-09-30,5620741000.0,10-Q,2009-11-09
us-gaap,CashCashEquivalentsAndFederalFundsSold,USD,,2008-12-31,7491343000.0,10-Q,2009-08-10
us-gaap,CashCashEquivalentsAndFederalFundsSold,USD,,2008-12-31,7491343000.0,10-Q,2009-11-09
us-gaap,CashCashEquivalentsAndFederalFundsSold,USD,,2008-12-31,7491343000.0,10-K,2010-02-26
us-gaap,CashCashEquivalentsAndFederalFundsSold,USD,,2008-12-31,7491343000.0,10-Q,2010-05-07
us-gaap,CashCashEquivalentsAndFederalFundsSold,USD,,2008-12-31,7492000000.0,10-Q,2010-08-09
us-gaap,CashCashEquivalentsAndFederalFundsSold,USD,,2008-12-31,7492000000.0,10-Q,2010-11-08
us-gaap,CashCashEquivalentsAndFederalFundsSold,USD,,2008-12-31,7491000000.0,10-K/A,2011-03-07
us-gaap,CashCashEquivalentsAndFederalFundsSold,USD,,2008-12-31,7491000000.0,10-K,2012-02-29
us-gaap,CashCashEquivalentsAndFederalFundsSold,USD,,2009-03-31,7754325000.0,10-Q,2010-05-07
us-gaap,CashCashEquivalentsAndFederalFundsSold,USD,,2009-06-30,4771927000.0,10-Q,2009-08-10
us-gaap,CashCashEquivalentsAndFederalFundsSold,USD,,2009-06-30,4772000000.0,10-Q,2010-08-09
us-gaap,CashCashEquivalentsAndFederalFundsSold,USD,,2009-09-30,4127203000.0,10-Q,2009-11-09
us-gaap,CashCashEquivalentsAndFederalFundsSold,USD,,2009-09-30,4127000000.0,10-Q,2010-11-08
us-gaap,CashCashEquivalentsAndFederalFundsSold,USD,,2009-12-31,8684624000.0,10-K,2010-02-26
us-gaap,CashCashEquivalentsAndFederalFundsSold,USD,,2009-12-31,8684624000.0,10-Q,2010-05-07
us-gaap,CashCashEquivalentsAndFederalFundsSold,USD,,2009-12-31,8685000000.0,10-Q,2010-08-09
us-gaap,CashCashEquivalentsAndFederalFundsSold,USD,,2009-12-31,8685000000.0,10-Q,2010-11-08
us-gaap,CashCashEquivalentsAndFederalFundsSold,USD,,2009-12-31,8685000000.0,10-K/A,2011-03-07
us-gaap,CashCashEquivalentsAndFederalFundsSold,USD,,2009-12-31,8685000000.0,10-Q,2011-05-10
us-gaap,CashCashEquivalentsAndFederalFundsSold,USD,,2009-12-31,8685000000.0,10-Q,2011-08-05
us-gaap,CashCashEquivalentsAndFederalFundsSold,USD,,2009-12-31,8685000000.0,10-Q,2011-11-07
us-gaap,CashCashEquivalentsAndFederalFundsSold,USD,,2009-12-31,8685000000.0,10-K,2012-02-29
us-gaap,CashCashEquivalentsAndFederalFundsSold,USD,,2009-12-31,8685000000.0,10-K,2013-02-28
us-gaap,CashCashEquivalentsAndFederalFundsSold,USD,,2010-03-31,7498366000.0,10-Q,2010-05-07
us-gaap,CashCashEquivalentsAndFederalFundsSold,USD,,2010-03-31,7498000000.0,10-Q,2011-05-10
us-gaap,CashCashEquivalentsAndFederalFundsSold,USD,,2010-06-30,5199000000.0,10-Q,2010-08-09
us-gaap,CashCashEquivalentsAndFederalFundsSold,USD,,2010-06-30,5199000000.0,10-Q,2011-08-05
us-gaap,CashCashEquivalentsAndFederalFundsSold,USD,,2010-09-30,4942000000.0,10-Q,2010-11-08
us-gaap,CashCashEquivalentsAndFederalFundsSold,USD,,2010-09-30,4942000000.0,10-Q,2011-11-07
us-gaap,CashCashEquivalentsAndFederalFundsSold,USD,,2010-12-31,5249000000.0,10-K/A,2011-03-07
us-gaap,CashCashEquivalentsAndFederalFundsSold,USD,,2010-12-31,5249000000.0,10-Q,2011-05-10
us-gaap,CashCashEquivalentsAndFederalFundsSold,USD,,2010-12-31,5249000000.0,10-Q,2011-08-05
us-gaap,CashCashEquivalentsAndFederalFundsSold,USD,,2010-12-31,5249000000.0,10-Q,2011-11-07
us-gaap,CashCashEquivalentsAndFederalFundsSold,USD,,2010-12-31,5249000000.0,10-K,2012-02-29
us-gaap,CashCashEquivalentsAndFederalFundsSold,USD,,2010-12-31,5249000000.0,10-Q,2012-05-08
us-gaap,CashCashEquivalentsAndFederalFundsSold,USD,,2010-12-31,5249000000.0,10-K,2013-02-28
us-gaap,CashCashEquivalentsAndFederalFundsSold,USD,,2010-12-31,5249000000.0,10-K,2014-02-27
us-gaap,CashCashEquivalentsAndFederalFundsSold,USD,,2011-01-07,5249000000.0,10-Q,2012-08-09
us-gaap,CashCashEquivalentsAndFederalFundsSold,USD,,2011-01-07,5249000000.0,10-Q,2012-11-08
us-gaap,CashCashEquivalentsAndFederalFundsSold,USD,,2011-03-31,7971000000.0,10-Q,2011-05-10
us-gaap,CashCashEquivalentsAndFederalFundsSold,USD,,2011-03-31,7971000000.0,10-Q,2012-05-08
us-gaap,CashCashEquivalentsAndFederalFundsSold,USD,,2011-06-30,6643000000.0,10-Q,2011-08-05
us-gaap,CashCashEquivalentsAndFederalFundsSold,USD,,2011-06-30,6643000000.0,10-Q,2012-08-09
us-gaap,CashCashEquivalentsAndFederalFundsSold,USD,,2011-09-30,6358000000.0,10-Q,2011-11-07
us-gaap,CashCashEquivalentsAndFederalFundsSold,USD,,2011-09-30,6358000000.0,10-Q,2012-11-08
us-gaap,CashCashEquivalentsAndFederalFundsSold,USD,,2011-12-31,5838000000.0,10-K,2012-02-29
us-gaap,CashCashEquivalentsAndFederalFundsSold,USD,,2011-12-31,5838000000.0,10-Q,2012-05-08
us-gaap,CashCashEquivalentsAndFederalFundsSold,USD,,2011-12-31,5838000000.0,10-Q,2012-08-09
us-gaap,CashCashEquivalentsAndFederalFundsSold,USD,,2011-12-31,5838000000.0,10-Q,2012-11-08
us-gaap,CashCashEquivalentsAndFederalFundsSold,USD,,2011-12-31,5838000000.0,10-K,2013-02-28
us-gaap,CashCashEquivalentsAndFederalFundsSold,USD,,2011-12-31,5838000000.0,10-Q,2013-05-09
us-gaap,CashCashEquivalentsAndFederalFundsSold,USD,,2011-12-31,5838000000.0,10-Q,2013-08-08
us-gaap,CashCashEquivalentsAndFederalFundsSold,USD,,2011-12-31,5838000000.0,10-Q,2013-11-06
us-gaap,CashCashEquivalentsAndFederalFundsSold,USD,,2011-12-31,5838000000.0,10-K,2014-02-27
us-gaap,CashCashEquivalentsAndFederalFundsSold,USD,,2011-12-31,5838000000.0,10-K,2015-02-24
us-gaap,CashCashEquivalentsAndFederalFundsSold,USD,,2012-03-31,30656000000.0,10-Q,2012-05-08
us-gaap,CashCashEquivalentsAndFederalFundsSold,USD,,2012-03-31,30656000000.0,10-Q,2013-05-09
us-gaap,CashCashEquivalentsAndFederalFundsSold,USD,,2012-06-30,5979000000.0,10-Q,2012-08-09
us-gaap,CashCashEquivalentsAndFederalFundsSold,USD,,2012-06-30,5979000000.0,10-Q,2013-08-08
us-gaap,CashCashEquivalentsAndFederalFundsSold,USD,,2012-09-30,5969000000.0,10-Q,2012-11-08
us-gaap,CashCashEquivalentsAndFederalFundsSold,USD,,2012-09-30,5969000000.0,10-Q,2013-11-06
us-gaap,CashCashEquivalentsAndFederalFundsSold,USD,,2012-12-31,11058000000.0,10-K,2013-02-28
us-gaap,CashCashEquivalentsAndFederalFundsSold,USD,,2012-12-31,11058000000.0,10-Q,2013-05-09
us-gaap,CashCashEquivalentsAndFederalFundsSold,USD,,2012-12-31,11058000000.0,10-Q,2013-08-08
us-gaap,CashCashEquivalentsAndFederalFundsSold,USD,,2012-12-31,11058000000.0,10-Q,2013-11-06
us-gaap,CashCashEquivalentsAndFederalFundsSold,USD,,2012-12-31,11058000000.0,10-K,2014-02-27
us-gaap,CashCashEquivalentsAndFederalFundsSold,USD,,2012-12-31,11058000000.0,10-Q,2014-05-06
us-gaap,CashCashEquivalentsAndFederalFundsSold,USD,,2012-12-31,11058000000.0,10-Q,2014-08-05
us-gaap,CashCashEquivalentsAndFederalFundsSold,USD,,2012-12-31,11058000000.0,10-Q,2014-11-03
us-gaap,CashCashEquivalentsAndFederalFundsSold,USD,,2012-12-31,11058000000.0,10-K,2015-02-24
us-gaap,CashCashEquivalentsAndFederalFundsSold,USD,,2012-12-31,11058000000.0,10-K,2016-02-25
us-gaap,CashCashEquivalentsAndFederalFundsSold,USD,,2013-03-31,6746000000.0,10-Q,2013-05-09
us-gaap,CashCashEquivalentsAndFederalFundsSold,USD,,2013-03-31,6746000000.0,10-Q,2014-05-06
us-gaap,CashCashEquivalentsAndFederalFundsSold,USD,,2013-06-30,4653000000.0,10-Q,2013-08-08
us-gaap,CashCashEquivalentsAndFederalFundsSold,USD,,2013-06-30,4653000000.0,10-Q,2014-08-05
us-gaap,CashCashEquivalentsAndFederalFundsSold,USD,,2013-09-30,5718000000.0,10-Q,2013-11-06
us-gaap,CashCashEquivalentsAndFederalFundsSold,USD,,2013-09-30,5718000000.0,10-Q,2014-11-03
us-gaap,CashCashEquivalentsAndFederalFundsSold,USD,,2013-12-31,6291000000.0,10-K,2014-02-27
us-gaap,CashCashEquivalentsAndFederalFundsSold,USD,,2013-12-31,6291000000.0,10-Q,2014-05-06
us-gaap,CashCashEquivalentsAndFederalFundsSold,USD,,2013-12-31,6291000000.0,10-Q,2014-08-05
us-gaap,CashCashEquivalentsAndFederalFundsSold,USD,,2013-12-31,6291000000.0,10-Q,2014-11-03
us-gaap,CashCashEquivalentsAndFederalFundsSold,USD,,2013-12-31,6291000000.0,10-K,2015-02-24
us-gaap,CashCashEquivalentsAndFederalFundsSold,USD,,2013-12-31,6291000000.0,10-Q,2015-05-05
us-gaap,CashCashEquivalentsAndFederalFundsSold,USD,,2013-12-31,6291000000.0,10-Q,2015-08-03
us-gaap,CashCashEquivalentsAndFederalFundsSold,USD,,2013-12-31,6291000000.0,10-Q,2015-11-02
us-gaap,CashCashEquivalentsAndFederalFundsSold,USD,,2013-12-31,6291000000.0,10-K,2016-02-25
us-gaap,CashCashEquivalentsAndFederalFundsSold,USD,,2013-12-31,6291000000.0,10-K,2017-02-23
us-gaap,CashCashEquivalentsAndFederalFundsSold,USD,,2014-03-31,6182000000.0,10-Q,2014-05-06
us-gaap,CashCashEquivalentsAndFederalFundsSold,USD,,2014-03-31,6182000000.0,10-Q,2015-05-05
us-gaap,CashCashEquivalentsAndFederalFundsSold,USD,,2014-06-30,6732000000.0,10-Q,2014-08-05
us-gaap,CashCashEquivalentsAndFederalFundsSold,USD,,2014-06-30,6732000000.0,10-Q,2015-08-03
us-gaap,CashCashEquivalentsAndFederalFundsSold,USD,,2014-09-30,6148000000.0,10-Q,2014-11-03
us-gaap,CashCashEquivalentsAndFederalFundsSold,USD,,2014-09-30,6148000000.0,10-Q,2015-11-02
us-gaap,CashCashEquivalentsAndFederalFundsSold,USD,,2014-12-31,7242000000.0,10-K,2015-02-24
us-gaap,CashCashEquivalentsAndFederalFundsSold,USD,,2014-12-31,7242000000.0,10-Q,2015-05-05
us-gaap,CashCashEquivalentsAndFederalFundsSold,USD,,2014-12-31,7242000000.0,10-Q,2015-08-03
us-gaap,CashCashEquivalentsAndFederalFundsSold,USD,,2014-12-31,7242000000.0,10-Q,2015-11-02
us-gaap,CashCashEquivalentsAndFederalFundsSold,USD,,2014-12-31,7242000000.0,10-K,2016-02-25
us-gaap,CashCashEquivalentsAndFederalFundsSold,USD,,2014-12-31,7242000000.0,10-Q,2016-05-04
us-gaap,CashCashEquivalentsAndFederalFundsSold,USD,,2014-12-31,7242000000.0,10-Q,2016-08-01
us-gaap,CashCashEquivalentsAndFederalFundsSold,USD,,2014-12-31,7242000000.0,10-Q,2016-11-03
us-gaap,CashCashEquivalentsAndFederalFundsSold,USD,,2014-12-31,7242000000.0,10-K,2017-02-23
us-gaap,CashCashEquivalentsAndFederalFundsSold,USD,,2015-03-31,8891000000.0,10-Q,2015-05-05
us-gaap,CashCashEquivalentsAndFederalFundsSold,USD,,2015-03-31,8891000000.0,10-Q,2016-05-04
us-gaap,CashCashEquivalentsAndFederalFundsSold,USD,,2015-06-30,7156000000.0,10-Q,2015-08-03
us-gaap,CashCashEquivalentsAndFederalFundsSold,USD,,2015-06-30,7156000000.0,10-Q,2016-08-01
us-gaap,CashCashEquivalentsAndFederalFundsSold,USD,,2015-09-30,6837000000.0,10-Q,2015-11-02
us-gaap,CashCashEquivalentsAndFederalFundsSold,USD,,2015-09-30,6837000000.0,10-Q,2016-11-03
us-gaap,CashCashEquivalentsAndFederalFundsSold,USD,,2015-12-31,8023000000.0,10-K,2016-02-25
us-gaap,CashCashEquivalentsAndFederalFundsSold,USD,,2015-12-31,8023000000.0,10-Q,2016-05-04
us-gaap,CashCashEquivalentsAndFederalFundsSold,USD,,2015-12-31,8023000000.0,10-Q,2016-08-01
us-gaap,CashCashEquivalentsAndFederalFundsSold,USD,,2015-12-31,8023000000.0,10-Q,2016-11-03
us-gaap,CashCashEquivalentsAndFederalFundsSold,USD,,2015-12-31,8023000000.0,10-K,2017-02-23
us-gaap,CashCashEquivalentsAndFederalFundsSold,USD,,2016-03-31,5235000000.0,10-Q,2016-05-04
us-gaap,CashCashEquivalentsAndFederalFundsSold,USD,,2016-06-30,7149000000.0,10-Q,2016-08-01
us-gaap,CashCashEquivalentsAndFederalFundsSold,USD,,2016-09-30,9094000000.0,10-Q,2016-11-03
us-gaap,CashCashEquivalentsAndFederalFundsSold,USD,,2016-12-31,9976000000.0,10-K,2017-02-23
us-gaap,CashCashEquivalentsAndFederalFundsSold,USD,,2016-12-31,9976000000.0,10-Q,2017-05-03
us-gaap,CashCashEquivalentsAndFederalFundsSold,USD,,2016-12-31,9976000000.0,10-Q,2017-07-28
us-gaap,CashCashEquivalentsAndFederalFundsSold,USD,,2016-12-31,9976000000.0,10-Q,2017-11-01
us-gaap,CashCashEquivalentsAndFederalFundsSold,USD,,2016-12-31,9976000000.0,10-K,2018-02-21
us-gaap,CashCashEquivalentsAndFederalFundsSold,USD,,2017-03-31,9315000000.0,10-Q,2017-05-03
us-gaap,CashCashEquivalentsAndFederalFundsSold,USD,,2017-06-30,6715000000.0,10-Q,2017-07-28
us-gaap,CashCashEquivalentsAndFederalFundsSold,USD,,2017-09-30,8484000000.0,10-Q,2017-11-01
us-gaap,CashCashEquivalentsAndFederalFundsSold,USD,,2017-12-31,14040000000.0,10-K,2018-02-21
us-gaap,CashCashEquivalentsAndFederalFundsSold,USD,,2017-12-31,14040000000.0,10-Q,2018-05-02
us-gaap,CashCashEquivalentsAndFederalFundsSold,USD,,2017-12-31,14040000000.0,10-Q,2018-07-27
us-gaap,CashCashEquivalentsAndFederalFundsSold,USD,,2017-12-31,14040000000.0,10-Q,2018-11-01
us-gaap,CashCashEquivalentsAndFederalFundsSold,USD,,2017-12-31,14040000000.0,10-K,2019-02-20
us-gaap,CashCashEquivalentsAndFederalFundsSold,USD,,2018-03-31,14008000000.0,10-Q,2018-05-02
us-gaap,CashCashEquivalentsAndFederalFundsSold,USD,,2018-06-30,12273000000.0,10-Q,2018-07-27
us-gaap,CashCashEquivalentsAndFederalFundsSold,USD,,2018-09-30,10882000000.0,10-Q,2018-11-01
us-gaap,CashCashEquivalentsAndFederalFundsSold,USD,,2018-12-31,13186000000.0,10-K,2019-02-20
us-gaap,CashCashEquivalentsAndFederalFundsSold,USD,,2018-12-31,13186000000.0,10-Q,2019-05-01
us-gaap,CashCashEquivalentsAndFederalFundsSold,USD,,2018-12-31,13186000000.0,10-Q,2019-07-31
us-gaap,CashCashEquivalentsAndFederalFundsSold,USD,,2018-12-31,13186000000.0,10-Q,2019-10-31
us-gaap,CashCashEquivalentsAndFederalFundsSold,USD,,2018-12-31,13186000000.0,10-K,2020-02-20
us-gaap,CashCashEquivalentsAndFederalFundsSold,USD,,2019-03-31,17469000000.0,10-Q,2019-05-01
us-gaap,CashCashEquivalentsAndFederalFundsSold,USD,,2019-06-30,15111000000.0,10-Q,2019-07-31
us-gaap,CashCashEquivalentsAndFederalFundsSold,USD,,2019-09-30,17120000000.0,10-Q,2019-10-31
us-gaap,CashCashEquivalentsAndFederalFundsSold,USD,,2019-12-31,13407000000.0,10-K,2020-02-20
us-gaap,CashCashEquivalentsAndFederalFundsSold,USD,,2019-12-31,13407000000.0,10-Q,2020-05-01
us-gaap,CashCashEquivalentsAndFederalFundsSold,USD,,2019-12-31,13407000000.0,10-Q,2020-08-06
us-gaap,CashCashEquivalentsAndFederalFundsSold,USD,,2019-12-31,13407000000.0,10-Q,2020-11-02
us-gaap,CashCashEquivalentsAndFederalFundsSold,USD,,2019-12-31,13407000000.0,10-K,2021-02-25
us-gaap,CashCashEquivalentsAndFederalFundsSold,USD,,2020-03-31,24936000000.0,10-Q,2020-05-01
us-gaap,CashCashEquivalentsAndFederalFundsSold,USD,,2020-06-30,55818000000.0,10-Q,2020-08-06
us-gaap,CashCashEquivalentsAndFederalFundsSold,USD,,2020-09-30,44106000000.0,10-Q,2020-11-02
us-gaap,CashCashEquivalentsAndFederalFundsSold,USD,,2020-12-31,40509000000.0,10-K,2021-02-25
us-gaap,CashCashEquivalentsAndFederalFundsSold,USD,,2020-12-31,40509000000.0,10-Q,2021-05-07
us-gaap,CashCashEquivalentsAndFederalFundsSold,USD,,2020-12-31,40509000000.0,10-Q,2021-07-30
us-gaap,CashCashEquivalentsAndFederalFundsSold,USD,,2020-12-31,40509000000.0,10-Q,2021-11-05
us-gaap,CashCashEquivalentsAndFederalFundsSold,USD,,2020-12-31,40509000000.0,10-K,2022-02-25
us-gaap,CashCashEquivalentsAndFederalFundsSold,USD,,2021-03-31,50495000000.0,10-Q,2021-05-07
us-gaap,CashCashEquivalentsAndFederalFundsSold,USD,,2021-06-30,34846000000.0,10-Q,2021-07-30
us-gaap,CashCashEquivalentsAndFederalFundsSold,USD,,2021-09-30,26624000000.0,10-Q,2021-11-05
us-gaap,CashCashEquivalentsAndFederalFundsSold,USD,,2021-12-31,21746000000.0,10-K,2022-02-25
us-gaap,CashCashEquivalentsAndFederalFundsSold,USD,,2021-12-31,21746000000.0,10-Q,2022-05-10
us-gaap,CashCashEquivalentsAndFederalFundsSold,USD,,2021-12-31,21746000000.0,10-Q,2022-07-29
us-gaap,CashCashEquivalentsAndFederalFundsSold,USD,,2021-12-31,21746000000.0,10-Q,2022-11-04
us-gaap,CashCashEquivalentsAndFederalFundsSold,USD,,2021-12-31,21746000000.0,10-K,2023-02-24
us-gaap,CashCashEquivalentsAndFederalFundsSold,USD,,2022-03-31,26804000000.0,10-Q,2022-05-10
us-gaap,CashCashEquivalentsAndFederalFundsSold,USD,,2022-06-30,21553000000.0,10-Q,2022-07-29
us-gaap,CashCashEquivalentsAndFederalFundsSold,USD,,2022-09-30,24892000000.0,10-Q,2022-11-04
us-gaap,CashCashEquivalentsAndFederalFundsSold,USD,,2022-12-31,30856000000.0,10-K,2023-02-24
us-gaap,CashCashEquivalentsAndFederalFundsSold,USD,,2022-12-31,30856000000.0,10-Q,2023-05-05
us-gaap,CashCashEquivalentsAndFederalFundsSold,USD,,2022-12-31,30856000000.0,10-Q,2023-07-27
us-gaap,CashCashEquivalentsAndFederalFundsSold,USD,,2022-12-31,30856000000.0,10-Q,2023-11-02
us-gaap,CashCashEquivalentsAndFederalFundsSold,USD,,2022-12-31,30856000000.0,10-K,2024-02-23
us-gaap,CashCashEquivalentsAndFederalFundsSold,USD,,2023-03-31,46513000000.0,10-Q,2023-05-05
us-gaap,CashCashEquivalentsAndFederalFundsSold,USD,,2023-06-30,41596000000.0,10-Q,2023-07-27
us-gaap,CashCashEquivalentsAndFederalFundsSold,USD,,2023-09-30,44869000000.0,10-Q,2023-11-02
us-gaap,CashCashEquivalentsAndFederalFundsSold,USD,,2023-12-31,43297000000.0,10-K,2024-02-23
us-gaap,CashCashEquivalentsAndFederalFundsSold,USD,,2023-12-31,43297000000.0,10-Q,2024-05-02
us-gaap,CashCashEquivalentsAndFederalFundsSold,USD,,2023-12-31,43297000000.0,10-Q,2024-08-01
us-gaap,CashCashEquivalentsAndFederalFundsSold,USD,,2023-12-31,43297000000.0,10-Q,2024-10-31
us-gaap,CashCashEquivalentsAndFederalFundsSold,USD,,2023-12-31,43297000000.0,10-K,2025-02-20
us-gaap,CashCashEquivalentsAndFederalFundsSold,USD,,2024-03-31,51028000000.0,10-Q,2024-05-02
us-gaap,CashCashEquivalentsAndFederalFundsSold,USD,,2024-06-30,45414000000.0,10-Q,2024-08-01
us-gaap,CashCashEquivalentsAndFederalFundsSold,USD,,2024-09-30,49298000000.0,10-Q,2024-10-31
us-gaap,CashCashEquivalentsAndFederalFundsSold,USD,,2024-12-31,43230000000.0,10-K,2025-02-20
us-gaap,CashCashEquivalentsAndFederalFundsSold,USD,,2024-12-31,43230000000.0,10-Q,2025-05-07
us-gaap,CashCashEquivalentsAndFederalFundsSold,USD,,2024-12-31,43230000000.0,10-Q,2025-07-31
us-gaap,CashCashEquivalentsAndFederalFundsSold,USD,,2024-12-31,43230000000.0,10-Q,2025-11-03
us-gaap,CashCashEquivalentsAndFederalFundsSold,USD,,2024-12-31,43230000000.0,10-K,2026-02-19
us-gaap,CashCashEquivalentsAndFederalFundsSold,USD,,2025-03-31,48573000000.0,10-Q,2025-05-07
us-gaap,CashCashEquivalentsAndFederalFundsSold,USD,,2025-06-30,59109000000.0,10-Q,2025-07-31
us-gaap,CashCashEquivalentsAndFederalFundsSold,USD,,2025-09-30,55279000000.0,10-Q,2025-11-03
us-gaap,CashCashEquivalentsAndFederalFundsSold,USD,,2025-12-31,57434000000.0,10-K,2026-02-19
us-gaap,CashCashEquivalentsAndFederalFundsSold,USD,,2025-12-31,57434000000.0,10-Q,2026-05-07
us-gaap,CashCashEquivalentsAndFederalFundsSold,USD,,2025-12-31,57434000000.0,10-Q,2026-07-28
us-gaap,CashCashEquivalentsAndFederalFundsSold,USD,,2026-03-31,76494000000.0,10-Q,2026-05-07
us-gaap,CashCashEquivalentsAndFederalFundsSold,USD,,2026-06-30,54714000000.0,10-Q,2026-07-28
us-gaap,CashCashEquivalentsRestrictedCashAndRestrictedCashEquivalents,USD,,2014-12-31,7476000000.0,10-K,2018-02-21
us-gaap,CashCashEquivalentsRestrictedCashAndRestrictedCashEquivalents,USD,,2015-12-31,9040000000.0,10-Q,2017-11-01
us-gaap,CashCashEquivalentsRestrictedCashAndRestrictedCashEquivalents,USD,,2015-12-31,9040000000.0,10-K,2018-02-21
us-gaap,CashCashEquivalentsRestrictedCashAndRestrictedCashEquivalents,USD,,2015-12-31,9040000000.0,10-K,2019-02-20
us-gaap,CashCashEquivalentsRestrictedCashAndRestrictedCashEquivalents,USD,,2016-09-30,9381000000.0,10-Q,2017-11-01
us-gaap,CashCashEquivalentsRestrictedCashAndRestrictedCashEquivalents,USD,,2016-12-31,12493000000.0,10-Q,2017-11-01
us-gaap,CashCashEquivalentsRestrictedCashAndRestrictedCashEquivalents,USD,,2016-12-31,12493000000.0,10-K,2018-02-21
us-gaap,CashCashEquivalentsRestrictedCashAndRestrictedCashEquivalents,USD,,2016-12-31,12493000000.0,10-Q,2018-05-02
us-gaap,CashCashEquivalentsRestrictedCashAndRestrictedCashEquivalents,USD,,2016-12-31,12493000000.0,10-Q,2018-07-27
us-gaap,CashCashEquivalentsRestrictedCashAndRestrictedCashEquivalents,USD,,2016-12-31,12493000000.0,10-Q,2018-11-01
us-gaap,CashCashEquivalentsRestrictedCashAndRestrictedCashEquivalents,USD,,2016-12-31,12493000000.0,10-K,2019-02-20
us-gaap,CashCashEquivalentsRestrictedCashAndRestrictedCashEquivalents,USD,,2016-12-31,12493000000.0,10-K,2020-02-20
us-gaap,CashCashEquivalentsRestrictedCashAndRestrictedCashEquivalents,USD,,2017-03-31,9801000000.0,10-Q,2018-05-02
us-gaap,CashCashEquivalentsRestrictedCashAndRestrictedCashEquivalents,USD,,2017-06-30,7015000000.0,10-Q,2018-07-27
us-gaap,CashCashEquivalentsRestrictedCashAndRestrictedCashEquivalents,USD,,2017-09-30,8788000000.0,10-Q,2017-11-01
us-gaap,CashCashEquivalentsRestrictedCashAndRestrictedCashEquivalents,USD,,2017-09-30,8788000000.0,10-Q,2018-11-01
us-gaap,CashCashEquivalentsRestrictedCashAndRestrictedCashEquivalents,USD,,2017-12-31,14352000000.0,10-K,2018-02-21
us-gaap,CashCashEquivalentsRestrictedCashAndRestrictedCashEquivalents,USD,,2017-12-31,14352000000.0,10-Q,2018-05-02
us-gaap,CashCashEquivalentsRestrictedCashAndRestrictedCashEquivalents,USD,,2017-12-31,14352000000.0,10-Q,2018-07-27
us-gaap,CashCashEquivalentsRestrictedCashAndRestrictedCashEquivalents,USD,,2017-12-31,14352000000.0,10-Q,2018-11-01
us-gaap,CashCashEquivalentsRestrictedCashAndRestrictedCashEquivalents,USD,,2017-12-31,14352000000.0,10-K,2019-02-20
us-gaap,CashCashEquivalentsRestrictedCashAndRestrictedCashEquivalents,USD,,2017-12-31,14352000000.0,10-Q,2019-05-01
us-gaap,CashCashEquivalentsRestrictedCashAndRestrictedCashEquivalents,USD,,2017-12-31,14352000000.0,10-Q,2019-07-31
us-gaap,CashCashEquivalentsRestrictedCashAndRestrictedCashEquivalents,USD,,2017-12-31,14352000000.0,10-Q,2019-10-31
us-gaap,CashCashEquivalentsRestrictedCashAndRestrictedCashEquivalents,USD,,2017-12-31,14352000000.0,10-K,2020-02-20
us-gaap,CashCashEquivalentsRestrictedCashAndRestrictedCashEquivalents,USD,,2017-12-31,14352000000.0,10-K,2021-02-25
us-gaap,CashCashEquivalentsRestrictedCashAndRestrictedCashEquivalents,USD,,2018-03-31,14317000000.0,10-Q,2018-05-02
us-gaap,CashCashEquivalentsRestrictedCashAndRestrictedCashEquivalents,USD,,2018-03-31,14317000000.0,10-Q,2019-05-01
us-gaap,CashCashEquivalentsRestrictedCashAndRestrictedCashEquivalents,USD,,2018-06-30,13296000000.0,10-Q,2018-07-27
us-gaap,CashCashEquivalentsRestrictedCashAndRestrictedCashEquivalents,USD,,2018-06-30,13296000000.0,10-Q,2019-07-31
us-gaap,CashCashEquivalentsRestrictedCashAndRestrictedCashEquivalents,USD,,2018-09-30,11628000000.0,10-Q,2018-11-01
us-gaap,CashCashEquivalentsRestrictedCashAndRestrictedCashEquivalents,USD,,2018-09-30,11628000000.0,10-Q,2019-10-31
us-gaap,CashCashEquivalentsRestrictedCashAndRestrictedCashEquivalents,USD,,2018-12-31,13489000000.0,10-K,2019-02-20
us-gaap,CashCashEquivalentsRestrictedCashAndRestrictedCashEquivalents,USD,,2018-12-31,13489000000.0,10-Q,2019-05-01
us-gaap,CashCashEquivalentsRestrictedCashAndRestrictedCashEquivalents,USD,,2018-12-31,13489000000.0,10-Q,2019-07-31
us-gaap,CashCashEquivalentsRestrictedCashAndRestrictedCashEquivalents,USD,,2018-12-31,13489000000.0,10-Q,2019-10-31
us-gaap,CashCashEquivalentsRestrictedCashAndRestrictedCashEquivalents,USD,,2018-12-31,13489000000.0,10-K,2020-02-20
us-gaap,CashCashEquivalentsRestrictedCashAndRestrictedCashEquivalents,USD,,2018-12-31,13489000000.0,10-Q,2020-05-01
us-gaap,CashCashEquivalentsRestrictedCashAndRestrictedCashEquivalents,USD,,2018-12-31,13489000000.0,10-Q,2020-08-06
us-gaap,CashCashEquivalentsRestrictedCashAndRestrictedCashEquivalents,USD,,2018-12-31,13489000000.0,10-Q,2020-11-02
us-gaap,CashCashEquivalentsRestrictedCashAndRestrictedCashEquivalents,USD,,2018-12-31,13489000000.0,10-K,2021-02-25
us-gaap,CashCashEquivalentsRestrictedCashAndRestrictedCashEquivalents,USD,,2018-12-31,13489000000.0,10-K,2022-02-25
us-gaap,CashCashEquivalentsRestrictedCashAndRestrictedCashEquivalents,USD,,2019-03-31,19438000000.0,10-Q,2019-05-01
us-gaap,CashCashEquivalentsRestrictedCashAndRestrictedCashEquivalents,USD,,2019-03-31,19438000000.0,10-Q,2020-05-01
us-gaap,CashCashEquivalentsRestrictedCashAndRestrictedCashEquivalents,USD,,2019-06-30,15821000000.0,10-Q,2019-07-31
us-gaap,CashCashEquivalentsRestrictedCashAndRestrictedCashEquivalents,USD,,2019-06-30,15821000000.0,10-Q,2020-08-06
us-gaap,CashCashEquivalentsRestrictedCashAndRestrictedCashEquivalents,USD,,2019-09-30,17537000000.0,10-Q,2019-10-31
us-gaap,CashCashEquivalentsRestrictedCashAndRestrictedCashEquivalents,USD,,2019-09-30,17537000000.0,10-Q,2020-11-02
us-gaap,CashCashEquivalentsRestrictedCashAndRestrictedCashEquivalents,USD,,2019-12-31,13749000000.0,10-K,2020-02-20
us-gaap,CashCashEquivalentsRestrictedCashAndRestrictedCashEquivalents,USD,,2019-12-31,13749000000.0,10-Q,2020-05-01
us-gaap,CashCashEquivalentsRestrictedCashAndRestrictedCashEquivalents,USD,,2019-12-31,13749000000.0,10-Q,2020-08-06
us-gaap,CashCashEquivalentsRestrictedCashAndRestrictedCashEquivalents,USD,,2019-12-31,13749000000.0,10-Q,2020-11-02
us-gaap,CashCashEquivalentsRestrictedCashAndRestrictedCashEquivalents,USD,,2019-12-31,13749000000.0,10-K,2021-02-25
us-gaap,CashCashEquivalentsRestrictedCashAndRestrictedCashEquivalents,USD,,2019-12-31,13749000000.0,10-Q,2021-05-07
us-gaap,CashCashEquivalentsRestrictedCashAndRestrictedCashEquivalents,USD,,2019-12-31,13749000000.0,10-Q,2021-07-30
us-gaap,CashCashEquivalentsRestrictedCashAndRestrictedCashEquivalents,USD,,2019-12-31,13749000000.0,10-Q,2021-11-05
us-gaap,CashCashEquivalentsRestrictedCashAndRestrictedCashEquivalents,USD,,2019-12-31,13749000000.0,10-K,2022-02-25
us-gaap,CashCashEquivalentsRestrictedCashAndRestrictedCashEquivalents,USD,,2019-12-31,13749000000.0,10-K,2023-02-24
us-gaap,CashCashEquivalentsRestrictedCashAndRestrictedCashEquivalents,USD,,2020-03-31,25300000000.0,10-Q,2020-05-01
us-gaap,CashCashEquivalentsRestrictedCashAndRestrictedCashEquivalents,USD,,2020-03-31,25300000000.0,10-Q,2021-05-07
us-gaap,CashCashEquivalentsRestrictedCashAndRestrictedCashEquivalents,USD,,2020-06-30,56558000000.0,10-Q,2020-08-06
us-gaap,CashCashEquivalentsRestrictedCashAndRestrictedCashEquivalents,USD,,2020-06-30,56558000000.0,10-Q,2021-07-30
us-gaap,CashCashEquivalentsRestrictedCashAndRestrictedCashEquivalents,USD,,2020-09-30,45001000000.0,10-Q,2020-11-02
us-gaap,CashCashEquivalentsRestrictedCashAndRestrictedCashEquivalents,USD,,2020-09-30,45001000000.0,10-Q,2021-11-05
us-gaap,CashCashEquivalentsRestrictedCashAndRestrictedCashEquivalents,USD,,2020-12-31,40771000000.0,10-K,2021-02-25
us-gaap,CashCashEquivalentsRestrictedCashAndRestrictedCashEquivalents,USD,,2020-12-31,40771000000.0,10-Q,2021-05-07
us-gaap,CashCashEquivalentsRestrictedCashAndRestrictedCashEquivalents,USD,,2020-12-31,40771000000.0,10-Q,2021-07-30
us-gaap,CashCashEquivalentsRestrictedCashAndRestrictedCashEquivalents,USD,,2020-12-31,40771000000.0,10-Q,2021-11-05
us-gaap,CashCashEquivalentsRestrictedCashAndRestrictedCashEquivalents,USD,,2020-12-31,40771000000.0,10-K,2022-02-25
us-gaap,CashCashEquivalentsRestrictedCashAndRestrictedCashEquivalents,USD,,2020-12-31,40771000000.0,10-Q,2022-05-10
us-gaap,CashCashEquivalentsRestrictedCashAndRestrictedCashEquivalents,USD,,2020-12-31,40771000000.0,10-Q,2022-07-29
us-gaap,CashCashEquivalentsRestrictedCashAndRestrictedCashEquivalents,USD,,2020-12-31,40771000000.0,10-Q,2022-11-04
us-gaap,CashCashEquivalentsRestrictedCashAndRestrictedCashEquivalents,USD,,2020-12-31,40771000000.0,10-K,2023-02-24
us-gaap,CashCashEquivalentsRestrictedCashAndRestrictedCashEquivalents,USD,,2020-12-31,40771000000.0,10-K,2024-02-23
us-gaap,CashCashEquivalentsRestrictedCashAndRestrictedCashEquivalents,USD,,2021-03-31,52274000000.0,10-Q,2021-05-07
us-gaap,CashCashEquivalentsRestrictedCashAndRestrictedCashEquivalents,USD,,2021-03-31,52274000000.0,10-Q,2022-05-10
us-gaap,CashCashEquivalentsRestrictedCashAndRestrictedCashEquivalents,USD,,2021-06-30,35088000000.0,10-Q,2021-07-30
us-gaap,CashCashEquivalentsRestrictedCashAndRestrictedCashEquivalents,USD,,2021-06-30,35088000000.0,10-Q,2022-07-29
us-gaap,CashCashEquivalentsRestrictedCashAndRestrictedCashEquivalents,USD,,2021-09-30,26858000000.0,10-Q,2021-11-05
us-gaap,CashCashEquivalentsRestrictedCashAndRestrictedCashEquivalents,USD,,2021-09-30,26858000000.0,10-Q,2022-11-04
us-gaap,CashCashEquivalentsRestrictedCashAndRestrictedCashEquivalents,USD,,2021-12-31,22054000000.0,10-K,2022-02-25
us-gaap,CashCashEquivalentsRestrictedCashAndRestrictedCashEquivalents,USD,,2021-12-31,22054000000.0,10-Q,2022-05-10
us-gaap,CashCashEquivalentsRestrictedCashAndRestrictedCashEquivalents,USD,,2021-12-31,22054000000.0,10-Q,2022-07-29
us-gaap,CashCashEquivalentsRestrictedCashAndRestrictedCashEquivalents,USD,,2021-12-31,22054000000.0,10-Q,2022-11-04
us-gaap,CashCashEquivalentsRestrictedCashAndRestrictedCashEquivalents,USD,,2021-12-31,22054000000.0,10-K,2023-02-24
us-gaap,CashCashEquivalentsRestrictedCashAndRestrictedCashEquivalents,USD,,2021-12-31,22054000000.0,10-Q,2023-05-05
us-gaap,CashCashEquivalentsRestrictedCashAndRestrictedCashEquivalents,USD,,2021-12-31,22054000000.0,10-Q,2023-07-27
us-gaap,CashCashEquivalentsRestrictedCashAndRestrictedCashEquivalents,USD,,2021-12-31,22054000000.0,10-Q,2023-11-02
us-gaap,CashCashEquivalentsRestrictedCashAndRestrictedCashEquivalents,USD,,2021-12-31,22054000000.0,10-K,2024-02-23
us-gaap,CashCashEquivalentsRestrictedCashAndRestrictedCashEquivalents,USD,,2021-12-31,22054000000.0,10-K,2025-02-20
us-gaap,CashCashEquivalentsRestrictedCashAndRestrictedCashEquivalents,USD,,2022-03-31,27085000000.0,10-Q,2022-05-10
us-gaap,CashCashEquivalentsRestrictedCashAndRestrictedCashEquivalents,USD,,2022-03-31,27085000000.0,10-Q,2023-05-05
us-gaap,CashCashEquivalentsRestrictedCashAndRestrictedCashEquivalents,USD,,2022-06-30,22250000000.0,10-Q,2022-07-29
us-gaap,CashCashEquivalentsRestrictedCashAndRestrictedCashEquivalents,USD,,2022-06-30,22250000000.0,10-Q,2023-07-27
us-gaap,CashCashEquivalentsRestrictedCashAndRestrictedCashEquivalents,USD,,2022-09-30,25291000000.0,10-Q,2022-11-04
us-gaap,CashCashEquivalentsRestrictedCashAndRestrictedCashEquivalents,USD,,2022-09-30,25291000000.0,10-Q,2023-11-02
us-gaap,CashCashEquivalentsRestrictedCashAndRestrictedCashEquivalents,USD,,2022-12-31,31256000000.0,10-K,2023-02-24
us-gaap,CashCashEquivalentsRestrictedCashAndRestrictedCashEquivalents,USD,,2022-12-31,31256000000.0,10-Q,2023-05-05
us-gaap,CashCashEquivalentsRestrictedCashAndRestrictedCashEquivalents,USD,,2022-12-31,31256000000.0,10-Q,2023-07-27
us-gaap,CashCashEquivalentsRestrictedCashAndRestrictedCashEquivalents,USD,,2022-12-31,31256000000.0,10-Q,2023-11-02
us-gaap,CashCashEquivalentsRestrictedCashAndRestrictedCashEquivalents,USD,,2022-12-31,31256000000.0,10-K,2024-02-23
us-gaap,CashCashEquivalentsRestrictedCashAndRestrictedCashEquivalents,USD,,2022-12-31,31256000000.0,10-Q,2024-05-02
us-gaap,CashCashEquivalentsRestrictedCashAndRestrictedCashEquivalents,USD,,2022-12-31,31256000000.0,10-Q,2024-08-01
us-gaap,CashCashEquivalentsRestrictedCashAndRestrictedCashEquivalents,USD,,2022-12-31,31256000000.0,10-Q,2024-10-31
us-gaap,CashCashEquivalentsRestrictedCashAndRestrictedCashEquivalents,USD,,2022-12-31,31256000000.0,10-K,2025-02-20
us-gaap,CashCashEquivalentsRestrictedCashAndRestrictedCashEquivalents,USD,,2022-12-31,31256000000.0,10-K,2026-02-19
us-gaap,CashCashEquivalentsRestrictedCashAndRestrictedCashEquivalents,USD,,2023-03-31,46973000000.0,10-Q,2023-05-05
us-gaap,CashCashEquivalentsRestrictedCashAndRestrictedCashEquivalents,USD,,2023-03-31,46973000000.0,10-Q,2024-05-02
us-gaap,CashCashEquivalentsRestrictedCashAndRestrictedCashEquivalents,USD,,2023-06-30,42048000000.0,10-Q,2023-07-27
us-gaap,CashCashEquivalentsRestrictedCashAndRestrictedCashEquivalents,USD,,2023-06-30,42048000000.0,10-Q,2024-08-01
us-gaap,CashCashEquivalentsRestrictedCashAndRestrictedCashEquivalents,USD,,2023-09-30,45304000000.0,10-Q,2023-11-02
us-gaap,CashCashEquivalentsRestrictedCashAndRestrictedCashEquivalents,USD,,2023-09-30,45304000000.0,10-Q,2024-10-31
us-gaap,CashCashEquivalentsRestrictedCashAndRestrictedCashEquivalents,USD,,2023-12-31,43755000000.0,10-K,2024-02-23
us-gaap,CashCashEquivalentsRestrictedCashAndRestrictedCashEquivalents,USD,,2023-12-31,43755000000.0,10-Q,2024-05-02
us-gaap,CashCashEquivalentsRestrictedCashAndRestrictedCashEquivalents,USD,,2023-12-31,43755000000.0,10-Q,2024-08-01
us-gaap,CashCashEquivalentsRestrictedCashAndRestrictedCashEquivalents,USD,,2023-12-31,43755000000.0,10-Q,2024-10-31
us-gaap,CashCashEquivalentsRestrictedCashAndRestrictedCashEquivalents,USD,,2023-12-31,43755000000.0,10-K,2025-02-20
us-gaap,CashCashEquivalentsRestrictedCashAndRestrictedCashEquivalents,USD,,2023-12-31,43755000000.0,10-Q,2025-05-07
us-gaap,CashCashEquivalentsRestrictedCashAndRestrictedCashEquivalents,USD,,2023-12-31,43755000000.0,10-Q,2025-07-31
us-gaap,CashCashEquivalentsRestrictedCashAndRestrictedCashEquivalents,USD,,2023-12-31,43755000000.0,10-Q,2025-11-03
us-gaap,CashCashEquivalentsRestrictedCashAndRestrictedCashEquivalents,USD,,2023-12-31,43755000000.0,10-K,2026-02-19
us-gaap,CashCashEquivalentsRestrictedCashAndRestrictedCashEquivalents,USD,,2024-03-31,51502000000.0,10-Q,2024-05-02
us-gaap,CashCashEquivalentsRestrictedCashAndRestrictedCashEquivalents,USD,,2024-03-31,51502000000.0,10-Q,2025-05-07
us-gaap,CashCashEquivalentsRestrictedCashAndRestrictedCashEquivalents,USD,,2024-06-30,47829000000.0,10-Q,2024-08-01
us-gaap,CashCashEquivalentsRestrictedCashAndRestrictedCashEquivalents,USD,,2024-06-30,47829000000.0,10-Q,2025-07-31
us-gaap,CashCashEquivalentsRestrictedCashAndRestrictedCashEquivalents,USD,,2024-09-30,49719000000.0,10-Q,2024-10-31
us-gaap,CashCashEquivalentsRestrictedCashAndRestrictedCashEquivalents,USD,,2024-09-30,49719000000.0,10-Q,2025-11-03
us-gaap,CashCashEquivalentsRestrictedCashAndRestrictedCashEquivalents,USD,,2024-12-31,43671000000.0,10-K,2025-02-20
us-gaap,CashCashEquivalentsRestrictedCashAndRestrictedCashEquivalents,USD,,2024-12-31,43671000000.0,10-Q,2025-05-07
us-gaap,CashCashEquivalentsRestrictedCashAndRestrictedCashEquivalents,USD,,2024-12-31,43671000000.0,10-Q,2025-07-31
us-gaap,CashCashEquivalentsRestrictedCashAndRestrictedCashEquivalents,USD,,2024-12-31,43671000000.0,10-Q,2025-11-03
us-gaap,CashCashEquivalentsRestrictedCashAndRestrictedCashEquivalents,USD,,2024-12-31,43671000000.0,10-K,2026-02-19
us-gaap,CashCashEquivalentsRestrictedCashAndRestrictedCashEquivalents,USD,,2024-12-31,43671000000.0,10-Q,2026-05-07
us-gaap,CashCashEquivalentsRestrictedCashAndRestrictedCashEquivalents,USD,,2024-12-31,43671000000.0,10-Q,2026-07-28
us-gaap,CashCashEquivalentsRestrictedCashAndRestrictedCashEquivalents,USD,,2025-03-31,48965000000.0,10-Q,2025-05-07
us-gaap,CashCashEquivalentsRestrictedCashAndRestrictedCashEquivalents,USD,,2025-03-31,48965000000.0,10-Q,2026-05-07
us-gaap,CashCashEquivalentsRestrictedCashAndRestrictedCashEquivalents,USD,,2025-06-30,61578000000.0,10-Q,2025-07-31
us-gaap,CashCashEquivalentsRestrictedCashAndRestrictedCashEquivalents,USD,,2025-06-30,61578000000.0,10-Q,2026-07-28
us-gaap,CashCashEquivalentsRestrictedCashAndRestrictedCashEquivalents,USD,,2025-09-30,58527000000.0,10-Q,2025-11-03
us-gaap,CashCashEquivalentsRestrictedCashAndRestrictedCashEquivalents,USD,,2025-12-31,62093000000.0,10-K,2026-02-19
us-gaap,CashCashEquivalentsRestrictedCashAndRestrictedCashEquivalents,USD,,2025-12-31,62093000000.0,10-Q,2026-05-07
us-gaap,CashCashEquivalentsRestrictedCashAndRestrictedCashEquivalents,USD,,2025-12-31,62093000000.0,10-Q,2026-07-28
us-gaap,CashCashEquivalentsRestrictedCashAndRestrictedCashEquivalents,USD,,2026-03-31,79256000000.0,10-Q,2026-05-07
us-gaap,CashCashEquivalentsRestrictedCashAndRestrictedCashEquivalents,USD,,2026-06-30,55881000000.0,10-Q,2026-07-28
us-gaap,CashCashEquivalentsRestrictedCashAndRestrictedCashEquivalentsPeriodIncreaseDecreaseIncludingExchangeRateEffect,USD,2015-01-01,2015-12-31,1564000000.0,10-K,2018-02-21
us-gaap,CashCashEquivalentsRestrictedCashAndRestrictedCashEquivalentsPeriodIncreaseDecreaseIncludingExchangeRateEffect,USD,2016-01-01,2016-09-30,341000000.0,10-Q,2017-11-01
us-gaap,CashCashEquivalentsRestrictedCashAndRestrictedCashEquivalentsPeriodIncreaseDecreaseIncludingExchangeRateEffect,USD,2016-01-01,2016-12-31,3453000000.0,10-K,2018-02-21
us-gaap,CashCashEquivalentsRestrictedCashAndRestrictedCashEquivalentsPeriodIncreaseDecreaseIncludingExchangeRateEffect,USD,2016-01-01,2016-12-31,3453000000.0,10-K,2019-02-20
us-gaap,CashCashEquivalentsRestrictedCashAndRestrictedCashEquivalentsPeriodIncreaseDecreaseIncludingExchangeRateEffect,USD,2017-01-01,2017-03-31,-2692000000.0,10-Q,2018-05-02
us-gaap,CashCashEquivalentsRestrictedCashAndRestrictedCashEquivalentsPeriodIncreaseDecreaseIncludingExchangeRateEffect,USD,2017-01-01,2017-06-30,-5478000000.0,10-Q,2018-07-27
us-gaap,CashCashEquivalentsRestrictedCashAndRestrictedCashEquivalentsPeriodIncreaseDecreaseIncludingExchangeRateEffect,USD,2017-01-01,2017-09-30,-3705000000.0,10-Q,2017-11-01
us-gaap,CashCashEquivalentsRestrictedCashAndRestrictedCashEquivalentsPeriodIncreaseDecreaseIncludingExchangeRateEffect,USD,2017-01-01,2017-09-30,-3705000000.0,10-Q,2018-11-01
us-gaap,CashCashEquivalentsRestrictedCashAndRestrictedCashEquivalentsPeriodIncreaseDecreaseIncludingExchangeRateEffect,USD,2017-01-01,2017-12-31,1859000000.0,10-K,2018-02-21
us-gaap,CashCashEquivalentsRestrictedCashAndRestrictedCashEquivalentsPeriodIncreaseDecreaseIncludingExchangeRateEffect,USD,2017-01-01,2017-12-31,1859000000.0,10-K,2019-02-20
us-gaap,CashCashEquivalentsRestrictedCashAndRestrictedCashEquivalentsPeriodIncreaseDecreaseIncludingExchangeRateEffect,USD,2017-01-01,2017-12-31,1859000000.0,10-K,2020-02-20
us-gaap,CashCashEquivalentsRestrictedCashAndRestrictedCashEquivalentsPeriodIncreaseDecreaseIncludingExchangeRateEffect,USD,2018-01-01,2018-03-31,-35000000.0,10-Q,2018-05-02
us-gaap,CashCashEquivalentsRestrictedCashAndRestrictedCashEquivalentsPeriodIncreaseDecreaseIncludingExchangeRateEffect,USD,2018-01-01,2018-03-31,-35000000.0,10-Q,2019-05-01
us-gaap,CashCashEquivalentsRestrictedCashAndRestrictedCashEquivalentsPeriodIncreaseDecreaseIncludingExchangeRateEffect,USD,2018-01-01,2018-06-30,-1056000000.0,10-Q,2018-07-27
us-gaap,CashCashEquivalentsRestrictedCashAndRestrictedCashEquivalentsPeriodIncreaseDecreaseIncludingExchangeRateEffect,USD,2018-01-01,2018-06-30,-1056000000.0,10-Q,2019-07-31
us-gaap,CashCashEquivalentsRestrictedCashAndRestrictedCashEquivalentsPeriodIncreaseDecreaseIncludingExchangeRateEffect,USD,2018-01-01,2018-09-30,-2724000000.0,10-Q,2018-11-01
us-gaap,CashCashEquivalentsRestrictedCashAndRestrictedCashEquivalentsPeriodIncreaseDecreaseIncludingExchangeRateEffect,USD,2018-01-01,2018-09-30,-2724000000.0,10-Q,2019-10-31
us-gaap,CashCashEquivalentsRestrictedCashAndRestrictedCashEquivalentsPeriodIncreaseDecreaseIncludingExchangeRateEffect,USD,2018-01-01,2018-12-31,-863000000.0,10-K,2019-02-20
us-gaap,CashCashEquivalentsRestrictedCashAndRestrictedCashEquivalentsPeriodIncreaseDecreaseIncludingExchangeRateEffect,USD,2018-01-01,2018-12-31,-863000000.0,10-K,2020-02-20
us-gaap,CashCashEquivalentsRestrictedCashAndRestrictedCashEquivalentsPeriodIncreaseDecreaseIncludingExchangeRateEffect,USD,2018-01-01,2018-12-31,-863000000.0,10-K,2021-02-25
us-gaap,CashCashEquivalentsRestrictedCashAndRestrictedCashEquivalentsPeriodIncreaseDecreaseIncludingExchangeRateEffect,USD,2019-01-01,2019-03-31,5949000000.0,10-Q,2019-05-01
us-gaap,CashCashEquivalentsRestrictedCashAndRestrictedCashEquivalentsPeriodIncreaseDecreaseIncludingExchangeRateEffect,USD,2019-01-01,2019-03-31,5949000000.0,10-Q,2020-05-01
us-gaap,CashCashEquivalentsRestrictedCashAndRestrictedCashEquivalentsPeriodIncreaseDecreaseIncludingExchangeRateEffect,USD,2019-01-01,2019-06-30,2332000000.0,10-Q,2019-07-31
us-gaap,CashCashEquivalentsRestrictedCashAndRestrictedCashEquivalentsPeriodIncreaseDecreaseIncludingExchangeRateEffect,USD,2019-01-01,2019-06-30,2332000000.0,10-Q,2020-08-06
us-gaap,CashCashEquivalentsRestrictedCashAndRestrictedCashEquivalentsPeriodIncreaseDecreaseIncludingExchangeRateEffect,USD,2019-01-01,2019-09-30,4048000000.0,10-Q,2019-10-31
us-gaap,CashCashEquivalentsRestrictedCashAndRestrictedCashEquivalentsPeriodIncreaseDecreaseIncludingExchangeRateEffect,USD,2019-01-01,2019-09-30,4048000000.0,10-Q,2020-11-02
us-gaap,CashCashEquivalentsRestrictedCashAndRestrictedCashEquivalentsPeriodIncreaseDecreaseIncludingExchangeRateEffect,USD,2019-01-01,2019-12-31,260000000.0,10-K,2020-02-20
us-gaap,CashCashEquivalentsRestrictedCashAndRestrictedCashEquivalentsPeriodIncreaseDecreaseIncludingExchangeRateEffect,USD,2019-01-01,2019-12-31,260000000.0,10-K,2021-02-25
us-gaap,CashCashEquivalentsRestrictedCashAndRestrictedCashEquivalentsPeriodIncreaseDecreaseIncludingExchangeRateEffect,USD,2019-01-01,2019-12-31,260000000.0,10-K,2022-02-25
us-gaap,CashCashEquivalentsRestrictedCashAndRestrictedCashEquivalentsPeriodIncreaseDecreaseIncludingExchangeRateEffect,USD,2020-01-01,2020-03-31,11551000000.0,10-Q,2020-05-01
us-gaap,CashCashEquivalentsRestrictedCashAndRestrictedCashEquivalentsPeriodIncreaseDecreaseIncludingExchangeRateEffect,USD,2020-01-01,2020-03-31,11551000000.0,10-Q,2021-05-07
us-gaap,CashCashEquivalentsRestrictedCashAndRestrictedCashEquivalentsPeriodIncreaseDecreaseIncludingExchangeRateEffect,USD,2020-01-01,2020-06-30,42809000000.0,10-Q,2020-08-06
us-gaap,CashCashEquivalentsRestrictedCashAndRestrictedCashEquivalentsPeriodIncreaseDecreaseIncludingExchangeRateEffect,USD,2020-01-01,2020-06-30,42809000000.0,10-Q,2021-07-30
us-gaap,CashCashEquivalentsRestrictedCashAndRestrictedCashEquivalentsPeriodIncreaseDecreaseIncludingExchangeRateEffect,USD,2020-01-01,2020-09-30,31252000000.0,10-Q,2020-11-02
us-gaap,CashCashEquivalentsRestrictedCashAndRestrictedCashEquivalentsPeriodIncreaseDecreaseIncludingExchangeRateEffect,USD,2020-01-01,2020-09-30,31252000000.0,10-Q,2021-11-05
us-gaap,CashCashEquivalentsRestrictedCashAndRestrictedCashEquivalentsPeriodIncreaseDecreaseIncludingExchangeRateEffect,USD,2020-01-01,2020-12-31,27022000000.0,10-K,2021-02-25
us-gaap,CashCashEquivalentsRestrictedCashAndRestrictedCashEquivalentsPeriodIncreaseDecreaseIncludingExchangeRateEffect,USD,2020-01-01,2020-12-31,27022000000.0,10-K,2022-02-25
us-gaap,CashCashEquivalentsRestrictedCashAndRestrictedCashEquivalentsPeriodIncreaseDecreaseIncludingExchangeRateEffect,USD,2020-01-01,2020-12-31,27022000000.0,10-K,2023-02-24
us-gaap,CashCashEquivalentsRestrictedCashAndRestrictedCashEquivalentsPeriodIncreaseDecreaseIncludingExchangeRateEffect,USD,2021-01-01,2021-03-31,11503000000.0,10-Q,2021-05-07
us-gaap,CashCashEquivalentsRestrictedCashAndRestrictedCashEquivalentsPeriodIncreaseDecreaseIncludingExchangeRateEffect,USD,2021-01-01,2021-03-31,11503000000.0,10-Q,2022-05-10
us-gaap,CashCashEquivalentsRestrictedCashAndRestrictedCashEquivalentsPeriodIncreaseDecreaseIncludingExchangeRateEffect,USD,2021-01-01,2021-06-30,-5683000000.0,10-Q,2021-07-30
us-gaap,CashCashEquivalentsRestrictedCashAndRestrictedCashEquivalentsPeriodIncreaseDecreaseIncludingExchangeRateEffect,USD,2021-01-01,2021-06-30,-5683000000.0,10-Q,2022-07-29
us-gaap,CashCashEquivalentsRestrictedCashAndRestrictedCashEquivalentsPeriodIncreaseDecreaseIncludingExchangeRateEffect,USD,2021-01-01,2021-09-30,-13913000000.0,10-Q,2021-11-05
us-gaap,CashCashEquivalentsRestrictedCashAndRestrictedCashEquivalentsPeriodIncreaseDecreaseIncludingExchangeRateEffect,USD,2021-01-01,2021-09-30,-13913000000.0,10-Q,2022-11-04
us-gaap,CashCashEquivalentsRestrictedCashAndRestrictedCashEquivalentsPeriodIncreaseDecreaseIncludingExchangeRateEffect,USD,2021-01-01,2021-12-31,-18717000000.0,10-K,2022-02-25
us-gaap,CashCashEquivalentsRestrictedCashAndRestrictedCashEquivalentsPeriodIncreaseDecreaseIncludingExchangeRateEffect,USD,2021-01-01,2021-12-31,-18717000000.0,10-K,2023-02-24
us-gaap,CashCashEquivalentsRestrictedCashAndRestrictedCashEquivalentsPeriodIncreaseDecreaseIncludingExchangeRateEffect,USD,2021-01-01,2021-12-31,-18717000000.0,10-K,2024-02-23
us-gaap,CashCashEquivalentsRestrictedCashAndRestrictedCashEquivalentsPeriodIncreaseDecreaseIncludingExchangeRateEffect,USD,2022-01-01,2022-03-31,5031000000.0,10-Q,2022-05-10
us-gaap,CashCashEquivalentsRestrictedCashAndRestrictedCashEquivalentsPeriodIncreaseDecreaseIncludingExchangeRateEffect,USD,2022-01-01,2022-03-31,5031000000.0,10-Q,2023-05-05
us-gaap,CashCashEquivalentsRestrictedCashAndRestrictedCashEquivalentsPeriodIncreaseDecreaseIncludingExchangeRateEffect,USD,2022-01-01,2022-06-30,196000000.0,10-Q,2022-07-29
us-gaap,CashCashEquivalentsRestrictedCashAndRestrictedCashEquivalentsPeriodIncreaseDecreaseIncludingExchangeRateEffect,USD,2022-01-01,2022-06-30,196000000.0,10-Q,2023-07-27
us-gaap,CashCashEquivalentsRestrictedCashAndRestrictedCashEquivalentsPeriodIncreaseDecreaseIncludingExchangeRateEffect,USD,2022-01-01,2022-09-30,3237000000.0,10-Q,2022-11-04
us-gaap,CashCashEquivalentsRestrictedCashAndRestrictedCashEquivalentsPeriodIncreaseDecreaseIncludingExchangeRateEffect,USD,2022-01-01,2022-09-30,3237000000.0,10-Q,2023-11-02
us-gaap,CashCashEquivalentsRestrictedCashAndRestrictedCashEquivalentsPeriodIncreaseDecreaseIncludingExchangeRateEffect,USD,2022-01-01,2022-12-31,9202000000.0,10-K,2023-02-24
us-gaap,CashCashEquivalentsRestrictedCashAndRestrictedCashEquivalentsPeriodIncreaseDecreaseIncludingExchangeRateEffect,USD,2022-01-01,2022-12-31,9202000000.0,10-K,2024-02-23
us-gaap,CashCashEquivalentsRestrictedCashAndRestrictedCashEquivalentsPeriodIncreaseDecreaseIncludingExchangeRateEffect,USD,2022-01-01,2022-12-31,9202000000.0,10-K,2025-02-20
us-gaap,CashCashEquivalentsRestrictedCashAndRestrictedCashEquivalentsPeriodIncreaseDecreaseIncludingExchangeRateEffect,USD,2023-01-01,2023-03-31,15717000000.0,10-Q,2023-05-05
us-gaap,CashCashEquivalentsRestrictedCashAndRestrictedCashEquivalentsPeriodIncreaseDecreaseIncludingExchangeRateEffect,USD,2023-01-01,2023-03-31,15717000000.0,10-Q,2024-05-02
us-gaap,CashCashEquivalentsRestrictedCashAndRestrictedCashEquivalentsPeriodIncreaseDecreaseIncludingExchangeRateEffect,USD,2023-01-01,2023-06-30,10792000000.0,10-Q,2023-07-27
us-gaap,CashCashEquivalentsRestrictedCashAndRestrictedCashEquivalentsPeriodIncreaseDecreaseIncludingExchangeRateEffect,USD,2023-01-01,2023-06-30,10792000000.0,10-Q,2024-08-01
us-gaap,CashCashEquivalentsRestrictedCashAndRestrictedCashEquivalentsPeriodIncreaseDecreaseIncludingExchangeRateEffect,USD,2023-01-01,2023-09-30,14048000000.0,10-Q,2023-11-02
us-gaap,CashCashEquivalentsRestrictedCashAndRestrictedCashEquivalentsPeriodIncreaseDecreaseIncludingExchangeRateEffect,USD,2023-01-01,2023-09-30,14048000000.0,10-Q,2024-10-31
us-gaap,CashCashEquivalentsRestrictedCashAndRestrictedCashEquivalentsPeriodIncreaseDecreaseIncludingExchangeRateEffect,USD,2023-01-01,2023-12-31,12499000000.0,10-K,2024-02-23
us-gaap,CashCashEquivalentsRestrictedCashAndRestrictedCashEquivalentsPeriodIncreaseDecreaseIncludingExchangeRateEffect,USD,2023-01-01,2023-12-31,12499000000.0,10-K,2025-02-20
us-gaap,CashCashEquivalentsRestrictedCashAndRestrictedCashEquivalentsPeriodIncreaseDecreaseIncludingExchangeRateEffect,USD,2023-01-01,2023-12-31,12499000000.0,10-K,2026-02-19
us-gaap,CashCashEquivalentsRestrictedCashAndRestrictedCashEquivalentsPeriodIncreaseDecreaseIncludingExchangeRateEffect,USD,2024-01-01,2024-03-31,7747000000.0,10-Q,2024-05-02
us-gaap,CashCashEquivalentsRestrictedCashAndRestrictedCashEquivalentsPeriodIncreaseDecreaseIncludingExchangeRateEffect,USD,2024-01-01,2024-03-31,7747000000.0,10-Q,2025-05-07
us-gaap,CashCashEquivalentsRestrictedCashAndRestrictedCashEquivalentsPeriodIncreaseDecreaseIncludingExchangeRateEffect,USD,2024-01-01,2024-06-30,4074000000.0,10-Q,2024-08-01
us-gaap,CashCashEquivalentsRestrictedCashAndRestrictedCashEquivalentsPeriodIncreaseDecreaseIncludingExchangeRateEffect,USD,2024-01-01,2024-06-30,4074000000.0,10-Q,2025-07-31
us-gaap,CashCashEquivalentsRestrictedCashAndRestrictedCashEquivalentsPeriodIncreaseDecreaseIncludingExchangeRateEffect,USD,2024-01-01,2024-09-30,5964000000.0,10-Q,2024-10-31
us-gaap,CashCashEquivalentsRestrictedCashAndRestrictedCashEquivalentsPeriodIncreaseDecreaseIncludingExchangeRateEffect,USD,2024-01-01,2024-09-30,5964000000.0,10-Q,2025-11-03
us-gaap,CashCashEquivalentsRestrictedCashAndRestrictedCashEquivalentsPeriodIncreaseDecreaseIncludingExchangeRateEffect,USD,2024-01-01,2024-12-31,-84000000.0,10-K,2025-02-20
us-gaap,CashCashEquivalentsRestrictedCashAndRestrictedCashEquivalentsPeriodIncreaseDecreaseIncludingExchangeRateEffect,USD,2024-01-01,2024-12-31,-84000000.0,10-K,2026-02-19
us-gaap,CashCashEquivalentsRestrictedCashAndRestrictedCashEquivalentsPeriodIncreaseDecreaseIncludingExchangeRateEffect,USD,2025-01-01,2025-03-31,5294000000.0,10-Q,2025-05-07
us-gaap,CashCashEquivalentsRestrictedCashAndRestrictedCashEquivalentsPeriodIncreaseDecreaseIncludingExchangeRateEffect,USD,2025-01-01,2025-03-31,5294000000.0,10-Q,2026-05-07
us-gaap,CashCashEquivalentsRestrictedCashAndRestrictedCashEquivalentsPeriodIncreaseDecreaseIncludingExchangeRateEffect,USD,2025-01-01,2025-06-30,17907000000.0,10-Q,2025-07-31
us-gaap,CashCashEquivalentsRestrictedCashAndRestrictedCashEquivalentsPeriodIncreaseDecreaseIncludingExchangeRateEffect,USD,2025-01-01,2025-06-30,17907000000.0,10-Q,2026-07-28
us-gaap,CashCashEquivalentsRestrictedCashAndRestrictedCashEquivalentsPeriodIncreaseDecreaseIncludingExchangeRateEffect,USD,2025-01-01,2025-09-30,14856000000.0,10-Q,2025-11-03
us-gaap,CashCashEquivalentsRestrictedCashAndRestrictedCashEquivalentsPeriodIncreaseDecreaseIncludingExchangeRateEffect,USD,2025-01-01,2025-12-31,18422000000.0,10-K,2026-02-19
us-gaap,CashCashEquivalentsRestrictedCashAndRestrictedCashEquivalentsPeriodIncreaseDecreaseIncludingExchangeRateEffect,USD,2026-01-01,2026-03-31,17163000000.0,10-Q,2026-05-07
us-gaap,CashCashEquivalentsRestrictedCashAndRestrictedCashEquivalentsPeriodIncreaseDecreaseIncludingExchangeRateEffect,USD,2026-01-01,2026-06-30,-6212000000.0,10-Q,2026-07-28
us-gaap,CashFlowHedgeGainLossReclassifiedToEarningsNet,USD,2009-01-01,2009-06-30,-63000000.0,10-Q,2010-08-09
us-gaap,CashFlowHedgeGainLossReclassifiedToEarningsNet,USD,2009-04-01,2009-06-30,-17000000.0,10-Q,2010-08-09
us-gaap,CashFlowHedgeGainLossReclassifiedToEarningsNet,USD,2009-01-01,2009-09-30,-72000000.0,10-Q,2010-11-08
us-gaap,CashFlowHedgeGainLossReclassifiedToEarningsNet,USD,2009-07-01,2009-09-30,-9000000.0,10-Q,2010-11-08
us-gaap,CashFlowHedgeGainLossReclassifiedToEarningsNet,USD,2009-01-01,2009-12-31,-140000000.0,10-K,2012-02-29
us-gaap,CashFlowHedgeGainLossReclassifiedToEarningsNet,USD,2009-01-01,2009-12-31,-92000000.0,10-K/A,2011-03-07
us-gaap,CashFlowHedgeGainLossReclassifiedToEarningsNet,USD,2009-12-30,2010-03-31,-21000000.0,10-Q,2011-05-10
us-gaap,CashFlowHedgeGainLossReclassifiedToEarningsNet,USD,2010-01-01,2010-06-30,-35000000.0,10-Q,2011-08-05
us-gaap,CashFlowHedgeGainLossReclassifiedToEarningsNet,USD,2010-01-01,2010-06-30,-31000000.0,10-Q,2010-08-09
us-gaap,CashFlowHedgeGainLossReclassifiedToEarningsNet,USD,2010-04-01,2010-06-30,-13000000.0,10-Q,2011-08-05
us-gaap,CashFlowHedgeGainLossReclassifiedToEarningsNet,USD,2010-04-01,2010-06-30,-11000000.0,10-Q,2010-08-09
us-gaap,CashFlowHedgeGainLossReclassifiedToEarningsNet,USD,2010-01-01,2010-09-30,-45000000.0,10-Q,2011-11-07
us-gaap,CashFlowHedgeGainLossReclassifiedToEarningsNet,USD,2010-01-01,2010-09-30,-55000000.0,10-Q,2010-11-08
us-gaap,CashFlowHedgeGainLossReclassifiedToEarningsNet,USD,2010-07-01,2010-09-30,-9000000.0,10-Q,2011-11-07
us-gaap,CashFlowHedgeGainLossReclassifiedToEarningsNet,USD,2010-07-01,2010-09-30,-23000000.0,10-Q,2010-11-08
us-gaap,CashFlowHedgeGainLossReclassifiedToEarningsNet,USD,2010-01-01,2010-12-31,-51000000.0,10-K,2013-02-28
us-gaap,CashFlowHedgeGainLossReclassifiedToEarningsNet,USD,2010-01-01,2010-12-31,-51000000.0,10-K,2012-02-29
us-gaap,CashFlowHedgeGainLossReclassifiedToEarningsNet,USD,2010-01-01,2010-12-31,-74000000.0,10-K/A,2011-03-07
us-gaap,CashFlowHedgeGainLossReclassifiedToEarningsNet,USD,2010-12-30,2011-03-31,-14000000.0,10-Q,2011-05-10
us-gaap,CashFlowHedgeGainLossReclassifiedToEarningsNet,USD,2011-01-01,2011-03-31,-14000000.0,10-Q,2012-05-08
us-gaap,CashFlowHedgeGainLossReclassifiedToEarningsNet,USD,2011-01-01,2011-06-30,-7000000.0,10-Q,2011-08-05
us-gaap,CashFlowHedgeGainLossReclassifiedToEarningsNet,USD,2011-01-08,2011-06-30,-7000000.0,10-Q,2012-08-09
us-gaap,CashFlowHedgeGainLossReclassifiedToEarningsNet,USD,2011-04-01,2011-06-30,7000000.0,10-Q,2012-08-09
us-gaap,CashFlowHedgeGainLossReclassifiedToEarningsNet,USD,2011-04-01,2011-06-30,7000000.0,10-Q,2011-08-05
us-gaap,CashFlowHedgeGainLossReclassifiedToEarningsNet,USD,2011-01-01,2011-09-30,-13000000.0,10-Q,2011-11-07
us-gaap,CashFlowHedgeGainLossReclassifiedToEarningsNet,USD,2011-01-08,2011-09-30,-13000000.0,10-Q,2012-11-08
us-gaap,CashFlowHedgeGainLossReclassifiedToEarningsNet,USD,2011-07-01,2011-09-30,-6000000.0,10-Q,2012-11-08
us-gaap,CashFlowHedgeGainLossReclassifiedToEarningsNet,USD,2011-07-01,2011-09-30,-6000000.0,10-Q,2011-11-07
us-gaap,CashFlowHedgeGainLossReclassifiedToEarningsNet,USD,2011-01-01,2011-12-31,-18000000.0,10-K,2013-02-28
us-gaap,CashFlowHedgeGainLossReclassifiedToEarningsNet,USD,2011-01-01,2011-12-31,-18000000.0,10-K,2012-02-29
us-gaap,CashFlowHedgeGainLossReclassifiedToEarningsNet,USD,2012-01-01,2012-03-31,3000000.0,10-Q,2013-05-09
us-gaap,CashFlowHedgeGainLossReclassifiedToEarningsNet,USD,2012-01-01,2012-03-31,3000000.0,10-Q,2012-05-08
us-gaap,CashFlowHedgeGainLossReclassifiedToEarningsNet,USD,2012-01-01,2012-06-30,9000000.0,10-Q,2012-08-09
us-gaap,CashFlowHedgeGainLossReclassifiedToEarningsNet,USD,2012-04-01,2012-06-30,6000000.0,10-Q,2012-08-09
us-gaap,CashFlowHedgeGainLossReclassifiedToEarningsNet,USD,2012-01-01,2012-09-30,24000000.0,10-Q,2012-11-08
us-gaap,CashFlowHedgeGainLossReclassifiedToEarningsNet,USD,2012-07-01,2012-09-30,15000000.0,10-Q,2012-11-08
us-gaap,CashFlowHedgeGainLossReclassifiedToEarningsNet,USD,2012-01-01,2012-12-31,20000000.0,10-K,2013-02-28
us-gaap,CashFlowHedgeGainLossReclassifiedToEarningsNet,USD,2013-01-01,2013-03-31,7000000.0,10-Q,2013-05-09
us-gaap,CashFlowHedgeGainLossToBeReclassifiedWithinTwelveMonths,USD,2010-01-01,2010-06-30,21000000.0,10-Q,2010-08-09
us-gaap,CashFlowHedgeGainLossToBeReclassifiedWithinTwelveMonths,USD,2010-01-01,2010-09-30,5000000.0,10-Q,2010-11-08
us-gaap,CashFlowHedgeGainLossToBeReclassifiedWithinTwelveMonths,USD,2010-01-01,2010-12-31,2000000.0,10-K/A,2011-03-07
us-gaap,CashFlowHedgeGainLossToBeReclassifiedWithinTwelveMonths,USD,2010-12-30,2011-03-31,1000000.0,10-Q,2011-05-10
us-gaap,CashFlowHedgeGainLossToBeReclassifiedWithinTwelveMonths,USD,2011-01-01,2011-06-30,2000000.0,10-Q,2011-08-05
us-gaap,CashFlowHedgeGainLossToBeReclassifiedWithinTwelveMonths,USD,2011-01-01,2011-09-30,2000000.0,10-Q,2011-11-07
us-gaap,CashFlowHedgeGainLossToBeReclassifiedWithinTwelveMonths,USD,2011-01-01,2011-12-31,555000000.0,10-K,2012-02-29
us-gaap,CashFlowHedgeGainLossToBeReclassifiedWithinTwelveMonths,USD,2012-01-01,2012-03-31,2000000.0,10-Q,2012-05-08
us-gaap,CashFlowHedgeGainLossToBeReclassifiedWithinTwelveMonths,USD,2012-01-01,2012-06-30,33000000.0,10-Q,2012-08-09
us-gaap,CashFlowHedgeGainLossToBeReclassifiedWithinTwelveMonths,USD,2012-01-01,2012-09-30,28000000.0,10-Q,2012-11-08
us-gaap,CashFlowHedgeGainLossToBeReclassifiedWithinTwelveMonths,USD,2012-01-01,2012-12-31,73000000.0,10-K,2013-02-28
us-gaap,CashFlowHedgeGainLossToBeReclassifiedWithinTwelveMonths,USD,2013-01-01,2013-03-31,67400000.0,10-Q,2013-05-09
us-gaap,CashFlowHedgeGainLossToBeReclassifiedWithinTwelveMonths,USD,2013-01-01,2013-06-30,60800000.0,10-Q,2013-08-08
us-gaap,CashFlowHedgeGainLossToBeReclassifiedWithinTwelveMonths,USD,2013-01-01,2013-09-30,164000000.0,10-Q,2013-11-06
us-gaap,CashFlowHedgeGainLossToBeReclassifiedWithinTwelveMonths,USD,2013-01-01,2013-12-31,71000000.0,10-K,2014-02-27
us-gaap,CashFlowHedgeGainLossToBeReclassifiedWithinTwelveMonths,USD,2014-01-01,2014-03-31,95000000.0,10-Q,2014-05-06
us-gaap,CashFlowHedgeGainLossToBeReclassifiedWithinTwelveMonths,USD,2014-01-01,2014-06-30,108000000.0,10-Q,2014-08-05
us-gaap,CashFlowHedgeGainLossToBeReclassifiedWithinTwelveMonths,USD,2014-01-01,2014-09-30,-22000000.0,10-Q,2014-11-03
us-gaap,CashFlowHedgeGainLossToBeReclassifiedWithinTwelveMonths,USD,2014-01-01,2014-12-31,-181000000.0,10-K,2015-02-24
us-gaap,CashFlowHedgeGainLossToBeReclassifiedWithinTwelveMonths,USD,2015-01-01,2015-03-31,-155000000.0,10-Q,2015-05-05
us-gaap,CashFlowHedgeGainLossToBeReclassifiedWithinTwelveMonths,USD,2015-01-01,2015-06-30,166000000.0,10-Q,2015-08-03
us-gaap,CashFlowHedgeGainLossToBeReclassifiedWithinTwelveMonths,USD,2015-01-01,2015-09-30,129000000.0,10-Q,2015-11-02
us-gaap,CashFlowHedgeGainLossToBeReclassifiedWithinTwelveMonths,USD,2015-01-01,2015-12-31,109000000.0,10-K,2016-02-25
us-gaap,CashFlowHedgeGainLossToBeReclassifiedWithinTwelveMonths,USD,2016-01-01,2016-03-31,173000000.0,10-Q,2016-05-04
us-gaap,CashFlowHedgeGainLossToBeReclassifiedWithinTwelveMonths,USD,2016-01-01,2016-06-30,186000000.0,10-Q,2016-08-01
us-gaap,CashFlowHedgeGainLossToBeReclassifiedWithinTwelveMonths,USD,2016-01-01,2016-09-30,157000000.0,10-Q,2016-11-03
us-gaap,CashFlowHedgeGainLossToBeReclassifiedWithinTwelveMonths,USD,2016-01-01,2016-12-31,112000000.0,10-K,2017-02-23
us-gaap,CashFlowHedgeGainLossToBeReclassifiedWithinTwelveMonths,USD,2017-01-01,2017-03-31,67000000.0,10-Q,2017-05-03
us-gaap,CashFlowHedgeGainLossToBeReclassifiedWithinTwelveMonths,USD,2017-01-01,2017-06-30,47000000.0,10-Q,2017-07-28
us-gaap,CashFlowHedgeGainLossToBeReclassifiedWithinTwelveMonths,USD,2017-01-01,2017-09-30,35000000.0,10-Q,2017-11-01
us-gaap,CashFlowHedgeGainLossToBeReclassifiedWithinTwelveMonths,USD,2017-01-01,2017-12-31,-17000000.0,10-K,2018-02-21
us-gaap,CashFlowHedgeGainLossToBeReclassifiedWithinTwelveMonths,USD,2018-01-01,2018-03-31,89000000.0,10-Q,2018-05-02
us-gaap,CashFlowHedgeGainLossToBeReclassifiedWithinTwelveMonths,USD,2018-01-01,2018-06-30,148000000.0,10-Q,2018-07-27
us-gaap,CashFlowHedgeGainLossToBeReclassifiedWithinTwelveMonths,USD,2018-01-01,2018-09-30,200000000.0,10-Q,2018-11-01
us-gaap,CashFlowHedgeGainLossToBeReclassifiedWithinTwelveMonths,USD,2018-01-01,2018-12-31,167000000.0,10-K,2019-02-20
us-gaap,CashFlowHedgeGainLossToBeReclassifiedWithinTwelveMonths,USD,2019-01-01,2019-03-31,113000000.0,10-Q,2019-05-01
us-gaap,CashFlowHedgeGainLossToBeReclassifiedWithinTwelveMonths,USD,2019-01-01,2019-06-30,-36000000.0,10-Q,2019-07-31
us-gaap,CashFlowHedgeGainLossToBeReclassifiedWithinTwelveMonths,USD,2019-01-01,2019-09-30,94000000.0,10-Q,2019-10-31
us-gaap,CashFlowHedgeGainLossToBeReclassifiedWithinTwelveMonths,USD,2019-01-01,2019-12-31,-114000000.0,10-K,2020-02-20
us-gaap,CashFlowHedgeGainLossToBeReclassifiedWithinTwelveMonths,USD,2020-01-01,2020-03-31,-556000000.0,10-Q,2020-05-01
us-gaap,CashFlowHedgeGainLossToBeReclassifiedWithinTwelveMonths,USD,2020-01-01,2020-06-30,649000000.0,10-Q,2020-08-06
us-gaap,CashFlowHedgeGainLossToBeReclassifiedWithinTwelveMonths,USD,2020-01-01,2020-09-30,644000000.0,10-Q,2020-11-02
us-gaap,CashFlowHedgeGainLossToBeReclassifiedWithinTwelveMonths,USD,2020-01-01,2020-12-31,652000000.0,10-K,2021-02-25
us-gaap,CashFlowHedgeGainLossToBeReclassifiedWithinTwelveMonths,USD,2021-01-01,2021-03-31,575000000.0,10-Q,2021-05-07
us-gaap,CashFlowHedgeGainLossToBeReclassifiedWithinTwelveMonths,USD,2021-01-01,2021-06-30,-507000000.0,10-Q,2021-07-30
us-gaap,CashFlowHedgeGainLossToBeReclassifiedWithinTwelveMonths,USD,2021-01-01,2021-09-30,438000000.0,10-Q,2021-11-05
us-gaap,CashFlowHedgeGainLossToBeReclassifiedWithinTwelveMonths,USD,2021-01-01,2021-12-31,286000000.0,10-K,2022-02-25
us-gaap,CashFlowHedgeGainLossToBeReclassifiedWithinTwelveMonths,USD,2022-01-01,2022-03-31,-65000000.0,10-Q,2022-05-10
us-gaap,CashFlowHedgeGainLossToBeReclassifiedWithinTwelveMonths,USD,2022-01-01,2022-06-30,431000000.0,10-Q,2022-07-29
us-gaap,CashFlowHedgeGainLossToBeReclassifiedWithinTwelveMonths,USD,2022-01-01,2022-09-30,690000000.0,10-Q,2022-11-04
us-gaap,CashFlowHedgeGainLossToBeReclassifiedWithinTwelveMonths,USD,2022-01-01,2022-12-31,814000000.0,10-K,2023-02-24
us-gaap,CashFlowHedgeGainLossToBeReclassifiedWithinTwelveMonths,USD,2023-01-01,2023-03-31,765000000.0,10-Q,2023-05-05
us-gaap,CashFlowHedgeGainLossToBeReclassifiedWithinTwelveMonths,USD,2023-01-01,2023-06-30,882000000.0,10-Q,2023-07-27
us-gaap,CashFlowHedgeGainLossToBeReclassifiedWithinTwelveMonths,USD,2023-01-01,2023-09-30,877000000.0,10-Q,2023-11-02
us-gaap,CashFlowHedgeGainLossToBeReclassifiedWithinTwelveMonths,USD,2023-01-01,2023-12-31,712000000.0,10-K,2024-02-23
us-gaap,CashFlowHedgeGainLossToBeReclassifiedWithinTwelveMonths,USD,2024-01-01,2024-03-31,786000000.0,10-Q,2024-05-02
us-gaap,CashFlowHedgeGainLossToBeReclassifiedWithinTwelveMonths,USD,2024-01-01,2024-06-30,-814000000.0,10-Q,2024-08-01
us-gaap,CashFlowHedgeGainLossToBeReclassifiedWithinTwelveMonths,USD,2024-01-01,2024-09-30,-526000000.0,10-Q,2024-10-31
us-gaap,CashFlowHedgeGainLossToBeReclassifiedWithinTwelveMonths,USD,2024-01-01,2024-12-31,-624000000.0,10-K,2025-02-20
us-gaap,CashFlowHedgeGainLossToBeReclassifiedWithinTwelveMonths,USD,2025-01-01,2025-03-31,-571000000.0,10-Q,2025-05-07
us-gaap,CashFlowHedgeGainLossToBeReclassifiedWithinTwelveMonths,USD,2025-01-01,2025-06-30,-516000000.0,10-Q,2025-07-31
us-gaap,CashFlowHedgeGainLossToBeReclassifiedWithinTwelveMonths,USD,2025-01-01,2025-09-30,-431000000.0,10-Q,2025-11-03
us-gaap,CashFlowHedgeGainLossToBeReclassifiedWithinTwelveMonths,USD,2025-01-01,2025-12-31,-349000000.0,10-K,2026-02-19
us-gaap,CashFlowHedgeGainLossToBeReclassifiedWithinTwelveMonths,USD,2026-01-01,2026-03-31,-446000000.0,10-Q,2026-05-07
us-gaap,CashFlowHedgeGainLossToBeReclassifiedWithinTwelveMonths,USD,2026-01-01,2026-06-30,-529000000.0,10-Q,2026-07-28
us-gaap,CashFlowsBetweenSecuritizationSpecialPurposeEntitySPEAndTransferorOtherCashFlowsReceivedOnRetainedInterests,USD,2009-01-01,2009-12-31,5252000000.0,10-K/A,2011-03-07
us-gaap,CashFlowsBetweenSecuritizationSpecialPurposeEntitySPEAndTransferorOtherCashFlowsReceivedOnRetainedInterests,USD,2009-12-30,2010-03-31,2000000.0,10-Q,2011-05-10
us-gaap,CashFlowsBetweenSecuritizationSpecialPurposeEntitySPEAndTransferorOtherCashFlowsReceivedOnRetainedInterests,USD,2010-01-01,2010-06-30,94000000.0,10-Q,2011-08-05
us-gaap,CashFlowsBetweenSecuritizationSpecialPurposeEntitySPEAndTransferorOtherCashFlowsReceivedOnRetainedInterests,USD,2010-04-01,2010-06-30,17000000.0,10-Q,2011-08-05
us-gaap,CashFlowsBetweenSecuritizationSpecialPurposeEntitySPEAndTransferorOtherCashFlowsReceivedOnRetainedInterests,USD,2010-01-01,2010-12-31,116000000.0,10-K/A,2011-03-07
us-gaap,CashFlowsBetweenSecuritizationSpecialPurposeEntitySPEAndTransferorOtherCashFlowsReceivedOnRetainedInterests,USD,2010-12-30,2011-03-31,12000000.0,10-Q,2011-05-10
us-gaap,CashFlowsBetweenSecuritizationSpecialPurposeEntitySPEAndTransferorOtherCashFlowsReceivedOnRetainedInterests,USD,2011-01-01,2011-06-30,25000000.0,10-Q,2011-08-05
us-gaap,CashFlowsBetweenSecuritizationSpecialPurposeEntitySPEAndTransferorOtherCashFlowsReceivedOnRetainedInterests,USD,2011-04-01,2011-06-30,12000000.0,10-Q,2011-08-05
us-gaap,CashFlowsBetweenSecuritizationSpecialPurposeEntitySPEAndTransferorProceedsFromCollectionsReinvestedInRevolvingPeriodSecuritizations,USD,2009-01-01,2009-12-31,70896000000.0,10-K/A,2011-03-07
us-gaap,CashFlowsBetweenSecuritizationSpecialPurposeEntitySPEAndTransferorProceedsFromNewlySecuritizedAssets,USD,2009-01-01,2009-12-31,12068000000.0,10-K/A,2011-03-07
us-gaap,CashFlowsBetweenSecuritizationSpecialPurposeEntitySPEAndTransferorProceedsFromNewlySecuritizedAssets,USD,2010-01-01,2010-12-31,0.0,10-K/A,2011-03-07
us-gaap,CashFlowsBetweenSecuritizationSpecialPurposeEntitySPEAndTransferorPurchasesOfDelinquentOrForeclosedAssets,USD,2009-01-01,2009-12-31,9000000.0,10-K/A,2011-03-07
us-gaap,CashFlowsBetweenSecuritizationSpecialPurposeEntitySPEAndTransferorPurchasesOfDelinquentOrForeclosedAssets,USD,2010-01-01,2010-12-31,0.0,10-K/A,2011-03-07
us-gaap,CashFlowsBetweenSecuritizationSpecialPurposeEntitySPEAndTransferorServicingFeesReceived,USD,2009-01-01,2009-12-31,879000000.0,10-K/A,2011-03-07
us-gaap,CashFlowsBetweenSecuritizationSpecialPurposeEntitySPEAndTransferorServicingFeesReceived,USD,2009-12-30,2010-03-31,0.0,10-Q,2011-05-10
us-gaap,CashFlowsBetweenSecuritizationSpecialPurposeEntitySPEAndTransferorServicingFeesReceived,USD,2010-01-01,2010-06-30,9000000.0,10-Q,2011-08-05
us-gaap,CashFlowsBetweenSecuritizationSpecialPurposeEntitySPEAndTransferorServicingFeesReceived,USD,2010-04-01,2010-06-30,4000000.0,10-Q,2011-08-05
us-gaap,CashFlowsBetweenSecuritizationSpecialPurposeEntitySPEAndTransferorServicingFeesReceived,USD,2010-01-01,2010-12-31,14000000.0,10-K/A,2011-03-07
us-gaap,CashFlowsBetweenSecuritizationSpecialPurposeEntitySPEAndTransferorServicingFeesReceived,USD,2010-12-30,2011-03-31,3000000.0,10-Q,2011-05-10
us-gaap,CashFlowsBetweenSecuritizationSpecialPurposeEntitySPEAndTransferorServicingFeesReceived,USD,2011-01-01,2011-06-30,15000000.0,10-Q,2011-08-05
us-gaap,CashFlowsBetweenSecuritizationSpecialPurposeEntitySPEAndTransferorServicingFeesReceived,USD,2011-04-01,2011-06-30,7000000.0,10-Q,2011-08-05
us-gaap,CashFlowsBetweenTransfereeAndTransferorServicingFeeAdvances,USD,2010-01-01,2010-09-30,137000000.0,10-Q,2011-11-07
us-gaap,CashFlowsBetweenTransfereeAndTransferorServicingFeeAdvances,USD,2010-07-01,2010-09-30,43000000.0,10-Q,2011-11-07
us-gaap,CashFlowsBetweenTransfereeAndTransferorServicingFeeAdvances,USD,2010-01-01,2010-12-31,116000000.0,10-K,2012-02-29
us-gaap,CashFlowsBetweenTransfereeAndTransferorServicingFeeAdvances,USD,2011-01-01,2011-03-31,12000000.0,10-Q,2012-05-08
us-gaap,CashFlowsBetweenTransfereeAndTransferorServicingFeeAdvances,USD,2011-01-08,2011-06-30,25000000.0,10-Q,2012-08-09
us-gaap,CashFlowsBetweenTransfereeAndTransferorServicingFeeAdvances,USD,2011-04-01,2011-06-30,12000000.0,10-Q,2012-08-09
us-gaap,CashFlowsBetweenTransfereeAndTransferorServicingFeeAdvances,USD,2011-01-01,2011-09-30,36000000.0,10-Q,2011-11-07
us-gaap,CashFlowsBetweenTransfereeAndTransferorServicingFeeAdvances,USD,2011-07-01,2011-09-30,11000000.0,10-Q,2011-11-07
us-gaap,CashFlowsBetweenTransfereeAndTransferorServicingFeeAdvances,USD,2011-01-01,2011-12-31,46000000.0,10-K,2012-02-29
us-gaap,CashFlowsBetweenTransfereeAndTransferorServicingFeeAdvances,USD,2012-01-01,2012-03-31,10000000.0,10-Q,2012-05-08
us-gaap,CashFlowsBetweenTransfereeAndTransferorServicingFeeAdvances,USD,2012-01-01,2012-06-30,20000000.0,10-Q,2012-08-09
us-gaap,CashFlowsBetweenTransfereeAndTransferorServicingFeeAdvances,USD,2012-04-01,2012-06-30,10000000.0,10-Q,2012-08-09
us-gaap,CashFlowsBetweenTransfereeAndTransferorServicingFees,USD,2010-01-01,2010-09-30,25000000.0,10-Q,2011-11-07
us-gaap,CashFlowsBetweenTransfereeAndTransferorServicingFees,USD,2010-07-01,2010-09-30,8000000.0,10-Q,2011-11-07
us-gaap,CashFlowsBetweenTransfereeAndTransferorServicingFees,USD,2010-01-01,2010-12-31,32000000.0,10-K,2012-02-29
us-gaap,CashFlowsBetweenTransfereeAndTransferorServicingFees,USD,2011-01-01,2011-03-31,7000000.0,10-Q,2012-05-08
us-gaap,CashFlowsBetweenTransfereeAndTransferorServicingFees,USD,2011-01-08,2011-06-30,15000000.0,10-Q,2012-08-09
us-gaap,CashFlowsBetweenTransfereeAndTransferorServicingFees,USD,2011-04-01,2011-06-30,7000000.0,10-Q,2012-08-09
us-gaap,CashFlowsBetweenTransfereeAndTransferorServicingFees,USD,2011-01-01,2011-09-30,22000000.0,10-Q,2011-11-07
us-gaap,CashFlowsBetweenTransfereeAndTransferorServicingFees,USD,2011-07-01,2011-09-30,7000000.0,10-Q,2011-11-07
us-gaap,CashFlowsBetweenTransfereeAndTransferorServicingFees,USD,2011-01-01,2011-12-31,29000000.0,10-K,2012-02-29
us-gaap,CashFlowsBetweenTransfereeAndTransferorServicingFees,USD,2012-01-01,2012-03-31,7000000.0,10-Q,2012-05-08
us-gaap,CashFlowsBetweenTransfereeAndTransferorServicingFees,USD,2012-01-01,2012-06-30,14000000.0,10-Q,2012-08-09
us-gaap,CashFlowsBetweenTransfereeAndTransferorServicingFees,USD,2012-04-01,2012-06-30,7000000.0,10-Q,2012-08-09
us-gaap,CashProvidedByUsedInFinancingActivitiesDiscontinuedOperations,USD,2007-01-01,2007-12-31,-4280036000.0,10-K,2010-02-26
us-gaap,CashProvidedByUsedInFinancingActivitiesDiscontinuedOperations,USD,2008-01-01,2008-06-30,6662000.0,10-Q,2009-08-10
us-gaap,CashProvidedByUsedInFinancingActivitiesDiscontinuedOperations,USD,2008-01-01,2008-09-30,-17690000.0,10-Q,2009-11-09
us-gaap,CashProvidedByUsedInFinancingActivitiesDiscontinuedOperations,USD,2008-01-01,2008-12-31,-15863000.0,10-K,2010-02-26
us-gaap,CashProvidedByUsedInFinancingActivitiesDiscontinuedOperations,USD,2008-01-01,2008-12-31,-16000000.0,10-K/A,2011-03-07
us-gaap,CashProvidedByUsedInFinancingActivitiesDiscontinuedOperations,USD,2009-01-01,2009-03-31,-3274000.0,10-Q,2010-05-07
us-gaap,CashProvidedByUsedInFinancingActivitiesDiscontinuedOperations,USD,2009-01-01,2009-06-30,-3448000.0,10-Q,2009-08-10
us-gaap,CashProvidedByUsedInFinancingActivitiesDiscontinuedOperations,USD,2009-01-01,2009-06-30,-3000000.0,10-Q,2010-08-09
us-gaap,CashProvidedByUsedInFinancingActivitiesDiscontinuedOperations,USD,2009-01-01,2009-09-30,-3394000.0,10-Q,2009-11-09
us-gaap,CashProvidedByUsedInFinancingActivitiesDiscontinuedOperations,USD,2009-01-01,2009-09-30,-3000000.0,10-Q,2010-11-08
us-gaap,CashProvidedByUsedInFinancingActivitiesDiscontinuedOperations,USD,2009-01-01,2009-12-31,1000000.0,10-K,2012-02-29
us-gaap,CashProvidedByUsedInFinancingActivitiesDiscontinuedOperations,USD,2009-01-01,2009-12-31,571000.0,10-K,2010-02-26
us-gaap,CashProvidedByUsedInFinancingActivitiesDiscontinuedOperations,USD,2009-01-01,2009-12-31,1000000.0,10-K/A,2011-03-07
us-gaap,CashProvidedByUsedInFinancingActivitiesDiscontinuedOperations,USD,2009-12-30,2010-03-31,-19000000.0,10-Q,2011-05-10
us-gaap,CashProvidedByUsedInFinancingActivitiesDiscontinuedOperations,USD,2010-01-01,2010-03-31,-18932000.0,10-Q,2010-05-07
us-gaap,CashProvidedByUsedInFinancingActivitiesDiscontinuedOperations,USD,2010-01-01,2010-06-30,-19000000.0,10-Q,2011-08-05
us-gaap,CashProvidedByUsedInFinancingActivitiesDiscontinuedOperations,USD,2010-01-01,2010-06-30,-19000000.0,10-Q,2010-08-09
us-gaap,CashProvidedByUsedInFinancingActivitiesDiscontinuedOperations,USD,2010-01-01,2010-09-30,-19000000.0,10-Q,2011-11-07
us-gaap,CashProvidedByUsedInFinancingActivitiesDiscontinuedOperations,USD,2010-01-01,2010-09-30,-19000000.0,10-Q,2010-11-08
us-gaap,CashProvidedByUsedInFinancingActivitiesDiscontinuedOperations,USD,2010-01-01,2010-12-31,-18000000.0,10-K,2013-02-28
us-gaap,CashProvidedByUsedInFinancingActivitiesDiscontinuedOperations,USD,2010-01-01,2010-12-31,-18000000.0,10-K,2012-02-29
us-gaap,CashProvidedByUsedInFinancingActivitiesDiscontinuedOperations,USD,2010-01-01,2010-12-31,-18000000.0,10-K/A,2011-03-07
us-gaap,CashProvidedByUsedInFinancingActivitiesDiscontinuedOperations,USD,2010-12-30,2011-03-31,0.0,10-Q,2011-05-10
us-gaap,CashProvidedByUsedInFinancingActivitiesDiscontinuedOperations,USD,2011-01-01,2011-06-30,0.0,10-Q,2011-08-05
us-gaap,CashProvidedByUsedInFinancingActivitiesDiscontinuedOperations,USD,2011-01-01,2011-09-30,0.0,10-Q,2011-11-07
us-gaap,CashProvidedByUsedInFinancingActivitiesDiscontinuedOperations,USD,2011-01-01,2011-12-31,0.0,10-K,2013-02-28
us-gaap,CashProvidedByUsedInFinancingActivitiesDiscontinuedOperations,USD,2011-01-01,2011-12-31,0.0,10-K,2012-02-29
us-gaap,CashProvidedByUsedInFinancingActivitiesDiscontinuedOperations,USD,2012-01-01,2012-12-31,0.0,10-K,2013-02-28
us-gaap,CashProvidedByUsedInInvestingActivitiesDiscontinuedOperations,USD,2007-01-01,2007-12-31,0.0,10-K,2010-02-26
us-gaap,CashProvidedByUsedInInvestingActivitiesDiscontinuedOperations,USD,2008-01-01,2008-06-30,11683000.0,10-Q,2009-08-10
us-gaap,CashProvidedByUsedInInvestingActivitiesDiscontinuedOperations,USD,2008-01-01,2008-09-30,11659000.0,10-Q,2009-11-09
us-gaap,CashProvidedByUsedInInvestingActivitiesDiscontinuedOperations,USD,2008-01-01,2008-12-31,11642000.0,10-K,2010-02-26
us-gaap,CashProvidedByUsedInInvestingActivitiesDiscontinuedOperations,USD,2008-01-01,2008-12-31,12000000.0,10-K/A,2011-03-07
us-gaap,CashProvidedByUsedInInvestingActivitiesDiscontinuedOperations,USD,2009-01-01,2009-03-31,3000.0,10-Q,2010-05-07
us-gaap,CashProvidedByUsedInInvestingActivitiesDiscontinuedOperations,USD,2009-01-01,2009-06-30,301000.0,10-Q,2009-08-10
us-gaap,CashProvidedByUsedInInvestingActivitiesDiscontinuedOperations,USD,2009-01-01,2009-09-30,451000.0,10-Q,2009-11-09
us-gaap,CashProvidedByUsedInInvestingActivitiesDiscontinuedOperations,USD,2009-01-01,2009-09-30,1000000.0,10-Q,2010-11-08
us-gaap,CashProvidedByUsedInInvestingActivitiesDiscontinuedOperations,USD,2009-01-01,2009-12-31,602000.0,10-K,2010-02-26
us-gaap,CashProvidedByUsedInInvestingActivitiesDiscontinuedOperations,USD,2009-01-01,2009-12-31,0.0,10-K/A,2011-03-07
us-gaap,CashProvidedByUsedInInvestingActivitiesDiscontinuedOperations,USD,2010-01-01,2010-03-31,150000.0,10-Q,2010-05-07
us-gaap,CashProvidedByUsedInInvestingActivitiesDiscontinuedOperations,USD,2010-01-01,2010-09-30,-1000000.0,10-Q,2011-11-07
us-gaap,CashProvidedByUsedInInvestingActivitiesDiscontinuedOperations,USD,2010-01-01,2010-09-30,-1000000.0,10-Q,2010-11-08
us-gaap,CashProvidedByUsedInInvestingActivitiesDiscontinuedOperations,USD,2010-01-01,2010-12-31,0.0,10-K/A,2011-03-07
us-gaap,CashProvidedByUsedInInvestingActivitiesDiscontinuedOperations,USD,2011-01-01,2011-09-30,0.0,10-Q,2011-11-07
us-gaap,CashProvidedByUsedInOperatingActivitiesDiscontinuedOperations,USD,2007-01-01,2007-12-31,3293456000.0,10-K,2010-02-26
us-gaap,CashProvidedByUsedInOperatingActivitiesDiscontinuedOperations,USD,2008-01-01,2008-06-30,-19640000.0,10-Q,2009-08-10
us-gaap,CashProvidedByUsedInOperatingActivitiesDiscontinuedOperations,USD,2008-01-01,2008-09-30,129659000.0,10-Q,2009-11-09
us-gaap,CashProvidedByUsedInOperatingActivitiesDiscontinuedOperations,USD,2008-01-01,2008-12-31,126384000.0,10-K,2010-02-26
us-gaap,CashProvidedByUsedInOperatingActivitiesDiscontinuedOperations,USD,2008-01-01,2008-12-31,126000000.0,10-K/A,2011-03-07
us-gaap,CashProvidedByUsedInOperatingActivitiesDiscontinuedOperations,USD,2009-01-01,2009-03-31,13646000.0,10-Q,2010-05-07
us-gaap,CashProvidedByUsedInOperatingActivitiesDiscontinuedOperations,USD,2009-01-01,2009-06-30,-10463000.0,10-Q,2009-08-10
us-gaap,CashProvidedByUsedInOperatingActivitiesDiscontinuedOperations,USD,2009-01-01,2009-06-30,-9000000.0,10-Q,2010-08-09
us-gaap,CashProvidedByUsedInOperatingActivitiesDiscontinuedOperations,USD,2009-01-01,2009-09-30,39984000.0,10-Q,2009-11-09
us-gaap,CashProvidedByUsedInOperatingActivitiesDiscontinuedOperations,USD,2009-01-01,2009-09-30,40000000.0,10-Q,2010-11-08
us-gaap,CashProvidedByUsedInOperatingActivitiesDiscontinuedOperations,USD,2009-01-01,2009-12-31,-16653000.0,10-K,2010-02-26
us-gaap,CashProvidedByUsedInOperatingActivitiesDiscontinuedOperations,USD,2009-01-01,2009-12-31,-17000000.0,10-K/A,2011-03-07
us-gaap,CashProvidedByUsedInOperatingActivitiesDiscontinuedOperations,USD,2009-01-01,2009-12-31,-17000000.0,10-K,2012-02-29
us-gaap,CashProvidedByUsedInOperatingActivitiesDiscontinuedOperations,USD,2009-12-30,2010-03-31,19000000.0,10-Q,2011-05-10
us-gaap,CashProvidedByUsedInOperatingActivitiesDiscontinuedOperations,USD,2010-01-01,2010-03-31,18836000.0,10-Q,2010-05-07
us-gaap,CashProvidedByUsedInOperatingActivitiesDiscontinuedOperations,USD,2010-01-01,2010-06-30,19000000.0,10-Q,2010-08-09
us-gaap,CashProvidedByUsedInOperatingActivitiesDiscontinuedOperations,USD,2010-01-01,2010-06-30,19000000.0,10-Q,2011-08-05
us-gaap,CashProvidedByUsedInOperatingActivitiesDiscontinuedOperations,USD,2010-01-01,2010-09-30,18000000.0,10-Q,2010-11-08
us-gaap,CashProvidedByUsedInOperatingActivitiesDiscontinuedOperations,USD,2010-01-01,2010-09-30,18000000.0,10-Q,2011-11-07
us-gaap,CashProvidedByUsedInOperatingActivitiesDiscontinuedOperations,USD,2010-01-01,2010-12-31,353000000.0,10-K/A,2011-03-07
us-gaap,CashProvidedByUsedInOperatingActivitiesDiscontinuedOperations,USD,2010-01-01,2010-12-31,353000000.0,10-K,2012-02-29
us-gaap,CashProvidedByUsedInOperatingActivitiesDiscontinuedOperations,USD,2010-01-01,2010-12-31,353000000.0,10-K,2013-02-28
us-gaap,CashProvidedByUsedInOperatingActivitiesDiscontinuedOperations,USD,2010-12-30,2011-03-31,27000000.0,10-Q,2011-05-10
us-gaap,CashProvidedByUsedInOperatingActivitiesDiscontinuedOperations,USD,2011-01-01,2011-03-31,27000000.0,10-Q,2012-05-08
us-gaap,CashProvidedByUsedInOperatingActivitiesDiscontinuedOperations,USD,2011-01-01,2011-06-30,49000000.0,10-Q,2011-08-05
us-gaap,CashProvidedByUsedInOperatingActivitiesDiscontinuedOperations,USD,2011-01-08,2011-06-30,49000000.0,10-Q,2012-08-09
us-gaap,CashProvidedByUsedInOperatingActivitiesDiscontinuedOperations,USD,2011-01-01,2011-09-30,80000000.0,10-Q,2011-11-07
us-gaap,CashProvidedByUsedInOperatingActivitiesDiscontinuedOperations,USD,2011-01-08,2011-09-30,80000000.0,10-Q,2012-11-08
us-gaap,CashProvidedByUsedInOperatingActivitiesDiscontinuedOperations,USD,2011-01-01,2011-12-31,95000000.0,10-K,2012-02-29
us-gaap,CashProvidedByUsedInOperatingActivitiesDiscontinuedOperations,USD,2011-01-01,2011-12-31,95000000.0,10-K,2013-02-28
us-gaap,CashProvidedByUsedInOperatingActivitiesDiscontinuedOperations,USD,2011-01-01,2011-12-31,95000000.0,10-K,2014-02-27
us-gaap,CashProvidedByUsedInOperatingActivitiesDiscontinuedOperations,USD,2012-01-01,2012-03-31,152000000.0,10-Q,2012-05-08
us-gaap,CashProvidedByUsedInOperatingActivitiesDiscontinuedOperations,USD,2012-01-01,2012-03-31,152000000.0,10-Q,2013-05-09
us-gaap,CashProvidedByUsedInOperatingActivitiesDiscontinuedOperations,USD,2012-01-01,2012-06-30,21000000.0,10-Q,2012-08-09
us-gaap,CashProvidedByUsedInOperatingActivitiesDiscontinuedOperations,USD,2012-01-01,2012-06-30,21000000.0,10-Q,2013-08-08
us-gaap,CashProvidedByUsedInOperatingActivitiesDiscontinuedOperations,USD,2012-01-01,2012-09-30,-22000000.0,10-Q,2012-11-08
us-gaap,CashProvidedByUsedInOperatingActivitiesDiscontinuedOperations,USD,2012-01-01,2012-09-30,-22000000.0,10-Q,2013-11-06
us-gaap,CashProvidedByUsedInOperatingActivitiesDiscontinuedOperations,USD,2012-01-01,2012-12-31,-40000000.0,10-K,2013-02-28
us-gaap,CashProvidedByUsedInOperatingActivitiesDiscontinuedOperations,USD,2012-01-01,2012-12-31,-40000000.0,10-K,2014-02-27
us-gaap,CashProvidedByUsedInOperatingActivitiesDiscontinuedOperations,USD,2012-01-01,2012-12-31,-40000000.0,10-K,2015-02-24
us-gaap,CashProvidedByUsedInOperatingActivitiesDiscontinuedOperations,USD,2013-01-01,2013-03-31,-108000000.0,10-Q,2013-05-09
us-gaap,CashProvidedByUsedInOperatingActivitiesDiscontinuedOperations,USD,2013-01-01,2013-03-31,-108000000.0,10-Q,2014-05-06
us-gaap,CashProvidedByUsedInOperatingActivitiesDiscontinuedOperations,USD,2013-01-01,2013-06-30,-287000000.0,10-Q,2013-08-08
us-gaap,CashProvidedByUsedInOperatingActivitiesDiscontinuedOperations,USD,2013-01-01,2013-06-30,-287000000.0,10-Q,2014-08-05
us-gaap,CashProvidedByUsedInOperatingActivitiesDiscontinuedOperations,USD,2013-01-01,2013-09-30,-291000000.0,10-Q,2013-11-06
us-gaap,CashProvidedByUsedInOperatingActivitiesDiscontinuedOperations,USD,2013-01-01,2013-09-30,-291000000.0,10-Q,2014-11-03
us-gaap,CashProvidedByUsedInOperatingActivitiesDiscontinuedOperations,USD,2013-01-01,2013-12-31,-255000000.0,10-K,2014-02-27
us-gaap,CashProvidedByUsedInOperatingActivitiesDiscontinuedOperations,USD,2013-01-01,2013-12-31,-255000000.0,10-K,2015-02-24
us-gaap,CashProvidedByUsedInOperatingActivitiesDiscontinuedOperations,USD,2013-01-01,2013-12-31,-255000000.0,10-K,2016-02-25
us-gaap,CashProvidedByUsedInOperatingActivitiesDiscontinuedOperations,USD,2014-01-01,2014-03-31,-49000000.0,10-Q,2014-05-06
us-gaap,CashProvidedByUsedInOperatingActivitiesDiscontinuedOperations,USD,2014-01-01,2014-03-31,-49000000.0,10-Q,2015-05-05
us-gaap,CashProvidedByUsedInOperatingActivitiesDiscontinuedOperations,USD,2014-01-01,2014-06-30,-30000000.0,10-Q,2014-08-05
us-gaap,CashProvidedByUsedInOperatingActivitiesDiscontinuedOperations,USD,2014-01-01,2014-06-30,-30000000.0,10-Q,2015-08-03
us-gaap,CashProvidedByUsedInOperatingActivitiesDiscontinuedOperations,USD,2014-01-01,2014-09-30,39000000.0,10-Q,2014-11-03
us-gaap,CashProvidedByUsedInOperatingActivitiesDiscontinuedOperations,USD,2014-01-01,2014-09-30,39000000.0,10-Q,2015-11-02
us-gaap,CashProvidedByUsedInOperatingActivitiesDiscontinuedOperations,USD,2014-01-01,2014-12-31,-187000000.0,10-K,2015-02-24
us-gaap,CashProvidedByUsedInOperatingActivitiesDiscontinuedOperations,USD,2014-01-01,2014-12-31,-187000000.0,10-K,2016-02-25
us-gaap,CashProvidedByUsedInOperatingActivitiesDiscontinuedOperations,USD,2014-01-01,2014-12-31,-187000000.0,10-K,2017-02-23
us-gaap,CashProvidedByUsedInOperatingActivitiesDiscontinuedOperations,USD,2015-01-01,2015-03-31,-46000000.0,10-Q,2015-05-05
us-gaap,CashProvidedByUsedInOperatingActivitiesDiscontinuedOperations,USD,2015-01-01,2015-03-31,-46000000.0,10-Q,2016-05-04
us-gaap,CashProvidedByUsedInOperatingActivitiesDiscontinuedOperations,USD,2015-01-01,2015-06-30,65000000.0,10-Q,2015-08-03
us-gaap,CashProvidedByUsedInOperatingActivitiesDiscontinuedOperations,USD,2015-01-01,2015-06-30,65000000.0,10-Q,2016-08-01
us-gaap,CashProvidedByUsedInOperatingActivitiesDiscontinuedOperations,USD,2015-01-01,2015-09-30,-64000000.0,10-Q,2015-11-02
us-gaap,CashProvidedByUsedInOperatingActivitiesDiscontinuedOperations,USD,2015-01-01,2015-09-30,-64000000.0,10-Q,2016-11-03
us-gaap,CashProvidedByUsedInOperatingActivitiesDiscontinuedOperations,USD,2015-01-01,2015-12-31,-79000000.0,10-K,2016-02-25
us-gaap,CashProvidedByUsedInOperatingActivitiesDiscontinuedOperations,USD,2015-01-01,2015-12-31,-79000000.0,10-K,2017-02-23
us-gaap,CashProvidedByUsedInOperatingActivitiesDiscontinuedOperations,USD,2015-01-01,2015-12-31,-79000000.0,10-K,2018-02-21
us-gaap,CashProvidedByUsedInOperatingActivitiesDiscontinuedOperations,USD,2016-01-01,2016-03-31,13000000.0,10-Q,2016-05-04
us-gaap,CashProvidedByUsedInOperatingActivitiesDiscontinuedOperations,USD,2016-01-01,2016-03-31,13000000.0,10-Q,2017-05-03
us-gaap,CashProvidedByUsedInOperatingActivitiesDiscontinuedOperations,USD,2016-01-01,2016-06-30,14000000.0,10-Q,2016-08-01
us-gaap,CashProvidedByUsedInOperatingActivitiesDiscontinuedOperations,USD,2016-01-01,2016-06-30,14000000.0,10-Q,2017-07-28
us-gaap,CashProvidedByUsedInOperatingActivitiesDiscontinuedOperations,USD,2016-01-01,2016-09-30,26000000.0,10-Q,2016-11-03
us-gaap,CashProvidedByUsedInOperatingActivitiesDiscontinuedOperations,USD,2016-01-01,2016-09-30,26000000.0,10-Q,2017-11-01
us-gaap,CashProvidedByUsedInOperatingActivitiesDiscontinuedOperations,USD,2016-01-01,2016-12-31,25000000.0,10-K,2017-02-23
us-gaap,CashProvidedByUsedInOperatingActivitiesDiscontinuedOperations,USD,2016-01-01,2016-12-31,25000000.0,10-K,2018-02-21
us-gaap,CashProvidedByUsedInOperatingActivitiesDiscontinuedOperations,USD,2016-01-01,2016-12-31,25000000.0,10-K,2019-02-20
us-gaap,CashProvidedByUsedInOperatingActivitiesDiscontinuedOperations,USD,2017-01-01,2017-03-31,-11000000.0,10-Q,2017-05-03
us-gaap,CashProvidedByUsedInOperatingActivitiesDiscontinuedOperations,USD,2017-01-01,2017-03-31,-11000000.0,10-Q,2018-05-02
us-gaap,CashProvidedByUsedInOperatingActivitiesDiscontinuedOperations,USD,2017-01-01,2017-06-30,0.0,10-Q,2017-07-28
us-gaap,CashProvidedByUsedInOperatingActivitiesDiscontinuedOperations,USD,2017-01-01,2017-09-30,-59000000.0,10-Q,2017-11-01
us-gaap,CashProvidedByUsedInOperatingActivitiesDiscontinuedOperations,USD,2017-01-01,2017-09-30,-59000000.0,10-Q,2018-11-01
us-gaap,CashProvidedByUsedInOperatingActivitiesDiscontinuedOperations,USD,2017-01-01,2017-12-31,-361000000.0,10-K,2018-02-21
us-gaap,CashProvidedByUsedInOperatingActivitiesDiscontinuedOperations,USD,2017-01-01,2017-12-31,-361000000.0,10-K,2019-02-20
us-gaap,CashProvidedByUsedInOperatingActivitiesDiscontinuedOperations,USD,2017-01-01,2017-12-31,-361000000.0,10-K,2020-02-20
us-gaap,CashProvidedByUsedInOperatingActivitiesDiscontinuedOperations,USD,2018-01-01,2018-03-31,0.0,10-Q,2018-05-02
us-gaap,CashProvidedByUsedInOperatingActivitiesDiscontinuedOperations,USD,2018-01-01,2018-09-30,0.0,10-Q,2018-11-01
us-gaap,CashProvidedByUsedInOperatingActivitiesDiscontinuedOperations,USD,2018-01-01,2018-12-31,-6000000.0,10-K,2019-02-20
us-gaap,CashProvidedByUsedInOperatingActivitiesDiscontinuedOperations,USD,2018-01-01,2018-12-31,-6000000.0,10-K,2020-02-20
us-gaap,CashProvidedByUsedInOperatingActivitiesDiscontinuedOperations,USD,2018-01-01,2018-12-31,-6000000.0,10-K,2021-02-25
us-gaap,CashProvidedByUsedInOperatingActivitiesDiscontinuedOperations,USD,2019-01-01,2019-03-31,0.0,10-Q,2020-05-01
us-gaap,CashProvidedByUsedInOperatingActivitiesDiscontinuedOperations,USD,2019-01-01,2019-06-30,0.0,10-Q,2020-08-06
us-gaap,CashProvidedByUsedInOperatingActivitiesDiscontinuedOperations,USD,2019-01-01,2019-09-30,0.0,10-Q,2020-11-02
us-gaap,CashProvidedByUsedInOperatingActivitiesDiscontinuedOperations,USD,2019-01-01,2019-12-31,7000000.0,10-K,2020-02-20
us-gaap,CashProvidedByUsedInOperatingActivitiesDiscontinuedOperations,USD,2019-01-01,2019-12-31,7000000.0,10-K,2021-02-25
us-gaap,CashProvidedByUsedInOperatingActivitiesDiscontinuedOperations,USD,2019-01-01,2019-12-31,7000000.0,10-K,2022-02-25
us-gaap,CashProvidedByUsedInOperatingActivitiesDiscontinuedOperations,USD,2020-01-01,2020-03-31,1000000.0,10-Q,2020-05-01
us-gaap,CashProvidedByUsedInOperatingActivitiesDiscontinuedOperations,USD,2020-01-01,2020-03-31,1000000.0,10-Q,2021-05-07
us-gaap,CashProvidedByUsedInOperatingActivitiesDiscontinuedOperations,USD,2020-01-01,2020-06-30,1000000.0,10-Q,2020-08-06
us-gaap,CashProvidedByUsedInOperatingActivitiesDiscontinuedOperations,USD,2020-01-01,2020-06-30,1000000.0,10-Q,2021-07-30
us-gaap,CashProvidedByUsedInOperatingActivitiesDiscontinuedOperations,USD,2020-01-01,2020-09-30,1000000.0,10-Q,2020-11-02
us-gaap,CashProvidedByUsedInOperatingActivitiesDiscontinuedOperations,USD,2020-01-01,2020-09-30,1000000.0,10-Q,2021-11-05
us-gaap,CashProvidedByUsedInOperatingActivitiesDiscontinuedOperations,USD,2020-01-01,2020-12-31,3000000.0,10-K,2021-02-25
us-gaap,CashProvidedByUsedInOperatingActivitiesDiscontinuedOperations,USD,2020-01-01,2020-12-31,3000000.0,10-K,2022-02-25
us-gaap,CashProvidedByUsedInOperatingActivitiesDiscontinuedOperations,USD,2020-01-01,2020-12-31,3000000.0,10-K,2023-02-24
us-gaap,CashProvidedByUsedInOperatingActivitiesDiscontinuedOperations,USD,2021-01-01,2021-03-31,-1000000.0,10-Q,2021-05-07
us-gaap,CashProvidedByUsedInOperatingActivitiesDiscontinuedOperations,USD,2021-01-01,2021-03-31,-1000000.0,10-Q,2022-05-10
us-gaap,CashProvidedByUsedInOperatingActivitiesDiscontinuedOperations,USD,2021-01-01,2021-06-30,-3000000.0,10-Q,2021-07-30
us-gaap,CashProvidedByUsedInOperatingActivitiesDiscontinuedOperations,USD,2021-01-01,2021-06-30,-3000000.0,10-Q,2022-07-29
us-gaap,CashProvidedByUsedInOperatingActivitiesDiscontinuedOperations,USD,2021-01-01,2021-09-30,-6000000.0,10-Q,2021-11-05
us-gaap,CashProvidedByUsedInOperatingActivitiesDiscontinuedOperations,USD,2021-01-01,2021-09-30,-6000000.0,10-Q,2022-11-04
us-gaap,CashProvidedByUsedInOperatingActivitiesDiscontinuedOperations,USD,2021-01-01,2021-12-31,-6000000.0,10-K,2022-02-25
us-gaap,CashProvidedByUsedInOperatingActivitiesDiscontinuedOperations,USD,2021-01-01,2021-12-31,-6000000.0,10-K,2023-02-24
us-gaap,CashProvidedByUsedInOperatingActivitiesDiscontinuedOperations,USD,2021-01-01,2021-12-31,-6000000.0,10-K,2024-02-23
us-gaap,CashProvidedByUsedInOperatingActivitiesDiscontinuedOperations,USD,2022-01-01,2022-03-31,0.0,10-Q,2022-05-10
us-gaap,CashProvidedByUsedInOperatingActivitiesDiscontinuedOperations,USD,2022-01-01,2022-06-30,-1000000.0,10-Q,2022-07-29
us-gaap,CashProvidedByUsedInOperatingActivitiesDiscontinuedOperations,USD,2022-01-01,2022-06-30,-1000000.0,10-Q,2023-07-27
us-gaap,CashProvidedByUsedInOperatingActivitiesDiscontinuedOperations,USD,2022-01-01,2022-09-30,-1000000.0,10-Q,2022-11-04
us-gaap,CashProvidedByUsedInOperatingActivitiesDiscontinuedOperations,USD,2022-01-01,2022-09-30,-1000000.0,10-Q,2023-11-02
us-gaap,CashProvidedByUsedInOperatingActivitiesDiscontinuedOperations,USD,2022-01-01,2022-12-31,-3000000.0,10-K,2023-02-24
us-gaap,CashProvidedByUsedInOperatingActivitiesDiscontinuedOperations,USD,2022-01-01,2022-12-31,-3000000.0,10-K,2024-02-23
us-gaap,CashProvidedByUsedInOperatingActivitiesDiscontinuedOperations,USD,2022-01-01,2022-12-31,-3000000.0,10-K,2025-02-20
us-gaap,CashProvidedByUsedInOperatingActivitiesDiscontinuedOperations,USD,2023-01-01,2023-06-30,0.0,10-Q,2023-07-27
us-gaap,CashProvidedByUsedInOperatingActivitiesDiscontinuedOperations,USD,2023-01-01,2023-09-30,0.0,10-Q,2023-11-02
us-gaap,CashProvidedByUsedInOperatingActivitiesDiscontinuedOperations,USD,2023-01-01,2023-12-31,0.0,10-K,2024-02-23
us-gaap,CashProvidedByUsedInOperatingActivitiesDiscontinuedOperations,USD,2023-01-01,2023-12-31,0.0,10-K,2025-02-20
us-gaap,CashProvidedByUsedInOperatingActivitiesDiscontinuedOperations,USD,2023-01-01,2023-12-31,0.0,10-K,2026-02-19
us-gaap,CashProvidedByUsedInOperatingActivitiesDiscontinuedOperations,USD,2024-01-01,2024-06-30,0.0,10-Q,2025-07-31
us-gaap,CashProvidedByUsedInOperatingActivitiesDiscontinuedOperations,USD,2024-01-01,2024-09-30,0.0,10-Q,2025-11-03
us-gaap,CashProvidedByUsedInOperatingActivitiesDiscontinuedOperations,USD,2024-01-01,2024-12-31,-4000000.0,10-K,2025-02-20
us-gaap,CashProvidedByUsedInOperatingActivitiesDiscontinuedOperations,USD,2024-01-01,2024-12-31,-4000000.0,10-K,2026-02-19
us-gaap,CashProvidedByUsedInOperatingActivitiesDiscontinuedOperations,USD,2025-01-01,2025-06-30,-102000000.0,10-Q,2025-07-31
us-gaap,CashProvidedByUsedInOperatingActivitiesDiscontinuedOperations,USD,2025-01-01,2025-06-30,-102000000.0,10-Q,2026-07-28
us-gaap,CashProvidedByUsedInOperatingActivitiesDiscontinuedOperations,USD,2025-01-01,2025-09-30,14000000.0,10-Q,2025-11-03
us-gaap,CashProvidedByUsedInOperatingActivitiesDiscontinuedOperations,USD,2025-01-01,2025-12-31,84000000.0,10-K,2026-02-19
us-gaap,CashProvidedByUsedInOperatingActivitiesDiscontinuedOperations,USD,2026-01-01,2026-06-30,0.0,10-Q,2026-07-28
us-gaap,CommonEquityTierOneCapital,USD,,2016-12-31,28803000000.0,10-K,2018-02-21
us-gaap,CommonEquityTierOneCapital,USD,,2017-12-31,30036000000.0,10-K,2018-02-21
us-gaap,CommonEquityTierOneCapital,USD,,2017-12-31,30036000000.0,10-K,2019-02-20
us-gaap,CommonEquityTierOneCapital,USD,,2018-12-31,33071000000.0,10-K,2019-02-20
us-gaap,CommonEquityTierOneCapital,USD,,2018-12-31,33071000000.0,10-K,2020-02-20
us-gaap,CommonEquityTierOneCapital,USD,,2019-12-31,38162000000.0,10-K,2020-02-20
us-gaap,CommonEquityTierOneCapital,USD,,2019-12-31,38162000000.0,10-K,2021-02-25
us-gaap,CommonEquityTierOneCapital,USD,,2020-12-31,40736000000.0,10-K,2021-02-25
us-gaap,CommonEquityTierOneCapital,USD,,2020-12-31,40736000000.0,10-K,2022-02-25
us-gaap,CommonEquityTierOneCapital,USD,,2021-12-31,43501000000.0,10-K,2022-02-25
us-gaap,CommonEquityTierOneCapital,USD,,2021-12-31,43501000000.0,10-K,2023-02-24
us-gaap,CommonEquityTierOneCapital,USD,,2022-12-31,44731000000.0,10-K,2023-02-24
us-gaap,CommonEquityTierOneCapital,USD,,2022-12-31,44731000000.0,10-K,2024-02-23
us-gaap,CommonEquityTierOneCapital,USD,,2023-12-31,47615000000.0,10-K,2024-02-23
us-gaap,CommonEquityTierOneCapital,USD,,2023-12-31,47615000000.0,10-K,2025-02-20
us-gaap,CommonEquityTierOneCapital,USD,,2024-12-31,50807000000.0,10-K,2025-02-20
us-gaap,CommonEquityTierOneCapital,USD,,2024-12-31,50807000000.0,10-K,2026-02-19
us-gaap,CommonEquityTierOneCapital,USD,,2025-12-31,73048000000.0,10-K,2026-02-19
us-gaap,CommonStockSharesOutstanding,shares,,2011-12-31,459947217.0,10-K,2013-02-28
us-gaap,CommonStockSharesOutstanding,shares,,2012-12-31,582207133.0,10-K,2013-02-28
us-gaap,CommonStockSharesOutstanding,shares,,2012-12-31,582207133.0,10-Q,2013-05-09
us-gaap,CommonStockSharesOutstanding,shares,,2012-12-31,582207133.0,10-Q,2013-08-08
us-gaap,CommonStockSharesOutstanding,shares,,2012-12-31,582207133.0,10-Q,2013-11-06
us-gaap,CommonStockSharesOutstanding,shares,,2012-12-31,582207133.0,10-K,2014-02-27
us-gaap,CommonStockSharesOutstanding,shares,,2013-03-31,583982235.0,10-Q,2013-05-09
us-gaap,CommonStockSharesOutstanding,shares,,2013-06-30,584862301.0,10-Q,2013-08-08
us-gaap,CommonStockSharesOutstanding,shares,,2013-09-30,581943560.0,10-Q,2013-11-06
us-gaap,CommonStockSharesOutstanding,shares,,2013-12-31,572675375.0,10-K,2014-02-27
us-gaap,CommonStockSharesOutstanding,shares,,2013-12-31,572675375.0,10-Q,2014-05-06
us-gaap,CommonStockSharesOutstanding,shares,,2013-12-31,572675375.0,10-Q,2014-08-05
us-gaap,CommonStockSharesOutstanding,shares,,2013-12-31,572675375.0,10-Q,2014-11-03
us-gaap,CommonStockSharesOutstanding,shares,,2013-12-31,572675375.0,10-K,2015-02-24
us-gaap,CommonStockSharesOutstanding,shares,,2014-03-31,572919084.0,10-Q,2014-05-06
us-gaap,CommonStockSharesOutstanding,shares,,2014-03-31,553391311.0,10-Q,2015-05-05
us-gaap,CommonStockSharesOutstanding,shares,,2014-06-30,561849971.0,10-Q,2014-08-05
us-gaap,CommonStockSharesOutstanding,shares,,2014-09-30,558526922.0,10-Q,2014-11-03
us-gaap,CommonStockSharesOutstanding,shares,,2014-12-31,553391311.0,10-K,2015-02-24
us-gaap,CommonStockSharesOutstanding,shares,,2014-12-31,553391311.0,10-Q,2015-08-03
us-gaap,CommonStockSharesOutstanding,shares,,2014-12-31,553391311.0,10-Q,2015-11-02
us-gaap,CommonStockSharesOutstanding,shares,,2014-12-31,553391311.0,10-K,2016-02-25
us-gaap,CommonStockSharesOutstanding,shares,,2015-03-31,548003155.0,10-Q,2015-05-05
us-gaap,CommonStockSharesOutstanding,shares,,2015-06-30,542460867.0,10-Q,2015-08-03
us-gaap,CommonStockSharesOutstanding,shares,,2015-09-30,534906040.0,10-Q,2015-11-02
us-gaap,CommonStockSharesOutstanding,shares,,2015-12-31,527259920.0,10-K,2016-02-25
us-gaap,CommonStockSharesOutstanding,shares,,2015-12-31,527259920.0,10-Q,2016-05-04
us-gaap,CommonStockSharesOutstanding,shares,,2015-12-31,527259920.0,10-Q,2016-08-01
us-gaap,CommonStockSharesOutstanding,shares,,2015-12-31,527259920.0,10-Q,2016-11-03
us-gaap,CommonStockSharesOutstanding,shares,,2015-12-31,527259920.0,10-K,2017-02-23
us-gaap,CommonStockSharesOutstanding,shares,,2016-03-31,514479243.0,10-Q,2016-05-04
us-gaap,CommonStockSharesOutstanding,shares,,2016-06-30,505924989.0,10-Q,2016-08-01
us-gaap,CommonStockSharesOutstanding,shares,,2016-09-30,489220122.0,10-Q,2016-11-03
us-gaap,CommonStockSharesOutstanding,shares,,2016-12-31,480218547.0,10-K,2017-02-23
us-gaap,CommonStockSharesOutstanding,shares,,2016-12-31,480218547.0,10-Q,2017-05-03
us-gaap,CommonStockSharesOutstanding,shares,,2016-12-31,480218547.0,10-Q,2017-07-28
us-gaap,CommonStockSharesOutstanding,shares,,2016-12-31,480218547.0,10-Q,2017-11-01
us-gaap,CommonStockSharesOutstanding,shares,,2016-12-31,480218547.0,10-K,2018-02-21
us-gaap,CommonStockSharesOutstanding,shares,,2017-03-31,482765459.0,10-Q,2017-05-03
us-gaap,CommonStockSharesOutstanding,shares,,2017-06-30,483692646.0,10-Q,2017-07-28
us-gaap,CommonStockSharesOutstanding,shares,,2017-09-30,484419510.0,10-Q,2017-11-01
us-gaap,CommonStockSharesOutstanding,shares,,2017-12-31,485525340.0,10-K,2018-02-21
us-gaap,CommonStockSharesOutstanding,shares,,2017-12-31,485525340.0,10-Q,2018-05-02
us-gaap,CommonStockSharesOutstanding,shares,,2017-12-31,485525340.0,10-Q,2018-07-27
us-gaap,CommonStockSharesOutstanding,shares,,2017-12-31,485525340.0,10-Q,2018-11-01
us-gaap,CommonStockSharesOutstanding,shares,,2017-12-31,485525340.0,10-K,2019-02-20
us-gaap,CommonStockSharesOutstanding,shares,,2018-03-31,485879230.0,10-Q,2018-05-02
us-gaap,CommonStockSharesOutstanding,shares,,2018-06-30,478425026.0,10-Q,2018-07-27
us-gaap,CommonStockSharesOutstanding,shares,,2018-09-30,473656501.0,10-Q,2018-11-01
us-gaap,CommonStockSharesOutstanding,shares,,2018-12-31,467717306.0,10-K,2019-02-20
us-gaap,CommonStockSharesOutstanding,shares,,2018-12-31,467717306.0,10-Q,2019-05-01
us-gaap,CommonStockSharesOutstanding,shares,,2018-12-31,467717306.0,10-Q,2019-07-31
us-gaap,CommonStockSharesOutstanding,shares,,2018-12-31,467717306.0,10-Q,2019-10-31
us-gaap,CommonStockSharesOutstanding,shares,,2018-12-31,467717306.0,10-K,2020-02-20
us-gaap,CommonStockSharesOutstanding,shares,,2019-03-31,469596514.0,10-Q,2019-05-01
us-gaap,CommonStockSharesOutstanding,shares,,2019-06-30,470333041.0,10-Q,2019-07-31
us-gaap,CommonStockSharesOutstanding,shares,,2019-09-30,465720986.0,10-Q,2019-10-31
us-gaap,CommonStockSharesOutstanding,shares,,2019-12-31,456562399.0,10-K,2020-02-20
us-gaap,CommonStockSharesOutstanding,shares,,2019-12-31,456562399.0,10-Q,2020-05-01
us-gaap,CommonStockSharesOutstanding,shares,,2019-12-31,456562399.0,10-Q,2020-08-06
us-gaap,CommonStockSharesOutstanding,shares,,2019-12-31,456562399.0,10-Q,2020-11-02
us-gaap,CommonStockSharesOutstanding,shares,,2019-12-31,456562399.0,10-K,2021-02-25
us-gaap,CommonStockSharesOutstanding,shares,,2020-03-31,455310083.0,10-Q,2020-05-01
us-gaap,CommonStockSharesOutstanding,shares,,2020-06-30,456335486.0,10-Q,2020-08-06
us-gaap,CommonStockSharesOutstanding,shares,,2020-09-30,457397091.0,10-Q,2020-11-02
us-gaap,CommonStockSharesOutstanding,shares,,2020-12-31,458972202.0,10-K,2021-02-25
us-gaap,CommonStockSharesOutstanding,shares,,2020-12-31,458972202.0,10-Q,2021-05-07
us-gaap,CommonStockSharesOutstanding,shares,,2020-12-31,458972202.0,10-Q,2021-07-30
us-gaap,CommonStockSharesOutstanding,shares,,2020-12-31,458972202.0,10-Q,2021-11-05
us-gaap,CommonStockSharesOutstanding,shares,,2020-12-31,458972202.0,10-K,2022-02-25
us-gaap,CommonStockSharesOutstanding,shares,,2021-03-31,456800844.0,10-Q,2021-05-07
us-gaap,CommonStockSharesOutstanding,shares,,2021-06-30,446113769.0,10-Q,2021-07-30
us-gaap,CommonStockSharesOutstanding,shares,,2021-09-30,430375948.0,10-Q,2021-11-05
us-gaap,CommonStockSharesOutstanding,shares,,2021-12-31,413858537.0,10-K,2022-02-25
us-gaap,CommonStockSharesOutstanding,shares,,2021-12-31,413858537.0,10-Q,2022-05-10
us-gaap,CommonStockSharesOutstanding,shares,,2021-12-31,413858537.0,10-Q,2022-07-29
us-gaap,CommonStockSharesOutstanding,shares,,2021-12-31,413858537.0,10-Q,2022-11-04
us-gaap,CommonStockSharesOutstanding,shares,,2021-12-31,413858537.0,10-K,2023-02-24
us-gaap,CommonStockSharesOutstanding,shares,,2022-03-31,398987722.0,10-Q,2022-05-10
us-gaap,CommonStockSharesOutstanding,shares,,2022-06-30,383817721.0,10-Q,2022-07-29
us-gaap,CommonStockSharesOutstanding,shares,,2022-09-30,381976333.0,10-Q,2022-11-04
us-gaap,CommonStockSharesOutstanding,shares,,2022-12-31,381318702.0,10-K,2023-02-24
us-gaap,CommonStockSharesOutstanding,shares,,2022-12-31,381318702.0,10-Q,2023-05-05
us-gaap,CommonStockSharesOutstanding,shares,,2022-12-31,381318702.0,10-Q,2023-07-27
us-gaap,CommonStockSharesOutstanding,shares,,2022-12-31,381318702.0,10-Q,2023-11-02
us-gaap,CommonStockSharesOutstanding,shares,,2022-12-31,381318702.0,10-K,2024-02-23
us-gaap,CommonStockSharesOutstanding,shares,,2023-03-31,382030281.0,10-Q,2023-05-05
us-gaap,CommonStockSharesOutstanding,shares,,2023-06-30,381441449.0,10-Q,2023-07-27
us-gaap,CommonStockSharesOutstanding,shares,,2023-09-30,380991150.0,10-Q,2023-11-02
us-gaap,CommonStockSharesOutstanding,shares,,2023-12-31,380389609.0,10-K,2024-02-23
us-gaap,CommonStockSharesOutstanding,shares,,2023-12-31,380389609.0,10-Q,2024-05-02
us-gaap,CommonStockSharesOutstanding,shares,,2023-12-31,380389609.0,10-Q,2024-08-01
us-gaap,CommonStockSharesOutstanding,shares,,2023-12-31,380389609.0,10-Q,2024-10-31
us-gaap,CommonStockSharesOutstanding,shares,,2023-12-31,380389609.0,10-K,2025-02-20
us-gaap,CommonStockSharesOutstanding,shares,,2024-03-31,382063343.0,10-Q,2024-05-02
us-gaap,CommonStockSharesOutstanding,shares,,2024-06-30,381856146.0,10-Q,2024-08-01
us-gaap,CommonStockSharesOutstanding,shares,,2024-09-30,381510336.0,10-Q,2024-10-31
us-gaap,CommonStockSharesOutstanding,shares,,2024-12-31,381230343.0,10-K,2025-02-20
us-gaap,CommonStockSharesOutstanding,shares,,2024-12-31,381230343.0,10-Q,2025-05-07
us-gaap,CommonStockSharesOutstanding,shares,,2024-12-31,381230343.0,10-Q,2025-07-31
us-gaap,CommonStockSharesOutstanding,shares,,2024-12-31,381230343.0,10-Q,2025-11-03
us-gaap,CommonStockSharesOutstanding,shares,,2024-12-31,381230343.0,10-K,2026-02-19
us-gaap,CommonStockSharesOutstanding,shares,,2025-03-31,382959187.0,10-Q,2025-05-07
us-gaap,CommonStockSharesOutstanding,shares,,2025-06-30,639517306.0,10-Q,2025-07-31
us-gaap,CommonStockSharesOutstanding,shares,,2025-09-30,635733605.0,10-Q,2025-11-03
us-gaap,CommonStockSharesOutstanding,shares,,2025-12-31,625102271.0,10-K,2026-02-19
us-gaap,CommonStockSharesOutstanding,shares,,2025-12-31,625102271.0,10-Q,2026-05-07
us-gaap,CommonStockSharesOutstanding,shares,,2025-12-31,625102271.0,10-Q,2026-07-28
us-gaap,CommonStockSharesOutstanding,shares,,2026-03-31,615856605.0,10-Q,2026-05-07
us-gaap,CommonStockSharesOutstanding,shares,,2026-06-30,613484836.0,10-Q,2026-07-28
us-gaap,Deposits,USD,,2008-12-31,108620789000.0,10-Q,2009-08-10
us-gaap,Deposits,USD,,2008-12-31,108620789000.0,10-Q,2009-11-09
us-gaap,Deposits,USD,,2008-12-31,108620789000.0,10-K,2010-02-26
us-gaap,Deposits,USD,,2009-06-30,116724190000.0,10-Q,2009-08-10
us-gaap,Deposits,USD,,2009-09-30,114503111000.0,10-Q,2009-11-09
us-gaap,Deposits,USD,,2009-12-31,115809096000.0,10-K,2010-02-26
us-gaap,Deposits,USD,,2009-12-31,115809096000.0,10-Q,2010-05-07
us-gaap,Deposits,USD,,2009-12-31,115809000000.0,10-Q,2010-08-09
us-gaap,Deposits,USD,,2009-12-31,115809000000.0,10-Q,2010-11-08
us-gaap,Deposits,USD,,2009-12-31,115809000000.0,10-K/A,2011-03-07
us-gaap,Deposits,USD,,2010-03-31,117786559000.0,10-Q,2010-05-07
us-gaap,Deposits,USD,,2010-06-30,117331000000.0,10-Q,2010-08-09
us-gaap,Deposits,USD,,2010-09-30,119212000000.0,10-Q,2010-11-08
us-gaap,Deposits,USD,,2010-12-31,122210000000.0,10-K/A,2011-03-07
us-gaap,Deposits,USD,,2010-12-31,122210000000.0,10-Q,2011-05-10
us-gaap,Deposits,USD,,2010-12-31,122210000000.0,10-Q,2011-08-05
us-gaap,Deposits,USD,,2010-12-31,122210000000.0,10-Q,2011-11-07
us-gaap,Deposits,USD,,2010-12-31,122210000000.0,10-K,2012-02-29
us-gaap,Deposits,USD,,2011-03-31,125446000000.0,10-Q,2011-05-10
us-gaap,Deposits,USD,,2011-06-30,126117000000.0,10-Q,2011-08-05
us-gaap,Deposits,USD,,2011-09-30,128318000000.0,10-Q,2011-11-07
us-gaap,Deposits,USD,,2011-12-31,128226000000.0,10-K,2012-02-29
us-gaap,Deposits,USD,,2011-12-31,128226000000.0,10-Q,2012-05-08
us-gaap,Deposits,USD,,2011-12-31,128226000000.0,10-Q,2012-08-09
us-gaap,Deposits,USD,,2011-12-31,128226000000.0,10-Q,2012-11-08
us-gaap,Deposits,USD,,2011-12-31,128226000000.0,10-K,2013-02-28
us-gaap,Deposits,USD,,2011-12-31,128226000000.0,10-K,2014-02-27
us-gaap,Deposits,USD,,2012-03-31,216528000000.0,10-Q,2012-05-08
us-gaap,Deposits,USD,,2012-06-30,213931000000.0,10-Q,2012-08-09
us-gaap,Deposits,USD,,2012-09-30,213255000000.0,10-Q,2012-11-08
us-gaap,Deposits,USD,,2012-09-30,213255000000.0,10-Q,2013-11-06
us-gaap,Deposits,USD,,2012-12-31,212485000000.0,10-K,2013-02-28
us-gaap,Deposits,USD,,2012-12-31,212485000000.0,10-Q,2013-05-09
us-gaap,Deposits,USD,,2012-12-31,212485000000.0,10-Q,2013-08-08
us-gaap,Deposits,USD,,2012-12-31,212485000000.0,10-Q,2013-11-06
us-gaap,Deposits,USD,,2012-12-31,212485000000.0,10-K,2014-02-27
us-gaap,Deposits,USD,,2012-12-31,212485000000.0,10-K,2015-02-24
us-gaap,Deposits,USD,,2013-03-31,212410000000.0,10-Q,2013-05-09
us-gaap,Deposits,USD,,2013-03-31,212410000000.0,10-Q,2014-05-06
us-gaap,Deposits,USD,,2013-06-30,209865000000.0,10-Q,2013-08-08
us-gaap,Deposits,USD,,2013-06-30,209865000000.0,10-Q,2014-08-05
us-gaap,Deposits,USD,,2013-09-30,206834000000.0,10-Q,2013-11-06
us-gaap,Deposits,USD,,2013-09-30,206834000000.0,10-Q,2014-11-03
us-gaap,Deposits,USD,,2013-12-31,204523000000.0,10-K,2014-02-27
us-gaap,Deposits,USD,,2013-12-31,204523000000.0,10-Q,2014-05-06
us-gaap,Deposits,USD,,2013-12-31,204523000000.0,10-Q,2014-08-05
us-gaap,Deposits,USD,,2013-12-31,204523000000.0,10-Q,2014-11-03
us-gaap,Deposits,USD,,2013-12-31,204523000000.0,10-K,2015-02-24
us-gaap,Deposits,USD,,2013-12-31,204523000000.0,10-K,2016-02-25
us-gaap,Deposits,USD,,2014-03-31,208324000000.0,10-Q,2014-05-06
us-gaap,Deposits,USD,,2014-03-31,208324000000.0,10-Q,2015-05-05
us-gaap,Deposits,USD,,2014-06-30,205890000000.0,10-Q,2014-08-05
us-gaap,Deposits,USD,,2014-06-30,205890000000.0,10-Q,2015-08-03
us-gaap,Deposits,USD,,2014-09-30,204264000000.0,10-Q,2014-11-03
us-gaap,Deposits,USD,,2014-09-30,204264000000.0,10-Q,2015-11-02
us-gaap,Deposits,USD,,2014-12-31,205548000000.0,10-K,2015-02-24
us-gaap,Deposits,USD,,2014-12-31,205548000000.0,10-Q,2015-05-05
us-gaap,Deposits,USD,,2014-12-31,205548000000.0,10-Q,2015-08-03
us-gaap,Deposits,USD,,2014-12-31,205548000000.0,10-Q,2015-11-02
us-gaap,Deposits,USD,,2014-12-31,205548000000.0,10-K,2016-02-25
us-gaap,Deposits,USD,,2014-12-31,205548000000.0,10-K,2017-02-23
us-gaap,Deposits,USD,,2015-03-31,210440000000.0,10-Q,2015-05-05
us-gaap,Deposits,USD,,2015-03-31,210440000000.0,10-Q,2016-05-04
us-gaap,Deposits,USD,,2015-06-30,208780000000.0,10-Q,2015-08-03
us-gaap,Deposits,USD,,2015-06-30,208780000000.0,10-Q,2016-08-01
us-gaap,Deposits,USD,,2015-09-30,212903000000.0,10-Q,2015-11-02
us-gaap,Deposits,USD,,2015-09-30,212903000000.0,10-Q,2016-11-03
us-gaap,Deposits,USD,,2015-12-31,217721000000.0,10-K,2016-02-25
us-gaap,Deposits,USD,,2015-12-31,217721000000.0,10-Q,2016-05-04
us-gaap,Deposits,USD,,2015-12-31,217721000000.0,10-Q,2016-08-01
us-gaap,Deposits,USD,,2015-12-31,217721000000.0,10-Q,2016-11-03
us-gaap,Deposits,USD,,2015-12-31,217721000000.0,10-K,2017-02-23
us-gaap,Deposits,USD,,2015-12-31,217721000000.0,10-K,2018-02-21
us-gaap,Deposits,USD,,2016-03-31,221779000000.0,10-Q,2016-05-04
us-gaap,Deposits,USD,,2016-03-31,221779000000.0,10-Q,2017-05-03
us-gaap,Deposits,USD,,2016-06-30,221059000000.0,10-Q,2016-08-01
us-gaap,Deposits,USD,,2016-06-30,221059000000.0,10-Q,2017-07-28
us-gaap,Deposits,USD,,2016-09-30,225981000000.0,10-Q,2016-11-03
us-gaap,Deposits,USD,,2016-09-30,225981000000.0,10-Q,2017-11-01
us-gaap,Deposits,USD,,2016-12-31,236768000000.0,10-K,2017-02-23
us-gaap,Deposits,USD,,2016-12-31,236768000000.0,10-Q,2017-05-03
us-gaap,Deposits,USD,,2016-12-31,236768000000.0,10-Q,2017-07-28
us-gaap,Deposits,USD,,2016-12-31,236768000000.0,10-Q,2017-11-01
us-gaap,Deposits,USD,,2016-12-31,236768000000.0,10-K,2018-02-21
us-gaap,Deposits,USD,,2016-12-31,236768000000.0,10-K,2019-02-20
us-gaap,Deposits,USD,,2017-03-31,241182000000.0,10-Q,2017-05-03
us-gaap,Deposits,USD,,2017-03-31,241182000000.0,10-Q,2018-05-02
us-gaap,Deposits,USD,,2017-06-30,239763000000.0,10-Q,2017-07-28
us-gaap,Deposits,USD,,2017-06-30,239763000000.0,10-Q,2018-07-27
us-gaap,Deposits,USD,,2017-09-30,239062000000.0,10-Q,2017-11-01
us-gaap,Deposits,USD,,2017-09-30,239062000000.0,10-Q,2018-11-01
us-gaap,Deposits,USD,,2017-12-31,243702000000.0,10-K,2018-02-21
us-gaap,Deposits,USD,,2017-12-31,243702000000.0,10-Q,2018-05-02
us-gaap,Deposits,USD,,2017-12-31,243702000000.0,10-Q,2018-07-27
us-gaap,Deposits,USD,,2017-12-31,243702000000.0,10-Q,2018-11-01
us-gaap,Deposits,USD,,2017-12-31,243702000000.0,10-K,2019-02-20
us-gaap,Deposits,USD,,2017-12-31,243702000000.0,10-K,2020-02-20
us-gaap,Deposits,USD,,2018-03-31,250847000000.0,10-Q,2018-05-02
us-gaap,Deposits,USD,,2018-03-31,250847000000.0,10-Q,2019-05-01
us-gaap,Deposits,USD,,2018-06-30,248225000000.0,10-Q,2018-07-27
us-gaap,Deposits,USD,,2018-06-30,248225000000.0,10-Q,2019-07-31
us-gaap,Deposits,USD,,2018-09-30,247195000000.0,10-Q,2018-11-01
us-gaap,Deposits,USD,,2018-09-30,247195000000.0,10-Q,2019-10-31
us-gaap,Deposits,USD,,2018-12-31,249764000000.0,10-K,2019-02-20
us-gaap,Deposits,USD,,2018-12-31,249764000000.0,10-Q,2019-05-01
us-gaap,Deposits,USD,,2018-12-31,249764000000.0,10-Q,2019-07-31
us-gaap,Deposits,USD,,2018-12-31,249764000000.0,10-Q,2019-10-31
us-gaap,Deposits,USD,,2018-12-31,249764000000.0,10-K,2020-02-20
us-gaap,Deposits,USD,,2018-12-31,249764000000.0,10-K,2021-02-25
us-gaap,Deposits,USD,,2019-03-31,255107000000.0,10-Q,2019-05-01
us-gaap,Deposits,USD,,2019-03-31,255107000000.0,10-Q,2020-05-01
us-gaap,Deposits,USD,,2019-06-30,254535000000.0,10-Q,2019-07-31
us-gaap,Deposits,USD,,2019-06-30,254535000000.0,10-Q,2020-08-06
us-gaap,Deposits,USD,,2019-09-30,257148000000.0,10-Q,2019-10-31
us-gaap,Deposits,USD,,2019-09-30,257148000000.0,10-Q,2020-11-02
us-gaap,Deposits,USD,,2019-12-31,262697000000.0,10-K,2020-02-20
us-gaap,Deposits,USD,,2019-12-31,262697000000.0,10-Q,2020-05-01
us-gaap,Deposits,USD,,2019-12-31,262697000000.0,10-Q,2020-08-06
us-gaap,Deposits,USD,,2019-12-31,262697000000.0,10-Q,2020-11-02
us-gaap,Deposits,USD,,2019-12-31,262697000000.0,10-K,2021-02-25
us-gaap,Deposits,USD,,2019-12-31,262697000000.0,10-K,2022-02-25
us-gaap,Deposits,USD,,2020-03-31,269689000000.0,10-Q,2020-05-01
us-gaap,Deposits,USD,,2020-03-31,269689000000.0,10-Q,2021-05-07
us-gaap,Deposits,USD,,2020-06-30,304238000000.0,10-Q,2020-08-06
us-gaap,Deposits,USD,,2020-06-30,304238000000.0,10-Q,2021-07-30
us-gaap,Deposits,USD,,2020-09-30,305725000000.0,10-Q,2020-11-02
us-gaap,Deposits,USD,,2020-09-30,305725000000.0,10-Q,2021-11-05
us-gaap,Deposits,USD,,2020-12-31,305442000000.0,10-K,2021-02-25
us-gaap,Deposits,USD,,2020-12-31,305442000000.0,10-Q,2021-05-07
us-gaap,Deposits,USD,,2020-12-31,305442000000.0,10-Q,2021-07-30
us-gaap,Deposits,USD,,2020-12-31,305442000000.0,10-Q,2021-11-05
us-gaap,Deposits,USD,,2020-12-31,305442000000.0,10-K,2022-02-25
us-gaap,Deposits,USD,,2020-12-31,305442000000.0,10-K,2023-02-24
us-gaap,Deposits,USD,,2021-03-31,310328000000.0,10-Q,2021-05-07
us-gaap,Deposits,USD,,2021-03-31,310328000000.0,10-Q,2022-05-10
us-gaap,Deposits,USD,,2021-06-30,306308000000.0,10-Q,2021-07-30
us-gaap,Deposits,USD,,2021-06-30,306308000000.0,10-Q,2022-07-29
us-gaap,Deposits,USD,,2021-09-30,305938000000.0,10-Q,2021-11-05
us-gaap,Deposits,USD,,2021-09-30,305938000000.0,10-Q,2022-11-04
us-gaap,Deposits,USD,,2021-12-31,310980000000.0,10-K,2022-02-25
us-gaap,Deposits,USD,,2021-12-31,310980000000.0,10-Q,2022-05-10
us-gaap,Deposits,USD,,2021-12-31,310980000000.0,10-Q,2022-07-29
us-gaap,Deposits,USD,,2021-12-31,310980000000.0,10-Q,2022-11-04
us-gaap,Deposits,USD,,2021-12-31,310980000000.0,10-K,2023-02-24
us-gaap,Deposits,USD,,2021-12-31,310980000000.0,10-K,2024-02-23
us-gaap,Deposits,USD,,2022-03-31,313429000000.0,10-Q,2022-05-10
us-gaap,Deposits,USD,,2022-03-31,313429000000.0,10-Q,2023-05-05
us-gaap,Deposits,USD,,2022-06-30,307885000000.0,10-Q,2022-07-29
us-gaap,Deposits,USD,,2022-06-30,307885000000.0,10-Q,2023-07-27
us-gaap,Deposits,USD,,2022-09-30,317193000000.0,10-Q,2022-11-04
us-gaap,Deposits,USD,,2022-09-30,317193000000.0,10-Q,2023-11-02
us-gaap,Deposits,USD,,2022-12-31,332992000000.0,10-K,2023-02-24
us-gaap,Deposits,USD,,2022-12-31,332992000000.0,10-Q,2023-05-05
us-gaap,Deposits,USD,,2022-12-31,332992000000.0,10-Q,2023-07-27
us-gaap,Deposits,USD,,2022-12-31,332992000000.0,10-Q,2023-11-02
us-gaap,Deposits,USD,,2022-12-31,332992000000.0,10-K,2024-02-23
us-gaap,Deposits,USD,,2022-12-31,332992000000.0,10-K,2025-02-20
us-gaap,Deposits,USD,,2023-03-31,349827000000.0,10-Q,2023-05-05
us-gaap,Deposits,USD,,2023-03-31,349827000000.0,10-Q,2024-05-02
us-gaap,Deposits,USD,,2023-06-30,343705000000.0,10-Q,2023-07-27
us-gaap,Deposits,USD,,2023-06-30,343705000000.0,10-Q,2024-08-01
us-gaap,Deposits,USD,,2023-09-30,346011000000.0,10-Q,2023-11-02
us-gaap,Deposits,USD,,2023-09-30,346011000000.0,10-Q,2024-10-31
us-gaap,Deposits,USD,,2023-12-31,348413000000.0,10-K,2024-02-23
us-gaap,Deposits,USD,,2023-12-31,348413000000.0,10-Q,2024-05-02
us-gaap,Deposits,USD,,2023-12-31,348413000000.0,10-Q,2024-08-01
us-gaap,Deposits,USD,,2023-12-31,348413000000.0,10-Q,2024-10-31
us-gaap,Deposits,USD,,2023-12-31,348413000000.0,10-K,2025-02-20
us-gaap,Deposits,USD,,2023-12-31,348413000000.0,10-K,2026-02-19
us-gaap,Deposits,USD,,2024-03-31,350969000000.0,10-Q,2024-05-02
us-gaap,Deposits,USD,,2024-03-31,350969000000.0,10-Q,2025-05-07
us-gaap,Deposits,USD,,2024-06-30,351442000000.0,10-Q,2024-08-01
us-gaap,Deposits,USD,,2024-06-30,351442000000.0,10-Q,2025-07-31
us-gaap,Deposits,USD,,2024-09-30,353631000000.0,10-Q,2024-10-31
us-gaap,Deposits,USD,,2024-09-30,353631000000.0,10-Q,2025-11-03
us-gaap,Deposits,USD,,2024-12-31,362707000000.0,10-K,2025-02-20
us-gaap,Deposits,USD,,2024-12-31,362707000000.0,10-Q,2025-05-07
us-gaap,Deposits,USD,,2024-12-31,362707000000.0,10-Q,2025-07-31
us-gaap,Deposits,USD,,2024-12-31,362707000000.0,10-Q,2025-11-03
us-gaap,Deposits,USD,,2024-12-31,362707000000.0,10-K,2026-02-19
us-gaap,Deposits,USD,,2025-03-31,367464000000.0,10-Q,2025-05-07
us-gaap,Deposits,USD,,2025-03-31,367464000000.0,10-Q,2026-05-07
us-gaap,Deposits,USD,,2025-06-30,468110000000.0,10-Q,2025-07-31
us-gaap,Deposits,USD,,2025-06-30,468110000000.0,10-Q,2026-07-28
us-gaap,Deposits,USD,,2025-09-30,468785000000.0,10-Q,2025-11-03
us-gaap,Deposits,USD,,2025-12-31,475771000000.0,10-K,2026-02-19
us-gaap,Deposits,USD,,2025-12-31,475771000000.0,10-Q,2026-05-07
us-gaap,Deposits,USD,,2025-12-31,475771000000.0,10-Q,2026-07-28
us-gaap,Deposits,USD,,2026-03-31,489053000000.0,10-Q,2026-05-07
us-gaap,Deposits,USD,,2026-06-30,484257000000.0,10-Q,2026-07-28
us-gaap,FederalHomeLoanBankAdvancesLongTerm,USD,,2009-12-31,1152000000.0,10-Q,2010-11-08
us-gaap,FederalHomeLoanBankAdvancesLongTerm,USD,,2010-09-30,1069000000.0,10-Q,2010-11-08
us-gaap,FederalHomeLoanBankAdvancesLongTerm,USD,,2010-12-31,1144000000.0,10-Q,2011-11-07
us-gaap,FederalHomeLoanBankAdvancesLongTerm,USD,,2010-12-31,1144000000.0,10-Q,2011-08-05
us-gaap,FederalHomeLoanBankAdvancesLongTerm,USD,,2010-12-31,1144000000.0,10-Q,2011-05-10
us-gaap,FederalHomeLoanBankAdvancesLongTerm,USD,,2011-03-31,1135000000.0,10-Q,2011-05-10
us-gaap,FederalHomeLoanBankAdvancesLongTerm,USD,,2011-06-30,1129000000.0,10-Q,2011-08-05
us-gaap,FederalHomeLoanBankAdvancesLongTerm,USD,,2011-09-30,1061000000.0,10-Q,2011-11-07
us-gaap,FederalHomeLoanBankAdvancesMaturitiesSummaryByInterestRateType,USD,,2009-12-31,3234000000.0,10-Q,2010-08-09
us-gaap,FederalHomeLoanBankAdvancesMaturitiesSummaryByInterestRateType,USD,,2010-06-30,1215000000.0,10-Q,2010-08-09
us-gaap,FederalHomeLoanBankAdvancesMaturitiesSummaryByInterestRateTypeFixedRate,USD,,2009-12-31,2309000000.0,10-Q,2010-08-09
us-gaap,FederalHomeLoanBankAdvancesMaturitiesSummaryByInterestRateTypeFixedRate,USD,,2010-06-30,290000000.0,10-Q,2010-08-09
us-gaap,FederalHomeLoanBankAdvancesMaturitiesSummaryByInterestRateTypeFloatingRate,USD,,2009-12-31,925000000.0,10-Q,2010-08-09
us-gaap,FederalHomeLoanBankAdvancesMaturitiesSummaryByInterestRateTypeFloatingRate,USD,,2010-06-30,925000000.0,10-Q,2010-08-09
us-gaap,FederalHomeLoanBankAdvancesShortTerm,USD,,2009-12-31,2081000000.0,10-Q,2010-11-08
us-gaap,FederalHomeLoanBankAdvancesShortTerm,USD,,2010-09-30,82000000.0,10-Q,2010-11-08
us-gaap,FederalHomeLoanBankAdvancesShortTerm,USD,,2010-12-31,0.0,10-K,2012-02-29
us-gaap,FederalHomeLoanBankAdvancesShortTerm,USD,,2010-12-31,0.0,10-Q,2011-08-05
us-gaap,FederalHomeLoanBankAdvancesShortTerm,USD,,2011-06-30,1865000000.0,10-Q,2011-08-05
us-gaap,FederalHomeLoanBankAdvancesShortTerm,USD,,2011-12-31,5835000000.0,10-Q,2012-11-08
us-gaap,FederalHomeLoanBankAdvancesShortTerm,USD,,2011-12-31,5835000000.0,10-Q,2012-08-09
us-gaap,FederalHomeLoanBankAdvancesShortTerm,USD,,2011-12-31,5835000000.0,10-Q,2012-05-08
us-gaap,FederalHomeLoanBankAdvancesShortTerm,USD,,2011-12-31,5835000000.0,10-K,2012-02-29
us-gaap,FederalHomeLoanBankAdvancesShortTerm,USD,,2012-03-31,0.0,10-Q,2012-05-08
us-gaap,FederalHomeLoanBankAdvancesShortTerm,USD,,2012-06-30,4400000000.0,10-Q,2012-08-09
us-gaap,FederalHomeLoanBankAdvancesShortTerm,USD,,2012-09-30,8285000000.0,10-Q,2012-11-08
us-gaap,FinancingReceivableExcludingAccruedInterestBeforeAllowanceForCreditLoss,USD,,2020-12-31,251624000000.0,10-Q,2021-11-05
us-gaap,FinancingReceivableExcludingAccruedInterestBeforeAllowanceForCreditLoss,USD,,2020-12-31,251624000000.0,10-K,2022-02-25
us-gaap,FinancingReceivableExcludingAccruedInterestBeforeAllowanceForCreditLoss,USD,,2021-09-30,261390000000.0,10-Q,2021-11-05
us-gaap,FinancingReceivableExcludingAccruedInterestBeforeAllowanceForCreditLoss,USD,,2021-12-31,277340000000.0,10-K,2022-02-25
us-gaap,FinancingReceivableExcludingAccruedInterestBeforeAllowanceForCreditLoss,USD,,2021-12-31,277340000000.0,10-Q,2022-05-10
us-gaap,FinancingReceivableExcludingAccruedInterestBeforeAllowanceForCreditLoss,USD,,2021-12-31,277340000000.0,10-Q,2022-07-29
us-gaap,FinancingReceivableExcludingAccruedInterestBeforeAllowanceForCreditLoss,USD,,2021-12-31,277340000000.0,10-Q,2022-11-04
us-gaap,FinancingReceivableExcludingAccruedInterestBeforeAllowanceForCreditLoss,USD,,2021-12-31,277340000000.0,10-K,2023-02-24
us-gaap,FinancingReceivableExcludingAccruedInterestBeforeAllowanceForCreditLoss,USD,,2022-03-31,280466000000.0,10-Q,2022-05-10
us-gaap,FinancingReceivableExcludingAccruedInterestBeforeAllowanceForCreditLoss,USD,,2022-06-30,296384000000.0,10-Q,2022-07-29
us-gaap,FinancingReceivableExcludingAccruedInterestBeforeAllowanceForCreditLoss,USD,,2022-09-30,303943000000.0,10-Q,2022-11-04
us-gaap,FinancingReceivableExcludingAccruedInterestBeforeAllowanceForCreditLoss,USD,,2022-12-31,312331000000.0,10-K,2023-02-24
us-gaap,FinancingReceivableExcludingAccruedInterestBeforeAllowanceForCreditLoss,USD,,2022-12-31,312331000000.0,10-Q,2023-05-05
us-gaap,FinancingReceivableExcludingAccruedInterestBeforeAllowanceForCreditLoss,USD,,2022-12-31,312331000000.0,10-Q,2023-07-27
us-gaap,FinancingReceivableExcludingAccruedInterestBeforeAllowanceForCreditLoss,USD,,2022-12-31,312331000000.0,10-Q,2023-11-02
us-gaap,FinancingReceivableExcludingAccruedInterestBeforeAllowanceForCreditLoss,USD,,2022-12-31,312331000000.0,10-K,2024-02-23
us-gaap,FinancingReceivableExcludingAccruedInterestBeforeAllowanceForCreditLoss,USD,,2023-03-31,308836000000.0,10-Q,2023-05-05
us-gaap,FinancingReceivableExcludingAccruedInterestBeforeAllowanceForCreditLoss,USD,,2023-06-30,311323000000.0,10-Q,2023-07-27
us-gaap,FinancingReceivableExcludingAccruedInterestBeforeAllowanceForCreditLoss,USD,,2023-09-30,314780000000.0,10-Q,2023-11-02
us-gaap,FinancingReceivableExcludingAccruedInterestBeforeAllowanceForCreditLoss,USD,,2023-12-31,320472000000.0,10-K,2024-02-23
us-gaap,FinancingReceivableExcludingAccruedInterestBeforeAllowanceForCreditLoss,USD,,2023-12-31,320472000000.0,10-Q,2024-05-02
us-gaap,FinancingReceivableExcludingAccruedInterestBeforeAllowanceForCreditLoss,USD,,2023-12-31,320472000000.0,10-Q,2024-08-01
us-gaap,FinancingReceivableExcludingAccruedInterestBeforeAllowanceForCreditLoss,USD,,2023-12-31,320472000000.0,10-Q,2024-10-31
us-gaap,FinancingReceivableExcludingAccruedInterestBeforeAllowanceForCreditLoss,USD,,2023-12-31,320472000000.0,10-K,2025-02-20
us-gaap,FinancingReceivableExcludingAccruedInterestBeforeAllowanceForCreditLoss,USD,,2024-03-31,315154000000.0,10-Q,2024-05-02
us-gaap,FinancingReceivableExcludingAccruedInterestBeforeAllowanceForCreditLoss,USD,,2024-06-30,318186000000.0,10-Q,2024-08-01
us-gaap,FinancingReceivableExcludingAccruedInterestBeforeAllowanceForCreditLoss,USD,,2024-09-30,320243000000.0,10-Q,2024-10-31
us-gaap,FinancingReceivableExcludingAccruedInterestBeforeAllowanceForCreditLoss,USD,,2024-12-31,327775000000.0,10-K,2025-02-20
us-gaap,FinancingReceivableExcludingAccruedInterestBeforeAllowanceForCreditLoss,USD,,2024-12-31,327775000000.0,10-Q,2025-05-07
us-gaap,FinancingReceivableExcludingAccruedInterestBeforeAllowanceForCreditLoss,USD,,2024-12-31,327775000000.0,10-Q,2025-07-31
us-gaap,FinancingReceivableExcludingAccruedInterestBeforeAllowanceForCreditLoss,USD,,2024-12-31,327775000000.0,10-Q,2025-11-03
us-gaap,FinancingReceivableExcludingAccruedInterestBeforeAllowanceForCreditLoss,USD,,2024-12-31,327775000000.0,10-K,2026-02-19
us-gaap,FinancingReceivableExcludingAccruedInterestBeforeAllowanceForCreditLoss,USD,,2025-03-31,323598000000.0,10-Q,2025-05-07
us-gaap,FinancingReceivableExcludingAccruedInterestBeforeAllowanceForCreditLoss,USD,,2025-06-30,439297000000.0,10-Q,2025-07-31
us-gaap,FinancingReceivableExcludingAccruedInterestBeforeAllowanceForCreditLoss,USD,,2025-09-30,443159000000.0,10-Q,2025-11-03
us-gaap,FinancingReceivableExcludingAccruedInterestBeforeAllowanceForCreditLoss,USD,,2025-12-31,453622000000.0,10-K,2026-02-19
us-gaap,FinancingReceivableExcludingAccruedInterestBeforeAllowanceForCreditLoss,USD,,2025-12-31,453622000000.0,10-Q,2026-05-07
us-gaap,FinancingReceivableExcludingAccruedInterestBeforeAllowanceForCreditLoss,USD,,2025-12-31,453622000000.0,10-Q,2026-07-28
us-gaap,FinancingReceivableExcludingAccruedInterestBeforeAllowanceForCreditLoss,USD,,2026-03-31,447754000000.0,10-Q,2026-05-07
us-gaap,FinancingReceivableExcludingAccruedInterestBeforeAllowanceForCreditLoss,USD,,2026-06-30,457168000000.0,10-Q,2026-07-28
us-gaap,InterestBearingDepositLiabilities,USD,,2008-12-31,97326937000.0,10-Q,2009-08-10
us-gaap,InterestBearingDepositLiabilities,USD,,2008-12-31,97326937000.0,10-Q,2009-11-09
us-gaap,InterestBearingDepositLiabilities,USD,,2008-12-31,97326937000.0,10-K,2010-02-26
us-gaap,InterestBearingDepositLiabilities,USD,,2009-06-30,104120642000.0,10-Q,2009-08-10
us-gaap,InterestBearingDepositLiabilities,USD,,2009-09-30,101768522000.0,10-Q,2009-11-09
us-gaap,InterestBearingDepositLiabilities,USD,,2009-12-31,102370437000.0,10-K,2010-02-26
us-gaap,InterestBearingDepositLiabilities,USD,,2009-12-31,102370437000.0,10-Q,2010-05-07
us-gaap,InterestBearingDepositLiabilities,USD,,2009-12-31,102370000000.0,10-Q,2010-08-09
us-gaap,InterestBearingDepositLiabilities,USD,,2009-12-31,102370000000.0,10-Q,2010-11-08
us-gaap,InterestBearingDepositLiabilities,USD,,2009-12-31,102370000000.0,10-K/A,2011-03-07
us-gaap,InterestBearingDepositLiabilities,USD,,2010-03-31,104013477000.0,10-Q,2010-05-07
us-gaap,InterestBearingDepositLiabilities,USD,,2010-06-30,103172000000.0,10-Q,2010-08-09
us-gaap,InterestBearingDepositLiabilities,USD,,2010-09-30,104741000000.0,10-Q,2010-11-08
us-gaap,InterestBearingDepositLiabilities,USD,,2010-12-31,107162000000.0,10-K/A,2011-03-07
us-gaap,InterestBearingDepositLiabilities,USD,,2010-12-31,107162000000.0,10-Q,2011-05-10
us-gaap,InterestBearingDepositLiabilities,USD,,2010-12-31,107162000000.0,10-Q,2011-08-05
us-gaap,InterestBearingDepositLiabilities,USD,,2010-12-31,107162000000.0,10-Q,2011-11-07
us-gaap,InterestBearingDepositLiabilities,USD,,2010-12-31,107162000000.0,10-K,2012-02-29
us-gaap,InterestBearingDepositLiabilities,USD,,2011-03-31,109097000000.0,10-Q,2011-05-10
us-gaap,InterestBearingDepositLiabilities,USD,,2011-06-30,109278000000.0,10-Q,2011-08-05
us-gaap,InterestBearingDepositLiabilities,USD,,2011-09-30,110777000000.0,10-Q,2011-11-07
us-gaap,InterestBearingDepositLiabilities,USD,,2011-12-31,109945000000.0,10-K,2012-02-29
us-gaap,InterestBearingDepositLiabilities,USD,,2011-12-31,109945000000.0,10-Q,2012-05-08
us-gaap,InterestBearingDepositLiabilities,USD,,2011-12-31,109945000000.0,10-Q,2012-08-09
us-gaap,InterestBearingDepositLiabilities,USD,,2011-12-31,109945000000.0,10-Q,2012-11-08
us-gaap,InterestBearingDepositLiabilities,USD,,2011-12-31,109945000000.0,10-K,2013-02-28
us-gaap,InterestBearingDepositLiabilities,USD,,2012-03-31,197254000000.0,10-Q,2012-05-08
us-gaap,InterestBearingDepositLiabilities,USD,,2012-06-30,193859000000.0,10-Q,2012-08-09
us-gaap,InterestBearingDepositLiabilities,USD,,2012-09-30,192488000000.0,10-Q,2012-11-08
us-gaap,InterestBearingDepositLiabilities,USD,,2012-12-31,190018000000.0,10-K,2013-02-28
us-gaap,InterestBearingDepositLiabilities,USD,,2012-12-31,190018000000.0,10-Q,2013-05-09
us-gaap,InterestBearingDepositLiabilities,USD,,2012-12-31,190018000000.0,10-Q,2013-08-08
us-gaap,InterestBearingDepositLiabilities,USD,,2012-12-31,190018000000.0,10-Q,2013-11-06
us-gaap,InterestBearingDepositLiabilities,USD,,2012-12-31,190018000000.0,10-K,2014-02-27
us-gaap,InterestBearingDepositLiabilities,USD,,2013-03-31,191093000000.0,10-Q,2013-05-09
us-gaap,InterestBearingDepositLiabilities,USD,,2013-06-30,187768000000.0,10-Q,2013-08-08
us-gaap,InterestBearingDepositLiabilities,USD,,2013-09-30,184553000000.0,10-Q,2013-11-06
us-gaap,InterestBearingDepositLiabilities,USD,,2013-12-31,181880000000.0,10-K,2014-02-27
us-gaap,InterestBearingDepositLiabilities,USD,,2013-12-31,181880000000.0,10-Q,2014-05-06
us-gaap,InterestBearingDepositLiabilities,USD,,2013-12-31,181880000000.0,10-Q,2014-08-05
us-gaap,InterestBearingDepositLiabilities,USD,,2013-12-31,181880000000.0,10-Q,2014-11-03
us-gaap,InterestBearingDepositLiabilities,USD,,2013-12-31,181880000000.0,10-K,2015-02-24
us-gaap,InterestBearingDepositLiabilities,USD,,2014-03-31,184214000000.0,10-Q,2014-05-06
us-gaap,InterestBearingDepositLiabilities,USD,,2014-06-30,180970000000.0,10-Q,2014-08-05
us-gaap,InterestBearingDepositLiabilities,USD,,2014-09-30,178876000000.0,10-Q,2014-11-03
us-gaap,InterestBearingDepositLiabilities,USD,,2014-12-31,180467000000.0,10-K,2015-02-24
us-gaap,InterestBearingDepositLiabilities,USD,,2014-12-31,180467000000.0,10-Q,2015-05-05
us-gaap,InterestBearingDepositLiabilities,USD,,2014-12-31,180467000000.0,10-Q,2015-08-03
us-gaap,InterestBearingDepositLiabilities,USD,,2014-12-31,180467000000.0,10-Q,2015-11-02
us-gaap,InterestBearingDepositLiabilities,USD,,2014-12-31,180467000000.0,10-K,2016-02-25
us-gaap,InterestBearingDepositLiabilities,USD,,2015-03-31,185208000000.0,10-Q,2015-05-05
us-gaap,InterestBearingDepositLiabilities,USD,,2015-06-30,183657000000.0,10-Q,2015-08-03
us-gaap,InterestBearingDepositLiabilities,USD,,2015-09-30,187848000000.0,10-Q,2015-11-02
us-gaap,InterestBearingDepositLiabilities,USD,,2015-12-31,191874000000.0,10-K,2016-02-25
us-gaap,InterestBearingDepositLiabilities,USD,,2015-12-31,191874000000.0,10-Q,2016-05-04
us-gaap,InterestBearingDepositLiabilities,USD,,2015-12-31,191874000000.0,10-Q,2016-08-01
us-gaap,InterestBearingDepositLiabilities,USD,,2015-12-31,191874000000.0,10-Q,2016-11-03
us-gaap,InterestBearingDepositLiabilities,USD,,2015-12-31,191874000000.0,10-K,2017-02-23
us-gaap,InterestBearingDepositLiabilities,USD,,2016-03-31,196597000000.0,10-Q,2016-05-04
us-gaap,InterestBearingDepositLiabilities,USD,,2016-06-30,195635000000.0,10-Q,2016-08-01
us-gaap,InterestBearingDepositLiabilities,USD,,2016-09-30,200416000000.0,10-Q,2016-11-03
us-gaap,InterestBearingDepositLiabilities,USD,,2016-12-31,211266000000.0,10-K,2017-02-23
us-gaap,InterestBearingDepositLiabilities,USD,,2016-12-31,211266000000.0,10-Q,2017-05-03
us-gaap,InterestBearingDepositLiabilities,USD,,2016-12-31,211266000000.0,10-Q,2017-07-28
us-gaap,InterestBearingDepositLiabilities,USD,,2016-12-31,211266000000.0,10-Q,2017-11-01
us-gaap,InterestBearingDepositLiabilities,USD,,2016-12-31,211266000000.0,10-K,2018-02-21
us-gaap,InterestBearingDepositLiabilities,USD,,2017-03-31,214818000000.0,10-Q,2017-05-03
us-gaap,InterestBearingDepositLiabilities,USD,,2017-06-30,213810000000.0,10-Q,2017-07-28
us-gaap,InterestBearingDepositLiabilities,USD,,2017-09-30,212956000000.0,10-Q,2017-11-01
us-gaap,InterestBearingDepositLiabilities,USD,,2017-12-31,217298000000.0,10-K,2018-02-21
us-gaap,InterestBearingDepositLiabilities,USD,,2017-12-31,217298000000.0,10-Q,2018-05-02
us-gaap,InterestBearingDepositLiabilities,USD,,2017-12-31,217298000000.0,10-Q,2018-07-27
us-gaap,InterestBearingDepositLiabilities,USD,,2017-12-31,217298000000.0,10-Q,2018-11-01
us-gaap,InterestBearingDepositLiabilities,USD,,2017-12-31,217298000000.0,10-K,2019-02-20
us-gaap,InterestBearingDepositLiabilities,USD,,2018-03-31,224671000000.0,10-Q,2018-05-02
us-gaap,InterestBearingDepositLiabilities,USD,,2018-06-30,222605000000.0,10-Q,2018-07-27
us-gaap,InterestBearingDepositLiabilities,USD,,2018-09-30,222356000000.0,10-Q,2018-11-01
us-gaap,InterestBearingDepositLiabilities,USD,,2018-12-31,226281000000.0,10-K,2019-02-20
us-gaap,InterestBearingDepositLiabilities,USD,,2018-12-31,226281000000.0,10-Q,2019-05-01
us-gaap,InterestBearingDepositLiabilities,USD,,2018-12-31,226281000000.0,10-Q,2019-07-31
us-gaap,InterestBearingDepositLiabilities,USD,,2018-12-31,226281000000.0,10-Q,2019-10-31
us-gaap,InterestBearingDepositLiabilities,USD,,2018-12-31,226281000000.0,10-K,2020-02-20
us-gaap,InterestBearingDepositLiabilities,USD,,2019-03-31,230199000000.0,10-Q,2019-05-01
us-gaap,InterestBearingDepositLiabilities,USD,,2019-06-30,231161000000.0,10-Q,2019-07-31
us-gaap,InterestBearingDepositLiabilities,USD,,2019-09-30,234084000000.0,10-Q,2019-10-31
us-gaap,InterestBearingDepositLiabilities,USD,,2019-12-31,239209000000.0,10-K,2020-02-20
us-gaap,InterestBearingDepositLiabilities,USD,,2019-12-31,239209000000.0,10-Q,2020-05-01
us-gaap,InterestBearingDepositLiabilities,USD,,2019-12-31,239209000000.0,10-Q,2020-08-06
us-gaap,InterestBearingDepositLiabilities,USD,,2019-12-31,239209000000.0,10-Q,2020-11-02
us-gaap,InterestBearingDepositLiabilities,USD,,2019-12-31,239209000000.0,10-K,2021-02-25
us-gaap,InterestBearingDepositLiabilities,USD,,2020-03-31,245142000000.0,10-Q,2020-05-01
us-gaap,InterestBearingDepositLiabilities,USD,,2020-06-30,275183000000.0,10-Q,2020-08-06
us-gaap,InterestBearingDepositLiabilities,USD,,2020-09-30,276092000000.0,10-Q,2020-11-02
us-gaap,InterestBearingDepositLiabilities,USD,,2020-12-31,274300000000.0,10-K,2021-02-25
us-gaap,InterestBearingDepositLiabilities,USD,,2020-12-31,274300000000.0,10-Q,2021-05-07
us-gaap,InterestBearingDepositLiabilities,USD,,2020-12-31,274300000000.0,10-Q,2021-07-30
us-gaap,InterestBearingDepositLiabilities,USD,,2020-12-31,274300000000.0,10-Q,2021-11-05
us-gaap,InterestBearingDepositLiabilities,USD,,2020-12-31,274300000000.0,10-K,2022-02-25
us-gaap,InterestBearingDepositLiabilities,USD,,2021-03-31,276325000000.0,10-Q,2021-05-07
us-gaap,InterestBearingDepositLiabilities,USD,,2021-06-30,271314000000.0,10-Q,2021-07-30
us-gaap,InterestBearingDepositLiabilities,USD,,2021-09-30,269134000000.0,10-Q,2021-11-05
us-gaap,InterestBearingDepositLiabilities,USD,,2021-12-31,272937000000.0,10-K,2022-02-25
us-gaap,InterestBearingDepositLiabilities,USD,,2021-12-31,272937000000.0,10-Q,2022-05-10
us-gaap,InterestBearingDepositLiabilities,USD,,2021-12-31,272937000000.0,10-Q,2022-07-29
us-gaap,InterestBearingDepositLiabilities,USD,,2021-12-31,272937000000.0,10-Q,2022-11-04
us-gaap,InterestBearingDepositLiabilities,USD,,2021-12-31,272937000000.0,10-K,2023-02-24
us-gaap,InterestBearingDepositLiabilities,USD,,2022-03-31,275648000000.0,10-Q,2022-05-10
us-gaap,InterestBearingDepositLiabilities,USD,,2022-06-30,270881000000.0,10-Q,2022-07-29
us-gaap,InterestBearingDepositLiabilities,USD,,2022-09-30,282802000000.0,10-Q,2022-11-04
us-gaap,InterestBearingDepositLiabilities,USD,,2022-12-31,300789000000.0,10-K,2023-02-24
us-gaap,InterestBearingDepositLiabilities,USD,,2022-12-31,300789000000.0,10-Q,2023-05-05
us-gaap,InterestBearingDepositLiabilities,USD,,2022-12-31,300789000000.0,10-Q,2023-07-27
us-gaap,InterestBearingDepositLiabilities,USD,,2022-12-31,300789000000.0,10-Q,2023-11-02
us-gaap,InterestBearingDepositLiabilities,USD,,2022-12-31,300789000000.0,10-K,2024-02-23
us-gaap,InterestBearingDepositLiabilities,USD,,2023-03-31,318641000000.0,10-Q,2023-05-05
us-gaap,InterestBearingDepositLiabilities,USD,,2023-06-30,314393000000.0,10-Q,2023-07-27
us-gaap,InterestBearingDepositLiabilities,USD,,2023-09-30,317217000000.0,10-Q,2023-11-02
us-gaap,InterestBearingDepositLiabilities,USD,,2023-12-31,320389000000.0,10-K,2024-02-23
us-gaap,InterestBearingDepositLiabilities,USD,,2023-12-31,320389000000.0,10-Q,2024-05-02
us-gaap,InterestBearingDepositLiabilities,USD,,2023-12-31,320389000000.0,10-Q,2024-08-01
us-gaap,InterestBearingDepositLiabilities,USD,,2023-12-31,320389000000.0,10-Q,2024-10-31
us-gaap,InterestBearingDepositLiabilities,USD,,2023-12-31,320389000000.0,10-K,2025-02-20
us-gaap,InterestBearingDepositLiabilities,USD,,2024-03-31,323352000000.0,10-Q,2024-05-02
us-gaap,InterestBearingDepositLiabilities,USD,,2024-06-30,324437000000.0,10-Q,2024-08-01
us-gaap,InterestBearingDepositLiabilities,USD,,2024-09-30,327253000000.0,10-Q,2024-10-31
us-gaap,InterestBearingDepositLiabilities,USD,,2024-12-31,336585000000.0,10-K,2025-02-20
us-gaap,InterestBearingDepositLiabilities,USD,,2024-12-31,336585000000.0,10-Q,2025-05-07
us-gaap,InterestBearingDepositLiabilities,USD,,2024-12-31,336585000000.0,10-Q,2025-07-31
us-gaap,InterestBearingDepositLiabilities,USD,,2024-12-31,336585000000.0,10-Q,2025-11-03
us-gaap,InterestBearingDepositLiabilities,USD,,2024-12-31,336585000000.0,10-K,2026-02-19
us-gaap,InterestBearingDepositLiabilities,USD,,2025-03-31,340964000000.0,10-Q,2025-05-07
us-gaap,InterestBearingDepositLiabilities,USD,,2025-05-18,105208000000.0,10-Q,2025-11-03
us-gaap,InterestBearingDepositLiabilities,USD,,2025-05-18,105208000000.0,10-K,2026-02-19
us-gaap,InterestBearingDepositLiabilities,USD,,2025-06-30,440231000000.0,10-Q,2025-07-31
us-gaap,InterestBearingDepositLiabilities,USD,,2025-09-30,441136000000.0,10-Q,2025-11-03
us-gaap,InterestBearingDepositLiabilities,USD,,2025-12-31,448386000000.0,10-K,2026-02-19
us-gaap,InterestBearingDepositLiabilities,USD,,2025-12-31,448386000000.0,10-Q,2026-05-07
us-gaap,InterestBearingDepositLiabilities,USD,,2025-12-31,448386000000.0,10-Q,2026-07-28
us-gaap,InterestBearingDepositLiabilities,USD,,2026-03-31,461117000000.0,10-Q,2026-05-07
us-gaap,InterestBearingDepositLiabilities,USD,,2026-06-30,456464000000.0,10-Q,2026-07-28
us-gaap,InterestBearingDepositsInBanks,USD,,2008-12-31,4806752000.0,10-Q,2009-08-10
us-gaap,InterestBearingDepositsInBanks,USD,,2008-12-31,4806752000.0,10-Q,2009-11-09
us-gaap,InterestBearingDepositsInBanks,USD,,2008-12-31,4806752000.0,10-K,2010-02-26
us-gaap,InterestBearingDepositsInBanks,USD,,2009-06-30,1166419000.0,10-Q,2009-08-10
us-gaap,InterestBearingDepositsInBanks,USD,,2009-09-30,863310000.0,10-Q,2009-11-09
us-gaap,InterestBearingDepositsInBanks,USD,,2009-12-31,5042944000.0,10-K,2010-02-26
us-gaap,InterestBearingDepositsInBanks,USD,,2009-12-31,5042944000.0,10-Q,2010-05-07
us-gaap,InterestBearingDepositsInBanks,USD,,2009-12-31,5043000000.0,10-Q,2010-08-09
us-gaap,InterestBearingDepositsInBanks,USD,,2009-12-31,5043000000.0,10-Q,2010-11-08
us-gaap,InterestBearingDepositsInBanks,USD,,2009-12-31,5043000000.0,10-K/A,2011-03-07
us-gaap,InterestBearingDepositsInBanks,USD,,2010-03-31,4092556000.0,10-Q,2010-05-07
us-gaap,InterestBearingDepositsInBanks,USD,,2010-06-30,2147000000.0,10-Q,2010-08-09
us-gaap,InterestBearingDepositsInBanks,USD,,2010-09-30,2391000000.0,10-Q,2010-11-08
us-gaap,InterestBearingDepositsInBanks,USD,,2010-12-31,2776000000.0,10-K/A,2011-03-07
us-gaap,InterestBearingDepositsInBanks,USD,,2010-12-31,2776000000.0,10-Q,2011-05-10
us-gaap,InterestBearingDepositsInBanks,USD,,2010-12-31,2776000000.0,10-Q,2011-08-05
us-gaap,InterestBearingDepositsInBanks,USD,,2010-12-31,2776000000.0,10-Q,2011-11-07
us-gaap,InterestBearingDepositsInBanks,USD,,2010-12-31,2776000000.0,10-K,2012-02-29
us-gaap,InterestBearingDepositsInBanks,USD,,2011-03-31,5397000000.0,10-Q,2011-05-10
us-gaap,InterestBearingDepositsInBanks,USD,,2011-06-30,4037000000.0,10-Q,2011-08-05
us-gaap,InterestBearingDepositsInBanks,USD,,2011-09-30,3238000000.0,10-Q,2011-11-07
us-gaap,InterestBearingDepositsInBanks,USD,,2011-12-31,3399000000.0,10-K,2012-02-29
us-gaap,InterestBearingDepositsInBanks,USD,,2011-12-31,3399000000.0,10-Q,2012-05-08
us-gaap,InterestBearingDepositsInBanks,USD,,2011-12-31,3399000000.0,10-Q,2012-08-09
us-gaap,InterestBearingDepositsInBanks,USD,,2011-12-31,3399000000.0,10-Q,2012-11-08
us-gaap,InterestBearingDepositsInBanks,USD,,2011-12-31,3399000000.0,10-K,2013-02-28
us-gaap,InterestBearingDepositsInBanks,USD,,2012-03-31,28165000000.0,10-Q,2012-05-08
us-gaap,InterestBearingDepositsInBanks,USD,,2012-06-30,3352000000.0,10-Q,2012-08-09
us-gaap,InterestBearingDepositsInBanks,USD,,2012-09-30,3860000000.0,10-Q,2012-11-08
us-gaap,InterestBearingDepositsInBanks,USD,,2012-12-31,7617000000.0,10-K,2013-02-28
us-gaap,InterestBearingDepositsInBanks,USD,,2012-12-31,7617000000.0,10-Q,2013-05-09
us-gaap,InterestBearingDepositsInBanks,USD,,2012-12-31,7617000000.0,10-Q,2013-08-08
us-gaap,InterestBearingDepositsInBanks,USD,,2012-12-31,7617000000.0,10-Q,2013-11-06
us-gaap,InterestBearingDepositsInBanks,USD,,2012-12-31,7617000000.0,10-K,2014-02-27
us-gaap,InterestBearingDepositsInBanks,USD,,2013-03-31,4563000000.0,10-Q,2013-05-09
us-gaap,InterestBearingDepositsInBanks,USD,,2013-06-30,2279000000.0,10-Q,2013-08-08
us-gaap,InterestBearingDepositsInBanks,USD,,2013-09-30,2481000000.0,10-Q,2013-11-06
us-gaap,InterestBearingDepositsInBanks,USD,,2013-12-31,3131000000.0,10-K,2014-02-27
us-gaap,InterestBearingDepositsInBanks,USD,,2013-12-31,3131000000.0,10-Q,2014-05-06
us-gaap,InterestBearingDepositsInBanks,USD,,2013-12-31,3131000000.0,10-Q,2014-08-05
us-gaap,InterestBearingDepositsInBanks,USD,,2013-12-31,3131000000.0,10-Q,2014-11-03
us-gaap,InterestBearingDepositsInBanks,USD,,2013-12-31,3131000000.0,10-K,2015-02-24
us-gaap,InterestBearingDepositsInBanks,USD,,2014-03-31,2641000000.0,10-Q,2014-05-06
us-gaap,InterestBearingDepositsInBanks,USD,,2014-06-30,2954000000.0,10-Q,2014-08-05
us-gaap,InterestBearingDepositsInBanks,USD,,2014-09-30,3212000000.0,10-Q,2014-11-03
us-gaap,InterestBearingDepositsInBanks,USD,,2014-12-31,4095000000.0,10-K,2015-02-24
us-gaap,InterestBearingDepositsInBanks,USD,,2014-12-31,4095000000.0,10-Q,2015-05-05
us-gaap,InterestBearingDepositsInBanks,USD,,2014-12-31,4095000000.0,10-Q,2015-08-03
us-gaap,InterestBearingDepositsInBanks,USD,,2014-12-31,4095000000.0,10-Q,2015-11-02
us-gaap,InterestBearingDepositsInBanks,USD,,2014-12-31,4095000000.0,10-K,2016-02-25
us-gaap,InterestBearingDepositsInBanks,USD,,2015-03-31,6038000000.0,10-Q,2015-05-05
us-gaap,InterestBearingDepositsInBanks,USD,,2015-06-30,4275000000.0,10-Q,2015-08-03
us-gaap,InterestBearingDepositsInBanks,USD,,2015-09-30,3952000000.0,10-Q,2015-11-02
us-gaap,InterestBearingDepositsInBanks,USD,,2015-12-31,4577000000.0,10-K,2016-02-25
us-gaap,InterestBearingDepositsInBanks,USD,,2015-12-31,4577000000.0,10-Q,2016-05-04
us-gaap,InterestBearingDepositsInBanks,USD,,2015-12-31,4577000000.0,10-Q,2016-08-01
us-gaap,InterestBearingDepositsInBanks,USD,,2015-12-31,4616000000.0,10-Q,2016-11-03
us-gaap,InterestBearingDepositsInBanks,USD,,2015-12-31,4616000000.0,10-K,2017-02-23
us-gaap,InterestBearingDepositsInBanks,USD,,2016-03-31,1909000000.0,10-Q,2016-05-04
us-gaap,InterestBearingDepositsInBanks,USD,,2016-06-30,3840000000.0,10-Q,2016-08-01
us-gaap,InterestBearingDepositsInBanks,USD,,2016-09-30,5744000000.0,10-Q,2016-11-03
us-gaap,InterestBearingDepositsInBanks,USD,,2016-12-31,5791000000.0,10-K,2017-02-23
us-gaap,InterestBearingDepositsInBanks,USD,,2016-12-31,5791000000.0,10-Q,2017-05-03
us-gaap,InterestBearingDepositsInBanks,USD,,2016-12-31,5791000000.0,10-Q,2017-07-28
us-gaap,InterestBearingDepositsInBanks,USD,,2016-12-31,5791000000.0,10-Q,2017-11-01
us-gaap,InterestBearingDepositsInBanks,USD,,2016-12-31,5791000000.0,10-K,2018-02-21
us-gaap,InterestBearingDepositsInBanks,USD,,2017-03-31,5826000000.0,10-Q,2017-05-03
us-gaap,InterestBearingDepositsInBanks,USD,,2017-06-30,3363000000.0,10-Q,2017-07-28
us-gaap,InterestBearingDepositsInBanks,USD,,2017-09-30,4330000000.0,10-Q,2017-11-01
us-gaap,InterestBearingDepositsInBanks,USD,,2017-12-31,9582000000.0,10-K,2018-02-21
us-gaap,InterestBearingDepositsInBanks,USD,,2017-12-31,9582000000.0,10-Q,2018-05-02
us-gaap,InterestBearingDepositsInBanks,USD,,2017-12-31,9582000000.0,10-Q,2018-07-27
us-gaap,InterestBearingDepositsInBanks,USD,,2017-12-31,9582000000.0,10-Q,2018-11-01
us-gaap,InterestBearingDepositsInBanks,USD,,2017-12-31,9582000000.0,10-K,2019-02-20
us-gaap,InterestBearingDepositsInBanks,USD,,2018-03-31,9788000000.0,10-Q,2018-05-02
us-gaap,InterestBearingDepositsInBanks,USD,,2018-06-30,7774000000.0,10-Q,2018-07-27
us-gaap,InterestBearingDepositsInBanks,USD,,2018-09-30,6335000000.0,10-Q,2018-11-01
us-gaap,InterestBearingDepositsInBanks,USD,,2018-12-31,8418000000.0,10-K,2019-02-20
us-gaap,InterestBearingDepositsInBanks,USD,,2018-12-31,8418000000.0,10-Q,2019-05-01
us-gaap,InterestBearingDepositsInBanks,USD,,2018-12-31,8418000000.0,10-Q,2019-07-31
us-gaap,InterestBearingDepositsInBanks,USD,,2018-12-31,8418000000.0,10-Q,2019-10-31
us-gaap,InterestBearingDepositsInBanks,USD,,2018-12-31,8418000000.0,10-K,2020-02-20
us-gaap,InterestBearingDepositsInBanks,USD,,2019-03-31,12897000000.0,10-Q,2019-05-01
us-gaap,InterestBearingDepositsInBanks,USD,,2019-06-30,9927000000.0,10-Q,2019-07-31
us-gaap,InterestBearingDepositsInBanks,USD,,2019-09-30,12668000000.0,10-Q,2019-10-31
us-gaap,InterestBearingDepositsInBanks,USD,,2019-12-31,9278000000.0,10-K,2020-02-20
us-gaap,InterestBearingDepositsInBanks,USD,,2019-12-31,9278000000.0,10-Q,2020-05-01
us-gaap,InterestBearingDepositsInBanks,USD,,2019-12-31,9278000000.0,10-Q,2020-08-06
us-gaap,InterestBearingDepositsInBanks,USD,,2019-12-31,9278000000.0,10-Q,2020-11-02
us-gaap,InterestBearingDepositsInBanks,USD,,2019-12-31,9278000000.0,10-K,2021-02-25
us-gaap,InterestBearingDepositsInBanks,USD,,2020-03-31,20391000000.0,10-Q,2020-05-01
us-gaap,InterestBearingDepositsInBanks,USD,,2020-06-30,51235000000.0,10-Q,2020-08-06
us-gaap,InterestBearingDepositsInBanks,USD,,2020-09-30,39839000000.0,10-Q,2020-11-02
us-gaap,InterestBearingDepositsInBanks,USD,,2020-12-31,35801000000.0,10-K,2021-02-25
us-gaap,InterestBearingDepositsInBanks,USD,,2020-12-31,35801000000.0,10-Q,2021-05-07
us-gaap,InterestBearingDepositsInBanks,USD,,2020-12-31,35801000000.0,10-Q,2021-07-30
us-gaap,InterestBearingDepositsInBanks,USD,,2020-12-31,35801000000.0,10-Q,2021-11-05
us-gaap,InterestBearingDepositsInBanks,USD,,2020-12-31,35801000000.0,10-K,2022-02-25
us-gaap,InterestBearingDepositsInBanks,USD,,2021-03-31,45825000000.0,10-Q,2021-05-07
us-gaap,InterestBearingDepositsInBanks,USD,,2021-06-30,29534000000.0,10-Q,2021-07-30
us-gaap,InterestBearingDepositsInBanks,USD,,2021-09-30,21180000000.0,10-Q,2021-11-05
us-gaap,InterestBearingDepositsInBanks,USD,,2021-12-31,17582000000.0,10-K,2022-02-25
us-gaap,InterestBearingDepositsInBanks,USD,,2021-12-31,17582000000.0,10-Q,2022-05-10
us-gaap,InterestBearingDepositsInBanks,USD,,2021-12-31,17582000000.0,10-Q,2022-07-29
us-gaap,InterestBearingDepositsInBanks,USD,,2021-12-31,17582000000.0,10-Q,2022-11-04
us-gaap,InterestBearingDepositsInBanks,USD,,2021-12-31,17582000000.0,10-K,2023-02-24
us-gaap,InterestBearingDepositsInBanks,USD,,2022-03-31,21697000000.0,10-Q,2022-05-10
us-gaap,InterestBearingDepositsInBanks,USD,,2022-06-30,16728000000.0,10-Q,2022-07-29
us-gaap,InterestBearingDepositsInBanks,USD,,2022-09-30,21176000000.0,10-Q,2022-11-04
us-gaap,InterestBearingDepositsInBanks,USD,,2022-12-31,25663000000.0,10-K,2023-02-24
us-gaap,InterestBearingDepositsInBanks,USD,,2022-12-31,25663000000.0,10-Q,2023-05-05
us-gaap,InterestBearingDepositsInBanks,USD,,2022-12-31,25663000000.0,10-Q,2023-07-27
us-gaap,InterestBearingDepositsInBanks,USD,,2022-12-31,25663000000.0,10-Q,2023-11-02
us-gaap,InterestBearingDepositsInBanks,USD,,2022-12-31,25663000000.0,10-K,2024-02-23
us-gaap,InterestBearingDepositsInBanks,USD,,2023-03-31,43166000000.0,10-Q,2023-05-05
us-gaap,InterestBearingDepositsInBanks,USD,,2023-06-30,38236000000.0,10-Q,2023-07-27
us-gaap,InterestBearingDepositsInBanks,USD,,2023-09-30,40249000000.0,10-Q,2023-11-02
us-gaap,InterestBearingDepositsInBanks,USD,,2023-12-31,38394000000.0,10-K,2024-02-23
us-gaap,InterestBearingDepositsInBanks,USD,,2023-12-31,38394000000.0,10-Q,2024-05-02
us-gaap,InterestBearingDepositsInBanks,USD,,2023-12-31,38394000000.0,10-Q,2024-08-01
us-gaap,InterestBearingDepositsInBanks,USD,,2023-12-31,38394000000.0,10-Q,2024-10-31
us-gaap,InterestBearingDepositsInBanks,USD,,2023-12-31,38394000000.0,10-K,2025-02-20
us-gaap,InterestBearingDepositsInBanks,USD,,2024-03-31,46357000000.0,10-Q,2024-05-02
us-gaap,InterestBearingDepositsInBanks,USD,,2024-06-30,40116000000.0,10-Q,2024-08-01
us-gaap,InterestBearingDepositsInBanks,USD,,2024-09-30,45322000000.0,10-Q,2024-10-31
us-gaap,InterestBearingDepositsInBanks,USD,,2024-12-31,40202000000.0,10-K,2025-02-20
us-gaap,InterestBearingDepositsInBanks,USD,,2024-12-31,40202000000.0,10-Q,2025-05-07
us-gaap,InterestBearingDepositsInBanks,USD,,2024-12-31,40202000000.0,10-Q,2025-07-31
us-gaap,InterestBearingDepositsInBanks,USD,,2024-12-31,40202000000.0,10-Q,2025-11-03
us-gaap,InterestBearingDepositsInBanks,USD,,2024-12-31,40202000000.0,10-K,2026-02-19
us-gaap,InterestBearingDepositsInBanks,USD,,2025-03-31,44465000000.0,10-Q,2025-05-07
us-gaap,InterestBearingDepositsInBanks,USD,,2025-06-30,54255000000.0,10-Q,2025-07-31
us-gaap,InterestBearingDepositsInBanks,USD,,2025-09-30,50673000000.0,10-Q,2025-11-03
us-gaap,InterestBearingDepositsInBanks,USD,,2025-12-31,54403000000.0,10-K,2026-02-19
us-gaap,InterestBearingDepositsInBanks,USD,,2025-12-31,54403000000.0,10-Q,2026-05-07
us-gaap,InterestBearingDepositsInBanks,USD,,2025-12-31,54403000000.0,10-Q,2026-07-28
us-gaap,InterestBearingDepositsInBanks,USD,,2026-03-31,71939000000.0,10-Q,2026-05-07
us-gaap,InterestBearingDepositsInBanks,USD,,2026-06-30,49880000000.0,10-Q,2026-07-28
us-gaap,LoansAndLeasesReceivableGrossCarryingAmount,USD,,2011-12-31,135892000000.0,10-K,2014-02-27
us-gaap,LoansAndLeasesReceivableGrossCarryingAmount,USD,,2012-12-31,205889000000.0,10-K,2014-02-27
us-gaap,LoansAndLeasesReceivableGrossCarryingAmount,USD,,2012-12-31,205889000000.0,10-K,2015-02-24
us-gaap,LoansAndLeasesReceivableGrossCarryingAmount,USD,,2013-03-31,191333000000.0,10-Q,2014-05-06
us-gaap,LoansAndLeasesReceivableGrossCarryingAmount,USD,,2013-06-30,191512000000.0,10-Q,2014-08-05
us-gaap,LoansAndLeasesReceivableGrossCarryingAmount,USD,,2013-09-30,191814000000.0,10-Q,2014-11-03
us-gaap,LoansAndLeasesReceivableGrossCarryingAmount,USD,,2013-12-31,197199000000.0,10-K,2014-02-27
us-gaap,LoansAndLeasesReceivableGrossCarryingAmount,USD,,2013-12-31,197199000000.0,10-Q,2014-05-06
us-gaap,LoansAndLeasesReceivableGrossCarryingAmount,USD,,2013-12-31,197199000000.0,10-Q,2014-08-05
us-gaap,LoansAndLeasesReceivableGrossCarryingAmount,USD,,2013-12-31,197199000000.0,10-Q,2014-11-03
us-gaap,LoansAndLeasesReceivableGrossCarryingAmount,USD,,2013-12-31,197199000000.0,10-K,2015-02-24
us-gaap,LoansAndLeasesReceivableGrossCarryingAmount,USD,,2013-12-31,197199000000.0,10-K,2016-02-25
us-gaap,LoansAndLeasesReceivableGrossCarryingAmount,USD,,2014-03-31,192941000000.0,10-Q,2014-05-06
us-gaap,LoansAndLeasesReceivableGrossCarryingAmount,USD,,2014-03-31,192941000000.0,10-Q,2015-05-05
us-gaap,LoansAndLeasesReceivableGrossCarryingAmount,USD,,2014-06-30,198528000000.0,10-Q,2014-08-05
us-gaap,LoansAndLeasesReceivableGrossCarryingAmount,USD,,2014-06-30,198528000000.0,10-Q,2015-08-03
us-gaap,LoansAndLeasesReceivableGrossCarryingAmount,USD,,2014-09-30,201592000000.0,10-Q,2014-11-03
us-gaap,LoansAndLeasesReceivableGrossCarryingAmount,USD,,2014-09-30,201592000000.0,10-Q,2015-11-02
us-gaap,LoansAndLeasesReceivableGrossCarryingAmount,USD,,2014-12-31,208316000000.0,10-K,2015-02-24
us-gaap,LoansAndLeasesReceivableGrossCarryingAmount,USD,,2014-12-31,208316000000.0,10-Q,2015-05-05
us-gaap,LoansAndLeasesReceivableGrossCarryingAmount,USD,,2014-12-31,208316000000.0,10-Q,2015-08-03
us-gaap,LoansAndLeasesReceivableGrossCarryingAmount,USD,,2014-12-31,208316000000.0,10-Q,2015-11-02
us-gaap,LoansAndLeasesReceivableGrossCarryingAmount,USD,,2014-12-31,208316000000.0,10-K,2016-02-25
us-gaap,LoansAndLeasesReceivableGrossCarryingAmount,USD,,2014-12-31,208316000000.0,10-K,2017-02-23
us-gaap,LoansAndLeasesReceivableGrossCarryingAmount,USD,,2015-03-31,203978000000.0,10-Q,2015-05-05
us-gaap,LoansAndLeasesReceivableGrossCarryingAmount,USD,,2015-03-31,203978000000.0,10-Q,2016-05-04
us-gaap,LoansAndLeasesReceivableGrossCarryingAmount,USD,,2015-06-30,209705000000.0,10-Q,2015-08-03
us-gaap,LoansAndLeasesReceivableGrossCarryingAmount,USD,,2015-06-30,209705000000.0,10-Q,2016-08-01
us-gaap,LoansAndLeasesReceivableGrossCarryingAmount,USD,,2015-09-30,213329000000.0,10-Q,2015-11-02
us-gaap,LoansAndLeasesReceivableGrossCarryingAmount,USD,,2015-09-30,213329000000.0,10-Q,2016-11-03
us-gaap,LoansAndLeasesReceivableGrossCarryingAmount,USD,,2015-12-31,229851000000.0,10-K,2016-02-25
us-gaap,LoansAndLeasesReceivableGrossCarryingAmount,USD,,2015-12-31,229851000000.0,10-Q,2016-05-04
us-gaap,LoansAndLeasesReceivableGrossCarryingAmount,USD,,2015-12-31,229851000000.0,10-Q,2016-08-01
us-gaap,LoansAndLeasesReceivableGrossCarryingAmount,USD,,2015-12-31,229851000000.0,10-Q,2016-11-03
us-gaap,LoansAndLeasesReceivableGrossCarryingAmount,USD,,2015-12-31,229851000000.0,10-K,2017-02-23
us-gaap,LoansAndLeasesReceivableGrossCarryingAmount,USD,,2015-12-31,229851000000.0,10-K,2018-02-21
us-gaap,LoansAndLeasesReceivableGrossCarryingAmount,USD,,2016-03-31,227613000000.0,10-Q,2016-05-04
us-gaap,LoansAndLeasesReceivableGrossCarryingAmount,USD,,2016-03-31,227613000000.0,10-Q,2017-05-03
us-gaap,LoansAndLeasesReceivableGrossCarryingAmount,USD,,2016-06-30,234603000000.0,10-Q,2016-08-01
us-gaap,LoansAndLeasesReceivableGrossCarryingAmount,USD,,2016-06-30,234603000000.0,10-Q,2017-07-28
us-gaap,LoansAndLeasesReceivableGrossCarryingAmount,USD,,2016-09-30,238019000000.0,10-Q,2016-11-03
us-gaap,LoansAndLeasesReceivableGrossCarryingAmount,USD,,2016-09-30,238019000000.0,10-Q,2017-11-01
us-gaap,LoansAndLeasesReceivableGrossCarryingAmount,USD,,2016-12-31,245586000000.0,10-K,2017-02-23
us-gaap,LoansAndLeasesReceivableGrossCarryingAmount,USD,,2016-12-31,245586000000.0,10-Q,2017-05-03
us-gaap,LoansAndLeasesReceivableGrossCarryingAmount,USD,,2016-12-31,245586000000.0,10-Q,2017-07-28
us-gaap,LoansAndLeasesReceivableGrossCarryingAmount,USD,,2016-12-31,245586000000.0,10-Q,2017-11-01
us-gaap,LoansAndLeasesReceivableGrossCarryingAmount,USD,,2016-12-31,245586000000.0,10-K,2018-02-21
us-gaap,LoansAndLeasesReceivableGrossCarryingAmount,USD,,2016-12-31,245586000000.0,10-K,2019-02-20
us-gaap,LoansAndLeasesReceivableGrossCarryingAmount,USD,,2017-03-31,240588000000.0,10-Q,2017-05-03
us-gaap,LoansAndLeasesReceivableGrossCarryingAmount,USD,,2017-03-31,240588000000.0,10-Q,2018-05-02
us-gaap,LoansAndLeasesReceivableGrossCarryingAmount,USD,,2017-06-30,244302000000.0,10-Q,2017-07-28
us-gaap,LoansAndLeasesReceivableGrossCarryingAmount,USD,,2017-06-30,244302000000.0,10-Q,2018-07-27
us-gaap,LoansAndLeasesReceivableGrossCarryingAmount,USD,,2017-09-30,252422000000.0,10-Q,2017-11-01
us-gaap,LoansAndLeasesReceivableGrossCarryingAmount,USD,,2017-09-30,252422000000.0,10-Q,2018-11-01
us-gaap,LoansAndLeasesReceivableGrossCarryingAmount,USD,,2017-12-31,254473000000.0,10-K,2018-02-21
us-gaap,LoansAndLeasesReceivableGrossCarryingAmount,USD,,2017-12-31,254473000000.0,10-Q,2018-05-02
us-gaap,LoansAndLeasesReceivableGrossCarryingAmount,USD,,2017-12-31,254473000000.0,10-Q,2018-07-27
us-gaap,LoansAndLeasesReceivableGrossCarryingAmount,USD,,2017-12-31,254473000000.0,10-Q,2018-11-01
us-gaap,LoansAndLeasesReceivableGrossCarryingAmount,USD,,2017-12-31,254473000000.0,10-K,2019-02-20
us-gaap,LoansAndLeasesReceivableGrossCarryingAmount,USD,,2017-12-31,254473000000.0,10-K,2020-02-20
us-gaap,LoansAndLeasesReceivableGrossCarryingAmount,USD,,2018-03-31,248256000000.0,10-Q,2018-05-02
us-gaap,LoansAndLeasesReceivableGrossCarryingAmount,USD,,2018-03-31,248256000000.0,10-Q,2019-05-01
us-gaap,LoansAndLeasesReceivableGrossCarryingAmount,USD,,2018-06-30,236124000000.0,10-Q,2018-07-27
us-gaap,LoansAndLeasesReceivableGrossCarryingAmount,USD,,2018-06-30,236124000000.0,10-Q,2019-07-31
us-gaap,LoansAndLeasesReceivableGrossCarryingAmount,USD,,2018-09-30,238761000000.0,10-Q,2018-11-01
us-gaap,LoansAndLeasesReceivableGrossCarryingAmount,USD,,2018-09-30,238761000000.0,10-Q,2019-10-31
us-gaap,LoansAndLeasesReceivableGrossCarryingAmount,USD,,2018-12-31,245899000000.0,10-K,2019-02-20
us-gaap,LoansAndLeasesReceivableGrossCarryingAmount,USD,,2018-12-31,245899000000.0,10-Q,2019-05-01
us-gaap,LoansAndLeasesReceivableGrossCarryingAmount,USD,,2018-12-31,245899000000.0,10-Q,2019-07-31
us-gaap,LoansAndLeasesReceivableGrossCarryingAmount,USD,,2018-12-31,245899000000.0,10-Q,2019-10-31
us-gaap,LoansAndLeasesReceivableGrossCarryingAmount,USD,,2018-12-31,245899000000.0,10-K,2020-02-20
us-gaap,LoansAndLeasesReceivableGrossCarryingAmount,USD,,2019-03-31,240273000000.0,10-Q,2019-05-01
us-gaap,LoansAndLeasesReceivableGrossCarryingAmount,USD,,2019-03-31,240273000000.0,10-Q,2020-05-01
us-gaap,LoansAndLeasesReceivableGrossCarryingAmount,USD,,2019-06-30,244460000000.0,10-Q,2019-07-31
us-gaap,LoansAndLeasesReceivableGrossCarryingAmount,USD,,2019-06-30,244460000000.0,10-Q,2020-08-06
us-gaap,LoansAndLeasesReceivableGrossCarryingAmount,USD,,2019-09-30,249355000000.0,10-Q,2019-10-31
us-gaap,LoansAndLeasesReceivableGrossCarryingAmount,USD,,2019-12-31,265809000000.0,10-K,2020-02-20
us-gaap,LoansAndLeasesReceivableGrossCarryingAmount,USD,,2019-12-31,265809000000.0,10-Q,2020-05-01
us-gaap,LoansAndLeasesReceivableGrossCarryingAmount,USD,,2020-03-31,262990000000.0,10-Q,2020-05-01
us-gaap,LoansAndLeasesReceivableNetOfDeferredIncome,USD,,2008-12-31,101017771000.0,10-K,2010-02-26
us-gaap,LoansAndLeasesReceivableNetOfDeferredIncome,USD,,2008-12-31,101017771000.0,10-Q,2009-11-09
us-gaap,LoansAndLeasesReceivableNetOfDeferredIncome,USD,,2008-12-31,101017771000.0,10-Q,2009-08-10
us-gaap,LoansAndLeasesReceivableNetOfDeferredIncome,USD,,2009-06-30,101073629000.0,10-Q,2009-08-10
us-gaap,LoansAndLeasesReceivableNetOfDeferredIncome,USD,,2009-09-30,96783165000.0,10-Q,2009-11-09
us-gaap,LoansAndLeasesReceivableNetOfDeferredIncome,USD,,2009-12-31,75097329000.0,10-Q,2010-05-07
us-gaap,LoansAndLeasesReceivableNetOfDeferredIncome,USD,,2009-12-31,90618999000.0,10-K,2010-02-26
us-gaap,LoansAndLeasesReceivableNetOfDeferredIncome,USD,,2009-12-31,90619000000.0,10-K/A,2011-03-07
us-gaap,LoansAndLeasesReceivableNetOfDeferredIncome,USD,,2009-12-31,90619000000.0,10-Q,2010-11-08
us-gaap,LoansAndLeasesReceivableNetOfDeferredIncome,USD,,2009-12-31,90619000000.0,10-Q,2010-08-09
us-gaap,LoansAndLeasesReceivableNetOfDeferredIncome,USD,,2010-03-31,72591272000.0,10-Q,2010-05-07
us-gaap,LoansAndLeasesReceivableNetOfDeferredIncome,USD,,2010-06-30,127140000000.0,10-Q,2010-08-09
us-gaap,LoansAndLeasesReceivableNetOfDeferredIncome,USD,,2010-09-30,126334000000.0,10-Q,2010-11-08
us-gaap,LoansAndLeasesReceivableNetOfDeferredIncome,USD,,2010-12-31,125947000000.0,10-K,2012-02-29
us-gaap,LoansAndLeasesReceivableNetOfDeferredIncome,USD,,2010-12-31,125947000000.0,10-Q,2011-11-07
us-gaap,LoansAndLeasesReceivableNetOfDeferredIncome,USD,,2010-12-31,125947000000.0,10-Q,2011-08-05
us-gaap,LoansAndLeasesReceivableNetOfDeferredIncome,USD,,2010-12-31,125947000000.0,10-Q,2011-05-10
us-gaap,LoansAndLeasesReceivableNetOfDeferredIncome,USD,,2010-12-31,125947000000.0,10-K/A,2011-03-07
us-gaap,LoansAndLeasesReceivableNetOfDeferredIncome,USD,,2011-03-31,124092000000.0,10-Q,2011-05-10
us-gaap,LoansAndLeasesReceivableNetOfDeferredIncome,USD,,2011-06-30,128965000000.0,10-Q,2011-08-05
us-gaap,LoansAndLeasesReceivableNetOfDeferredIncome,USD,,2011-09-30,129952000000.0,10-Q,2011-11-07
us-gaap,LoansAndLeasesReceivableNetOfDeferredIncome,USD,,2011-12-31,135892000000.0,10-K,2013-02-28
us-gaap,LoansAndLeasesReceivableNetOfDeferredIncome,USD,,2011-12-31,135892000000.0,10-Q,2012-11-08
us-gaap,LoansAndLeasesReceivableNetOfDeferredIncome,USD,,2011-12-31,135892000000.0,10-Q,2012-08-09
us-gaap,LoansAndLeasesReceivableNetOfDeferredIncome,USD,,2011-12-31,135892000000.0,10-Q,2012-05-08
us-gaap,LoansAndLeasesReceivableNetOfDeferredIncome,USD,,2011-12-31,135892000000.0,10-K,2012-02-29
us-gaap,LoansAndLeasesReceivableNetOfDeferredIncome,USD,,2012-03-31,173822000000.0,10-Q,2012-05-08
us-gaap,LoansAndLeasesReceivableNetOfDeferredIncome,USD,,2012-06-30,202749000000.0,10-Q,2012-08-09
us-gaap,LoansAndLeasesReceivableNetOfDeferredIncome,USD,,2012-09-30,203132000000.0,10-Q,2013-11-06
us-gaap,LoansAndLeasesReceivableNetOfDeferredIncome,USD,,2012-09-30,203132000000.0,10-Q,2012-11-08
us-gaap,LoansAndLeasesReceivableNetOfDeferredIncome,USD,,2012-12-31,205889000000.0,10-Q,2013-11-06
us-gaap,LoansAndLeasesReceivableNetOfDeferredIncome,USD,,2012-12-31,205889000000.0,10-Q,2013-08-08
us-gaap,LoansAndLeasesReceivableNetOfDeferredIncome,USD,,2012-12-31,205889000000.0,10-Q,2013-05-09
us-gaap,LoansAndLeasesReceivableNetOfDeferredIncome,USD,,2012-12-31,205889000000.0,10-K,2013-02-28
us-gaap,LoansAndLeasesReceivableNetOfDeferredIncome,USD,,2013-03-31,191333000000.0,10-Q,2013-05-09
us-gaap,LoansAndLeasesReceivableNetOfDeferredIncome,USD,,2013-06-30,191512000000.0,10-Q,2013-08-08
us-gaap,LoansAndLeasesReceivableNetOfDeferredIncome,USD,,2013-09-30,191814000000.0,10-Q,2013-11-06
us-gaap,LoansAndLeasesReceivableNetReportedAmount,USD,,2008-12-31,96493811000.0,10-Q,2009-08-10
us-gaap,LoansAndLeasesReceivableNetReportedAmount,USD,,2008-12-31,96493811000.0,10-Q,2009-11-09
us-gaap,LoansAndLeasesReceivableNetReportedAmount,USD,,2008-12-31,96493811000.0,10-K,2010-02-26
us-gaap,LoansAndLeasesReceivableNetReportedAmount,USD,,2009-06-30,96591802000.0,10-Q,2009-08-10
us-gaap,LoansAndLeasesReceivableNetReportedAmount,USD,,2009-09-30,92269672000.0,10-Q,2009-11-09
us-gaap,LoansAndLeasesReceivableNetReportedAmount,USD,,2009-12-31,86491604000.0,10-K,2010-02-26
us-gaap,LoansAndLeasesReceivableNetReportedAmount,USD,,2009-12-31,86491604000.0,10-Q,2010-05-07
us-gaap,LoansAndLeasesReceivableNetReportedAmount,USD,,2009-12-31,86492000000.0,10-Q,2010-08-09
us-gaap,LoansAndLeasesReceivableNetReportedAmount,USD,,2009-12-31,86492000000.0,10-Q,2010-11-08
us-gaap,LoansAndLeasesReceivableNetReportedAmount,USD,,2009-12-31,86492000000.0,10-K/A,2011-03-07
us-gaap,LoansAndLeasesReceivableNetReportedAmount,USD,,2010-03-31,122362776000.0,10-Q,2010-05-07
us-gaap,LoansAndLeasesReceivableNetReportedAmount,USD,,2010-06-30,120341000000.0,10-Q,2010-08-09
us-gaap,LoansAndLeasesReceivableNetReportedAmount,USD,,2010-09-30,120159000000.0,10-Q,2010-11-08
us-gaap,LoansAndLeasesReceivableNetReportedAmount,USD,,2010-12-31,120319000000.0,10-K/A,2011-03-07
us-gaap,LoansAndLeasesReceivableNetReportedAmount,USD,,2010-12-31,120319000000.0,10-Q,2011-05-10
us-gaap,LoansAndLeasesReceivableNetReportedAmount,USD,,2010-12-31,120319000000.0,10-Q,2011-08-05
us-gaap,LoansAndLeasesReceivableNetReportedAmount,USD,,2010-12-31,120319000000.0,10-Q,2011-11-07
us-gaap,LoansAndLeasesReceivableNetReportedAmount,USD,,2010-12-31,120319000000.0,10-K,2012-02-29
us-gaap,LoansAndLeasesReceivableNetReportedAmount,USD,,2011-03-31,119025000000.0,10-Q,2011-05-10
us-gaap,LoansAndLeasesReceivableNetReportedAmount,USD,,2011-06-30,124477000000.0,10-Q,2011-08-05
us-gaap,LoansAndLeasesReceivableNetReportedAmount,USD,,2011-09-30,125672000000.0,10-Q,2011-11-07
us-gaap,LoansAndLeasesReceivableNetReportedAmount,USD,,2011-12-31,131642000000.0,10-K,2012-02-29
us-gaap,LoansAndLeasesReceivableNetReportedAmount,USD,,2011-12-31,131642000000.0,10-Q,2012-05-08
us-gaap,LoansAndLeasesReceivableNetReportedAmount,USD,,2011-12-31,131642000000.0,10-Q,2012-08-09
us-gaap,LoansAndLeasesReceivableNetReportedAmount,USD,,2011-12-31,131642000000.0,10-Q,2012-11-08
us-gaap,LoansAndLeasesReceivableNetReportedAmount,USD,,2011-12-31,131642000000.0,10-K,2013-02-28
us-gaap,LoansAndLeasesReceivableNetReportedAmount,USD,,2012-03-31,169762000000.0,10-Q,2012-05-08
us-gaap,LoansAndLeasesReceivableNetReportedAmount,USD,,2012-06-30,197751000000.0,10-Q,2012-08-09
us-gaap,LoansAndLeasesReceivableNetReportedAmount,USD,,2012-09-30,197978000000.0,10-Q,2012-11-08
us-gaap,LoansAndLeasesReceivableNetReportedAmount,USD,,2012-12-31,200733000000.0,10-K,2013-02-28
us-gaap,LoansAndLeasesReceivableNetReportedAmount,USD,,2012-12-31,200733000000.0,10-Q,2013-05-09
us-gaap,LoansAndLeasesReceivableNetReportedAmount,USD,,2012-12-31,200733000000.0,10-Q,2013-08-08
us-gaap,LoansAndLeasesReceivableNetReportedAmount,USD,,2012-12-31,200733000000.0,10-Q,2013-11-06
us-gaap,LoansAndLeasesReceivableNetReportedAmount,USD,,2012-12-31,200733000000.0,10-K,2014-02-27
us-gaap,LoansAndLeasesReceivableNetReportedAmount,USD,,2013-02-19,7000000000.0,10-Q,2013-05-09
us-gaap,LoansAndLeasesReceivableNetReportedAmount,USD,,2013-02-19,7000000000.0,10-Q,2013-08-08
us-gaap,LoansAndLeasesReceivableNetReportedAmount,USD,,2013-02-19,7000000000.0,10-Q,2013-11-06
us-gaap,LoansAndLeasesReceivableNetReportedAmount,USD,,2013-03-31,186727000000.0,10-Q,2013-05-09
us-gaap,LoansAndLeasesReceivableNetReportedAmount,USD,,2013-06-30,187105000000.0,10-Q,2013-08-08
us-gaap,LoansAndLeasesReceivableNetReportedAmount,USD,,2013-09-30,187481000000.0,10-Q,2013-11-06
us-gaap,LoansAndLeasesReceivableNetReportedAmount,USD,,2013-12-31,192884000000.0,10-K,2014-02-27
us-gaap,LoansAndLeasesReceivableNetReportedAmount,USD,,2013-12-31,192884000000.0,10-Q,2014-05-06
us-gaap,LoansAndLeasesReceivableNetReportedAmount,USD,,2013-12-31,192884000000.0,10-Q,2014-08-05
us-gaap,LoansAndLeasesReceivableNetReportedAmount,USD,,2013-12-31,192884000000.0,10-Q,2014-11-03
us-gaap,LoansAndLeasesReceivableNetReportedAmount,USD,,2013-12-31,192884000000.0,10-K,2015-02-24
us-gaap,LoansAndLeasesReceivableNetReportedAmount,USD,,2014-03-31,188843000000.0,10-Q,2014-05-06
us-gaap,LoansAndLeasesReceivableNetReportedAmount,USD,,2014-06-30,194530000000.0,10-Q,2014-08-05
us-gaap,LoansAndLeasesReceivableNetReportedAmount,USD,,2014-09-30,197380000000.0,10-Q,2014-11-03
us-gaap,LoansAndLeasesReceivableNetReportedAmount,USD,,2014-12-31,203933000000.0,10-K,2015-02-24
us-gaap,LoansAndLeasesReceivableNetReportedAmount,USD,,2014-12-31,203933000000.0,10-Q,2015-05-05
us-gaap,LoansAndLeasesReceivableNetReportedAmount,USD,,2014-12-31,203933000000.0,10-Q,2015-08-03
us-gaap,LoansAndLeasesReceivableNetReportedAmount,USD,,2014-12-31,203933000000.0,10-Q,2015-11-02
us-gaap,LoansAndLeasesReceivableNetReportedAmount,USD,,2014-12-31,203933000000.0,10-K,2016-02-25
us-gaap,LoansAndLeasesReceivableNetReportedAmount,USD,,2015-03-31,199573000000.0,10-Q,2015-05-05
us-gaap,LoansAndLeasesReceivableNetReportedAmount,USD,,2015-06-30,205029000000.0,10-Q,2015-08-03
us-gaap,LoansAndLeasesReceivableNetReportedAmount,USD,,2015-09-30,208482000000.0,10-Q,2015-11-02
us-gaap,LoansAndLeasesReceivableNetReportedAmount,USD,,2015-12-31,224721000000.0,10-K,2016-02-25
us-gaap,LoansAndLeasesReceivableNetReportedAmount,USD,,2015-12-31,224721000000.0,10-Q,2016-05-04
us-gaap,LoansAndLeasesReceivableNetReportedAmount,USD,,2015-12-31,224721000000.0,10-Q,2016-08-01
us-gaap,LoansAndLeasesReceivableNetReportedAmount,USD,,2015-12-31,224721000000.0,10-Q,2016-11-03
us-gaap,LoansAndLeasesReceivableNetReportedAmount,USD,,2015-12-31,224721000000.0,10-K,2017-02-23
us-gaap,LoansAndLeasesReceivableNetReportedAmount,USD,,2016-03-31,222197000000.0,10-Q,2016-05-04
us-gaap,LoansAndLeasesReceivableNetReportedAmount,USD,,2016-06-30,228722000000.0,10-Q,2016-08-01
us-gaap,LoansAndLeasesReceivableNetReportedAmount,USD,,2016-09-30,231761000000.0,10-Q,2016-11-03
us-gaap,LoansAndLeasesReceivableNetReportedAmount,USD,,2016-12-31,239083000000.0,10-K,2017-02-23
us-gaap,LoansAndLeasesReceivableNetReportedAmount,USD,,2016-12-31,239083000000.0,10-Q,2017-05-03
us-gaap,LoansAndLeasesReceivableNetReportedAmount,USD,,2016-12-31,239083000000.0,10-Q,2017-07-28
us-gaap,LoansAndLeasesReceivableNetReportedAmount,USD,,2016-12-31,239083000000.0,10-Q,2017-11-01
us-gaap,LoansAndLeasesReceivableNetReportedAmount,USD,,2016-12-31,239083000000.0,10-K,2018-02-21
us-gaap,LoansAndLeasesReceivableNetReportedAmount,USD,,2017-03-31,233604000000.0,10-Q,2017-05-03
us-gaap,LoansAndLeasesReceivableNetReportedAmount,USD,,2017-06-30,237132000000.0,10-Q,2017-07-28
us-gaap,LoansAndLeasesReceivableNetReportedAmount,USD,,2017-09-30,245004000000.0,10-Q,2017-11-01
us-gaap,LoansAndLeasesReceivableNetReportedAmount,USD,,2017-12-31,246971000000.0,10-K,2018-02-21
us-gaap,LoansAndLeasesReceivableNetReportedAmount,USD,,2017-12-31,246971000000.0,10-Q,2018-05-02
us-gaap,LoansAndLeasesReceivableNetReportedAmount,USD,,2017-12-31,246971000000.0,10-Q,2018-07-27
us-gaap,LoansAndLeasesReceivableNetReportedAmount,USD,,2017-12-31,246971000000.0,10-Q,2018-11-01
us-gaap,LoansAndLeasesReceivableNetReportedAmount,USD,,2017-12-31,246971000000.0,10-K,2019-02-20
us-gaap,LoansAndLeasesReceivableNetReportedAmount,USD,,2018-03-31,240689000000.0,10-Q,2018-05-02
us-gaap,LoansAndLeasesReceivableNetReportedAmount,USD,,2018-06-30,228756000000.0,10-Q,2018-07-27
us-gaap,LoansAndLeasesReceivableNetReportedAmount,USD,,2018-09-30,231542000000.0,10-Q,2018-11-01
us-gaap,LoansAndLeasesReceivableNetReportedAmount,USD,,2018-12-31,238679000000.0,10-K,2019-02-20
us-gaap,LoansAndLeasesReceivableNetReportedAmount,USD,,2018-12-31,238679000000.0,10-Q,2019-05-01
us-gaap,LoansAndLeasesReceivableNetReportedAmount,USD,,2018-12-31,238679000000.0,10-Q,2019-07-31
us-gaap,LoansAndLeasesReceivableNetReportedAmount,USD,,2018-12-31,238679000000.0,10-Q,2019-10-31
us-gaap,LoansAndLeasesReceivableNetReportedAmount,USD,,2018-12-31,238679000000.0,10-K,2020-02-20
us-gaap,LoansAndLeasesReceivableNetReportedAmount,USD,,2019-03-31,232960000000.0,10-Q,2019-05-01
us-gaap,LoansAndLeasesReceivableNetReportedAmount,USD,,2019-06-30,237327000000.0,10-Q,2019-07-31
us-gaap,LoansAndLeasesReceivableNetReportedAmount,USD,,2019-09-30,242318000000.0,10-Q,2019-10-31
us-gaap,LoansAndLeasesReceivableNetReportedAmount,USD,,2019-12-31,258601000000.0,10-K,2020-02-20
us-gaap,LoansAndLeasesReceivableNetReportedAmount,USD,,2019-12-31,258601000000.0,10-Q,2020-05-01
us-gaap,LoansAndLeasesReceivableNetReportedAmount,USD,,2019-12-31,258601000000.0,10-Q,2020-08-06
us-gaap,LoansAndLeasesReceivableNetReportedAmount,USD,,2020-03-31,248917000000.0,10-Q,2020-05-01
us-gaap,LoansAndLeasesReceivableNetReportedAmount,USD,,2020-06-30,234680000000.0,10-Q,2020-08-06
us-gaap,LongTermDebt,USD,,2009-12-31,15438000000.0,10-Q,2010-11-08
us-gaap,LongTermDebt,USD,,2009-12-31,15438000000.0,10-K/A,2011-03-07
us-gaap,LongTermDebt,USD,,2010-09-30,29327000000.0,10-Q,2010-11-08
us-gaap,LongTermDebt,USD,,2010-12-31,28690000000.0,10-K/A,2011-03-07
us-gaap,LongTermDebt,USD,,2010-12-31,40272000000.0,10-Q,2011-05-10
us-gaap,LongTermDebt,USD,,2010-12-31,40272000000.0,10-Q,2011-08-05
us-gaap,LongTermDebt,USD,,2010-12-31,40272000000.0,10-Q,2011-11-07
us-gaap,LongTermDebt,USD,,2010-12-31,40272000000.0,10-K,2012-02-29
us-gaap,LongTermDebt,USD,,2011-03-31,37827000000.0,10-Q,2011-05-10
us-gaap,LongTermDebt,USD,,2011-06-30,33295000000.0,10-Q,2011-08-05
us-gaap,LongTermDebt,USD,,2011-09-30,32874000000.0,10-Q,2011-11-07
us-gaap,LongTermDebt,USD,,2011-12-31,32262000000.0,10-K,2012-02-29
us-gaap,LongTermDebt,USD,,2011-12-31,32262000000.0,10-Q,2012-05-08
us-gaap,LongTermDebt,USD,,2011-12-31,32262000000.0,10-Q,2012-08-09
us-gaap,LongTermDebt,USD,,2011-12-31,32262000000.0,10-Q,2012-11-08
us-gaap,LongTermDebt,USD,,2011-12-31,32262000000.0,10-K,2013-02-28
us-gaap,LongTermDebt,USD,,2012-03-31,32115000000.0,10-Q,2012-05-08
us-gaap,LongTermDebt,USD,,2012-06-30,30373000000.0,10-Q,2012-08-09
us-gaap,LongTermDebt,USD,,2012-09-30,29125000000.0,10-Q,2012-11-08
us-gaap,LongTermDebt,USD,,2012-12-31,28762000000.0,10-K,2013-02-28
us-gaap,LongTermDebt,USD,,2012-12-31,28762000000.0,10-Q,2013-05-09
us-gaap,LongTermDebt,USD,,2012-12-31,28762000000.0,10-Q,2013-08-08
us-gaap,LongTermDebt,USD,,2012-12-31,28762000000.0,10-Q,2013-11-06
us-gaap,LongTermDebt,USD,,2012-12-31,28762000000.0,10-K,2014-02-27
us-gaap,LongTermDebt,USD,,2013-03-31,25336000000.0,10-Q,2013-05-09
us-gaap,LongTermDebt,USD,,2013-06-30,24264000000.0,10-Q,2013-08-08
us-gaap,LongTermDebt,USD,,2013-09-30,22958000000.0,10-Q,2013-11-06
us-gaap,LongTermDebt,USD,,2013-12-31,24439000000.0,10-K,2014-02-27
us-gaap,LongTermDebt,USD,,2013-12-31,24439000000.0,10-Q,2014-05-06
us-gaap,LongTermDebt,USD,,2013-12-31,24439000000.0,10-Q,2014-08-05
us-gaap,LongTermDebt,USD,,2013-12-31,24439000000.0,10-Q,2014-11-03
us-gaap,LongTermDebt,USD,,2013-12-31,24439000000.0,10-K,2015-02-24
us-gaap,LongTermDebt,USD,,2014-03-31,25674000000.0,10-Q,2014-05-06
us-gaap,LongTermDebt,USD,,2014-06-30,28634000000.0,10-Q,2014-08-05
us-gaap,LongTermDebt,USD,,2014-09-30,30113000000.0,10-Q,2014-11-03
us-gaap,LongTermDebt,USD,,2014-12-31,31377000000.0,10-K,2015-02-24
us-gaap,LongTermDebt,USD,,2014-12-31,31377000000.0,10-Q,2015-05-05
us-gaap,LongTermDebt,USD,,2014-12-31,31377000000.0,10-Q,2015-08-03
us-gaap,LongTermDebt,USD,,2015-03-31,34346000000.0,10-Q,2015-05-05
us-gaap,LongTermDebt,USD,,2015-06-30,43878000000.0,10-Q,2015-08-03
us-gaap,NoninterestBearingDepositLiabilities,USD,,2008-12-31,11293852000.0,10-Q,2009-08-10
us-gaap,NoninterestBearingDepositLiabilities,USD,,2008-12-31,11293852000.0,10-Q,2009-11-09
us-gaap,NoninterestBearingDepositLiabilities,USD,,2008-12-31,11293852000.0,10-K,2010-02-26
us-gaap,NoninterestBearingDepositLiabilities,USD,,2009-06-30,12603548000.0,10-Q,2009-08-10
us-gaap,NoninterestBearingDepositLiabilities,USD,,2009-09-30,12734589000.0,10-Q,2009-11-09
us-gaap,NoninterestBearingDepositLiabilities,USD,,2009-12-31,13438659000.0,10-K,2010-02-26
us-gaap,NoninterestBearingDepositLiabilities,USD,,2009-12-31,13438659000.0,10-Q,2010-05-07
us-gaap,NoninterestBearingDepositLiabilities,USD,,2009-12-31,13439000000.0,10-Q,2010-08-09
us-gaap,NoninterestBearingDepositLiabilities,USD,,2009-12-31,13439000000.0,10-Q,2010-11-08
us-gaap,NoninterestBearingDepositLiabilities,USD,,2009-12-31,13439000000.0,10-K/A,2011-03-07
us-gaap,NoninterestBearingDepositLiabilities,USD,,2010-03-31,13773082000.0,10-Q,2010-05-07
us-gaap,NoninterestBearingDepositLiabilities,USD,,2010-06-30,14159000000.0,10-Q,2010-08-09
us-gaap,NoninterestBearingDepositLiabilities,USD,,2010-09-30,14471000000.0,10-Q,2010-11-08
us-gaap,NoninterestBearingDepositLiabilities,USD,,2010-12-31,15048000000.0,10-K/A,2011-03-07
us-gaap,NoninterestBearingDepositLiabilities,USD,,2010-12-31,15048000000.0,10-Q,2011-05-10
us-gaap,NoninterestBearingDepositLiabilities,USD,,2010-12-31,15048000000.0,10-Q,2011-08-05
us-gaap,NoninterestBearingDepositLiabilities,USD,,2010-12-31,15048000000.0,10-Q,2011-11-07
us-gaap,NoninterestBearingDepositLiabilities,USD,,2010-12-31,15048000000.0,10-K,2012-02-29
us-gaap,NoninterestBearingDepositLiabilities,USD,,2011-03-31,16349000000.0,10-Q,2011-05-10
us-gaap,NoninterestBearingDepositLiabilities,USD,,2011-06-30,16839000000.0,10-Q,2011-08-05
us-gaap,NoninterestBearingDepositLiabilities,USD,,2011-09-30,17541000000.0,10-Q,2011-11-07
us-gaap,NoninterestBearingDepositLiabilities,USD,,2011-12-31,18281000000.0,10-K,2012-02-29
us-gaap,NoninterestBearingDepositLiabilities,USD,,2011-12-31,18281000000.0,10-Q,2012-05-08
us-gaap,NoninterestBearingDepositLiabilities,USD,,2011-12-31,18281000000.0,10-Q,2012-08-09
us-gaap,NoninterestBearingDepositLiabilities,USD,,2011-12-31,18281000000.0,10-Q,2012-11-08
us-gaap,NoninterestBearingDepositLiabilities,USD,,2011-12-31,18281000000.0,10-K,2013-02-28
us-gaap,NoninterestBearingDepositLiabilities,USD,,2012-03-31,19274000000.0,10-Q,2012-05-08
us-gaap,NoninterestBearingDepositLiabilities,USD,,2012-06-30,20072000000.0,10-Q,2012-08-09
us-gaap,NoninterestBearingDepositLiabilities,USD,,2012-09-30,20767000000.0,10-Q,2012-11-08
us-gaap,NoninterestBearingDepositLiabilities,USD,,2012-12-31,22467000000.0,10-K,2013-02-28
us-gaap,NoninterestBearingDepositLiabilities,USD,,2012-12-31,22467000000.0,10-Q,2013-05-09
us-gaap,NoninterestBearingDepositLiabilities,USD,,2012-12-31,22467000000.0,10-Q,2013-08-08
us-gaap,NoninterestBearingDepositLiabilities,USD,,2012-12-31,22467000000.0,10-Q,2013-11-06
us-gaap,NoninterestBearingDepositLiabilities,USD,,2012-12-31,22467000000.0,10-K,2014-02-27
us-gaap,NoninterestBearingDepositLiabilities,USD,,2013-03-31,21317000000.0,10-Q,2013-05-09
us-gaap,NoninterestBearingDepositLiabilities,USD,,2013-06-30,22097000000.0,10-Q,2013-08-08
us-gaap,NoninterestBearingDepositLiabilities,USD,,2013-09-30,22281000000.0,10-Q,2013-11-06
us-gaap,NoninterestBearingDepositLiabilities,USD,,2013-12-31,22643000000.0,10-K,2014-02-27
us-gaap,NoninterestBearingDepositLiabilities,USD,,2013-12-31,22643000000.0,10-Q,2014-05-06
us-gaap,NoninterestBearingDepositLiabilities,USD,,2013-12-31,22643000000.0,10-Q,2014-08-05
us-gaap,NoninterestBearingDepositLiabilities,USD,,2013-12-31,22643000000.0,10-Q,2014-11-03
us-gaap,NoninterestBearingDepositLiabilities,USD,,2013-12-31,22643000000.0,10-K,2015-02-24
us-gaap,NoninterestBearingDepositLiabilities,USD,,2014-03-31,24110000000.0,10-Q,2014-05-06
us-gaap,NoninterestBearingDepositLiabilities,USD,,2014-06-30,24920000000.0,10-Q,2014-08-05
us-gaap,NoninterestBearingDepositLiabilities,USD,,2014-09-30,25388000000.0,10-Q,2014-11-03
us-gaap,NoninterestBearingDepositLiabilities,USD,,2014-12-31,25081000000.0,10-K,2015-02-24
us-gaap,NoninterestBearingDepositLiabilities,USD,,2014-12-31,25081000000.0,10-Q,2015-05-05
us-gaap,NoninterestBearingDepositLiabilities,USD,,2014-12-31,25081000000.0,10-Q,2015-08-03
us-gaap,NoninterestBearingDepositLiabilities,USD,,2014-12-31,25081000000.0,10-Q,2015-11-02
us-gaap,NoninterestBearingDepositLiabilities,USD,,2014-12-31,25081000000.0,10-K,2016-02-25
us-gaap,NoninterestBearingDepositLiabilities,USD,,2015-03-31,25232000000.0,10-Q,2015-05-05
us-gaap,NoninterestBearingDepositLiabilities,USD,,2015-06-30,25123000000.0,10-Q,2015-08-03
us-gaap,NoninterestBearingDepositLiabilities,USD,,2015-09-30,25055000000.0,10-Q,2015-11-02
us-gaap,NoninterestBearingDepositLiabilities,USD,,2015-12-31,25847000000.0,10-K,2016-02-25
us-gaap,NoninterestBearingDepositLiabilities,USD,,2015-12-31,25847000000.0,10-Q,2016-05-04
us-gaap,NoninterestBearingDepositLiabilities,USD,,2015-12-31,25847000000.0,10-Q,2016-08-01
us-gaap,NoninterestBearingDepositLiabilities,USD,,2015-12-31,25847000000.0,10-Q,2016-11-03
us-gaap,NoninterestBearingDepositLiabilities,USD,,2015-12-31,25847000000.0,10-K,2017-02-23
us-gaap,NoninterestBearingDepositLiabilities,USD,,2016-03-31,25182000000.0,10-Q,2016-05-04
us-gaap,NoninterestBearingDepositLiabilities,USD,,2016-06-30,25424000000.0,10-Q,2016-08-01
us-gaap,NoninterestBearingDepositLiabilities,USD,,2016-09-30,25565000000.0,10-Q,2016-11-03
us-gaap,NoninterestBearingDepositLiabilities,USD,,2016-12-31,25502000000.0,10-K,2017-02-23
us-gaap,NoninterestBearingDepositLiabilities,USD,,2016-12-31,25502000000.0,10-Q,2017-05-03
us-gaap,NoninterestBearingDepositLiabilities,USD,,2016-12-31,25502000000.0,10-Q,2017-07-28
us-gaap,NoninterestBearingDepositLiabilities,USD,,2016-12-31,25502000000.0,10-Q,2017-11-01
us-gaap,NoninterestBearingDepositLiabilities,USD,,2016-12-31,25502000000.0,10-K,2018-02-21
us-gaap,NoninterestBearingDepositLiabilities,USD,,2017-03-31,26364000000.0,10-Q,2017-05-03
us-gaap,NoninterestBearingDepositLiabilities,USD,,2017-06-30,25953000000.0,10-Q,2017-07-28
us-gaap,NoninterestBearingDepositLiabilities,USD,,2017-09-30,26106000000.0,10-Q,2017-11-01
us-gaap,NoninterestBearingDepositLiabilities,USD,,2017-12-31,26404000000.0,10-K,2018-02-21
us-gaap,NoninterestBearingDepositLiabilities,USD,,2017-12-31,26404000000.0,10-Q,2018-05-02
us-gaap,NoninterestBearingDepositLiabilities,USD,,2017-12-31,26404000000.0,10-Q,2018-07-27
us-gaap,NoninterestBearingDepositLiabilities,USD,,2017-12-31,26404000000.0,10-Q,2018-11-01
us-gaap,NoninterestBearingDepositLiabilities,USD,,2017-12-31,26404000000.0,10-K,2019-02-20
us-gaap,NoninterestBearingDepositLiabilities,USD,,2018-03-31,26176000000.0,10-Q,2018-05-02
us-gaap,NoninterestBearingDepositLiabilities,USD,,2018-06-30,25620000000.0,10-Q,2018-07-27
us-gaap,NoninterestBearingDepositLiabilities,USD,,2018-09-30,24839000000.0,10-Q,2018-11-01
us-gaap,NoninterestBearingDepositLiabilities,USD,,2018-12-31,23483000000.0,10-K,2019-02-20
us-gaap,NoninterestBearingDepositLiabilities,USD,,2018-12-31,23483000000.0,10-Q,2019-05-01
us-gaap,NoninterestBearingDepositLiabilities,USD,,2018-12-31,23483000000.0,10-Q,2019-07-31
us-gaap,NoninterestBearingDepositLiabilities,USD,,2018-12-31,23483000000.0,10-Q,2019-10-31
us-gaap,NoninterestBearingDepositLiabilities,USD,,2018-12-31,23483000000.0,10-K,2020-02-20
us-gaap,NoninterestBearingDepositLiabilities,USD,,2019-03-31,24908000000.0,10-Q,2019-05-01
us-gaap,NoninterestBearingDepositLiabilities,USD,,2019-06-30,23374000000.0,10-Q,2019-07-31
us-gaap,NoninterestBearingDepositLiabilities,USD,,2019-09-30,23064000000.0,10-Q,2019-10-31
us-gaap,NoninterestBearingDepositLiabilities,USD,,2019-12-31,23488000000.0,10-K,2020-02-20
us-gaap,NoninterestBearingDepositLiabilities,USD,,2019-12-31,23488000000.0,10-Q,2020-05-01
us-gaap,NoninterestBearingDepositLiabilities,USD,,2019-12-31,23488000000.0,10-Q,2020-08-06
us-gaap,NoninterestBearingDepositLiabilities,USD,,2019-12-31,23488000000.0,10-Q,2020-11-02
us-gaap,NoninterestBearingDepositLiabilities,USD,,2019-12-31,23488000000.0,10-K,2021-02-25
us-gaap,NoninterestBearingDepositLiabilities,USD,,2020-03-31,24547000000.0,10-Q,2020-05-01
us-gaap,NoninterestBearingDepositLiabilities,USD,,2020-06-30,29055000000.0,10-Q,2020-08-06
us-gaap,NoninterestBearingDepositLiabilities,USD,,2020-09-30,29633000000.0,10-Q,2020-11-02
us-gaap,NoninterestBearingDepositLiabilities,USD,,2020-12-31,31142000000.0,10-K,2021-02-25
us-gaap,NoninterestBearingDepositLiabilities,USD,,2020-12-31,31142000000.0,10-Q,2021-05-07
us-gaap,NoninterestBearingDepositLiabilities,USD,,2020-12-31,31142000000.0,10-Q,2021-07-30
us-gaap,NoninterestBearingDepositLiabilities,USD,,2020-12-31,31142000000.0,10-Q,2021-11-05
us-gaap,NoninterestBearingDepositLiabilities,USD,,2020-12-31,31142000000.0,10-K,2022-02-25
us-gaap,NoninterestBearingDepositLiabilities,USD,,2021-03-31,34003000000.0,10-Q,2021-05-07
us-gaap,NoninterestBearingDepositLiabilities,USD,,2021-06-30,34994000000.0,10-Q,2021-07-30
us-gaap,NoninterestBearingDepositLiabilities,USD,,2021-09-30,36804000000.0,10-Q,2021-11-05
us-gaap,NoninterestBearingDepositLiabilities,USD,,2021-12-31,38043000000.0,10-K,2022-02-25
us-gaap,NoninterestBearingDepositLiabilities,USD,,2021-12-31,38043000000.0,10-Q,2022-05-10
us-gaap,NoninterestBearingDepositLiabilities,USD,,2021-12-31,38043000000.0,10-Q,2022-07-29
us-gaap,NoninterestBearingDepositLiabilities,USD,,2021-12-31,38043000000.0,10-Q,2022-11-04
us-gaap,NoninterestBearingDepositLiabilities,USD,,2021-12-31,38043000000.0,10-K,2023-02-24
us-gaap,NoninterestBearingDepositLiabilities,USD,,2022-03-31,37781000000.0,10-Q,2022-05-10
us-gaap,NoninterestBearingDepositLiabilities,USD,,2022-06-30,37004000000.0,10-Q,2022-07-29
us-gaap,NoninterestBearingDepositLiabilities,USD,,2022-09-30,34391000000.0,10-Q,2022-11-04
us-gaap,NoninterestBearingDepositLiabilities,USD,,2022-12-31,32203000000.0,10-K,2023-02-24
us-gaap,NoninterestBearingDepositLiabilities,USD,,2022-12-31,32203000000.0,10-Q,2023-05-05
us-gaap,NoninterestBearingDepositLiabilities,USD,,2022-12-31,32203000000.0,10-Q,2023-07-27
us-gaap,NoninterestBearingDepositLiabilities,USD,,2022-12-31,32203000000.0,10-Q,2023-11-02
us-gaap,NoninterestBearingDepositLiabilities,USD,,2022-12-31,32203000000.0,10-K,2024-02-23
us-gaap,NoninterestBearingDepositLiabilities,USD,,2023-03-31,31186000000.0,10-Q,2023-05-05
us-gaap,NoninterestBearingDepositLiabilities,USD,,2023-06-30,29312000000.0,10-Q,2023-07-27
us-gaap,NoninterestBearingDepositLiabilities,USD,,2023-09-30,28794000000.0,10-Q,2023-11-02
us-gaap,NoninterestBearingDepositLiabilities,USD,,2023-12-31,28024000000.0,10-K,2024-02-23
us-gaap,NoninterestBearingDepositLiabilities,USD,,2023-12-31,28024000000.0,10-Q,2024-05-02
us-gaap,NoninterestBearingDepositLiabilities,USD,,2023-12-31,28024000000.0,10-Q,2024-08-01
us-gaap,NoninterestBearingDepositLiabilities,USD,,2023-12-31,28024000000.0,10-Q,2024-10-31
us-gaap,NoninterestBearingDepositLiabilities,USD,,2023-12-31,28024000000.0,10-K,2025-02-20
us-gaap,NoninterestBearingDepositLiabilities,USD,,2024-03-31,27617000000.0,10-Q,2024-05-02
us-gaap,NoninterestBearingDepositLiabilities,USD,,2024-06-30,27005000000.0,10-Q,2024-08-01
us-gaap,NoninterestBearingDepositLiabilities,USD,,2024-09-30,26378000000.0,10-Q,2024-10-31
us-gaap,NoninterestBearingDepositLiabilities,USD,,2024-12-31,26122000000.0,10-K,2025-02-20
us-gaap,NoninterestBearingDepositLiabilities,USD,,2024-12-31,26122000000.0,10-Q,2025-05-07
us-gaap,NoninterestBearingDepositLiabilities,USD,,2024-12-31,26122000000.0,10-Q,2025-07-31
us-gaap,NoninterestBearingDepositLiabilities,USD,,2024-12-31,26122000000.0,10-Q,2025-11-03
us-gaap,NoninterestBearingDepositLiabilities,USD,,2024-12-31,26122000000.0,10-K,2026-02-19
us-gaap,NoninterestBearingDepositLiabilities,USD,,2025-03-31,26500000000.0,10-Q,2025-05-07
us-gaap,NoninterestBearingDepositLiabilities,USD,,2025-06-30,27879000000.0,10-Q,2025-07-31
us-gaap,NoninterestBearingDepositLiabilities,USD,,2025-09-30,27649000000.0,10-Q,2025-11-03
us-gaap,NoninterestBearingDepositLiabilities,USD,,2025-12-31,27385000000.0,10-K,2026-02-19
us-gaap,NoninterestBearingDepositLiabilities,USD,,2025-12-31,27385000000.0,10-Q,2026-05-07
us-gaap,NoninterestBearingDepositLiabilities,USD,,2025-12-31,27385000000.0,10-Q,2026-07-28
us-gaap,NoninterestBearingDepositLiabilities,USD,,2026-03-31,27936000000.0,10-Q,2026-05-07
us-gaap,NoninterestBearingDepositLiabilities,USD,,2026-06-30,27793000000.0,10-Q,2026-07-28
us-gaap,PreferredStockIncludingAdditionalPaidInCapitalNetOfDiscount,USD,,2013-12-31,853000000.0,10-K,2015-02-24
us-gaap,PreferredStockIncludingAdditionalPaidInCapitalNetOfDiscount,USD,,2014-03-31,1822000000.0,10-Q,2015-05-05
us-gaap,PreferredStockIncludingAdditionalPaidInCapitalNetOfDiscount,USD,,2014-12-31,1822000000.0,10-K,2015-02-24
us-gaap,PreferredStockIncludingAdditionalPaidInCapitalNetOfDiscount,USD,,2014-12-31,1822000000.0,10-Q,2015-08-03
us-gaap,PreferredStockIncludingAdditionalPaidInCapitalNetOfDiscount,USD,,2014-12-31,1822000000.0,10-Q,2015-11-02
us-gaap,PreferredStockIncludingAdditionalPaidInCapitalNetOfDiscount,USD,,2014-12-31,1822000000.0,10-K,2016-02-25
us-gaap,PreferredStockIncludingAdditionalPaidInCapitalNetOfDiscount,USD,,2015-03-31,1822000000.0,10-Q,2015-05-05
us-gaap,PreferredStockIncludingAdditionalPaidInCapitalNetOfDiscount,USD,,2015-06-30,2810000000.0,10-Q,2015-08-03
us-gaap,PreferredStockIncludingAdditionalPaidInCapitalNetOfDiscount,USD,,2015-09-30,3294000000.0,10-Q,2015-11-02
us-gaap,PreferredStockIncludingAdditionalPaidInCapitalNetOfDiscount,USD,,2015-12-31,3294000000.0,10-K,2016-02-25
us-gaap,PreferredStockIncludingAdditionalPaidInCapitalNetOfDiscount,USD,,2015-12-31,3294000000.0,10-Q,2016-05-04
us-gaap,PreferredStockIncludingAdditionalPaidInCapitalNetOfDiscount,USD,,2015-12-31,3294000000.0,10-Q,2016-08-01
us-gaap,PreferredStockIncludingAdditionalPaidInCapitalNetOfDiscount,USD,,2015-12-31,3294000000.0,10-Q,2016-11-03
us-gaap,PreferredStockIncludingAdditionalPaidInCapitalNetOfDiscount,USD,,2015-12-31,3294000000.0,10-K,2017-02-23
us-gaap,PreferredStockIncludingAdditionalPaidInCapitalNetOfDiscount,USD,,2016-03-31,3294000000.0,10-Q,2016-05-04
us-gaap,PreferredStockIncludingAdditionalPaidInCapitalNetOfDiscount,USD,,2016-06-30,3294000000.0,10-Q,2016-08-01
us-gaap,PreferredStockIncludingAdditionalPaidInCapitalNetOfDiscount,USD,,2016-09-30,3877000000.0,10-Q,2016-11-03
us-gaap,PreferredStockIncludingAdditionalPaidInCapitalNetOfDiscount,USD,,2016-12-31,4360000000.0,10-K,2017-02-23
us-gaap,PreferredStockIncludingAdditionalPaidInCapitalNetOfDiscount,USD,,2016-12-31,4360000000.0,10-Q,2017-05-03
us-gaap,PreferredStockIncludingAdditionalPaidInCapitalNetOfDiscount,USD,,2016-12-31,4360000000.0,10-Q,2017-07-28
us-gaap,PreferredStockIncludingAdditionalPaidInCapitalNetOfDiscount,USD,,2016-12-31,4360000000.0,10-Q,2017-11-01
us-gaap,PreferredStockIncludingAdditionalPaidInCapitalNetOfDiscount,USD,,2016-12-31,4360000000.0,10-K,2018-02-21
us-gaap,PreferredStockIncludingAdditionalPaidInCapitalNetOfDiscount,USD,,2017-03-31,4360000000.0,10-Q,2017-05-03
us-gaap,PreferredStockIncludingAdditionalPaidInCapitalNetOfDiscount,USD,,2017-06-30,4360000000.0,10-Q,2017-07-28
us-gaap,PreferredStockIncludingAdditionalPaidInCapitalNetOfDiscount,USD,,2017-09-30,4360000000.0,10-Q,2017-11-01
us-gaap,PreferredStockIncludingAdditionalPaidInCapitalNetOfDiscount,USD,,2017-12-31,4360000000.0,10-K,2018-02-21
us-gaap,PreferredStockIncludingAdditionalPaidInCapitalNetOfDiscount,USD,,2017-12-31,4360000000.0,10-Q,2018-05-02
us-gaap,PreferredStockIncludingAdditionalPaidInCapitalNetOfDiscount,USD,,2017-12-31,4360000000.0,10-Q,2018-07-27
us-gaap,PreferredStockIncludingAdditionalPaidInCapitalNetOfDiscount,USD,,2017-12-31,4360000000.0,10-Q,2018-11-01
us-gaap,PreferredStockIncludingAdditionalPaidInCapitalNetOfDiscount,USD,,2017-12-31,4360000000.0,10-K,2019-02-20
us-gaap,PreferredStockIncludingAdditionalPaidInCapitalNetOfDiscount,USD,,2018-03-31,4360000000.0,10-Q,2018-05-02
us-gaap,PreferredStockIncludingAdditionalPaidInCapitalNetOfDiscount,USD,,2018-06-30,4360000000.0,10-Q,2018-07-27
us-gaap,PreferredStockIncludingAdditionalPaidInCapitalNetOfDiscount,USD,,2018-09-30,4360000000.0,10-Q,2018-11-01
us-gaap,PreferredStockIncludingAdditionalPaidInCapitalNetOfDiscount,USD,,2018-12-31,4360000000.0,10-K,2019-02-20
us-gaap,PreferredStockIncludingAdditionalPaidInCapitalNetOfDiscount,USD,,2018-12-31,4360000000.0,10-Q,2019-05-01
us-gaap,PreferredStockIncludingAdditionalPaidInCapitalNetOfDiscount,USD,,2018-12-31,4360000000.0,10-Q,2019-07-31
us-gaap,PreferredStockIncludingAdditionalPaidInCapitalNetOfDiscount,USD,,2018-12-31,4360000000.0,10-Q,2019-10-31
us-gaap,PreferredStockIncludingAdditionalPaidInCapitalNetOfDiscount,USD,,2018-12-31,4360000000.0,10-K,2020-02-20
us-gaap,PreferredStockIncludingAdditionalPaidInCapitalNetOfDiscount,USD,,2019-03-31,4360000000.0,10-Q,2019-05-01
us-gaap,PreferredStockIncludingAdditionalPaidInCapitalNetOfDiscount,USD,,2019-06-30,4360000000.0,10-Q,2019-07-31
us-gaap,PreferredStockIncludingAdditionalPaidInCapitalNetOfDiscount,USD,,2019-09-30,5823000000.0,10-Q,2019-10-31
us-gaap,PreferredStockIncludingAdditionalPaidInCapitalNetOfDiscount,USD,,2019-12-31,4853000000.0,10-K,2020-02-20
us-gaap,PreferredStockIncludingAdditionalPaidInCapitalNetOfDiscount,USD,,2019-12-31,4853000000.0,10-Q,2020-05-01
us-gaap,PreferredStockIncludingAdditionalPaidInCapitalNetOfDiscount,USD,,2019-12-31,4853000000.0,10-Q,2020-08-06
us-gaap,PreferredStockIncludingAdditionalPaidInCapitalNetOfDiscount,USD,,2019-12-31,4853000000.0,10-Q,2020-11-02
us-gaap,PreferredStockIncludingAdditionalPaidInCapitalNetOfDiscount,USD,,2019-12-31,4853000000.0,10-K,2021-02-25
us-gaap,PreferredStockIncludingAdditionalPaidInCapitalNetOfDiscount,USD,,2020-03-31,5209000000.0,10-Q,2020-05-01
us-gaap,PreferredStockIncludingAdditionalPaidInCapitalNetOfDiscount,USD,,2020-06-30,5209000000.0,10-Q,2020-08-06
us-gaap,PreferredStockIncludingAdditionalPaidInCapitalNetOfDiscount,USD,,2020-09-30,5330000000.0,10-Q,2020-11-02
us-gaap,PreferredStockIncludingAdditionalPaidInCapitalNetOfDiscount,USD,,2020-12-31,4847000000.0,10-K,2021-02-25
us-gaap,PreferredStockIncludingAdditionalPaidInCapitalNetOfDiscount,USD,,2020-12-31,4847000000.0,10-Q,2021-05-07
us-gaap,PreferredStockIncludingAdditionalPaidInCapitalNetOfDiscount,USD,,2020-12-31,4847000000.0,10-Q,2021-07-30
us-gaap,PreferredStockIncludingAdditionalPaidInCapitalNetOfDiscount,USD,,2020-12-31,4847000000.0,10-Q,2021-11-05
us-gaap,PreferredStockIncludingAdditionalPaidInCapitalNetOfDiscount,USD,,2020-12-31,4847000000.0,10-K,2022-02-25
us-gaap,PreferredStockIncludingAdditionalPaidInCapitalNetOfDiscount,USD,,2021-03-31,4847000000.0,10-Q,2021-05-07
us-gaap,PreferredStockIncludingAdditionalPaidInCapitalNetOfDiscount,USD,,2021-06-30,6488000000.0,10-Q,2021-07-30
us-gaap,PreferredStockIncludingAdditionalPaidInCapitalNetOfDiscount,USD,,2021-09-30,5912000000.0,10-Q,2021-11-05
us-gaap,PreferredStockIncludingAdditionalPaidInCapitalNetOfDiscount,USD,,2021-12-31,4845000000.0,10-K,2022-02-25
us-gaap,PreferredStockIncludingAdditionalPaidInCapitalNetOfDiscount,USD,,2021-12-31,4845000000.0,10-Q,2022-05-10
us-gaap,PreferredStockIncludingAdditionalPaidInCapitalNetOfDiscount,USD,,2021-12-31,4845000000.0,10-Q,2022-07-29
us-gaap,PreferredStockIncludingAdditionalPaidInCapitalNetOfDiscount,USD,,2021-12-31,4845000000.0,10-Q,2022-11-04
us-gaap,PreferredStockIncludingAdditionalPaidInCapitalNetOfDiscount,USD,,2021-12-31,4845000000.0,10-K,2023-02-24
us-gaap,PreferredStockIncludingAdditionalPaidInCapitalNetOfDiscount,USD,,2022-03-31,4845000000.0,10-Q,2022-05-10
us-gaap,PreferredStockIncludingAdditionalPaidInCapitalNetOfDiscount,USD,,2022-06-30,4845000000.0,10-Q,2022-07-29
us-gaap,PreferredStockIncludingAdditionalPaidInCapitalNetOfDiscount,USD,,2022-09-30,4845000000.0,10-Q,2022-11-04
us-gaap,PreferredStockIncludingAdditionalPaidInCapitalNetOfDiscount,USD,,2022-12-31,4845000000.0,10-K,2023-02-24
us-gaap,PreferredStockIncludingAdditionalPaidInCapitalNetOfDiscount,USD,,2022-12-31,4845000000.0,10-Q,2023-05-05
us-gaap,PreferredStockIncludingAdditionalPaidInCapitalNetOfDiscount,USD,,2022-12-31,4845000000.0,10-Q,2023-07-27
us-gaap,PreferredStockIncludingAdditionalPaidInCapitalNetOfDiscount,USD,,2022-12-31,4845000000.0,10-Q,2023-11-02
us-gaap,PreferredStockIncludingAdditionalPaidInCapitalNetOfDiscount,USD,,2022-12-31,4845000000.0,10-K,2024-02-23
us-gaap,PreferredStockIncludingAdditionalPaidInCapitalNetOfDiscount,USD,,2023-03-31,4845000000.0,10-Q,2023-05-05
us-gaap,PreferredStockIncludingAdditionalPaidInCapitalNetOfDiscount,USD,,2023-06-30,4845000000.0,10-Q,2023-07-27
us-gaap,PreferredStockIncludingAdditionalPaidInCapitalNetOfDiscount,USD,,2023-09-30,4845000000.0,10-Q,2023-11-02
us-gaap,PreferredStockIncludingAdditionalPaidInCapitalNetOfDiscount,USD,,2023-12-31,4845000000.0,10-K,2024-02-23
us-gaap,PreferredStockIncludingAdditionalPaidInCapitalNetOfDiscount,USD,,2023-12-31,4845000000.0,10-Q,2024-05-02
us-gaap,PreferredStockIncludingAdditionalPaidInCapitalNetOfDiscount,USD,,2023-12-31,4845000000.0,10-Q,2024-08-01
us-gaap,PreferredStockIncludingAdditionalPaidInCapitalNetOfDiscount,USD,,2023-12-31,4845000000.0,10-Q,2024-10-31
us-gaap,PreferredStockIncludingAdditionalPaidInCapitalNetOfDiscount,USD,,2023-12-31,4845000000.0,10-K,2025-02-20
us-gaap,PreferredStockIncludingAdditionalPaidInCapitalNetOfDiscount,USD,,2024-03-31,4845000000.0,10-Q,2024-05-02
us-gaap,PreferredStockIncludingAdditionalPaidInCapitalNetOfDiscount,USD,,2024-06-30,4845000000.0,10-Q,2024-08-01
us-gaap,PreferredStockIncludingAdditionalPaidInCapitalNetOfDiscount,USD,,2024-09-30,4845000000.0,10-Q,2024-10-31
us-gaap,PreferredStockIncludingAdditionalPaidInCapitalNetOfDiscount,USD,,2024-12-31,4845000000.0,10-K,2025-02-20
us-gaap,PreferredStockIncludingAdditionalPaidInCapitalNetOfDiscount,USD,,2024-12-31,4845000000.0,10-Q,2025-05-07
us-gaap,PreferredStockIncludingAdditionalPaidInCapitalNetOfDiscount,USD,,2024-12-31,4845000000.0,10-Q,2025-07-31
us-gaap,PreferredStockIncludingAdditionalPaidInCapitalNetOfDiscount,USD,,2024-12-31,4845000000.0,10-Q,2025-11-03
us-gaap,PreferredStockIncludingAdditionalPaidInCapitalNetOfDiscount,USD,,2024-12-31,4845000000.0,10-K,2026-02-19
us-gaap,PreferredStockIncludingAdditionalPaidInCapitalNetOfDiscount,USD,,2025-03-31,4845000000.0,10-Q,2025-05-07
us-gaap,PreferredStockIncludingAdditionalPaidInCapitalNetOfDiscount,USD,,2025-06-30,5407000000.0,10-Q,2025-07-31
us-gaap,PreferredStockIncludingAdditionalPaidInCapitalNetOfDiscount,USD,,2025-09-30,5407000000.0,10-Q,2025-11-03
us-gaap,PreferredStockIncludingAdditionalPaidInCapitalNetOfDiscount,USD,,2025-12-31,5407000000.0,10-K,2026-02-19
us-gaap,PreferredStockIncludingAdditionalPaidInCapitalNetOfDiscount,USD,,2025-12-31,5407000000.0,10-Q,2026-05-07
us-gaap,PreferredStockIncludingAdditionalPaidInCapitalNetOfDiscount,USD,,2025-12-31,5407000000.0,10-Q,2026-07-28
us-gaap,PreferredStockIncludingAdditionalPaidInCapitalNetOfDiscount,USD,,2026-03-31,5407000000.0,10-Q,2026-05-07
us-gaap,PreferredStockIncludingAdditionalPaidInCapitalNetOfDiscount,USD,,2026-06-30,5407000000.0,10-Q,2026-07-28
us-gaap,PreferredStockValue,USD,,2008-12-31,3096466000.0,10-Q,2009-08-10
us-gaap,PreferredStockValue,USD,,2008-12-31,3096466000.0,10-Q,2009-11-09
us-gaap,PreferredStockValue,USD,,2008-12-31,3096466000.0,10-K,2010-02-26
us-gaap,PreferredStockValue,USD,,2009-06-30,0.0,10-Q,2009-08-10
us-gaap,PreferredStockValue,USD,,2009-09-30,0.0,10-Q,2009-11-09
us-gaap,PreferredStockValue,USD,,2009-12-31,0.0,10-K,2010-02-26
us-gaap,PreferredStockValue,USD,,2010-12-31,0.0,10-Q,2011-08-05
us-gaap,PreferredStockValue,USD,,2010-12-31,0.0,10-Q,2011-11-07
us-gaap,PreferredStockValue,USD,,2010-12-31,0.0,10-K,2012-02-29
us-gaap,PreferredStockValue,USD,,2011-06-30,0.0,10-Q,2011-08-05
us-gaap,PreferredStockValue,USD,,2011-09-30,0.0,10-Q,2011-11-07
us-gaap,PreferredStockValue,USD,,2011-12-31,0.0,10-K,2012-02-29
us-gaap,PreferredStockValue,USD,,2011-12-31,0.0,10-Q,2012-05-08
us-gaap,PreferredStockValue,USD,,2011-12-31,0.0,10-Q,2012-08-09
us-gaap,PreferredStockValue,USD,,2011-12-31,0.0,10-Q,2012-11-08
us-gaap,PreferredStockValue,USD,,2011-12-31,0.0,10-K,2013-02-28
us-gaap,PreferredStockValue,USD,,2012-03-31,0.0,10-Q,2012-05-08
us-gaap,PreferredStockValue,USD,,2012-06-30,0.0,10-Q,2012-08-09
us-gaap,PreferredStockValue,USD,,2012-09-30,853000000.0,10-Q,2012-11-08
us-gaap,PreferredStockValue,USD,,2012-12-31,0.0,10-K,2013-02-28
us-gaap,PreferredStockValue,USD,,2012-12-31,0.0,10-Q,2013-05-09
us-gaap,PreferredStockValue,USD,,2012-12-31,0.0,10-Q,2013-08-08
us-gaap,PreferredStockValue,USD,,2012-12-31,0.0,10-Q,2013-11-06
us-gaap,PreferredStockValue,USD,,2012-12-31,0.0,10-K,2014-02-27
us-gaap,PreferredStockValue,USD,,2013-03-31,0.0,10-Q,2013-05-09
us-gaap,PreferredStockValue,USD,,2013-06-30,0.0,10-Q,2013-08-08
us-gaap,PreferredStockValue,USD,,2013-09-30,0.0,10-Q,2013-11-06
us-gaap,PreferredStockValue,USD,,2013-12-31,0.0,10-K,2014-02-27
us-gaap,PreferredStockValue,USD,,2013-12-31,0.0,10-Q,2014-05-06
us-gaap,PreferredStockValue,USD,,2013-12-31,0.0,10-Q,2014-08-05
us-gaap,PreferredStockValue,USD,,2013-12-31,0.0,10-Q,2014-11-03
us-gaap,PreferredStockValue,USD,,2013-12-31,0.0,10-K,2015-02-24
us-gaap,PreferredStockValue,USD,,2014-03-31,0.0,10-Q,2014-05-06
us-gaap,PreferredStockValue,USD,,2014-06-30,0.0,10-Q,2014-08-05
us-gaap,PreferredStockValue,USD,,2014-09-30,0.0,10-Q,2014-11-03
us-gaap,PreferredStockValue,USD,,2014-12-31,0.0,10-K,2015-02-24
us-gaap,PreferredStockValue,USD,,2014-12-31,0.0,10-Q,2015-05-05
us-gaap,PreferredStockValue,USD,,2014-12-31,0.0,10-Q,2015-08-03
us-gaap,PreferredStockValue,USD,,2014-12-31,0.0,10-Q,2015-11-02
us-gaap,PreferredStockValue,USD,,2014-12-31,0.0,10-K,2016-02-25
us-gaap,PreferredStockValue,USD,,2015-03-31,0.0,10-Q,2015-05-05
us-gaap,PreferredStockValue,USD,,2015-06-30,0.0,10-Q,2015-08-03
us-gaap,PreferredStockValue,USD,,2015-09-30,0.0,10-Q,2015-11-02
us-gaap,PreferredStockValue,USD,,2015-12-31,0.0,10-K,2016-02-25
us-gaap,PreferredStockValue,USD,,2015-12-31,0.0,10-Q,2016-05-04
us-gaap,PreferredStockValue,USD,,2015-12-31,0.0,10-Q,2016-08-01
us-gaap,PreferredStockValue,USD,,2015-12-31,0.0,10-Q,2016-11-03
us-gaap,PreferredStockValue,USD,,2015-12-31,0.0,10-K,2017-02-23
us-gaap,PreferredStockValue,USD,,2016-03-31,0.0,10-Q,2016-05-04
us-gaap,PreferredStockValue,USD,,2016-06-30,0.0,10-Q,2016-08-01
us-gaap,PreferredStockValue,USD,,2016-09-30,0.0,10-Q,2016-11-03
us-gaap,PreferredStockValue,USD,,2016-12-31,0.0,10-K,2017-02-23
us-gaap,PreferredStockValue,USD,,2016-12-31,0.0,10-Q,2017-05-03
us-gaap,PreferredStockValue,USD,,2016-12-31,0.0,10-Q,2017-07-28
us-gaap,PreferredStockValue,USD,,2016-12-31,0.0,10-Q,2017-11-01
us-gaap,PreferredStockValue,USD,,2016-12-31,0.0,10-K,2018-02-21
us-gaap,PreferredStockValue,USD,,2017-03-31,0.0,10-Q,2017-05-03
us-gaap,PreferredStockValue,USD,,2017-06-30,0.0,10-Q,2017-07-28
us-gaap,PreferredStockValue,USD,,2017-09-30,0.0,10-Q,2017-11-01
us-gaap,PreferredStockValue,USD,,2017-12-31,0.0,10-K,2018-02-21
us-gaap,PreferredStockValue,USD,,2017-12-31,0.0,10-Q,2018-05-02
us-gaap,PreferredStockValue,USD,,2017-12-31,0.0,10-Q,2018-07-27
us-gaap,PreferredStockValue,USD,,2017-12-31,0.0,10-Q,2018-11-01
us-gaap,PreferredStockValue,USD,,2017-12-31,0.0,10-K,2019-02-20
us-gaap,PreferredStockValue,USD,,2018-03-31,0.0,10-Q,2018-05-02
us-gaap,PreferredStockValue,USD,,2018-06-30,0.0,10-Q,2018-07-27
us-gaap,PreferredStockValue,USD,,2018-09-30,0.0,10-Q,2018-11-01
us-gaap,PreferredStockValue,USD,,2018-12-31,0.0,10-K,2019-02-20
us-gaap,PreferredStockValue,USD,,2018-12-31,0.0,10-Q,2019-05-01
us-gaap,PreferredStockValue,USD,,2018-12-31,0.0,10-Q,2019-07-31
us-gaap,PreferredStockValue,USD,,2018-12-31,0.0,10-Q,2019-10-31
us-gaap,PreferredStockValue,USD,,2018-12-31,0.0,10-K,2020-02-20
us-gaap,PreferredStockValue,USD,,2019-03-31,0.0,10-Q,2019-05-01
us-gaap,PreferredStockValue,USD,,2019-06-30,0.0,10-Q,2019-07-31
us-gaap,PreferredStockValue,USD,,2019-09-30,0.0,10-Q,2019-10-31
us-gaap,PreferredStockValue,USD,,2019-12-31,0.0,10-K,2020-02-20
us-gaap,PreferredStockValue,USD,,2019-12-31,0.0,10-Q,2020-05-01
us-gaap,PreferredStockValue,USD,,2019-12-31,0.0,10-Q,2020-08-06
us-gaap,PreferredStockValue,USD,,2019-12-31,0.0,10-Q,2020-11-02
us-gaap,PreferredStockValue,USD,,2019-12-31,0.0,10-K,2021-02-25
us-gaap,PreferredStockValue,USD,,2020-03-31,0.0,10-Q,2020-05-01
us-gaap,PreferredStockValue,USD,,2020-06-30,0.0,10-Q,2020-08-06
us-gaap,PreferredStockValue,USD,,2020-09-30,0.0,10-Q,2020-11-02
us-gaap,PreferredStockValue,USD,,2020-12-31,0.0,10-K,2021-02-25
us-gaap,PreferredStockValue,USD,,2020-12-31,0.0,10-Q,2021-05-07
us-gaap,PreferredStockValue,USD,,2020-12-31,0.0,10-Q,2021-07-30
us-gaap,PreferredStockValue,USD,,2020-12-31,0.0,10-Q,2021-11-05
us-gaap,PreferredStockValue,USD,,2020-12-31,0.0,10-K,2022-02-25
us-gaap,PreferredStockValue,USD,,2021-03-31,0.0,10-Q,2021-05-07
us-gaap,PreferredStockValue,USD,,2021-06-30,0.0,10-Q,2021-07-30
us-gaap,PreferredStockValue,USD,,2021-09-30,0.0,10-Q,2021-11-05
us-gaap,PreferredStockValue,USD,,2021-12-31,0.0,10-K,2022-02-25
us-gaap,PreferredStockValue,USD,,2021-12-31,0.0,10-Q,2022-05-10
us-gaap,PreferredStockValue,USD,,2021-12-31,0.0,10-Q,2022-07-29
us-gaap,PreferredStockValue,USD,,2021-12-31,0.0,10-Q,2022-11-04
us-gaap,PreferredStockValue,USD,,2021-12-31,0.0,10-K,2023-02-24
us-gaap,PreferredStockValue,USD,,2022-03-31,0.0,10-Q,2022-05-10
us-gaap,PreferredStockValue,USD,,2022-06-30,0.0,10-Q,2022-07-29
us-gaap,PreferredStockValue,USD,,2022-09-30,0.0,10-Q,2022-11-04
us-gaap,PreferredStockValue,USD,,2022-12-31,0.0,10-K,2023-02-24
us-gaap,PreferredStockValue,USD,,2022-12-31,0.0,10-Q,2023-05-05
us-gaap,PreferredStockValue,USD,,2022-12-31,0.0,10-Q,2023-07-27
us-gaap,PreferredStockValue,USD,,2022-12-31,0.0,10-Q,2023-11-02
us-gaap,PreferredStockValue,USD,,2022-12-31,0.0,10-K,2024-02-23
us-gaap,PreferredStockValue,USD,,2023-03-31,0.0,10-Q,2023-05-05
us-gaap,PreferredStockValue,USD,,2023-06-30,0.0,10-Q,2023-07-27
us-gaap,PreferredStockValue,USD,,2023-09-30,0.0,10-Q,2023-11-02
us-gaap,PreferredStockValue,USD,,2023-12-31,0.0,10-K,2024-02-23
us-gaap,PreferredStockValue,USD,,2023-12-31,0.0,10-Q,2024-05-02
us-gaap,PreferredStockValue,USD,,2023-12-31,0.0,10-Q,2024-08-01
us-gaap,PreferredStockValue,USD,,2023-12-31,0.0,10-Q,2024-10-31
us-gaap,PreferredStockValue,USD,,2023-12-31,0.0,10-K,2025-02-20
us-gaap,PreferredStockValue,USD,,2024-03-31,0.0,10-Q,2024-05-02
us-gaap,PreferredStockValue,USD,,2024-06-30,0.0,10-Q,2024-08-01
us-gaap,PreferredStockValue,USD,,2024-09-30,0.0,10-Q,2024-10-31
us-gaap,PreferredStockValue,USD,,2024-12-31,0.0,10-K,2025-02-20
us-gaap,PreferredStockValue,USD,,2024-12-31,0.0,10-Q,2025-05-07
us-gaap,PreferredStockValue,USD,,2024-12-31,0.0,10-Q,2025-07-31
us-gaap,PreferredStockValue,USD,,2024-12-31,0.0,10-Q,2025-11-03
us-gaap,PreferredStockValue,USD,,2024-12-31,0.0,10-K,2026-02-19
us-gaap,PreferredStockValue,USD,,2025-03-31,0.0,10-Q,2025-05-07
us-gaap,PreferredStockValue,USD,,2025-06-30,0.0,10-Q,2025-07-31
us-gaap,PreferredStockValue,USD,,2025-09-30,0.0,10-Q,2025-11-03
us-gaap,PreferredStockValue,USD,,2025-12-31,0.0,10-K,2026-02-19
us-gaap,PreferredStockValue,USD,,2025-12-31,0.0,10-Q,2026-05-07
us-gaap,PreferredStockValue,USD,,2025-12-31,0.0,10-Q,2026-07-28
us-gaap,PreferredStockValue,USD,,2026-03-31,0.0,10-Q,2026-05-07
us-gaap,PreferredStockValue,USD,,2026-06-30,0.0,10-Q,2026-07-28
us-gaap,SecuritiesSoldUnderAgreementsToRepurchase,USD,,2013-12-31,907000000.0,10-Q,2014-11-03
us-gaap,SecuritiesSoldUnderAgreementsToRepurchase,USD,,2013-12-31,907000000.0,10-K,2015-02-24
us-gaap,SecuritiesSoldUnderAgreementsToRepurchase,USD,,2014-09-30,940000000.0,10-Q,2014-11-03
us-gaap,SecuritiesSoldUnderAgreementsToRepurchase,USD,,2014-12-31,869000000.0,10-K,2015-02-24
us-gaap,SecuritiesSoldUnderAgreementsToRepurchase,USD,,2014-12-31,869000000.0,10-Q,2015-05-05
us-gaap,SecuritiesSoldUnderAgreementsToRepurchase,USD,,2014-12-31,869000000.0,10-Q,2015-08-03
us-gaap,SecuritiesSoldUnderAgreementsToRepurchase,USD,,2014-12-31,869000000.0,10-Q,2015-11-02
us-gaap,SecuritiesSoldUnderAgreementsToRepurchase,USD,,2014-12-31,869000000.0,10-K,2016-02-25
us-gaap,SecuritiesSoldUnderAgreementsToRepurchase,USD,,2015-03-31,924000000.0,10-Q,2015-05-05
us-gaap,SecuritiesSoldUnderAgreementsToRepurchase,USD,,2015-06-30,969000000.0,10-Q,2015-08-03
us-gaap,SecuritiesSoldUnderAgreementsToRepurchase,USD,,2015-09-30,1012000000.0,10-Q,2015-11-02
us-gaap,SecuritiesSoldUnderAgreementsToRepurchase,USD,,2015-12-31,969000000.0,10-K,2016-02-25
us-gaap,SecuritiesSoldUnderAgreementsToRepurchase,USD,,2015-12-31,969000000.0,10-Q,2016-05-04
us-gaap,SecuritiesSoldUnderAgreementsToRepurchase,USD,,2015-12-31,969000000.0,10-Q,2016-08-01
us-gaap,SecuritiesSoldUnderAgreementsToRepurchase,USD,,2015-12-31,969000000.0,10-Q,2016-11-03
us-gaap,SecuritiesSoldUnderAgreementsToRepurchase,USD,,2015-12-31,969000000.0,10-K,2017-02-23
us-gaap,SecuritiesSoldUnderAgreementsToRepurchase,USD,,2016-03-31,917000000.0,10-Q,2016-05-04
us-gaap,SecuritiesSoldUnderAgreementsToRepurchase,USD,,2016-06-30,999000000.0,10-Q,2016-08-01
us-gaap,SecuritiesSoldUnderAgreementsToRepurchase,USD,,2016-09-30,1079000000.0,10-Q,2016-11-03
us-gaap,SecuritiesSoldUnderAgreementsToRepurchase,USD,,2016-12-31,992000000.0,10-K,2017-02-23
us-gaap,SecuritiesSoldUnderAgreementsToRepurchase,USD,,2016-12-31,992000000.0,10-Q,2017-05-03
us-gaap,SecuritiesSoldUnderAgreementsToRepurchase,USD,,2016-12-31,992000000.0,10-Q,2017-07-28
us-gaap,SecuritiesSoldUnderAgreementsToRepurchase,USD,,2016-12-31,992000000.0,10-Q,2017-11-01
us-gaap,SecuritiesSoldUnderAgreementsToRepurchase,USD,,2016-12-31,992000000.0,10-K,2018-02-21
us-gaap,SecuritiesSoldUnderAgreementsToRepurchase,USD,,2017-03-31,1046000000.0,10-Q,2017-05-03
us-gaap,SecuritiesSoldUnderAgreementsToRepurchase,USD,,2017-06-30,958000000.0,10-Q,2017-07-28
us-gaap,SecuritiesSoldUnderAgreementsToRepurchase,USD,,2017-09-30,767000000.0,10-Q,2017-11-01
us-gaap,SecuritiesSoldUnderAgreementsToRepurchase,USD,,2017-12-31,576000000.0,10-K,2018-02-21
us-gaap,SecuritiesSoldUnderAgreementsToRepurchase,USD,,2017-12-31,576000000.0,10-Q,2018-05-02
us-gaap,SecuritiesSoldUnderAgreementsToRepurchase,USD,,2017-12-31,576000000.0,10-Q,2018-07-27
us-gaap,SecuritiesSoldUnderAgreementsToRepurchase,USD,,2017-12-31,576000000.0,10-Q,2018-11-01
us-gaap,SecuritiesSoldUnderAgreementsToRepurchase,USD,,2017-12-31,576000000.0,10-K,2019-02-20
us-gaap,SecuritiesSoldUnderAgreementsToRepurchase,USD,,2018-03-31,656000000.0,10-Q,2018-05-02
us-gaap,SecuritiesSoldUnderAgreementsToRepurchase,USD,,2018-06-30,553000000.0,10-Q,2018-07-27
us-gaap,SecuritiesSoldUnderAgreementsToRepurchase,USD,,2018-09-30,384000000.0,10-Q,2018-11-01
us-gaap,SecuritiesSoldUnderAgreementsToRepurchase,USD,,2018-12-31,352000000.0,10-K,2019-02-20
us-gaap,SecuritiesSoldUnderAgreementsToRepurchase,USD,,2018-12-31,352000000.0,10-Q,2019-05-01
us-gaap,SecuritiesSoldUnderAgreementsToRepurchase,USD,,2018-12-31,352000000.0,10-Q,2019-07-31
us-gaap,SecuritiesSoldUnderAgreementsToRepurchase,USD,,2018-12-31,352000000.0,10-Q,2019-10-31
us-gaap,SecuritiesSoldUnderAgreementsToRepurchase,USD,,2018-12-31,352000000.0,10-K,2020-02-20
us-gaap,SecuritiesSoldUnderAgreementsToRepurchase,USD,,2019-03-31,335000000.0,10-Q,2019-05-01
us-gaap,SecuritiesSoldUnderAgreementsToRepurchase,USD,,2019-06-30,359000000.0,10-Q,2019-07-31
us-gaap,SecuritiesSoldUnderAgreementsToRepurchase,USD,,2019-09-30,363000000.0,10-Q,2019-10-31
us-gaap,SecuritiesSoldUnderAgreementsToRepurchase,USD,,2019-12-31,314000000.0,10-K,2020-02-20
us-gaap,SecuritiesSoldUnderAgreementsToRepurchase,USD,,2019-12-31,314000000.0,10-Q,2020-05-01
us-gaap,SecuritiesSoldUnderAgreementsToRepurchase,USD,,2019-12-31,314000000.0,10-Q,2020-08-06
us-gaap,SecuritiesSoldUnderAgreementsToRepurchase,USD,,2019-12-31,314000000.0,10-Q,2020-11-02
us-gaap,SecuritiesSoldUnderAgreementsToRepurchase,USD,,2019-12-31,314000000.0,10-K,2021-02-25
us-gaap,SecuritiesSoldUnderAgreementsToRepurchase,USD,,2020-03-31,399000000.0,10-Q,2020-05-01
us-gaap,SecuritiesSoldUnderAgreementsToRepurchase,USD,,2020-06-30,573000000.0,10-Q,2020-08-06
us-gaap,SecuritiesSoldUnderAgreementsToRepurchase,USD,,2020-09-30,702000000.0,10-Q,2020-11-02
us-gaap,SecuritiesSoldUnderAgreementsToRepurchase,USD,,2020-12-31,668000000.0,10-K,2021-02-25
us-gaap,SecuritiesSoldUnderAgreementsToRepurchase,USD,,2020-12-31,668000000.0,10-Q,2021-05-07
us-gaap,SecuritiesSoldUnderAgreementsToRepurchase,USD,,2020-12-31,668000000.0,10-Q,2021-07-30
us-gaap,SecuritiesSoldUnderAgreementsToRepurchase,USD,,2020-12-31,668000000.0,10-Q,2021-11-05
us-gaap,SecuritiesSoldUnderAgreementsToRepurchase,USD,,2020-12-31,668000000.0,10-K,2022-02-25
us-gaap,SecuritiesSoldUnderAgreementsToRepurchase,USD,,2021-03-31,842000000.0,10-Q,2021-05-07
us-gaap,SecuritiesSoldUnderAgreementsToRepurchase,USD,,2021-06-30,845000000.0,10-Q,2021-07-30
us-gaap,SecuritiesSoldUnderAgreementsToRepurchase,USD,,2021-09-30,825000000.0,10-Q,2021-11-05
us-gaap,SecuritiesSoldUnderAgreementsToRepurchase,USD,,2021-12-31,820000000.0,10-K,2022-02-25
us-gaap,SecuritiesSoldUnderAgreementsToRepurchase,USD,,2021-12-31,820000000.0,10-Q,2022-05-10
us-gaap,SecuritiesSoldUnderAgreementsToRepurchase,USD,,2021-12-31,820000000.0,10-Q,2022-07-29
us-gaap,SecuritiesSoldUnderAgreementsToRepurchase,USD,,2021-12-31,820000000.0,10-Q,2022-11-04
us-gaap,SecuritiesSoldUnderAgreementsToRepurchase,USD,,2021-12-31,820000000.0,10-K,2023-02-24
us-gaap,SecuritiesSoldUnderAgreementsToRepurchase,USD,,2022-03-31,594000000.0,10-Q,2022-05-10
us-gaap,SecuritiesSoldUnderAgreementsToRepurchase,USD,,2022-06-30,440000000.0,10-Q,2022-07-29
us-gaap,SecuritiesSoldUnderAgreementsToRepurchase,USD,,2022-09-30,528000000.0,10-Q,2022-11-04
us-gaap,SecuritiesSoldUnderAgreementsToRepurchase,USD,,2022-12-31,883000000.0,10-K,2023-02-24
us-gaap,SecuritiesSoldUnderAgreementsToRepurchase,USD,,2022-12-31,883000000.0,10-Q,2023-05-05
us-gaap,SecuritiesSoldUnderAgreementsToRepurchase,USD,,2022-12-31,883000000.0,10-Q,2023-07-27
us-gaap,SecuritiesSoldUnderAgreementsToRepurchase,USD,,2022-12-31,883000000.0,10-Q,2023-11-02
us-gaap,SecuritiesSoldUnderAgreementsToRepurchase,USD,,2022-12-31,883000000.0,10-K,2024-02-23
us-gaap,SecuritiesSoldUnderAgreementsToRepurchase,USD,,2023-03-31,542000000.0,10-Q,2023-05-05
us-gaap,SecuritiesSoldUnderAgreementsToRepurchase,USD,,2023-06-30,649000000.0,10-Q,2023-07-27
us-gaap,SecuritiesSoldUnderAgreementsToRepurchase,USD,,2023-09-30,522000000.0,10-Q,2023-11-02
us-gaap,SecuritiesSoldUnderAgreementsToRepurchase,USD,,2023-12-31,538000000.0,10-K,2024-02-23
us-gaap,SecuritiesSoldUnderAgreementsToRepurchase,USD,,2023-12-31,538000000.0,10-Q,2024-05-02
us-gaap,SecuritiesSoldUnderAgreementsToRepurchase,USD,,2023-12-31,538000000.0,10-Q,2024-08-01
us-gaap,SecuritiesSoldUnderAgreementsToRepurchase,USD,,2023-12-31,538000000.0,10-Q,2024-10-31
us-gaap,SecuritiesSoldUnderAgreementsToRepurchase,USD,,2023-12-31,538000000.0,10-K,2025-02-20
us-gaap,SecuritiesSoldUnderAgreementsToRepurchase,USD,,2024-03-31,568000000.0,10-Q,2024-05-02
us-gaap,SecuritiesSoldUnderAgreementsToRepurchase,USD,,2024-06-30,715000000.0,10-Q,2024-08-01
us-gaap,SecuritiesSoldUnderAgreementsToRepurchase,USD,,2024-09-30,520000000.0,10-Q,2024-10-31
us-gaap,SecuritiesSoldUnderAgreementsToRepurchase,USD,,2024-12-31,562000000.0,10-K,2025-02-20
us-gaap,SecuritiesSoldUnderAgreementsToRepurchase,USD,,2024-12-31,562000000.0,10-Q,2025-05-07
us-gaap,SecuritiesSoldUnderAgreementsToRepurchase,USD,,2024-12-31,562000000.0,10-Q,2025-07-31
us-gaap,SecuritiesSoldUnderAgreementsToRepurchase,USD,,2024-12-31,562000000.0,10-Q,2025-11-03
us-gaap,SecuritiesSoldUnderAgreementsToRepurchase,USD,,2024-12-31,562000000.0,10-K,2026-02-19
us-gaap,SecuritiesSoldUnderAgreementsToRepurchase,USD,,2025-03-31,573000000.0,10-Q,2025-05-07
us-gaap,SecuritiesSoldUnderAgreementsToRepurchase,USD,,2025-06-30,742000000.0,10-Q,2025-07-31
us-gaap,SecuritiesSoldUnderAgreementsToRepurchase,USD,,2025-09-30,616000000.0,10-Q,2025-11-03
us-gaap,SecuritiesSoldUnderAgreementsToRepurchase,USD,,2025-12-31,587000000.0,10-K,2026-02-19
us-gaap,SecuritiesSoldUnderAgreementsToRepurchase,USD,,2025-12-31,587000000.0,10-Q,2026-05-07
us-gaap,SecuritiesSoldUnderAgreementsToRepurchase,USD,,2025-12-31,587000000.0,10-Q,2026-07-28
us-gaap,SecuritiesSoldUnderAgreementsToRepurchase,USD,,2026-03-31,626000000.0,10-Q,2026-05-07
us-gaap,SecuritiesSoldUnderAgreementsToRepurchase,USD,,2026-06-30,694000000.0,10-Q,2026-07-28
us-gaap,ShortTermBorrowings,USD,,2009-12-31,5576000000.0,10-Q,2010-11-08
us-gaap,ShortTermBorrowings,USD,,2009-12-31,5576000000.0,10-K/A,2011-03-07
us-gaap,ShortTermBorrowings,USD,,2010-09-30,15006000000.0,10-Q,2010-11-08
us-gaap,ShortTermBorrowings,USD,,2010-12-31,13106000000.0,10-K/A,2011-03-07
us-gaap,ShortTermBorrowings,USD,,2010-12-31,1524000000.0,10-Q,2011-05-10
us-gaap,ShortTermBorrowings,USD,,2010-12-31,1524000000.0,10-Q,2011-08-05
us-gaap,ShortTermBorrowings,USD,,2010-12-31,1524000000.0,10-Q,2011-11-07
us-gaap,ShortTermBorrowings,USD,,2010-12-31,1524000000.0,10-K,2012-02-29
us-gaap,ShortTermBorrowings,USD,,2011-03-31,1970000000.0,10-Q,2011-05-10
us-gaap,ShortTermBorrowings,USD,,2011-06-30,4440000000.0,10-Q,2011-08-05
us-gaap,ShortTermBorrowings,USD,,2011-09-30,1441000000.0,10-Q,2011-11-07
us-gaap,ShortTermBorrowings,USD,,2011-12-31,7299000000.0,10-K,2012-02-29
us-gaap,ShortTermBorrowings,USD,,2011-12-31,7299000000.0,10-Q,2012-05-08
us-gaap,ShortTermBorrowings,USD,,2011-12-31,7299000000.0,10-Q,2012-08-09
us-gaap,ShortTermBorrowings,USD,,2011-12-31,7299000000.0,10-Q,2012-11-08
us-gaap,ShortTermBorrowings,USD,,2011-12-31,7299000000.0,10-K,2013-02-28
us-gaap,ShortTermBorrowings,USD,,2012-03-31,770000000.0,10-Q,2012-05-08
us-gaap,ShortTermBorrowings,USD,,2012-06-30,5501000000.0,10-Q,2012-08-09
us-gaap,ShortTermBorrowings,USD,,2012-09-30,9252000000.0,10-Q,2012-11-08
us-gaap,ShortTermBorrowings,USD,,2012-12-31,21148000000.0,10-K,2013-02-28
us-gaap,ShortTermBorrowings,USD,,2012-12-31,21148000000.0,10-Q,2013-05-09
us-gaap,ShortTermBorrowings,USD,,2012-12-31,21148000000.0,10-Q,2013-08-08
us-gaap,ShortTermBorrowings,USD,,2012-12-31,21148000000.0,10-Q,2013-11-06
us-gaap,ShortTermBorrowings,USD,,2012-12-31,21148000000.0,10-K,2014-02-27
us-gaap,ShortTermBorrowings,USD,,2013-03-31,12156000000.0,10-Q,2013-05-09
us-gaap,ShortTermBorrowings,USD,,2013-06-30,11967000000.0,10-Q,2013-08-08
us-gaap,ShortTermBorrowings,USD,,2013-09-30,8887000000.0,10-Q,2013-11-06
us-gaap,ShortTermBorrowings,USD,,2013-12-31,16215000000.0,10-K,2014-02-27
us-gaap,ShortTermBorrowings,USD,,2013-12-31,16215000000.0,10-Q,2014-05-06
us-gaap,ShortTermBorrowings,USD,,2013-12-31,16215000000.0,10-Q,2014-08-05
us-gaap,ShortTermBorrowings,USD,,2013-12-31,16215000000.0,10-Q,2014-11-03
us-gaap,ShortTermBorrowings,USD,,2013-12-31,16215000000.0,10-K,2015-02-24
us-gaap,ShortTermBorrowings,USD,,2014-03-31,4444000000.0,10-Q,2014-05-06
us-gaap,ShortTermBorrowings,USD,,2014-06-30,10480000000.0,10-Q,2014-08-05
us-gaap,ShortTermBorrowings,USD,,2014-09-30,12130000000.0,10-Q,2014-11-03
us-gaap,ShortTermBorrowings,USD,,2014-12-31,17080000000.0,10-K,2015-02-24
us-gaap,ShortTermBorrowings,USD,,2014-12-31,17080000000.0,10-Q,2015-05-05
us-gaap,ShortTermBorrowings,USD,,2014-12-31,17080000000.0,10-Q,2015-08-03
us-gaap,ShortTermBorrowings,USD,,2014-12-31,17080000000.0,10-Q,2015-11-02
us-gaap,ShortTermBorrowings,USD,,2014-12-31,17080000000.0,10-K,2016-02-25
us-gaap,ShortTermBorrowings,USD,,2015-03-31,6683000000.0,10-Q,2015-05-05
us-gaap,ShortTermBorrowings,USD,,2015-06-30,1888000000.0,10-Q,2015-08-03
us-gaap,ShortTermBorrowings,USD,,2015-09-30,1021000000.0,10-Q,2015-11-02
us-gaap,ShortTermBorrowings,USD,,2015-12-31,981000000.0,10-K,2016-02-25
us-gaap,ShortTermBorrowings,USD,,2015-12-31,981000000.0,10-Q,2016-05-04
us-gaap,ShortTermBorrowings,USD,,2015-12-31,981000000.0,10-Q,2016-08-01
us-gaap,ShortTermBorrowings,USD,,2015-12-31,981000000.0,10-Q,2016-11-03
us-gaap,ShortTermBorrowings,USD,,2015-12-31,981000000.0,10-K,2017-02-23
us-gaap,ShortTermBorrowings,USD,,2016-03-31,917000000.0,10-Q,2016-05-04
us-gaap,ShortTermBorrowings,USD,,2016-06-30,999000000.0,10-Q,2016-08-01
us-gaap,ShortTermBorrowings,USD,,2016-09-30,1079000000.0,10-Q,2016-11-03
us-gaap,ShortTermBorrowings,USD,,2016-12-31,992000000.0,10-K,2017-02-23
us-gaap,ShortTermBorrowings,USD,,2016-12-31,992000000.0,10-Q,2017-05-03
us-gaap,ShortTermBorrowings,USD,,2016-12-31,992000000.0,10-Q,2017-07-28
us-gaap,ShortTermBorrowings,USD,,2016-12-31,992000000.0,10-Q,2017-11-01
us-gaap,ShortTermBorrowings,USD,,2016-12-31,992000000.0,10-K,2018-02-21
us-gaap,ShortTermBorrowings,USD,,2017-03-31,1046000000.0,10-Q,2017-05-03
us-gaap,ShortTermBorrowings,USD,,2017-06-30,958000000.0,10-Q,2017-07-28
us-gaap,ShortTermBorrowings,USD,,2017-09-30,767000000.0,10-Q,2017-11-01
us-gaap,ShortTermBorrowings,USD,,2017-12-31,576000000.0,10-K,2018-02-21
us-gaap,ShortTermBorrowings,USD,,2017-12-31,576000000.0,10-Q,2018-05-02
us-gaap,ShortTermBorrowings,USD,,2017-12-31,576000000.0,10-Q,2018-07-27
us-gaap,ShortTermBorrowings,USD,,2017-12-31,576000000.0,10-Q,2018-11-01
us-gaap,ShortTermBorrowings,USD,,2017-12-31,576000000.0,10-K,2019-02-20
us-gaap,ShortTermBorrowings,USD,,2018-03-31,656000000.0,10-Q,2018-05-02
us-gaap,ShortTermBorrowings,USD,,2018-06-30,553000000.0,10-Q,2018-07-27
us-gaap,ShortTermBorrowings,USD,,2018-09-30,1634000000.0,10-Q,2018-11-01
us-gaap,ShortTermBorrowings,USD,,2018-12-31,9402000000.0,10-K,2019-02-20
us-gaap,ShortTermBorrowings,USD,,2018-12-31,9402000000.0,10-Q,2019-05-01
us-gaap,ShortTermBorrowings,USD,,2018-12-31,9402000000.0,10-Q,2019-07-31
us-gaap,ShortTermBorrowings,USD,,2018-12-31,9402000000.0,10-Q,2019-10-31
us-gaap,ShortTermBorrowings,USD,,2018-12-31,9402000000.0,10-K,2020-02-20
us-gaap,ShortTermBorrowings,USD,,2019-03-31,335000000.0,10-Q,2019-05-01
us-gaap,ShortTermBorrowings,USD,,2019-06-30,359000000.0,10-Q,2019-07-31
us-gaap,ShortTermBorrowings,USD,,2019-09-30,464000000.0,10-Q,2019-10-31
us-gaap,ShortTermBorrowings,USD,,2019-12-31,7314000000.0,10-K,2020-02-20
us-gaap,ShortTermBorrowings,USD,,2019-12-31,7314000000.0,10-Q,2020-05-01
us-gaap,ShortTermBorrowings,USD,,2019-12-31,7314000000.0,10-Q,2020-08-06
us-gaap,ShortTermBorrowings,USD,,2019-12-31,7314000000.0,10-Q,2020-11-02
us-gaap,ShortTermBorrowings,USD,,2019-12-31,7314000000.0,10-K,2021-02-25
us-gaap,ShortTermBorrowings,USD,,2020-03-31,6399000000.0,10-Q,2020-05-01
us-gaap,ShortTermBorrowings,USD,,2020-06-30,573000000.0,10-Q,2020-08-06
us-gaap,ShortTermBorrowings,USD,,2020-09-30,702000000.0,10-Q,2020-11-02
us-gaap,ShortTermBorrowings,USD,,2020-12-31,668000000.0,10-K,2021-02-25
us-gaap,ShortTermBorrowings,USD,,2020-12-31,668000000.0,10-Q,2021-05-07
us-gaap,ShortTermBorrowings,USD,,2020-12-31,668000000.0,10-Q,2021-07-30
us-gaap,ShortTermBorrowings,USD,,2020-12-31,668000000.0,10-Q,2021-11-05
us-gaap,ShortTermBorrowings,USD,,2020-12-31,668000000.0,10-K,2022-02-25
us-gaap,ShortTermBorrowings,USD,,2021-03-31,842000000.0,10-Q,2021-05-07
us-gaap,ShortTermBorrowings,USD,,2021-06-30,845000000.0,10-Q,2021-07-30
us-gaap,ShortTermBorrowings,USD,,2021-09-30,825000000.0,10-Q,2021-11-05
us-gaap,ShortTermBorrowings,USD,,2021-12-31,820000000.0,10-K,2022-02-25
us-gaap,ShortTermBorrowings,USD,,2021-12-31,820000000.0,10-Q,2022-05-10
us-gaap,ShortTermBorrowings,USD,,2021-12-31,820000000.0,10-Q,2022-07-29
us-gaap,ShortTermBorrowings,USD,,2021-12-31,820000000.0,10-Q,2022-11-04
us-gaap,ShortTermBorrowings,USD,,2021-12-31,820000000.0,10-K,2023-02-24
us-gaap,ShortTermBorrowings,USD,,2022-03-31,4594000000.0,10-Q,2022-05-10
us-gaap,ShortTermBorrowings,USD,,2022-06-30,440000000.0,10-Q,2022-07-29
us-gaap,ShortTermBorrowings,USD,,2022-09-30,528000000.0,10-Q,2022-11-04
us-gaap,ShortTermBorrowings,USD,,2022-12-31,883000000.0,10-K,2023-02-24
us-gaap,ShortTermBorrowings,USD,,2022-12-31,883000000.0,10-Q,2023-05-05
us-gaap,ShortTermBorrowings,USD,,2022-12-31,883000000.0,10-Q,2023-07-27
us-gaap,ShortTermBorrowings,USD,,2022-12-31,883000000.0,10-Q,2023-11-02
us-gaap,ShortTermBorrowings,USD,,2022-12-31,883000000.0,10-K,2024-02-23
us-gaap,ShortTermBorrowings,USD,,2023-03-31,542000000.0,10-Q,2023-05-05
us-gaap,ShortTermBorrowings,USD,,2023-06-30,649000000.0,10-Q,2023-07-27
us-gaap,ShortTermBorrowings,USD,,2023-09-30,522000000.0,10-Q,2023-11-02
us-gaap,ShortTermBorrowings,USD,,2023-12-31,538000000.0,10-K,2024-02-23
us-gaap,ShortTermBorrowings,USD,,2023-12-31,538000000.0,10-Q,2024-05-02
us-gaap,ShortTermBorrowings,USD,,2023-12-31,538000000.0,10-Q,2024-08-01
us-gaap,ShortTermBorrowings,USD,,2023-12-31,538000000.0,10-Q,2024-10-31
us-gaap,ShortTermBorrowings,USD,,2023-12-31,538000000.0,10-K,2025-02-20
us-gaap,ShortTermBorrowings,USD,,2024-03-31,568000000.0,10-Q,2024-05-02
us-gaap,ShortTermBorrowings,USD,,2024-06-30,715000000.0,10-Q,2024-08-01
us-gaap,ShortTermBorrowings,USD,,2024-09-30,520000000.0,10-Q,2024-10-31
us-gaap,ShortTermBorrowings,USD,,2024-12-31,562000000.0,10-K,2025-02-20
us-gaap,ShortTermBorrowings,USD,,2024-12-31,562000000.0,10-Q,2025-05-07
us-gaap,ShortTermBorrowings,USD,,2024-12-31,562000000.0,10-Q,2025-07-31
us-gaap,ShortTermBorrowings,USD,,2024-12-31,562000000.0,10-Q,2025-11-03
us-gaap,ShortTermBorrowings,USD,,2024-12-31,562000000.0,10-K,2026-02-19
us-gaap,ShortTermBorrowings,USD,,2025-03-31,573000000.0,10-Q,2025-05-07
us-gaap,ShortTermBorrowings,USD,,2025-06-30,742000000.0,10-Q,2025-07-31
us-gaap,ShortTermBorrowings,USD,,2025-09-30,616000000.0,10-Q,2025-11-03
us-gaap,ShortTermBorrowings,USD,,2025-12-31,1087000000.0,10-K,2026-02-19
us-gaap,ShortTermBorrowings,USD,,2025-12-31,1087000000.0,10-Q,2026-05-07
us-gaap,ShortTermBorrowings,USD,,2025-12-31,1087000000.0,10-Q,2026-07-28
us-gaap,ShortTermBorrowings,USD,,2026-03-31,1626000000.0,10-Q,2026-05-07
us-gaap,ShortTermBorrowings,USD,,2026-06-30,694000000.0,10-Q,2026-07-28
us-gaap,TierOneLeverageCapitalToAverageAssets,pure,,2013-12-31,0.1006,10-K,2015-02-24
us-gaap,TierOneLeverageCapitalToAverageAssets,pure,,2014-12-31,0.1077,10-K,2015-02-24
us-gaap,TierOneLeverageCapitalToAverageAssets,pure,,2014-12-31,0.1077,10-K,2016-02-25
us-gaap,TierOneLeverageCapitalToAverageAssets,pure,,2015-12-31,0.106,10-K,2016-02-25
us-gaap,TierOneLeverageCapitalToAverageAssets,pure,,2015-12-31,0.106,10-K,2017-02-23
us-gaap,TierOneLeverageCapitalToAverageAssets,pure,,2016-12-31,0.099,10-K,2017-02-23
us-gaap,TierOneLeverageCapitalToAverageAssets,pure,,2016-12-31,0.099,10-K,2018-02-21
us-gaap,TierOneLeverageCapitalToAverageAssets,pure,,2017-12-31,0.099,10-K,2018-02-21
us-gaap,TierOneLeverageCapitalToAverageAssets,pure,,2017-12-31,0.099,10-K,2019-02-20
us-gaap,TierOneLeverageCapitalToAverageAssets,pure,,2018-12-31,0.107,10-K,2019-02-20
us-gaap,TierOneLeverageCapitalToAverageAssets,pure,,2018-12-31,0.107,10-K,2020-02-20
us-gaap,TierOneLeverageCapitalToAverageAssets,pure,,2019-12-31,0.117,10-K,2020-02-20
us-gaap,TierOneLeverageCapitalToAverageAssets,pure,,2019-12-31,0.117,10-K,2021-02-25
us-gaap,TierOneLeverageCapitalToAverageAssets,pure,,2020-12-31,0.112,10-K,2021-02-25
us-gaap,TierOneLeverageCapitalToAverageAssets,pure,,2020-12-31,0.112,10-K,2022-02-25
us-gaap,TierOneLeverageCapitalToAverageAssets,pure,,2021-12-31,0.116,10-K,2022-02-25
us-gaap,TierOneLeverageCapitalToAverageAssets,pure,,2021-12-31,0.116,10-K,2023-02-24
us-gaap,TierOneLeverageCapitalToAverageAssets,pure,,2022-12-31,0.111,10-K,2023-02-24
us-gaap,TierOneLeverageCapitalToAverageAssets,pure,,2022-12-31,0.111,10-K,2024-02-23
us-gaap,TierOneLeverageCapitalToAverageAssets,pure,,2023-12-31,0.112,10-K,2024-02-23
us-gaap,TierOneLeverageCapitalToAverageAssets,pure,,2023-12-31,0.112,10-K,2025-02-20
us-gaap,TierOneLeverageCapitalToAverageAssets,pure,,2024-12-31,0.116,10-K,2025-02-20
us-gaap,TierOneLeverageCapitalToAverageAssets,pure,,2024-12-31,0.116,10-K,2026-02-19
us-gaap,TierOneLeverageCapitalToAverageAssets,pure,,2025-12-31,0.125,10-K,2026-02-19
us-gaap,TierOneRiskBasedCapitalToRiskWeightedAssets,pure,,2013-12-31,0.1257,10-K,2015-02-24
us-gaap,TierOneRiskBasedCapitalToRiskWeightedAssets,pure,,2014-12-31,0.1323,10-K,2015-02-24
us-gaap,TierOneRiskBasedCapitalToRiskWeightedAssets,pure,,2014-12-31,0.132,10-K,2016-02-25
us-gaap,TierOneRiskBasedCapitalToRiskWeightedAssets,pure,,2015-12-31,0.124,10-K,2016-02-25
us-gaap,TierOneRiskBasedCapitalToRiskWeightedAssets,pure,,2015-12-31,0.124,10-K,2017-02-23
us-gaap,TierOneRiskBasedCapitalToRiskWeightedAssets,pure,,2016-12-31,0.116,10-K,2017-02-23
us-gaap,TierOneRiskBasedCapitalToRiskWeightedAssets,pure,,2016-12-31,0.116,10-K,2018-02-21
us-gaap,TierOneRiskBasedCapitalToRiskWeightedAssets,pure,,2017-12-31,0.118,10-K,2018-02-21
us-gaap,TierOneRiskBasedCapitalToRiskWeightedAssets,pure,,2017-12-31,0.118,10-K,2019-02-20
us-gaap,TierOneRiskBasedCapitalToRiskWeightedAssets,pure,,2018-12-31,0.127,10-K,2019-02-20
us-gaap,TierOneRiskBasedCapitalToRiskWeightedAssets,pure,,2018-12-31,0.127,10-K,2020-02-20
us-gaap,TierOneRiskBasedCapitalToRiskWeightedAssets,pure,,2019-12-31,0.137,10-K,2020-02-20
us-gaap,TierOneRiskBasedCapitalToRiskWeightedAssets,pure,,2019-12-31,0.137,10-K,2021-02-25
us-gaap,TierOneRiskBasedCapitalToRiskWeightedAssets,pure,,2020-12-31,0.153,10-K,2021-02-25
us-gaap,TierOneRiskBasedCapitalToRiskWeightedAssets,pure,,2020-12-31,0.153,10-K,2022-02-25
us-gaap,TierOneRiskBasedCapitalToRiskWeightedAssets,pure,,2021-12-31,0.145,10-K,2022-02-25
us-gaap,TierOneRiskBasedCapitalToRiskWeightedAssets,pure,,2021-12-31,0.145,10-K,2023-02-24
us-gaap,TierOneRiskBasedCapitalToRiskWeightedAssets,pure,,2022-12-31,0.139,10-K,2023-02-24
us-gaap,TierOneRiskBasedCapitalToRiskWeightedAssets,pure,,2022-12-31,0.139,10-K,2024-02-23
us-gaap,TierOneRiskBasedCapitalToRiskWeightedAssets,pure,,2023-12-31,0.142,10-K,2024-02-23
us-gaap,TierOneRiskBasedCapitalToRiskWeightedAssets,pure,,2023-12-31,0.142,10-K,2025-02-20
us-gaap,TierOneRiskBasedCapitalToRiskWeightedAssets,pure,,2024-12-31,0.148,10-K,2025-02-20
us-gaap,TierOneRiskBasedCapitalToRiskWeightedAssets,pure,,2024-12-31,0.148,10-K,2026-02-19
us-gaap,TierOneRiskBasedCapitalToRiskWeightedAssets,pure,,2025-12-31,0.153,10-K,2026-02-19
us-gaap,TimeDeposits,USD,,2025-05-18,39630000000.0,10-Q,2025-11-03
us-gaap,TimeDeposits,USD,,2025-05-18,39630000000.0,10-K,2026-02-19
