taxo,tag,unit,start,end,val,form,filed
dei,EntityCommonStockSharesOutstanding,shares,,2011-04-30,148719355.0,10-Q,2011-05-09
dei,EntityCommonStockSharesOutstanding,shares,,2011-07-29,148918258.0,10-Q,2011-08-08
dei,EntityCommonStockSharesOutstanding,shares,,2011-10-31,149051662.0,10-Q,2011-11-09
dei,EntityCommonStockSharesOutstanding,shares,,2012-01-31,148678084.0,10-K,2012-02-29
dei,EntityCommonStockSharesOutstanding,shares,,2012-04-30,144580471.0,10-Q,2012-05-09
dei,EntityCommonStockSharesOutstanding,shares,,2012-07-31,141939270.0,10-Q,2012-08-08
dei,EntityCommonStockSharesOutstanding,shares,,2012-10-31,140317126.0,10-Q,2012-11-07
dei,EntityCommonStockSharesOutstanding,shares,,2013-01-31,140126005.0,10-K,2013-02-28
dei,EntityCommonStockSharesOutstanding,shares,,2013-04-30,136174881.0,10-Q,2013-05-09
dei,EntityCommonStockSharesOutstanding,shares,,2013-07-31,137742433.0,10-Q,2013-08-08
dei,EntityCommonStockSharesOutstanding,shares,,2013-10-31,137767583.0,10-Q,2013-11-12
dei,EntityCommonStockSharesOutstanding,shares,,2014-01-31,143207881.0,10-K,2014-03-03
dei,EntityCommonStockSharesOutstanding,shares,,2014-04-30,143390858.0,10-Q,2014-05-09
dei,EntityCommonStockSharesOutstanding,shares,,2014-07-31,143388292.0,10-Q,2014-08-08
dei,EntityCommonStockSharesOutstanding,shares,,2014-10-31,143552945.0,10-Q,2014-11-07
dei,EntityCommonStockSharesOutstanding,shares,,2015-01-31,143583710.0,10-K,2015-03-02
dei,EntityCommonStockSharesOutstanding,shares,,2015-04-30,143846255.0,10-Q,2015-05-08
dei,EntityCommonStockSharesOutstanding,shares,,2015-07-31,143850084.0,10-Q,2015-08-07
dei,EntityCommonStockSharesOutstanding,shares,,2015-10-31,143900919.0,10-Q,2015-11-09
dei,EntityCommonStockSharesOutstanding,shares,,2016-01-31,143917846.0,10-K,2016-02-26
dei,EntityCommonStockSharesOutstanding,shares,,2016-04-30,144100097.0,10-Q,2016-05-06
dei,EntityCommonStockSharesOutstanding,shares,,2016-07-31,144103150.0,10-Q,2016-08-05
dei,EntityCommonStockSharesOutstanding,shares,,2016-10-31,144164156.0,10-Q,2016-11-04
dei,EntityCommonStockSharesOutstanding,shares,,2017-01-31,144167656.0,10-K,2017-02-27
dei,EntityCommonStockSharesOutstanding,shares,,2017-04-30,144484091.0,10-Q,2017-05-09
dei,EntityCommonStockSharesOutstanding,shares,,2017-07-31,144486706.0,10-Q,2017-08-08
dei,EntityCommonStockSharesOutstanding,shares,,2017-10-31,144542911.0,10-Q,2017-11-07
dei,EntityCommonStockSharesOutstanding,shares,,2018-01-31,144544022.0,10-K,2018-02-27
dei,EntityCommonStockSharesOutstanding,shares,,2018-04-30,144898007.0,10-Q,2018-05-08
dei,EntityCommonStockSharesOutstanding,shares,,2018-07-31,144913002.0,10-Q,2018-08-07
dei,EntityCommonStockSharesOutstanding,shares,,2018-10-31,144959368.0,10-Q,2018-11-07
dei,EntityCommonStockSharesOutstanding,shares,,2019-01-31,145146595.0,10-K,2019-02-27
dei,EntityCommonStockSharesOutstanding,shares,,2019-04-30,145545510.0,10-Q,2019-05-08
dei,EntityCommonStockSharesOutstanding,shares,,2019-07-31,145546642.0,10-Q,2019-08-07
dei,EntityCommonStockSharesOutstanding,shares,,2019-10-31,145625385.0,10-Q,2019-11-08
dei,EntityCommonStockSharesOutstanding,shares,,2020-01-31,145625565.0,10-K,2020-02-27
dei,EntityCommonStockSharesOutstanding,shares,,2020-04-30,141486290.0,10-Q,2020-05-08
dei,EntityCommonStockSharesOutstanding,shares,,2020-07-31,141486780.0,10-Q,2020-08-07
dei,EntityCommonStockSharesOutstanding,shares,,2020-10-31,141563982.0,10-Q,2020-11-06
dei,EntityCommonStockSharesOutstanding,shares,,2021-01-31,141565473.0,10-K,2021-02-26
dei,EntityCommonStockSharesOutstanding,shares,,2021-04-30,141863399.0,10-Q,2021-05-07
dei,EntityCommonStockSharesOutstanding,shares,,2021-07-31,141877607.0,10-Q,2021-08-06
dei,EntityCommonStockSharesOutstanding,shares,,2021-10-31,141907491.0,10-Q,2021-11-08
dei,EntityCommonStockSharesOutstanding,shares,,2022-01-31,141908514.0,10-K,2022-02-28
dei,EntityCommonStockSharesOutstanding,shares,,2022-04-30,141908444.0,10-Q,2022-05-09
dei,EntityCommonStockSharesOutstanding,shares,,2022-07-31,140917512.0,10-Q,2022-08-08
dei,EntityCommonStockSharesOutstanding,shares,,2022-10-31,140946569.0,10-Q,2022-11-08
dei,EntityCommonStockSharesOutstanding,shares,,2023-01-31,141003685.0,10-K,2023-02-27
dei,EntityCommonStockSharesOutstanding,shares,,2023-04-30,141460241.0,10-Q,2023-05-09
dei,EntityCommonStockSharesOutstanding,shares,,2023-07-31,141483668.0,10-Q,2023-08-08
dei,EntityCommonStockSharesOutstanding,shares,,2023-10-31,140930142.0,10-Q,2023-11-08
dei,EntityCommonStockSharesOutstanding,shares,,2024-01-31,140030010.0,10-K,2024-02-29
dei,EntityCommonStockSharesOutstanding,shares,,2024-04-30,139143317.0,10-Q,2024-05-09
dei,EntityCommonStockSharesOutstanding,shares,,2024-07-31,138605194.0,10-Q,2024-08-08
dei,EntityCommonStockSharesOutstanding,shares,,2024-10-31,138629143.0,10-Q,2024-11-08
dei,EntityCommonStockSharesOutstanding,shares,,2025-01-31,138439815.0,10-K,2025-02-28
dei,EntityCommonStockSharesOutstanding,shares,,2025-04-30,137825192.0,10-Q,2025-05-09
dei,EntityCommonStockSharesOutstanding,shares,,2025-07-31,137821766.0,10-Q,2025-08-07
dei,EntityCommonStockSharesOutstanding,shares,,2025-10-31,137585604.0,10-Q,2025-11-07
dei,EntityCommonStockSharesOutstanding,shares,,2026-01-31,137622675.0,10-K,2026-02-27
dei,EntityCommonStockSharesOutstanding,shares,,2026-04-30,136996262.0,10-Q,2026-05-08
dei,EntityCommonStockSharesOutstanding,shares,,2026-07-31,137011856.0,10-Q,2026-08-07
us-gaap,CashAcquiredFromAcquisition,USD,2008-12-31,2009-12-31,599036000.0,10-K,2012-02-29
us-gaap,CashAcquiredFromAcquisition,USD,2010-01-01,2010-06-30,67186000.0,10-Q,2011-08-08
us-gaap,CashAcquiredFromAcquisition,USD,2010-01-01,2010-09-30,67186000.0,10-Q,2011-11-09
us-gaap,CashAcquiredFromAcquisition,USD,2009-12-31,2010-12-31,67186000.0,10-K,2013-02-28
us-gaap,CashAcquiredFromAcquisition,USD,2009-12-31,2010-12-31,67186000.0,10-K,2012-02-29
us-gaap,CashAcquiredFromAcquisition,USD,2011-01-01,2011-06-30,0.0,10-Q,2011-08-08
us-gaap,CashAcquiredFromAcquisition,USD,2011-01-01,2011-09-30,0.0,10-Q,2011-11-09
us-gaap,CashAndCashEquivalentsAtCarryingValue,USD,,2008-12-31,878853000.0,10-K,2012-02-29
us-gaap,CashAndCashEquivalentsAtCarryingValue,USD,,2009-12-31,1099084000.0,10-Q,2011-05-09
us-gaap,CashAndCashEquivalentsAtCarryingValue,USD,,2009-12-31,1099084000.0,10-Q,2011-08-08
us-gaap,CashAndCashEquivalentsAtCarryingValue,USD,,2009-12-31,1099084000.0,10-Q,2011-11-09
us-gaap,CashAndCashEquivalentsAtCarryingValue,USD,,2009-12-31,1099084000.0,10-K,2012-02-29
us-gaap,CashAndCashEquivalentsAtCarryingValue,USD,,2009-12-31,1099084000.0,10-K,2013-02-28
us-gaap,CashAndCashEquivalentsAtCarryingValue,USD,,2010-03-31,1380263000.0,10-Q,2011-05-09
us-gaap,CashAndCashEquivalentsAtCarryingValue,USD,,2010-06-30,1394851000.0,10-Q,2011-08-08
us-gaap,CashAndCashEquivalentsAtCarryingValue,USD,,2010-09-30,1089936000.0,10-Q,2011-11-09
us-gaap,CashAndCashEquivalentsAtCarryingValue,USD,,2010-12-31,1333949000.0,10-Q,2011-05-09
us-gaap,CashAndCashEquivalentsAtCarryingValue,USD,,2010-12-31,1333949000.0,10-Q,2011-08-08
us-gaap,CashAndCashEquivalentsAtCarryingValue,USD,,2010-12-31,1333949000.0,10-Q,2011-11-09
us-gaap,CashAndCashEquivalentsAtCarryingValue,USD,,2010-12-31,1333949000.0,10-K,2012-02-29
us-gaap,CashAndCashEquivalentsAtCarryingValue,USD,,2010-12-31,1333949000.0,10-Q,2012-05-09
us-gaap,CashAndCashEquivalentsAtCarryingValue,USD,,2010-12-31,1333949000.0,10-Q,2012-08-08
us-gaap,CashAndCashEquivalentsAtCarryingValue,USD,,2010-12-31,1333949000.0,10-Q,2012-11-07
us-gaap,CashAndCashEquivalentsAtCarryingValue,USD,,2010-12-31,1333949000.0,10-K,2013-02-28
us-gaap,CashAndCashEquivalentsAtCarryingValue,USD,,2010-12-31,1333949000.0,10-K,2014-03-03
us-gaap,CashAndCashEquivalentsAtCarryingValue,USD,,2011-03-31,1492922000.0,10-Q,2011-05-09
us-gaap,CashAndCashEquivalentsAtCarryingValue,USD,,2011-03-31,1492922000.0,10-Q,2012-05-09
us-gaap,CashAndCashEquivalentsAtCarryingValue,USD,,2011-06-30,1598498000.0,10-Q,2011-08-08
us-gaap,CashAndCashEquivalentsAtCarryingValue,USD,,2011-06-30,1598498000.0,10-Q,2012-08-08
us-gaap,CashAndCashEquivalentsAtCarryingValue,USD,,2011-09-30,1105888000.0,10-Q,2011-11-09
us-gaap,CashAndCashEquivalentsAtCarryingValue,USD,,2011-09-30,1105888000.0,10-Q,2012-11-07
us-gaap,CashAndCashEquivalentsAtCarryingValue,USD,,2011-12-31,1431185000.0,10-K,2012-02-29
us-gaap,CashAndCashEquivalentsAtCarryingValue,USD,,2011-12-31,1431185000.0,10-Q,2012-05-09
us-gaap,CashAndCashEquivalentsAtCarryingValue,USD,,2011-12-31,1431185000.0,10-Q,2012-08-08
us-gaap,CashAndCashEquivalentsAtCarryingValue,USD,,2011-12-31,1431185000.0,10-Q,2012-11-07
us-gaap,CashAndCashEquivalentsAtCarryingValue,USD,,2011-12-31,1431185000.0,10-K,2013-02-28
us-gaap,CashAndCashEquivalentsAtCarryingValue,USD,,2011-12-31,1431185000.0,10-Q,2013-05-09
us-gaap,CashAndCashEquivalentsAtCarryingValue,USD,,2011-12-31,1431185000.0,10-Q,2013-08-08
us-gaap,CashAndCashEquivalentsAtCarryingValue,USD,,2011-12-31,1431185000.0,10-Q,2013-11-12
us-gaap,CashAndCashEquivalentsAtCarryingValue,USD,,2011-12-31,1431185000.0,10-K,2014-03-03
us-gaap,CashAndCashEquivalentsAtCarryingValue,USD,,2011-12-31,1431185000.0,10-K,2015-03-02
us-gaap,CashAndCashEquivalentsAtCarryingValue,USD,,2012-03-31,1635854000.0,10-Q,2012-05-09
us-gaap,CashAndCashEquivalentsAtCarryingValue,USD,,2012-03-31,1635854000.0,10-Q,2013-05-09
us-gaap,CashAndCashEquivalentsAtCarryingValue,USD,,2012-06-30,2429614000.0,10-Q,2012-08-08
us-gaap,CashAndCashEquivalentsAtCarryingValue,USD,,2012-06-30,2429614000.0,10-Q,2013-08-08
us-gaap,CashAndCashEquivalentsAtCarryingValue,USD,,2012-09-30,1816372000.0,10-Q,2012-11-07
us-gaap,CashAndCashEquivalentsAtCarryingValue,USD,,2012-09-30,1816372000.0,10-Q,2013-11-12
us-gaap,CashAndCashEquivalentsAtCarryingValue,USD,,2012-12-31,1323106000.0,10-K,2013-02-28
us-gaap,CashAndCashEquivalentsAtCarryingValue,USD,,2012-12-31,1323106000.0,10-Q,2013-05-09
us-gaap,CashAndCashEquivalentsAtCarryingValue,USD,,2012-12-31,1323106000.0,10-Q,2013-08-08
us-gaap,CashAndCashEquivalentsAtCarryingValue,USD,,2012-12-31,1323106000.0,10-Q,2013-11-12
us-gaap,CashAndCashEquivalentsAtCarryingValue,USD,,2012-12-31,1323106000.0,10-K,2014-03-03
us-gaap,CashAndCashEquivalentsAtCarryingValue,USD,,2012-12-31,1323106000.0,10-Q,2014-05-09
us-gaap,CashAndCashEquivalentsAtCarryingValue,USD,,2012-12-31,1323106000.0,10-Q,2014-08-08
us-gaap,CashAndCashEquivalentsAtCarryingValue,USD,,2012-12-31,1323106000.0,10-Q,2014-11-07
us-gaap,CashAndCashEquivalentsAtCarryingValue,USD,,2012-12-31,1323106000.0,10-K,2015-03-02
us-gaap,CashAndCashEquivalentsAtCarryingValue,USD,,2012-12-31,1323106000.0,10-K,2016-02-26
us-gaap,CashAndCashEquivalentsAtCarryingValue,USD,,2013-03-31,1736865000.0,10-Q,2013-05-09
us-gaap,CashAndCashEquivalentsAtCarryingValue,USD,,2013-03-31,1736865000.0,10-Q,2014-05-09
us-gaap,CashAndCashEquivalentsAtCarryingValue,USD,,2013-06-30,1050214000.0,10-Q,2013-08-08
us-gaap,CashAndCashEquivalentsAtCarryingValue,USD,,2013-06-30,1050214000.0,10-Q,2014-08-08
us-gaap,CashAndCashEquivalentsAtCarryingValue,USD,,2013-09-30,1322383000.0,10-Q,2013-11-12
us-gaap,CashAndCashEquivalentsAtCarryingValue,USD,,2013-09-30,1322383000.0,10-Q,2014-11-07
us-gaap,CashAndCashEquivalentsAtCarryingValue,USD,,2013-12-31,895820000.0,10-K,2014-03-03
us-gaap,CashAndCashEquivalentsAtCarryingValue,USD,,2013-12-31,895820000.0,10-Q,2014-05-09
us-gaap,CashAndCashEquivalentsAtCarryingValue,USD,,2013-12-31,895820000.0,10-Q,2014-08-08
us-gaap,CashAndCashEquivalentsAtCarryingValue,USD,,2013-12-31,895820000.0,10-Q,2014-11-07
us-gaap,CashAndCashEquivalentsAtCarryingValue,USD,,2013-12-31,895820000.0,10-K,2015-03-02
us-gaap,CashAndCashEquivalentsAtCarryingValue,USD,,2013-12-31,895820000.0,10-Q,2015-05-08
us-gaap,CashAndCashEquivalentsAtCarryingValue,USD,,2013-12-31,895820000.0,10-Q,2015-08-07
us-gaap,CashAndCashEquivalentsAtCarryingValue,USD,,2013-12-31,895820000.0,10-Q,2015-11-09
us-gaap,CashAndCashEquivalentsAtCarryingValue,USD,,2013-12-31,895820000.0,10-K,2016-02-26
us-gaap,CashAndCashEquivalentsAtCarryingValue,USD,,2013-12-31,895820000.0,10-K,2017-02-27
us-gaap,CashAndCashEquivalentsAtCarryingValue,USD,,2014-03-31,1884855000.0,10-Q,2014-05-09
us-gaap,CashAndCashEquivalentsAtCarryingValue,USD,,2014-03-31,1884855000.0,10-Q,2015-05-08
us-gaap,CashAndCashEquivalentsAtCarryingValue,USD,,2014-06-30,1246044000.0,10-Q,2014-08-08
us-gaap,CashAndCashEquivalentsAtCarryingValue,USD,,2014-06-30,1246044000.0,10-Q,2015-08-07
us-gaap,CashAndCashEquivalentsAtCarryingValue,USD,,2014-09-30,1115753000.0,10-Q,2014-11-07
us-gaap,CashAndCashEquivalentsAtCarryingValue,USD,,2014-09-30,1115753000.0,10-Q,2015-11-09
us-gaap,CashAndCashEquivalentsAtCarryingValue,USD,,2014-12-31,1039885000.0,10-K,2015-03-02
us-gaap,CashAndCashEquivalentsAtCarryingValue,USD,,2014-12-31,1039885000.0,10-Q,2015-05-08
us-gaap,CashAndCashEquivalentsAtCarryingValue,USD,,2014-12-31,1039885000.0,10-Q,2015-08-07
us-gaap,CashAndCashEquivalentsAtCarryingValue,USD,,2014-12-31,1039885000.0,10-Q,2015-11-09
us-gaap,CashAndCashEquivalentsAtCarryingValue,USD,,2014-12-31,1039885000.0,10-K,2016-02-26
us-gaap,CashAndCashEquivalentsAtCarryingValue,USD,,2014-12-31,1039885000.0,10-Q,2016-05-06
us-gaap,CashAndCashEquivalentsAtCarryingValue,USD,,2014-12-31,1039885000.0,10-Q,2016-08-05
us-gaap,CashAndCashEquivalentsAtCarryingValue,USD,,2014-12-31,1039885000.0,10-Q,2016-11-04
us-gaap,CashAndCashEquivalentsAtCarryingValue,USD,,2014-12-31,1039885000.0,10-K,2017-02-27
us-gaap,CashAndCashEquivalentsAtCarryingValue,USD,,2014-12-31,1039885000.0,10-K,2018-02-27
us-gaap,CashAndCashEquivalentsAtCarryingValue,USD,,2015-03-31,1886199000.0,10-Q,2015-05-08
us-gaap,CashAndCashEquivalentsAtCarryingValue,USD,,2015-03-31,1886199000.0,10-Q,2016-05-06
us-gaap,CashAndCashEquivalentsAtCarryingValue,USD,,2015-06-30,1877914000.0,10-Q,2015-08-07
us-gaap,CashAndCashEquivalentsAtCarryingValue,USD,,2015-06-30,1877914000.0,10-Q,2016-08-05
us-gaap,CashAndCashEquivalentsAtCarryingValue,USD,,2015-09-30,1875703000.0,10-Q,2015-11-09
us-gaap,CashAndCashEquivalentsAtCarryingValue,USD,,2015-09-30,1875703000.0,10-Q,2016-11-04
us-gaap,CashAndCashEquivalentsAtCarryingValue,USD,,2015-12-31,1360887000.0,10-K,2016-02-26
us-gaap,CashAndCashEquivalentsAtCarryingValue,USD,,2015-12-31,1360887000.0,10-Q,2016-05-06
us-gaap,CashAndCashEquivalentsAtCarryingValue,USD,,2015-12-31,1360887000.0,10-Q,2016-08-05
us-gaap,CashAndCashEquivalentsAtCarryingValue,USD,,2015-12-31,1360887000.0,10-Q,2016-11-04
us-gaap,CashAndCashEquivalentsAtCarryingValue,USD,,2015-12-31,1360887000.0,10-K,2017-02-27
us-gaap,CashAndCashEquivalentsAtCarryingValue,USD,,2015-12-31,1360887000.0,10-Q,2017-05-09
us-gaap,CashAndCashEquivalentsAtCarryingValue,USD,,2015-12-31,1360887000.0,10-Q,2017-08-08
us-gaap,CashAndCashEquivalentsAtCarryingValue,USD,,2015-12-31,1360887000.0,10-Q,2017-11-07
us-gaap,CashAndCashEquivalentsAtCarryingValue,USD,,2015-12-31,1360887000.0,10-K,2018-02-27
us-gaap,CashAndCashEquivalentsAtCarryingValue,USD,,2015-12-31,1360887000.0,10-K,2019-02-27
us-gaap,CashAndCashEquivalentsAtCarryingValue,USD,,2016-03-31,2265297000.0,10-Q,2016-05-06
us-gaap,CashAndCashEquivalentsAtCarryingValue,USD,,2016-03-31,2265297000.0,10-Q,2017-05-09
us-gaap,CashAndCashEquivalentsAtCarryingValue,USD,,2016-06-30,1592796000.0,10-Q,2016-08-05
us-gaap,CashAndCashEquivalentsAtCarryingValue,USD,,2016-06-30,1592796000.0,10-Q,2017-08-08
us-gaap,CashAndCashEquivalentsAtCarryingValue,USD,,2016-09-30,1666832000.0,10-Q,2016-11-04
us-gaap,CashAndCashEquivalentsAtCarryingValue,USD,,2016-09-30,1666832000.0,10-Q,2017-11-07
us-gaap,CashAndCashEquivalentsAtCarryingValue,USD,,2016-12-31,1878503000.0,10-K,2017-02-27
us-gaap,CashAndCashEquivalentsAtCarryingValue,USD,,2016-12-31,1878503000.0,10-Q,2017-05-09
us-gaap,CashAndCashEquivalentsAtCarryingValue,USD,,2016-12-31,1878503000.0,10-Q,2017-08-08
us-gaap,CashAndCashEquivalentsAtCarryingValue,USD,,2016-12-31,1878503000.0,10-Q,2017-11-07
us-gaap,CashAndCashEquivalentsAtCarryingValue,USD,,2016-12-31,1878503000.0,10-K,2018-02-27
us-gaap,CashAndCashEquivalentsAtCarryingValue,USD,,2016-12-31,1878503000.0,10-Q,2018-05-08
us-gaap,CashAndCashEquivalentsAtCarryingValue,USD,,2016-12-31,1878503000.0,10-Q,2018-08-07
us-gaap,CashAndCashEquivalentsAtCarryingValue,USD,,2016-12-31,1878503000.0,10-Q,2018-11-07
us-gaap,CashAndCashEquivalentsAtCarryingValue,USD,,2016-12-31,1878503000.0,10-K,2019-02-27
us-gaap,CashAndCashEquivalentsAtCarryingValue,USD,,2017-03-31,2434643000.0,10-Q,2017-05-09
us-gaap,CashAndCashEquivalentsAtCarryingValue,USD,,2017-03-31,2434643000.0,10-Q,2018-05-08
us-gaap,CashAndCashEquivalentsAtCarryingValue,USD,,2017-06-30,2752476000.0,10-Q,2017-08-08
us-gaap,CashAndCashEquivalentsAtCarryingValue,USD,,2017-06-30,2752476000.0,10-Q,2018-08-07
us-gaap,CashAndCashEquivalentsAtCarryingValue,USD,,2017-09-30,1736749000.0,10-Q,2017-11-07
us-gaap,CashAndCashEquivalentsAtCarryingValue,USD,,2017-09-30,1736749000.0,10-Q,2018-11-07
us-gaap,CashAndCashEquivalentsAtCarryingValue,USD,,2017-12-31,2174592000.0,10-K,2018-02-27
us-gaap,CashAndCashEquivalentsAtCarryingValue,USD,,2017-12-31,2174592000.0,10-Q,2018-05-08
us-gaap,CashAndCashEquivalentsAtCarryingValue,USD,,2017-12-31,2174592000.0,10-Q,2018-08-07
us-gaap,CashAndCashEquivalentsAtCarryingValue,USD,,2017-12-31,2174592000.0,10-Q,2018-11-07
us-gaap,CashAndCashEquivalentsAtCarryingValue,USD,,2017-12-31,2174592000.0,10-K,2019-02-27
us-gaap,CashAndCashEquivalentsAtCarryingValue,USD,,2018-03-31,2314938000.0,10-Q,2018-05-08
us-gaap,CashAndCashEquivalentsAtCarryingValue,USD,,2018-06-30,2297471000.0,10-Q,2018-08-07
us-gaap,CashAndCashEquivalentsAtCarryingValue,USD,,2018-09-30,2218787000.0,10-Q,2018-11-07
us-gaap,CashAndCashEquivalentsAtCarryingValue,USD,,2018-12-31,3001377000.0,10-K,2019-02-27
us-gaap,CashAndCashEquivalentsAtCarryingValue,USD,,2018-12-31,3001377000.0,10-Q,2019-05-08
us-gaap,CashAndCashEquivalentsAtCarryingValue,USD,,2018-12-31,3001377000.0,10-Q,2019-08-07
us-gaap,CashAndCashEquivalentsAtCarryingValue,USD,,2018-12-31,3001377000.0,10-Q,2019-11-08
us-gaap,CashAndCashEquivalentsAtCarryingValue,USD,,2018-12-31,3001377000.0,10-K,2020-02-27
us-gaap,CashAndCashEquivalentsAtCarryingValue,USD,,2019-03-31,3785325000.0,10-Q,2019-05-08
us-gaap,CashAndCashEquivalentsAtCarryingValue,USD,,2019-06-30,3621614000.0,10-Q,2019-08-07
us-gaap,CashAndCashEquivalentsAtCarryingValue,USD,,2019-09-30,3042281000.0,10-Q,2019-11-08
us-gaap,CashAndCashEquivalentsAtCarryingValue,USD,,2019-12-31,3261149000.0,10-K,2020-02-27
us-gaap,CashAndCashEquivalentsAtCarryingValue,USD,,2019-12-31,3261149000.0,10-Q,2020-05-08
us-gaap,CashAndCashEquivalentsAtCarryingValue,USD,,2019-12-31,3261149000.0,10-Q,2020-08-07
us-gaap,CashAndCashEquivalentsAtCarryingValue,USD,,2019-12-31,3261149000.0,10-Q,2020-11-06
us-gaap,CashAndCashEquivalentsAtCarryingValue,USD,,2019-12-31,3261149000.0,10-K,2021-02-26
us-gaap,CashAndCashEquivalentsAtCarryingValue,USD,,2020-03-31,3080042000.0,10-Q,2020-05-08
us-gaap,CashAndCashEquivalentsAtCarryingValue,USD,,2020-06-30,4533502000.0,10-Q,2020-08-07
us-gaap,CashAndCashEquivalentsAtCarryingValue,USD,,2020-09-30,4506941000.0,10-Q,2020-11-06
us-gaap,CashAndCashEquivalentsAtCarryingValue,USD,,2020-12-31,4017971000.0,10-K,2021-02-26
us-gaap,CashAndCashEquivalentsAtCarryingValue,USD,,2020-12-31,4017971000.0,10-Q,2021-05-07
us-gaap,CashAndCashEquivalentsAtCarryingValue,USD,,2020-12-31,4017971000.0,10-Q,2021-08-06
us-gaap,CashAndCashEquivalentsAtCarryingValue,USD,,2020-12-31,4017971000.0,10-Q,2021-11-08
us-gaap,CashAndCashEquivalentsAtCarryingValue,USD,,2020-12-31,4017971000.0,10-K,2022-02-28
us-gaap,CashAndCashEquivalentsAtCarryingValue,USD,,2021-03-31,4619133000.0,10-Q,2021-05-07
us-gaap,CashAndCashEquivalentsAtCarryingValue,USD,,2021-06-30,5997805000.0,10-Q,2021-08-06
us-gaap,CashAndCashEquivalentsAtCarryingValue,USD,,2021-09-30,4852901000.0,10-Q,2021-11-08
us-gaap,CashAndCashEquivalentsAtCarryingValue,USD,,2021-12-31,3912935000.0,10-K,2022-02-28
us-gaap,CashAndCashEquivalentsAtCarryingValue,USD,,2021-12-31,3912935000.0,10-Q,2022-05-09
us-gaap,CashAndCashEquivalentsAtCarryingValue,USD,,2021-12-31,3912935000.0,10-Q,2022-08-08
us-gaap,CashAndCashEquivalentsAtCarryingValue,USD,,2021-12-31,3912935000.0,10-Q,2022-11-08
us-gaap,CashAndCashEquivalentsAtCarryingValue,USD,,2021-12-31,3912935000.0,10-K,2023-02-27
us-gaap,CashAndCashEquivalentsAtCarryingValue,USD,,2022-03-31,3848700000.0,10-Q,2022-05-09
us-gaap,CashAndCashEquivalentsAtCarryingValue,USD,,2022-06-30,1902053000.0,10-Q,2022-08-08
us-gaap,CashAndCashEquivalentsAtCarryingValue,USD,,2022-09-30,2163353000.0,10-Q,2022-11-08
us-gaap,CashAndCashEquivalentsAtCarryingValue,USD,,2022-12-31,3481784000.0,10-K,2023-02-27
us-gaap,CashAndCashEquivalentsAtCarryingValue,USD,,2022-12-31,3481784000.0,10-Q,2023-05-09
us-gaap,CashAndCashEquivalentsAtCarryingValue,USD,,2022-12-31,3481784000.0,10-Q,2023-08-08
us-gaap,CashAndCashEquivalentsAtCarryingValue,USD,,2022-12-31,3481784000.0,10-Q,2023-11-08
us-gaap,CashAndCashEquivalentsAtCarryingValue,USD,,2022-12-31,3481784000.0,10-K,2024-02-29
us-gaap,CashAndCashEquivalentsAtCarryingValue,USD,,2023-03-31,5934194000.0,10-Q,2023-05-09
us-gaap,CashAndCashEquivalentsAtCarryingValue,USD,,2023-06-30,6377887000.0,10-Q,2023-08-08
us-gaap,CashAndCashEquivalentsAtCarryingValue,USD,,2023-09-30,4561178000.0,10-Q,2023-11-08
us-gaap,CashAndCashEquivalentsAtCarryingValue,USD,,2023-12-31,4614984000.0,10-K,2024-02-29
us-gaap,CashAndCashEquivalentsAtCarryingValue,USD,,2023-12-31,4614984000.0,10-Q,2024-05-09
us-gaap,CashAndCashEquivalentsAtCarryingValue,USD,,2023-12-31,4614984000.0,10-Q,2024-08-08
us-gaap,CashAndCashEquivalentsAtCarryingValue,USD,,2023-12-31,4614984000.0,10-Q,2024-11-08
us-gaap,CashAndCashEquivalentsAtCarryingValue,USD,,2023-12-31,4614984000.0,10-K,2025-02-28
us-gaap,CashAndCashEquivalentsAtCarryingValue,USD,,2024-03-31,4210801000.0,10-Q,2024-05-09
us-gaap,CashAndCashEquivalentsAtCarryingValue,USD,,2024-06-30,4365691000.0,10-Q,2024-08-08
us-gaap,CashAndCashEquivalentsAtCarryingValue,USD,,2024-09-30,4860073000.0,10-Q,2024-11-08
us-gaap,CashAndCashEquivalentsAtCarryingValue,USD,,2024-12-31,5250742000.0,10-K,2025-02-28
us-gaap,CashAndCashEquivalentsAtCarryingValue,USD,,2024-12-31,5250742000.0,10-Q,2025-05-09
us-gaap,CashAndCashEquivalentsAtCarryingValue,USD,,2024-12-31,5250742000.0,10-Q,2025-08-07
us-gaap,CashAndCashEquivalentsAtCarryingValue,USD,,2024-12-31,5250742000.0,10-Q,2025-11-07
us-gaap,CashAndCashEquivalentsAtCarryingValue,USD,,2024-12-31,5250742000.0,10-K,2026-02-27
us-gaap,CashAndCashEquivalentsAtCarryingValue,USD,,2025-03-31,3448284000.0,10-Q,2025-05-09
us-gaap,CashAndCashEquivalentsAtCarryingValue,USD,,2025-06-30,4409941000.0,10-Q,2025-08-07
us-gaap,CashAndCashEquivalentsAtCarryingValue,USD,,2025-09-30,4694194000.0,10-Q,2025-11-07
us-gaap,CashAndCashEquivalentsAtCarryingValue,USD,,2025-12-31,4188139000.0,10-K,2026-02-27
us-gaap,CashAndCashEquivalentsAtCarryingValue,USD,,2025-12-31,4188139000.0,10-Q,2026-05-08
us-gaap,CashAndCashEquivalentsAtCarryingValue,USD,,2025-12-31,4188139000.0,10-Q,2026-08-07
us-gaap,CashAndCashEquivalentsAtCarryingValue,USD,,2026-03-31,4438870000.0,10-Q,2026-05-08
us-gaap,CashAndCashEquivalentsAtCarryingValue,USD,,2026-06-30,5088923000.0,10-Q,2026-08-07
us-gaap,CashAndCashEquivalentsPeriodIncreaseDecrease,USD,2010-01-01,2010-03-31,281179000.0,10-Q,2011-05-09
us-gaap,CashAndCashEquivalentsPeriodIncreaseDecrease,USD,2010-01-01,2010-06-30,295767000.0,10-Q,2011-08-08
us-gaap,CashAndCashEquivalentsPeriodIncreaseDecrease,USD,2010-01-01,2010-09-30,-9148000.0,10-Q,2011-11-09
us-gaap,CashAndCashEquivalentsPeriodIncreaseDecrease,USD,2011-01-01,2011-03-31,158973000.0,10-Q,2011-05-09
us-gaap,CashAndCashEquivalentsPeriodIncreaseDecrease,USD,2011-01-01,2011-06-30,264549000.0,10-Q,2011-08-08
us-gaap,CashAndCashEquivalentsPeriodIncreaseDecrease,USD,2011-01-01,2011-09-30,-228061000.0,10-Q,2011-11-09
us-gaap,CashAndCashEquivalentsPeriodIncreaseDecrease,USD,2014-01-01,2014-03-31,989035000.0,10-Q,2015-05-08
us-gaap,CashAndCashEquivalentsPeriodIncreaseDecrease,USD,2014-01-01,2014-06-30,350224000.0,10-Q,2015-08-07
us-gaap,CashAndCashEquivalentsPeriodIncreaseDecrease,USD,2014-01-01,2014-09-30,219933000.0,10-Q,2015-11-09
us-gaap,CashAndCashEquivalentsPeriodIncreaseDecrease,USD,2014-01-01,2014-12-31,144065000.0,10-K,2017-02-27
us-gaap,CashAndCashEquivalentsPeriodIncreaseDecrease,USD,2015-01-01,2015-03-31,846314000.0,10-Q,2015-05-08
us-gaap,CashAndCashEquivalentsPeriodIncreaseDecrease,USD,2015-01-01,2015-06-30,838029000.0,10-Q,2015-08-07
us-gaap,CashAndCashEquivalentsPeriodIncreaseDecrease,USD,2015-01-01,2015-09-30,835818000.0,10-Q,2015-11-09
us-gaap,CashAndCashEquivalentsPeriodIncreaseDecrease,USD,2015-01-01,2015-12-31,321002000.0,10-K,2017-02-27
us-gaap,CashAndCashEquivalentsPeriodIncreaseDecrease,USD,2015-01-01,2015-12-31,321002000.0,10-K,2018-02-27
us-gaap,CashAndCashEquivalentsPeriodIncreaseDecrease,USD,2016-01-01,2016-03-31,904410000.0,10-Q,2017-05-09
us-gaap,CashAndCashEquivalentsPeriodIncreaseDecrease,USD,2016-01-01,2016-06-30,231909000.0,10-Q,2017-08-08
us-gaap,CashAndCashEquivalentsPeriodIncreaseDecrease,USD,2016-01-01,2016-09-30,305945000.0,10-Q,2017-11-07
us-gaap,CashAndCashEquivalentsPeriodIncreaseDecrease,USD,2016-01-01,2016-12-31,517616000.0,10-K,2017-02-27
us-gaap,CashAndCashEquivalentsPeriodIncreaseDecrease,USD,2016-01-01,2016-12-31,517616000.0,10-K,2018-02-27
us-gaap,CashAndCashEquivalentsPeriodIncreaseDecrease,USD,2016-01-01,2016-12-31,517616000.0,10-K,2019-02-27
us-gaap,CashAndCashEquivalentsPeriodIncreaseDecrease,USD,2017-01-01,2017-03-31,556140000.0,10-Q,2017-05-09
us-gaap,CashAndCashEquivalentsPeriodIncreaseDecrease,USD,2017-01-01,2017-03-31,556140000.0,10-Q,2018-05-08
us-gaap,CashAndCashEquivalentsPeriodIncreaseDecrease,USD,2017-01-01,2017-06-30,873973000.0,10-Q,2017-08-08
us-gaap,CashAndCashEquivalentsPeriodIncreaseDecrease,USD,2017-01-01,2017-06-30,873973000.0,10-Q,2018-08-07
us-gaap,CashAndCashEquivalentsPeriodIncreaseDecrease,USD,2017-01-01,2017-09-30,-141754000.0,10-Q,2017-11-07
us-gaap,CashAndCashEquivalentsPeriodIncreaseDecrease,USD,2017-01-01,2017-09-30,-141754000.0,10-Q,2018-11-07
us-gaap,CashAndCashEquivalentsPeriodIncreaseDecrease,USD,2017-01-01,2017-12-31,296089000.0,10-K,2018-02-27
us-gaap,CashAndCashEquivalentsPeriodIncreaseDecrease,USD,2017-01-01,2017-12-31,296089000.0,10-K,2019-02-27
us-gaap,CashAndCashEquivalentsPeriodIncreaseDecrease,USD,2018-01-01,2018-03-31,140346000.0,10-Q,2018-05-08
us-gaap,CashAndCashEquivalentsPeriodIncreaseDecrease,USD,2018-01-01,2018-06-30,122879000.0,10-Q,2018-08-07
us-gaap,CashAndCashEquivalentsPeriodIncreaseDecrease,USD,2018-01-01,2018-09-30,44195000.0,10-Q,2018-11-07
us-gaap,CashAndCashEquivalentsPeriodIncreaseDecrease,USD,2018-01-01,2018-12-31,826785000.0,10-K,2019-02-27
us-gaap,CashAndDueFromBanks,USD,,2010-12-31,1028929000.0,10-K,2012-02-29
us-gaap,CashAndDueFromBanks,USD,,2011-12-31,761892000.0,10-K,2012-02-29
us-gaap,CashAndDueFromBanks,USD,,2011-12-31,761892000.0,10-K,2013-02-28
us-gaap,CashAndDueFromBanks,USD,,2012-12-31,933050000.0,10-K,2013-02-28
us-gaap,CashAndDueFromBanks,USD,,2012-12-31,933050000.0,10-K,2014-03-03
us-gaap,CashAndDueFromBanks,USD,,2013-12-31,693387000.0,10-K,2014-03-03
us-gaap,CashAndDueFromBanks,USD,,2013-12-31,693387000.0,10-K,2015-03-02
us-gaap,CashAndDueFromBanks,USD,,2014-12-31,944118000.0,10-K,2015-03-02
us-gaap,CashAndDueFromBanks,USD,,2014-12-31,944118000.0,10-K,2016-02-26
us-gaap,CashAndDueFromBanks,USD,,2015-12-31,1177889000.0,10-K,2016-02-26
us-gaap,CashAndDueFromBanks,USD,,2015-12-31,340717000.0,10-K,2017-02-27
us-gaap,CashAndDueFromBanks,USD,,2016-12-31,460559000.0,10-K,2017-02-27
us-gaap,CashAndDueFromBanks,USD,,2016-12-31,460559000.0,10-Q,2017-05-09
us-gaap,CashAndDueFromBanks,USD,,2016-12-31,460559000.0,10-Q,2017-08-08
us-gaap,CashAndDueFromBanks,USD,,2016-12-31,460559000.0,10-Q,2017-11-07
us-gaap,CashAndDueFromBanks,USD,,2016-12-31,460559000.0,10-K,2018-02-27
us-gaap,CashAndDueFromBanks,USD,,2017-03-31,346005000.0,10-Q,2017-05-09
us-gaap,CashAndDueFromBanks,USD,,2017-06-30,429121000.0,10-Q,2017-08-08
us-gaap,CashAndDueFromBanks,USD,,2017-09-30,364328000.0,10-Q,2017-11-07
us-gaap,CashAndDueFromBanks,USD,,2017-12-31,457181000.0,10-K,2018-02-27
us-gaap,CashAndDueFromBanks,USD,,2017-12-31,457181000.0,10-Q,2018-05-08
us-gaap,CashAndDueFromBanks,USD,,2017-12-31,457181000.0,10-Q,2018-08-07
us-gaap,CashAndDueFromBanks,USD,,2017-12-31,457181000.0,10-Q,2018-11-07
us-gaap,CashAndDueFromBanks,USD,,2017-12-31,457181000.0,10-K,2019-02-27
us-gaap,CashAndDueFromBanks,USD,,2018-03-31,413017000.0,10-Q,2018-05-08
us-gaap,CashAndDueFromBanks,USD,,2018-06-30,415653000.0,10-Q,2018-08-07
us-gaap,CashAndDueFromBanks,USD,,2018-09-30,408049000.0,10-Q,2018-11-07
us-gaap,CashAndDueFromBanks,USD,,2018-12-31,516291000.0,10-K,2019-02-27
us-gaap,CashAndDueFromBanks,USD,,2018-12-31,516291000.0,10-Q,2019-05-08
us-gaap,CashAndDueFromBanks,USD,,2018-12-31,516291000.0,10-Q,2019-08-07
us-gaap,CashAndDueFromBanks,USD,,2018-12-31,516291000.0,10-Q,2019-11-08
us-gaap,CashAndDueFromBanks,USD,,2018-12-31,516291000.0,10-K,2020-02-27
us-gaap,CashAndDueFromBanks,USD,,2019-03-31,462254000.0,10-Q,2019-05-08
us-gaap,CashAndDueFromBanks,USD,,2019-06-30,425949000.0,10-Q,2019-08-07
us-gaap,CashAndDueFromBanks,USD,,2019-09-30,475291000.0,10-Q,2019-11-08
us-gaap,CashAndDueFromBanks,USD,,2019-12-31,536221000.0,10-K,2020-02-27
us-gaap,CashAndDueFromBanks,USD,,2019-12-31,536221000.0,10-Q,2020-05-08
us-gaap,CashAndDueFromBanks,USD,,2019-12-31,536221000.0,10-Q,2020-08-07
us-gaap,CashAndDueFromBanks,USD,,2019-12-31,536221000.0,10-Q,2020-11-06
us-gaap,CashAndDueFromBanks,USD,,2019-12-31,536221000.0,10-K,2021-02-26
us-gaap,CashAndDueFromBanks,USD,,2020-03-31,427415000.0,10-Q,2020-05-08
us-gaap,CashAndDueFromBanks,USD,,2020-06-30,602974000.0,10-Q,2020-08-07
us-gaap,CashAndDueFromBanks,USD,,2020-09-30,503376000.0,10-Q,2020-11-06
us-gaap,CashAndDueFromBanks,USD,,2020-12-31,592117000.0,10-K,2021-02-26
us-gaap,CashAndDueFromBanks,USD,,2020-12-31,592117000.0,10-Q,2021-05-07
us-gaap,CashAndDueFromBanks,USD,,2020-12-31,592117000.0,10-Q,2021-08-06
us-gaap,CashAndDueFromBanks,USD,,2020-12-31,592117000.0,10-Q,2021-11-08
us-gaap,CashAndDueFromBanks,USD,,2020-12-31,592117000.0,10-K,2022-02-28
us-gaap,CashAndDueFromBanks,USD,,2021-03-31,582270000.0,10-Q,2021-05-07
us-gaap,CashAndDueFromBanks,USD,,2021-06-30,626716000.0,10-Q,2021-08-06
us-gaap,CashAndDueFromBanks,USD,,2021-09-30,594631000.0,10-Q,2021-11-08
us-gaap,CashAndDueFromBanks,USD,,2021-12-31,527317000.0,10-K,2022-02-28
us-gaap,CashAndDueFromBanks,USD,,2021-12-31,527317000.0,10-Q,2022-05-09
us-gaap,CashAndDueFromBanks,USD,,2021-12-31,527317000.0,10-Q,2022-08-08
us-gaap,CashAndDueFromBanks,USD,,2021-12-31,527317000.0,10-Q,2022-11-08
us-gaap,CashAndDueFromBanks,USD,,2021-12-31,527317000.0,10-K,2023-02-27
us-gaap,CashAndDueFromBanks,USD,,2022-03-31,571571000.0,10-Q,2022-05-09
us-gaap,CashAndDueFromBanks,USD,,2022-06-30,688936000.0,10-Q,2022-08-08
us-gaap,CashAndDueFromBanks,USD,,2022-09-30,554260000.0,10-Q,2022-11-08
us-gaap,CashAndDueFromBanks,USD,,2022-12-31,534980000.0,10-K,2023-02-27
us-gaap,CashAndDueFromBanks,USD,,2022-12-31,534980000.0,10-Q,2023-05-09
us-gaap,CashAndDueFromBanks,USD,,2022-12-31,534980000.0,10-Q,2023-08-08
us-gaap,CashAndDueFromBanks,USD,,2022-12-31,534980000.0,10-Q,2023-11-08
us-gaap,CashAndDueFromBanks,USD,,2022-12-31,534980000.0,10-K,2024-02-29
us-gaap,CashAndDueFromBanks,USD,,2023-03-31,760317000.0,10-Q,2023-05-09
us-gaap,CashAndDueFromBanks,USD,,2023-06-30,614053000.0,10-Q,2023-08-08
us-gaap,CashAndDueFromBanks,USD,,2023-09-30,495976000.0,10-Q,2023-11-08
us-gaap,CashAndDueFromBanks,USD,,2023-12-31,444793000.0,10-K,2024-02-29
us-gaap,CashAndDueFromBanks,USD,,2023-12-31,444793000.0,10-Q,2024-05-09
us-gaap,CashAndDueFromBanks,USD,,2023-12-31,444793000.0,10-Q,2024-08-08
us-gaap,CashAndDueFromBanks,USD,,2023-12-31,444793000.0,10-Q,2024-11-08
us-gaap,CashAndDueFromBanks,USD,,2023-12-31,444793000.0,10-K,2025-02-28
us-gaap,CashAndDueFromBanks,USD,,2024-03-31,382484000.0,10-Q,2024-05-09
us-gaap,CashAndDueFromBanks,USD,,2024-06-30,460611000.0,10-Q,2024-08-08
us-gaap,CashAndDueFromBanks,USD,,2024-09-30,362167000.0,10-Q,2024-11-08
us-gaap,CashAndDueFromBanks,USD,,2024-12-31,360734000.0,10-K,2025-02-28
us-gaap,CashAndDueFromBanks,USD,,2024-12-31,360734000.0,10-Q,2025-05-09
us-gaap,CashAndDueFromBanks,USD,,2024-12-31,360734000.0,10-Q,2025-08-07
us-gaap,CashAndDueFromBanks,USD,,2024-12-31,360734000.0,10-Q,2025-11-07
us-gaap,CashAndDueFromBanks,USD,,2024-12-31,360734000.0,10-K,2026-02-27
us-gaap,CashAndDueFromBanks,USD,,2025-03-31,394574000.0,10-Q,2025-05-09
us-gaap,CashAndDueFromBanks,USD,,2025-06-30,712157000.0,10-Q,2025-08-07
us-gaap,CashAndDueFromBanks,USD,,2025-09-30,676547000.0,10-Q,2025-11-07
us-gaap,CashAndDueFromBanks,USD,,2025-12-31,656125000.0,10-K,2026-02-27
us-gaap,CashAndDueFromBanks,USD,,2025-12-31,656125000.0,10-Q,2026-05-08
us-gaap,CashAndDueFromBanks,USD,,2025-12-31,656125000.0,10-Q,2026-08-07
us-gaap,CashAndDueFromBanks,USD,,2026-03-31,657076000.0,10-Q,2026-05-08
us-gaap,CashAndDueFromBanks,USD,,2026-06-30,564840000.0,10-Q,2026-08-07
us-gaap,CashCashEquivalentsRestrictedCashAndRestrictedCashEquivalents,USD,,2016-12-31,1878503000.0,10-K,2020-02-27
us-gaap,CashCashEquivalentsRestrictedCashAndRestrictedCashEquivalents,USD,,2017-12-31,2174592000.0,10-Q,2019-05-08
us-gaap,CashCashEquivalentsRestrictedCashAndRestrictedCashEquivalents,USD,,2017-12-31,2174592000.0,10-Q,2019-08-07
us-gaap,CashCashEquivalentsRestrictedCashAndRestrictedCashEquivalents,USD,,2017-12-31,2174592000.0,10-Q,2019-11-08
us-gaap,CashCashEquivalentsRestrictedCashAndRestrictedCashEquivalents,USD,,2017-12-31,2174592000.0,10-K,2020-02-27
us-gaap,CashCashEquivalentsRestrictedCashAndRestrictedCashEquivalents,USD,,2017-12-31,2174592000.0,10-K,2021-02-26
us-gaap,CashCashEquivalentsRestrictedCashAndRestrictedCashEquivalents,USD,,2018-03-31,2314938000.0,10-Q,2019-05-08
us-gaap,CashCashEquivalentsRestrictedCashAndRestrictedCashEquivalents,USD,,2018-06-30,2297471000.0,10-Q,2019-08-07
us-gaap,CashCashEquivalentsRestrictedCashAndRestrictedCashEquivalents,USD,,2018-09-30,2218787000.0,10-Q,2019-11-08
us-gaap,CashCashEquivalentsRestrictedCashAndRestrictedCashEquivalents,USD,,2018-12-31,3001377000.0,10-Q,2019-05-08
us-gaap,CashCashEquivalentsRestrictedCashAndRestrictedCashEquivalents,USD,,2018-12-31,3001377000.0,10-Q,2019-08-07
us-gaap,CashCashEquivalentsRestrictedCashAndRestrictedCashEquivalents,USD,,2018-12-31,3001377000.0,10-Q,2019-11-08
us-gaap,CashCashEquivalentsRestrictedCashAndRestrictedCashEquivalents,USD,,2018-12-31,3001377000.0,10-K,2020-02-27
us-gaap,CashCashEquivalentsRestrictedCashAndRestrictedCashEquivalents,USD,,2018-12-31,3001377000.0,10-Q,2020-05-08
us-gaap,CashCashEquivalentsRestrictedCashAndRestrictedCashEquivalents,USD,,2018-12-31,3001377000.0,10-Q,2020-08-07
us-gaap,CashCashEquivalentsRestrictedCashAndRestrictedCashEquivalents,USD,,2018-12-31,3001377000.0,10-Q,2020-11-06
us-gaap,CashCashEquivalentsRestrictedCashAndRestrictedCashEquivalents,USD,,2018-12-31,3001377000.0,10-K,2021-02-26
us-gaap,CashCashEquivalentsRestrictedCashAndRestrictedCashEquivalents,USD,,2018-12-31,3001377000.0,10-K,2022-02-28
us-gaap,CashCashEquivalentsRestrictedCashAndRestrictedCashEquivalents,USD,,2019-03-31,3785325000.0,10-Q,2019-05-08
us-gaap,CashCashEquivalentsRestrictedCashAndRestrictedCashEquivalents,USD,,2019-03-31,3785325000.0,10-Q,2020-05-08
us-gaap,CashCashEquivalentsRestrictedCashAndRestrictedCashEquivalents,USD,,2019-06-30,3621614000.0,10-Q,2019-08-07
us-gaap,CashCashEquivalentsRestrictedCashAndRestrictedCashEquivalents,USD,,2019-06-30,3621614000.0,10-Q,2020-08-07
us-gaap,CashCashEquivalentsRestrictedCashAndRestrictedCashEquivalents,USD,,2019-09-30,3042281000.0,10-Q,2019-11-08
us-gaap,CashCashEquivalentsRestrictedCashAndRestrictedCashEquivalents,USD,,2019-09-30,3042281000.0,10-Q,2020-11-06
us-gaap,CashCashEquivalentsRestrictedCashAndRestrictedCashEquivalents,USD,,2019-12-31,3261149000.0,10-K,2020-02-27
us-gaap,CashCashEquivalentsRestrictedCashAndRestrictedCashEquivalents,USD,,2019-12-31,3261149000.0,10-Q,2020-05-08
us-gaap,CashCashEquivalentsRestrictedCashAndRestrictedCashEquivalents,USD,,2019-12-31,3261149000.0,10-Q,2020-08-07
us-gaap,CashCashEquivalentsRestrictedCashAndRestrictedCashEquivalents,USD,,2019-12-31,3261149000.0,10-Q,2020-11-06
us-gaap,CashCashEquivalentsRestrictedCashAndRestrictedCashEquivalents,USD,,2019-12-31,3261149000.0,10-K,2021-02-26
us-gaap,CashCashEquivalentsRestrictedCashAndRestrictedCashEquivalents,USD,,2019-12-31,3261149000.0,10-Q,2021-05-07
us-gaap,CashCashEquivalentsRestrictedCashAndRestrictedCashEquivalents,USD,,2019-12-31,3261149000.0,10-Q,2021-08-06
us-gaap,CashCashEquivalentsRestrictedCashAndRestrictedCashEquivalents,USD,,2019-12-31,3261149000.0,10-Q,2021-11-08
us-gaap,CashCashEquivalentsRestrictedCashAndRestrictedCashEquivalents,USD,,2019-12-31,3261149000.0,10-K,2022-02-28
us-gaap,CashCashEquivalentsRestrictedCashAndRestrictedCashEquivalents,USD,,2019-12-31,3261149000.0,10-K,2023-02-27
us-gaap,CashCashEquivalentsRestrictedCashAndRestrictedCashEquivalents,USD,,2020-03-31,3080042000.0,10-Q,2020-05-08
us-gaap,CashCashEquivalentsRestrictedCashAndRestrictedCashEquivalents,USD,,2020-03-31,3080042000.0,10-Q,2021-05-07
us-gaap,CashCashEquivalentsRestrictedCashAndRestrictedCashEquivalents,USD,,2020-06-30,4533502000.0,10-Q,2020-08-07
us-gaap,CashCashEquivalentsRestrictedCashAndRestrictedCashEquivalents,USD,,2020-06-30,4533502000.0,10-Q,2021-08-06
us-gaap,CashCashEquivalentsRestrictedCashAndRestrictedCashEquivalents,USD,,2020-09-30,4506941000.0,10-Q,2020-11-06
us-gaap,CashCashEquivalentsRestrictedCashAndRestrictedCashEquivalents,USD,,2020-09-30,4506941000.0,10-Q,2021-11-08
us-gaap,CashCashEquivalentsRestrictedCashAndRestrictedCashEquivalents,USD,,2020-12-31,4017971000.0,10-K,2021-02-26
us-gaap,CashCashEquivalentsRestrictedCashAndRestrictedCashEquivalents,USD,,2020-12-31,4017971000.0,10-Q,2021-05-07
us-gaap,CashCashEquivalentsRestrictedCashAndRestrictedCashEquivalents,USD,,2020-12-31,4017971000.0,10-Q,2021-08-06
us-gaap,CashCashEquivalentsRestrictedCashAndRestrictedCashEquivalents,USD,,2020-12-31,4017971000.0,10-Q,2021-11-08
us-gaap,CashCashEquivalentsRestrictedCashAndRestrictedCashEquivalents,USD,,2020-12-31,4017971000.0,10-K,2022-02-28
us-gaap,CashCashEquivalentsRestrictedCashAndRestrictedCashEquivalents,USD,,2020-12-31,4017971000.0,10-Q,2022-05-09
us-gaap,CashCashEquivalentsRestrictedCashAndRestrictedCashEquivalents,USD,,2020-12-31,4017971000.0,10-Q,2022-08-08
us-gaap,CashCashEquivalentsRestrictedCashAndRestrictedCashEquivalents,USD,,2020-12-31,4017971000.0,10-Q,2022-11-08
us-gaap,CashCashEquivalentsRestrictedCashAndRestrictedCashEquivalents,USD,,2020-12-31,4017971000.0,10-K,2023-02-27
us-gaap,CashCashEquivalentsRestrictedCashAndRestrictedCashEquivalents,USD,,2020-12-31,4017971000.0,10-K,2024-02-29
us-gaap,CashCashEquivalentsRestrictedCashAndRestrictedCashEquivalents,USD,,2021-03-31,4619133000.0,10-Q,2021-05-07
us-gaap,CashCashEquivalentsRestrictedCashAndRestrictedCashEquivalents,USD,,2021-03-31,4619133000.0,10-Q,2022-05-09
us-gaap,CashCashEquivalentsRestrictedCashAndRestrictedCashEquivalents,USD,,2021-06-30,5997805000.0,10-Q,2021-08-06
us-gaap,CashCashEquivalentsRestrictedCashAndRestrictedCashEquivalents,USD,,2021-06-30,5997805000.0,10-Q,2022-08-08
us-gaap,CashCashEquivalentsRestrictedCashAndRestrictedCashEquivalents,USD,,2021-09-30,4852901000.0,10-Q,2021-11-08
us-gaap,CashCashEquivalentsRestrictedCashAndRestrictedCashEquivalents,USD,,2021-09-30,4852901000.0,10-Q,2022-11-08
us-gaap,CashCashEquivalentsRestrictedCashAndRestrictedCashEquivalents,USD,,2021-12-31,3912935000.0,10-K,2022-02-28
us-gaap,CashCashEquivalentsRestrictedCashAndRestrictedCashEquivalents,USD,,2021-12-31,3912935000.0,10-Q,2022-05-09
us-gaap,CashCashEquivalentsRestrictedCashAndRestrictedCashEquivalents,USD,,2021-12-31,3912935000.0,10-Q,2022-08-08
us-gaap,CashCashEquivalentsRestrictedCashAndRestrictedCashEquivalents,USD,,2021-12-31,3912935000.0,10-Q,2022-11-08
us-gaap,CashCashEquivalentsRestrictedCashAndRestrictedCashEquivalents,USD,,2021-12-31,3912935000.0,10-K,2023-02-27
us-gaap,CashCashEquivalentsRestrictedCashAndRestrictedCashEquivalents,USD,,2021-12-31,3912935000.0,10-Q,2023-05-09
us-gaap,CashCashEquivalentsRestrictedCashAndRestrictedCashEquivalents,USD,,2021-12-31,3912935000.0,10-Q,2023-08-08
us-gaap,CashCashEquivalentsRestrictedCashAndRestrictedCashEquivalents,USD,,2021-12-31,3912935000.0,10-Q,2023-11-08
us-gaap,CashCashEquivalentsRestrictedCashAndRestrictedCashEquivalents,USD,,2021-12-31,3912935000.0,10-K,2024-02-29
us-gaap,CashCashEquivalentsRestrictedCashAndRestrictedCashEquivalents,USD,,2021-12-31,3912935000.0,10-K,2025-02-28
us-gaap,CashCashEquivalentsRestrictedCashAndRestrictedCashEquivalents,USD,,2022-03-31,3848700000.0,10-Q,2022-05-09
us-gaap,CashCashEquivalentsRestrictedCashAndRestrictedCashEquivalents,USD,,2022-03-31,3848700000.0,10-Q,2023-05-09
us-gaap,CashCashEquivalentsRestrictedCashAndRestrictedCashEquivalents,USD,,2022-06-30,1902053000.0,10-Q,2022-08-08
us-gaap,CashCashEquivalentsRestrictedCashAndRestrictedCashEquivalents,USD,,2022-06-30,1902053000.0,10-Q,2023-08-08
us-gaap,CashCashEquivalentsRestrictedCashAndRestrictedCashEquivalents,USD,,2022-09-30,2163353000.0,10-Q,2022-11-08
us-gaap,CashCashEquivalentsRestrictedCashAndRestrictedCashEquivalents,USD,,2022-09-30,2163353000.0,10-Q,2023-11-08
us-gaap,CashCashEquivalentsRestrictedCashAndRestrictedCashEquivalents,USD,,2022-12-31,3481784000.0,10-K,2023-02-27
us-gaap,CashCashEquivalentsRestrictedCashAndRestrictedCashEquivalents,USD,,2022-12-31,3481784000.0,10-Q,2023-05-09
us-gaap,CashCashEquivalentsRestrictedCashAndRestrictedCashEquivalents,USD,,2022-12-31,3481784000.0,10-Q,2023-08-08
us-gaap,CashCashEquivalentsRestrictedCashAndRestrictedCashEquivalents,USD,,2022-12-31,3481784000.0,10-Q,2023-11-08
us-gaap,CashCashEquivalentsRestrictedCashAndRestrictedCashEquivalents,USD,,2022-12-31,3481784000.0,10-K,2024-02-29
us-gaap,CashCashEquivalentsRestrictedCashAndRestrictedCashEquivalents,USD,,2022-12-31,3481784000.0,10-Q,2024-05-09
us-gaap,CashCashEquivalentsRestrictedCashAndRestrictedCashEquivalents,USD,,2022-12-31,3481784000.0,10-Q,2024-08-08
us-gaap,CashCashEquivalentsRestrictedCashAndRestrictedCashEquivalents,USD,,2022-12-31,3481784000.0,10-Q,2024-11-08
us-gaap,CashCashEquivalentsRestrictedCashAndRestrictedCashEquivalents,USD,,2022-12-31,3481784000.0,10-K,2025-02-28
us-gaap,CashCashEquivalentsRestrictedCashAndRestrictedCashEquivalents,USD,,2022-12-31,3481784000.0,10-K,2026-02-27
us-gaap,CashCashEquivalentsRestrictedCashAndRestrictedCashEquivalents,USD,,2023-03-31,5934194000.0,10-Q,2023-05-09
us-gaap,CashCashEquivalentsRestrictedCashAndRestrictedCashEquivalents,USD,,2023-03-31,5934194000.0,10-Q,2024-05-09
us-gaap,CashCashEquivalentsRestrictedCashAndRestrictedCashEquivalents,USD,,2023-06-30,6377887000.0,10-Q,2023-08-08
us-gaap,CashCashEquivalentsRestrictedCashAndRestrictedCashEquivalents,USD,,2023-06-30,6377887000.0,10-Q,2024-08-08
us-gaap,CashCashEquivalentsRestrictedCashAndRestrictedCashEquivalents,USD,,2023-09-30,4561178000.0,10-Q,2023-11-08
us-gaap,CashCashEquivalentsRestrictedCashAndRestrictedCashEquivalents,USD,,2023-09-30,4561178000.0,10-Q,2024-11-08
us-gaap,CashCashEquivalentsRestrictedCashAndRestrictedCashEquivalents,USD,,2023-12-31,4614984000.0,10-K,2024-02-29
us-gaap,CashCashEquivalentsRestrictedCashAndRestrictedCashEquivalents,USD,,2023-12-31,4614984000.0,10-Q,2024-05-09
us-gaap,CashCashEquivalentsRestrictedCashAndRestrictedCashEquivalents,USD,,2023-12-31,4614984000.0,10-Q,2024-08-08
us-gaap,CashCashEquivalentsRestrictedCashAndRestrictedCashEquivalents,USD,,2023-12-31,4614984000.0,10-Q,2024-11-08
us-gaap,CashCashEquivalentsRestrictedCashAndRestrictedCashEquivalents,USD,,2023-12-31,4614984000.0,10-K,2025-02-28
us-gaap,CashCashEquivalentsRestrictedCashAndRestrictedCashEquivalents,USD,,2023-12-31,4614984000.0,10-Q,2025-05-09
us-gaap,CashCashEquivalentsRestrictedCashAndRestrictedCashEquivalents,USD,,2023-12-31,4614984000.0,10-Q,2025-08-07
us-gaap,CashCashEquivalentsRestrictedCashAndRestrictedCashEquivalents,USD,,2023-12-31,4614984000.0,10-Q,2025-11-07
us-gaap,CashCashEquivalentsRestrictedCashAndRestrictedCashEquivalents,USD,,2023-12-31,4614984000.0,10-K,2026-02-27
us-gaap,CashCashEquivalentsRestrictedCashAndRestrictedCashEquivalents,USD,,2024-03-31,4210801000.0,10-Q,2024-05-09
us-gaap,CashCashEquivalentsRestrictedCashAndRestrictedCashEquivalents,USD,,2024-03-31,4210801000.0,10-Q,2025-05-09
us-gaap,CashCashEquivalentsRestrictedCashAndRestrictedCashEquivalents,USD,,2024-06-30,4365691000.0,10-Q,2024-08-08
us-gaap,CashCashEquivalentsRestrictedCashAndRestrictedCashEquivalents,USD,,2024-06-30,4365691000.0,10-Q,2025-08-07
us-gaap,CashCashEquivalentsRestrictedCashAndRestrictedCashEquivalents,USD,,2024-09-30,4860073000.0,10-Q,2024-11-08
us-gaap,CashCashEquivalentsRestrictedCashAndRestrictedCashEquivalents,USD,,2024-09-30,4860073000.0,10-Q,2025-11-07
us-gaap,CashCashEquivalentsRestrictedCashAndRestrictedCashEquivalents,USD,,2024-12-31,5250742000.0,10-K,2025-02-28
us-gaap,CashCashEquivalentsRestrictedCashAndRestrictedCashEquivalents,USD,,2024-12-31,5250742000.0,10-Q,2025-05-09
us-gaap,CashCashEquivalentsRestrictedCashAndRestrictedCashEquivalents,USD,,2024-12-31,5250742000.0,10-Q,2025-08-07
us-gaap,CashCashEquivalentsRestrictedCashAndRestrictedCashEquivalents,USD,,2024-12-31,5250742000.0,10-Q,2025-11-07
us-gaap,CashCashEquivalentsRestrictedCashAndRestrictedCashEquivalents,USD,,2024-12-31,5250742000.0,10-K,2026-02-27
us-gaap,CashCashEquivalentsRestrictedCashAndRestrictedCashEquivalents,USD,,2024-12-31,5250742000.0,10-Q,2026-05-08
us-gaap,CashCashEquivalentsRestrictedCashAndRestrictedCashEquivalents,USD,,2024-12-31,5250742000.0,10-Q,2026-08-07
us-gaap,CashCashEquivalentsRestrictedCashAndRestrictedCashEquivalents,USD,,2025-03-31,3448284000.0,10-Q,2025-05-09
us-gaap,CashCashEquivalentsRestrictedCashAndRestrictedCashEquivalents,USD,,2025-03-31,3448284000.0,10-Q,2026-05-08
us-gaap,CashCashEquivalentsRestrictedCashAndRestrictedCashEquivalents,USD,,2025-06-30,4409941000.0,10-Q,2025-08-07
us-gaap,CashCashEquivalentsRestrictedCashAndRestrictedCashEquivalents,USD,,2025-06-30,4409941000.0,10-Q,2026-08-07
us-gaap,CashCashEquivalentsRestrictedCashAndRestrictedCashEquivalents,USD,,2025-09-30,4694194000.0,10-Q,2025-11-07
us-gaap,CashCashEquivalentsRestrictedCashAndRestrictedCashEquivalents,USD,,2025-12-31,4188139000.0,10-K,2026-02-27
us-gaap,CashCashEquivalentsRestrictedCashAndRestrictedCashEquivalents,USD,,2025-12-31,4188139000.0,10-Q,2026-05-08
us-gaap,CashCashEquivalentsRestrictedCashAndRestrictedCashEquivalents,USD,,2025-12-31,4188139000.0,10-Q,2026-08-07
us-gaap,CashCashEquivalentsRestrictedCashAndRestrictedCashEquivalents,USD,,2026-03-31,4438870000.0,10-Q,2026-05-08
us-gaap,CashCashEquivalentsRestrictedCashAndRestrictedCashEquivalents,USD,,2026-06-30,5088923000.0,10-Q,2026-08-07
us-gaap,CashCashEquivalentsRestrictedCashAndRestrictedCashEquivalentsPeriodIncreaseDecreaseIncludingExchangeRateEffect,USD,2017-01-01,2017-12-31,296089000.0,10-K,2020-02-27
us-gaap,CashCashEquivalentsRestrictedCashAndRestrictedCashEquivalentsPeriodIncreaseDecreaseIncludingExchangeRateEffect,USD,2018-01-01,2018-03-31,140346000.0,10-Q,2019-05-08
us-gaap,CashCashEquivalentsRestrictedCashAndRestrictedCashEquivalentsPeriodIncreaseDecreaseIncludingExchangeRateEffect,USD,2018-01-01,2018-06-30,122879000.0,10-Q,2019-08-07
us-gaap,CashCashEquivalentsRestrictedCashAndRestrictedCashEquivalentsPeriodIncreaseDecreaseIncludingExchangeRateEffect,USD,2018-01-01,2018-09-30,44195000.0,10-Q,2019-11-08
us-gaap,CashCashEquivalentsRestrictedCashAndRestrictedCashEquivalentsPeriodIncreaseDecreaseIncludingExchangeRateEffect,USD,2018-01-01,2018-12-31,826785000.0,10-K,2020-02-27
us-gaap,CashCashEquivalentsRestrictedCashAndRestrictedCashEquivalentsPeriodIncreaseDecreaseIncludingExchangeRateEffect,USD,2018-01-01,2018-12-31,826785000.0,10-K,2021-02-26
us-gaap,CashCashEquivalentsRestrictedCashAndRestrictedCashEquivalentsPeriodIncreaseDecreaseIncludingExchangeRateEffect,USD,2019-01-01,2019-03-31,783948000.0,10-Q,2019-05-08
us-gaap,CashCashEquivalentsRestrictedCashAndRestrictedCashEquivalentsPeriodIncreaseDecreaseIncludingExchangeRateEffect,USD,2019-01-01,2019-03-31,783948000.0,10-Q,2020-05-08
us-gaap,CashCashEquivalentsRestrictedCashAndRestrictedCashEquivalentsPeriodIncreaseDecreaseIncludingExchangeRateEffect,USD,2019-01-01,2019-06-30,620237000.0,10-Q,2019-08-07
us-gaap,CashCashEquivalentsRestrictedCashAndRestrictedCashEquivalentsPeriodIncreaseDecreaseIncludingExchangeRateEffect,USD,2019-01-01,2019-06-30,620237000.0,10-Q,2020-08-07
us-gaap,CashCashEquivalentsRestrictedCashAndRestrictedCashEquivalentsPeriodIncreaseDecreaseIncludingExchangeRateEffect,USD,2019-01-01,2019-09-30,40904000.0,10-Q,2019-11-08
us-gaap,CashCashEquivalentsRestrictedCashAndRestrictedCashEquivalentsPeriodIncreaseDecreaseIncludingExchangeRateEffect,USD,2019-01-01,2019-09-30,40904000.0,10-Q,2020-11-06
us-gaap,CashCashEquivalentsRestrictedCashAndRestrictedCashEquivalentsPeriodIncreaseDecreaseIncludingExchangeRateEffect,USD,2019-01-01,2019-12-31,259772000.0,10-K,2020-02-27
us-gaap,CashCashEquivalentsRestrictedCashAndRestrictedCashEquivalentsPeriodIncreaseDecreaseIncludingExchangeRateEffect,USD,2019-01-01,2019-12-31,259772000.0,10-K,2021-02-26
us-gaap,CashCashEquivalentsRestrictedCashAndRestrictedCashEquivalentsPeriodIncreaseDecreaseIncludingExchangeRateEffect,USD,2019-01-01,2019-12-31,259772000.0,10-K,2022-02-28
us-gaap,CashCashEquivalentsRestrictedCashAndRestrictedCashEquivalentsPeriodIncreaseDecreaseIncludingExchangeRateEffect,USD,2020-01-01,2020-03-31,-181107000.0,10-Q,2020-05-08
us-gaap,CashCashEquivalentsRestrictedCashAndRestrictedCashEquivalentsPeriodIncreaseDecreaseIncludingExchangeRateEffect,USD,2020-01-01,2020-03-31,-181107000.0,10-Q,2021-05-07
us-gaap,CashCashEquivalentsRestrictedCashAndRestrictedCashEquivalentsPeriodIncreaseDecreaseIncludingExchangeRateEffect,USD,2020-01-01,2020-06-30,1272353000.0,10-Q,2020-08-07
us-gaap,CashCashEquivalentsRestrictedCashAndRestrictedCashEquivalentsPeriodIncreaseDecreaseIncludingExchangeRateEffect,USD,2020-01-01,2020-06-30,1272353000.0,10-Q,2021-08-06
us-gaap,CashCashEquivalentsRestrictedCashAndRestrictedCashEquivalentsPeriodIncreaseDecreaseIncludingExchangeRateEffect,USD,2020-01-01,2020-09-30,1245792000.0,10-Q,2020-11-06
us-gaap,CashCashEquivalentsRestrictedCashAndRestrictedCashEquivalentsPeriodIncreaseDecreaseIncludingExchangeRateEffect,USD,2020-01-01,2020-09-30,1245792000.0,10-Q,2021-11-08
us-gaap,CashCashEquivalentsRestrictedCashAndRestrictedCashEquivalentsPeriodIncreaseDecreaseIncludingExchangeRateEffect,USD,2020-01-01,2020-12-31,756822000.0,10-K,2021-02-26
us-gaap,CashCashEquivalentsRestrictedCashAndRestrictedCashEquivalentsPeriodIncreaseDecreaseIncludingExchangeRateEffect,USD,2020-01-01,2020-12-31,756822000.0,10-K,2022-02-28
us-gaap,CashCashEquivalentsRestrictedCashAndRestrictedCashEquivalentsPeriodIncreaseDecreaseIncludingExchangeRateEffect,USD,2020-01-01,2020-12-31,756822000.0,10-K,2023-02-27
us-gaap,CashCashEquivalentsRestrictedCashAndRestrictedCashEquivalentsPeriodIncreaseDecreaseIncludingExchangeRateEffect,USD,2021-01-01,2021-03-31,601162000.0,10-Q,2021-05-07
us-gaap,CashCashEquivalentsRestrictedCashAndRestrictedCashEquivalentsPeriodIncreaseDecreaseIncludingExchangeRateEffect,USD,2021-01-01,2021-03-31,601162000.0,10-Q,2022-05-09
us-gaap,CashCashEquivalentsRestrictedCashAndRestrictedCashEquivalentsPeriodIncreaseDecreaseIncludingExchangeRateEffect,USD,2021-01-01,2021-06-30,1979834000.0,10-Q,2021-08-06
us-gaap,CashCashEquivalentsRestrictedCashAndRestrictedCashEquivalentsPeriodIncreaseDecreaseIncludingExchangeRateEffect,USD,2021-01-01,2021-06-30,1979834000.0,10-Q,2022-08-08
us-gaap,CashCashEquivalentsRestrictedCashAndRestrictedCashEquivalentsPeriodIncreaseDecreaseIncludingExchangeRateEffect,USD,2021-01-01,2021-09-30,834930000.0,10-Q,2021-11-08
us-gaap,CashCashEquivalentsRestrictedCashAndRestrictedCashEquivalentsPeriodIncreaseDecreaseIncludingExchangeRateEffect,USD,2021-01-01,2021-09-30,834930000.0,10-Q,2022-11-08
us-gaap,CashCashEquivalentsRestrictedCashAndRestrictedCashEquivalentsPeriodIncreaseDecreaseIncludingExchangeRateEffect,USD,2021-01-01,2021-12-31,-105036000.0,10-K,2022-02-28
us-gaap,CashCashEquivalentsRestrictedCashAndRestrictedCashEquivalentsPeriodIncreaseDecreaseIncludingExchangeRateEffect,USD,2021-01-01,2021-12-31,-105036000.0,10-K,2023-02-27
us-gaap,CashCashEquivalentsRestrictedCashAndRestrictedCashEquivalentsPeriodIncreaseDecreaseIncludingExchangeRateEffect,USD,2021-01-01,2021-12-31,-105036000.0,10-K,2024-02-29
us-gaap,CashCashEquivalentsRestrictedCashAndRestrictedCashEquivalentsPeriodIncreaseDecreaseIncludingExchangeRateEffect,USD,2022-01-01,2022-03-31,-64235000.0,10-Q,2022-05-09
us-gaap,CashCashEquivalentsRestrictedCashAndRestrictedCashEquivalentsPeriodIncreaseDecreaseIncludingExchangeRateEffect,USD,2022-01-01,2022-03-31,-64235000.0,10-Q,2023-05-09
us-gaap,CashCashEquivalentsRestrictedCashAndRestrictedCashEquivalentsPeriodIncreaseDecreaseIncludingExchangeRateEffect,USD,2022-01-01,2022-06-30,-2010882000.0,10-Q,2022-08-08
us-gaap,CashCashEquivalentsRestrictedCashAndRestrictedCashEquivalentsPeriodIncreaseDecreaseIncludingExchangeRateEffect,USD,2022-01-01,2022-06-30,-2010882000.0,10-Q,2023-08-08
us-gaap,CashCashEquivalentsRestrictedCashAndRestrictedCashEquivalentsPeriodIncreaseDecreaseIncludingExchangeRateEffect,USD,2022-01-01,2022-09-30,-1749582000.0,10-Q,2022-11-08
us-gaap,CashCashEquivalentsRestrictedCashAndRestrictedCashEquivalentsPeriodIncreaseDecreaseIncludingExchangeRateEffect,USD,2022-01-01,2022-09-30,-1749582000.0,10-Q,2023-11-08
us-gaap,CashCashEquivalentsRestrictedCashAndRestrictedCashEquivalentsPeriodIncreaseDecreaseIncludingExchangeRateEffect,USD,2022-01-01,2022-12-31,-431151000.0,10-K,2023-02-27
us-gaap,CashCashEquivalentsRestrictedCashAndRestrictedCashEquivalentsPeriodIncreaseDecreaseIncludingExchangeRateEffect,USD,2022-01-01,2022-12-31,-431151000.0,10-K,2024-02-29
us-gaap,CashCashEquivalentsRestrictedCashAndRestrictedCashEquivalentsPeriodIncreaseDecreaseIncludingExchangeRateEffect,USD,2022-01-01,2022-12-31,-431151000.0,10-K,2025-02-28
us-gaap,CashCashEquivalentsRestrictedCashAndRestrictedCashEquivalentsPeriodIncreaseDecreaseIncludingExchangeRateEffect,USD,2023-01-01,2023-03-31,2452410000.0,10-Q,2023-05-09
us-gaap,CashCashEquivalentsRestrictedCashAndRestrictedCashEquivalentsPeriodIncreaseDecreaseIncludingExchangeRateEffect,USD,2023-01-01,2023-03-31,2452410000.0,10-Q,2024-05-09
us-gaap,CashCashEquivalentsRestrictedCashAndRestrictedCashEquivalentsPeriodIncreaseDecreaseIncludingExchangeRateEffect,USD,2023-01-01,2023-06-30,2896103000.0,10-Q,2023-08-08
us-gaap,CashCashEquivalentsRestrictedCashAndRestrictedCashEquivalentsPeriodIncreaseDecreaseIncludingExchangeRateEffect,USD,2023-01-01,2023-06-30,2896103000.0,10-Q,2024-08-08
us-gaap,CashCashEquivalentsRestrictedCashAndRestrictedCashEquivalentsPeriodIncreaseDecreaseIncludingExchangeRateEffect,USD,2023-01-01,2023-09-30,1079394000.0,10-Q,2023-11-08
us-gaap,CashCashEquivalentsRestrictedCashAndRestrictedCashEquivalentsPeriodIncreaseDecreaseIncludingExchangeRateEffect,USD,2023-01-01,2023-09-30,1079394000.0,10-Q,2024-11-08
us-gaap,CashCashEquivalentsRestrictedCashAndRestrictedCashEquivalentsPeriodIncreaseDecreaseIncludingExchangeRateEffect,USD,2023-01-01,2023-12-31,1133200000.0,10-K,2024-02-29
us-gaap,CashCashEquivalentsRestrictedCashAndRestrictedCashEquivalentsPeriodIncreaseDecreaseIncludingExchangeRateEffect,USD,2023-01-01,2023-12-31,1133200000.0,10-K,2025-02-28
us-gaap,CashCashEquivalentsRestrictedCashAndRestrictedCashEquivalentsPeriodIncreaseDecreaseIncludingExchangeRateEffect,USD,2023-01-01,2023-12-31,1133200000.0,10-K,2026-02-27
us-gaap,CashCashEquivalentsRestrictedCashAndRestrictedCashEquivalentsPeriodIncreaseDecreaseIncludingExchangeRateEffect,USD,2024-01-01,2024-03-31,-404183000.0,10-Q,2024-05-09
us-gaap,CashCashEquivalentsRestrictedCashAndRestrictedCashEquivalentsPeriodIncreaseDecreaseIncludingExchangeRateEffect,USD,2024-01-01,2024-03-31,-404183000.0,10-Q,2025-05-09
us-gaap,CashCashEquivalentsRestrictedCashAndRestrictedCashEquivalentsPeriodIncreaseDecreaseIncludingExchangeRateEffect,USD,2024-01-01,2024-06-30,-249293000.0,10-Q,2024-08-08
us-gaap,CashCashEquivalentsRestrictedCashAndRestrictedCashEquivalentsPeriodIncreaseDecreaseIncludingExchangeRateEffect,USD,2024-01-01,2024-06-30,-249293000.0,10-Q,2025-08-07
us-gaap,CashCashEquivalentsRestrictedCashAndRestrictedCashEquivalentsPeriodIncreaseDecreaseIncludingExchangeRateEffect,USD,2024-01-01,2024-09-30,245089000.0,10-Q,2024-11-08
us-gaap,CashCashEquivalentsRestrictedCashAndRestrictedCashEquivalentsPeriodIncreaseDecreaseIncludingExchangeRateEffect,USD,2024-01-01,2024-09-30,245089000.0,10-Q,2025-11-07
us-gaap,CashCashEquivalentsRestrictedCashAndRestrictedCashEquivalentsPeriodIncreaseDecreaseIncludingExchangeRateEffect,USD,2024-01-01,2024-12-31,635758000.0,10-K,2025-02-28
us-gaap,CashCashEquivalentsRestrictedCashAndRestrictedCashEquivalentsPeriodIncreaseDecreaseIncludingExchangeRateEffect,USD,2024-01-01,2024-12-31,635758000.0,10-K,2026-02-27
us-gaap,CashCashEquivalentsRestrictedCashAndRestrictedCashEquivalentsPeriodIncreaseDecreaseIncludingExchangeRateEffect,USD,2025-01-01,2025-03-31,-1802458000.0,10-Q,2025-05-09
us-gaap,CashCashEquivalentsRestrictedCashAndRestrictedCashEquivalentsPeriodIncreaseDecreaseIncludingExchangeRateEffect,USD,2025-01-01,2025-03-31,-1802458000.0,10-Q,2026-05-08
us-gaap,CashCashEquivalentsRestrictedCashAndRestrictedCashEquivalentsPeriodIncreaseDecreaseIncludingExchangeRateEffect,USD,2025-01-01,2025-06-30,-840801000.0,10-Q,2025-08-07
us-gaap,CashCashEquivalentsRestrictedCashAndRestrictedCashEquivalentsPeriodIncreaseDecreaseIncludingExchangeRateEffect,USD,2025-01-01,2025-06-30,-840801000.0,10-Q,2026-08-07
us-gaap,CashCashEquivalentsRestrictedCashAndRestrictedCashEquivalentsPeriodIncreaseDecreaseIncludingExchangeRateEffect,USD,2025-01-01,2025-09-30,-556548000.0,10-Q,2025-11-07
us-gaap,CashCashEquivalentsRestrictedCashAndRestrictedCashEquivalentsPeriodIncreaseDecreaseIncludingExchangeRateEffect,USD,2025-01-01,2025-12-31,-1062603000.0,10-K,2026-02-27
us-gaap,CashCashEquivalentsRestrictedCashAndRestrictedCashEquivalentsPeriodIncreaseDecreaseIncludingExchangeRateEffect,USD,2026-01-01,2026-03-31,250731000.0,10-Q,2026-05-08
us-gaap,CashCashEquivalentsRestrictedCashAndRestrictedCashEquivalentsPeriodIncreaseDecreaseIncludingExchangeRateEffect,USD,2026-01-01,2026-06-30,900784000.0,10-Q,2026-08-07
us-gaap,CashSurrenderValueOfLifeInsurance,USD,,2010-12-31,103048000.0,10-K,2012-02-29
us-gaap,CashSurrenderValueOfLifeInsurance,USD,,2011-12-31,107486000.0,10-K,2012-02-29
us-gaap,CashSurrenderValueOfLifeInsurance,USD,,2011-12-31,107486000.0,10-K,2013-02-28
us-gaap,CashSurrenderValueOfLifeInsurance,USD,,2012-12-31,110133000.0,10-K,2013-02-28
us-gaap,CashSurrenderValueOfLifeInsurance,USD,,2012-12-31,110133000.0,10-Q,2013-05-09
us-gaap,CashSurrenderValueOfLifeInsurance,USD,,2012-12-31,110133000.0,10-Q,2013-08-08
us-gaap,CashSurrenderValueOfLifeInsurance,USD,,2012-12-31,110133000.0,10-Q,2013-11-12
us-gaap,CashSurrenderValueOfLifeInsurance,USD,,2012-12-31,110133000.0,10-K,2014-03-03
us-gaap,CashSurrenderValueOfLifeInsurance,USD,,2013-03-31,110860000.0,10-Q,2013-05-09
us-gaap,CashSurrenderValueOfLifeInsurance,USD,,2013-06-30,111531000.0,10-Q,2013-08-08
us-gaap,CashSurrenderValueOfLifeInsurance,USD,,2013-09-30,112247000.0,10-Q,2013-11-12
us-gaap,CashSurrenderValueOfLifeInsurance,USD,,2013-12-31,112650000.0,10-K,2014-03-03
us-gaap,CashSurrenderValueOfLifeInsurance,USD,,2013-12-31,112650000.0,10-Q,2014-05-09
us-gaap,CashSurrenderValueOfLifeInsurance,USD,,2013-12-31,112650000.0,10-Q,2014-08-08
us-gaap,CashSurrenderValueOfLifeInsurance,USD,,2013-12-31,112650000.0,10-Q,2014-11-07
us-gaap,CashSurrenderValueOfLifeInsurance,USD,,2014-03-31,128772000.0,10-Q,2014-05-09
us-gaap,CashSurrenderValueOfLifeInsurance,USD,,2014-06-30,99817000.0,10-Q,2014-08-08
us-gaap,CashSurrenderValueOfLifeInsurance,USD,,2014-09-30,100604000.0,10-Q,2014-11-07
us-gaap,CashUninsuredAmount,USD,,2014-12-31,2400000000.0,10-K,2016-02-26
us-gaap,CashUninsuredAmount,USD,,2015-12-31,3170000000.0,10-K,2016-02-26
us-gaap,CashUninsuredAmount,USD,,2015-12-31,3030000000.0,10-K,2017-02-27
us-gaap,CashUninsuredAmount,USD,,2016-12-31,2350000000.0,10-K,2017-02-27
us-gaap,CommonStockSharesOutstanding,shares,,2010-12-31,148542940.0,10-Q,2011-05-09
us-gaap,CommonStockSharesOutstanding,shares,,2010-12-31,148542940.0,10-Q,2011-08-08
us-gaap,CommonStockSharesOutstanding,shares,,2010-12-31,148542940.0,10-Q,2011-11-09
us-gaap,CommonStockSharesOutstanding,shares,,2010-12-31,148542940.0,10-K,2012-02-29
us-gaap,CommonStockSharesOutstanding,shares,,2011-03-31,148637632.0,10-Q,2011-05-09
us-gaap,CommonStockSharesOutstanding,shares,,2011-06-30,148751048.0,10-Q,2011-08-08
us-gaap,CommonStockSharesOutstanding,shares,,2011-09-30,148961927.0,10-Q,2011-11-09
us-gaap,CommonStockSharesOutstanding,shares,,2011-12-31,149327907.0,10-K,2012-02-29
us-gaap,CommonStockSharesOutstanding,shares,,2011-12-31,149327907.0,10-Q,2012-05-09
us-gaap,CommonStockSharesOutstanding,shares,,2011-12-31,149327907.0,10-Q,2012-08-08
us-gaap,CommonStockSharesOutstanding,shares,,2011-12-31,149327907.0,10-Q,2012-11-07
us-gaap,CommonStockSharesOutstanding,shares,,2011-12-31,149327907.0,10-K,2013-02-28
us-gaap,CommonStockSharesOutstanding,shares,,2012-03-31,144870621.0,10-Q,2012-05-09
us-gaap,CommonStockSharesOutstanding,shares,,2012-06-30,142645812.0,10-Q,2012-08-08
us-gaap,CommonStockSharesOutstanding,shares,,2012-09-30,140300832.0,10-Q,2012-11-07
us-gaap,CommonStockSharesOutstanding,shares,,2012-12-31,140294092.0,10-K,2013-02-28
us-gaap,CommonStockSharesOutstanding,shares,,2012-12-31,140294092.0,10-Q,2013-05-09
us-gaap,CommonStockSharesOutstanding,shares,,2012-12-31,140294092.0,10-Q,2013-08-08
us-gaap,CommonStockSharesOutstanding,shares,,2012-12-31,140294092.0,10-Q,2013-11-12
us-gaap,CommonStockSharesOutstanding,shares,,2012-12-31,140294092.0,10-K,2014-03-03
us-gaap,CommonStockSharesOutstanding,shares,,2013-03-31,136578350.0,10-Q,2013-05-09
us-gaap,CommonStockSharesOutstanding,shares,,2013-06-30,137705407.0,10-Q,2013-08-08
us-gaap,CommonStockSharesOutstanding,shares,,2013-09-30,137739423.0,10-Q,2013-11-12
us-gaap,CommonStockSharesOutstanding,shares,,2013-12-31,137630896.0,10-K,2014-03-03
us-gaap,CommonStockSharesOutstanding,shares,,2013-12-31,137630896.0,10-Q,2014-05-09
us-gaap,CommonStockSharesOutstanding,shares,,2013-12-31,137630896.0,10-Q,2014-08-08
us-gaap,CommonStockSharesOutstanding,shares,,2013-12-31,137630896.0,10-Q,2014-11-07
us-gaap,CommonStockSharesOutstanding,shares,,2013-12-31,137630896.0,10-K,2015-03-02
us-gaap,CommonStockSharesOutstanding,shares,,2014-03-31,143367652.0,10-Q,2014-05-09
us-gaap,CommonStockSharesOutstanding,shares,,2014-06-30,143389155.0,10-Q,2014-08-08
us-gaap,CommonStockSharesOutstanding,shares,,2014-09-30,143405133.0,10-Q,2014-11-07
us-gaap,CommonStockSharesOutstanding,shares,,2014-12-31,143582229.0,10-K,2015-03-02
us-gaap,CommonStockSharesOutstanding,shares,,2014-12-31,143582229.0,10-Q,2015-05-08
us-gaap,CommonStockSharesOutstanding,shares,,2014-12-31,143582229.0,10-Q,2015-08-07
us-gaap,CommonStockSharesOutstanding,shares,,2014-12-31,143582229.0,10-Q,2015-11-09
us-gaap,CommonStockSharesOutstanding,shares,,2015-03-31,143820549.0,10-Q,2015-05-08
us-gaap,CommonStockSharesOutstanding,shares,,2015-06-30,143849036.0,10-Q,2015-08-07
us-gaap,CommonStockSharesOutstanding,shares,,2015-09-30,143869954.0,10-Q,2015-11-09
us-gaap,Deposits,USD,,2010-12-31,15641259000.0,10-Q,2011-05-09
us-gaap,Deposits,USD,,2010-12-31,15641259000.0,10-Q,2011-08-08
us-gaap,Deposits,USD,,2010-12-31,15641259000.0,10-Q,2011-11-09
us-gaap,Deposits,USD,,2010-12-31,15641259000.0,10-K,2012-02-29
us-gaap,Deposits,USD,,2011-03-31,16436598000.0,10-Q,2011-05-09
us-gaap,Deposits,USD,,2011-06-30,17135753000.0,10-Q,2011-08-08
us-gaap,Deposits,USD,,2011-09-30,17308700000.0,10-Q,2011-11-09
us-gaap,Deposits,USD,,2011-12-31,17453002000.0,10-K,2012-02-29
us-gaap,Deposits,USD,,2011-12-31,17453002000.0,10-Q,2012-05-09
us-gaap,Deposits,USD,,2011-12-31,17453002000.0,10-Q,2012-08-08
us-gaap,Deposits,USD,,2011-12-31,17453002000.0,10-Q,2012-11-07
us-gaap,Deposits,USD,,2011-12-31,17453002000.0,10-K,2013-02-28
us-gaap,Deposits,USD,,2012-03-31,17338569000.0,10-Q,2012-05-09
us-gaap,Deposits,USD,,2012-06-30,17341872000.0,10-Q,2012-08-08
us-gaap,Deposits,USD,,2012-09-30,17666427000.0,10-Q,2012-11-07
us-gaap,Deposits,USD,,2012-12-31,18309354000.0,10-K,2013-02-28
us-gaap,Deposits,USD,,2012-12-31,18309354000.0,10-Q,2013-05-09
us-gaap,Deposits,USD,,2012-12-31,18309354000.0,10-Q,2013-08-08
us-gaap,Deposits,USD,,2012-12-31,18309354000.0,10-Q,2013-11-12
us-gaap,Deposits,USD,,2012-12-31,18309354000.0,10-K,2014-03-03
us-gaap,Deposits,USD,,2013-03-31,18935702000.0,10-Q,2013-05-09
us-gaap,Deposits,USD,,2013-06-30,19282207000.0,10-Q,2013-08-08
us-gaap,Deposits,USD,,2013-09-30,20359140000.0,10-Q,2013-11-12
us-gaap,Deposits,USD,,2013-12-31,20412918000.0,10-K,2014-03-03
us-gaap,Deposits,USD,,2013-12-31,20412918000.0,10-Q,2014-05-09
us-gaap,Deposits,USD,,2013-12-31,20412918000.0,10-Q,2014-08-08
us-gaap,Deposits,USD,,2013-12-31,20412918000.0,10-Q,2014-11-07
us-gaap,Deposits,USD,,2013-12-31,20412918000.0,10-K,2015-03-02
us-gaap,Deposits,USD,,2014-03-31,22828057000.0,10-Q,2014-05-09
us-gaap,Deposits,USD,,2014-06-30,22875089000.0,10-Q,2014-08-08
us-gaap,Deposits,USD,,2014-09-30,23812264000.0,10-Q,2014-11-07
us-gaap,Deposits,USD,,2014-12-31,24008774000.0,10-K,2015-03-02
us-gaap,Deposits,USD,,2014-12-31,24008774000.0,10-Q,2015-05-08
us-gaap,Deposits,USD,,2014-12-31,24008774000.0,10-Q,2015-08-07
us-gaap,Deposits,USD,,2014-12-31,24008774000.0,10-Q,2015-11-09
us-gaap,Deposits,USD,,2014-12-31,24008774000.0,10-K,2016-02-26
us-gaap,Deposits,USD,,2015-03-31,25162833000.0,10-Q,2015-05-08
us-gaap,Deposits,USD,,2015-06-30,25528220000.0,10-Q,2015-08-07
us-gaap,Deposits,USD,,2015-09-30,26759050000.0,10-Q,2015-11-09
us-gaap,Deposits,USD,,2015-12-31,27475981000.0,10-K,2016-02-26
us-gaap,Deposits,USD,,2015-12-31,27475981000.0,10-Q,2016-05-06
us-gaap,Deposits,USD,,2015-12-31,27475981000.0,10-Q,2016-08-05
us-gaap,Deposits,USD,,2015-12-31,27475981000.0,10-Q,2016-11-04
us-gaap,Deposits,USD,,2015-12-31,27475981000.0,10-K,2017-02-27
us-gaap,Deposits,USD,,2016-03-31,28596247000.0,10-Q,2016-05-06
us-gaap,Deposits,USD,,2016-06-30,28217243000.0,10-Q,2016-08-05
us-gaap,Deposits,USD,,2016-09-30,28592441000.0,10-Q,2016-11-04
us-gaap,Deposits,USD,,2016-12-31,29890983000.0,10-K,2017-02-27
us-gaap,Deposits,USD,,2016-12-31,29890983000.0,10-Q,2017-05-09
us-gaap,Deposits,USD,,2016-12-31,29890983000.0,10-Q,2017-08-08
us-gaap,Deposits,USD,,2016-12-31,29890983000.0,10-Q,2017-11-07
us-gaap,Deposits,USD,,2016-12-31,29890983000.0,10-K,2018-02-27
us-gaap,Deposits,USD,,2017-03-31,30542975000.0,10-Q,2017-05-09
us-gaap,Deposits,USD,,2017-06-30,31154287000.0,10-Q,2017-08-08
us-gaap,Deposits,USD,,2017-09-30,31311662000.0,10-Q,2017-11-07
us-gaap,Deposits,USD,,2017-12-31,31615063000.0,10-K,2018-02-27
us-gaap,Deposits,USD,,2017-12-31,31615063000.0,10-Q,2018-05-08
us-gaap,Deposits,USD,,2017-12-31,31615063000.0,10-Q,2018-08-07
us-gaap,Deposits,USD,,2017-12-31,31615063000.0,10-Q,2018-11-07
us-gaap,Deposits,USD,,2017-12-31,31615063000.0,10-K,2019-02-27
us-gaap,Deposits,USD,,2018-03-31,32608777000.0,10-Q,2018-05-08
us-gaap,Deposits,USD,,2018-06-30,32776132000.0,10-Q,2018-08-07
us-gaap,Deposits,USD,,2018-09-30,33629124000.0,10-Q,2018-11-07
us-gaap,Deposits,USD,,2018-12-31,35439628000.0,10-K,2019-02-27
us-gaap,Deposits,USD,,2018-12-31,35439628000.0,10-Q,2019-05-08
us-gaap,Deposits,USD,,2018-12-31,35439628000.0,10-Q,2019-08-07
us-gaap,Deposits,USD,,2018-12-31,35439628000.0,10-Q,2019-11-08
us-gaap,Deposits,USD,,2018-12-31,35439628000.0,10-K,2020-02-27
us-gaap,Deposits,USD,,2019-03-31,36273972000.0,10-Q,2019-05-08
us-gaap,Deposits,USD,,2019-06-30,36477542000.0,10-Q,2019-08-07
us-gaap,Deposits,USD,,2019-09-30,36659526000.0,10-Q,2019-11-08
us-gaap,Deposits,USD,,2019-12-31,37324259000.0,10-K,2020-02-27
us-gaap,Deposits,USD,,2019-12-31,37324259000.0,10-Q,2020-05-08
us-gaap,Deposits,USD,,2019-12-31,37324259000.0,10-Q,2020-08-07
us-gaap,Deposits,USD,,2019-12-31,37324259000.0,10-Q,2020-11-06
us-gaap,Deposits,USD,,2019-12-31,37324259000.0,10-K,2021-02-26
us-gaap,Deposits,USD,,2020-03-31,38686958000.0,10-Q,2020-05-08
us-gaap,Deposits,USD,,2020-06-30,40672678000.0,10-Q,2020-08-07
us-gaap,Deposits,USD,,2020-09-30,41680555000.0,10-Q,2020-11-06
us-gaap,Deposits,USD,,2020-12-31,44862752000.0,10-K,2021-02-26
us-gaap,Deposits,USD,,2020-12-31,44862752000.0,10-Q,2021-05-07
us-gaap,Deposits,USD,,2020-12-31,44862752000.0,10-Q,2021-08-06
us-gaap,Deposits,USD,,2020-12-31,44862752000.0,10-Q,2021-11-08
us-gaap,Deposits,USD,,2020-12-31,44862752000.0,10-K,2022-02-28
us-gaap,Deposits,USD,,2021-03-31,49547136000.0,10-Q,2021-05-07
us-gaap,Deposits,USD,,2021-06-30,52582575000.0,10-Q,2021-08-06
us-gaap,Deposits,USD,,2021-09-30,53356190000.0,10-Q,2021-11-08
us-gaap,Deposits,USD,,2021-12-31,53350532000.0,10-K,2022-02-28
us-gaap,Deposits,USD,,2021-12-31,53350532000.0,10-Q,2022-05-09
us-gaap,Deposits,USD,,2021-12-31,53350532000.0,10-Q,2022-08-08
us-gaap,Deposits,USD,,2021-12-31,53350532000.0,10-Q,2022-11-08
us-gaap,Deposits,USD,,2021-12-31,53350532000.0,10-K,2023-02-27
us-gaap,Deposits,USD,,2022-03-31,54938361000.0,10-Q,2022-05-09
us-gaap,Deposits,USD,,2022-06-30,54343354000.0,10-Q,2022-08-08
us-gaap,Deposits,USD,,2022-09-30,53857362000.0,10-Q,2022-11-08
us-gaap,Deposits,USD,,2022-12-31,55967849000.0,10-K,2023-02-27
us-gaap,Deposits,USD,,2022-12-31,55967849000.0,10-Q,2023-05-09
us-gaap,Deposits,USD,,2022-12-31,55967849000.0,10-Q,2023-08-08
us-gaap,Deposits,USD,,2022-12-31,55967849000.0,10-Q,2023-11-08
us-gaap,Deposits,USD,,2022-12-31,55967849000.0,10-K,2024-02-29
us-gaap,Deposits,USD,,2023-03-31,54737402000.0,10-Q,2023-05-09
us-gaap,Deposits,USD,,2023-06-30,55658786000.0,10-Q,2023-08-08
us-gaap,Deposits,USD,,2023-09-30,55087031000.0,10-Q,2023-11-08
us-gaap,Deposits,USD,,2023-12-31,56092438000.0,10-K,2024-02-29
us-gaap,Deposits,USD,,2023-12-31,56092438000.0,10-Q,2024-05-09
us-gaap,Deposits,USD,,2023-12-31,56092438000.0,10-Q,2024-08-08
us-gaap,Deposits,USD,,2023-12-31,56092438000.0,10-Q,2024-11-08
us-gaap,Deposits,USD,,2023-12-31,56092438000.0,10-K,2025-02-28
us-gaap,Deposits,USD,,2024-03-31,58560624000.0,10-Q,2024-05-09
us-gaap,Deposits,USD,,2024-06-30,59999785000.0,10-Q,2024-08-08
us-gaap,Deposits,USD,,2024-09-30,61700115000.0,10-Q,2024-11-08
us-gaap,Deposits,USD,,2024-12-31,63175023000.0,10-K,2025-02-28
us-gaap,Deposits,USD,,2024-12-31,63175023000.0,10-Q,2025-05-09
us-gaap,Deposits,USD,,2024-12-31,63175023000.0,10-Q,2025-08-07
us-gaap,Deposits,USD,,2024-12-31,63175023000.0,10-Q,2025-11-07
us-gaap,Deposits,USD,,2024-12-31,63175023000.0,10-K,2026-02-27
us-gaap,Deposits,USD,,2025-03-31,63052105000.0,10-Q,2025-05-09
us-gaap,Deposits,USD,,2025-06-30,65029493000.0,10-Q,2025-08-07
us-gaap,Deposits,USD,,2025-09-30,66587556000.0,10-Q,2025-11-07
us-gaap,Deposits,USD,,2025-12-31,67082701000.0,10-K,2026-02-27
us-gaap,Deposits,USD,,2025-12-31,67082701000.0,10-Q,2026-05-08
us-gaap,Deposits,USD,,2025-12-31,67082701000.0,10-Q,2026-08-07
us-gaap,Deposits,USD,,2026-03-31,68919555000.0,10-Q,2026-05-08
us-gaap,Deposits,USD,,2026-06-30,70092693000.0,10-Q,2026-08-07
us-gaap,DepositsMoneyMarketDeposits,USD,,2010-12-31,4457376000.0,10-K,2012-02-29
us-gaap,DepositsMoneyMarketDeposits,USD,,2011-12-31,4678409000.0,10-K,2012-02-29
us-gaap,DepositsMoneyMarketDeposits,USD,,2011-12-31,4678409000.0,10-K,2013-02-28
us-gaap,DepositsMoneyMarketDeposits,USD,,2012-12-31,5000309000.0,10-K,2013-02-28
us-gaap,DepositsMoneyMarketDeposits,USD,,2012-12-31,5000309000.0,10-K,2014-03-03
us-gaap,DepositsMoneyMarketDeposits,USD,,2013-12-31,5383759000.0,10-K,2014-03-03
us-gaap,DepositsMoneyMarketDeposits,USD,,2013-12-31,5653412000.0,10-K,2015-03-02
us-gaap,DepositsMoneyMarketDeposits,USD,,2014-12-31,6318120000.0,10-K,2015-03-02
us-gaap,DepositsMoneyMarketDeposits,USD,,2014-12-31,6318120000.0,10-K,2016-02-26
us-gaap,DepositsMoneyMarketDeposits,USD,,2015-12-31,6932962000.0,10-K,2016-02-26
us-gaap,DepositsMoneyMarketDeposits,USD,,2015-12-31,6932962000.0,10-K,2017-02-27
us-gaap,DepositsMoneyMarketDeposits,USD,,2016-12-31,8174854000.0,10-K,2017-02-27
us-gaap,DepositsMoneyMarketDeposits,USD,,2016-12-31,8174854000.0,10-K,2018-02-27
us-gaap,DepositsMoneyMarketDeposits,USD,,2017-12-31,8359425000.0,10-K,2018-02-27
us-gaap,DepositsMoneyMarketDeposits,USD,,2017-12-31,8359425000.0,10-K,2019-02-27
us-gaap,DepositsMoneyMarketDeposits,USD,,2018-12-31,8262677000.0,10-K,2019-02-27
us-gaap,DepositsMoneyMarketDeposits,USD,,2018-12-31,8262677000.0,10-K,2020-02-27
us-gaap,DepositsMoneyMarketDeposits,USD,,2019-12-31,8711964000.0,10-K,2020-02-27
us-gaap,DepositsMoneyMarketDeposits,USD,,2019-12-31,8711964000.0,10-K,2021-02-26
us-gaap,DepositsMoneyMarketDeposits,USD,,2020-12-31,10740667000.0,10-K,2021-02-26
us-gaap,DepositsMoneyMarketDeposits,USD,,2020-12-31,10740667000.0,10-K,2022-02-28
us-gaap,DepositsMoneyMarketDeposits,USD,,2021-12-31,13130300000.0,10-K,2022-02-28
us-gaap,DepositsMoneyMarketDeposits,USD,,2021-12-31,13130300000.0,10-K,2023-02-27
us-gaap,DepositsMoneyMarketDeposits,USD,,2022-12-31,12265024000.0,10-K,2023-02-27
us-gaap,DepositsMoneyMarketDeposits,USD,,2022-12-31,12265024000.0,10-K,2024-02-29
us-gaap,DepositsMoneyMarketDeposits,USD,,2023-12-31,13108727000.0,10-K,2024-02-29
us-gaap,DepositsMoneyMarketDeposits,USD,,2023-12-31,13108727000.0,10-K,2025-02-28
us-gaap,DepositsMoneyMarketDeposits,USD,,2024-12-31,14816511000.0,10-K,2025-02-28
us-gaap,DepositsMoneyMarketDeposits,USD,,2024-12-31,14816511000.0,10-K,2026-02-27
us-gaap,DepositsMoneyMarketDeposits,USD,,2025-12-31,15439729000.0,10-K,2026-02-27
us-gaap,DepositsSavingsDeposits,USD,,2010-12-31,984518000.0,10-K,2012-02-29
us-gaap,DepositsSavingsDeposits,USD,,2011-12-31,1164618000.0,10-K,2012-02-29
us-gaap,DepositsSavingsDeposits,USD,,2011-12-31,1164618000.0,10-K,2013-02-28
us-gaap,DepositsSavingsDeposits,USD,,2012-12-31,1421182000.0,10-K,2013-02-28
us-gaap,DepositsSavingsDeposits,USD,,2012-12-31,1421182000.0,10-K,2014-03-03
us-gaap,DepositsSavingsDeposits,USD,,2013-12-31,1633433000.0,10-K,2014-03-03
us-gaap,DepositsSavingsDeposits,USD,,2013-12-31,1363780000.0,10-K,2015-03-02
us-gaap,DepositsSavingsDeposits,USD,,2014-12-31,1651267000.0,10-K,2015-03-02
us-gaap,DepositsSavingsDeposits,USD,,2014-12-31,1651267000.0,10-K,2016-02-26
us-gaap,DepositsSavingsDeposits,USD,,2015-12-31,1933026000.0,10-K,2016-02-26
us-gaap,DepositsSavingsDeposits,USD,,2015-12-31,1933026000.0,10-K,2017-02-27
us-gaap,DepositsSavingsDeposits,USD,,2016-12-31,2242497000.0,10-K,2017-02-27
us-gaap,DepositsSavingsDeposits,USD,,2016-12-31,2242497000.0,10-K,2018-02-27
us-gaap,DepositsSavingsDeposits,USD,,2017-12-31,2308494000.0,10-K,2018-02-27
us-gaap,DepositsSavingsDeposits,USD,,2017-12-31,2308494000.0,10-K,2019-02-27
us-gaap,DepositsSavingsDeposits,USD,,2018-12-31,2146429000.0,10-K,2019-02-27
us-gaap,DepositsSavingsDeposits,USD,,2018-12-31,2146429000.0,10-K,2020-02-27
us-gaap,DepositsSavingsDeposits,USD,,2019-12-31,2117196000.0,10-K,2020-02-27
us-gaap,DepositsSavingsDeposits,USD,,2019-12-31,2117196000.0,10-K,2021-02-26
us-gaap,DepositsSavingsDeposits,USD,,2020-12-31,2681242000.0,10-K,2021-02-26
us-gaap,DepositsSavingsDeposits,USD,,2020-12-31,2681242000.0,10-K,2022-02-28
us-gaap,DepositsSavingsDeposits,USD,,2021-12-31,2888065000.0,10-K,2022-02-28
us-gaap,DepositsSavingsDeposits,USD,,2021-12-31,2888065000.0,10-K,2023-02-27
us-gaap,DepositsSavingsDeposits,USD,,2022-12-31,2649037000.0,10-K,2023-02-27
us-gaap,FederalHomeLoanBankAdvancesGeneralDebtObligationsDisclosuresAmountOfAvailableUnusedFunds,USD,,2010-12-31,2230000000.0,10-K,2012-02-29
us-gaap,FederalHomeLoanBankAdvancesGeneralDebtObligationsDisclosuresAmountOfAvailableUnusedFunds,USD,,2011-12-31,3610000000.0,10-K,2012-02-29
us-gaap,FederalHomeLoanBankAdvancesGeneralDebtObligationsDisclosuresAmountOfAvailableUnusedFunds,USD,,2011-12-31,3610000000.0,10-K,2013-02-28
us-gaap,FederalHomeLoanBankAdvancesGeneralDebtObligationsDisclosuresAmountOfAvailableUnusedFunds,USD,,2012-12-31,3250000000.0,10-K,2013-02-28
us-gaap,FederalHomeLoanBankAdvancesGeneralDebtObligationsDisclosuresAmountOfAvailableUnusedFunds,USD,,2012-12-31,3250000000.0,10-K,2014-03-03
us-gaap,FederalHomeLoanBankAdvancesGeneralDebtObligationsDisclosuresAmountOfAvailableUnusedFunds,USD,,2013-12-31,3700000000.0,10-K,2014-03-03
us-gaap,FederalHomeLoanBankAdvancesGeneralDebtObligationsDisclosuresAmountOfAvailableUnusedFunds,USD,,2013-12-31,3700000000.0,10-K,2015-03-02
us-gaap,FederalHomeLoanBankAdvancesGeneralDebtObligationsDisclosuresAmountOfAvailableUnusedFunds,USD,,2014-12-31,5540000000.0,10-K,2015-03-02
us-gaap,FederalHomeLoanBankAdvancesGeneralDebtObligationsDisclosuresAmountOfAvailableUnusedFunds,USD,,2014-12-31,5540000000.0,10-K,2016-02-26
us-gaap,FederalHomeLoanBankAdvancesGeneralDebtObligationsDisclosuresAmountOfAvailableUnusedFunds,USD,,2015-12-31,4450000000.0,10-K,2016-02-26
us-gaap,FederalHomeLoanBankAdvancesGeneralDebtObligationsDisclosuresAmountOfAvailableUnusedFunds,USD,,2015-12-31,4450000000.0,10-K,2017-02-27
us-gaap,FederalHomeLoanBankAdvancesGeneralDebtObligationsDisclosuresAmountOfAvailableUnusedFunds,USD,,2016-12-31,5580000000.0,10-K,2017-02-27
us-gaap,FederalHomeLoanBankAdvancesGeneralDebtObligationsDisclosuresAmountOfAvailableUnusedFunds,USD,,2016-12-31,5650000000.0,10-K,2018-02-27
us-gaap,FederalHomeLoanBankAdvancesGeneralDebtObligationsDisclosuresAmountOfAvailableUnusedFunds,USD,,2017-12-31,6830000000.0,10-K,2018-02-27
us-gaap,FederalHomeLoanBankAdvancesGeneralDebtObligationsDisclosuresAmountOfAvailableUnusedFunds,USD,,2017-12-31,6830000000.0,10-K,2019-02-27
us-gaap,FederalHomeLoanBankAdvancesGeneralDebtObligationsDisclosuresAmountOfAvailableUnusedFunds,USD,,2018-12-31,6110000000.0,10-K,2019-02-27
us-gaap,FederalHomeLoanBankAdvancesGeneralDebtObligationsDisclosuresAmountOfAvailableUnusedFunds,USD,,2018-12-31,6110000000.0,10-K,2020-02-27
us-gaap,FederalHomeLoanBankAdvancesGeneralDebtObligationsDisclosuresAmountOfAvailableUnusedFunds,USD,,2019-12-31,6830000000.0,10-K,2020-02-27
us-gaap,FederalHomeLoanBankAdvancesGeneralDebtObligationsDisclosuresAmountOfAvailableUnusedFunds,USD,,2019-12-31,6830000000.0,10-K,2021-02-26
us-gaap,FederalHomeLoanBankAdvancesGeneralDebtObligationsDisclosuresAmountOfAvailableUnusedFunds,USD,,2020-12-31,6330000000.0,10-K,2021-02-26
us-gaap,FederalHomeLoanBankAdvancesGeneralDebtObligationsDisclosuresAmountOfAvailableUnusedFunds,USD,,2020-12-31,6330000000.0,10-K,2022-02-28
us-gaap,FederalHomeLoanBankAdvancesGeneralDebtObligationsDisclosuresAmountOfAvailableUnusedFunds,USD,,2021-12-31,11930000000.0,10-K,2022-02-28
us-gaap,FederalHomeLoanBankAdvancesGeneralDebtObligationsDisclosuresAmountOfAvailableUnusedFunds,USD,,2021-12-31,11930000000.0,10-K,2023-02-27
us-gaap,FederalHomeLoanBankAdvancesGeneralDebtObligationsDisclosuresAmountOfAvailableUnusedFunds,USD,,2022-12-31,12770000000.0,10-K,2023-02-27
us-gaap,FederalHomeLoanBankAdvancesGeneralDebtObligationsDisclosuresAmountOfAvailableUnusedFunds,USD,,2024-03-31,7600000000.0,10-Q,2024-05-09
us-gaap,FederalHomeLoanBankAdvancesGeneralDebtObligationsDisclosuresAmountOfAvailableUnusedFunds,USD,,2024-06-30,8300000000.0,10-Q,2024-08-08
us-gaap,FederalHomeLoanBankAdvancesGeneralDebtObligationsDisclosuresAmountOfAvailableUnusedFunds,USD,,2024-09-30,8900000000.0,10-Q,2024-11-08
us-gaap,FederalHomeLoanBankAdvancesGeneralDebtObligationsDisclosuresAmountOfAvailableUnusedFunds,USD,,2024-12-31,9900000000.0,10-K,2025-02-28
us-gaap,FederalHomeLoanBankAdvancesGeneralDebtObligationsDisclosuresAmountOfAvailableUnusedFunds,USD,,2025-03-31,10300000000.0,10-Q,2025-05-09
us-gaap,FederalHomeLoanBankAdvancesGeneralDebtObligationsDisclosuresAmountOfAvailableUnusedFunds,USD,,2025-06-30,10500000000.0,10-Q,2025-08-07
us-gaap,FederalHomeLoanBankAdvancesGeneralDebtObligationsDisclosuresAmountOfAvailableUnusedFunds,USD,,2025-09-30,11400000000.0,10-Q,2025-11-07
us-gaap,FederalHomeLoanBankAdvancesGeneralDebtObligationsDisclosuresAmountOfAvailableUnusedFunds,USD,,2025-12-31,11800000000.0,10-K,2026-02-27
us-gaap,FederalHomeLoanBankAdvancesGeneralDebtObligationsDisclosuresAmountOfAvailableUnusedFunds,USD,,2026-03-31,11700000000.0,10-Q,2026-05-08
us-gaap,FederalHomeLoanBankAdvancesGeneralDebtObligationsDisclosuresAmountOfAvailableUnusedFunds,USD,,2026-06-30,11900000000.0,10-Q,2026-08-07
us-gaap,FederalHomeLoanBankAdvancesGeneralDebtObligationsDisclosuresInterestRateAtPeriodEnd,pure,,2012-02-29,0.0136,10-Q,2012-11-07
us-gaap,FederalHomeLoanBankAdvancesGeneralDebtObligationsDisclosuresInterestRateAtPeriodEnd,pure,,2012-03-31,0.0136,10-Q,2013-05-09
us-gaap,FederalHomeLoanBankAdvancesGeneralDebtObligationsDisclosuresInterestRateAtPeriodEnd,pure,,2012-06-30,0.0136,10-Q,2013-08-08
us-gaap,FederalHomeLoanBankAdvancesGeneralDebtObligationsDisclosuresInterestRateAtPeriodEnd,pure,,2012-06-30,0.0136,10-Q,2012-08-08
us-gaap,FederalHomeLoanBankAdvancesGeneralDebtObligationsDisclosuresInterestRateAtPeriodEnd,pure,,2012-09-30,0.0136,10-Q,2013-11-12
us-gaap,FederalHomeLoanBankAdvancesGeneralDebtObligationsDisclosuresInterestRateRangeFrom,pure,,2014-12-31,0.004,10-K,2015-03-02
us-gaap,FederalHomeLoanBankAdvancesGeneralDebtObligationsDisclosuresInterestRateRangeTo,pure,,2014-12-31,0.0064,10-K,2015-03-02
us-gaap,FederalHomeLoanBankAdvancesGeneralDebtObligationsDisclosuresWeightedAverageInterestRate,pure,,2010-12-31,0.0338,10-K,2012-02-29
us-gaap,FederalHomeLoanBankAdvancesGeneralDebtObligationsDisclosuresWeightedAverageInterestRate,pure,,2011-12-31,0.0417,10-K,2012-02-29
us-gaap,FederalHomeLoanBankAdvancesGeneralDebtObligationsDisclosuresWeightedAverageInterestRate,pure,,2011-12-31,0.0417,10-K,2013-02-28
us-gaap,FederalHomeLoanBankAdvancesGeneralDebtObligationsDisclosuresWeightedAverageInterestRate,pure,,2012-12-31,0.0063,10-K,2013-02-28
us-gaap,FederalHomeLoanBankAdvancesGeneralDebtObligationsDisclosuresWeightedAverageInterestRate,pure,,2012-12-31,0.0063,10-K,2014-03-03
us-gaap,FederalHomeLoanBankAdvancesGeneralDebtObligationsDisclosuresWeightedAverageInterestRate,pure,,2013-12-31,0.0061,10-K,2014-03-03
us-gaap,FederalHomeLoanBankAdvancesGeneralDebtObligationsDisclosuresWeightedAverageInterestRate,pure,,2013-12-31,0.0061,10-K,2015-03-02
us-gaap,FederalHomeLoanBankAdvancesGeneralDebtObligationsDisclosuresWeightedAverageInterestRate,pure,,2014-12-31,0.0058,10-K,2015-03-02
us-gaap,FederalHomeLoanBankAdvancesLongTerm,USD,,2010-12-31,1214148000.0,10-Q,2011-05-09
us-gaap,FederalHomeLoanBankAdvancesLongTerm,USD,,2010-12-31,1214148000.0,10-Q,2011-08-08
us-gaap,FederalHomeLoanBankAdvancesLongTerm,USD,,2010-12-31,1214148000.0,10-Q,2011-11-09
us-gaap,FederalHomeLoanBankAdvancesLongTerm,USD,,2010-12-31,1214148000.0,10-K,2012-02-29
us-gaap,FederalHomeLoanBankAdvancesLongTerm,USD,,2011-03-31,793643000.0,10-Q,2011-05-09
us-gaap,FederalHomeLoanBankAdvancesLongTerm,USD,,2011-06-30,532951000.0,10-Q,2011-08-08
us-gaap,FederalHomeLoanBankAdvancesLongTerm,USD,,2011-09-30,457075000.0,10-Q,2011-11-09
us-gaap,FederalHomeLoanBankAdvancesLongTerm,USD,,2011-12-31,455251000.0,10-K,2012-02-29
us-gaap,FederalHomeLoanBankAdvancesLongTerm,USD,,2011-12-31,455251000.0,10-Q,2012-05-09
us-gaap,FederalHomeLoanBankAdvancesLongTerm,USD,,2011-12-31,455251000.0,10-Q,2012-08-08
us-gaap,FederalHomeLoanBankAdvancesLongTerm,USD,,2011-12-31,455251000.0,10-Q,2012-11-07
us-gaap,FederalHomeLoanBankAdvancesLongTerm,USD,,2011-12-31,455251000.0,10-K,2013-02-28
us-gaap,FederalHomeLoanBankAdvancesLongTerm,USD,,2012-03-31,394719000.0,10-Q,2012-05-09
us-gaap,FederalHomeLoanBankAdvancesLongTerm,USD,,2012-06-30,362885000.0,10-Q,2012-08-08
us-gaap,FederalHomeLoanBankAdvancesLongTerm,USD,,2012-09-30,363119000.0,10-Q,2012-11-07
us-gaap,FederalHomeLoanBankAdvancesLongTerm,USD,,2012-12-31,312975000.0,10-K,2013-02-28
us-gaap,FederalHomeLoanBankAdvancesLongTerm,USD,,2012-12-31,312975000.0,10-Q,2013-05-09
us-gaap,FederalHomeLoanBankAdvancesLongTerm,USD,,2012-12-31,312975000.0,10-Q,2013-08-08
us-gaap,FederalHomeLoanBankAdvancesLongTerm,USD,,2012-12-31,312975000.0,10-Q,2013-11-12
us-gaap,FederalHomeLoanBankAdvancesLongTerm,USD,,2012-12-31,312975000.0,10-K,2014-03-03
us-gaap,FederalHomeLoanBankAdvancesLongTerm,USD,,2013-03-31,313494000.0,10-Q,2013-05-09
us-gaap,FederalHomeLoanBankAdvancesLongTerm,USD,,2013-06-30,314022000.0,10-Q,2013-08-08
us-gaap,FederalHomeLoanBankAdvancesLongTerm,USD,,2013-09-30,314557000.0,10-Q,2013-11-12
us-gaap,FederalHomeLoanBankAdvancesLongTerm,USD,,2013-12-31,315092000.0,10-K,2014-03-03
us-gaap,FederalHomeLoanBankAdvancesLongTerm,USD,,2013-12-31,315092000.0,10-Q,2014-05-09
us-gaap,FederalHomeLoanBankAdvancesLongTerm,USD,,2013-12-31,315092000.0,10-Q,2014-08-08
us-gaap,FederalHomeLoanBankAdvancesLongTerm,USD,,2013-12-31,315092000.0,10-Q,2014-11-07
us-gaap,FederalHomeLoanBankAdvancesLongTerm,USD,,2013-12-31,315092000.0,10-K,2015-03-02
us-gaap,FederalHomeLoanBankAdvancesLongTerm,USD,,2014-03-31,315620000.0,10-Q,2014-05-09
us-gaap,FederalHomeLoanBankAdvancesLongTerm,USD,,2014-06-30,316156000.0,10-Q,2014-08-08
us-gaap,FederalHomeLoanBankAdvancesLongTerm,USD,,2014-09-30,316699000.0,10-Q,2014-11-07
us-gaap,FederalHomeLoanBankAdvancesLongTerm,USD,,2014-12-31,317241000.0,10-K,2015-03-02
us-gaap,FederalHomeLoanBankAdvancesLongTerm,USD,,2014-12-31,317241000.0,10-Q,2015-05-08
us-gaap,FederalHomeLoanBankAdvancesLongTerm,USD,,2014-12-31,317241000.0,10-Q,2015-08-07
us-gaap,FederalHomeLoanBankAdvancesLongTerm,USD,,2014-12-31,317241000.0,10-Q,2015-11-09
us-gaap,FederalHomeLoanBankAdvancesLongTerm,USD,,2014-12-31,317241000.0,10-K,2016-02-26
us-gaap,FederalHomeLoanBankAdvancesLongTerm,USD,,2015-03-31,317777000.0,10-Q,2015-05-08
us-gaap,FederalHomeLoanBankAdvancesLongTerm,USD,,2015-06-30,318322000.0,10-Q,2015-08-07
us-gaap,FederalHomeLoanBankAdvancesLongTerm,USD,,2015-09-30,318872000.0,10-Q,2015-11-09
us-gaap,FederalHomeLoanBankAdvancesLongTerm,USD,,2015-12-31,1019424000.0,10-K,2016-02-26
us-gaap,FederalHomeLoanBankAdvancesLongTerm,USD,,2015-12-31,1019424000.0,10-Q,2016-05-06
us-gaap,FederalHomeLoanBankAdvancesLongTerm,USD,,2016-03-31,319973000.0,10-Q,2016-05-06
us-gaap,FederalHomeLoanBankAdvancesMaturitiesSummaryAverageInterestRateAfterFiveYearsFromBalanceSheetDate,pure,,2010-12-31,0.0416,10-K,2012-02-29
us-gaap,FederalHomeLoanBankAdvancesMaturitiesSummaryAverageInterestRateAfterFiveYearsFromBalanceSheetDate,pure,,2011-12-31,0.0404,10-K,2012-02-29
us-gaap,FederalHomeLoanBankAdvancesMaturitiesSummaryAverageInterestRateFourToFiveYearsFromBalanceSheetDate,pure,,2010-12-31,0.0446,10-K,2012-02-29
us-gaap,FederalHomeLoanBankAdvancesMaturitiesSummaryAverageInterestRateFourToFiveYearsFromBalanceSheetDate,pure,,2011-12-31,0.0446,10-K,2012-02-29
us-gaap,FederalHomeLoanBankAdvancesMaturitiesSummaryAverageInterestRateOfAmountsDueWithinOneYearOfBalanceSheetDate,pure,,2010-12-31,0.0097,10-K,2012-02-29
us-gaap,FederalHomeLoanBankAdvancesMaturitiesSummaryAverageInterestRateOfAmountsDueWithinOneYearOfBalanceSheetDate,pure,,2011-12-31,0.0443,10-K,2013-02-28
us-gaap,FederalHomeLoanBankAdvancesMaturitiesSummaryAverageInterestRateOneToTwoYearsFromBalanceSheetDate,pure,,2010-12-31,0.0103,10-K,2012-02-29
us-gaap,FederalHomeLoanBankAdvancesMaturitiesSummaryAverageInterestRateOneToTwoYearsFromBalanceSheetDate,pure,,2011-12-31,0.0443,10-K,2013-02-28
us-gaap,FederalHomeLoanBankAdvancesMaturitiesSummaryAverageInterestRateThreeToFourYearsFromBalanceSheetDate,pure,,2010-12-31,0.0443,10-K,2012-02-29
us-gaap,FederalHomeLoanBankAdvancesMaturitiesSummaryAverageInterestRateThreeToFourYearsFromBalanceSheetDate,pure,,2011-12-31,0.0396,10-K,2013-02-28
us-gaap,FederalHomeLoanBankAdvancesMaturitiesSummaryAverageInterestRateThreeToFourYearsFromBalanceSheetDate,pure,,2011-12-31,0.0443,10-K,2012-02-29
us-gaap,FederalHomeLoanBankAdvancesMaturitiesSummaryAverageInterestRateTwoToThreeYearsFromBalanceSheetDate,pure,,2010-12-31,0.0455,10-K,2012-02-29
us-gaap,FederalHomeLoanBankAdvancesMaturitiesSummaryAverageInterestRateTwoToThreeYearsFromBalanceSheetDate,pure,,2011-12-31,0.0446,10-K,2013-02-28
us-gaap,FederalHomeLoanBankAdvancesMaturitiesSummaryAverageInterestRateTwoToThreeYearsFromBalanceSheetDate,pure,,2011-12-31,0.0443,10-K,2012-02-29
us-gaap,FederalHomeLoanBankAdvancesMaturitiesSummaryDueAfterFiveYearsOfBalanceSheetDate,USD,,2010-12-31,411140000.0,10-K,2012-02-29
us-gaap,FederalHomeLoanBankAdvancesMaturitiesSummaryDueAfterFiveYearsOfBalanceSheetDate,USD,,2011-12-31,302355000.0,10-K,2012-02-29
us-gaap,FederalHomeLoanBankAdvancesMaturitiesSummaryDueAfterFiveYearsOfBalanceSheetDate,USD,,2014-12-31,237800000.0,10-K,2015-03-02
us-gaap,FederalHomeLoanBankAdvancesMaturitiesSummaryDueFromFourToFiveYearsOfBalanceSheetDate,USD,,2010-12-31,216616000.0,10-K,2012-02-29
us-gaap,FederalHomeLoanBankAdvancesMaturitiesSummaryDueFromFourToFiveYearsOfBalanceSheetDate,USD,,2011-12-31,21557000.0,10-K,2012-02-29
us-gaap,FederalHomeLoanBankAdvancesMaturitiesSummaryDueFromOneToTwoYearsOfBalanceSheetDate,USD,,2010-12-31,100000000.0,10-K,2012-02-29
us-gaap,FederalHomeLoanBankAdvancesMaturitiesSummaryDueFromOneToTwoYearsOfBalanceSheetDate,USD,,2011-12-31,52656000.0,10-K,2013-02-28
us-gaap,FederalHomeLoanBankAdvancesMaturitiesSummaryDueFromOneToTwoYearsOfBalanceSheetDate,USD,,2014-12-31,0.0,10-K,2015-03-02
us-gaap,FederalHomeLoanBankAdvancesMaturitiesSummaryDueFromThreeToFourYearsOfBalanceSheetDate,USD,,2010-12-31,53800000.0,10-K,2012-02-29
us-gaap,FederalHomeLoanBankAdvancesMaturitiesSummaryDueFromThreeToFourYearsOfBalanceSheetDate,USD,,2011-12-31,52656000.0,10-K,2012-02-29
us-gaap,FederalHomeLoanBankAdvancesMaturitiesSummaryDueFromThreeToFourYearsOfBalanceSheetDate,USD,,2011-12-31,80662000.0,10-K,2013-02-28
us-gaap,FederalHomeLoanBankAdvancesMaturitiesSummaryDueFromThreeToFourYearsOfBalanceSheetDate,USD,,2014-12-31,0.0,10-K,2015-03-02
us-gaap,FederalHomeLoanBankAdvancesMaturitiesSummaryDueFromTwoToThreeYearsOfBalanceSheetDate,USD,,2010-12-31,186546000.0,10-K,2012-02-29
us-gaap,FederalHomeLoanBankAdvancesMaturitiesSummaryDueFromTwoToThreeYearsOfBalanceSheetDate,USD,,2011-12-31,78683000.0,10-K,2012-02-29
us-gaap,FederalHomeLoanBankAdvancesMaturitiesSummaryDueFromTwoToThreeYearsOfBalanceSheetDate,USD,,2011-12-31,21557000.0,10-K,2013-02-28
us-gaap,FederalHomeLoanBankAdvancesMaturitiesSummaryDueFromTwoToThreeYearsOfBalanceSheetDate,USD,,2014-12-31,0.0,10-K,2015-03-02
us-gaap,FederalHomeLoanBankAdvancesMaturitiesSummaryDueWithinOneYearOfBalanceSheetDate,USD,,2010-12-31,246046000.0,10-K,2012-02-29
us-gaap,FederalHomeLoanBankAdvancesMaturitiesSummaryDueWithinOneYearOfBalanceSheetDate,USD,,2011-12-31,78683000.0,10-K,2013-02-28
us-gaap,FederalHomeLoanBankAdvancesMaturitiesSummaryDueWithinOneYearOfBalanceSheetDate,USD,,2014-12-31,0.0,10-K,2015-03-02
us-gaap,FederalHomeLoanBankAdvancesMaturitiesSummaryInRollingYearFive,USD,,2014-12-31,79400000.0,10-K,2015-03-02
us-gaap,FederalHomeLoanBankAdvancesShortTerm,USD,,2010-12-31,200000000.0,10-K,2012-02-29
us-gaap,FinancingReceivableExcludingAccruedInterestAfterAllowanceForCreditLoss,USD,,2020-12-31,37770972000.0,10-Q,2021-08-06
us-gaap,FinancingReceivableExcludingAccruedInterestAfterAllowanceForCreditLoss,USD,,2020-12-31,37770972000.0,10-Q,2021-11-08
us-gaap,FinancingReceivableExcludingAccruedInterestAfterAllowanceForCreditLoss,USD,,2021-06-30,39485775000.0,10-Q,2021-08-06
us-gaap,FinancingReceivableExcludingAccruedInterestAfterAllowanceForCreditLoss,USD,,2021-09-30,39921301000.0,10-Q,2021-11-08
us-gaap,FinancingReceivableExcludingAccruedInterestAfterAllowanceForCreditLoss,USD,,2021-12-31,41152202000.0,10-Q,2022-05-09
us-gaap,FinancingReceivableExcludingAccruedInterestAfterAllowanceForCreditLoss,USD,,2021-12-31,41152202000.0,10-Q,2022-08-08
us-gaap,FinancingReceivableExcludingAccruedInterestAfterAllowanceForCreditLoss,USD,,2021-12-31,41152202000.0,10-Q,2022-11-08
us-gaap,FinancingReceivableExcludingAccruedInterestAfterAllowanceForCreditLoss,USD,,2022-03-31,42944997000.0,10-Q,2022-05-09
us-gaap,FinancingReceivableExcludingAccruedInterestAfterAllowanceForCreditLoss,USD,,2022-06-30,45938806000.0,10-Q,2022-08-08
us-gaap,FinancingReceivableExcludingAccruedInterestAfterAllowanceForCreditLoss,USD,,2022-09-30,46859738000.0,10-Q,2022-11-08
us-gaap,FinancingReceivableExcludingAccruedInterestAfterAllowanceForCreditLoss,USD,,2023-12-31,51542039000.0,10-Q,2024-11-08
us-gaap,FinancingReceivableExcludingAccruedInterestAfterAllowanceForCreditLoss,USD,,2023-12-31,51542039000.0,10-K,2025-02-28
us-gaap,FinancingReceivableExcludingAccruedInterestAfterAllowanceForCreditLoss,USD,,2024-09-30,52556696000.0,10-Q,2024-11-08
us-gaap,FinancingReceivableExcludingAccruedInterestAfterAllowanceForCreditLoss,USD,,2024-12-31,53024585000.0,10-K,2025-02-28
us-gaap,FinancingReceivableExcludingAccruedInterestAfterAllowanceForCreditLoss,USD,,2024-12-31,53024585000.0,10-Q,2025-05-09
us-gaap,FinancingReceivableExcludingAccruedInterestAfterAllowanceForCreditLoss,USD,,2024-12-31,53024585000.0,10-Q,2025-08-07
us-gaap,FinancingReceivableExcludingAccruedInterestAfterAllowanceForCreditLoss,USD,,2024-12-31,53024585000.0,10-Q,2025-11-07
us-gaap,FinancingReceivableExcludingAccruedInterestAfterAllowanceForCreditLoss,USD,,2024-12-31,53024585000.0,10-K,2026-02-27
us-gaap,FinancingReceivableExcludingAccruedInterestAfterAllowanceForCreditLoss,USD,,2025-03-31,53517878000.0,10-Q,2025-05-09
us-gaap,FinancingReceivableExcludingAccruedInterestAfterAllowanceForCreditLoss,USD,,2025-06-30,54200768000.0,10-Q,2025-08-07
us-gaap,FinancingReceivableExcludingAccruedInterestAfterAllowanceForCreditLoss,USD,,2025-09-30,54976252000.0,10-Q,2025-11-07
us-gaap,FinancingReceivableExcludingAccruedInterestAfterAllowanceForCreditLoss,USD,,2025-12-31,56068399000.0,10-K,2026-02-27
us-gaap,FinancingReceivableExcludingAccruedInterestAfterAllowanceForCreditLoss,USD,,2025-12-31,56068399000.0,10-Q,2026-05-08
us-gaap,FinancingReceivableExcludingAccruedInterestAfterAllowanceForCreditLoss,USD,,2025-12-31,56068399000.0,10-Q,2026-08-07
us-gaap,FinancingReceivableExcludingAccruedInterestAfterAllowanceForCreditLoss,USD,,2026-03-31,57264875000.0,10-Q,2026-05-08
us-gaap,FinancingReceivableExcludingAccruedInterestAfterAllowanceForCreditLoss,USD,,2026-06-30,58121884000.0,10-Q,2026-08-07
us-gaap,FinancingReceivableExcludingAccruedInterestBeforeAllowanceForCreditLoss,USD,,2020-12-31,38390955000.0,10-Q,2021-08-06
us-gaap,FinancingReceivableExcludingAccruedInterestBeforeAllowanceForCreditLoss,USD,,2020-12-31,38390955000.0,10-Q,2021-11-08
us-gaap,FinancingReceivableExcludingAccruedInterestBeforeAllowanceForCreditLoss,USD,,2020-12-31,38390955000.0,10-K,2022-02-28
us-gaap,FinancingReceivableExcludingAccruedInterestBeforeAllowanceForCreditLoss,USD,,2021-06-30,40071499000.0,10-Q,2021-08-06
us-gaap,FinancingReceivableExcludingAccruedInterestBeforeAllowanceForCreditLoss,USD,,2021-09-30,40481705000.0,10-Q,2021-11-08
us-gaap,FinancingReceivableExcludingAccruedInterestBeforeAllowanceForCreditLoss,USD,,2021-12-31,41693781000.0,10-K,2022-02-28
us-gaap,FinancingReceivableExcludingAccruedInterestBeforeAllowanceForCreditLoss,USD,,2021-12-31,41693781000.0,10-Q,2022-05-09
us-gaap,FinancingReceivableExcludingAccruedInterestBeforeAllowanceForCreditLoss,USD,,2021-12-31,41693781000.0,10-Q,2022-08-08
us-gaap,FinancingReceivableExcludingAccruedInterestBeforeAllowanceForCreditLoss,USD,,2021-12-31,41693781000.0,10-Q,2022-11-08
us-gaap,FinancingReceivableExcludingAccruedInterestBeforeAllowanceForCreditLoss,USD,,2021-12-31,41693781000.0,10-K,2023-02-27
us-gaap,FinancingReceivableExcludingAccruedInterestBeforeAllowanceForCreditLoss,USD,,2022-03-31,43490682000.0,10-Q,2022-05-09
us-gaap,FinancingReceivableExcludingAccruedInterestBeforeAllowanceForCreditLoss,USD,,2022-06-30,46502076000.0,10-Q,2022-08-08
us-gaap,FinancingReceivableExcludingAccruedInterestBeforeAllowanceForCreditLoss,USD,,2022-09-30,47442255000.0,10-Q,2022-11-08
us-gaap,FinancingReceivableExcludingAccruedInterestBeforeAllowanceForCreditLoss,USD,,2022-12-31,48202430000.0,10-K,2023-02-27
us-gaap,FinancingReceivableExcludingAccruedInterestBeforeAllowanceForCreditLoss,USD,,2022-12-31,48202430000.0,10-Q,2023-05-09
us-gaap,FinancingReceivableExcludingAccruedInterestBeforeAllowanceForCreditLoss,USD,,2022-12-31,48202430000.0,10-Q,2023-08-08
us-gaap,FinancingReceivableExcludingAccruedInterestBeforeAllowanceForCreditLoss,USD,,2022-12-31,48202430000.0,10-Q,2023-11-08
us-gaap,FinancingReceivableExcludingAccruedInterestBeforeAllowanceForCreditLoss,USD,,2022-12-31,48202430000.0,10-K,2024-02-29
us-gaap,FinancingReceivableExcludingAccruedInterestBeforeAllowanceForCreditLoss,USD,,2023-03-31,48918048000.0,10-Q,2023-05-09
us-gaap,FinancingReceivableExcludingAccruedInterestBeforeAllowanceForCreditLoss,USD,,2023-06-30,49828364000.0,10-Q,2023-08-08
us-gaap,FinancingReceivableExcludingAccruedInterestBeforeAllowanceForCreditLoss,USD,,2023-09-30,50907184000.0,10-Q,2023-11-08
us-gaap,FinancingReceivableExcludingAccruedInterestBeforeAllowanceForCreditLoss,USD,,2023-12-31,52210782000.0,10-K,2024-02-29
us-gaap,FinancingReceivableExcludingAccruedInterestBeforeAllowanceForCreditLoss,USD,,2023-12-31,52210782000.0,10-Q,2024-05-09
us-gaap,FinancingReceivableExcludingAccruedInterestBeforeAllowanceForCreditLoss,USD,,2023-12-31,52210782000.0,10-Q,2024-08-08
us-gaap,FinancingReceivableExcludingAccruedInterestBeforeAllowanceForCreditLoss,USD,,2023-12-31,52210782000.0,10-Q,2024-11-08
us-gaap,FinancingReceivableExcludingAccruedInterestBeforeAllowanceForCreditLoss,USD,,2023-12-31,52210782000.0,10-K,2025-02-28
us-gaap,FinancingReceivableExcludingAccruedInterestBeforeAllowanceForCreditLoss,USD,,2024-03-31,51992504000.0,10-Q,2024-05-09
us-gaap,FinancingReceivableExcludingAccruedInterestBeforeAllowanceForCreditLoss,USD,,2024-06-30,52767909000.0,10-Q,2024-08-08
us-gaap,FinancingReceivableExcludingAccruedInterestBeforeAllowanceForCreditLoss,USD,,2024-09-30,53253181000.0,10-Q,2024-11-08
us-gaap,FinancingReceivableExcludingAccruedInterestBeforeAllowanceForCreditLoss,USD,,2024-12-31,53726637000.0,10-K,2025-02-28
us-gaap,FinancingReceivableExcludingAccruedInterestBeforeAllowanceForCreditLoss,USD,,2024-12-31,53726637000.0,10-Q,2025-05-09
us-gaap,FinancingReceivableExcludingAccruedInterestBeforeAllowanceForCreditLoss,USD,,2024-12-31,53726637000.0,10-Q,2025-08-07
us-gaap,FinancingReceivableExcludingAccruedInterestBeforeAllowanceForCreditLoss,USD,,2024-12-31,53726637000.0,10-Q,2025-11-07
us-gaap,FinancingReceivableExcludingAccruedInterestBeforeAllowanceForCreditLoss,USD,,2024-12-31,53726637000.0,10-K,2026-02-27
us-gaap,FinancingReceivableExcludingAccruedInterestBeforeAllowanceForCreditLoss,USD,,2025-03-31,54252734000.0,10-Q,2025-05-09
us-gaap,FinancingReceivableExcludingAccruedInterestBeforeAllowanceForCreditLoss,USD,,2025-06-30,54961184000.0,10-Q,2025-08-07
us-gaap,FinancingReceivableExcludingAccruedInterestBeforeAllowanceForCreditLoss,USD,,2025-09-30,55766772000.0,10-Q,2025-11-07
us-gaap,FinancingReceivableExcludingAccruedInterestBeforeAllowanceForCreditLoss,USD,,2025-12-31,56878172000.0,10-K,2026-02-27
us-gaap,FinancingReceivableExcludingAccruedInterestBeforeAllowanceForCreditLoss,USD,,2025-12-31,56878172000.0,10-Q,2026-05-08
us-gaap,FinancingReceivableExcludingAccruedInterestBeforeAllowanceForCreditLoss,USD,,2025-12-31,56878172000.0,10-Q,2026-08-07
us-gaap,FinancingReceivableExcludingAccruedInterestBeforeAllowanceForCreditLoss,USD,,2026-03-31,58100749000.0,10-Q,2026-05-08
us-gaap,FinancingReceivableExcludingAccruedInterestBeforeAllowanceForCreditLoss,USD,,2026-06-30,58963940000.0,10-Q,2026-08-07
us-gaap,InterestBearingDepositLiabilities,USD,,2010-12-31,12964793000.0,10-Q,2011-05-09
us-gaap,InterestBearingDepositLiabilities,USD,,2010-12-31,12964793000.0,10-Q,2011-08-08
us-gaap,InterestBearingDepositLiabilities,USD,,2010-12-31,12964793000.0,10-Q,2011-11-09
us-gaap,InterestBearingDepositLiabilities,USD,,2010-12-31,12964793000.0,10-K,2012-02-29
us-gaap,InterestBearingDepositLiabilities,USD,,2011-03-31,13484805000.0,10-Q,2011-05-09
us-gaap,InterestBearingDepositLiabilities,USD,,2011-06-30,13984093000.0,10-Q,2011-08-08
us-gaap,InterestBearingDepositLiabilities,USD,,2011-09-30,13931141000.0,10-Q,2011-11-09
us-gaap,InterestBearingDepositLiabilities,USD,,2011-12-31,13960207000.0,10-K,2012-02-29
us-gaap,InterestBearingDepositLiabilities,USD,,2011-12-31,13960207000.0,10-Q,2012-05-09
us-gaap,InterestBearingDepositLiabilities,USD,,2011-12-31,13960207000.0,10-Q,2012-08-08
us-gaap,InterestBearingDepositLiabilities,USD,,2011-12-31,13960207000.0,10-Q,2012-11-07
us-gaap,InterestBearingDepositLiabilities,USD,,2011-12-31,13960207000.0,10-K,2013-02-28
us-gaap,InterestBearingDepositLiabilities,USD,,2012-03-31,13648438000.0,10-Q,2012-05-09
us-gaap,InterestBearingDepositLiabilities,USD,,2012-06-30,13513756000.0,10-Q,2012-08-08
us-gaap,InterestBearingDepositLiabilities,USD,,2012-09-30,13547925000.0,10-Q,2012-11-07
us-gaap,InterestBearingDepositLiabilities,USD,,2012-12-31,13773477000.0,10-K,2013-02-28
us-gaap,InterestBearingDepositLiabilities,USD,,2012-12-31,13773477000.0,10-Q,2013-05-09
us-gaap,InterestBearingDepositLiabilities,USD,,2012-12-31,13773477000.0,10-Q,2013-08-08
us-gaap,InterestBearingDepositLiabilities,USD,,2012-12-31,13773477000.0,10-Q,2013-11-12
us-gaap,InterestBearingDepositLiabilities,USD,,2012-12-31,13773477000.0,10-K,2014-03-03
us-gaap,InterestBearingDepositLiabilities,USD,,2013-03-31,14097179000.0,10-Q,2013-05-09
us-gaap,InterestBearingDepositLiabilities,USD,,2013-06-30,14153313000.0,10-Q,2013-08-08
us-gaap,InterestBearingDepositLiabilities,USD,,2013-09-30,14601799000.0,10-Q,2013-11-12
us-gaap,InterestBearingDepositLiabilities,USD,,2013-12-31,14591019000.0,10-K,2014-03-03
us-gaap,InterestBearingDepositLiabilities,USD,,2013-12-31,14591019000.0,10-Q,2014-05-09
us-gaap,InterestBearingDepositLiabilities,USD,,2013-12-31,14591019000.0,10-Q,2014-08-08
us-gaap,InterestBearingDepositLiabilities,USD,,2013-12-31,14591019000.0,10-Q,2014-11-07
us-gaap,InterestBearingDepositLiabilities,USD,,2013-12-31,14591019000.0,10-K,2015-03-02
us-gaap,InterestBearingDepositLiabilities,USD,,2014-03-31,16191183000.0,10-Q,2014-05-09
us-gaap,InterestBearingDepositLiabilities,USD,,2014-06-30,15985139000.0,10-Q,2014-08-08
us-gaap,InterestBearingDepositLiabilities,USD,,2014-09-30,16541879000.0,10-Q,2014-11-07
us-gaap,InterestBearingDepositLiabilities,USD,,2014-12-31,16627744000.0,10-K,2015-03-02
us-gaap,InterestBearingDepositLiabilities,USD,,2014-12-31,16627744000.0,10-Q,2015-05-08
us-gaap,InterestBearingDepositLiabilities,USD,,2014-12-31,16627744000.0,10-Q,2015-08-07
us-gaap,InterestBearingDepositLiabilities,USD,,2014-12-31,16627744000.0,10-Q,2015-11-09
us-gaap,InterestBearingDepositLiabilities,USD,,2014-12-31,16627744000.0,10-K,2016-02-26
us-gaap,InterestBearingDepositLiabilities,USD,,2015-03-31,17042189000.0,10-Q,2015-05-08
us-gaap,InterestBearingDepositLiabilities,USD,,2015-06-30,17822885000.0,10-Q,2015-08-07
us-gaap,InterestBearingDepositLiabilities,USD,,2015-09-30,18384858000.0,10-Q,2015-11-09
us-gaap,InterestBearingDepositLiabilities,USD,,2015-12-31,18819176000.0,10-K,2016-02-26
us-gaap,InterestBearingDepositLiabilities,USD,,2015-12-31,18819176000.0,10-Q,2016-05-06
us-gaap,InterestBearingDepositLiabilities,USD,,2015-12-31,18819176000.0,10-Q,2016-08-05
us-gaap,InterestBearingDepositLiabilities,USD,,2015-12-31,18819176000.0,10-Q,2016-11-04
us-gaap,InterestBearingDepositLiabilities,USD,,2015-12-31,18819176000.0,10-K,2017-02-27
us-gaap,InterestBearingDepositLiabilities,USD,,2016-03-31,19134679000.0,10-Q,2016-05-06
us-gaap,InterestBearingDepositLiabilities,USD,,2016-06-30,18730063000.0,10-Q,2016-08-05
us-gaap,InterestBearingDepositLiabilities,USD,,2016-09-30,19068420000.0,10-Q,2016-11-04
us-gaap,InterestBearingDepositLiabilities,USD,,2016-12-31,19707037000.0,10-K,2017-02-27
us-gaap,InterestBearingDepositLiabilities,USD,,2016-12-31,19707037000.0,10-Q,2017-05-09
us-gaap,InterestBearingDepositLiabilities,USD,,2016-12-31,19707037000.0,10-Q,2017-08-08
us-gaap,InterestBearingDepositLiabilities,USD,,2016-12-31,19707037000.0,10-Q,2017-11-07
us-gaap,InterestBearingDepositLiabilities,USD,,2016-12-31,19707037000.0,10-K,2018-02-27
us-gaap,InterestBearingDepositLiabilities,USD,,2017-03-31,19884029000.0,10-Q,2017-05-09
us-gaap,InterestBearingDepositLiabilities,USD,,2017-06-30,20694057000.0,10-Q,2017-08-08
us-gaap,InterestBearingDepositLiabilities,USD,,2017-09-30,20318988000.0,10-Q,2017-11-07
us-gaap,InterestBearingDepositLiabilities,USD,,2017-12-31,20727757000.0,10-K,2018-02-27
us-gaap,InterestBearingDepositLiabilities,USD,,2017-12-31,20727757000.0,10-Q,2018-05-08
us-gaap,InterestBearingDepositLiabilities,USD,,2017-12-31,20727757000.0,10-Q,2018-08-07
us-gaap,InterestBearingDepositLiabilities,USD,,2017-12-31,20727757000.0,10-Q,2018-11-07
us-gaap,InterestBearingDepositLiabilities,USD,,2017-12-31,20727757000.0,10-K,2019-02-27
us-gaap,InterestBearingDepositLiabilities,USD,,2018-03-31,20844841000.0,10-Q,2018-05-08
us-gaap,InterestBearingDepositLiabilities,USD,,2018-06-30,22036799000.0,10-Q,2018-08-07
us-gaap,InterestBearingDepositLiabilities,USD,,2018-09-30,22834754000.0,10-Q,2018-11-07
us-gaap,InterestBearingDepositLiabilities,USD,,2018-12-31,24062619000.0,10-K,2019-02-27
us-gaap,InterestBearingDepositLiabilities,USD,,2018-12-31,24062619000.0,10-Q,2019-05-08
us-gaap,InterestBearingDepositLiabilities,USD,,2018-12-31,24062619000.0,10-Q,2019-08-07
us-gaap,InterestBearingDepositLiabilities,USD,,2018-12-31,24062619000.0,10-Q,2019-11-08
us-gaap,InterestBearingDepositLiabilities,USD,,2018-12-31,24062619000.0,10-K,2020-02-27
us-gaap,InterestBearingDepositLiabilities,USD,,2019-03-31,26262439000.0,10-Q,2019-05-08
us-gaap,InterestBearingDepositLiabilities,USD,,2019-06-30,25878454000.0,10-Q,2019-08-07
us-gaap,InterestBearingDepositLiabilities,USD,,2019-09-30,25852589000.0,10-Q,2019-11-08
us-gaap,InterestBearingDepositLiabilities,USD,,2019-12-31,26244223000.0,10-K,2020-02-27
us-gaap,InterestBearingDepositLiabilities,USD,,2019-12-31,26244223000.0,10-Q,2020-05-08
us-gaap,InterestBearingDepositLiabilities,USD,,2019-12-31,26244223000.0,10-Q,2020-08-07
us-gaap,InterestBearingDepositLiabilities,USD,,2019-12-31,26244223000.0,10-Q,2020-11-06
us-gaap,InterestBearingDepositLiabilities,USD,,2019-12-31,26244223000.0,10-K,2021-02-26
us-gaap,InterestBearingDepositLiabilities,USD,,2020-03-31,26853561000.0,10-Q,2020-05-08
us-gaap,InterestBearingDepositLiabilities,USD,,2020-06-30,26732258000.0,10-Q,2020-08-07
us-gaap,InterestBearingDepositLiabilities,USD,,2020-09-30,26755638000.0,10-Q,2020-11-06
us-gaap,InterestBearingDepositLiabilities,USD,,2020-12-31,28564451000.0,10-K,2021-02-26
us-gaap,InterestBearingDepositLiabilities,USD,,2020-12-31,28564451000.0,10-Q,2021-05-07
us-gaap,InterestBearingDepositLiabilities,USD,,2020-12-31,28564451000.0,10-Q,2021-08-06
us-gaap,InterestBearingDepositLiabilities,USD,,2020-12-31,28564451000.0,10-Q,2021-11-08
us-gaap,InterestBearingDepositLiabilities,USD,,2020-12-31,28564451000.0,10-K,2022-02-28
us-gaap,InterestBearingDepositLiabilities,USD,,2021-03-31,30627838000.0,10-Q,2021-05-07
us-gaap,InterestBearingDepositLiabilities,USD,,2021-06-30,30765854000.0,10-Q,2021-08-06
us-gaap,InterestBearingDepositLiabilities,USD,,2021-09-30,30180719000.0,10-Q,2021-11-08
us-gaap,InterestBearingDepositLiabilities,USD,,2021-12-31,30505068000.0,10-K,2022-02-28
us-gaap,InterestBearingDepositLiabilities,USD,,2021-12-31,30505068000.0,10-Q,2022-05-09
us-gaap,InterestBearingDepositLiabilities,USD,,2021-12-31,30505068000.0,10-Q,2022-08-08
us-gaap,InterestBearingDepositLiabilities,USD,,2021-12-31,30505068000.0,10-Q,2022-11-08
us-gaap,InterestBearingDepositLiabilities,USD,,2021-12-31,30505068000.0,10-K,2023-02-27
us-gaap,InterestBearingDepositLiabilities,USD,,2022-03-31,30010593000.0,10-Q,2022-05-09
us-gaap,InterestBearingDepositLiabilities,USD,,2022-06-30,31314523000.0,10-Q,2022-08-08
us-gaap,InterestBearingDepositLiabilities,USD,,2022-09-30,32211968000.0,10-Q,2022-11-08
us-gaap,InterestBearingDepositLiabilities,USD,,2022-12-31,34916759000.0,10-K,2023-02-27
us-gaap,InterestBearingDepositLiabilities,USD,,2022-12-31,34916759000.0,10-Q,2023-05-09
us-gaap,InterestBearingDepositLiabilities,USD,,2022-12-31,34916759000.0,10-Q,2023-08-08
us-gaap,InterestBearingDepositLiabilities,USD,,2022-12-31,34916759000.0,10-Q,2023-11-08
us-gaap,InterestBearingDepositLiabilities,USD,,2022-12-31,34916759000.0,10-K,2024-02-29
us-gaap,InterestBearingDepositLiabilities,USD,,2023-03-31,36410082000.0,10-Q,2023-05-09
us-gaap,InterestBearingDepositLiabilities,USD,,2023-06-30,38917687000.0,10-Q,2023-08-08
us-gaap,InterestBearingDepositLiabilities,USD,,2023-09-30,38917959000.0,10-Q,2023-11-08
us-gaap,InterestBearingDepositLiabilities,USD,,2023-12-31,40552566000.0,10-K,2024-02-29
us-gaap,InterestBearingDepositLiabilities,USD,,2023-12-31,40552566000.0,10-Q,2024-05-09
us-gaap,InterestBearingDepositLiabilities,USD,,2023-12-31,40552566000.0,10-Q,2024-08-08
us-gaap,InterestBearingDepositLiabilities,USD,,2023-12-31,40552566000.0,10-Q,2024-11-08
us-gaap,InterestBearingDepositLiabilities,USD,,2023-12-31,40552566000.0,10-K,2025-02-28
us-gaap,InterestBearingDepositLiabilities,USD,,2024-03-31,43761697000.0,10-Q,2024-05-09
us-gaap,InterestBearingDepositLiabilities,USD,,2024-06-30,45077044000.0,10-Q,2024-08-08
us-gaap,InterestBearingDepositLiabilities,USD,,2024-09-30,47009251000.0,10-Q,2024-11-08
us-gaap,InterestBearingDepositLiabilities,USD,,2024-12-31,47724595000.0,10-K,2025-02-28
us-gaap,InterestBearingDepositLiabilities,USD,,2024-12-31,47724595000.0,10-Q,2025-05-09
us-gaap,InterestBearingDepositLiabilities,USD,,2024-12-31,47724595000.0,10-Q,2025-08-07
us-gaap,InterestBearingDepositLiabilities,USD,,2024-12-31,47724595000.0,10-Q,2025-11-07
us-gaap,InterestBearingDepositLiabilities,USD,,2024-12-31,47724595000.0,10-K,2026-02-27
us-gaap,InterestBearingDepositLiabilities,USD,,2025-03-31,47882330000.0,10-Q,2025-05-09
us-gaap,InterestBearingDepositLiabilities,USD,,2025-06-30,49559254000.0,10-Q,2025-08-07
us-gaap,InterestBearingDepositLiabilities,USD,,2025-09-30,50445602000.0,10-Q,2025-11-07
us-gaap,InterestBearingDepositLiabilities,USD,,2025-12-31,50385602000.0,10-K,2026-02-27
us-gaap,InterestBearingDepositLiabilities,USD,,2025-12-31,50385602000.0,10-Q,2026-05-08
us-gaap,InterestBearingDepositLiabilities,USD,,2025-12-31,50385602000.0,10-Q,2026-08-07
us-gaap,InterestBearingDepositLiabilities,USD,,2026-03-31,51438596000.0,10-Q,2026-05-08
us-gaap,InterestBearingDepositLiabilities,USD,,2026-06-30,51736995000.0,10-Q,2026-08-07
us-gaap,InterestBearingDepositsInBanks,USD,,2013-12-31,60300000.0,10-K,2015-03-02
us-gaap,InterestBearingDepositsInBanks,USD,,2014-12-31,50200000.0,10-K,2015-03-02
us-gaap,InterestBearingDepositsInBanks,USD,,2014-12-31,0.0,10-K,2016-02-26
us-gaap,InterestBearingDepositsInBanks,USD,,2015-12-31,68000000.0,10-K,2016-02-26
us-gaap,InterestBearingDepositsInBanks,USD,,2015-12-31,1020170000.0,10-K,2017-02-27
us-gaap,InterestBearingDepositsInBanks,USD,,2016-12-31,1417944000.0,10-K,2017-02-27
us-gaap,InterestBearingDepositsInBanks,USD,,2016-12-31,1417944000.0,10-Q,2017-05-09
us-gaap,InterestBearingDepositsInBanks,USD,,2016-12-31,1417944000.0,10-Q,2017-08-08
us-gaap,InterestBearingDepositsInBanks,USD,,2016-12-31,1417944000.0,10-Q,2017-11-07
us-gaap,InterestBearingDepositsInBanks,USD,,2016-12-31,1417944000.0,10-K,2018-02-27
us-gaap,InterestBearingDepositsInBanks,USD,,2017-03-31,2088638000.0,10-Q,2017-05-09
us-gaap,InterestBearingDepositsInBanks,USD,,2017-06-30,2323355000.0,10-Q,2017-08-08
us-gaap,InterestBearingDepositsInBanks,USD,,2017-09-30,1372421000.0,10-Q,2017-11-07
us-gaap,InterestBearingDepositsInBanks,USD,,2017-12-31,1717411000.0,10-K,2018-02-27
us-gaap,InterestBearingDepositsInBanks,USD,,2017-12-31,1717411000.0,10-Q,2018-05-08
us-gaap,InterestBearingDepositsInBanks,USD,,2017-12-31,1717411000.0,10-Q,2018-08-07
us-gaap,InterestBearingDepositsInBanks,USD,,2017-12-31,1717411000.0,10-Q,2018-11-07
us-gaap,InterestBearingDepositsInBanks,USD,,2017-12-31,1717411000.0,10-K,2019-02-27
us-gaap,InterestBearingDepositsInBanks,USD,,2018-03-31,1901921000.0,10-Q,2018-05-08
us-gaap,InterestBearingDepositsInBanks,USD,,2018-06-30,1881818000.0,10-Q,2018-08-07
us-gaap,InterestBearingDepositsInBanks,USD,,2018-09-30,1810738000.0,10-Q,2018-11-07
us-gaap,InterestBearingDepositsInBanks,USD,,2018-12-31,2485086000.0,10-K,2019-02-27
us-gaap,InterestBearingDepositsInBanks,USD,,2018-12-31,2485086000.0,10-Q,2019-05-08
us-gaap,InterestBearingDepositsInBanks,USD,,2018-12-31,2485086000.0,10-Q,2019-08-07
us-gaap,InterestBearingDepositsInBanks,USD,,2018-12-31,2485086000.0,10-Q,2019-11-08
us-gaap,InterestBearingDepositsInBanks,USD,,2018-12-31,2485086000.0,10-K,2020-02-27
us-gaap,InterestBearingDepositsInBanks,USD,,2019-03-31,3323071000.0,10-Q,2019-05-08
us-gaap,InterestBearingDepositsInBanks,USD,,2019-06-30,3195665000.0,10-Q,2019-08-07
us-gaap,InterestBearingDepositsInBanks,USD,,2019-09-30,2566990000.0,10-Q,2019-11-08
us-gaap,InterestBearingDepositsInBanks,USD,,2019-12-31,2724928000.0,10-K,2020-02-27
us-gaap,InterestBearingDepositsInBanks,USD,,2019-12-31,2724928000.0,10-Q,2020-05-08
us-gaap,InterestBearingDepositsInBanks,USD,,2019-12-31,2724928000.0,10-Q,2020-08-07
us-gaap,InterestBearingDepositsInBanks,USD,,2019-12-31,2724928000.0,10-Q,2020-11-06
us-gaap,InterestBearingDepositsInBanks,USD,,2019-12-31,2724928000.0,10-K,2021-02-26
us-gaap,InterestBearingDepositsInBanks,USD,,2020-03-31,2652627000.0,10-Q,2020-05-08
us-gaap,InterestBearingDepositsInBanks,USD,,2020-06-30,3930528000.0,10-Q,2020-08-07
us-gaap,InterestBearingDepositsInBanks,USD,,2020-09-30,4003565000.0,10-Q,2020-11-06
us-gaap,InterestBearingDepositsInBanks,USD,,2020-12-31,3425854000.0,10-K,2021-02-26
us-gaap,InterestBearingDepositsInBanks,USD,,2020-12-31,3425854000.0,10-Q,2021-05-07
us-gaap,InterestBearingDepositsInBanks,USD,,2020-12-31,3425854000.0,10-Q,2021-08-06
us-gaap,InterestBearingDepositsInBanks,USD,,2020-12-31,3425854000.0,10-Q,2021-11-08
us-gaap,InterestBearingDepositsInBanks,USD,,2020-12-31,3425854000.0,10-K,2022-02-28
us-gaap,InterestBearingDepositsInBanks,USD,,2021-03-31,4036863000.0,10-Q,2021-05-07
us-gaap,InterestBearingDepositsInBanks,USD,,2021-06-30,5371089000.0,10-Q,2021-08-06
us-gaap,InterestBearingDepositsInBanks,USD,,2021-09-30,4258270000.0,10-Q,2021-11-08
us-gaap,InterestBearingDepositsInBanks,USD,,2021-12-31,3385618000.0,10-K,2022-02-28
us-gaap,InterestBearingDepositsInBanks,USD,,2021-12-31,3385618000.0,10-Q,2022-05-09
us-gaap,InterestBearingDepositsInBanks,USD,,2021-12-31,3385618000.0,10-Q,2022-08-08
us-gaap,InterestBearingDepositsInBanks,USD,,2021-12-31,3385618000.0,10-Q,2022-11-08
us-gaap,InterestBearingDepositsInBanks,USD,,2021-12-31,3385618000.0,10-K,2023-02-27
us-gaap,InterestBearingDepositsInBanks,USD,,2022-03-31,3277129000.0,10-Q,2022-05-09
us-gaap,InterestBearingDepositsInBanks,USD,,2022-06-30,1213117000.0,10-Q,2022-08-08
us-gaap,InterestBearingDepositsInBanks,USD,,2022-09-30,1609093000.0,10-Q,2022-11-08
us-gaap,InterestBearingDepositsInBanks,USD,,2022-12-31,2946804000.0,10-K,2023-02-27
us-gaap,InterestBearingDepositsInBanks,USD,,2022-12-31,2946804000.0,10-Q,2023-05-09
us-gaap,InterestBearingDepositsInBanks,USD,,2022-12-31,2946804000.0,10-Q,2023-08-08
us-gaap,InterestBearingDepositsInBanks,USD,,2022-12-31,2946804000.0,10-Q,2023-11-08
us-gaap,InterestBearingDepositsInBanks,USD,,2022-12-31,2946804000.0,10-K,2024-02-29
us-gaap,InterestBearingDepositsInBanks,USD,,2023-03-31,5173877000.0,10-Q,2023-05-09
us-gaap,InterestBearingDepositsInBanks,USD,,2023-06-30,5763834000.0,10-Q,2023-08-08
us-gaap,InterestBearingDepositsInBanks,USD,,2023-09-30,4065202000.0,10-Q,2023-11-08
us-gaap,InterestBearingDepositsInBanks,USD,,2023-12-31,4170191000.0,10-K,2024-02-29
us-gaap,InterestBearingDepositsInBanks,USD,,2023-12-31,4170191000.0,10-Q,2024-05-09
us-gaap,InterestBearingDepositsInBanks,USD,,2023-12-31,4170191000.0,10-Q,2024-08-08
us-gaap,InterestBearingDepositsInBanks,USD,,2023-12-31,4170191000.0,10-Q,2024-11-08
us-gaap,InterestBearingDepositsInBanks,USD,,2023-12-31,4170191000.0,10-K,2025-02-28
us-gaap,InterestBearingDepositsInBanks,USD,,2024-03-31,3828317000.0,10-Q,2024-05-09
us-gaap,InterestBearingDepositsInBanks,USD,,2024-06-30,3905080000.0,10-Q,2024-08-08
us-gaap,InterestBearingDepositsInBanks,USD,,2024-09-30,4497906000.0,10-Q,2024-11-08
us-gaap,InterestBearingDepositsInBanks,USD,,2024-12-31,4890008000.0,10-K,2025-02-28
us-gaap,InterestBearingDepositsInBanks,USD,,2024-12-31,4890008000.0,10-Q,2025-05-09
us-gaap,InterestBearingDepositsInBanks,USD,,2024-12-31,4890008000.0,10-Q,2025-08-07
us-gaap,InterestBearingDepositsInBanks,USD,,2024-12-31,4890008000.0,10-Q,2025-11-07
us-gaap,InterestBearingDepositsInBanks,USD,,2024-12-31,4890008000.0,10-K,2026-02-27
us-gaap,InterestBearingDepositsInBanks,USD,,2025-03-31,3053710000.0,10-Q,2025-05-09
us-gaap,InterestBearingDepositsInBanks,USD,,2025-06-30,3697784000.0,10-Q,2025-08-07
us-gaap,InterestBearingDepositsInBanks,USD,,2025-09-30,4017647000.0,10-Q,2025-11-07
us-gaap,InterestBearingDepositsInBanks,USD,,2025-12-31,3532014000.0,10-K,2026-02-27
us-gaap,InterestBearingDepositsInBanks,USD,,2025-12-31,3532014000.0,10-Q,2026-05-08
us-gaap,InterestBearingDepositsInBanks,USD,,2025-12-31,3532014000.0,10-Q,2026-08-07
us-gaap,InterestBearingDepositsInBanks,USD,,2026-03-31,3781794000.0,10-Q,2026-05-08
us-gaap,InterestBearingDepositsInBanks,USD,,2026-06-30,4524083000.0,10-Q,2026-08-07
us-gaap,LoansAndLeasesReceivableGrossCarryingAmount,USD,,2010-12-31,14673161000.0,10-Q,2011-11-09
us-gaap,LoansAndLeasesReceivableGrossCarryingAmount,USD,,2010-12-31,14673161000.0,10-Q,2011-08-08
us-gaap,LoansAndLeasesReceivableGrossCarryingAmount,USD,,2010-12-31,14673161000.0,10-K,2012-02-29
us-gaap,LoansAndLeasesReceivableGrossCarryingAmount,USD,,2011-06-30,14648884000.0,10-Q,2011-08-08
us-gaap,LoansAndLeasesReceivableGrossCarryingAmount,USD,,2011-09-30,14825517000.0,10-Q,2011-11-09
us-gaap,LoansAndLeasesReceivableGrossCarryingAmount,USD,,2011-12-31,15006510000.0,10-K,2013-02-28
us-gaap,LoansAndLeasesReceivableGrossCarryingAmount,USD,,2011-12-31,15006510000.0,10-Q,2012-11-07
us-gaap,LoansAndLeasesReceivableGrossCarryingAmount,USD,,2011-12-31,15006510000.0,10-Q,2012-08-08
us-gaap,LoansAndLeasesReceivableGrossCarryingAmount,USD,,2011-12-31,15006510000.0,10-Q,2012-05-09
us-gaap,LoansAndLeasesReceivableGrossCarryingAmount,USD,,2011-12-31,15006510000.0,10-K,2012-02-29
us-gaap,LoansAndLeasesReceivableGrossCarryingAmount,USD,,2012-03-31,14901221000.0,10-Q,2012-05-09
us-gaap,LoansAndLeasesReceivableGrossCarryingAmount,USD,,2012-06-30,14864029000.0,10-Q,2012-08-08
us-gaap,LoansAndLeasesReceivableGrossCarryingAmount,USD,,2012-09-30,14922215000.0,10-Q,2012-11-07
us-gaap,LoansAndLeasesReceivableGrossCarryingAmount,USD,,2012-12-31,15409829000.0,10-K,2014-03-03
us-gaap,LoansAndLeasesReceivableGrossCarryingAmount,USD,,2012-12-31,15409829000.0,10-Q,2013-11-12
us-gaap,LoansAndLeasesReceivableGrossCarryingAmount,USD,,2012-12-31,15409829000.0,10-Q,2013-08-08
us-gaap,LoansAndLeasesReceivableGrossCarryingAmount,USD,,2012-12-31,15409829000.0,10-Q,2013-05-09
us-gaap,LoansAndLeasesReceivableGrossCarryingAmount,USD,,2012-12-31,15409829000.0,10-K,2013-02-28
us-gaap,LoansAndLeasesReceivableGrossCarryingAmount,USD,,2013-03-31,15592369000.0,10-Q,2013-05-09
us-gaap,LoansAndLeasesReceivableGrossCarryingAmount,USD,,2013-06-30,16434687000.0,10-Q,2013-08-08
us-gaap,LoansAndLeasesReceivableGrossCarryingAmount,USD,,2013-09-30,17290257000.0,10-Q,2013-11-12
us-gaap,LoansAndLeasesReceivableGrossCarryingAmount,USD,,2013-12-31,18139877000.0,10-Q,2014-05-09
us-gaap,LoansAndLeasesReceivableGrossCarryingAmount,USD,,2013-12-31,18139877000.0,10-K,2014-03-03
us-gaap,LoansAndLeasesReceivableGrossCarryingAmount,USD,,2014-03-31,19568370000.0,10-Q,2014-05-09
us-gaap,LoansAndLeasesReceivableNetReportedAmount,USD,,2010-12-31,13231075000.0,10-Q,2011-05-09
us-gaap,LoansAndLeasesReceivableNetReportedAmount,USD,,2010-12-31,13231075000.0,10-Q,2011-08-08
us-gaap,LoansAndLeasesReceivableNetReportedAmount,USD,,2010-12-31,13231075000.0,10-Q,2011-11-09
us-gaap,LoansAndLeasesReceivableNetReportedAmount,USD,,2010-12-31,13231075000.0,10-K,2012-02-29
us-gaap,LoansAndLeasesReceivableNetReportedAmount,USD,,2011-03-31,13166261000.0,10-Q,2011-05-09
us-gaap,LoansAndLeasesReceivableNetReportedAmount,USD,,2011-06-30,13457769000.0,10-Q,2011-08-08
us-gaap,LoansAndLeasesReceivableNetReportedAmount,USD,,2011-09-30,13718668000.0,10-Q,2011-11-09
us-gaap,LoansAndLeasesReceivableNetReportedAmount,USD,,2011-12-31,13984930000.0,10-K,2012-02-29
us-gaap,LoansAndLeasesReceivableNetReportedAmount,USD,,2011-12-31,13984930000.0,10-Q,2012-05-09
us-gaap,LoansAndLeasesReceivableNetReportedAmount,USD,,2011-12-31,13984930000.0,10-Q,2012-08-08
us-gaap,LoansAndLeasesReceivableNetReportedAmount,USD,,2011-12-31,10061788000.0,10-Q,2012-11-07
us-gaap,LoansAndLeasesReceivableNetReportedAmount,USD,,2011-12-31,10061788000.0,10-K,2013-02-28
us-gaap,LoansAndLeasesReceivableNetReportedAmount,USD,,2012-03-31,13948524000.0,10-Q,2012-05-09
us-gaap,LoansAndLeasesReceivableNetReportedAmount,USD,,2012-06-30,13972267000.0,10-Q,2012-08-08
us-gaap,LoansAndLeasesReceivableNetReportedAmount,USD,,2012-09-30,10916386000.0,10-Q,2012-11-07
us-gaap,LoansAndLeasesReceivableNetReportedAmount,USD,,2012-12-31,11710190000.0,10-K,2013-02-28
us-gaap,LoansAndLeasesReceivableNetReportedAmount,USD,,2012-12-31,11710190000.0,10-Q,2013-05-09
us-gaap,LoansAndLeasesReceivableNetReportedAmount,USD,,2012-12-31,11710190000.0,10-Q,2013-08-08
us-gaap,LoansAndLeasesReceivableNetReportedAmount,USD,,2012-12-31,11710190000.0,10-Q,2013-11-12
us-gaap,LoansAndLeasesReceivableNetReportedAmount,USD,,2012-12-31,11710190000.0,10-K,2014-03-03
us-gaap,LoansAndLeasesReceivableNetReportedAmount,USD,,2013-03-31,12119903000.0,10-Q,2013-05-09
us-gaap,LoansAndLeasesReceivableNetReportedAmount,USD,,2013-06-30,13264215000.0,10-Q,2013-08-08
us-gaap,LoansAndLeasesReceivableNetReportedAmount,USD,,2013-09-30,14338787000.0,10-Q,2013-11-12
us-gaap,LoansAndLeasesReceivableNetReportedAmount,USD,,2013-12-31,15412715000.0,10-K,2014-03-03
us-gaap,LoansAndLeasesReceivableNetReportedAmount,USD,,2013-12-31,15412715000.0,10-Q,2014-05-09
us-gaap,LoansAndLeasesReceivableNetReportedAmount,USD,,2013-12-31,15412715000.0,10-Q,2014-08-08
us-gaap,LoansAndLeasesReceivableNetReportedAmount,USD,,2013-12-31,15412715000.0,10-Q,2014-11-07
us-gaap,LoansAndLeasesReceivableNetReportedAmount,USD,,2013-12-31,15412715000.0,10-K,2015-03-02
us-gaap,LoansAndLeasesReceivableNetReportedAmount,USD,,2014-03-31,17053444000.0,10-Q,2014-05-09
us-gaap,LoansAndLeasesReceivableNetReportedAmount,USD,,2014-06-30,18025711000.0,10-Q,2014-08-08
us-gaap,LoansAndLeasesReceivableNetReportedAmount,USD,,2014-09-30,19097117000.0,10-Q,2014-11-07
us-gaap,LoansAndLeasesReceivableNetReportedAmount,USD,,2014-12-31,19994081000.0,10-K,2015-03-02
us-gaap,LoansAndLeasesReceivableNetReportedAmount,USD,,2015-12-31,23378789000.0,10-Q,2016-05-06
us-gaap,LoansAndLeasesReceivableNetReportedAmount,USD,,2015-12-31,23378789000.0,10-Q,2016-08-05
us-gaap,LoansAndLeasesReceivableNetReportedAmount,USD,,2015-12-31,23378789000.0,10-Q,2016-11-04
us-gaap,LoansAndLeasesReceivableNetReportedAmount,USD,,2015-12-31,23378789000.0,10-K,2017-02-27
us-gaap,LoansAndLeasesReceivableNetReportedAmount,USD,,2016-03-31,23494126000.0,10-Q,2016-05-06
us-gaap,LoansAndLeasesReceivableNetReportedAmount,USD,,2016-06-30,23969599000.0,10-Q,2016-08-05
us-gaap,LoansAndLeasesReceivableNetReportedAmount,USD,,2016-09-30,24476150000.0,10-Q,2016-11-04
us-gaap,LoansAndLeasesReceivableNetReportedAmount,USD,,2016-12-31,25242619000.0,10-K,2017-02-27
us-gaap,LoansAndLeasesReceivableNetReportedAmount,USD,,2016-12-31,25242619000.0,10-Q,2017-05-09
us-gaap,LoansAndLeasesReceivableNetReportedAmount,USD,,2016-12-31,25242619000.0,10-Q,2017-08-08
us-gaap,LoansAndLeasesReceivableNetReportedAmount,USD,,2016-12-31,25242619000.0,10-Q,2017-11-07
us-gaap,LoansAndLeasesReceivableNetReportedAmount,USD,,2016-12-31,25242619000.0,10-K,2018-02-27
us-gaap,LoansAndLeasesReceivableNetReportedAmount,USD,,2017-03-31,26198198000.0,10-Q,2017-05-09
us-gaap,LoansAndLeasesReceivableNetReportedAmount,USD,,2017-06-30,26934350000.0,10-Q,2017-08-08
us-gaap,LoansAndLeasesReceivableNetReportedAmount,USD,,2017-09-30,28239431000.0,10-Q,2017-11-07
us-gaap,LoansAndLeasesReceivableNetReportedAmount,USD,,2017-12-31,28688590000.0,10-K,2018-02-27
us-gaap,LoansAndLeasesReceivableNetReportedAmount,USD,,2017-12-31,28688590000.0,10-Q,2018-05-08
us-gaap,LoansAndLeasesReceivableNetReportedAmount,USD,,2017-12-31,28688590000.0,10-Q,2018-08-07
us-gaap,LoansAndLeasesReceivableNetReportedAmount,USD,,2017-12-31,28688590000.0,10-Q,2018-11-07
us-gaap,LoansAndLeasesReceivableNetReportedAmount,USD,,2017-12-31,28688590000.0,10-K,2019-02-27
us-gaap,LoansAndLeasesReceivableNetReportedAmount,USD,,2018-03-31,29257594000.0,10-Q,2018-05-08
us-gaap,LoansAndLeasesReceivableNetReportedAmount,USD,,2018-06-30,29928829000.0,10-Q,2018-08-07
us-gaap,LoansAndLeasesReceivableNetReportedAmount,USD,,2018-09-30,30900144000.0,10-Q,2018-11-07
us-gaap,LoansAndLeasesReceivableNetReportedAmount,USD,,2018-12-31,32073867000.0,10-K,2019-02-27
us-gaap,LoansAndLeasesReceivableNetReportedAmount,USD,,2018-12-31,32073867000.0,10-Q,2019-05-08
us-gaap,LoansAndLeasesReceivableNetReportedAmount,USD,,2018-12-31,32073867000.0,10-Q,2019-08-07
us-gaap,LoansAndLeasesReceivableNetReportedAmount,USD,,2018-12-31,32073867000.0,10-Q,2019-11-08
us-gaap,LoansAndLeasesReceivableNetReportedAmount,USD,,2018-12-31,32073867000.0,10-K,2020-02-27
us-gaap,LoansAndLeasesReceivableNetReportedAmount,USD,,2019-03-31,32545392000.0,10-Q,2019-05-08
us-gaap,LoansAndLeasesReceivableNetReportedAmount,USD,,2019-06-30,33399752000.0,10-Q,2019-08-07
us-gaap,LoansAndLeasesReceivableNetReportedAmount,USD,,2019-09-30,33679400000.0,10-Q,2019-11-08
us-gaap,LoansAndLeasesReceivableNetReportedAmount,USD,,2019-12-31,34420252000.0,10-K,2020-02-27
us-gaap,LongTermDebt,USD,,2010-12-31,235570000.0,10-Q,2011-05-09
us-gaap,LongTermDebt,USD,,2010-12-31,235570000.0,10-Q,2011-08-08
us-gaap,LongTermDebt,USD,,2010-12-31,235570000.0,10-Q,2011-11-09
us-gaap,LongTermDebt,USD,,2010-12-31,235570000.0,10-K,2012-02-29
us-gaap,LongTermDebt,USD,,2011-03-31,235570000.0,10-Q,2011-05-09
us-gaap,LongTermDebt,USD,,2011-06-30,225261000.0,10-Q,2011-08-08
us-gaap,LongTermDebt,USD,,2011-09-30,214178000.0,10-Q,2011-11-09
us-gaap,LongTermDebt,USD,,2011-12-31,212178000.0,10-K,2012-02-29
us-gaap,LongTermDebt,USD,,2011-12-31,212178000.0,10-Q,2012-05-09
us-gaap,LongTermDebt,USD,,2011-12-31,212178000.0,10-Q,2012-08-08
us-gaap,LongTermDebt,USD,,2011-12-31,212178000.0,10-Q,2012-11-07
us-gaap,LongTermDebt,USD,,2011-12-31,212178000.0,10-K,2013-02-28
us-gaap,LongTermDebt,USD,,2012-03-31,212178000.0,10-Q,2012-05-09
us-gaap,LongTermDebt,USD,,2012-06-30,212178000.0,10-Q,2012-08-08
us-gaap,LongTermDebt,USD,,2012-09-30,137178000.0,10-Q,2012-11-07
us-gaap,LongTermDebt,USD,,2012-12-31,137178000.0,10-K,2013-02-28
us-gaap,LongTermDebt,USD,,2012-12-31,137178000.0,10-Q,2013-05-09
us-gaap,LongTermDebt,USD,,2012-12-31,137178000.0,10-Q,2013-08-08
us-gaap,LongTermDebt,USD,,2012-12-31,137178000.0,10-Q,2013-11-12
us-gaap,LongTermDebt,USD,,2012-12-31,137178000.0,10-K,2014-03-03
us-gaap,LongTermDebt,USD,,2013-03-31,137178000.0,10-Q,2013-05-09
us-gaap,LongTermDebt,USD,,2013-06-30,137178000.0,10-Q,2013-08-08
us-gaap,LongTermDebt,USD,,2013-09-30,187178000.0,10-Q,2013-11-12
us-gaap,LongTermDebt,USD,,2013-12-31,226868000.0,10-K,2014-03-03
us-gaap,LongTermDebt,USD,,2013-12-31,226868000.0,10-Q,2014-05-09
us-gaap,LongTermDebt,USD,,2013-12-31,226868000.0,10-Q,2014-08-08
us-gaap,LongTermDebt,USD,,2013-12-31,226868000.0,10-Q,2014-11-07
us-gaap,LongTermDebt,USD,,2013-12-31,226868000.0,10-K,2015-03-02
us-gaap,LongTermDebt,USD,,2014-03-31,240675000.0,10-Q,2014-05-09
us-gaap,LongTermDebt,USD,,2014-06-30,235732000.0,10-Q,2014-08-08
us-gaap,LongTermDebt,USD,,2014-09-30,230790000.0,10-Q,2014-11-07
us-gaap,LongTermDebt,USD,,2014-12-31,225848000.0,10-K,2015-03-02
us-gaap,LongTermDebt,USD,,2014-12-31,225848000.0,10-Q,2015-05-08
us-gaap,LongTermDebt,USD,,2014-12-31,225848000.0,10-Q,2015-08-07
us-gaap,LongTermDebt,USD,,2014-12-31,225848000.0,10-Q,2015-11-09
us-gaap,LongTermDebt,USD,,2014-12-31,225848000.0,10-K,2016-02-26
us-gaap,LongTermDebt,USD,,2015-03-31,220905000.0,10-Q,2015-05-08
us-gaap,LongTermDebt,USD,,2015-06-30,215964000.0,10-Q,2015-08-07
us-gaap,LongTermDebt,USD,,2015-09-30,211024000.0,10-Q,2015-11-09
us-gaap,LongTermDebt,USD,,2015-12-31,206084000.0,10-K,2016-02-26
us-gaap,LongTermDebt,USD,,2015-12-31,206084000.0,10-Q,2016-05-06
us-gaap,LongTermDebt,USD,,2015-12-31,206084000.0,10-Q,2016-08-05
us-gaap,LongTermDebt,USD,,2015-12-31,206084000.0,10-Q,2016-11-04
us-gaap,LongTermDebt,USD,,2015-12-31,206084000.0,10-K,2017-02-27
us-gaap,LongTermDebt,USD,,2016-03-31,201102000.0,10-Q,2016-05-06
us-gaap,LongTermDebt,USD,,2016-06-30,196204000.0,10-Q,2016-08-05
us-gaap,LongTermDebt,USD,,2016-09-30,191265000.0,10-Q,2016-11-04
us-gaap,LongTermDebt,USD,,2016-12-31,186327000.0,10-K,2017-02-27
us-gaap,LongTermDebt,USD,,2016-12-31,186327000.0,10-Q,2017-05-09
us-gaap,LongTermDebt,USD,,2016-12-31,186327000.0,10-Q,2017-08-08
us-gaap,LongTermDebt,USD,,2016-12-31,186327000.0,10-Q,2017-11-07
us-gaap,LongTermDebt,USD,,2016-12-31,186327000.0,10-K,2018-02-27
us-gaap,LongTermDebt,USD,,2017-03-31,181388000.0,10-Q,2017-05-09
us-gaap,LongTermDebt,USD,,2017-06-30,176450000.0,10-Q,2017-08-08
us-gaap,LongTermDebt,USD,,2017-09-30,176513000.0,10-Q,2017-11-07
us-gaap,LongTermDebt,USD,,2017-12-31,171577000.0,10-K,2018-02-27
us-gaap,LongTermDebt,USD,,2017-12-31,171577000.0,10-Q,2018-05-08
us-gaap,LongTermDebt,USD,,2017-12-31,171577000.0,10-Q,2018-08-07
us-gaap,LongTermDebt,USD,,2017-12-31,171577000.0,10-Q,2018-11-07
us-gaap,LongTermDebt,USD,,2017-12-31,171577000.0,10-K,2019-02-27
us-gaap,LongTermDebt,USD,,2018-03-31,166640000.0,10-Q,2018-05-08
us-gaap,LongTermDebt,USD,,2018-06-30,161704000.0,10-Q,2018-08-07
us-gaap,LongTermDebt,USD,,2018-09-30,156770000.0,10-Q,2018-11-07
us-gaap,LongTermDebt,USD,,2018-12-31,146835000.0,10-K,2019-02-27
us-gaap,LongTermDebt,USD,,2018-12-31,146835000.0,10-Q,2019-05-08
us-gaap,LongTermDebt,USD,,2018-12-31,146835000.0,10-Q,2019-08-07
us-gaap,LongTermDebt,USD,,2018-12-31,146835000.0,10-Q,2019-11-08
us-gaap,LongTermDebt,USD,,2018-12-31,146835000.0,10-K,2020-02-27
us-gaap,NoninterestBearingDepositLiabilities,USD,,2010-12-31,2676466000.0,10-Q,2011-05-09
us-gaap,NoninterestBearingDepositLiabilities,USD,,2010-12-31,2676466000.0,10-Q,2011-08-08
us-gaap,NoninterestBearingDepositLiabilities,USD,,2010-12-31,2676466000.0,10-Q,2011-11-09
us-gaap,NoninterestBearingDepositLiabilities,USD,,2010-12-31,2676466000.0,10-K,2012-02-29
us-gaap,NoninterestBearingDepositLiabilities,USD,,2011-03-31,2951793000.0,10-Q,2011-05-09
us-gaap,NoninterestBearingDepositLiabilities,USD,,2011-06-30,3151660000.0,10-Q,2011-08-08
us-gaap,NoninterestBearingDepositLiabilities,USD,,2011-09-30,3377559000.0,10-Q,2011-11-09
us-gaap,NoninterestBearingDepositLiabilities,USD,,2011-12-31,3492795000.0,10-K,2012-02-29
us-gaap,NoninterestBearingDepositLiabilities,USD,,2011-12-31,3492795000.0,10-Q,2012-05-09
us-gaap,NoninterestBearingDepositLiabilities,USD,,2011-12-31,3492795000.0,10-Q,2012-08-08
us-gaap,NoninterestBearingDepositLiabilities,USD,,2011-12-31,3492795000.0,10-Q,2012-11-07
us-gaap,NoninterestBearingDepositLiabilities,USD,,2011-12-31,3492795000.0,10-K,2013-02-28
us-gaap,NoninterestBearingDepositLiabilities,USD,,2012-03-31,3690131000.0,10-Q,2012-05-09
us-gaap,NoninterestBearingDepositLiabilities,USD,,2012-06-30,3828116000.0,10-Q,2012-08-08
us-gaap,NoninterestBearingDepositLiabilities,USD,,2012-09-30,4118502000.0,10-Q,2012-11-07
us-gaap,NoninterestBearingDepositLiabilities,USD,,2012-12-31,4535877000.0,10-K,2013-02-28
us-gaap,NoninterestBearingDepositLiabilities,USD,,2012-12-31,4535877000.0,10-Q,2013-05-09
us-gaap,NoninterestBearingDepositLiabilities,USD,,2012-12-31,4535877000.0,10-Q,2013-08-08
us-gaap,NoninterestBearingDepositLiabilities,USD,,2012-12-31,4535877000.0,10-Q,2013-11-12
us-gaap,NoninterestBearingDepositLiabilities,USD,,2012-12-31,4535877000.0,10-K,2014-03-03
us-gaap,NoninterestBearingDepositLiabilities,USD,,2013-03-31,4838523000.0,10-Q,2013-05-09
us-gaap,NoninterestBearingDepositLiabilities,USD,,2013-06-30,5128894000.0,10-Q,2013-08-08
us-gaap,NoninterestBearingDepositLiabilities,USD,,2013-09-30,5757341000.0,10-Q,2013-11-12
us-gaap,NoninterestBearingDepositLiabilities,USD,,2013-12-31,5821899000.0,10-K,2014-03-03
us-gaap,NoninterestBearingDepositLiabilities,USD,,2013-12-31,5821899000.0,10-Q,2014-05-09
us-gaap,NoninterestBearingDepositLiabilities,USD,,2013-12-31,5821899000.0,10-Q,2014-08-08
us-gaap,NoninterestBearingDepositLiabilities,USD,,2013-12-31,5821899000.0,10-Q,2014-11-07
us-gaap,NoninterestBearingDepositLiabilities,USD,,2013-12-31,5821899000.0,10-K,2015-03-02
us-gaap,NoninterestBearingDepositLiabilities,USD,,2014-03-31,6636874000.0,10-Q,2014-05-09
us-gaap,NoninterestBearingDepositLiabilities,USD,,2014-06-30,6889950000.0,10-Q,2014-08-08
us-gaap,NoninterestBearingDepositLiabilities,USD,,2014-09-30,7270385000.0,10-Q,2014-11-07
us-gaap,NoninterestBearingDepositLiabilities,USD,,2014-12-31,7381030000.0,10-K,2015-03-02
us-gaap,NoninterestBearingDepositLiabilities,USD,,2014-12-31,7381030000.0,10-Q,2015-05-08
us-gaap,NoninterestBearingDepositLiabilities,USD,,2014-12-31,7381030000.0,10-Q,2015-08-07
us-gaap,NoninterestBearingDepositLiabilities,USD,,2014-12-31,7381030000.0,10-Q,2015-11-09
us-gaap,NoninterestBearingDepositLiabilities,USD,,2014-12-31,7381030000.0,10-K,2016-02-26
us-gaap,NoninterestBearingDepositLiabilities,USD,,2015-03-31,8120644000.0,10-Q,2015-05-08
us-gaap,NoninterestBearingDepositLiabilities,USD,,2015-06-30,7705335000.0,10-Q,2015-08-07
us-gaap,NoninterestBearingDepositLiabilities,USD,,2015-09-30,8374192000.0,10-Q,2015-11-09
us-gaap,NoninterestBearingDepositLiabilities,USD,,2015-12-31,8656805000.0,10-K,2016-02-26
us-gaap,NoninterestBearingDepositLiabilities,USD,,2015-12-31,8656805000.0,10-Q,2016-05-06
us-gaap,NoninterestBearingDepositLiabilities,USD,,2015-12-31,8656805000.0,10-Q,2016-08-05
us-gaap,NoninterestBearingDepositLiabilities,USD,,2015-12-31,8656805000.0,10-Q,2016-11-04
us-gaap,NoninterestBearingDepositLiabilities,USD,,2015-12-31,8656805000.0,10-K,2017-02-27
us-gaap,NoninterestBearingDepositLiabilities,USD,,2016-03-31,9461568000.0,10-Q,2016-05-06
us-gaap,NoninterestBearingDepositLiabilities,USD,,2016-06-30,9487180000.0,10-Q,2016-08-05
us-gaap,NoninterestBearingDepositLiabilities,USD,,2016-09-30,9524021000.0,10-Q,2016-11-04
us-gaap,NoninterestBearingDepositLiabilities,USD,,2016-12-31,10183946000.0,10-K,2017-02-27
us-gaap,NoninterestBearingDepositLiabilities,USD,,2016-12-31,10183946000.0,10-Q,2017-05-09
us-gaap,NoninterestBearingDepositLiabilities,USD,,2016-12-31,10183946000.0,10-Q,2017-08-08
us-gaap,NoninterestBearingDepositLiabilities,USD,,2016-12-31,10183946000.0,10-Q,2017-11-07
us-gaap,NoninterestBearingDepositLiabilities,USD,,2016-12-31,10183946000.0,10-K,2018-02-27
us-gaap,NoninterestBearingDepositLiabilities,USD,,2017-03-31,10658946000.0,10-Q,2017-05-09
us-gaap,NoninterestBearingDepositLiabilities,USD,,2017-06-30,10460230000.0,10-Q,2017-08-08
us-gaap,NoninterestBearingDepositLiabilities,USD,,2017-09-30,10992674000.0,10-Q,2017-11-07
us-gaap,NoninterestBearingDepositLiabilities,USD,,2017-12-31,10887306000.0,10-K,2018-02-27
us-gaap,NoninterestBearingDepositLiabilities,USD,,2017-12-31,10887306000.0,10-Q,2018-05-08
us-gaap,NoninterestBearingDepositLiabilities,USD,,2017-12-31,10887306000.0,10-Q,2018-08-07
us-gaap,NoninterestBearingDepositLiabilities,USD,,2017-12-31,10887306000.0,10-Q,2018-11-07
us-gaap,NoninterestBearingDepositLiabilities,USD,,2017-12-31,10887306000.0,10-K,2019-02-27
us-gaap,NoninterestBearingDepositLiabilities,USD,,2018-03-31,11763936000.0,10-Q,2018-05-08
us-gaap,NoninterestBearingDepositLiabilities,USD,,2018-06-30,10739333000.0,10-Q,2018-08-07
us-gaap,NoninterestBearingDepositLiabilities,USD,,2018-09-30,10794370000.0,10-Q,2018-11-07
us-gaap,NoninterestBearingDepositLiabilities,USD,,2018-12-31,11377009000.0,10-K,2019-02-27
us-gaap,NoninterestBearingDepositLiabilities,USD,,2018-12-31,11377009000.0,10-Q,2019-05-08
us-gaap,NoninterestBearingDepositLiabilities,USD,,2018-12-31,11377009000.0,10-Q,2019-08-07
us-gaap,NoninterestBearingDepositLiabilities,USD,,2018-12-31,11377009000.0,10-Q,2019-11-08
us-gaap,NoninterestBearingDepositLiabilities,USD,,2018-12-31,11377009000.0,10-K,2020-02-27
us-gaap,NoninterestBearingDepositLiabilities,USD,,2019-03-31,10011533000.0,10-Q,2019-05-08
us-gaap,NoninterestBearingDepositLiabilities,USD,,2019-06-30,10599088000.0,10-Q,2019-08-07
us-gaap,NoninterestBearingDepositLiabilities,USD,,2019-09-30,10806937000.0,10-Q,2019-11-08
us-gaap,NoninterestBearingDepositLiabilities,USD,,2019-12-31,11080036000.0,10-K,2020-02-27
us-gaap,NoninterestBearingDepositLiabilities,USD,,2019-12-31,11080036000.0,10-Q,2020-05-08
us-gaap,NoninterestBearingDepositLiabilities,USD,,2019-12-31,11080036000.0,10-Q,2020-08-07
us-gaap,NoninterestBearingDepositLiabilities,USD,,2019-12-31,11080036000.0,10-Q,2020-11-06
us-gaap,NoninterestBearingDepositLiabilities,USD,,2019-12-31,11080036000.0,10-K,2021-02-26
us-gaap,NoninterestBearingDepositLiabilities,USD,,2020-03-31,11833397000.0,10-Q,2020-05-08
us-gaap,NoninterestBearingDepositLiabilities,USD,,2020-06-30,13940420000.0,10-Q,2020-08-07
us-gaap,NoninterestBearingDepositLiabilities,USD,,2020-09-30,14924917000.0,10-Q,2020-11-06
us-gaap,NoninterestBearingDepositLiabilities,USD,,2020-12-31,16298301000.0,10-K,2021-02-26
us-gaap,NoninterestBearingDepositLiabilities,USD,,2020-12-31,16298301000.0,10-Q,2021-05-07
us-gaap,NoninterestBearingDepositLiabilities,USD,,2020-12-31,16298301000.0,10-Q,2021-08-06
us-gaap,NoninterestBearingDepositLiabilities,USD,,2020-12-31,16298301000.0,10-Q,2021-11-08
us-gaap,NoninterestBearingDepositLiabilities,USD,,2020-12-31,16298301000.0,10-K,2022-02-28
us-gaap,NoninterestBearingDepositLiabilities,USD,,2021-03-31,18919298000.0,10-Q,2021-05-07
us-gaap,NoninterestBearingDepositLiabilities,USD,,2021-06-30,21816721000.0,10-Q,2021-08-06
us-gaap,NoninterestBearingDepositLiabilities,USD,,2021-09-30,23175471000.0,10-Q,2021-11-08
us-gaap,NoninterestBearingDepositLiabilities,USD,,2021-12-31,22845464000.0,10-K,2022-02-28
us-gaap,NoninterestBearingDepositLiabilities,USD,,2021-12-31,22845464000.0,10-Q,2022-05-09
us-gaap,NoninterestBearingDepositLiabilities,USD,,2021-12-31,22845464000.0,10-Q,2022-08-08
us-gaap,NoninterestBearingDepositLiabilities,USD,,2021-12-31,22845464000.0,10-Q,2022-11-08
us-gaap,NoninterestBearingDepositLiabilities,USD,,2021-12-31,22845464000.0,10-K,2023-02-27
us-gaap,NoninterestBearingDepositLiabilities,USD,,2022-03-31,24927768000.0,10-Q,2022-05-09
us-gaap,NoninterestBearingDepositLiabilities,USD,,2022-06-30,23028831000.0,10-Q,2022-08-08
us-gaap,NoninterestBearingDepositLiabilities,USD,,2022-09-30,21645394000.0,10-Q,2022-11-08
us-gaap,NoninterestBearingDepositLiabilities,USD,,2022-12-31,21051090000.0,10-K,2023-02-27
us-gaap,NoninterestBearingDepositLiabilities,USD,,2022-12-31,21051090000.0,10-Q,2023-05-09
us-gaap,NoninterestBearingDepositLiabilities,USD,,2022-12-31,21051090000.0,10-Q,2023-08-08
us-gaap,NoninterestBearingDepositLiabilities,USD,,2022-12-31,21051090000.0,10-Q,2023-11-08
us-gaap,NoninterestBearingDepositLiabilities,USD,,2022-12-31,21051090000.0,10-K,2024-02-29
us-gaap,NoninterestBearingDepositLiabilities,USD,,2023-03-31,18327320000.0,10-Q,2023-05-09
us-gaap,NoninterestBearingDepositLiabilities,USD,,2023-06-30,16741099000.0,10-Q,2023-08-08
us-gaap,NoninterestBearingDepositLiabilities,USD,,2023-09-30,16169072000.0,10-Q,2023-11-08
us-gaap,NoninterestBearingDepositLiabilities,USD,,2023-12-31,15539872000.0,10-K,2024-02-29
us-gaap,NoninterestBearingDepositLiabilities,USD,,2023-12-31,15539872000.0,10-Q,2024-05-09
us-gaap,NoninterestBearingDepositLiabilities,USD,,2023-12-31,15539872000.0,10-Q,2024-08-08
us-gaap,NoninterestBearingDepositLiabilities,USD,,2023-12-31,15539872000.0,10-Q,2024-11-08
us-gaap,NoninterestBearingDepositLiabilities,USD,,2023-12-31,15539872000.0,10-K,2025-02-28
us-gaap,NoninterestBearingDepositLiabilities,USD,,2024-03-31,14798927000.0,10-Q,2024-05-09
us-gaap,NoninterestBearingDepositLiabilities,USD,,2024-06-30,14922741000.0,10-Q,2024-08-08
us-gaap,NoninterestBearingDepositLiabilities,USD,,2024-09-30,14690864000.0,10-Q,2024-11-08
us-gaap,NoninterestBearingDepositLiabilities,USD,,2024-12-31,15450428000.0,10-K,2025-02-28
us-gaap,NoninterestBearingDepositLiabilities,USD,,2024-12-31,15450428000.0,10-Q,2025-05-09
us-gaap,NoninterestBearingDepositLiabilities,USD,,2024-12-31,15450428000.0,10-Q,2025-08-07
us-gaap,NoninterestBearingDepositLiabilities,USD,,2024-12-31,15450428000.0,10-Q,2025-11-07
us-gaap,NoninterestBearingDepositLiabilities,USD,,2024-12-31,15450428000.0,10-K,2026-02-27
us-gaap,NoninterestBearingDepositLiabilities,USD,,2025-03-31,15169775000.0,10-Q,2025-05-09
us-gaap,NoninterestBearingDepositLiabilities,USD,,2025-06-30,15470239000.0,10-Q,2025-08-07
us-gaap,NoninterestBearingDepositLiabilities,USD,,2025-09-30,16141954000.0,10-Q,2025-11-07
us-gaap,NoninterestBearingDepositLiabilities,USD,,2025-12-31,16697099000.0,10-K,2026-02-27
us-gaap,NoninterestBearingDepositLiabilities,USD,,2025-12-31,16697099000.0,10-Q,2026-05-08
us-gaap,NoninterestBearingDepositLiabilities,USD,,2025-12-31,16697099000.0,10-Q,2026-08-07
us-gaap,NoninterestBearingDepositLiabilities,USD,,2026-03-31,17480959000.0,10-Q,2026-05-08
us-gaap,NoninterestBearingDepositLiabilities,USD,,2026-06-30,18355698000.0,10-Q,2026-08-07
us-gaap,PreferredStockValue,USD,,2010-12-31,83058000.0,10-Q,2011-11-09
us-gaap,PreferredStockValue,USD,,2010-12-31,83058000.0,10-Q,2011-08-08
us-gaap,PreferredStockValue,USD,,2010-12-31,83058000.0,10-Q,2011-05-09
us-gaap,PreferredStockValue,USD,,2010-12-31,83058000.0,10-K,2012-02-29
us-gaap,PreferredStockValue,USD,,2011-03-31,83027000.0,10-Q,2011-05-09
us-gaap,PreferredStockValue,USD,,2011-06-30,83027000.0,10-Q,2011-08-08
us-gaap,PreferredStockValue,USD,,2011-09-30,83027000.0,10-Q,2011-11-09
us-gaap,PreferredStockValue,USD,,2011-12-31,83027000.0,10-K,2013-02-28
us-gaap,PreferredStockValue,USD,,2011-12-31,83027000.0,10-Q,2012-11-07
us-gaap,PreferredStockValue,USD,,2011-12-31,83027000.0,10-Q,2012-08-08
us-gaap,PreferredStockValue,USD,,2011-12-31,83027000.0,10-Q,2012-05-09
us-gaap,PreferredStockValue,USD,,2011-12-31,83027000.0,10-K,2012-02-29
us-gaap,PreferredStockValue,USD,,2012-03-31,83027000.0,10-Q,2012-05-09
us-gaap,PreferredStockValue,USD,,2012-06-30,83027000.0,10-Q,2012-08-08
us-gaap,PreferredStockValue,USD,,2012-09-30,83027000.0,10-Q,2012-11-07
us-gaap,PreferredStockValue,USD,,2012-12-31,83027000.0,10-K,2014-03-03
us-gaap,PreferredStockValue,USD,,2012-12-31,83027000.0,10-Q,2013-11-12
us-gaap,PreferredStockValue,USD,,2012-12-31,83027000.0,10-Q,2013-08-08
us-gaap,PreferredStockValue,USD,,2012-12-31,83027000.0,10-Q,2013-05-09
us-gaap,PreferredStockValue,USD,,2012-12-31,83027000.0,10-K,2013-02-28
us-gaap,PreferredStockValue,USD,,2013-03-31,83027000.0,10-Q,2013-05-09
us-gaap,RiskWeightedAssets,USD,,2014-12-31,21931486000.0,10-K,2016-02-26
us-gaap,RiskWeightedAssets,USD,,2015-12-31,25232575000.0,10-K,2016-02-26
us-gaap,RiskWeightedAssets,USD,,2015-12-31,25232575000.0,10-K,2017-02-27
us-gaap,RiskWeightedAssets,USD,,2016-12-31,27357753000.0,10-K,2017-02-27
us-gaap,RiskWeightedAssets,USD,,2016-12-31,27357753000.0,10-K,2018-02-27
us-gaap,RiskWeightedAssets,USD,,2017-12-31,29669251000.0,10-K,2018-02-27
us-gaap,SecuritiesSoldUnderAgreementsToRepurchase,USD,,2010-12-31,1083545000.0,10-Q,2011-05-09
us-gaap,SecuritiesSoldUnderAgreementsToRepurchase,USD,,2010-12-31,1083545000.0,10-Q,2011-08-08
us-gaap,SecuritiesSoldUnderAgreementsToRepurchase,USD,,2010-12-31,1083545000.0,10-Q,2011-11-09
us-gaap,SecuritiesSoldUnderAgreementsToRepurchase,USD,,2010-12-31,1083545000.0,10-K,2012-02-29
us-gaap,SecuritiesSoldUnderAgreementsToRepurchase,USD,,2011-03-31,1081019000.0,10-Q,2011-05-09
us-gaap,SecuritiesSoldUnderAgreementsToRepurchase,USD,,2011-06-30,1052615000.0,10-Q,2011-08-08
us-gaap,SecuritiesSoldUnderAgreementsToRepurchase,USD,,2011-09-30,1024949000.0,10-Q,2011-11-09
us-gaap,SecuritiesSoldUnderAgreementsToRepurchase,USD,,2011-12-31,1020208000.0,10-K,2012-02-29
us-gaap,SecuritiesSoldUnderAgreementsToRepurchase,USD,,2011-12-31,1020208000.0,10-Q,2012-05-09
us-gaap,SecuritiesSoldUnderAgreementsToRepurchase,USD,,2011-12-31,1020208000.0,10-Q,2012-08-08
us-gaap,SecuritiesSoldUnderAgreementsToRepurchase,USD,,2011-12-31,1020208000.0,10-Q,2012-11-07
us-gaap,SecuritiesSoldUnderAgreementsToRepurchase,USD,,2011-12-31,1020208000.0,10-K,2013-02-28
us-gaap,SecuritiesSoldUnderAgreementsToRepurchase,USD,,2012-03-31,995000000.0,10-Q,2012-05-09
us-gaap,SecuritiesSoldUnderAgreementsToRepurchase,USD,,2012-06-30,995000000.0,10-Q,2012-08-08
us-gaap,SecuritiesSoldUnderAgreementsToRepurchase,USD,,2012-09-30,995000000.0,10-Q,2012-11-07
us-gaap,SecuritiesSoldUnderAgreementsToRepurchase,USD,,2012-12-31,995000000.0,10-K,2013-02-28
us-gaap,SecuritiesSoldUnderAgreementsToRepurchase,USD,,2012-12-31,995000000.0,10-Q,2013-08-08
us-gaap,SecuritiesSoldUnderAgreementsToRepurchase,USD,,2012-12-31,995000000.0,10-Q,2013-11-12
us-gaap,SecuritiesSoldUnderAgreementsToRepurchase,USD,,2012-12-31,995000000.0,10-K,2014-03-03
us-gaap,SecuritiesSoldUnderAgreementsToRepurchase,USD,,2013-06-30,995000000.0,10-Q,2013-08-08
us-gaap,SecuritiesSoldUnderAgreementsToRepurchase,USD,,2013-09-30,995000000.0,10-Q,2013-11-12
us-gaap,SecuritiesSoldUnderAgreementsToRepurchase,USD,,2013-12-31,995000000.0,10-K,2014-03-03
us-gaap,SecuritiesSoldUnderAgreementsToRepurchase,USD,,2013-12-31,995000000.0,10-Q,2014-11-07
us-gaap,SecuritiesSoldUnderAgreementsToRepurchase,USD,,2013-12-31,995000000.0,10-K,2015-03-02
us-gaap,SecuritiesSoldUnderAgreementsToRepurchase,USD,,2014-09-30,805106000.0,10-Q,2014-11-07
us-gaap,SecuritiesSoldUnderAgreementsToRepurchase,USD,,2014-12-31,795000000.0,10-K,2015-03-02
us-gaap,SecuritiesSoldUnderAgreementsToRepurchase,USD,,2014-12-31,795000000.0,10-Q,2015-05-08
us-gaap,SecuritiesSoldUnderAgreementsToRepurchase,USD,,2014-12-31,795000000.0,10-Q,2015-08-07
us-gaap,SecuritiesSoldUnderAgreementsToRepurchase,USD,,2014-12-31,795000000.0,10-Q,2015-11-09
us-gaap,SecuritiesSoldUnderAgreementsToRepurchase,USD,,2014-12-31,795000000.0,10-K,2016-02-26
us-gaap,SecuritiesSoldUnderAgreementsToRepurchase,USD,,2015-03-31,695000000.0,10-Q,2015-05-08
us-gaap,SecuritiesSoldUnderAgreementsToRepurchase,USD,,2015-06-30,400000000.0,10-Q,2015-08-07
us-gaap,SecuritiesSoldUnderAgreementsToRepurchase,USD,,2015-09-30,150000000.0,10-Q,2015-11-09
us-gaap,SecuritiesSoldUnderAgreementsToRepurchase,USD,,2015-12-31,0.0,10-K,2016-02-26
us-gaap,SecuritiesSoldUnderAgreementsToRepurchase,USD,,2015-12-31,0.0,10-Q,2016-05-06
us-gaap,SecuritiesSoldUnderAgreementsToRepurchase,USD,,2015-12-31,0.0,10-Q,2016-08-05
us-gaap,SecuritiesSoldUnderAgreementsToRepurchase,USD,,2015-12-31,0.0,10-Q,2016-11-04
us-gaap,SecuritiesSoldUnderAgreementsToRepurchase,USD,,2015-12-31,0.0,10-K,2017-02-27
us-gaap,SecuritiesSoldUnderAgreementsToRepurchase,USD,,2016-03-31,200000000.0,10-Q,2016-05-06
us-gaap,SecuritiesSoldUnderAgreementsToRepurchase,USD,,2016-06-30,200000000.0,10-Q,2016-08-05
us-gaap,SecuritiesSoldUnderAgreementsToRepurchase,USD,,2016-09-30,200000000.0,10-Q,2016-11-04
us-gaap,SecuritiesSoldUnderAgreementsToRepurchase,USD,,2016-12-31,350000000.0,10-K,2017-02-27
us-gaap,SecuritiesSoldUnderAgreementsToRepurchase,USD,,2016-12-31,350000000.0,10-Q,2017-05-09
us-gaap,SecuritiesSoldUnderAgreementsToRepurchase,USD,,2016-12-31,350000000.0,10-Q,2017-08-08
us-gaap,SecuritiesSoldUnderAgreementsToRepurchase,USD,,2016-12-31,350000000.0,10-Q,2017-11-07
us-gaap,SecuritiesSoldUnderAgreementsToRepurchase,USD,,2016-12-31,350000000.0,10-K,2018-02-27
us-gaap,SecuritiesSoldUnderAgreementsToRepurchase,USD,,2017-03-31,200000000.0,10-Q,2017-05-09
us-gaap,SecuritiesSoldUnderAgreementsToRepurchase,USD,,2017-06-30,50000000.0,10-Q,2017-08-08
us-gaap,SecuritiesSoldUnderAgreementsToRepurchase,USD,,2017-09-30,50000000.0,10-Q,2017-11-07
us-gaap,SecuritiesSoldUnderAgreementsToRepurchase,USD,,2017-12-31,50000000.0,10-K,2018-02-27
us-gaap,SecuritiesSoldUnderAgreementsToRepurchase,USD,,2017-12-31,50000000.0,10-Q,2018-05-08
us-gaap,SecuritiesSoldUnderAgreementsToRepurchase,USD,,2017-12-31,50000000.0,10-Q,2018-08-07
us-gaap,SecuritiesSoldUnderAgreementsToRepurchase,USD,,2017-12-31,50000000.0,10-Q,2018-11-07
us-gaap,SecuritiesSoldUnderAgreementsToRepurchase,USD,,2017-12-31,50000000.0,10-K,2019-02-27
us-gaap,SecuritiesSoldUnderAgreementsToRepurchase,USD,,2018-03-31,50000000.0,10-Q,2018-05-08
us-gaap,SecuritiesSoldUnderAgreementsToRepurchase,USD,,2018-06-30,50000000.0,10-Q,2018-08-07
us-gaap,SecuritiesSoldUnderAgreementsToRepurchase,USD,,2018-09-30,50000000.0,10-Q,2018-11-07
us-gaap,SecuritiesSoldUnderAgreementsToRepurchase,USD,,2018-12-31,50000000.0,10-K,2019-02-27
us-gaap,SecuritiesSoldUnderAgreementsToRepurchase,USD,,2018-12-31,50000000.0,10-Q,2019-05-08
us-gaap,SecuritiesSoldUnderAgreementsToRepurchase,USD,,2018-12-31,50000000.0,10-Q,2019-08-07
us-gaap,SecuritiesSoldUnderAgreementsToRepurchase,USD,,2018-12-31,50000000.0,10-Q,2019-11-08
us-gaap,SecuritiesSoldUnderAgreementsToRepurchase,USD,,2018-12-31,50000000.0,10-K,2020-02-27
us-gaap,SecuritiesSoldUnderAgreementsToRepurchase,USD,,2019-03-31,50000000.0,10-Q,2019-05-08
us-gaap,SecuritiesSoldUnderAgreementsToRepurchase,USD,,2019-06-30,50000000.0,10-Q,2019-08-07
us-gaap,SecuritiesSoldUnderAgreementsToRepurchase,USD,,2019-09-30,50000000.0,10-Q,2019-11-08
us-gaap,SecuritiesSoldUnderAgreementsToRepurchase,USD,,2019-12-31,200000000.0,10-K,2020-02-27
us-gaap,SecuritiesSoldUnderAgreementsToRepurchase,USD,,2019-12-31,200000000.0,10-Q,2020-05-08
us-gaap,SecuritiesSoldUnderAgreementsToRepurchase,USD,,2019-12-31,200000000.0,10-Q,2020-08-07
us-gaap,SecuritiesSoldUnderAgreementsToRepurchase,USD,,2019-12-31,200000000.0,10-Q,2020-11-06
us-gaap,SecuritiesSoldUnderAgreementsToRepurchase,USD,,2019-12-31,200000000.0,10-K,2021-02-26
us-gaap,SecuritiesSoldUnderAgreementsToRepurchase,USD,,2020-03-31,450000000.0,10-Q,2020-05-08
us-gaap,SecuritiesSoldUnderAgreementsToRepurchase,USD,,2020-06-30,300000000.0,10-Q,2020-08-07
us-gaap,SecuritiesSoldUnderAgreementsToRepurchase,USD,,2020-09-30,348063000.0,10-Q,2020-11-06
us-gaap,SecuritiesSoldUnderAgreementsToRepurchase,USD,,2020-12-31,300000000.0,10-K,2021-02-26
us-gaap,SecuritiesSoldUnderAgreementsToRepurchase,USD,,2020-12-31,300000000.0,10-Q,2021-05-07
us-gaap,SecuritiesSoldUnderAgreementsToRepurchase,USD,,2020-12-31,300000000.0,10-Q,2021-08-06
us-gaap,SecuritiesSoldUnderAgreementsToRepurchase,USD,,2020-12-31,300000000.0,10-Q,2021-11-08
us-gaap,SecuritiesSoldUnderAgreementsToRepurchase,USD,,2020-12-31,300000000.0,10-K,2022-02-28
us-gaap,SecuritiesSoldUnderAgreementsToRepurchase,USD,,2021-03-31,300000000.0,10-Q,2021-05-07
us-gaap,SecuritiesSoldUnderAgreementsToRepurchase,USD,,2021-06-30,300000000.0,10-Q,2021-08-06
us-gaap,SecuritiesSoldUnderAgreementsToRepurchase,USD,,2021-09-30,300000000.0,10-Q,2021-11-08
us-gaap,SecuritiesSoldUnderAgreementsToRepurchase,USD,,2021-12-31,300000000.0,10-K,2022-02-28
us-gaap,SecuritiesSoldUnderAgreementsToRepurchase,USD,,2021-12-31,300000000.0,10-Q,2022-05-09
us-gaap,SecuritiesSoldUnderAgreementsToRepurchase,USD,,2021-12-31,300000000.0,10-Q,2022-08-08
us-gaap,SecuritiesSoldUnderAgreementsToRepurchase,USD,,2021-12-31,300000000.0,10-Q,2022-11-08
us-gaap,SecuritiesSoldUnderAgreementsToRepurchase,USD,,2021-12-31,300000000.0,10-K,2023-02-27
us-gaap,SecuritiesSoldUnderAgreementsToRepurchase,USD,,2022-03-31,300000000.0,10-Q,2022-05-09
us-gaap,SecuritiesSoldUnderAgreementsToRepurchase,USD,,2022-06-30,611785000.0,10-Q,2022-08-08
us-gaap,SecuritiesSoldUnderAgreementsToRepurchase,USD,,2022-09-30,611785000.0,10-Q,2022-11-08
us-gaap,SecuritiesSoldUnderAgreementsToRepurchase,USD,,2022-12-31,300000000.0,10-K,2023-02-27
us-gaap,SecuritiesSoldUnderAgreementsToRepurchase,USD,,2022-12-31,300000000.0,10-Q,2023-05-09
us-gaap,SecuritiesSoldUnderAgreementsToRepurchase,USD,,2022-12-31,300000000.0,10-Q,2023-08-08
us-gaap,SecuritiesSoldUnderAgreementsToRepurchase,USD,,2022-12-31,300000000.0,10-Q,2023-11-08
us-gaap,SecuritiesSoldUnderAgreementsToRepurchase,USD,,2022-12-31,300000000.0,10-K,2024-02-29
us-gaap,SecuritiesSoldUnderAgreementsToRepurchase,USD,,2023-03-31,0.0,10-Q,2023-05-09
us-gaap,SecuritiesSoldUnderAgreementsToRepurchase,USD,,2023-06-30,0.0,10-Q,2023-08-08
us-gaap,SecuritiesSoldUnderAgreementsToRepurchase,USD,,2023-09-30,0.0,10-Q,2023-11-08
us-gaap,SecuritiesSoldUnderAgreementsToRepurchase,USD,,2023-12-31,0.0,10-K,2024-02-29
us-gaap,SecuritiesSoldUnderAgreementsToRepurchase,USD,,2024-12-31,0.0,10-Q,2025-05-09
us-gaap,SecuritiesSoldUnderAgreementsToRepurchase,USD,,2024-12-31,0.0,10-Q,2025-11-07
us-gaap,SecuritiesSoldUnderAgreementsToRepurchase,USD,,2025-03-31,270111000.0,10-Q,2025-05-09
us-gaap,SecuritiesSoldUnderAgreementsToRepurchase,USD,,2025-09-30,53489000.0,10-Q,2025-11-07
us-gaap,SecuritiesSoldUnderAgreementsToRepurchase,USD,,2025-12-31,0.0,10-Q,2026-05-08
us-gaap,SecuritiesSoldUnderAgreementsToRepurchase,USD,,2025-12-31,0.0,10-Q,2026-08-07
us-gaap,SecuritiesSoldUnderAgreementsToRepurchase,USD,,2026-03-31,494027000.0,10-Q,2026-05-08
us-gaap,SecuritiesSoldUnderAgreementsToRepurchase,USD,,2026-06-30,956894000.0,10-Q,2026-08-07
us-gaap,ShortTermBorrowings,USD,,2015-12-31,0.0,10-Q,2016-05-06
us-gaap,ShortTermBorrowings,USD,,2015-12-31,0.0,10-Q,2016-08-05
us-gaap,ShortTermBorrowings,USD,,2015-12-31,0.0,10-Q,2016-11-04
us-gaap,ShortTermBorrowings,USD,,2015-12-31,0.0,10-K,2017-02-27
us-gaap,ShortTermBorrowings,USD,,2016-03-31,10093000.0,10-Q,2016-05-06
us-gaap,ShortTermBorrowings,USD,,2016-06-30,29499000.0,10-Q,2016-08-05
us-gaap,ShortTermBorrowings,USD,,2016-09-30,36992000.0,10-Q,2016-11-04
us-gaap,ShortTermBorrowings,USD,,2016-12-31,60050000.0,10-K,2017-02-27
us-gaap,ShortTermBorrowings,USD,,2016-12-31,60050000.0,10-Q,2017-05-09
us-gaap,ShortTermBorrowings,USD,,2016-12-31,60050000.0,10-Q,2017-08-08
us-gaap,ShortTermBorrowings,USD,,2016-12-31,60050000.0,10-Q,2017-11-07
us-gaap,ShortTermBorrowings,USD,,2016-12-31,60050000.0,10-K,2018-02-27
us-gaap,ShortTermBorrowings,USD,,2017-03-31,42023000.0,10-Q,2017-05-09
us-gaap,ShortTermBorrowings,USD,,2017-06-30,24426000.0,10-Q,2017-08-08
us-gaap,ShortTermBorrowings,USD,,2017-09-30,24813000.0,10-Q,2017-11-07
us-gaap,ShortTermBorrowings,USD,,2017-12-31,0.0,10-K,2018-02-27
us-gaap,ShortTermBorrowings,USD,,2017-12-31,0.0,10-Q,2018-05-08
us-gaap,ShortTermBorrowings,USD,,2017-12-31,0.0,10-Q,2018-08-07
us-gaap,ShortTermBorrowings,USD,,2017-12-31,0.0,10-Q,2018-11-07
us-gaap,ShortTermBorrowings,USD,,2017-12-31,0.0,10-K,2019-02-27
us-gaap,ShortTermBorrowings,USD,,2018-03-31,30277000.0,10-Q,2018-05-08
us-gaap,ShortTermBorrowings,USD,,2018-06-30,58523000.0,10-Q,2018-08-07
us-gaap,ShortTermBorrowings,USD,,2018-09-30,56411000.0,10-Q,2018-11-07
us-gaap,ShortTermBorrowings,USD,,2018-12-31,57638000.0,10-K,2019-02-27
us-gaap,ShortTermBorrowings,USD,,2018-12-31,57638000.0,10-Q,2019-05-08
us-gaap,ShortTermBorrowings,USD,,2018-12-31,57638000.0,10-Q,2019-08-07
us-gaap,ShortTermBorrowings,USD,,2018-12-31,57638000.0,10-Q,2019-11-08
us-gaap,ShortTermBorrowings,USD,,2018-12-31,57638000.0,10-K,2020-02-27
us-gaap,ShortTermBorrowings,USD,,2019-03-31,39550000.0,10-Q,2019-05-08
us-gaap,ShortTermBorrowings,USD,,2019-06-30,19972000.0,10-Q,2019-08-07
us-gaap,ShortTermBorrowings,USD,,2019-09-30,47689000.0,10-Q,2019-11-08
us-gaap,ShortTermBorrowings,USD,,2019-12-31,28669000.0,10-K,2020-02-27
us-gaap,TierOneLeverageCapitalToAverageAssets,pure,,2010-12-31,0.093,10-K,2012-02-29
us-gaap,TierOneLeverageCapitalToAverageAssets,pure,,2011-12-31,0.097,10-K,2012-02-29
us-gaap,TierOneLeverageCapitalToAverageAssets,pure,,2011-12-31,0.097,10-K,2013-02-28
us-gaap,TierOneLeverageCapitalToAverageAssets,pure,,2012-12-31,0.096,10-K,2013-02-28
us-gaap,TierOneLeverageCapitalToAverageAssets,pure,,2012-12-31,0.096,10-K,2014-03-03
us-gaap,TierOneLeverageCapitalToAverageAssets,pure,,2013-12-31,0.086,10-K,2014-03-03
us-gaap,TierOneLeverageCapitalToAverageAssets,pure,,2013-12-31,0.086,10-K,2015-03-02
us-gaap,TierOneLeverageCapitalToAverageAssets,pure,,2014-12-31,0.084,10-K,2015-03-02
us-gaap,TierOneLeverageCapitalToAverageAssets,pure,,2014-12-31,0.084,10-K,2016-02-26
us-gaap,TierOneLeverageCapitalToAverageAssets,pure,,2015-12-31,0.085,10-K,2016-02-26
us-gaap,TierOneLeverageCapitalToAverageAssets,pure,,2015-12-31,0.085,10-K,2017-02-27
us-gaap,TierOneLeverageCapitalToAverageAssets,pure,,2016-12-31,0.087,10-K,2017-02-27
us-gaap,TierOneLeverageCapitalToAverageAssets,pure,,2016-12-31,0.087,10-K,2018-02-27
us-gaap,TierOneLeverageCapitalToAverageAssets,pure,,2017-12-31,0.092,10-K,2018-02-27
us-gaap,TierOneRiskBasedCapitalToRiskWeightedAssets,pure,,2010-12-31,0.157,10-K,2012-02-29
us-gaap,TierOneRiskBasedCapitalToRiskWeightedAssets,pure,,2011-12-31,0.148,10-K,2012-02-29
us-gaap,TierOneRiskBasedCapitalToRiskWeightedAssets,pure,,2011-12-31,0.148,10-K,2013-02-28
us-gaap,TierOneRiskBasedCapitalToRiskWeightedAssets,pure,,2012-12-31,0.148,10-K,2013-02-28
us-gaap,TierOneRiskBasedCapitalToRiskWeightedAssets,pure,,2012-12-31,0.148,10-K,2014-03-03
us-gaap,TierOneRiskBasedCapitalToRiskWeightedAssets,pure,,2013-12-31,0.119,10-K,2014-03-03
us-gaap,TierOneRiskBasedCapitalToRiskWeightedAssets,pure,,2013-12-31,0.119,10-K,2015-03-02
us-gaap,TierOneRiskBasedCapitalToRiskWeightedAssets,pure,,2014-12-31,0.11,10-K,2015-03-02
us-gaap,TierOneRiskBasedCapitalToRiskWeightedAssets,pure,,2014-12-31,0.11,10-K,2016-02-26
us-gaap,TierOneRiskBasedCapitalToRiskWeightedAssets,pure,,2015-12-31,0.107,10-K,2016-02-26
us-gaap,TierOneRiskBasedCapitalToRiskWeightedAssets,pure,,2015-12-31,0.107,10-K,2017-02-27
us-gaap,TierOneRiskBasedCapitalToRiskWeightedAssets,pure,,2016-12-31,0.109,10-K,2017-02-27
us-gaap,TierOneRiskBasedCapitalToRiskWeightedAssets,pure,,2016-12-31,0.109,10-K,2018-02-27
us-gaap,TierOneRiskBasedCapitalToRiskWeightedAssets,pure,,2017-12-31,0.114,10-K,2018-02-27
us-gaap,TimeDeposits,USD,,2010-12-31,6765453000.0,10-K,2012-02-29
us-gaap,TimeDeposits,USD,,2011-12-31,7146001000.0,10-K,2012-02-29
us-gaap,TimeDeposits,USD,,2011-12-31,7146001000.0,10-K,2013-02-28
us-gaap,TimeDeposits,USD,,2012-12-31,6121614000.0,10-K,2013-02-28
us-gaap,TimeDeposits,USD,,2012-12-31,6121614000.0,10-K,2014-03-03
us-gaap,TimeDeposits,USD,,2013-12-31,5824348000.0,10-K,2014-03-03
us-gaap,TimeDeposits,USD,,2013-12-31,5824348000.0,10-K,2015-03-02
us-gaap,TimeDeposits,USD,,2014-12-31,6112739000.0,10-K,2015-03-02
us-gaap,TimeDeposits,USD,,2014-12-31,6112739000.0,10-K,2016-02-26
us-gaap,TimeDeposits,USD,,2015-12-31,6616895000.0,10-K,2016-02-26
us-gaap,TimeDeposits,USD,,2015-12-31,6616895000.0,10-K,2017-02-27
us-gaap,TimeDeposits,USD,,2016-12-31,5615269000.0,10-K,2017-02-27
us-gaap,TimeDeposits,USD,,2016-12-31,5615269000.0,10-K,2018-02-27
us-gaap,TimeDeposits,USD,,2017-12-31,5640749000.0,10-K,2018-02-27
us-gaap,TimeDeposits,USD,,2017-12-31,5640749000.0,10-K,2019-02-27
us-gaap,TimeDeposits,USD,,2018-12-31,9069066000.0,10-K,2019-02-27
us-gaap,TimeDeposits,USD,,2019-12-31,10214308000.0,10-K,2020-02-27
us-gaap,TimeDeposits,USD,,2020-12-31,9000349000.0,10-K,2021-02-26
us-gaap,TimeDeposits,USD,,2021-12-31,7961982000.0,10-K,2022-02-28
us-gaap,TimeDeposits,USD,,2022-12-31,13330533000.0,10-K,2023-02-27
us-gaap,TimeDeposits,USD,,2023-12-31,18043464000.0,10-K,2024-02-29
us-gaap,TimeDeposits,USD,,2024-12-31,23215772000.0,10-K,2025-02-28
us-gaap,TimeDeposits,USD,,2025-12-31,25284814000.0,10-K,2026-02-27
us-gaap,FederalHomeLoanBankAdvancesWeightedAverageInterestRate,pure,,2024-03-31,0.0552,10-Q,2024-05-09
us-gaap,FederalHomeLoanBankAdvancesWeightedAverageInterestRate,pure,,2024-06-30,0.0554,10-Q,2024-08-08
us-gaap,FederalHomeLoanBankAdvancesWeightedAverageInterestRate,pure,,2024-09-30,0.0488,10-Q,2024-11-08
us-gaap,FederalHomeLoanBankAdvancesWeightedAverageInterestRate,pure,,2024-12-31,0.0448,10-K,2025-02-28
us-gaap,FederalHomeLoanBankAdvancesWeightedAverageInterestRate,pure,,2024-12-31,0.0448,10-Q,2025-05-09
us-gaap,FederalHomeLoanBankAdvancesWeightedAverageInterestRate,pure,,2024-12-31,0.0448,10-Q,2025-08-07
us-gaap,FederalHomeLoanBankAdvancesWeightedAverageInterestRate,pure,,2024-12-31,0.0448,10-Q,2025-11-07
us-gaap,FederalHomeLoanBankAdvancesWeightedAverageInterestRate,pure,,2025-03-31,0.0446,10-Q,2025-05-09
us-gaap,FederalHomeLoanBankAdvancesWeightedAverageInterestRate,pure,,2025-06-30,0.0452,10-Q,2025-08-07
us-gaap,FederalHomeLoanBankAdvancesWeightedAverageInterestRate,pure,,2025-09-30,0.043,10-Q,2025-11-07
us-gaap,FederalHomeLoanBankAdvancesWeightedAverageInterestRate,pure,,2025-12-31,0.0394,10-K,2026-02-27
us-gaap,FederalHomeLoanBankAdvancesWeightedAverageInterestRate,pure,,2025-12-31,0.0394,10-Q,2026-05-08
us-gaap,FederalHomeLoanBankAdvancesWeightedAverageInterestRate,pure,,2025-12-31,0.0394,10-Q,2026-08-07
us-gaap,FederalHomeLoanBankAdvancesWeightedAverageInterestRate,pure,,2026-03-31,0.0387,10-Q,2026-05-08
us-gaap,FederalHomeLoanBankAdvancesWeightedAverageInterestRate,pure,,2026-06-30,0.0382,10-Q,2026-08-07
