taxo,tag,unit,start,end,val,form,filed
dei,EntityCommonStockSharesOutstanding,shares,,2009-06-30,795313448.0,10-Q,2009-08-10
dei,EntityCommonStockSharesOutstanding,shares,,2009-09-30,795316187.0,10-Q,2009-11-06
dei,EntityCommonStockSharesOutstanding,shares,,2010-01-31,794915755.0,10-K,2010-02-26
dei,EntityCommonStockSharesOutstanding,shares,,2010-03-31,794816131.0,10-Q,2010-05-07
dei,EntityCommonStockSharesOutstanding,shares,,2010-06-30,796319712.0,10-Q,2010-08-09
dei,EntityCommonStockSharesOutstanding,shares,,2010-09-30,796283198.0,10-Q,2010-11-08
dei,EntityCommonStockSharesOutstanding,shares,,2011-01-31,917759578.0,10-K,2011-02-28
dei,EntityCommonStockSharesOutstanding,shares,,2011-03-31,918728008.0,10-Q,2011-05-09
dei,EntityCommonStockSharesOutstanding,shares,,2011-06-30,919818137.0,10-Q,2011-08-05
dei,EntityCommonStockSharesOutstanding,shares,,2011-09-30,919818137.0,10-Q,2011-11-09
dei,EntityCommonStockSharesOutstanding,shares,,2011-12-31,919818137.0,10-K,2012-02-29
dei,EntityCommonStockSharesOutstanding,shares,,2012-03-31,920056340.0,10-Q,2012-05-10
dei,EntityCommonStockSharesOutstanding,shares,,2012-06-30,918913253.0,10-Q,2012-08-08
dei,EntityCommonStockSharesOutstanding,shares,,2012-09-30,897467318.0,10-Q,2012-11-07
dei,EntityCommonStockSharesOutstanding,shares,,2012-12-31,882152057.0,10-K,2013-02-22
dei,EntityCommonStockSharesOutstanding,shares,,2013-03-31,874644725.0,10-Q,2013-05-09
dei,EntityCommonStockSharesOutstanding,shares,,2013-06-30,851473955.0,10-Q,2013-08-07
dei,EntityCommonStockSharesOutstanding,shares,,2013-10-31,882835548.0,10-Q,2013-11-06
dei,EntityCommonStockSharesOutstanding,shares,,2014-01-31,851455370.0,10-K,2014-02-24
dei,EntityCommonStockSharesOutstanding,shares,,2014-04-30,850512610.0,10-Q,2014-05-08
dei,EntityCommonStockSharesOutstanding,shares,,2014-07-31,834234230.0,10-Q,2014-08-07
dei,EntityCommonStockSharesOutstanding,shares,,2014-10-31,824006919.0,10-Q,2014-11-07
dei,EntityCommonStockSharesOutstanding,shares,,2015-01-31,814765191.0,10-K,2015-02-25
dei,EntityCommonStockSharesOutstanding,shares,,2015-04-30,809933936.0,10-Q,2015-05-11
dei,EntityCommonStockSharesOutstanding,shares,,2015-07-31,809289762.0,10-Q,2015-08-05
dei,EntityCommonStockSharesOutstanding,shares,,2015-10-31,794331190.0,10-Q,2015-11-05
dei,EntityCommonStockSharesOutstanding,shares,,2016-01-31,783231128.0,10-K,2016-02-25
dei,EntityCommonStockSharesOutstanding,shares,,2016-04-30,767717824.0,10-Q,2016-05-06
dei,EntityCommonStockSharesOutstanding,shares,,2016-07-31,766374461.0,10-Q,2016-08-05
dei,EntityCommonStockSharesOutstanding,shares,,2016-10-31,755613518.0,10-Q,2016-11-09
dei,EntityCommonStockSharesOutstanding,shares,,2017-01-31,750864896.0,10-K,2017-02-24
dei,EntityCommonStockSharesOutstanding,shares,,2017-04-30,750269402.0,10-Q,2017-05-05
dei,EntityCommonStockSharesOutstanding,shares,,2017-07-31,736725835.0,10-Q,2017-08-08
dei,EntityCommonStockSharesOutstanding,shares,,2017-10-31,705581268.0,10-Q,2017-11-06
dei,EntityCommonStockSharesOutstanding,shares,,2018-01-31,694212973.0,10-K,2018-02-28
dei,EntityCommonStockSharesOutstanding,shares,,2018-04-30,685495676.0,10-Q,2018-05-04
dei,EntityCommonStockSharesOutstanding,shares,,2018-07-31,668092149.0,10-Q,2018-08-08
dei,EntityCommonStockSharesOutstanding,shares,,2018-10-31,655615619.0,10-Q,2018-11-06
dei,EntityCommonStockSharesOutstanding,shares,,2019-01-31,647259351.0,10-K,2019-03-01
dei,EntityCommonStockSharesOutstanding,shares,,2019-04-30,734386147.0,10-Q,2019-05-10
dei,EntityCommonStockSharesOutstanding,shares,,2019-07-31,730485823.0,10-Q,2019-08-08
dei,EntityCommonStockSharesOutstanding,shares,,2019-10-31,709667397.0,10-Q,2019-11-08
dei,EntityCommonStockSharesOutstanding,shares,,2020-01-31,709552415.0,10-K,2020-03-02
dei,EntityCommonStockSharesOutstanding,shares,,2020-04-30,711911793.0,10-Q,2020-05-08
dei,EntityCommonStockSharesOutstanding,shares,,2020-07-31,712241022.0,10-Q,2020-08-07
dei,EntityCommonStockSharesOutstanding,shares,,2020-10-31,712419920.0,10-Q,2020-11-05
dei,EntityCommonStockSharesOutstanding,shares,,2021-01-31,708697950.0,10-K,2021-02-26
dei,EntityCommonStockSharesOutstanding,shares,,2021-04-30,703966113.0,10-Q,2021-05-07
dei,EntityCommonStockSharesOutstanding,shares,,2021-07-31,690718273.0,10-Q,2021-08-06
dei,EntityCommonStockSharesOutstanding,shares,,2021-10-31,683757286.0,10-Q,2021-11-05
dei,EntityCommonStockSharesOutstanding,shares,,2022-01-31,683679363.0,10-K,2022-02-25
dei,EntityCommonStockSharesOutstanding,shares,,2022-04-30,686087463.0,10-Q,2022-05-09
dei,EntityCommonStockSharesOutstanding,shares,,2022-07-31,686189548.0,10-Q,2022-08-05
dei,EntityCommonStockSharesOutstanding,shares,,2022-10-31,686396166.0,10-Q,2022-11-08
dei,EntityCommonStockSharesOutstanding,shares,,2023-01-31,678585140.0,10-K,2023-02-24
dei,EntityCommonStockSharesOutstanding,shares,,2023-04-30,680716026.0,10-Q,2023-05-09
dei,EntityCommonStockSharesOutstanding,shares,,2023-07-31,680888757.0,10-Q,2023-08-07
dei,EntityCommonStockSharesOutstanding,shares,,2023-10-31,681016616.0,10-Q,2023-11-07
dei,EntityCommonStockSharesOutstanding,shares,,2024-01-31,681221886.0,10-K,2024-02-27
dei,EntityCommonStockSharesOutstanding,shares,,2024-04-30,684044683.0,10-Q,2024-05-07
dei,EntityCommonStockSharesOutstanding,shares,,2024-07-31,676797447.0,10-Q,2024-08-06
dei,EntityCommonStockSharesOutstanding,shares,,2024-10-31,670543312.0,10-Q,2024-11-05
dei,EntityCommonStockSharesOutstanding,shares,,2025-01-31,665618316.0,10-K,2025-02-24
dei,EntityCommonStockSharesOutstanding,shares,,2025-04-30,667492181.0,10-Q,2025-05-06
dei,EntityCommonStockSharesOutstanding,shares,,2025-07-31,661887239.0,10-Q,2025-08-05
dei,EntityCommonStockSharesOutstanding,shares,,2025-10-31,661011769.0,10-Q,2025-11-04
dei,EntityCommonStockSharesOutstanding,shares,,2026-02-01,901819022.0,10-K,2026-02-24
dei,EntityCommonStockSharesOutstanding,shares,,2026-04-30,906311548.0,10-Q,2026-05-05
dei,EntityCommonStockSharesOutstanding,shares,,2026-07-31,906892564.0,10-Q,2026-08-04
us-gaap,CashAndCashEquivalentsPeriodIncreaseDecrease,USD,2007-01-01,2007-12-31,-45000000.0,10-K,2010-02-26
us-gaap,CashAndCashEquivalentsPeriodIncreaseDecrease,USD,2008-01-01,2008-06-30,193000000.0,10-Q,2009-08-10
us-gaap,CashAndCashEquivalentsPeriodIncreaseDecrease,USD,2008-01-01,2008-09-30,114000000.0,10-Q,2009-11-06
us-gaap,CashAndCashEquivalentsPeriodIncreaseDecrease,USD,2008-01-01,2008-12-31,79000000.0,10-K,2010-02-26
us-gaap,CashAndCashEquivalentsPeriodIncreaseDecrease,USD,2008-01-01,2008-12-31,79000000.0,10-K,2011-02-28
us-gaap,CashAndCashEquivalentsPeriodIncreaseDecrease,USD,2009-01-01,2009-03-31,-248000000.0,10-Q,2010-05-07
us-gaap,CashAndCashEquivalentsPeriodIncreaseDecrease,USD,2009-01-01,2009-06-30,160000000.0,10-Q,2009-08-10
us-gaap,CashAndCashEquivalentsPeriodIncreaseDecrease,USD,2009-01-01,2009-06-30,160000000.0,10-Q,2010-08-09
us-gaap,CashAndCashEquivalentsPeriodIncreaseDecrease,USD,2009-01-01,2009-09-30,-609000000.0,10-Q,2009-11-06
us-gaap,CashAndCashEquivalentsPeriodIncreaseDecrease,USD,2009-01-01,2009-09-30,-609000000.0,10-Q,2010-11-08
us-gaap,CashAndCashEquivalentsPeriodIncreaseDecrease,USD,2008-12-31,2009-12-31,-421000000.0,10-K,2011-02-28
us-gaap,CashAndCashEquivalentsPeriodIncreaseDecrease,USD,2009-01-01,2009-12-31,-421000000.0,10-K,2010-02-26
us-gaap,CashAndCashEquivalentsPeriodIncreaseDecrease,USD,2009-01-01,2009-12-31,-421000000.0,10-K,2012-02-29
us-gaap,CashAndCashEquivalentsPeriodIncreaseDecrease,USD,2010-01-01,2010-03-31,-185000000.0,10-Q,2010-05-07
us-gaap,CashAndCashEquivalentsPeriodIncreaseDecrease,USD,2010-01-01,2010-03-31,-185000000.0,10-Q,2011-05-09
us-gaap,CashAndCashEquivalentsPeriodIncreaseDecrease,USD,2009-12-29,2010-06-30,-102000000.0,10-Q,2011-08-05
us-gaap,CashAndCashEquivalentsPeriodIncreaseDecrease,USD,2010-01-01,2010-06-30,-102000000.0,10-Q,2010-08-09
us-gaap,CashAndCashEquivalentsPeriodIncreaseDecrease,USD,2009-12-30,2010-09-30,-103000000.0,10-Q,2011-11-09
us-gaap,CashAndCashEquivalentsPeriodIncreaseDecrease,USD,2010-01-01,2010-09-30,-103000000.0,10-Q,2010-11-08
us-gaap,CashAndCashEquivalentsPeriodIncreaseDecrease,USD,2009-12-31,2010-12-31,-159000000.0,10-K,2011-02-28
us-gaap,CashAndCashEquivalentsPeriodIncreaseDecrease,USD,2010-01-01,2010-12-31,-159000000.0,10-K,2012-02-29
us-gaap,CashAndCashEquivalentsPeriodIncreaseDecrease,USD,2010-01-01,2010-12-31,-159000000.0,10-K,2013-02-22
us-gaap,CashAndCashEquivalentsPeriodIncreaseDecrease,USD,2011-01-01,2011-03-31,-38000000.0,10-Q,2011-05-09
us-gaap,CashAndCashEquivalentsPeriodIncreaseDecrease,USD,2011-01-01,2011-03-31,-38000000.0,10-Q,2012-05-10
us-gaap,CashAndCashEquivalentsPeriodIncreaseDecrease,USD,2010-12-29,2011-06-30,221000000.0,10-Q,2011-08-05
us-gaap,CashAndCashEquivalentsPeriodIncreaseDecrease,USD,2010-12-29,2011-06-30,221000000.0,10-Q,2012-08-08
us-gaap,CashAndCashEquivalentsPeriodIncreaseDecrease,USD,2010-12-30,2011-09-30,189000000.0,10-Q,2011-11-09
us-gaap,CashAndCashEquivalentsPeriodIncreaseDecrease,USD,2010-12-30,2011-09-30,189000000.0,10-Q,2012-11-07
us-gaap,CashAndCashEquivalentsPeriodIncreaseDecrease,USD,2011-01-01,2011-12-31,504000000.0,10-K,2012-02-29
us-gaap,CashAndCashEquivalentsPeriodIncreaseDecrease,USD,2011-01-01,2011-12-31,504000000.0,10-K,2013-02-22
us-gaap,CashAndCashEquivalentsPeriodIncreaseDecrease,USD,2011-01-01,2011-12-31,504000000.0,10-K,2014-02-24
us-gaap,CashAndCashEquivalentsPeriodIncreaseDecrease,USD,2012-01-01,2012-03-31,-428000000.0,10-Q,2012-05-10
us-gaap,CashAndCashEquivalentsPeriodIncreaseDecrease,USD,2012-01-01,2012-03-31,-428000000.0,10-Q,2013-05-09
us-gaap,CashAndCashEquivalentsPeriodIncreaseDecrease,USD,2011-12-30,2012-06-30,-270000000.0,10-Q,2012-08-08
us-gaap,CashAndCashEquivalentsPeriodIncreaseDecrease,USD,2011-12-30,2012-06-30,-270000000.0,10-Q,2013-08-07
us-gaap,CashAndCashEquivalentsPeriodIncreaseDecrease,USD,2011-12-31,2012-09-30,-173000000.0,10-Q,2012-11-07
us-gaap,CashAndCashEquivalentsPeriodIncreaseDecrease,USD,2011-12-31,2012-09-30,-173000000.0,10-Q,2013-11-06
us-gaap,CashAndCashEquivalentsPeriodIncreaseDecrease,USD,2012-01-01,2012-12-31,-222000000.0,10-K,2013-02-22
us-gaap,CashAndCashEquivalentsPeriodIncreaseDecrease,USD,2012-01-01,2012-12-31,-222000000.0,10-K,2014-02-24
us-gaap,CashAndCashEquivalentsPeriodIncreaseDecrease,USD,2012-01-01,2012-12-31,-222000000.0,10-K,2015-02-25
us-gaap,CashAndCashEquivalentsPeriodIncreaseDecrease,USD,2013-01-01,2013-03-31,-255000000.0,10-Q,2013-05-09
us-gaap,CashAndCashEquivalentsPeriodIncreaseDecrease,USD,2013-01-01,2013-03-31,-255000000.0,10-Q,2014-05-08
us-gaap,CashAndCashEquivalentsPeriodIncreaseDecrease,USD,2012-12-29,2013-06-30,-51000000.0,10-Q,2013-08-07
us-gaap,CashAndCashEquivalentsPeriodIncreaseDecrease,USD,2013-01-01,2013-06-30,-51000000.0,10-Q,2014-08-07
us-gaap,CashAndCashEquivalentsPeriodIncreaseDecrease,USD,2012-12-30,2013-09-30,446000000.0,10-Q,2013-11-06
us-gaap,CashAndCashEquivalentsPeriodIncreaseDecrease,USD,2013-01-01,2013-09-30,446000000.0,10-Q,2014-11-07
us-gaap,CashAndCashEquivalentsPeriodIncreaseDecrease,USD,2013-01-01,2013-12-31,737000000.0,10-K,2014-02-24
us-gaap,CashAndCashEquivalentsPeriodIncreaseDecrease,USD,2013-01-01,2013-12-31,737000000.0,10-K,2015-02-25
us-gaap,CashAndCashEquivalentsPeriodIncreaseDecrease,USD,2013-01-01,2013-12-31,737000000.0,10-K,2016-02-25
us-gaap,CashAndCashEquivalentsPeriodIncreaseDecrease,USD,2014-01-01,2014-03-31,-25000000.0,10-Q,2014-05-08
us-gaap,CashAndCashEquivalentsPeriodIncreaseDecrease,USD,2014-01-01,2014-03-31,-25000000.0,10-Q,2015-05-11
us-gaap,CashAndCashEquivalentsPeriodIncreaseDecrease,USD,2014-01-01,2014-06-30,134000000.0,10-Q,2014-08-07
us-gaap,CashAndCashEquivalentsPeriodIncreaseDecrease,USD,2014-01-01,2014-06-30,134000000.0,10-Q,2015-08-05
us-gaap,CashAndCashEquivalentsPeriodIncreaseDecrease,USD,2014-01-01,2014-09-30,-53000000.0,10-Q,2014-11-07
us-gaap,CashAndCashEquivalentsPeriodIncreaseDecrease,USD,2014-01-01,2014-09-30,-53000000.0,10-Q,2015-11-05
us-gaap,CashAndCashEquivalentsPeriodIncreaseDecrease,USD,2014-01-01,2014-12-31,-87000000.0,10-K,2015-02-25
us-gaap,CashAndCashEquivalentsPeriodIncreaseDecrease,USD,2014-01-01,2014-12-31,-87000000.0,10-K,2016-02-25
us-gaap,CashAndCashEquivalentsPeriodIncreaseDecrease,USD,2014-01-01,2014-12-31,-87000000.0,10-K,2017-02-24
us-gaap,CashAndCashEquivalentsPeriodIncreaseDecrease,USD,2015-01-01,2015-03-31,-171000000.0,10-Q,2015-05-11
us-gaap,CashAndCashEquivalentsPeriodIncreaseDecrease,USD,2015-01-01,2015-03-31,-171000000.0,10-Q,2016-05-06
us-gaap,CashAndCashEquivalentsPeriodIncreaseDecrease,USD,2015-01-01,2015-06-30,-306000000.0,10-Q,2015-08-05
us-gaap,CashAndCashEquivalentsPeriodIncreaseDecrease,USD,2015-01-01,2015-06-30,-306000000.0,10-Q,2016-08-05
us-gaap,CashAndCashEquivalentsPeriodIncreaseDecrease,USD,2015-01-01,2015-09-30,-636000000.0,10-Q,2015-11-05
us-gaap,CashAndCashEquivalentsPeriodIncreaseDecrease,USD,2015-01-01,2015-09-30,-636000000.0,10-Q,2016-11-09
us-gaap,CashAndCashEquivalentsPeriodIncreaseDecrease,USD,2015-01-01,2015-12-31,-551000000.0,10-K,2016-02-25
us-gaap,CashAndCashEquivalentsPeriodIncreaseDecrease,USD,2015-01-01,2015-12-31,-551000000.0,10-K,2017-02-24
us-gaap,CashAndCashEquivalentsPeriodIncreaseDecrease,USD,2015-01-01,2015-12-31,-551000000.0,10-K,2018-02-28
us-gaap,CashAndCashEquivalentsPeriodIncreaseDecrease,USD,2016-01-01,2016-03-31,-242000000.0,10-Q,2016-05-06
us-gaap,CashAndCashEquivalentsPeriodIncreaseDecrease,USD,2016-01-01,2016-03-31,-242000000.0,10-Q,2017-05-05
us-gaap,CashAndCashEquivalentsPeriodIncreaseDecrease,USD,2016-01-01,2016-06-30,-181000000.0,10-Q,2016-08-05
us-gaap,CashAndCashEquivalentsPeriodIncreaseDecrease,USD,2016-01-01,2016-06-30,-181000000.0,10-Q,2017-08-08
us-gaap,CashAndCashEquivalentsPeriodIncreaseDecrease,USD,2016-01-01,2016-09-30,-376000000.0,10-Q,2016-11-09
us-gaap,CashAndCashEquivalentsPeriodIncreaseDecrease,USD,2016-01-01,2016-09-30,-376000000.0,10-Q,2017-11-06
us-gaap,CashAndCashEquivalentsPeriodIncreaseDecrease,USD,2016-01-01,2016-12-31,-148000000.0,10-K,2017-02-24
us-gaap,CashAndCashEquivalentsPeriodIncreaseDecrease,USD,2016-01-01,2016-12-31,-148000000.0,10-K,2018-02-28
us-gaap,CashAndCashEquivalentsPeriodIncreaseDecrease,USD,2016-01-01,2016-12-31,-148000000.0,10-K,2019-03-01
us-gaap,CashAndCashEquivalentsPeriodIncreaseDecrease,USD,2017-01-01,2017-03-31,-187000000.0,10-Q,2017-05-05
us-gaap,CashAndCashEquivalentsPeriodIncreaseDecrease,USD,2017-01-01,2017-03-31,-187000000.0,10-Q,2018-05-04
us-gaap,CashAndCashEquivalentsPeriodIncreaseDecrease,USD,2017-01-01,2017-06-30,-189000000.0,10-Q,2017-08-08
us-gaap,CashAndCashEquivalentsPeriodIncreaseDecrease,USD,2017-01-01,2017-06-30,-189000000.0,10-Q,2018-08-08
us-gaap,CashAndCashEquivalentsPeriodIncreaseDecrease,USD,2017-01-01,2017-09-30,-187000000.0,10-Q,2017-11-06
us-gaap,CashAndCashEquivalentsPeriodIncreaseDecrease,USD,2017-01-01,2017-09-30,-187000000.0,10-Q,2018-11-06
us-gaap,CashAndCashEquivalentsPeriodIncreaseDecrease,USD,2017-01-01,2017-12-31,122000000.0,10-K,2018-02-28
us-gaap,CashAndCashEquivalentsPeriodIncreaseDecrease,USD,2017-01-01,2017-12-31,122000000.0,10-K,2019-03-01
us-gaap,CashAndCashEquivalentsPeriodIncreaseDecrease,USD,2018-01-01,2018-03-31,-476000000.0,10-Q,2018-05-04
us-gaap,CashAndCashEquivalentsPeriodIncreaseDecrease,USD,2018-01-01,2018-03-31,-476000000.0,10-Q,2019-05-10
us-gaap,CashAndCashEquivalentsPeriodIncreaseDecrease,USD,2018-01-01,2018-06-30,-462000000.0,10-Q,2018-08-08
us-gaap,CashAndCashEquivalentsPeriodIncreaseDecrease,USD,2018-01-01,2018-06-30,-462000000.0,10-Q,2019-08-08
us-gaap,CashAndCashEquivalentsPeriodIncreaseDecrease,USD,2018-01-01,2018-09-30,-414000000.0,10-Q,2018-11-06
us-gaap,CashAndCashEquivalentsPeriodIncreaseDecrease,USD,2018-01-01,2018-09-30,-414000000.0,10-Q,2019-11-08
us-gaap,CashAndCashEquivalentsPeriodIncreaseDecrease,USD,2018-01-01,2018-12-31,167000000.0,10-K,2019-03-01
us-gaap,CashAndCashEquivalentsPeriodIncreaseDecrease,USD,2019-01-01,2019-03-31,68000000.0,10-Q,2019-05-10
us-gaap,CashAndCashEquivalentsPeriodIncreaseDecrease,USD,2019-01-01,2019-06-30,83000000.0,10-Q,2019-08-08
us-gaap,CashAndCashEquivalentsPeriodIncreaseDecrease,USD,2019-01-01,2019-09-30,580000000.0,10-Q,2019-11-08
us-gaap,CashAndDueFromBanks,USD,,2006-12-31,2705000000.0,10-K,2010-02-26
us-gaap,CashAndDueFromBanks,USD,,2007-12-31,2660000000.0,10-Q,2009-08-10
us-gaap,CashAndDueFromBanks,USD,,2007-12-31,2660000000.0,10-Q,2009-11-06
us-gaap,CashAndDueFromBanks,USD,,2007-12-31,2660000000.0,10-K,2010-02-26
us-gaap,CashAndDueFromBanks,USD,,2007-12-31,2660000000.0,10-K,2011-02-28
us-gaap,CashAndDueFromBanks,USD,,2008-06-30,2853000000.0,10-Q,2009-08-10
us-gaap,CashAndDueFromBanks,USD,,2008-09-30,2774000000.0,10-Q,2009-11-06
us-gaap,CashAndDueFromBanks,USD,,2008-12-31,2739000000.0,10-Q,2009-08-10
us-gaap,CashAndDueFromBanks,USD,,2008-12-31,2739000000.0,10-Q,2009-11-06
us-gaap,CashAndDueFromBanks,USD,,2008-12-31,2739000000.0,10-K,2010-02-26
us-gaap,CashAndDueFromBanks,USD,,2008-12-31,2739000000.0,10-Q,2010-05-07
us-gaap,CashAndDueFromBanks,USD,,2008-12-31,2739000000.0,10-Q,2010-08-09
us-gaap,CashAndDueFromBanks,USD,,2008-12-31,2739000000.0,10-Q,2010-11-08
us-gaap,CashAndDueFromBanks,USD,,2008-12-31,2739000000.0,10-K,2011-02-28
us-gaap,CashAndDueFromBanks,USD,,2008-12-31,2739000000.0,10-K,2012-02-29
us-gaap,CashAndDueFromBanks,USD,,2009-03-31,2491000000.0,10-Q,2010-05-07
us-gaap,CashAndDueFromBanks,USD,,2009-06-30,2899000000.0,10-Q,2009-08-10
us-gaap,CashAndDueFromBanks,USD,,2009-06-30,2899000000.0,10-Q,2010-08-09
us-gaap,CashAndDueFromBanks,USD,,2009-09-30,2130000000.0,10-Q,2009-11-06
us-gaap,CashAndDueFromBanks,USD,,2009-09-30,2130000000.0,10-Q,2010-11-08
us-gaap,CashAndDueFromBanks,USD,,2009-12-31,2318000000.0,10-K,2010-02-26
us-gaap,CashAndDueFromBanks,USD,,2009-12-31,2318000000.0,10-Q,2010-05-07
us-gaap,CashAndDueFromBanks,USD,,2009-12-31,2318000000.0,10-Q,2010-08-09
us-gaap,CashAndDueFromBanks,USD,,2009-12-31,2318000000.0,10-Q,2010-11-08
us-gaap,CashAndDueFromBanks,USD,,2009-12-31,2318000000.0,10-K,2011-02-28
us-gaap,CashAndDueFromBanks,USD,,2009-12-31,2318000000.0,10-Q,2011-05-09
us-gaap,CashAndDueFromBanks,USD,,2009-12-31,2318000000.0,10-Q,2011-08-05
us-gaap,CashAndDueFromBanks,USD,,2009-12-31,2318000000.0,10-Q,2011-11-09
us-gaap,CashAndDueFromBanks,USD,,2009-12-31,2318000000.0,10-K,2012-02-29
us-gaap,CashAndDueFromBanks,USD,,2009-12-31,2318000000.0,10-K,2013-02-22
us-gaap,CashAndDueFromBanks,USD,,2010-03-31,2133000000.0,10-Q,2010-05-07
us-gaap,CashAndDueFromBanks,USD,,2010-03-31,2133000000.0,10-Q,2011-05-09
us-gaap,CashAndDueFromBanks,USD,,2010-06-30,2216000000.0,10-Q,2010-08-09
us-gaap,CashAndDueFromBanks,USD,,2010-06-30,2216000000.0,10-Q,2011-08-05
us-gaap,CashAndDueFromBanks,USD,,2010-09-30,2215000000.0,10-Q,2010-11-08
us-gaap,CashAndDueFromBanks,USD,,2010-09-30,2215000000.0,10-Q,2011-11-09
us-gaap,CashAndDueFromBanks,USD,,2010-12-31,2159000000.0,10-K,2011-02-28
us-gaap,CashAndDueFromBanks,USD,,2010-12-31,2159000000.0,10-Q,2011-05-09
us-gaap,CashAndDueFromBanks,USD,,2010-12-31,2159000000.0,10-Q,2011-08-05
us-gaap,CashAndDueFromBanks,USD,,2010-12-31,2159000000.0,10-Q,2011-11-09
us-gaap,CashAndDueFromBanks,USD,,2010-12-31,2159000000.0,10-K,2012-02-29
us-gaap,CashAndDueFromBanks,USD,,2010-12-31,2159000000.0,10-Q,2012-05-10
us-gaap,CashAndDueFromBanks,USD,,2010-12-31,2159000000.0,10-Q,2012-08-08
us-gaap,CashAndDueFromBanks,USD,,2010-12-31,2159000000.0,10-Q,2012-11-07
us-gaap,CashAndDueFromBanks,USD,,2010-12-31,2159000000.0,10-K,2013-02-22
us-gaap,CashAndDueFromBanks,USD,,2010-12-31,2159000000.0,10-K,2014-02-24
us-gaap,CashAndDueFromBanks,USD,,2011-03-31,2121000000.0,10-Q,2011-05-09
us-gaap,CashAndDueFromBanks,USD,,2011-03-31,2121000000.0,10-Q,2012-05-10
us-gaap,CashAndDueFromBanks,USD,,2011-06-30,2380000000.0,10-Q,2011-08-05
us-gaap,CashAndDueFromBanks,USD,,2011-06-30,2380000000.0,10-Q,2012-08-08
us-gaap,CashAndDueFromBanks,USD,,2011-09-30,2348000000.0,10-Q,2011-11-09
us-gaap,CashAndDueFromBanks,USD,,2011-09-30,2348000000.0,10-Q,2012-11-07
us-gaap,CashAndDueFromBanks,USD,,2011-12-31,2663000000.0,10-K,2012-02-29
us-gaap,CashAndDueFromBanks,USD,,2011-12-31,2663000000.0,10-Q,2012-05-10
us-gaap,CashAndDueFromBanks,USD,,2011-12-31,2663000000.0,10-Q,2012-08-08
us-gaap,CashAndDueFromBanks,USD,,2011-12-31,2663000000.0,10-Q,2012-11-07
us-gaap,CashAndDueFromBanks,USD,,2011-12-31,2663000000.0,10-K,2013-02-22
us-gaap,CashAndDueFromBanks,USD,,2011-12-31,2663000000.0,10-Q,2013-05-09
us-gaap,CashAndDueFromBanks,USD,,2011-12-31,2663000000.0,10-Q,2013-08-07
us-gaap,CashAndDueFromBanks,USD,,2011-12-31,2663000000.0,10-Q,2013-11-06
us-gaap,CashAndDueFromBanks,USD,,2011-12-31,2663000000.0,10-K,2014-02-24
us-gaap,CashAndDueFromBanks,USD,,2011-12-31,2663000000.0,10-K,2015-02-25
us-gaap,CashAndDueFromBanks,USD,,2012-03-31,2235000000.0,10-Q,2012-05-10
us-gaap,CashAndDueFromBanks,USD,,2012-03-31,2235000000.0,10-Q,2013-05-09
us-gaap,CashAndDueFromBanks,USD,,2012-06-30,2393000000.0,10-Q,2012-08-08
us-gaap,CashAndDueFromBanks,USD,,2012-06-30,2393000000.0,10-Q,2013-08-07
us-gaap,CashAndDueFromBanks,USD,,2012-09-30,2490000000.0,10-Q,2012-11-07
us-gaap,CashAndDueFromBanks,USD,,2012-09-30,2490000000.0,10-Q,2013-11-06
us-gaap,CashAndDueFromBanks,USD,,2012-12-31,2441000000.0,10-K,2013-02-22
us-gaap,CashAndDueFromBanks,USD,,2012-12-31,2441000000.0,10-Q,2013-05-09
us-gaap,CashAndDueFromBanks,USD,,2012-12-31,2441000000.0,10-Q,2013-08-07
us-gaap,CashAndDueFromBanks,USD,,2012-12-31,2441000000.0,10-Q,2013-11-06
us-gaap,CashAndDueFromBanks,USD,,2012-12-31,2441000000.0,10-K,2014-02-24
us-gaap,CashAndDueFromBanks,USD,,2012-12-31,2441000000.0,10-Q,2014-05-08
us-gaap,CashAndDueFromBanks,USD,,2012-12-31,2441000000.0,10-Q,2014-08-07
us-gaap,CashAndDueFromBanks,USD,,2012-12-31,2441000000.0,10-Q,2014-11-07
us-gaap,CashAndDueFromBanks,USD,,2012-12-31,2441000000.0,10-K,2015-02-25
us-gaap,CashAndDueFromBanks,USD,,2012-12-31,2441000000.0,10-K,2016-02-25
us-gaap,CashAndDueFromBanks,USD,,2013-03-31,2186000000.0,10-Q,2013-05-09
us-gaap,CashAndDueFromBanks,USD,,2013-03-31,2186000000.0,10-Q,2014-05-08
us-gaap,CashAndDueFromBanks,USD,,2013-06-30,2390000000.0,10-Q,2013-08-07
us-gaap,CashAndDueFromBanks,USD,,2013-06-30,2390000000.0,10-Q,2014-08-07
us-gaap,CashAndDueFromBanks,USD,,2013-09-30,2887000000.0,10-Q,2013-11-06
us-gaap,CashAndDueFromBanks,USD,,2013-09-30,2887000000.0,10-Q,2014-11-07
us-gaap,CashAndDueFromBanks,USD,,2013-12-31,3178000000.0,10-K,2014-02-24
us-gaap,CashAndDueFromBanks,USD,,2013-12-31,3178000000.0,10-Q,2014-05-08
us-gaap,CashAndDueFromBanks,USD,,2013-12-31,3178000000.0,10-Q,2014-08-07
us-gaap,CashAndDueFromBanks,USD,,2013-12-31,3178000000.0,10-Q,2014-11-07
us-gaap,CashAndDueFromBanks,USD,,2013-12-31,3178000000.0,10-K,2015-02-25
us-gaap,CashAndDueFromBanks,USD,,2013-12-31,3178000000.0,10-Q,2015-05-11
us-gaap,CashAndDueFromBanks,USD,,2013-12-31,3178000000.0,10-Q,2015-08-05
us-gaap,CashAndDueFromBanks,USD,,2013-12-31,3178000000.0,10-Q,2015-11-05
us-gaap,CashAndDueFromBanks,USD,,2013-12-31,3178000000.0,10-K,2016-02-25
us-gaap,CashAndDueFromBanks,USD,,2013-12-31,3178000000.0,10-K,2017-02-24
us-gaap,CashAndDueFromBanks,USD,,2014-03-31,3153000000.0,10-Q,2014-05-08
us-gaap,CashAndDueFromBanks,USD,,2014-03-31,3153000000.0,10-Q,2015-05-11
us-gaap,CashAndDueFromBanks,USD,,2014-06-30,3312000000.0,10-Q,2014-08-07
us-gaap,CashAndDueFromBanks,USD,,2014-06-30,3312000000.0,10-Q,2015-08-05
us-gaap,CashAndDueFromBanks,USD,,2014-09-30,3125000000.0,10-Q,2014-11-07
us-gaap,CashAndDueFromBanks,USD,,2014-09-30,3125000000.0,10-Q,2015-11-05
us-gaap,CashAndDueFromBanks,USD,,2014-12-31,3091000000.0,10-K,2015-02-25
us-gaap,CashAndDueFromBanks,USD,,2014-12-31,3091000000.0,10-Q,2015-05-11
us-gaap,CashAndDueFromBanks,USD,,2014-12-31,3091000000.0,10-Q,2015-08-05
us-gaap,CashAndDueFromBanks,USD,,2014-12-31,3091000000.0,10-Q,2015-11-05
us-gaap,CashAndDueFromBanks,USD,,2014-12-31,3091000000.0,10-K,2016-02-25
us-gaap,CashAndDueFromBanks,USD,,2014-12-31,3091000000.0,10-Q,2016-05-06
us-gaap,CashAndDueFromBanks,USD,,2014-12-31,3091000000.0,10-Q,2016-08-05
us-gaap,CashAndDueFromBanks,USD,,2014-12-31,3091000000.0,10-Q,2016-11-09
us-gaap,CashAndDueFromBanks,USD,,2014-12-31,3091000000.0,10-K,2017-02-24
us-gaap,CashAndDueFromBanks,USD,,2014-12-31,3091000000.0,10-K,2018-02-28
us-gaap,CashAndDueFromBanks,USD,,2015-03-31,2920000000.0,10-Q,2015-05-11
us-gaap,CashAndDueFromBanks,USD,,2015-03-31,2920000000.0,10-Q,2016-05-06
us-gaap,CashAndDueFromBanks,USD,,2015-06-30,2785000000.0,10-Q,2015-08-05
us-gaap,CashAndDueFromBanks,USD,,2015-06-30,2785000000.0,10-Q,2016-08-05
us-gaap,CashAndDueFromBanks,USD,,2015-09-30,2455000000.0,10-Q,2015-11-05
us-gaap,CashAndDueFromBanks,USD,,2015-09-30,2455000000.0,10-Q,2016-11-09
us-gaap,CashAndDueFromBanks,USD,,2015-12-31,2540000000.0,10-K,2016-02-25
us-gaap,CashAndDueFromBanks,USD,,2015-12-31,2540000000.0,10-Q,2016-05-06
us-gaap,CashAndDueFromBanks,USD,,2015-12-31,2540000000.0,10-Q,2016-08-05
us-gaap,CashAndDueFromBanks,USD,,2015-12-31,2540000000.0,10-Q,2016-11-09
us-gaap,CashAndDueFromBanks,USD,,2015-12-31,2540000000.0,10-K,2017-02-24
us-gaap,CashAndDueFromBanks,USD,,2015-12-31,2540000000.0,10-Q,2017-05-05
us-gaap,CashAndDueFromBanks,USD,,2015-12-31,2540000000.0,10-Q,2017-08-08
us-gaap,CashAndDueFromBanks,USD,,2015-12-31,2540000000.0,10-Q,2017-11-06
us-gaap,CashAndDueFromBanks,USD,,2015-12-31,2540000000.0,10-K,2018-02-28
us-gaap,CashAndDueFromBanks,USD,,2015-12-31,2540000000.0,10-K,2019-03-01
us-gaap,CashAndDueFromBanks,USD,,2016-03-31,2298000000.0,10-Q,2016-05-06
us-gaap,CashAndDueFromBanks,USD,,2016-03-31,2298000000.0,10-Q,2017-05-05
us-gaap,CashAndDueFromBanks,USD,,2016-06-30,2359000000.0,10-Q,2016-08-05
us-gaap,CashAndDueFromBanks,USD,,2016-06-30,2359000000.0,10-Q,2017-08-08
us-gaap,CashAndDueFromBanks,USD,,2016-09-30,2164000000.0,10-Q,2016-11-09
us-gaap,CashAndDueFromBanks,USD,,2016-09-30,2164000000.0,10-Q,2017-11-06
us-gaap,CashAndDueFromBanks,USD,,2016-12-31,2392000000.0,10-K,2017-02-24
us-gaap,CashAndDueFromBanks,USD,,2016-12-31,2392000000.0,10-Q,2017-05-05
us-gaap,CashAndDueFromBanks,USD,,2016-12-31,2392000000.0,10-Q,2017-08-08
us-gaap,CashAndDueFromBanks,USD,,2016-12-31,2392000000.0,10-Q,2017-11-06
us-gaap,CashAndDueFromBanks,USD,,2016-12-31,2392000000.0,10-K,2018-02-28
us-gaap,CashAndDueFromBanks,USD,,2016-12-31,2392000000.0,10-Q,2018-05-04
us-gaap,CashAndDueFromBanks,USD,,2016-12-31,2392000000.0,10-Q,2018-08-08
us-gaap,CashAndDueFromBanks,USD,,2016-12-31,2392000000.0,10-Q,2018-11-06
us-gaap,CashAndDueFromBanks,USD,,2016-12-31,2392000000.0,10-K,2019-03-01
us-gaap,CashAndDueFromBanks,USD,,2016-12-31,2392000000.0,10-K,2020-03-02
us-gaap,CashAndDueFromBanks,USD,,2017-03-31,2205000000.0,10-Q,2017-05-05
us-gaap,CashAndDueFromBanks,USD,,2017-03-31,2205000000.0,10-Q,2018-05-04
us-gaap,CashAndDueFromBanks,USD,,2017-06-30,2203000000.0,10-Q,2017-08-08
us-gaap,CashAndDueFromBanks,USD,,2017-06-30,2203000000.0,10-Q,2018-08-08
us-gaap,CashAndDueFromBanks,USD,,2017-09-30,2205000000.0,10-Q,2017-11-06
us-gaap,CashAndDueFromBanks,USD,,2017-09-30,2205000000.0,10-Q,2018-11-06
us-gaap,CashAndDueFromBanks,USD,,2017-12-31,2514000000.0,10-K,2018-02-28
us-gaap,CashAndDueFromBanks,USD,,2017-12-31,2514000000.0,10-Q,2018-05-04
us-gaap,CashAndDueFromBanks,USD,,2017-12-31,2514000000.0,10-Q,2018-08-08
us-gaap,CashAndDueFromBanks,USD,,2017-12-31,2514000000.0,10-Q,2018-11-06
us-gaap,CashAndDueFromBanks,USD,,2017-12-31,2514000000.0,10-K,2019-03-01
us-gaap,CashAndDueFromBanks,USD,,2017-12-31,2514000000.0,10-Q,2019-05-10
us-gaap,CashAndDueFromBanks,USD,,2017-12-31,2514000000.0,10-Q,2019-08-08
us-gaap,CashAndDueFromBanks,USD,,2017-12-31,2514000000.0,10-Q,2019-11-08
us-gaap,CashAndDueFromBanks,USD,,2017-12-31,2514000000.0,10-K,2020-03-02
us-gaap,CashAndDueFromBanks,USD,,2017-12-31,2514000000.0,10-K,2021-02-26
us-gaap,CashAndDueFromBanks,USD,,2018-03-31,2038000000.0,10-Q,2018-05-04
us-gaap,CashAndDueFromBanks,USD,,2018-03-31,2038000000.0,10-Q,2019-05-10
us-gaap,CashAndDueFromBanks,USD,,2018-06-30,2052000000.0,10-Q,2018-08-08
us-gaap,CashAndDueFromBanks,USD,,2018-06-30,2052000000.0,10-Q,2019-08-08
us-gaap,CashAndDueFromBanks,USD,,2018-09-30,2100000000.0,10-Q,2018-11-06
us-gaap,CashAndDueFromBanks,USD,,2018-09-30,2100000000.0,10-Q,2019-11-08
us-gaap,CashAndDueFromBanks,USD,,2018-12-31,2681000000.0,10-K,2019-03-01
us-gaap,CashAndDueFromBanks,USD,,2018-12-31,2681000000.0,10-Q,2019-05-10
us-gaap,CashAndDueFromBanks,USD,,2018-12-31,2681000000.0,10-Q,2019-08-08
us-gaap,CashAndDueFromBanks,USD,,2018-12-31,2681000000.0,10-Q,2019-11-08
us-gaap,CashAndDueFromBanks,USD,,2018-12-31,2681000000.0,10-K,2020-03-02
us-gaap,CashAndDueFromBanks,USD,,2018-12-31,2681000000.0,10-Q,2020-05-08
us-gaap,CashAndDueFromBanks,USD,,2018-12-31,2681000000.0,10-K,2021-02-26
us-gaap,CashAndDueFromBanks,USD,,2018-12-31,2681000000.0,10-K,2022-02-25
us-gaap,CashAndDueFromBanks,USD,,2019-03-31,2749000000.0,10-Q,2019-05-10
us-gaap,CashAndDueFromBanks,USD,,2019-03-31,2749000000.0,10-Q,2020-05-08
us-gaap,CashAndDueFromBanks,USD,,2019-06-30,2764000000.0,10-Q,2019-08-08
us-gaap,CashAndDueFromBanks,USD,,2019-09-30,3261000000.0,10-Q,2019-11-08
us-gaap,CashAndDueFromBanks,USD,,2019-12-31,3278000000.0,10-K,2020-03-02
us-gaap,CashAndDueFromBanks,USD,,2019-12-31,3278000000.0,10-Q,2020-05-08
us-gaap,CashAndDueFromBanks,USD,,2019-12-31,3278000000.0,10-Q,2020-08-07
us-gaap,CashAndDueFromBanks,USD,,2019-12-31,3278000000.0,10-Q,2020-11-05
us-gaap,CashAndDueFromBanks,USD,,2019-12-31,3278000000.0,10-K,2021-02-26
us-gaap,CashAndDueFromBanks,USD,,2019-12-31,3278000000.0,10-K,2022-02-25
us-gaap,CashAndDueFromBanks,USD,,2020-03-31,3282000000.0,10-Q,2020-05-08
us-gaap,CashAndDueFromBanks,USD,,2020-06-30,3221000000.0,10-Q,2020-08-07
us-gaap,CashAndDueFromBanks,USD,,2020-09-30,2996000000.0,10-Q,2020-11-05
us-gaap,CashAndDueFromBanks,USD,,2020-12-31,3147000000.0,10-K,2021-02-26
us-gaap,CashAndDueFromBanks,USD,,2020-12-31,3147000000.0,10-Q,2021-05-07
us-gaap,CashAndDueFromBanks,USD,,2020-12-31,3147000000.0,10-Q,2021-08-06
us-gaap,CashAndDueFromBanks,USD,,2020-12-31,3147000000.0,10-Q,2021-11-05
us-gaap,CashAndDueFromBanks,USD,,2020-12-31,3147000000.0,10-K,2022-02-25
us-gaap,CashAndDueFromBanks,USD,,2021-03-31,3122000000.0,10-Q,2021-05-07
us-gaap,CashAndDueFromBanks,USD,,2021-06-30,3285000000.0,10-Q,2021-08-06
us-gaap,CashAndDueFromBanks,USD,,2021-09-30,3213000000.0,10-Q,2021-11-05
us-gaap,CashAndDueFromBanks,USD,,2021-12-31,2994000000.0,10-K,2022-02-25
us-gaap,CashAndDueFromBanks,USD,,2021-12-31,2994000000.0,10-Q,2022-05-09
us-gaap,CashAndDueFromBanks,USD,,2021-12-31,2994000000.0,10-Q,2022-08-05
us-gaap,CashAndDueFromBanks,USD,,2021-12-31,2994000000.0,10-Q,2022-11-08
us-gaap,CashAndDueFromBanks,USD,,2022-03-31,3049000000.0,10-Q,2022-05-09
us-gaap,CashAndDueFromBanks,USD,,2022-06-30,3437000000.0,10-Q,2022-08-05
us-gaap,CashAndDueFromBanks,USD,,2022-09-30,3068000000.0,10-Q,2022-11-08
us-gaap,CashCashEquivalentsRestrictedCashAndRestrictedCashEquivalents,USD,,2018-12-31,2681000000.0,10-Q,2020-08-07
us-gaap,CashCashEquivalentsRestrictedCashAndRestrictedCashEquivalents,USD,,2018-12-31,2681000000.0,10-Q,2020-11-05
us-gaap,CashCashEquivalentsRestrictedCashAndRestrictedCashEquivalents,USD,,2019-06-30,2764000000.0,10-Q,2020-08-07
us-gaap,CashCashEquivalentsRestrictedCashAndRestrictedCashEquivalents,USD,,2019-09-30,3261000000.0,10-Q,2020-11-05
us-gaap,CashCashEquivalentsRestrictedCashAndRestrictedCashEquivalents,USD,,2019-12-31,3278000000.0,10-Q,2020-08-07
us-gaap,CashCashEquivalentsRestrictedCashAndRestrictedCashEquivalents,USD,,2019-12-31,3278000000.0,10-Q,2020-11-05
us-gaap,CashCashEquivalentsRestrictedCashAndRestrictedCashEquivalents,USD,,2019-12-31,3278000000.0,10-Q,2021-05-07
us-gaap,CashCashEquivalentsRestrictedCashAndRestrictedCashEquivalents,USD,,2019-12-31,3278000000.0,10-Q,2021-08-06
us-gaap,CashCashEquivalentsRestrictedCashAndRestrictedCashEquivalents,USD,,2019-12-31,3278000000.0,10-Q,2021-11-05
us-gaap,CashCashEquivalentsRestrictedCashAndRestrictedCashEquivalents,USD,,2019-12-31,3278000000.0,10-K,2023-02-24
us-gaap,CashCashEquivalentsRestrictedCashAndRestrictedCashEquivalents,USD,,2020-03-31,3282000000.0,10-Q,2021-05-07
us-gaap,CashCashEquivalentsRestrictedCashAndRestrictedCashEquivalents,USD,,2020-06-30,3221000000.0,10-Q,2020-08-07
us-gaap,CashCashEquivalentsRestrictedCashAndRestrictedCashEquivalents,USD,,2020-06-30,3221000000.0,10-Q,2021-08-06
us-gaap,CashCashEquivalentsRestrictedCashAndRestrictedCashEquivalents,USD,,2020-09-30,2996000000.0,10-Q,2020-11-05
us-gaap,CashCashEquivalentsRestrictedCashAndRestrictedCashEquivalents,USD,,2020-09-30,2996000000.0,10-Q,2021-11-05
us-gaap,CashCashEquivalentsRestrictedCashAndRestrictedCashEquivalents,USD,,2020-12-31,3147000000.0,10-Q,2021-05-07
us-gaap,CashCashEquivalentsRestrictedCashAndRestrictedCashEquivalents,USD,,2020-12-31,3147000000.0,10-Q,2021-08-06
us-gaap,CashCashEquivalentsRestrictedCashAndRestrictedCashEquivalents,USD,,2020-12-31,3147000000.0,10-Q,2021-11-05
us-gaap,CashCashEquivalentsRestrictedCashAndRestrictedCashEquivalents,USD,,2020-12-31,3147000000.0,10-Q,2022-05-09
us-gaap,CashCashEquivalentsRestrictedCashAndRestrictedCashEquivalents,USD,,2020-12-31,3147000000.0,10-Q,2022-08-05
us-gaap,CashCashEquivalentsRestrictedCashAndRestrictedCashEquivalents,USD,,2020-12-31,3147000000.0,10-Q,2022-11-08
us-gaap,CashCashEquivalentsRestrictedCashAndRestrictedCashEquivalents,USD,,2020-12-31,3147000000.0,10-K,2023-02-24
us-gaap,CashCashEquivalentsRestrictedCashAndRestrictedCashEquivalents,USD,,2020-12-31,3147000000.0,10-K,2024-02-27
us-gaap,CashCashEquivalentsRestrictedCashAndRestrictedCashEquivalents,USD,,2021-03-31,3122000000.0,10-Q,2021-05-07
us-gaap,CashCashEquivalentsRestrictedCashAndRestrictedCashEquivalents,USD,,2021-03-31,3122000000.0,10-Q,2022-05-09
us-gaap,CashCashEquivalentsRestrictedCashAndRestrictedCashEquivalents,USD,,2021-06-30,3285000000.0,10-Q,2021-08-06
us-gaap,CashCashEquivalentsRestrictedCashAndRestrictedCashEquivalents,USD,,2021-06-30,3285000000.0,10-Q,2022-08-05
us-gaap,CashCashEquivalentsRestrictedCashAndRestrictedCashEquivalents,USD,,2021-09-30,3213000000.0,10-Q,2021-11-05
us-gaap,CashCashEquivalentsRestrictedCashAndRestrictedCashEquivalents,USD,,2021-09-30,3213000000.0,10-Q,2022-11-08
us-gaap,CashCashEquivalentsRestrictedCashAndRestrictedCashEquivalents,USD,,2021-12-31,2994000000.0,10-Q,2022-05-09
us-gaap,CashCashEquivalentsRestrictedCashAndRestrictedCashEquivalents,USD,,2021-12-31,2994000000.0,10-Q,2022-08-05
us-gaap,CashCashEquivalentsRestrictedCashAndRestrictedCashEquivalents,USD,,2021-12-31,2994000000.0,10-Q,2022-11-08
us-gaap,CashCashEquivalentsRestrictedCashAndRestrictedCashEquivalents,USD,,2021-12-31,2994000000.0,10-K,2023-02-24
us-gaap,CashCashEquivalentsRestrictedCashAndRestrictedCashEquivalents,USD,,2021-12-31,2994000000.0,10-Q,2023-05-09
us-gaap,CashCashEquivalentsRestrictedCashAndRestrictedCashEquivalents,USD,,2021-12-31,2994000000.0,10-Q,2023-08-07
us-gaap,CashCashEquivalentsRestrictedCashAndRestrictedCashEquivalents,USD,,2021-12-31,2994000000.0,10-Q,2023-11-07
us-gaap,CashCashEquivalentsRestrictedCashAndRestrictedCashEquivalents,USD,,2021-12-31,2994000000.0,10-K,2024-02-27
us-gaap,CashCashEquivalentsRestrictedCashAndRestrictedCashEquivalents,USD,,2021-12-31,2994000000.0,10-K,2025-02-24
us-gaap,CashCashEquivalentsRestrictedCashAndRestrictedCashEquivalents,USD,,2022-03-31,3049000000.0,10-Q,2022-05-09
us-gaap,CashCashEquivalentsRestrictedCashAndRestrictedCashEquivalents,USD,,2022-03-31,3049000000.0,10-Q,2023-05-09
us-gaap,CashCashEquivalentsRestrictedCashAndRestrictedCashEquivalents,USD,,2022-06-30,3437000000.0,10-Q,2022-08-05
us-gaap,CashCashEquivalentsRestrictedCashAndRestrictedCashEquivalents,USD,,2022-06-30,3437000000.0,10-Q,2023-08-07
us-gaap,CashCashEquivalentsRestrictedCashAndRestrictedCashEquivalents,USD,,2022-09-30,3068000000.0,10-Q,2022-11-08
us-gaap,CashCashEquivalentsRestrictedCashAndRestrictedCashEquivalents,USD,,2022-09-30,3068000000.0,10-Q,2023-11-07
us-gaap,CashCashEquivalentsRestrictedCashAndRestrictedCashEquivalents,USD,,2022-12-31,3466000000.0,10-K,2023-02-24
us-gaap,CashCashEquivalentsRestrictedCashAndRestrictedCashEquivalents,USD,,2022-12-31,3466000000.0,10-Q,2023-05-09
us-gaap,CashCashEquivalentsRestrictedCashAndRestrictedCashEquivalents,USD,,2022-12-31,3466000000.0,10-Q,2023-08-07
us-gaap,CashCashEquivalentsRestrictedCashAndRestrictedCashEquivalents,USD,,2022-12-31,3466000000.0,10-Q,2023-11-07
us-gaap,CashCashEquivalentsRestrictedCashAndRestrictedCashEquivalents,USD,,2022-12-31,3466000000.0,10-K,2024-02-27
us-gaap,CashCashEquivalentsRestrictedCashAndRestrictedCashEquivalents,USD,,2022-12-31,3466000000.0,10-Q,2024-05-07
us-gaap,CashCashEquivalentsRestrictedCashAndRestrictedCashEquivalents,USD,,2022-12-31,3466000000.0,10-Q,2024-08-06
us-gaap,CashCashEquivalentsRestrictedCashAndRestrictedCashEquivalents,USD,,2022-12-31,3466000000.0,10-Q,2024-11-05
us-gaap,CashCashEquivalentsRestrictedCashAndRestrictedCashEquivalents,USD,,2022-12-31,3466000000.0,10-K,2025-02-24
us-gaap,CashCashEquivalentsRestrictedCashAndRestrictedCashEquivalents,USD,,2022-12-31,3466000000.0,10-K,2026-02-24
us-gaap,CashCashEquivalentsRestrictedCashAndRestrictedCashEquivalents,USD,,2023-03-31,2780000000.0,10-Q,2023-05-09
us-gaap,CashCashEquivalentsRestrictedCashAndRestrictedCashEquivalents,USD,,2023-03-31,2780000000.0,10-Q,2024-05-07
us-gaap,CashCashEquivalentsRestrictedCashAndRestrictedCashEquivalents,USD,,2023-06-30,2594000000.0,10-Q,2023-08-07
us-gaap,CashCashEquivalentsRestrictedCashAndRestrictedCashEquivalents,USD,,2023-06-30,2594000000.0,10-Q,2024-08-06
us-gaap,CashCashEquivalentsRestrictedCashAndRestrictedCashEquivalents,USD,,2023-09-30,2837000000.0,10-Q,2023-11-07
us-gaap,CashCashEquivalentsRestrictedCashAndRestrictedCashEquivalents,USD,,2023-09-30,2837000000.0,10-Q,2024-11-05
us-gaap,CashCashEquivalentsRestrictedCashAndRestrictedCashEquivalents,USD,,2023-12-31,3142000000.0,10-K,2024-02-27
us-gaap,CashCashEquivalentsRestrictedCashAndRestrictedCashEquivalents,USD,,2023-12-31,3142000000.0,10-Q,2024-05-07
us-gaap,CashCashEquivalentsRestrictedCashAndRestrictedCashEquivalents,USD,,2023-12-31,3142000000.0,10-Q,2024-08-06
us-gaap,CashCashEquivalentsRestrictedCashAndRestrictedCashEquivalents,USD,,2023-12-31,3142000000.0,10-Q,2024-11-05
us-gaap,CashCashEquivalentsRestrictedCashAndRestrictedCashEquivalents,USD,,2023-12-31,3142000000.0,10-K,2025-02-24
us-gaap,CashCashEquivalentsRestrictedCashAndRestrictedCashEquivalents,USD,,2023-12-31,3142000000.0,10-Q,2025-05-06
us-gaap,CashCashEquivalentsRestrictedCashAndRestrictedCashEquivalents,USD,,2023-12-31,3142000000.0,10-Q,2025-08-05
us-gaap,CashCashEquivalentsRestrictedCashAndRestrictedCashEquivalents,USD,,2023-12-31,3142000000.0,10-Q,2025-11-04
us-gaap,CashCashEquivalentsRestrictedCashAndRestrictedCashEquivalents,USD,,2023-12-31,3142000000.0,10-K,2026-02-24
us-gaap,CashCashEquivalentsRestrictedCashAndRestrictedCashEquivalents,USD,,2024-03-31,2796000000.0,10-Q,2024-05-07
us-gaap,CashCashEquivalentsRestrictedCashAndRestrictedCashEquivalents,USD,,2024-03-31,2796000000.0,10-Q,2025-05-06
us-gaap,CashCashEquivalentsRestrictedCashAndRestrictedCashEquivalents,USD,,2024-06-30,2837000000.0,10-Q,2024-08-06
us-gaap,CashCashEquivalentsRestrictedCashAndRestrictedCashEquivalents,USD,,2024-06-30,2837000000.0,10-Q,2025-08-05
us-gaap,CashCashEquivalentsRestrictedCashAndRestrictedCashEquivalents,USD,,2024-09-30,3215000000.0,10-Q,2024-11-05
us-gaap,CashCashEquivalentsRestrictedCashAndRestrictedCashEquivalents,USD,,2024-09-30,3215000000.0,10-Q,2025-11-04
us-gaap,CashCashEquivalentsRestrictedCashAndRestrictedCashEquivalents,USD,,2024-12-31,3014000000.0,10-K,2025-02-24
us-gaap,CashCashEquivalentsRestrictedCashAndRestrictedCashEquivalents,USD,,2024-12-31,3014000000.0,10-Q,2025-05-06
us-gaap,CashCashEquivalentsRestrictedCashAndRestrictedCashEquivalents,USD,,2024-12-31,3014000000.0,10-Q,2025-08-05
us-gaap,CashCashEquivalentsRestrictedCashAndRestrictedCashEquivalents,USD,,2024-12-31,3014000000.0,10-Q,2025-11-04
us-gaap,CashCashEquivalentsRestrictedCashAndRestrictedCashEquivalents,USD,,2024-12-31,3014000000.0,10-K,2026-02-24
us-gaap,CashCashEquivalentsRestrictedCashAndRestrictedCashEquivalents,USD,,2024-12-31,3014000000.0,10-Q,2026-05-05
us-gaap,CashCashEquivalentsRestrictedCashAndRestrictedCashEquivalents,USD,,2024-12-31,3014000000.0,10-Q,2026-08-04
us-gaap,CashCashEquivalentsRestrictedCashAndRestrictedCashEquivalents,USD,,2025-03-31,3009000000.0,10-Q,2025-05-06
us-gaap,CashCashEquivalentsRestrictedCashAndRestrictedCashEquivalents,USD,,2025-03-31,3009000000.0,10-Q,2026-05-05
us-gaap,CashCashEquivalentsRestrictedCashAndRestrictedCashEquivalents,USD,,2025-06-30,2972000000.0,10-Q,2025-08-05
us-gaap,CashCashEquivalentsRestrictedCashAndRestrictedCashEquivalents,USD,,2025-06-30,2972000000.0,10-Q,2026-08-04
us-gaap,CashCashEquivalentsRestrictedCashAndRestrictedCashEquivalents,USD,,2025-09-30,2901000000.0,10-Q,2025-11-04
us-gaap,CashCashEquivalentsRestrictedCashAndRestrictedCashEquivalents,USD,,2025-12-31,3499000000.0,10-K,2026-02-24
us-gaap,CashCashEquivalentsRestrictedCashAndRestrictedCashEquivalents,USD,,2025-12-31,3499000000.0,10-Q,2026-05-05
us-gaap,CashCashEquivalentsRestrictedCashAndRestrictedCashEquivalents,USD,,2025-12-31,3499000000.0,10-Q,2026-08-04
us-gaap,CashCashEquivalentsRestrictedCashAndRestrictedCashEquivalents,USD,,2026-03-31,4084000000.0,10-Q,2026-05-05
us-gaap,CashCashEquivalentsRestrictedCashAndRestrictedCashEquivalents,USD,,2026-06-30,4374000000.0,10-Q,2026-08-04
us-gaap,CashCashEquivalentsRestrictedCashAndRestrictedCashEquivalentsPeriodIncreaseDecreaseExcludingExchangeRateEffect,USD,2017-01-01,2017-12-31,122000000.0,10-K,2020-03-02
us-gaap,CashCashEquivalentsRestrictedCashAndRestrictedCashEquivalentsPeriodIncreaseDecreaseExcludingExchangeRateEffect,USD,2018-01-01,2018-12-31,167000000.0,10-K,2020-03-02
us-gaap,CashCashEquivalentsRestrictedCashAndRestrictedCashEquivalentsPeriodIncreaseDecreaseExcludingExchangeRateEffect,USD,2019-01-01,2019-03-31,68000000.0,10-Q,2020-05-08
us-gaap,CashCashEquivalentsRestrictedCashAndRestrictedCashEquivalentsPeriodIncreaseDecreaseExcludingExchangeRateEffect,USD,2019-01-01,2019-06-30,83000000.0,10-Q,2020-08-07
us-gaap,CashCashEquivalentsRestrictedCashAndRestrictedCashEquivalentsPeriodIncreaseDecreaseExcludingExchangeRateEffect,USD,2019-01-01,2019-09-30,580000000.0,10-Q,2020-11-05
us-gaap,CashCashEquivalentsRestrictedCashAndRestrictedCashEquivalentsPeriodIncreaseDecreaseExcludingExchangeRateEffect,USD,2019-01-01,2019-12-31,597000000.0,10-K,2020-03-02
us-gaap,CashCashEquivalentsRestrictedCashAndRestrictedCashEquivalentsPeriodIncreaseDecreaseExcludingExchangeRateEffect,USD,2020-01-01,2020-03-31,4000000.0,10-Q,2020-05-08
us-gaap,CashCashEquivalentsRestrictedCashAndRestrictedCashEquivalentsPeriodIncreaseDecreaseExcludingExchangeRateEffect,USD,2020-01-01,2020-06-30,-57000000.0,10-Q,2020-08-07
us-gaap,CashCashEquivalentsRestrictedCashAndRestrictedCashEquivalentsPeriodIncreaseDecreaseExcludingExchangeRateEffect,USD,2020-01-01,2020-09-30,-282000000.0,10-Q,2020-11-05
us-gaap,CashCashEquivalentsRestrictedCashAndRestrictedCashEquivalentsPeriodIncreaseDecreaseIncludingExchangeRateEffect,USD,2018-01-01,2018-12-31,167000000.0,10-K,2021-02-26
us-gaap,CashCashEquivalentsRestrictedCashAndRestrictedCashEquivalentsPeriodIncreaseDecreaseIncludingExchangeRateEffect,USD,2019-01-01,2019-12-31,597000000.0,10-K,2021-02-26
us-gaap,CashCashEquivalentsRestrictedCashAndRestrictedCashEquivalentsPeriodIncreaseDecreaseIncludingExchangeRateEffect,USD,2019-01-01,2019-12-31,597000000.0,10-K,2022-02-25
us-gaap,CashCashEquivalentsRestrictedCashAndRestrictedCashEquivalentsPeriodIncreaseDecreaseIncludingExchangeRateEffect,USD,2020-01-01,2020-03-31,4000000.0,10-Q,2021-05-07
us-gaap,CashCashEquivalentsRestrictedCashAndRestrictedCashEquivalentsPeriodIncreaseDecreaseIncludingExchangeRateEffect,USD,2020-01-01,2020-06-30,-57000000.0,10-Q,2021-08-06
us-gaap,CashCashEquivalentsRestrictedCashAndRestrictedCashEquivalentsPeriodIncreaseDecreaseIncludingExchangeRateEffect,USD,2020-01-01,2020-09-30,-282000000.0,10-Q,2021-11-05
us-gaap,CashCashEquivalentsRestrictedCashAndRestrictedCashEquivalentsPeriodIncreaseDecreaseIncludingExchangeRateEffect,USD,2020-01-01,2020-12-31,-131000000.0,10-K,2021-02-26
us-gaap,CashCashEquivalentsRestrictedCashAndRestrictedCashEquivalentsPeriodIncreaseDecreaseIncludingExchangeRateEffect,USD,2020-01-01,2020-12-31,-131000000.0,10-K,2022-02-25
us-gaap,CashCashEquivalentsRestrictedCashAndRestrictedCashEquivalentsPeriodIncreaseDecreaseIncludingExchangeRateEffect,USD,2020-01-01,2020-12-31,-131000000.0,10-K,2023-02-24
us-gaap,CashCashEquivalentsRestrictedCashAndRestrictedCashEquivalentsPeriodIncreaseDecreaseIncludingExchangeRateEffect,USD,2021-01-01,2021-03-31,-25000000.0,10-Q,2021-05-07
us-gaap,CashCashEquivalentsRestrictedCashAndRestrictedCashEquivalentsPeriodIncreaseDecreaseIncludingExchangeRateEffect,USD,2021-01-01,2021-03-31,-25000000.0,10-Q,2022-05-09
us-gaap,CashCashEquivalentsRestrictedCashAndRestrictedCashEquivalentsPeriodIncreaseDecreaseIncludingExchangeRateEffect,USD,2021-01-01,2021-06-30,138000000.0,10-Q,2021-08-06
us-gaap,CashCashEquivalentsRestrictedCashAndRestrictedCashEquivalentsPeriodIncreaseDecreaseIncludingExchangeRateEffect,USD,2021-01-01,2021-06-30,138000000.0,10-Q,2022-08-05
us-gaap,CashCashEquivalentsRestrictedCashAndRestrictedCashEquivalentsPeriodIncreaseDecreaseIncludingExchangeRateEffect,USD,2021-01-01,2021-09-30,66000000.0,10-Q,2021-11-05
us-gaap,CashCashEquivalentsRestrictedCashAndRestrictedCashEquivalentsPeriodIncreaseDecreaseIncludingExchangeRateEffect,USD,2021-01-01,2021-09-30,66000000.0,10-Q,2022-11-08
us-gaap,CashCashEquivalentsRestrictedCashAndRestrictedCashEquivalentsPeriodIncreaseDecreaseIncludingExchangeRateEffect,USD,2021-01-01,2021-12-31,-153000000.0,10-K,2022-02-25
us-gaap,CashCashEquivalentsRestrictedCashAndRestrictedCashEquivalentsPeriodIncreaseDecreaseIncludingExchangeRateEffect,USD,2021-01-01,2021-12-31,-153000000.0,10-K,2023-02-24
us-gaap,CashCashEquivalentsRestrictedCashAndRestrictedCashEquivalentsPeriodIncreaseDecreaseIncludingExchangeRateEffect,USD,2021-01-01,2021-12-31,-153000000.0,10-K,2024-02-27
us-gaap,CashCashEquivalentsRestrictedCashAndRestrictedCashEquivalentsPeriodIncreaseDecreaseIncludingExchangeRateEffect,USD,2022-01-01,2022-03-31,55000000.0,10-Q,2022-05-09
us-gaap,CashCashEquivalentsRestrictedCashAndRestrictedCashEquivalentsPeriodIncreaseDecreaseIncludingExchangeRateEffect,USD,2022-01-01,2022-03-31,55000000.0,10-Q,2023-05-09
us-gaap,CashCashEquivalentsRestrictedCashAndRestrictedCashEquivalentsPeriodIncreaseDecreaseIncludingExchangeRateEffect,USD,2022-01-01,2022-06-30,443000000.0,10-Q,2022-08-05
us-gaap,CashCashEquivalentsRestrictedCashAndRestrictedCashEquivalentsPeriodIncreaseDecreaseIncludingExchangeRateEffect,USD,2022-01-01,2022-06-30,443000000.0,10-Q,2023-08-07
us-gaap,CashCashEquivalentsRestrictedCashAndRestrictedCashEquivalentsPeriodIncreaseDecreaseIncludingExchangeRateEffect,USD,2022-01-01,2022-09-30,74000000.0,10-Q,2022-11-08
us-gaap,CashCashEquivalentsRestrictedCashAndRestrictedCashEquivalentsPeriodIncreaseDecreaseIncludingExchangeRateEffect,USD,2022-01-01,2022-09-30,74000000.0,10-Q,2023-11-07
us-gaap,CashCashEquivalentsRestrictedCashAndRestrictedCashEquivalentsPeriodIncreaseDecreaseIncludingExchangeRateEffect,USD,2022-01-01,2022-12-31,472000000.0,10-K,2023-02-24
us-gaap,CashCashEquivalentsRestrictedCashAndRestrictedCashEquivalentsPeriodIncreaseDecreaseIncludingExchangeRateEffect,USD,2022-01-01,2022-12-31,472000000.0,10-K,2024-02-27
us-gaap,CashCashEquivalentsRestrictedCashAndRestrictedCashEquivalentsPeriodIncreaseDecreaseIncludingExchangeRateEffect,USD,2022-01-01,2022-12-31,472000000.0,10-K,2025-02-24
us-gaap,CashCashEquivalentsRestrictedCashAndRestrictedCashEquivalentsPeriodIncreaseDecreaseIncludingExchangeRateEffect,USD,2023-01-01,2023-03-31,-686000000.0,10-Q,2023-05-09
us-gaap,CashCashEquivalentsRestrictedCashAndRestrictedCashEquivalentsPeriodIncreaseDecreaseIncludingExchangeRateEffect,USD,2023-01-01,2023-03-31,-686000000.0,10-Q,2024-05-07
us-gaap,CashCashEquivalentsRestrictedCashAndRestrictedCashEquivalentsPeriodIncreaseDecreaseIncludingExchangeRateEffect,USD,2023-01-01,2023-06-30,-872000000.0,10-Q,2023-08-07
us-gaap,CashCashEquivalentsRestrictedCashAndRestrictedCashEquivalentsPeriodIncreaseDecreaseIncludingExchangeRateEffect,USD,2023-01-01,2023-06-30,-872000000.0,10-Q,2024-08-06
us-gaap,CashCashEquivalentsRestrictedCashAndRestrictedCashEquivalentsPeriodIncreaseDecreaseIncludingExchangeRateEffect,USD,2023-01-01,2023-09-30,-629000000.0,10-Q,2023-11-07
us-gaap,CashCashEquivalentsRestrictedCashAndRestrictedCashEquivalentsPeriodIncreaseDecreaseIncludingExchangeRateEffect,USD,2023-01-01,2023-09-30,-629000000.0,10-Q,2024-11-05
us-gaap,CashCashEquivalentsRestrictedCashAndRestrictedCashEquivalentsPeriodIncreaseDecreaseIncludingExchangeRateEffect,USD,2023-01-01,2023-12-31,-324000000.0,10-K,2024-02-27
us-gaap,CashCashEquivalentsRestrictedCashAndRestrictedCashEquivalentsPeriodIncreaseDecreaseIncludingExchangeRateEffect,USD,2023-01-01,2023-12-31,-324000000.0,10-K,2025-02-24
us-gaap,CashCashEquivalentsRestrictedCashAndRestrictedCashEquivalentsPeriodIncreaseDecreaseIncludingExchangeRateEffect,USD,2023-01-01,2023-12-31,-324000000.0,10-K,2026-02-24
us-gaap,CashCashEquivalentsRestrictedCashAndRestrictedCashEquivalentsPeriodIncreaseDecreaseIncludingExchangeRateEffect,USD,2024-01-01,2024-03-31,-346000000.0,10-Q,2024-05-07
us-gaap,CashCashEquivalentsRestrictedCashAndRestrictedCashEquivalentsPeriodIncreaseDecreaseIncludingExchangeRateEffect,USD,2024-01-01,2024-03-31,-346000000.0,10-Q,2025-05-06
us-gaap,CashCashEquivalentsRestrictedCashAndRestrictedCashEquivalentsPeriodIncreaseDecreaseIncludingExchangeRateEffect,USD,2024-01-01,2024-06-30,-305000000.0,10-Q,2024-08-06
us-gaap,CashCashEquivalentsRestrictedCashAndRestrictedCashEquivalentsPeriodIncreaseDecreaseIncludingExchangeRateEffect,USD,2024-01-01,2024-06-30,-305000000.0,10-Q,2025-08-05
us-gaap,CashCashEquivalentsRestrictedCashAndRestrictedCashEquivalentsPeriodIncreaseDecreaseIncludingExchangeRateEffect,USD,2024-01-01,2024-09-30,73000000.0,10-Q,2024-11-05
us-gaap,CashCashEquivalentsRestrictedCashAndRestrictedCashEquivalentsPeriodIncreaseDecreaseIncludingExchangeRateEffect,USD,2024-01-01,2024-09-30,73000000.0,10-Q,2025-11-04
us-gaap,CashCashEquivalentsRestrictedCashAndRestrictedCashEquivalentsPeriodIncreaseDecreaseIncludingExchangeRateEffect,USD,2024-01-01,2024-12-31,-128000000.0,10-K,2025-02-24
us-gaap,CashCashEquivalentsRestrictedCashAndRestrictedCashEquivalentsPeriodIncreaseDecreaseIncludingExchangeRateEffect,USD,2024-01-01,2024-12-31,-128000000.0,10-K,2026-02-24
us-gaap,CashCashEquivalentsRestrictedCashAndRestrictedCashEquivalentsPeriodIncreaseDecreaseIncludingExchangeRateEffect,USD,2025-01-01,2025-03-31,-5000000.0,10-Q,2025-05-06
us-gaap,CashCashEquivalentsRestrictedCashAndRestrictedCashEquivalentsPeriodIncreaseDecreaseIncludingExchangeRateEffect,USD,2025-01-01,2025-03-31,-5000000.0,10-Q,2026-05-05
us-gaap,CashCashEquivalentsRestrictedCashAndRestrictedCashEquivalentsPeriodIncreaseDecreaseIncludingExchangeRateEffect,USD,2025-01-01,2025-06-30,-42000000.0,10-Q,2025-08-05
us-gaap,CashCashEquivalentsRestrictedCashAndRestrictedCashEquivalentsPeriodIncreaseDecreaseIncludingExchangeRateEffect,USD,2025-01-01,2025-06-30,-42000000.0,10-Q,2026-08-04
us-gaap,CashCashEquivalentsRestrictedCashAndRestrictedCashEquivalentsPeriodIncreaseDecreaseIncludingExchangeRateEffect,USD,2025-01-01,2025-09-30,-113000000.0,10-Q,2025-11-04
us-gaap,CashCashEquivalentsRestrictedCashAndRestrictedCashEquivalentsPeriodIncreaseDecreaseIncludingExchangeRateEffect,USD,2025-01-01,2025-12-31,485000000.0,10-K,2026-02-24
us-gaap,CashCashEquivalentsRestrictedCashAndRestrictedCashEquivalentsPeriodIncreaseDecreaseIncludingExchangeRateEffect,USD,2026-01-01,2026-03-31,585000000.0,10-Q,2026-05-05
us-gaap,CashCashEquivalentsRestrictedCashAndRestrictedCashEquivalentsPeriodIncreaseDecreaseIncludingExchangeRateEffect,USD,2026-01-01,2026-06-30,875000000.0,10-Q,2026-08-04
us-gaap,CashDividendsPaidToParentCompanyByConsolidatedSubsidiaries,USD,2009-12-31,2010-12-31,1400000000.0,10-K,2011-02-28
us-gaap,CashDividendsPaidToParentCompanyByConsolidatedSubsidiaries,USD,2010-01-01,2010-12-31,1400000000.0,10-K,2012-02-29
us-gaap,CashDividendsPaidToParentCompanyByConsolidatedSubsidiaries,USD,2011-01-01,2011-12-31,2000000000.0,10-K,2013-02-22
us-gaap,CashDividendsPaidToParentCompanyByConsolidatedSubsidiaries,USD,2011-01-01,2011-12-31,2000000000.0,10-K,2012-02-29
us-gaap,CashDividendsPaidToParentCompanyByConsolidatedSubsidiaries,USD,2012-01-01,2012-12-31,2000000000.0,10-K,2013-02-22
us-gaap,CashReserveDepositRequiredAndMade,USD,,2009-12-31,439000000.0,10-K,2011-02-28
us-gaap,CashReserveDepositRequiredAndMade,USD,,2010-12-31,547000000.0,10-K,2012-02-29
us-gaap,CashReserveDepositRequiredAndMade,USD,,2010-12-31,547000000.0,10-K,2011-02-28
us-gaap,CashReserveDepositRequiredAndMade,USD,,2011-12-31,744000000.0,10-K,2013-02-22
us-gaap,CashReserveDepositRequiredAndMade,USD,,2011-12-31,744000000.0,10-K,2012-02-29
us-gaap,CashReserveDepositRequiredAndMade,USD,,2012-12-31,1500000000.0,10-K,2014-02-24
us-gaap,CashReserveDepositRequiredAndMade,USD,,2012-12-31,1500000000.0,10-K,2013-02-22
us-gaap,CashReserveDepositRequiredAndMade,USD,,2013-12-31,1600000000.0,10-K,2015-02-25
us-gaap,CashReserveDepositRequiredAndMade,USD,,2013-12-31,1600000000.0,10-K,2014-02-24
us-gaap,CashReserveDepositRequiredAndMade,USD,,2014-12-31,1800000000.0,10-K,2016-02-25
us-gaap,CashReserveDepositRequiredAndMade,USD,,2014-12-31,1700000000.0,10-K,2015-02-25
us-gaap,CashReserveDepositRequiredAndMade,USD,,2015-12-31,1900000000.0,10-K,2017-02-24
us-gaap,CashReserveDepositRequiredAndMade,USD,,2015-12-31,1900000000.0,10-K,2016-02-25
us-gaap,CashReserveDepositRequiredAndMade,USD,,2016-12-31,1600000000.0,10-K,2018-02-28
us-gaap,CashReserveDepositRequiredAndMade,USD,,2016-12-31,1600000000.0,10-K,2017-02-24
us-gaap,CashReserveDepositRequiredAndMade,USD,,2017-12-31,1500000000.0,10-K,2019-03-01
us-gaap,CashReserveDepositRequiredAndMade,USD,,2017-12-31,1500000000.0,10-K,2018-02-28
us-gaap,CashReserveDepositRequiredAndMade,USD,,2018-12-31,1500000000.0,10-K,2020-03-02
us-gaap,CashReserveDepositRequiredAndMade,USD,,2018-12-31,1500000000.0,10-K,2019-03-01
us-gaap,CashReserveDepositRequiredAndMade,USD,,2019-12-31,1700000000.0,10-K,2020-03-02
us-gaap,CashReserveDepositRequiredAndMade,USD,,2019-12-31,1700000000.0,10-K,2021-02-26
us-gaap,CashReserveDepositRequiredAndMade,USD,,2020-03-26,0.0,10-K,2021-02-26
us-gaap,CashReserveDepositRequiredAndMade,USD,,2020-12-31,0.0,10-K,2021-02-26
us-gaap,CashSurrenderValueDuePolicyholdersAmount,USD,,2009-12-31,237000000.0,10-K,2012-02-29
us-gaap,CashSurrenderValueDuePolicyholdersAmount,USD,,2009-12-31,237000000.0,10-K,2011-02-28
us-gaap,CommonStockSharesOutstanding,shares,,2008-12-31,577386612.0,10-K,2010-02-26
us-gaap,CommonStockSharesOutstanding,shares,,2009-03-31,576935997.0,10-Q,2010-05-07
us-gaap,CommonStockSharesOutstanding,shares,,2009-06-30,795313448.0,10-Q,2010-08-09
us-gaap,CommonStockSharesOutstanding,shares,,2009-09-30,795316187.0,10-Q,2010-11-08
us-gaap,CommonStockSharesOutstanding,shares,,2009-12-31,795068164.0,10-K,2010-02-26
us-gaap,CommonStockSharesOutstanding,shares,,2009-12-31,795068164.0,10-Q,2010-05-07
us-gaap,CommonStockSharesOutstanding,shares,,2009-12-31,795068164.0,10-Q,2010-08-09
us-gaap,CommonStockSharesOutstanding,shares,,2009-12-31,795068164.0,10-Q,2010-11-08
us-gaap,CommonStockSharesOutstanding,shares,,2009-12-31,795068164.0,10-K,2011-02-28
us-gaap,CommonStockSharesOutstanding,shares,,2010-03-31,794816131.0,10-Q,2010-05-07
us-gaap,CommonStockSharesOutstanding,shares,,2010-03-31,794816131.0,10-Q,2011-05-09
us-gaap,CommonStockSharesOutstanding,shares,,2010-06-30,796319712.0,10-Q,2010-08-09
us-gaap,CommonStockSharesOutstanding,shares,,2010-06-30,796319712.0,10-Q,2011-08-05
us-gaap,CommonStockSharesOutstanding,shares,,2010-09-30,796283198.0,10-Q,2010-11-08
us-gaap,CommonStockSharesOutstanding,shares,,2010-09-30,796283198000000.0,10-Q,2011-11-09
us-gaap,CommonStockSharesOutstanding,shares,,2010-12-31,796272522.0,10-K,2011-02-28
us-gaap,CommonStockSharesOutstanding,shares,,2010-12-31,796272522.0,10-Q,2011-05-09
us-gaap,CommonStockSharesOutstanding,shares,,2010-12-31,796272522.0,10-Q,2011-08-05
us-gaap,CommonStockSharesOutstanding,shares,,2010-12-31,796272522.0,10-Q,2011-11-09
us-gaap,CommonStockSharesOutstanding,shares,,2010-12-31,796272522.0,10-K,2012-02-29
us-gaap,CommonStockSharesOutstanding,shares,,2011-03-31,918728008.0,10-Q,2011-05-09
us-gaap,CommonStockSharesOutstanding,shares,,2011-03-31,918728008.0,10-Q,2012-05-10
us-gaap,CommonStockSharesOutstanding,shares,,2011-06-30,919818137.0,10-Q,2011-08-05
us-gaap,CommonStockSharesOutstanding,shares,,2011-09-30,919778512.0,10-Q,2011-11-09
us-gaap,CommonStockSharesOutstanding,shares,,2011-09-30,919778513.0,10-Q,2012-11-07
us-gaap,CommonStockSharesOutstanding,shares,,2011-12-31,919804436.0,10-K,2012-02-29
us-gaap,CommonStockSharesOutstanding,shares,,2011-12-31,919804436.0,10-Q,2012-05-10
us-gaap,CommonStockSharesOutstanding,shares,,2011-12-31,919804436.0,10-Q,2012-11-07
us-gaap,CommonStockSharesOutstanding,shares,,2011-12-31,919804436.0,10-K,2013-02-22
us-gaap,CommonStockSharesOutstanding,shares,,2012-03-31,920056340.0,10-Q,2012-05-10
us-gaap,CommonStockSharesOutstanding,shares,,2012-09-30,897467318.0,10-Q,2012-11-07
us-gaap,CommonStockSharesOutstanding,shares,,2012-12-31,882152057.0,10-K,2013-02-22
us-gaap,CommonStockSharesOutstanding,shares,,2012-12-31,882152056.89,10-Q,2013-05-09
us-gaap,CommonStockSharesOutstanding,shares,,2012-12-31,882152057.0,10-Q,2013-08-07
us-gaap,CommonStockSharesOutstanding,shares,,2012-12-31,882152057.0,10-Q,2013-11-06
us-gaap,CommonStockSharesOutstanding,shares,,2012-12-31,882152057.0,10-K,2014-02-24
us-gaap,CommonStockSharesOutstanding,shares,,2013-03-31,874644724.58,10-Q,2013-05-09
us-gaap,CommonStockSharesOutstanding,shares,,2013-06-30,851473955.42,10-Q,2013-08-07
us-gaap,CommonStockSharesOutstanding,shares,,2013-09-30,887029539.0,10-Q,2013-11-06
us-gaap,CommonStockSharesOutstanding,shares,,2013-12-31,855305745.0,10-K,2014-02-24
us-gaap,CommonStockSharesOutstanding,shares,,2013-12-31,855305745.0,10-Q,2014-05-08
us-gaap,CommonStockSharesOutstanding,shares,,2013-12-31,855305745.0,10-Q,2014-08-07
us-gaap,CommonStockSharesOutstanding,shares,,2013-12-31,855305745.0,10-Q,2014-11-07
us-gaap,CommonStockSharesOutstanding,shares,,2013-12-31,855305745.0,10-K,2015-02-25
us-gaap,CommonStockSharesOutstanding,shares,,2014-03-31,847568728.0,10-Q,2014-05-08
us-gaap,CommonStockSharesOutstanding,shares,,2014-06-30,844488849.0,10-Q,2014-08-07
us-gaap,CommonStockSharesOutstanding,shares,,2014-09-30,834261897.0,10-Q,2014-11-07
us-gaap,CommonStockSharesOutstanding,shares,,2014-12-31,824046952.0,10-K,2015-02-25
us-gaap,CommonStockSharesOutstanding,shares,,2014-12-31,824046952.0,10-Q,2015-05-11
us-gaap,CommonStockSharesOutstanding,shares,,2014-12-31,824046952.0,10-Q,2015-08-05
us-gaap,CommonStockSharesOutstanding,shares,,2014-12-31,824046952.0,10-Q,2015-11-05
us-gaap,CommonStockSharesOutstanding,shares,,2014-12-31,824046952.0,10-K,2016-02-25
us-gaap,CommonStockSharesOutstanding,shares,,2015-03-31,815190210.0,10-Q,2015-05-11
us-gaap,CommonStockSharesOutstanding,shares,,2015-06-30,810054148.0,10-Q,2015-08-05
us-gaap,CommonStockSharesOutstanding,shares,,2015-09-30,795439309.0,10-Q,2015-11-05
us-gaap,CommonStockSharesOutstanding,shares,,2015-12-31,785080314.0,10-K,2016-02-25
us-gaap,CommonStockSharesOutstanding,shares,,2015-12-31,785080314.0,10-Q,2016-05-06
us-gaap,CommonStockSharesOutstanding,shares,,2015-12-31,785080314.0,10-Q,2016-08-05
us-gaap,CommonStockSharesOutstanding,shares,,2015-12-31,785080314.0,10-Q,2016-11-09
us-gaap,CommonStockSharesOutstanding,shares,,2015-12-31,785080314.0,10-K,2017-02-24
us-gaap,CommonStockSharesOutstanding,shares,,2016-03-31,770470768.0,10-Q,2016-05-06
us-gaap,CommonStockSharesOutstanding,shares,,2016-06-30,766345770.0,10-Q,2016-08-05
us-gaap,CommonStockSharesOutstanding,shares,,2016-09-30,755582255.0,10-Q,2016-11-09
us-gaap,CommonStockSharesOutstanding,shares,,2016-12-31,750479299.0,10-K,2017-02-24
us-gaap,CommonStockSharesOutstanding,shares,,2016-12-31,750479299.0,10-Q,2017-05-05
us-gaap,CommonStockSharesOutstanding,shares,,2016-12-31,750479299.0,10-Q,2017-08-08
us-gaap,CommonStockSharesOutstanding,shares,,2016-12-31,750479299.0,10-Q,2017-11-06
us-gaap,CommonStockSharesOutstanding,shares,,2016-12-31,750479299.0,10-K,2018-02-28
us-gaap,CommonStockSharesOutstanding,shares,,2017-03-31,750144587.0,10-Q,2017-05-05
us-gaap,CommonStockSharesOutstanding,shares,,2017-06-30,738872549.0,10-Q,2017-08-08
us-gaap,CommonStockSharesOutstanding,shares,,2017-09-30,705473789.0,10-Q,2017-11-06
us-gaap,CommonStockSharesOutstanding,shares,,2017-12-31,693804893.0,10-K,2018-02-28
us-gaap,CommonStockSharesOutstanding,shares,,2017-12-31,693804893.0,10-Q,2018-05-04
us-gaap,CommonStockSharesOutstanding,shares,,2017-12-31,693804893.0,10-Q,2018-08-08
us-gaap,CommonStockSharesOutstanding,shares,,2017-12-31,693804893.0,10-Q,2018-11-06
us-gaap,CommonStockSharesOutstanding,shares,,2017-12-31,693804893.0,10-K,2019-03-01
us-gaap,CommonStockSharesOutstanding,shares,,2018-03-31,684941986.0,10-Q,2018-05-04
us-gaap,CommonStockSharesOutstanding,shares,,2018-06-30,678161855.0,10-Q,2018-08-08
us-gaap,CommonStockSharesOutstanding,shares,,2018-09-30,661372797.0,10-Q,2018-11-06
us-gaap,CommonStockSharesOutstanding,shares,,2018-12-31,646630857.0,10-K,2019-03-01
us-gaap,CommonStockSharesOutstanding,shares,,2018-12-31,646630857.0,10-Q,2019-05-10
us-gaap,CommonStockSharesOutstanding,shares,,2018-12-31,646630857.0,10-Q,2019-08-08
us-gaap,CommonStockSharesOutstanding,shares,,2018-12-31,646630857.0,10-Q,2019-11-08
us-gaap,CommonStockSharesOutstanding,shares,,2018-12-31,646630857.0,10-K,2020-03-02
us-gaap,CommonStockSharesOutstanding,shares,,2019-03-31,739406088.0,10-Q,2019-05-10
us-gaap,CommonStockSharesOutstanding,shares,,2019-06-30,731473622.0,10-Q,2019-08-08
us-gaap,CommonStockSharesOutstanding,shares,,2019-09-30,718583491.0,10-Q,2019-11-08
us-gaap,CommonStockSharesOutstanding,shares,,2019-12-31,708915629.0,10-K,2020-03-02
us-gaap,CommonStockSharesOutstanding,shares,,2019-12-31,708915629.0,10-Q,2020-05-08
us-gaap,CommonStockSharesOutstanding,shares,,2019-12-31,708915629.0,10-Q,2020-08-07
us-gaap,CommonStockSharesOutstanding,shares,,2019-12-31,708915629.0,10-Q,2020-11-05
us-gaap,CommonStockSharesOutstanding,shares,,2019-12-31,708915629.0,10-K,2021-02-26
us-gaap,CommonStockSharesOutstanding,shares,,2020-03-31,711306181.0,10-Q,2020-05-08
us-gaap,CommonStockSharesOutstanding,shares,,2020-06-30,712202207.0,10-Q,2020-08-07
us-gaap,CommonStockSharesOutstanding,shares,,2020-09-30,712327748.0,10-Q,2020-11-05
us-gaap,CommonStockSharesOutstanding,shares,,2020-12-31,712760325.0,10-K,2021-02-26
us-gaap,CommonStockSharesOutstanding,shares,,2020-12-31,712760325.0,10-Q,2021-05-07
us-gaap,CommonStockSharesOutstanding,shares,,2020-12-31,712760325.0,10-Q,2021-08-06
us-gaap,CommonStockSharesOutstanding,shares,,2020-12-31,712760325.0,10-Q,2021-11-05
us-gaap,CommonStockSharesOutstanding,shares,,2020-12-31,712760325.0,10-K,2022-02-25
us-gaap,CommonStockSharesOutstanding,shares,,2021-03-31,711595529.0,10-Q,2021-05-07
us-gaap,CommonStockSharesOutstanding,shares,,2021-06-30,703739634.0,10-Q,2021-08-06
us-gaap,CommonStockSharesOutstanding,shares,,2021-09-30,689790194.0,10-Q,2021-11-05
us-gaap,CommonStockSharesOutstanding,shares,,2021-12-31,682777664.0,10-K,2022-02-25
us-gaap,CommonStockSharesOutstanding,shares,,2021-12-31,682777664.0,10-Q,2022-05-09
us-gaap,CommonStockSharesOutstanding,shares,,2021-12-31,682777664.0,10-Q,2022-08-05
us-gaap,CommonStockSharesOutstanding,shares,,2021-12-31,682777664.0,10-Q,2022-11-08
us-gaap,CommonStockSharesOutstanding,shares,,2021-12-31,682777664.0,10-K,2023-02-24
us-gaap,CommonStockSharesOutstanding,shares,,2022-03-31,685905240.0,10-Q,2022-05-09
us-gaap,CommonStockSharesOutstanding,shares,,2022-06-30,686151599.0,10-Q,2022-08-05
us-gaap,CommonStockSharesOutstanding,shares,,2022-09-30,686343370.0,10-Q,2022-11-08
us-gaap,CommonStockSharesOutstanding,shares,,2022-12-31,683385880.0,10-K,2023-02-24
us-gaap,CommonStockSharesOutstanding,shares,,2022-12-31,683385880.0,10-Q,2023-05-09
us-gaap,CommonStockSharesOutstanding,shares,,2022-12-31,683385880.0,10-Q,2023-08-07
us-gaap,CommonStockSharesOutstanding,shares,,2022-12-31,683385880.0,10-Q,2023-11-07
us-gaap,CommonStockSharesOutstanding,shares,,2022-12-31,683385880.0,10-K,2024-02-27
us-gaap,CommonStockSharesOutstanding,shares,,2023-03-31,680536608.0,10-Q,2023-05-09
us-gaap,CommonStockSharesOutstanding,shares,,2023-06-30,680850480.0,10-Q,2023-08-07
us-gaap,CommonStockSharesOutstanding,shares,,2023-09-30,680989701.0,10-Q,2023-11-07
us-gaap,CommonStockSharesOutstanding,shares,,2023-12-31,681124810.0,10-K,2024-02-27
us-gaap,CommonStockSharesOutstanding,shares,,2023-12-31,681124810.0,10-Q,2024-05-07
us-gaap,CommonStockSharesOutstanding,shares,,2023-12-31,681124810.0,10-Q,2024-08-06
us-gaap,CommonStockSharesOutstanding,shares,,2023-12-31,681124810.0,10-Q,2024-11-05
us-gaap,CommonStockSharesOutstanding,shares,,2023-12-31,681124810.0,10-K,2025-02-24
us-gaap,CommonStockSharesOutstanding,shares,,2024-03-31,683812363.0,10-Q,2024-05-07
us-gaap,CommonStockSharesOutstanding,shares,,2024-06-30,680789253.0,10-Q,2024-08-06
us-gaap,CommonStockSharesOutstanding,shares,,2024-09-30,676268732.0,10-Q,2024-11-05
us-gaap,CommonStockSharesOutstanding,shares,,2024-12-31,669853830.0,10-K,2025-02-24
us-gaap,CommonStockSharesOutstanding,shares,,2024-12-31,669853830.0,10-Q,2025-05-06
us-gaap,CommonStockSharesOutstanding,shares,,2024-12-31,669853830.0,10-Q,2025-08-05
us-gaap,CommonStockSharesOutstanding,shares,,2024-12-31,669853830.0,10-Q,2025-11-04
us-gaap,CommonStockSharesOutstanding,shares,,2024-12-31,669853830.0,10-K,2026-02-24
us-gaap,CommonStockSharesOutstanding,shares,,2025-03-31,667272067.0,10-Q,2025-05-06
us-gaap,CommonStockSharesOutstanding,shares,,2025-06-30,667709709.0,10-Q,2025-08-05
us-gaap,CommonStockSharesOutstanding,shares,,2025-09-30,660973454.0,10-Q,2025-11-04
us-gaap,CommonStockSharesOutstanding,shares,,2025-12-31,661197787.0,10-K,2026-02-24
us-gaap,CommonStockSharesOutstanding,shares,,2025-12-31,661197787.0,10-Q,2026-05-05
us-gaap,CommonStockSharesOutstanding,shares,,2025-12-31,661197787.0,10-Q,2026-08-04
us-gaap,CommonStockSharesOutstanding,shares,,2026-03-31,905822556.0,10-Q,2026-05-05
us-gaap,CommonStockSharesOutstanding,shares,,2026-06-30,906572635.0,10-Q,2026-08-04
us-gaap,Deposits,USD,,2008-06-30,77416000000.0,10-Q,2009-08-10
us-gaap,Deposits,USD,,2008-09-30,77460000000.0,10-Q,2009-11-06
us-gaap,Deposits,USD,,2008-12-31,78613000000.0,10-Q,2009-08-10
us-gaap,Deposits,USD,,2008-12-31,78613000000.0,10-Q,2009-11-06
us-gaap,Deposits,USD,,2008-12-31,78613000000.0,10-K,2010-02-26
us-gaap,Deposits,USD,,2009-03-31,79782000000.0,10-Q,2010-05-07
us-gaap,Deposits,USD,,2009-06-30,80820000000.0,10-Q,2009-08-10
us-gaap,Deposits,USD,,2009-06-30,80820000000.0,10-Q,2010-08-09
us-gaap,Deposits,USD,,2009-09-30,79358000000.0,10-Q,2009-11-06
us-gaap,Deposits,USD,,2009-09-30,79358000000.0,10-Q,2010-11-08
us-gaap,Deposits,USD,,2009-12-31,84305000000.0,10-K,2010-02-26
us-gaap,Deposits,USD,,2009-12-31,84305000000.0,10-Q,2010-05-07
us-gaap,Deposits,USD,,2009-12-31,84305000000.0,10-Q,2010-08-09
us-gaap,Deposits,USD,,2009-12-31,84305000000.0,10-Q,2010-11-08
us-gaap,Deposits,USD,,2009-12-31,84305000000.0,10-K,2011-02-28
us-gaap,Deposits,USD,,2010-03-31,83574000000.0,10-Q,2010-05-07
us-gaap,Deposits,USD,,2010-03-31,83574000000.0,10-Q,2011-05-09
us-gaap,Deposits,USD,,2010-06-30,82115000000.0,10-Q,2010-08-09
us-gaap,Deposits,USD,,2010-06-30,82115000000.0,10-Q,2011-08-05
us-gaap,Deposits,USD,,2010-09-30,81362000000.0,10-Q,2010-11-08
us-gaap,Deposits,USD,,2010-09-30,81362000000.0,10-Q,2011-11-09
us-gaap,Deposits,USD,,2010-12-31,81648000000.0,10-K,2011-02-28
us-gaap,Deposits,USD,,2010-12-31,81648000000.0,10-Q,2011-05-09
us-gaap,Deposits,USD,,2010-12-31,81648000000.0,10-Q,2011-08-05
us-gaap,Deposits,USD,,2010-12-31,81648000000.0,10-Q,2011-11-09
us-gaap,Deposits,USD,,2010-12-31,81648000000.0,10-K,2012-02-29
us-gaap,Deposits,USD,,2011-03-31,82317000000.0,10-Q,2011-05-09
us-gaap,Deposits,USD,,2011-03-31,82317000000.0,10-Q,2012-05-10
us-gaap,Deposits,USD,,2011-06-30,80598000000.0,10-Q,2011-08-05
us-gaap,Deposits,USD,,2011-06-30,80598000000.0,10-Q,2012-08-08
us-gaap,Deposits,USD,,2011-09-30,82047000000.0,10-Q,2011-11-09
us-gaap,Deposits,USD,,2011-09-30,82047000000.0,10-Q,2012-11-07
us-gaap,Deposits,USD,,2011-12-31,85710000000.0,10-K,2012-02-29
us-gaap,Deposits,USD,,2011-12-31,85710000000.0,10-Q,2012-05-10
us-gaap,Deposits,USD,,2011-12-31,85710000000.0,10-Q,2012-08-08
us-gaap,Deposits,USD,,2011-12-31,85710000000.0,10-Q,2012-11-07
us-gaap,Deposits,USD,,2011-12-31,85710000000.0,10-K,2013-02-22
us-gaap,Deposits,USD,,2012-03-31,85791000000.0,10-Q,2012-05-10
us-gaap,Deposits,USD,,2012-06-30,84273000000.0,10-Q,2012-08-08
us-gaap,Deposits,USD,,2012-09-30,84688000000.0,10-Q,2012-11-07
us-gaap,Deposits,USD,,2012-12-31,89517000000.0,10-K,2013-02-22
us-gaap,Deposits,USD,,2012-12-31,89517000000.0,10-Q,2013-05-09
us-gaap,Deposits,USD,,2012-12-31,89517000000.0,10-Q,2013-08-07
us-gaap,Deposits,USD,,2012-12-31,89517000000.0,10-Q,2013-11-06
us-gaap,Deposits,USD,,2012-12-31,89517000000.0,10-K,2014-02-24
us-gaap,Deposits,USD,,2013-03-31,91624000000.0,10-Q,2013-05-09
us-gaap,Deposits,USD,,2013-06-30,93454000000.0,10-Q,2013-08-07
us-gaap,Deposits,USD,,2013-09-30,94126000000.0,10-Q,2013-11-06
us-gaap,Deposits,USD,,2013-12-31,99275000000.0,10-K,2014-02-24
us-gaap,Deposits,USD,,2013-12-31,99275000000.0,10-Q,2014-05-08
us-gaap,Deposits,USD,,2013-12-31,99275000000.0,10-Q,2014-08-07
us-gaap,Deposits,USD,,2013-12-31,99275000000.0,10-Q,2014-11-07
us-gaap,Deposits,USD,,2013-12-31,99275000000.0,10-K,2015-02-25
us-gaap,Deposits,USD,,2014-03-31,96874000000.0,10-Q,2014-05-08
us-gaap,Deposits,USD,,2014-06-30,95952000000.0,10-Q,2014-08-07
us-gaap,Deposits,USD,,2014-09-30,97292000000.0,10-Q,2014-11-07
us-gaap,Deposits,USD,,2014-12-31,101712000000.0,10-K,2015-02-25
us-gaap,Deposits,USD,,2014-12-31,101712000000.0,10-Q,2015-05-11
us-gaap,Deposits,USD,,2014-12-31,101712000000.0,10-Q,2015-08-05
us-gaap,Deposits,USD,,2014-12-31,101712000000.0,10-Q,2015-11-05
us-gaap,Deposits,USD,,2014-12-31,101712000000.0,10-K,2016-02-25
us-gaap,Deposits,USD,,2015-03-31,103415000000.0,10-Q,2015-05-11
us-gaap,Deposits,USD,,2015-06-30,103023000000.0,10-Q,2015-08-05
us-gaap,Deposits,USD,,2015-09-30,100893000000.0,10-Q,2015-11-05
us-gaap,Deposits,USD,,2015-12-31,103205000000.0,10-K,2016-02-25
us-gaap,Deposits,USD,,2015-12-31,103205000000.0,10-Q,2016-05-06
us-gaap,Deposits,USD,,2015-12-31,103205000000.0,10-Q,2016-08-05
us-gaap,Deposits,USD,,2015-12-31,103205000000.0,10-Q,2016-11-09
us-gaap,Deposits,USD,,2015-12-31,103205000000.0,10-K,2017-02-24
us-gaap,Deposits,USD,,2016-03-31,102475000000.0,10-Q,2016-05-06
us-gaap,Deposits,USD,,2016-06-30,101871000000.0,10-Q,2016-08-05
us-gaap,Deposits,USD,,2016-09-30,101271000000.0,10-Q,2016-11-09
us-gaap,Deposits,USD,,2016-12-31,103821000000.0,10-K,2017-02-24
us-gaap,Deposits,USD,,2016-12-31,103821000000.0,10-Q,2017-05-05
us-gaap,Deposits,USD,,2016-12-31,103821000000.0,10-Q,2017-08-08
us-gaap,Deposits,USD,,2016-12-31,103821000000.0,10-Q,2017-11-06
us-gaap,Deposits,USD,,2016-12-31,103821000000.0,10-K,2018-02-28
us-gaap,Deposits,USD,,2017-03-31,104156000000.0,10-Q,2017-05-05
us-gaap,Deposits,USD,,2017-06-30,101880000000.0,10-Q,2017-08-08
us-gaap,Deposits,USD,,2017-09-30,101452000000.0,10-Q,2017-11-06
us-gaap,Deposits,USD,,2017-12-31,103162000000.0,10-K,2018-02-28
us-gaap,Deposits,USD,,2017-12-31,103162000000.0,10-Q,2018-05-04
us-gaap,Deposits,USD,,2017-12-31,103162000000.0,10-Q,2018-08-08
us-gaap,Deposits,USD,,2017-12-31,103162000000.0,10-Q,2018-11-06
us-gaap,Deposits,USD,,2017-12-31,103162000000.0,10-K,2019-03-01
us-gaap,Deposits,USD,,2018-03-31,105461000000.0,10-Q,2018-05-04
us-gaap,Deposits,USD,,2018-06-30,104131000000.0,10-Q,2018-08-08
us-gaap,Deposits,USD,,2018-09-30,104342000000.0,10-Q,2018-11-06
us-gaap,Deposits,USD,,2018-12-31,108835000000.0,10-K,2019-03-01
us-gaap,Deposits,USD,,2018-12-31,108835000000.0,10-Q,2019-05-10
us-gaap,Deposits,USD,,2018-12-31,108835000000.0,10-Q,2019-08-08
us-gaap,Deposits,USD,,2018-12-31,108835000000.0,10-Q,2019-11-08
us-gaap,Deposits,USD,,2018-12-31,108835000000.0,10-K,2020-03-02
us-gaap,Deposits,USD,,2019-03-31,123664000000.0,10-Q,2019-05-10
us-gaap,Deposits,USD,,2019-06-30,125392000000.0,10-Q,2019-08-08
us-gaap,Deposits,USD,,2019-09-30,125347000000.0,10-Q,2019-11-08
us-gaap,Deposits,USD,,2019-12-31,127062000000.0,10-K,2020-03-02
us-gaap,Deposits,USD,,2019-12-31,127062000000.0,10-Q,2020-05-08
us-gaap,Deposits,USD,,2019-12-31,127062000000.0,10-Q,2020-08-07
us-gaap,Deposits,USD,,2019-12-31,127062000000.0,10-Q,2020-11-05
us-gaap,Deposits,USD,,2019-12-31,127062000000.0,10-K,2021-02-26
us-gaap,Deposits,USD,,2020-03-31,135061000000.0,10-Q,2020-05-08
us-gaap,Deposits,USD,,2020-06-30,156946000000.0,10-Q,2020-08-07
us-gaap,Deposits,USD,,2020-09-30,156683000000.0,10-Q,2020-11-05
us-gaap,Deposits,USD,,2020-12-31,159081000000.0,10-K,2021-02-26
us-gaap,Deposits,USD,,2020-12-31,159081000000.0,10-Q,2021-05-07
us-gaap,Deposits,USD,,2020-12-31,159081000000.0,10-Q,2021-08-06
us-gaap,Deposits,USD,,2020-12-31,159081000000.0,10-Q,2021-11-05
us-gaap,Deposits,USD,,2020-12-31,159081000000.0,10-K,2022-02-25
us-gaap,Deposits,USD,,2021-03-31,162393000000.0,10-Q,2021-05-07
us-gaap,Deposits,USD,,2021-06-30,162283000000.0,10-Q,2021-08-06
us-gaap,Deposits,USD,,2021-09-30,165108000000.0,10-Q,2021-11-05
us-gaap,Deposits,USD,,2021-12-31,169324000000.0,10-K,2022-02-25
us-gaap,Deposits,USD,,2021-12-31,169324000000.0,10-Q,2022-05-09
us-gaap,Deposits,USD,,2021-12-31,169324000000.0,10-Q,2022-08-05
us-gaap,Deposits,USD,,2021-12-31,169324000000.0,10-Q,2022-11-08
us-gaap,Deposits,USD,,2021-12-31,169324000000.0,10-K,2023-02-24
us-gaap,Deposits,USD,,2022-03-31,170611000000.0,10-Q,2022-05-09
us-gaap,Deposits,USD,,2022-06-30,161174000000.0,10-Q,2022-08-05
us-gaap,Deposits,USD,,2022-09-30,161652000000.0,10-Q,2022-11-08
us-gaap,Deposits,USD,,2022-12-31,163690000000.0,10-K,2023-02-24
us-gaap,Deposits,USD,,2022-12-31,163690000000.0,10-Q,2023-05-09
us-gaap,Deposits,USD,,2022-12-31,163690000000.0,10-Q,2023-08-07
us-gaap,Deposits,USD,,2022-12-31,163690000000.0,10-Q,2023-11-07
us-gaap,Deposits,USD,,2022-12-31,163690000000.0,10-K,2024-02-27
us-gaap,Deposits,USD,,2023-03-31,162975000000.0,10-Q,2023-05-09
us-gaap,Deposits,USD,,2023-06-30,164128000000.0,10-Q,2023-08-07
us-gaap,Deposits,USD,,2023-09-30,167672000000.0,10-Q,2023-11-07
us-gaap,Deposits,USD,,2023-12-31,168912000000.0,10-K,2024-02-27
us-gaap,Deposits,USD,,2023-12-31,168912000000.0,10-Q,2024-05-07
us-gaap,Deposits,USD,,2023-12-31,168912000000.0,10-Q,2024-08-06
us-gaap,Deposits,USD,,2023-12-31,168912000000.0,10-Q,2024-11-05
us-gaap,Deposits,USD,,2023-12-31,168912000000.0,10-K,2025-02-24
us-gaap,Deposits,USD,,2024-03-31,169587000000.0,10-Q,2024-05-07
us-gaap,Deposits,USD,,2024-06-30,166768000000.0,10-Q,2024-08-06
us-gaap,Deposits,USD,,2024-09-30,168340000000.0,10-Q,2024-11-05
us-gaap,Deposits,USD,,2024-12-31,167252000000.0,10-K,2025-02-24
us-gaap,Deposits,USD,,2024-12-31,167252000000.0,10-Q,2025-05-06
us-gaap,Deposits,USD,,2024-12-31,167252000000.0,10-Q,2025-08-05
us-gaap,Deposits,USD,,2024-12-31,167252000000.0,10-Q,2025-11-04
us-gaap,Deposits,USD,,2024-12-31,167252000000.0,10-K,2026-02-24
us-gaap,Deposits,USD,,2025-03-31,165505000000.0,10-Q,2025-05-06
us-gaap,Deposits,USD,,2025-06-30,164207000000.0,10-Q,2025-08-05
us-gaap,Deposits,USD,,2025-09-30,166569000000.0,10-Q,2025-11-04
us-gaap,Deposits,USD,,2025-12-31,171819000000.0,10-K,2026-02-24
us-gaap,Deposits,USD,,2025-12-31,171819000000.0,10-Q,2026-05-05
us-gaap,Deposits,USD,,2025-12-31,171819000000.0,10-Q,2026-08-04
us-gaap,Deposits,USD,,2026-03-31,233621000000.0,10-Q,2026-05-05
us-gaap,Deposits,USD,,2026-06-30,234141000000.0,10-Q,2026-08-04
us-gaap,DepositsMoneyMarketDeposits,USD,,2008-06-30,6806000000.0,10-Q,2009-08-10
us-gaap,DepositsMoneyMarketDeposits,USD,,2008-09-30,5352000000.0,10-Q,2009-11-06
us-gaap,DepositsMoneyMarketDeposits,USD,,2008-12-31,4689000000.0,10-K,2010-02-26
us-gaap,DepositsMoneyMarketDeposits,USD,,2008-12-31,4689000000.0,10-Q,2009-11-06
us-gaap,DepositsMoneyMarketDeposits,USD,,2008-12-31,4689000000.0,10-Q,2009-08-10
us-gaap,DepositsMoneyMarketDeposits,USD,,2009-03-31,4353000000.0,10-Q,2010-05-07
us-gaap,DepositsMoneyMarketDeposits,USD,,2009-06-30,4193000000.0,10-Q,2010-08-09
us-gaap,DepositsMoneyMarketDeposits,USD,,2009-06-30,4193000000.0,10-Q,2009-08-10
us-gaap,DepositsMoneyMarketDeposits,USD,,2009-09-30,4378000000.0,10-Q,2010-11-08
us-gaap,DepositsMoneyMarketDeposits,USD,,2009-09-30,4378000000.0,10-Q,2009-11-06
us-gaap,DepositsMoneyMarketDeposits,USD,,2009-12-31,4431000000.0,10-K,2011-02-28
us-gaap,DepositsMoneyMarketDeposits,USD,,2009-12-31,4431000000.0,10-Q,2010-11-08
us-gaap,DepositsMoneyMarketDeposits,USD,,2009-12-31,4431000000.0,10-Q,2010-08-09
us-gaap,DepositsMoneyMarketDeposits,USD,,2009-12-31,4431000000.0,10-Q,2010-05-07
us-gaap,DepositsMoneyMarketDeposits,USD,,2009-12-31,4431000000.0,10-K,2010-02-26
us-gaap,DepositsMoneyMarketDeposits,USD,,2010-03-31,4782000000.0,10-Q,2011-05-09
us-gaap,DepositsMoneyMarketDeposits,USD,,2010-03-31,4782000000.0,10-Q,2010-05-07
us-gaap,DepositsMoneyMarketDeposits,USD,,2010-06-30,4666000000.0,10-Q,2011-08-05
us-gaap,DepositsMoneyMarketDeposits,USD,,2010-06-30,4666000000.0,10-Q,2010-08-09
us-gaap,DepositsMoneyMarketDeposits,USD,,2010-09-30,5064000000.0,10-Q,2011-11-09
us-gaap,DepositsMoneyMarketDeposits,USD,,2010-09-30,5064000000.0,10-Q,2010-11-08
us-gaap,DepositsMoneyMarketDeposits,USD,,2010-12-31,5035000000.0,10-K,2012-02-29
us-gaap,DepositsMoneyMarketDeposits,USD,,2010-12-31,5035000000.0,10-Q,2011-11-09
us-gaap,DepositsMoneyMarketDeposits,USD,,2010-12-31,5035000000.0,10-Q,2011-08-05
us-gaap,DepositsMoneyMarketDeposits,USD,,2010-12-31,5035000000.0,10-Q,2011-05-09
us-gaap,DepositsMoneyMarketDeposits,USD,,2010-12-31,5035000000.0,10-K,2011-02-28
us-gaap,DepositsMoneyMarketDeposits,USD,,2011-03-31,5184000000.0,10-Q,2012-05-10
us-gaap,DepositsMoneyMarketDeposits,USD,,2011-03-31,5184000000.0,10-Q,2011-05-09
us-gaap,DepositsMoneyMarketDeposits,USD,,2011-06-30,4859000000.0,10-Q,2012-08-08
us-gaap,DepositsMoneyMarketDeposits,USD,,2011-06-30,4859000000.0,10-Q,2011-08-05
us-gaap,DepositsMoneyMarketDeposits,USD,,2011-09-30,5448000000.0,10-Q,2012-11-07
us-gaap,DepositsMoneyMarketDeposits,USD,,2011-09-30,5448000000.0,10-Q,2011-11-09
us-gaap,DepositsMoneyMarketDeposits,USD,,2011-12-31,4989000000.0,10-K,2013-02-22
us-gaap,DepositsMoneyMarketDeposits,USD,,2011-12-31,4989000000.0,10-Q,2012-11-07
us-gaap,DepositsMoneyMarketDeposits,USD,,2011-12-31,4989000000.0,10-Q,2012-08-08
us-gaap,DepositsMoneyMarketDeposits,USD,,2011-12-31,4989000000.0,10-Q,2012-05-10
us-gaap,DepositsMoneyMarketDeposits,USD,,2011-12-31,4989000000.0,10-K,2012-02-29
us-gaap,DepositsMoneyMarketDeposits,USD,,2012-03-31,4275000000.0,10-Q,2012-05-10
us-gaap,DepositsMoneyMarketDeposits,USD,,2012-06-30,4223000000.0,10-Q,2012-08-08
us-gaap,DepositsMoneyMarketDeposits,USD,,2012-09-30,5285000000.0,10-Q,2012-11-07
us-gaap,DepositsMoneyMarketDeposits,USD,,2012-12-31,6875000000.0,10-K,2014-02-24
us-gaap,DepositsMoneyMarketDeposits,USD,,2012-12-31,6875000000.0,10-Q,2013-11-06
us-gaap,DepositsMoneyMarketDeposits,USD,,2012-12-31,6875000000.0,10-Q,2013-08-07
us-gaap,DepositsMoneyMarketDeposits,USD,,2012-12-31,6875000000.0,10-Q,2013-05-09
us-gaap,DepositsMoneyMarketDeposits,USD,,2012-12-31,6875000000.0,10-K,2013-02-22
us-gaap,DepositsMoneyMarketDeposits,USD,,2013-03-31,8613000000.0,10-Q,2013-05-09
us-gaap,DepositsMoneyMarketDeposits,USD,,2013-06-30,9247000000.0,10-Q,2013-08-07
us-gaap,DepositsMoneyMarketDeposits,USD,,2013-09-30,10433000000.0,10-Q,2013-11-06
us-gaap,DepositsMoneyMarketDeposits,USD,,2013-12-31,11644000000.0,10-K,2015-02-25
us-gaap,DepositsMoneyMarketDeposits,USD,,2013-12-31,11644000000.0,10-Q,2014-11-07
us-gaap,DepositsMoneyMarketDeposits,USD,,2013-12-31,11644000000.0,10-Q,2014-08-07
us-gaap,DepositsMoneyMarketDeposits,USD,,2013-12-31,11644000000.0,10-Q,2014-05-08
us-gaap,DepositsMoneyMarketDeposits,USD,,2013-12-31,11644000000.0,10-K,2014-02-24
us-gaap,DepositsMoneyMarketDeposits,USD,,2014-03-31,13208000000.0,10-Q,2014-05-08
us-gaap,DepositsMoneyMarketDeposits,USD,,2014-06-30,14216000000.0,10-Q,2014-08-07
us-gaap,DepositsMoneyMarketDeposits,USD,,2014-09-30,16199000000.0,10-Q,2014-11-07
us-gaap,DepositsMoneyMarketDeposits,USD,,2014-12-31,17083000000.0,10-K,2015-02-25
us-gaap,DepositsSavingsDeposits,USD,,2008-06-30,16602000000.0,10-Q,2009-08-10
us-gaap,DepositsSavingsDeposits,USD,,2008-09-30,15955000000.0,10-Q,2009-11-06
us-gaap,DepositsSavingsDeposits,USD,,2008-12-31,16063000000.0,10-K,2010-02-26
us-gaap,DepositsSavingsDeposits,USD,,2008-12-31,16063000000.0,10-Q,2009-11-06
us-gaap,DepositsSavingsDeposits,USD,,2008-12-31,16063000000.0,10-Q,2009-08-10
us-gaap,DepositsSavingsDeposits,USD,,2009-03-31,16517000000.0,10-Q,2010-05-07
us-gaap,DepositsSavingsDeposits,USD,,2009-06-30,16819000000.0,10-Q,2010-08-09
us-gaap,DepositsSavingsDeposits,USD,,2009-06-30,16819000000.0,10-Q,2009-08-10
us-gaap,DepositsSavingsDeposits,USD,,2009-09-30,17098000000.0,10-Q,2010-11-08
us-gaap,DepositsSavingsDeposits,USD,,2009-09-30,17098000000.0,10-Q,2009-11-06
us-gaap,DepositsSavingsDeposits,USD,,2009-12-31,17898000000.0,10-K,2011-02-28
us-gaap,DepositsSavingsDeposits,USD,,2009-12-31,17898000000.0,10-Q,2010-11-08
us-gaap,DepositsSavingsDeposits,USD,,2009-12-31,17898000000.0,10-Q,2010-08-09
us-gaap,DepositsSavingsDeposits,USD,,2009-12-31,17898000000.0,10-Q,2010-05-07
us-gaap,DepositsSavingsDeposits,USD,,2009-12-31,17898000000.0,10-K,2010-02-26
us-gaap,DepositsSavingsDeposits,USD,,2010-03-31,19099000000.0,10-Q,2011-05-09
us-gaap,DepositsSavingsDeposits,USD,,2010-03-31,19099000000.0,10-Q,2010-05-07
us-gaap,DepositsSavingsDeposits,USD,,2010-06-30,19646000000.0,10-Q,2011-08-05
us-gaap,DepositsSavingsDeposits,USD,,2010-06-30,19646000000.0,10-Q,2010-08-09
us-gaap,DepositsSavingsDeposits,USD,,2010-09-30,20260000000.0,10-Q,2011-11-09
us-gaap,DepositsSavingsDeposits,USD,,2010-09-30,20260000000.0,10-Q,2010-11-08
us-gaap,DepositsSavingsDeposits,USD,,2010-12-31,20903000000.0,10-K,2012-02-29
us-gaap,DepositsSavingsDeposits,USD,,2010-12-31,20903000000.0,10-Q,2011-11-09
us-gaap,DepositsSavingsDeposits,USD,,2010-12-31,20903000000.0,10-Q,2011-08-05
us-gaap,DepositsSavingsDeposits,USD,,2010-12-31,20903000000.0,10-Q,2011-05-09
us-gaap,DepositsSavingsDeposits,USD,,2010-12-31,20903000000.0,10-K,2011-02-28
us-gaap,DepositsSavingsDeposits,USD,,2011-03-31,21697000000.0,10-Q,2012-05-10
us-gaap,DepositsSavingsDeposits,USD,,2011-03-31,21697000000.0,10-Q,2011-05-09
us-gaap,DepositsSavingsDeposits,USD,,2011-06-30,21764000000.0,10-Q,2012-08-08
us-gaap,DepositsSavingsDeposits,USD,,2011-06-30,21764000000.0,10-Q,2011-08-05
us-gaap,DepositsSavingsDeposits,USD,,2011-09-30,21673000000.0,10-Q,2012-11-07
us-gaap,DepositsSavingsDeposits,USD,,2011-09-30,21673000000.0,10-Q,2011-11-09
us-gaap,DepositsSavingsDeposits,USD,,2011-12-31,21756000000.0,10-K,2013-02-22
us-gaap,DepositsSavingsDeposits,USD,,2011-12-31,21756000000.0,10-Q,2012-11-07
us-gaap,DepositsSavingsDeposits,USD,,2011-12-31,21756000000.0,10-Q,2012-08-08
us-gaap,DepositsSavingsDeposits,USD,,2011-12-31,21756000000.0,10-Q,2012-05-10
us-gaap,DepositsSavingsDeposits,USD,,2011-12-31,21756000000.0,10-K,2012-02-29
us-gaap,DepositsSavingsDeposits,USD,,2012-03-31,22245000000.0,10-Q,2012-05-10
us-gaap,DepositsSavingsDeposits,USD,,2012-06-30,22011000000.0,10-Q,2012-08-08
us-gaap,DepositsSavingsDeposits,USD,,2012-09-30,20624000000.0,10-Q,2012-11-07
us-gaap,DepositsSavingsDeposits,USD,,2012-12-31,19879000000.0,10-K,2014-02-24
us-gaap,DepositsSavingsDeposits,USD,,2012-12-31,19879000000.0,10-Q,2013-11-06
us-gaap,DepositsSavingsDeposits,USD,,2012-12-31,19879000000.0,10-Q,2013-08-07
us-gaap,DepositsSavingsDeposits,USD,,2012-12-31,19879000000.0,10-Q,2013-05-09
us-gaap,DepositsSavingsDeposits,USD,,2012-12-31,19879000000.0,10-K,2013-02-22
us-gaap,DepositsSavingsDeposits,USD,,2013-03-31,19339000000.0,10-Q,2013-05-09
us-gaap,DepositsSavingsDeposits,USD,,2013-06-30,18448000000.0,10-Q,2013-08-07
us-gaap,DepositsSavingsDeposits,USD,,2013-09-30,17583000000.0,10-Q,2013-11-06
us-gaap,DepositsSavingsDeposits,USD,,2013-12-31,17045000000.0,10-K,2015-02-25
us-gaap,DepositsSavingsDeposits,USD,,2013-12-31,17045000000.0,10-Q,2014-11-07
us-gaap,DepositsSavingsDeposits,USD,,2013-12-31,17045000000.0,10-Q,2014-08-07
us-gaap,DepositsSavingsDeposits,USD,,2013-12-31,17045000000.0,10-Q,2014-05-08
us-gaap,DepositsSavingsDeposits,USD,,2013-12-31,17045000000.0,10-K,2014-02-24
us-gaap,DepositsSavingsDeposits,USD,,2014-03-31,16867000000.0,10-Q,2014-05-08
us-gaap,DepositsSavingsDeposits,USD,,2014-06-30,16087000000.0,10-Q,2014-08-07
us-gaap,DepositsSavingsDeposits,USD,,2014-09-30,15355000000.0,10-Q,2014-11-07
us-gaap,DepositsSavingsDeposits,USD,,2014-12-31,15051000000.0,10-K,2015-02-25
us-gaap,FederalHomeLoanBankAdvancesBranchOfFHLBBankAmountOfAdvancesByBranch,USD,,2015-06-30,2850000000.0,10-Q,2015-08-05
us-gaap,FederalHomeLoanBankAdvancesBranchOfFHLBBankAmountOfAdvancesByBranch,USD,,2015-09-30,3450000000.0,10-Q,2015-11-05
us-gaap,FederalHomeLoanBankAdvancesBranchOfFHLBBankAmountOfAdvancesByBranch,USD,,2015-12-31,0.0,10-Q,2016-11-09
us-gaap,FederalHomeLoanBankAdvancesBranchOfFHLBBankAmountOfAdvancesByBranch,USD,,2015-12-31,0.0,10-K,2017-02-24
us-gaap,FederalHomeLoanBankAdvancesBranchOfFHLBBankAmountOfAdvancesByBranch,USD,,2016-03-31,2000000000.0,10-Q,2016-05-06
us-gaap,FederalHomeLoanBankAdvancesBranchOfFHLBBankAmountOfAdvancesByBranch,USD,,2016-06-30,2450000000.0,10-Q,2016-08-05
us-gaap,FederalHomeLoanBankAdvancesBranchOfFHLBBankAmountOfAdvancesByBranch,USD,,2016-09-30,1950000000.0,10-Q,2016-11-09
us-gaap,FederalHomeLoanBankAdvancesBranchOfFHLBBankAmountOfAdvancesByBranch,USD,,2016-12-31,2500000000.0,10-K,2017-02-24
us-gaap,FederalHomeLoanBankAdvancesBranchOfFHLBBankAmountOfAdvancesByBranch,USD,,2016-12-31,2500000000.0,10-Q,2017-05-05
us-gaap,FederalHomeLoanBankAdvancesBranchOfFHLBBankAmountOfAdvancesByBranch,USD,,2016-12-31,2500000000.0,10-Q,2017-08-08
us-gaap,FederalHomeLoanBankAdvancesBranchOfFHLBBankAmountOfAdvancesByBranch,USD,,2016-12-31,2500000000.0,10-Q,2017-11-06
us-gaap,FederalHomeLoanBankAdvancesBranchOfFHLBBankAmountOfAdvancesByBranch,USD,,2016-12-31,2500000000.0,10-K,2018-02-28
us-gaap,FederalHomeLoanBankAdvancesBranchOfFHLBBankAmountOfAdvancesByBranch,USD,,2017-03-31,950000000.0,10-Q,2017-05-05
us-gaap,FederalHomeLoanBankAdvancesBranchOfFHLBBankAmountOfAdvancesByBranch,USD,,2017-06-30,4350000000.0,10-Q,2017-08-08
us-gaap,FederalHomeLoanBankAdvancesBranchOfFHLBBankAmountOfAdvancesByBranch,USD,,2017-09-30,4700000000.0,10-Q,2017-11-06
us-gaap,FederalHomeLoanBankAdvancesBranchOfFHLBBankAmountOfAdvancesByBranch,USD,,2017-12-31,3125000000.0,10-K,2018-02-28
us-gaap,FederalHomeLoanBankAdvancesBranchOfFHLBBankAmountOfAdvancesByBranch,USD,,2017-12-31,3125000000.0,10-Q,2018-05-04
us-gaap,FederalHomeLoanBankAdvancesBranchOfFHLBBankAmountOfAdvancesByBranch,USD,,2017-12-31,3125000000.0,10-Q,2018-08-08
us-gaap,FederalHomeLoanBankAdvancesBranchOfFHLBBankAmountOfAdvancesByBranch,USD,,2017-12-31,3125000000.0,10-Q,2018-11-06
us-gaap,FederalHomeLoanBankAdvancesBranchOfFHLBBankAmountOfAdvancesByBranch,USD,,2017-12-31,3125000000.0,10-K,2019-03-01
us-gaap,FederalHomeLoanBankAdvancesBranchOfFHLBBankAmountOfAdvancesByBranch,USD,,2018-03-31,400000000.0,10-Q,2018-05-04
us-gaap,FederalHomeLoanBankAdvancesBranchOfFHLBBankAmountOfAdvancesByBranch,USD,,2018-06-30,1200000000.0,10-Q,2018-08-08
us-gaap,FederalHomeLoanBankAdvancesBranchOfFHLBBankAmountOfAdvancesByBranch,USD,,2018-09-30,600000000.0,10-Q,2018-11-06
us-gaap,FederalHomeLoanBankAdvancesBranchOfFHLBBankAmountOfAdvancesByBranch,USD,,2018-12-31,0.0,10-K,2019-03-01
us-gaap,FederalHomeLoanBankAdvancesBranchOfFHLBBankAmountOfAdvancesByBranch,USD,,2018-12-31,0.0,10-Q,2019-05-10
us-gaap,FederalHomeLoanBankAdvancesBranchOfFHLBBankAmountOfAdvancesByBranch,USD,,2018-12-31,0.0,10-Q,2019-11-08
us-gaap,FederalHomeLoanBankAdvancesBranchOfFHLBBankAmountOfAdvancesByBranch,USD,,2019-03-31,300000000.0,10-Q,2019-05-10
us-gaap,FederalHomeLoanBankAdvancesBranchOfFHLBBankAmountOfAdvancesByBranch,USD,,2019-09-30,2850000000.0,10-Q,2019-11-08
us-gaap,FederalHomeLoanBankAdvancesBranchOfFHLBBankAmountOfAdvancesByBranch,USD,,2019-12-31,0.0,10-Q,2020-05-08
us-gaap,FederalHomeLoanBankAdvancesBranchOfFHLBBankAmountOfAdvancesByBranch,USD,,2020-03-31,3500000000.0,10-Q,2020-05-08
us-gaap,FederalHomeLoanBankAdvancesBranchOfFHLBBankAmountOfAdvancesByBranch,USD,,2021-12-31,0.0,10-Q,2022-08-05
us-gaap,FederalHomeLoanBankAdvancesBranchOfFHLBBankAmountOfAdvancesByBranch,USD,,2021-12-31,0.0,10-Q,2022-11-08
us-gaap,FederalHomeLoanBankAdvancesBranchOfFHLBBankAmountOfAdvancesByBranch,USD,,2021-12-31,0.0,10-K,2023-02-24
us-gaap,FederalHomeLoanBankAdvancesBranchOfFHLBBankAmountOfAdvancesByBranch,USD,,2022-06-30,6250000000.0,10-Q,2022-08-05
us-gaap,FederalHomeLoanBankAdvancesBranchOfFHLBBankAmountOfAdvancesByBranch,USD,,2022-09-30,5750000000.0,10-Q,2022-11-08
us-gaap,FederalHomeLoanBankAdvancesBranchOfFHLBBankAmountOfAdvancesByBranch,USD,,2022-12-31,4300000000.0,10-K,2023-02-24
us-gaap,FederalHomeLoanBankAdvancesBranchOfFHLBBankAmountOfAdvancesByBranch,USD,,2022-12-31,4300000000.0,10-Q,2023-05-09
us-gaap,FederalHomeLoanBankAdvancesBranchOfFHLBBankAmountOfAdvancesByBranch,USD,,2022-12-31,4300000000.0,10-Q,2023-08-07
us-gaap,FederalHomeLoanBankAdvancesBranchOfFHLBBankAmountOfAdvancesByBranch,USD,,2022-12-31,4300000000.0,10-Q,2023-11-07
us-gaap,FederalHomeLoanBankAdvancesBranchOfFHLBBankAmountOfAdvancesByBranch,USD,,2022-12-31,4300000000.0,10-K,2024-02-27
us-gaap,FederalHomeLoanBankAdvancesBranchOfFHLBBankAmountOfAdvancesByBranch,USD,,2023-03-31,6800000000.0,10-Q,2023-05-09
us-gaap,FederalHomeLoanBankAdvancesBranchOfFHLBBankAmountOfAdvancesByBranch,USD,,2023-06-30,5300000000.0,10-Q,2023-08-07
us-gaap,FederalHomeLoanBankAdvancesBranchOfFHLBBankAmountOfAdvancesByBranch,USD,,2023-09-30,4250000000.0,10-Q,2023-11-07
us-gaap,FederalHomeLoanBankAdvancesBranchOfFHLBBankAmountOfAdvancesByBranch,USD,,2023-12-31,2500000000.0,10-K,2024-02-27
us-gaap,FederalHomeLoanBankAdvancesBranchOfFHLBBankAmountOfAdvancesByBranch,USD,,2023-12-31,2500000000.0,10-Q,2024-05-07
us-gaap,FederalHomeLoanBankAdvancesBranchOfFHLBBankAmountOfAdvancesByBranch,USD,,2023-12-31,2500000000.0,10-Q,2024-08-06
us-gaap,FederalHomeLoanBankAdvancesBranchOfFHLBBankAmountOfAdvancesByBranch,USD,,2023-12-31,2500000000.0,10-Q,2024-11-05
us-gaap,FederalHomeLoanBankAdvancesBranchOfFHLBBankAmountOfAdvancesByBranch,USD,,2023-12-31,2500000000.0,10-K,2025-02-24
us-gaap,FederalHomeLoanBankAdvancesBranchOfFHLBBankAmountOfAdvancesByBranch,USD,,2024-03-31,2500000000.0,10-Q,2024-05-07
us-gaap,FederalHomeLoanBankAdvancesBranchOfFHLBBankAmountOfAdvancesByBranch,USD,,2024-06-30,3000000000.0,10-Q,2024-08-06
us-gaap,FederalHomeLoanBankAdvancesBranchOfFHLBBankAmountOfAdvancesByBranch,USD,,2024-09-30,1000000000.0,10-Q,2024-11-05
us-gaap,FederalHomeLoanBankAdvancesBranchOfFHLBBankAmountOfAdvancesByBranch,USD,,2024-12-31,4100000000.0,10-K,2025-02-24
us-gaap,FederalHomeLoanBankAdvancesBranchOfFHLBBankAmountOfAdvancesByBranch,USD,,2024-12-31,4100000000.0,10-Q,2025-05-06
us-gaap,FederalHomeLoanBankAdvancesBranchOfFHLBBankAmountOfAdvancesByBranch,USD,,2024-12-31,4100000000.0,10-Q,2025-08-05
us-gaap,FederalHomeLoanBankAdvancesBranchOfFHLBBankAmountOfAdvancesByBranch,USD,,2024-12-31,4100000000.0,10-Q,2025-11-04
us-gaap,FederalHomeLoanBankAdvancesBranchOfFHLBBankAmountOfAdvancesByBranch,USD,,2024-12-31,4100000000.0,10-K,2026-02-24
us-gaap,FederalHomeLoanBankAdvancesBranchOfFHLBBankAmountOfAdvancesByBranch,USD,,2025-03-31,5100000000.0,10-Q,2025-05-06
us-gaap,FederalHomeLoanBankAdvancesBranchOfFHLBBankAmountOfAdvancesByBranch,USD,,2025-06-30,3000000000.0,10-Q,2025-08-05
us-gaap,FederalHomeLoanBankAdvancesBranchOfFHLBBankAmountOfAdvancesByBranch,USD,,2025-09-30,4700000000.0,10-Q,2025-11-04
us-gaap,FederalHomeLoanBankAdvancesBranchOfFHLBBankAmountOfAdvancesByBranch,USD,,2025-12-31,300000000.0,10-K,2026-02-24
us-gaap,FederalHomeLoanBankAdvancesBranchOfFHLBBankAmountOfAdvancesByBranch,USD,,2025-12-31,300000000.0,10-Q,2026-05-05
us-gaap,FederalHomeLoanBankAdvancesBranchOfFHLBBankAmountOfAdvancesByBranch,USD,,2025-12-31,300000000.0,10-Q,2026-08-04
us-gaap,FederalHomeLoanBankAdvancesBranchOfFHLBBankAmountOfAdvancesByBranch,USD,,2026-03-31,750000000.0,10-Q,2026-05-05
us-gaap,FederalHomeLoanBankAdvancesBranchOfFHLBBankAmountOfAdvancesByBranch,USD,,2026-06-30,4000000000.0,10-Q,2026-08-04
us-gaap,FinancingReceivableExcludingAccruedInterestAfterAllowanceForCreditLoss,USD,,2020-12-31,106329000000.0,10-Q,2021-08-06
us-gaap,FinancingReceivableExcludingAccruedInterestAfterAllowanceForCreditLoss,USD,,2020-12-31,106329000000.0,10-Q,2021-11-05
us-gaap,FinancingReceivableExcludingAccruedInterestAfterAllowanceForCreditLoss,USD,,2020-12-31,106329000000.0,10-K,2022-02-25
us-gaap,FinancingReceivableExcludingAccruedInterestAfterAllowanceForCreditLoss,USD,,2021-06-30,105700000000.0,10-Q,2021-08-06
us-gaap,FinancingReceivableExcludingAccruedInterestAfterAllowanceForCreditLoss,USD,,2021-09-30,105957000000.0,10-Q,2021-11-05
us-gaap,FinancingReceivableExcludingAccruedInterestAfterAllowanceForCreditLoss,USD,,2021-12-31,110158000000.0,10-K,2022-02-25
us-gaap,FinancingReceivableExcludingAccruedInterestAfterAllowanceForCreditLoss,USD,,2021-12-31,110158000000.0,10-Q,2022-05-09
us-gaap,FinancingReceivableExcludingAccruedInterestAfterAllowanceForCreditLoss,USD,,2021-12-31,110158000000.0,10-Q,2022-08-05
us-gaap,FinancingReceivableExcludingAccruedInterestAfterAllowanceForCreditLoss,USD,,2021-12-31,110158000000.0,10-Q,2022-11-08
us-gaap,FinancingReceivableExcludingAccruedInterestAfterAllowanceForCreditLoss,USD,,2021-12-31,110158000000.0,10-K,2023-02-24
us-gaap,FinancingReceivableExcludingAccruedInterestAfterAllowanceForCreditLoss,USD,,2022-03-31,113957000000.0,10-Q,2022-05-09
us-gaap,FinancingReceivableExcludingAccruedInterestAfterAllowanceForCreditLoss,USD,,2022-06-30,116809000000.0,10-Q,2022-08-05
us-gaap,FinancingReceivableExcludingAccruedInterestAfterAllowanceForCreditLoss,USD,,2022-09-30,117900000000.0,10-Q,2022-11-08
us-gaap,FinancingReceivableExcludingAccruedInterestAfterAllowanceForCreditLoss,USD,,2022-12-31,119286000000.0,10-K,2023-02-24
us-gaap,FinancingReceivableExcludingAccruedInterestAfterAllowanceForCreditLoss,USD,,2022-12-31,119286000000.0,10-Q,2023-05-09
us-gaap,FinancingReceivableExcludingAccruedInterestAfterAllowanceForCreditLoss,USD,,2022-12-31,119286000000.0,10-Q,2023-08-07
us-gaap,FinancingReceivableExcludingAccruedInterestAfterAllowanceForCreditLoss,USD,,2022-12-31,119286000000.0,10-Q,2023-11-07
us-gaap,FinancingReceivableExcludingAccruedInterestAfterAllowanceForCreditLoss,USD,,2022-12-31,119286000000.0,10-K,2024-02-27
us-gaap,FinancingReceivableExcludingAccruedInterestAfterAllowanceForCreditLoss,USD,,2023-03-31,120642000000.0,10-Q,2023-05-09
us-gaap,FinancingReceivableExcludingAccruedInterestAfterAllowanceForCreditLoss,USD,,2023-06-30,119564000000.0,10-Q,2023-08-07
us-gaap,FinancingReceivableExcludingAccruedInterestAfterAllowanceForCreditLoss,USD,,2023-09-30,117748000000.0,10-Q,2023-11-07
us-gaap,FinancingReceivableExcludingAccruedInterestAfterAllowanceForCreditLoss,USD,,2023-12-31,114912000000.0,10-K,2024-02-27
us-gaap,FinancingReceivableExcludingAccruedInterestAfterAllowanceForCreditLoss,USD,,2023-12-31,114912000000.0,10-Q,2024-05-07
us-gaap,FinancingReceivableExcludingAccruedInterestAfterAllowanceForCreditLoss,USD,,2023-12-31,114912000000.0,10-Q,2024-08-06
us-gaap,FinancingReceivableExcludingAccruedInterestAfterAllowanceForCreditLoss,USD,,2023-12-31,114912000000.0,10-Q,2024-11-05
us-gaap,FinancingReceivableExcludingAccruedInterestAfterAllowanceForCreditLoss,USD,,2023-12-31,114912000000.0,10-K,2025-02-24
us-gaap,FinancingReceivableExcludingAccruedInterestAfterAllowanceForCreditLoss,USD,,2024-03-31,114167000000.0,10-Q,2024-05-07
us-gaap,FinancingReceivableExcludingAccruedInterestAfterAllowanceForCreditLoss,USD,,2024-06-30,114291000000.0,10-Q,2024-08-06
us-gaap,FinancingReceivableExcludingAccruedInterestAfterAllowanceForCreditLoss,USD,,2024-09-30,114363000000.0,10-Q,2024-11-05
us-gaap,FinancingReceivableExcludingAccruedInterestAfterAllowanceForCreditLoss,USD,,2024-12-31,117439000000.0,10-K,2025-02-24
us-gaap,FinancingReceivableExcludingAccruedInterestAfterAllowanceForCreditLoss,USD,,2024-12-31,117439000000.0,10-Q,2025-05-06
us-gaap,FinancingReceivableExcludingAccruedInterestAfterAllowanceForCreditLoss,USD,,2024-12-31,117439000000.0,10-Q,2025-08-05
us-gaap,FinancingReceivableExcludingAccruedInterestAfterAllowanceForCreditLoss,USD,,2024-12-31,117439000000.0,10-Q,2025-11-04
us-gaap,FinancingReceivableExcludingAccruedInterestAfterAllowanceForCreditLoss,USD,,2024-12-31,117439000000.0,10-K,2026-02-24
us-gaap,FinancingReceivableExcludingAccruedInterestAfterAllowanceForCreditLoss,USD,,2025-03-31,119807000000.0,10-Q,2025-05-06
us-gaap,FinancingReceivableExcludingAccruedInterestAfterAllowanceForCreditLoss,USD,,2025-06-30,119984000000.0,10-Q,2025-08-05
us-gaap,FinancingReceivableExcludingAccruedInterestAfterAllowanceForCreditLoss,USD,,2025-09-30,120865000000.0,10-Q,2025-11-04
us-gaap,FinancingReceivableExcludingAccruedInterestAfterAllowanceForCreditLoss,USD,,2025-12-31,120398000000.0,10-K,2026-02-24
us-gaap,FinancingReceivableExcludingAccruedInterestAfterAllowanceForCreditLoss,USD,,2025-12-31,120398000000.0,10-Q,2026-05-05
us-gaap,FinancingReceivableExcludingAccruedInterestAfterAllowanceForCreditLoss,USD,,2025-12-31,120398000000.0,10-Q,2026-08-04
us-gaap,FinancingReceivableExcludingAccruedInterestAfterAllowanceForCreditLoss,USD,,2026-03-31,173328000000.0,10-Q,2026-05-05
us-gaap,FinancingReceivableExcludingAccruedInterestAfterAllowanceForCreditLoss,USD,,2026-06-30,175610000000.0,10-Q,2026-08-04
us-gaap,FinancingReceivableExcludingAccruedInterestBeforeAllowanceForCreditLoss,USD,,2020-12-31,108782000000.0,10-Q,2021-08-06
us-gaap,FinancingReceivableExcludingAccruedInterestBeforeAllowanceForCreditLoss,USD,,2020-12-31,108782000000.0,10-Q,2021-11-05
us-gaap,FinancingReceivableExcludingAccruedInterestBeforeAllowanceForCreditLoss,USD,,2020-12-31,108782000000.0,10-K,2022-02-25
us-gaap,FinancingReceivableExcludingAccruedInterestBeforeAllowanceForCreditLoss,USD,,2021-06-30,107733000000.0,10-Q,2021-08-06
us-gaap,FinancingReceivableExcludingAccruedInterestBeforeAllowanceForCreditLoss,USD,,2021-09-30,107911000000.0,10-Q,2021-11-05
us-gaap,FinancingReceivableExcludingAccruedInterestBeforeAllowanceForCreditLoss,USD,,2021-12-31,112050000000.0,10-K,2022-02-25
us-gaap,FinancingReceivableExcludingAccruedInterestBeforeAllowanceForCreditLoss,USD,,2021-12-31,112050000000.0,10-Q,2022-05-09
us-gaap,FinancingReceivableExcludingAccruedInterestBeforeAllowanceForCreditLoss,USD,,2021-12-31,112050000000.0,10-Q,2022-08-05
us-gaap,FinancingReceivableExcludingAccruedInterestBeforeAllowanceForCreditLoss,USD,,2021-12-31,112050000000.0,10-Q,2022-11-08
us-gaap,FinancingReceivableExcludingAccruedInterestBeforeAllowanceForCreditLoss,USD,,2021-12-31,112050000000.0,10-K,2023-02-24
us-gaap,FinancingReceivableExcludingAccruedInterestBeforeAllowanceForCreditLoss,USD,,2022-03-31,115865000000.0,10-Q,2022-05-09
us-gaap,FinancingReceivableExcludingAccruedInterestBeforeAllowanceForCreditLoss,USD,,2022-06-30,118823000000.0,10-Q,2022-08-05
us-gaap,FinancingReceivableExcludingAccruedInterestBeforeAllowanceForCreditLoss,USD,,2022-09-30,119999000000.0,10-Q,2022-11-08
us-gaap,FinancingReceivableExcludingAccruedInterestBeforeAllowanceForCreditLoss,USD,,2022-12-31,121480000000.0,10-K,2023-02-24
us-gaap,FinancingReceivableExcludingAccruedInterestBeforeAllowanceForCreditLoss,USD,,2022-12-31,121480000000.0,10-Q,2023-05-09
us-gaap,FinancingReceivableExcludingAccruedInterestBeforeAllowanceForCreditLoss,USD,,2022-12-31,121480000000.0,10-Q,2023-08-07
us-gaap,FinancingReceivableExcludingAccruedInterestBeforeAllowanceForCreditLoss,USD,,2022-12-31,121480000000.0,10-Q,2023-11-07
us-gaap,FinancingReceivableExcludingAccruedInterestBeforeAllowanceForCreditLoss,USD,,2022-12-31,121480000000.0,10-K,2024-02-27
us-gaap,FinancingReceivableExcludingAccruedInterestBeforeAllowanceForCreditLoss,USD,,2023-03-31,122857000000.0,10-Q,2023-05-09
us-gaap,FinancingReceivableExcludingAccruedInterestBeforeAllowanceForCreditLoss,USD,,2023-06-30,121891000000.0,10-Q,2023-08-07
us-gaap,FinancingReceivableExcludingAccruedInterestBeforeAllowanceForCreditLoss,USD,,2023-09-30,120088000000.0,10-Q,2023-11-07
us-gaap,FinancingReceivableExcludingAccruedInterestBeforeAllowanceForCreditLoss,USD,,2023-12-31,117234000000.0,10-K,2024-02-27
us-gaap,FinancingReceivableExcludingAccruedInterestBeforeAllowanceForCreditLoss,USD,,2023-12-31,117234000000.0,10-Q,2024-05-07
us-gaap,FinancingReceivableExcludingAccruedInterestBeforeAllowanceForCreditLoss,USD,,2023-12-31,117234000000.0,10-Q,2024-08-06
us-gaap,FinancingReceivableExcludingAccruedInterestBeforeAllowanceForCreditLoss,USD,,2023-12-31,117234000000.0,10-Q,2024-11-05
us-gaap,FinancingReceivableExcludingAccruedInterestBeforeAllowanceForCreditLoss,USD,,2023-12-31,117234000000.0,10-K,2025-02-24
us-gaap,FinancingReceivableExcludingAccruedInterestBeforeAllowanceForCreditLoss,USD,,2024-03-31,116485000000.0,10-Q,2024-05-07
us-gaap,FinancingReceivableExcludingAccruedInterestBeforeAllowanceForCreditLoss,USD,,2024-06-30,116579000000.0,10-Q,2024-08-06
us-gaap,FinancingReceivableExcludingAccruedInterestBeforeAllowanceForCreditLoss,USD,,2024-09-30,116668000000.0,10-Q,2024-11-05
us-gaap,FinancingReceivableExcludingAccruedInterestBeforeAllowanceForCreditLoss,USD,,2024-12-31,119791000000.0,10-K,2025-02-24
us-gaap,FinancingReceivableExcludingAccruedInterestBeforeAllowanceForCreditLoss,USD,,2024-12-31,119791000000.0,10-Q,2025-05-06
us-gaap,FinancingReceivableExcludingAccruedInterestBeforeAllowanceForCreditLoss,USD,,2024-12-31,119791000000.0,10-Q,2025-08-05
us-gaap,FinancingReceivableExcludingAccruedInterestBeforeAllowanceForCreditLoss,USD,,2024-12-31,119791000000.0,10-Q,2025-11-04
us-gaap,FinancingReceivableExcludingAccruedInterestBeforeAllowanceForCreditLoss,USD,,2024-12-31,119791000000.0,10-K,2026-02-24
us-gaap,FinancingReceivableExcludingAccruedInterestBeforeAllowanceForCreditLoss,USD,,2025-03-31,122191000000.0,10-Q,2025-05-06
us-gaap,FinancingReceivableExcludingAccruedInterestBeforeAllowanceForCreditLoss,USD,,2025-06-30,122396000000.0,10-Q,2025-08-05
us-gaap,FinancingReceivableExcludingAccruedInterestBeforeAllowanceForCreditLoss,USD,,2025-09-30,123130000000.0,10-Q,2025-11-04
us-gaap,FinancingReceivableExcludingAccruedInterestBeforeAllowanceForCreditLoss,USD,,2025-12-31,122651000000.0,10-K,2026-02-24
us-gaap,FinancingReceivableExcludingAccruedInterestBeforeAllowanceForCreditLoss,USD,,2025-12-31,122651000000.0,10-Q,2026-05-05
us-gaap,FinancingReceivableExcludingAccruedInterestBeforeAllowanceForCreditLoss,USD,,2025-12-31,122651000000.0,10-Q,2026-08-04
us-gaap,FinancingReceivableExcludingAccruedInterestBeforeAllowanceForCreditLoss,USD,,2026-03-31,176250000000.0,10-Q,2026-05-05
us-gaap,FinancingReceivableExcludingAccruedInterestBeforeAllowanceForCreditLoss,USD,,2026-06-30,178528000000.0,10-Q,2026-08-04
us-gaap,InterestBearingDepositLiabilities,USD,,2014-12-31,66903000000.0,10-Q,2015-05-11
us-gaap,InterestBearingDepositLiabilities,USD,,2014-12-31,66903000000.0,10-Q,2015-08-05
us-gaap,InterestBearingDepositLiabilities,USD,,2014-12-31,66903000000.0,10-Q,2015-11-05
us-gaap,InterestBearingDepositLiabilities,USD,,2014-12-31,66903000000.0,10-K,2016-02-25
us-gaap,InterestBearingDepositLiabilities,USD,,2015-03-31,68072000000.0,10-Q,2015-05-11
us-gaap,InterestBearingDepositLiabilities,USD,,2015-06-30,67574000000.0,10-Q,2015-08-05
us-gaap,InterestBearingDepositLiabilities,USD,,2015-09-30,66061000000.0,10-Q,2015-11-05
us-gaap,InterestBearingDepositLiabilities,USD,,2015-12-31,66938000000.0,10-K,2016-02-25
us-gaap,InterestBearingDepositLiabilities,USD,,2015-12-31,66938000000.0,10-Q,2016-05-06
us-gaap,InterestBearingDepositLiabilities,USD,,2015-12-31,66938000000.0,10-Q,2016-08-05
us-gaap,InterestBearingDepositLiabilities,USD,,2015-12-31,66938000000.0,10-Q,2016-11-09
us-gaap,InterestBearingDepositLiabilities,USD,,2015-12-31,66938000000.0,10-K,2017-02-24
us-gaap,InterestBearingDepositLiabilities,USD,,2016-03-31,66617000000.0,10-Q,2016-05-06
us-gaap,InterestBearingDepositLiabilities,USD,,2016-06-30,65734000000.0,10-Q,2016-08-05
us-gaap,InterestBearingDepositLiabilities,USD,,2016-09-30,65646000000.0,10-Q,2016-11-09
us-gaap,InterestBearingDepositLiabilities,USD,,2016-12-31,68039000000.0,10-K,2017-02-24
us-gaap,InterestBearingDepositLiabilities,USD,,2016-12-31,68039000000.0,10-Q,2017-05-05
us-gaap,InterestBearingDepositLiabilities,USD,,2016-12-31,68039000000.0,10-Q,2017-08-08
us-gaap,InterestBearingDepositLiabilities,USD,,2016-12-31,68039000000.0,10-Q,2017-11-06
us-gaap,InterestBearingDepositLiabilities,USD,,2016-12-31,68039000000.0,10-K,2018-02-28
us-gaap,InterestBearingDepositLiabilities,USD,,2017-03-31,68794000000.0,10-Q,2017-05-05
us-gaap,InterestBearingDepositLiabilities,USD,,2017-06-30,66915000000.0,10-Q,2017-08-08
us-gaap,InterestBearingDepositLiabilities,USD,,2017-09-30,66206000000.0,10-Q,2017-11-06
us-gaap,InterestBearingDepositLiabilities,USD,,2017-12-31,67886000000.0,10-K,2018-02-28
us-gaap,InterestBearingDepositLiabilities,USD,,2017-12-31,67886000000.0,10-Q,2018-05-04
us-gaap,InterestBearingDepositLiabilities,USD,,2017-12-31,67886000000.0,10-Q,2018-08-08
us-gaap,InterestBearingDepositLiabilities,USD,,2017-12-31,67886000000.0,10-Q,2018-11-06
us-gaap,InterestBearingDepositLiabilities,USD,,2017-12-31,67886000000.0,10-K,2019-03-01
us-gaap,InterestBearingDepositLiabilities,USD,,2018-03-31,71395000000.0,10-Q,2018-05-04
us-gaap,InterestBearingDepositLiabilities,USD,,2018-06-30,71451000000.0,10-Q,2018-08-08
us-gaap,InterestBearingDepositLiabilities,USD,,2018-09-30,72539000000.0,10-Q,2018-11-06
us-gaap,InterestBearingDepositLiabilities,USD,,2018-12-31,76719000000.0,10-K,2019-03-01
us-gaap,InterestBearingDepositLiabilities,USD,,2018-12-31,76719000000.0,10-Q,2019-05-10
us-gaap,InterestBearingDepositLiabilities,USD,,2018-12-31,76719000000.0,10-Q,2019-08-08
us-gaap,InterestBearingDepositLiabilities,USD,,2018-12-31,76719000000.0,10-Q,2019-11-08
us-gaap,InterestBearingDepositLiabilities,USD,,2018-12-31,76719000000.0,10-K,2020-03-02
us-gaap,InterestBearingDepositLiabilities,USD,,2019-03-31,87701000000.0,10-Q,2019-05-10
us-gaap,InterestBearingDepositLiabilities,USD,,2019-06-30,89803000000.0,10-Q,2019-08-08
us-gaap,InterestBearingDepositLiabilities,USD,,2019-09-30,89454000000.0,10-Q,2019-11-08
us-gaap,InterestBearingDepositLiabilities,USD,,2019-12-31,91094000000.0,10-K,2020-03-02
us-gaap,InterestBearingDepositLiabilities,USD,,2019-12-31,91094000000.0,10-Q,2020-05-08
us-gaap,InterestBearingDepositLiabilities,USD,,2019-12-31,91094000000.0,10-Q,2020-08-07
us-gaap,InterestBearingDepositLiabilities,USD,,2019-12-31,91094000000.0,10-Q,2020-11-05
us-gaap,InterestBearingDepositLiabilities,USD,,2019-12-31,91094000000.0,10-K,2021-02-26
us-gaap,InterestBearingDepositLiabilities,USD,,2020-03-31,95528000000.0,10-Q,2020-05-08
us-gaap,InterestBearingDepositLiabilities,USD,,2020-06-30,107587000000.0,10-Q,2020-08-07
us-gaap,InterestBearingDepositLiabilities,USD,,2020-09-30,104787000000.0,10-Q,2020-11-05
us-gaap,InterestBearingDepositLiabilities,USD,,2020-12-31,101370000000.0,10-K,2021-02-26
us-gaap,InterestBearingDepositLiabilities,USD,,2020-12-31,101370000000.0,10-Q,2021-05-07
us-gaap,InterestBearingDepositLiabilities,USD,,2020-12-31,101370000000.0,10-Q,2021-08-06
us-gaap,InterestBearingDepositLiabilities,USD,,2020-12-31,101370000000.0,10-Q,2021-11-05
us-gaap,InterestBearingDepositLiabilities,USD,,2020-12-31,101370000000.0,10-K,2022-02-25
us-gaap,InterestBearingDepositLiabilities,USD,,2021-03-31,101030000000.0,10-Q,2021-05-07
us-gaap,InterestBearingDepositLiabilities,USD,,2021-06-30,99523000000.0,10-Q,2021-08-06
us-gaap,InterestBearingDepositLiabilities,USD,,2021-09-30,101229000000.0,10-Q,2021-11-05
us-gaap,InterestBearingDepositLiabilities,USD,,2021-12-31,104236000000.0,10-K,2022-02-25
us-gaap,InterestBearingDepositLiabilities,USD,,2021-12-31,104236000000.0,10-Q,2022-05-09
us-gaap,InterestBearingDepositLiabilities,USD,,2021-12-31,104236000000.0,10-Q,2022-08-05
us-gaap,InterestBearingDepositLiabilities,USD,,2021-12-31,104236000000.0,10-Q,2022-11-08
us-gaap,InterestBearingDepositLiabilities,USD,,2021-12-31,104236000000.0,10-K,2023-02-24
us-gaap,InterestBearingDepositLiabilities,USD,,2022-03-31,105021000000.0,10-Q,2022-05-09
us-gaap,InterestBearingDepositLiabilities,USD,,2022-06-30,100315000000.0,10-Q,2022-08-05
us-gaap,InterestBearingDepositLiabilities,USD,,2022-09-30,104051000000.0,10-Q,2022-11-08
us-gaap,InterestBearingDepositLiabilities,USD,,2022-12-31,110565000000.0,10-K,2023-02-24
us-gaap,InterestBearingDepositLiabilities,USD,,2022-12-31,110565000000.0,10-Q,2023-05-09
us-gaap,InterestBearingDepositLiabilities,USD,,2022-12-31,110565000000.0,10-Q,2023-08-07
us-gaap,InterestBearingDepositLiabilities,USD,,2022-12-31,110565000000.0,10-Q,2023-11-07
us-gaap,InterestBearingDepositLiabilities,USD,,2022-12-31,110565000000.0,10-K,2024-02-27
us-gaap,InterestBearingDepositLiabilities,USD,,2023-03-31,113326000000.0,10-Q,2023-05-09
us-gaap,InterestBearingDepositLiabilities,USD,,2023-06-30,118864000000.0,10-Q,2023-08-07
us-gaap,InterestBearingDepositLiabilities,USD,,2023-09-30,123828000000.0,10-Q,2023-11-07
us-gaap,InterestBearingDepositLiabilities,USD,,2023-12-31,125766000000.0,10-K,2024-02-27
us-gaap,InterestBearingDepositLiabilities,USD,,2023-12-31,125766000000.0,10-Q,2024-05-07
us-gaap,InterestBearingDepositLiabilities,USD,,2023-12-31,125766000000.0,10-Q,2024-08-06
us-gaap,InterestBearingDepositLiabilities,USD,,2023-12-31,125766000000.0,10-Q,2024-11-05
us-gaap,InterestBearingDepositLiabilities,USD,,2023-12-31,125766000000.0,10-K,2025-02-24
us-gaap,InterestBearingDepositLiabilities,USD,,2024-03-31,127738000000.0,10-Q,2024-05-07
us-gaap,InterestBearingDepositLiabilities,USD,,2024-06-30,126151000000.0,10-Q,2024-08-06
us-gaap,InterestBearingDepositLiabilities,USD,,2024-09-30,126947000000.0,10-Q,2024-11-05
us-gaap,InterestBearingDepositLiabilities,USD,,2024-12-31,126214000000.0,10-K,2025-02-24
us-gaap,InterestBearingDepositLiabilities,USD,,2024-12-31,126214000000.0,10-Q,2025-05-06
us-gaap,InterestBearingDepositLiabilities,USD,,2024-12-31,126214000000.0,10-Q,2025-08-05
us-gaap,InterestBearingDepositLiabilities,USD,,2024-12-31,126214000000.0,10-Q,2025-11-04
us-gaap,InterestBearingDepositLiabilities,USD,,2024-12-31,126214000000.0,10-K,2026-02-24
us-gaap,InterestBearingDepositLiabilities,USD,,2025-03-31,124650000000.0,10-Q,2025-05-06
us-gaap,InterestBearingDepositLiabilities,USD,,2025-06-30,122033000000.0,10-Q,2025-08-05
us-gaap,InterestBearingDepositLiabilities,USD,,2025-09-30,124739000000.0,10-Q,2025-11-04
us-gaap,InterestBearingDepositLiabilities,USD,,2025-12-31,129172000000.0,10-K,2026-02-24
us-gaap,InterestBearingDepositLiabilities,USD,,2025-12-31,129172000000.0,10-Q,2026-05-05
us-gaap,InterestBearingDepositLiabilities,USD,,2025-12-31,129172000000.0,10-Q,2026-08-04
us-gaap,InterestBearingDepositLiabilities,USD,,2026-03-31,168286000000.0,10-Q,2026-05-05
us-gaap,InterestBearingDepositLiabilities,USD,,2026-06-30,170213000000.0,10-Q,2026-08-04
us-gaap,LoansAndLeasesReceivableNetOfDeferredIncome,USD,,2008-06-30,85524000000.0,10-Q,2009-08-10
us-gaap,LoansAndLeasesReceivableNetOfDeferredIncome,USD,,2008-09-30,85498000000.0,10-Q,2009-11-06
us-gaap,LoansAndLeasesReceivableNetOfDeferredIncome,USD,,2008-12-31,84143000000.0,10-Q,2009-08-10
us-gaap,LoansAndLeasesReceivableNetOfDeferredIncome,USD,,2008-12-31,84143000000.0,10-Q,2009-11-06
us-gaap,LoansAndLeasesReceivableNetOfDeferredIncome,USD,,2008-12-31,84143000000.0,10-K,2010-02-26
us-gaap,LoansAndLeasesReceivableNetOfDeferredIncome,USD,,2009-03-31,82569000000.0,10-Q,2010-05-07
us-gaap,LoansAndLeasesReceivableNetOfDeferredIncome,USD,,2009-06-30,81429000000.0,10-Q,2009-08-10
us-gaap,LoansAndLeasesReceivableNetOfDeferredIncome,USD,,2009-06-30,81429000000.0,10-Q,2010-08-09
us-gaap,LoansAndLeasesReceivableNetOfDeferredIncome,USD,,2009-09-30,78419000000.0,10-Q,2009-11-06
us-gaap,LoansAndLeasesReceivableNetOfDeferredIncome,USD,,2009-09-30,78419000000.0,10-Q,2010-11-08
us-gaap,LoansAndLeasesReceivableNetOfDeferredIncome,USD,,2009-12-31,76779000000.0,10-K,2010-02-26
us-gaap,LoansAndLeasesReceivableNetOfDeferredIncome,USD,,2009-12-31,76779000000.0,10-Q,2010-05-07
us-gaap,LoansAndLeasesReceivableNetOfDeferredIncome,USD,,2009-12-31,76779000000.0,10-Q,2010-08-09
us-gaap,LoansAndLeasesReceivableNetOfDeferredIncome,USD,,2009-12-31,76779000000.0,10-Q,2010-11-08
us-gaap,LoansAndLeasesReceivableNetOfDeferredIncome,USD,,2009-12-31,76779000000.0,10-K,2011-02-28
us-gaap,LoansAndLeasesReceivableNetOfDeferredIncome,USD,,2010-03-31,77423000000.0,10-Q,2010-05-07
us-gaap,LoansAndLeasesReceivableNetOfDeferredIncome,USD,,2010-03-31,77423000000.0,10-Q,2011-05-09
us-gaap,LoansAndLeasesReceivableNetOfDeferredIncome,USD,,2010-06-30,76232000000.0,10-Q,2010-08-09
us-gaap,LoansAndLeasesReceivableNetOfDeferredIncome,USD,,2010-06-30,76232000000.0,10-Q,2011-08-05
us-gaap,LoansAndLeasesReceivableNetOfDeferredIncome,USD,,2010-09-30,76009000000.0,10-Q,2010-11-08
us-gaap,LoansAndLeasesReceivableNetOfDeferredIncome,USD,,2010-09-30,76009000000.0,10-Q,2011-11-09
us-gaap,LoansAndLeasesReceivableNetOfDeferredIncome,USD,,2010-12-31,77491000000.0,10-K,2011-02-28
us-gaap,LoansAndLeasesReceivableNetOfDeferredIncome,USD,,2010-12-31,77491000000.0,10-Q,2011-05-09
us-gaap,LoansAndLeasesReceivableNetOfDeferredIncome,USD,,2010-12-31,77491000000.0,10-Q,2011-08-05
us-gaap,LoansAndLeasesReceivableNetOfDeferredIncome,USD,,2010-12-31,77491000000.0,10-Q,2011-11-09
us-gaap,LoansAndLeasesReceivableNetOfDeferredIncome,USD,,2010-12-31,77491000000.0,10-K,2012-02-29
us-gaap,LoansAndLeasesReceivableNetOfDeferredIncome,USD,,2011-03-31,77465000000.0,10-Q,2011-05-09
us-gaap,LoansAndLeasesReceivableNetOfDeferredIncome,USD,,2011-03-31,77465000000.0,10-Q,2012-05-10
us-gaap,LoansAndLeasesReceivableNetOfDeferredIncome,USD,,2011-06-30,77967000000.0,10-Q,2011-08-05
us-gaap,LoansAndLeasesReceivableNetOfDeferredIncome,USD,,2011-06-30,77967000000.0,10-Q,2012-08-08
us-gaap,LoansAndLeasesReceivableNetOfDeferredIncome,USD,,2011-09-30,79216000000.0,10-Q,2011-11-09
us-gaap,LoansAndLeasesReceivableNetOfDeferredIncome,USD,,2011-09-30,79216000000.0,10-Q,2012-11-07
us-gaap,LoansAndLeasesReceivableNetOfDeferredIncome,USD,,2011-12-31,81018000000.0,10-K,2012-02-29
us-gaap,LoansAndLeasesReceivableNetOfDeferredIncome,USD,,2011-12-31,81018000000.0,10-Q,2012-05-10
us-gaap,LoansAndLeasesReceivableNetOfDeferredIncome,USD,,2011-12-31,81018000000.0,10-Q,2012-08-08
us-gaap,LoansAndLeasesReceivableNetOfDeferredIncome,USD,,2011-12-31,81018000000.0,10-Q,2012-11-07
us-gaap,LoansAndLeasesReceivableNetOfDeferredIncome,USD,,2011-12-31,81018000000.0,10-K,2013-02-22
us-gaap,LoansAndLeasesReceivableNetOfDeferredIncome,USD,,2012-03-31,82113000000.0,10-Q,2012-05-10
us-gaap,LoansAndLeasesReceivableNetOfDeferredIncome,USD,,2012-06-30,82359000000.0,10-Q,2012-08-08
us-gaap,LoansAndLeasesReceivableNetOfDeferredIncome,USD,,2012-09-30,83059000000.0,10-Q,2012-11-07
us-gaap,LoansAndLeasesReceivableNetOfDeferredIncome,USD,,2012-12-31,85782000000.0,10-K,2013-02-22
us-gaap,LoansAndLeasesReceivableNetOfDeferredIncome,USD,,2012-12-31,85782000000.0,10-Q,2013-05-09
us-gaap,LoansAndLeasesReceivableNetOfDeferredIncome,USD,,2012-12-31,85782000000.0,10-Q,2013-08-07
us-gaap,LoansAndLeasesReceivableNetOfDeferredIncome,USD,,2012-12-31,85782000000.0,10-Q,2013-11-06
us-gaap,LoansAndLeasesReceivableNetOfDeferredIncome,USD,,2012-12-31,85782000000.0,10-K,2014-02-24
us-gaap,LoansAndLeasesReceivableNetOfDeferredIncome,USD,,2013-03-31,85676000000.0,10-Q,2013-05-09
us-gaap,LoansAndLeasesReceivableNetOfDeferredIncome,USD,,2013-06-30,87032000000.0,10-Q,2013-08-07
us-gaap,LoansAndLeasesReceivableNetOfDeferredIncome,USD,,2013-09-30,87231000000.0,10-Q,2013-11-06
us-gaap,LoansAndLeasesReceivableNetOfDeferredIncome,USD,,2013-12-31,88614000000.0,10-K,2014-02-24
us-gaap,LoansAndLeasesReceivableNetOfDeferredIncome,USD,,2013-12-31,88614000000.0,10-Q,2014-05-08
us-gaap,LoansAndLeasesReceivableNetOfDeferredIncome,USD,,2013-12-31,88614000000.0,10-Q,2014-08-07
us-gaap,LoansAndLeasesReceivableNetOfDeferredIncome,USD,,2013-12-31,88614000000.0,10-Q,2014-11-07
us-gaap,LoansAndLeasesReceivableNetOfDeferredIncome,USD,,2013-12-31,88614000000.0,10-K,2015-02-25
us-gaap,LoansAndLeasesReceivableNetOfDeferredIncome,USD,,2014-03-31,89705000000.0,10-Q,2014-05-08
us-gaap,LoansAndLeasesReceivableNetOfDeferredIncome,USD,,2014-06-30,90484000000.0,10-Q,2014-08-07
us-gaap,LoansAndLeasesReceivableNetOfDeferredIncome,USD,,2014-09-30,90624000000.0,10-Q,2014-11-07
us-gaap,LoansAndLeasesReceivableNetOfDeferredIncome,USD,,2014-12-31,90084000000.0,10-K,2015-02-25
us-gaap,LoansAndLeasesReceivableNetOfDeferredIncome,USD,,2014-12-31,90084000000.0,10-Q,2015-05-11
us-gaap,LoansAndLeasesReceivableNetOfDeferredIncome,USD,,2014-12-31,90084000000.0,10-Q,2015-08-05
us-gaap,LoansAndLeasesReceivableNetOfDeferredIncome,USD,,2014-12-31,90084000000.0,10-Q,2015-11-05
us-gaap,LoansAndLeasesReceivableNetOfDeferredIncome,USD,,2014-12-31,90084000000.0,10-K,2016-02-25
us-gaap,LoansAndLeasesReceivableNetOfDeferredIncome,USD,,2015-03-31,91244000000.0,10-Q,2015-05-11
us-gaap,LoansAndLeasesReceivableNetOfDeferredIncome,USD,,2015-06-30,92703000000.0,10-Q,2015-08-05
us-gaap,LoansAndLeasesReceivableNetOfDeferredIncome,USD,,2015-09-30,93574000000.0,10-Q,2015-11-05
us-gaap,LoansAndLeasesReceivableNetOfDeferredIncome,USD,,2015-12-31,92582000000.0,10-K,2016-02-25
us-gaap,LoansAndLeasesReceivableNetOfDeferredIncome,USD,,2015-12-31,92582000000.0,10-Q,2016-05-06
us-gaap,LoansAndLeasesReceivableNetOfDeferredIncome,USD,,2015-12-31,92582000000.0,10-Q,2016-08-05
us-gaap,LoansAndLeasesReceivableNetOfDeferredIncome,USD,,2015-12-31,92582000000.0,10-Q,2016-11-09
us-gaap,LoansAndLeasesReceivableNetOfDeferredIncome,USD,,2015-12-31,92582000000.0,10-K,2017-02-24
us-gaap,LoansAndLeasesReceivableNetOfDeferredIncome,USD,,2016-03-31,93605000000.0,10-Q,2016-05-06
us-gaap,LoansAndLeasesReceivableNetOfDeferredIncome,USD,,2016-06-30,93909000000.0,10-Q,2016-08-05
us-gaap,LoansAndLeasesReceivableNetOfDeferredIncome,USD,,2016-09-30,93151000000.0,10-Q,2016-11-09
us-gaap,LoansAndLeasesReceivableNetOfDeferredIncome,USD,,2016-12-31,92098000000.0,10-K,2017-02-24
us-gaap,LoansAndLeasesReceivableNetOfDeferredIncome,USD,,2016-12-31,92098000000.0,10-Q,2017-05-05
us-gaap,LoansAndLeasesReceivableNetOfDeferredIncome,USD,,2016-12-31,92098000000.0,10-Q,2017-08-08
us-gaap,LoansAndLeasesReceivableNetOfDeferredIncome,USD,,2016-12-31,92098000000.0,10-Q,2017-11-06
us-gaap,LoansAndLeasesReceivableNetOfDeferredIncome,USD,,2016-12-31,92098000000.0,10-K,2018-02-28
us-gaap,LoansAndLeasesReceivableNetOfDeferredIncome,USD,,2017-03-31,91628000000.0,10-Q,2017-05-05
us-gaap,LoansAndLeasesReceivableNetOfDeferredIncome,USD,,2017-06-30,91446000000.0,10-Q,2017-08-08
us-gaap,LoansAndLeasesReceivableNetOfDeferredIncome,USD,,2017-09-30,91883000000.0,10-Q,2017-11-06
us-gaap,LoansAndLeasesReceivableNetOfDeferredIncome,USD,,2017-12-31,91970000000.0,10-K,2018-02-28
us-gaap,LoansAndLeasesReceivableNetOfDeferredIncome,USD,,2017-12-31,91970000000.0,10-Q,2018-05-04
us-gaap,LoansAndLeasesReceivableNetOfDeferredIncome,USD,,2017-12-31,91970000000.0,10-Q,2018-08-08
us-gaap,LoansAndLeasesReceivableNetOfDeferredIncome,USD,,2017-12-31,91970000000.0,10-Q,2018-11-06
us-gaap,LoansAndLeasesReceivableNetOfDeferredIncome,USD,,2017-12-31,91970000000.0,10-K,2019-03-01
us-gaap,LoansAndLeasesReceivableNetOfDeferredIncome,USD,,2018-03-31,91970000000.0,10-Q,2018-05-04
us-gaap,LoansAndLeasesReceivableNetOfDeferredIncome,USD,,2018-06-30,91932000000.0,10-Q,2018-08-08
us-gaap,LoansAndLeasesReceivableNetOfDeferredIncome,USD,,2018-09-30,93443000000.0,10-Q,2018-11-06
us-gaap,LoansAndLeasesReceivableNetOfDeferredIncome,USD,,2018-12-31,95265000000.0,10-K,2019-03-01
us-gaap,LoansAndLeasesReceivableNetOfDeferredIncome,USD,,2018-12-31,95265000000.0,10-Q,2019-05-10
us-gaap,LoansAndLeasesReceivableNetOfDeferredIncome,USD,,2018-12-31,95265000000.0,10-Q,2019-08-08
us-gaap,LoansAndLeasesReceivableNetOfDeferredIncome,USD,,2018-12-31,95265000000.0,10-Q,2019-11-08
us-gaap,LoansAndLeasesReceivableNetOfDeferredIncome,USD,,2018-12-31,95265000000.0,10-K,2020-03-02
us-gaap,LoansAndLeasesReceivableNetOfDeferredIncome,USD,,2019-03-31,109842000000.0,10-Q,2019-05-10
us-gaap,LoansAndLeasesReceivableNetOfDeferredIncome,USD,,2019-06-30,109283000000.0,10-Q,2019-08-08
us-gaap,LoansAndLeasesReceivableNetOfDeferredIncome,USD,,2019-09-30,109409000000.0,10-Q,2019-11-08
us-gaap,LoansAndLeasesReceivableNetOfDeferredIncome,USD,,2019-12-31,109558000000.0,10-K,2020-03-02
us-gaap,LoansAndLeasesReceivableNetOfDeferredIncome,USD,,2019-12-31,109558000000.0,10-Q,2020-05-08
us-gaap,LoansAndLeasesReceivableNetOfDeferredIncome,USD,,2020-03-31,118037000000.0,10-Q,2020-05-08
us-gaap,LoansAndLeasesReceivableNetReportedAmount,USD,,2008-06-30,83944000000.0,10-Q,2009-08-10
us-gaap,LoansAndLeasesReceivableNetReportedAmount,USD,,2008-09-30,83440000000.0,10-Q,2009-11-06
us-gaap,LoansAndLeasesReceivableNetReportedAmount,USD,,2008-12-31,81356000000.0,10-Q,2009-08-10
us-gaap,LoansAndLeasesReceivableNetReportedAmount,USD,,2008-12-31,81356000000.0,10-Q,2009-11-06
us-gaap,LoansAndLeasesReceivableNetReportedAmount,USD,,2008-12-31,81356000000.0,10-K,2010-02-26
us-gaap,LoansAndLeasesReceivableNetReportedAmount,USD,,2009-03-31,79499000000.0,10-Q,2010-05-07
us-gaap,LoansAndLeasesReceivableNetReportedAmount,USD,,2009-06-30,77944000000.0,10-Q,2009-08-10
us-gaap,LoansAndLeasesReceivableNetReportedAmount,USD,,2009-06-30,77944000000.0,10-Q,2010-08-09
us-gaap,LoansAndLeasesReceivableNetReportedAmount,USD,,2009-09-30,74738000000.0,10-Q,2009-11-06
us-gaap,LoansAndLeasesReceivableNetReportedAmount,USD,,2009-09-30,74738000000.0,10-Q,2010-11-08
us-gaap,LoansAndLeasesReceivableNetReportedAmount,USD,,2009-12-31,73030000000.0,10-K,2010-02-26
us-gaap,LoansAndLeasesReceivableNetReportedAmount,USD,,2009-12-31,73030000000.0,10-Q,2010-05-07
us-gaap,LoansAndLeasesReceivableNetReportedAmount,USD,,2009-12-31,73030000000.0,10-Q,2010-08-09
us-gaap,LoansAndLeasesReceivableNetReportedAmount,USD,,2009-12-31,73030000000.0,10-Q,2010-11-08
us-gaap,LoansAndLeasesReceivableNetReportedAmount,USD,,2009-12-31,73030000000.0,10-K,2011-02-28
us-gaap,LoansAndLeasesReceivableNetReportedAmount,USD,,2010-03-31,73621000000.0,10-Q,2010-05-07
us-gaap,LoansAndLeasesReceivableNetReportedAmount,USD,,2010-03-31,73621000000.0,10-Q,2011-05-09
us-gaap,LoansAndLeasesReceivableNetReportedAmount,USD,,2010-06-30,72539000000.0,10-Q,2010-08-09
us-gaap,LoansAndLeasesReceivableNetReportedAmount,USD,,2010-06-30,72539000000.0,10-Q,2011-08-05
us-gaap,LoansAndLeasesReceivableNetReportedAmount,USD,,2010-09-30,72815000000.0,10-Q,2010-11-08
us-gaap,LoansAndLeasesReceivableNetReportedAmount,USD,,2010-09-30,72815000000.0,10-Q,2011-11-09
us-gaap,LoansAndLeasesReceivableNetReportedAmount,USD,,2010-12-31,74487000000.0,10-K,2011-02-28
us-gaap,LoansAndLeasesReceivableNetReportedAmount,USD,,2010-12-31,74487000000.0,10-Q,2011-05-09
us-gaap,LoansAndLeasesReceivableNetReportedAmount,USD,,2010-12-31,74487000000.0,10-Q,2011-08-05
us-gaap,LoansAndLeasesReceivableNetReportedAmount,USD,,2010-12-31,74487000000.0,10-Q,2011-11-09
us-gaap,LoansAndLeasesReceivableNetReportedAmount,USD,,2010-12-31,74487000000.0,10-K,2012-02-29
us-gaap,LoansAndLeasesReceivableNetReportedAmount,USD,,2011-03-31,74660000000.0,10-Q,2011-05-09
us-gaap,LoansAndLeasesReceivableNetReportedAmount,USD,,2011-03-31,74660000000.0,10-Q,2012-05-10
us-gaap,LoansAndLeasesReceivableNetReportedAmount,USD,,2011-06-30,75353000000.0,10-Q,2011-08-05
us-gaap,LoansAndLeasesReceivableNetReportedAmount,USD,,2011-06-30,75353000000.0,10-Q,2012-08-08
us-gaap,LoansAndLeasesReceivableNetReportedAmount,USD,,2011-09-30,76777000000.0,10-Q,2011-11-09
us-gaap,LoansAndLeasesReceivableNetReportedAmount,USD,,2011-09-30,76777000000.0,10-Q,2012-11-07
us-gaap,LoansAndLeasesReceivableNetReportedAmount,USD,,2011-12-31,78763000000.0,10-K,2012-02-29
us-gaap,LoansAndLeasesReceivableNetReportedAmount,USD,,2011-12-31,78763000000.0,10-Q,2012-05-10
us-gaap,LoansAndLeasesReceivableNetReportedAmount,USD,,2011-12-31,78763000000.0,10-Q,2012-08-08
us-gaap,LoansAndLeasesReceivableNetReportedAmount,USD,,2011-12-31,78763000000.0,10-Q,2012-11-07
us-gaap,LoansAndLeasesReceivableNetReportedAmount,USD,,2011-12-31,78763000000.0,10-K,2013-02-22
us-gaap,LoansAndLeasesReceivableNetReportedAmount,USD,,2012-03-31,79987000000.0,10-Q,2012-05-10
us-gaap,LoansAndLeasesReceivableNetReportedAmount,USD,,2012-06-30,80343000000.0,10-Q,2012-08-08
us-gaap,LoansAndLeasesReceivableNetReportedAmount,USD,,2012-09-30,81134000000.0,10-Q,2012-11-07
us-gaap,LoansAndLeasesReceivableNetReportedAmount,USD,,2012-12-31,83928000000.0,10-K,2013-02-22
us-gaap,LoansAndLeasesReceivableNetReportedAmount,USD,,2012-12-31,83928000000.0,10-Q,2013-05-09
us-gaap,LoansAndLeasesReceivableNetReportedAmount,USD,,2012-12-31,83928000000.0,10-Q,2013-08-07
us-gaap,LoansAndLeasesReceivableNetReportedAmount,USD,,2012-12-31,83928000000.0,10-Q,2013-11-06
us-gaap,LoansAndLeasesReceivableNetReportedAmount,USD,,2012-12-31,83928000000.0,10-K,2014-02-24
us-gaap,LoansAndLeasesReceivableNetReportedAmount,USD,,2013-03-31,83893000000.0,10-Q,2013-05-09
us-gaap,LoansAndLeasesReceivableNetReportedAmount,USD,,2013-06-30,85297000000.0,10-Q,2013-08-07
us-gaap,LoansAndLeasesReceivableNetReportedAmount,USD,,2013-09-30,85554000000.0,10-Q,2013-11-06
us-gaap,LoansAndLeasesReceivableNetReportedAmount,USD,,2013-12-31,87032000000.0,10-K,2014-02-24
us-gaap,LoansAndLeasesReceivableNetReportedAmount,USD,,2013-12-31,87032000000.0,10-Q,2014-05-08
us-gaap,LoansAndLeasesReceivableNetReportedAmount,USD,,2013-12-31,87032000000.0,10-Q,2014-08-07
us-gaap,LoansAndLeasesReceivableNetReportedAmount,USD,,2013-12-31,87032000000.0,10-Q,2014-11-07
us-gaap,LoansAndLeasesReceivableNetReportedAmount,USD,,2013-12-31,87032000000.0,10-K,2015-02-25
us-gaap,LoansAndLeasesReceivableNetReportedAmount,USD,,2014-03-31,88222000000.0,10-Q,2014-05-08
us-gaap,LoansAndLeasesReceivableNetReportedAmount,USD,,2014-06-30,89026000000.0,10-Q,2014-08-07
us-gaap,LoansAndLeasesReceivableNetReportedAmount,USD,,2014-09-30,89210000000.0,10-Q,2014-11-07
us-gaap,LoansAndLeasesReceivableNetReportedAmount,USD,,2014-12-31,88762000000.0,10-K,2015-02-25
us-gaap,LoansAndLeasesReceivableNetReportedAmount,USD,,2014-12-31,88762000000.0,10-Q,2015-05-11
us-gaap,LoansAndLeasesReceivableNetReportedAmount,USD,,2014-12-31,88762000000.0,10-Q,2015-08-05
us-gaap,LoansAndLeasesReceivableNetReportedAmount,USD,,2014-12-31,88762000000.0,10-Q,2015-11-05
us-gaap,LoansAndLeasesReceivableNetReportedAmount,USD,,2014-12-31,88762000000.0,10-K,2016-02-25
us-gaap,LoansAndLeasesReceivableNetReportedAmount,USD,,2015-03-31,89944000000.0,10-Q,2015-05-11
us-gaap,LoansAndLeasesReceivableNetReportedAmount,USD,,2015-06-30,91410000000.0,10-Q,2015-08-05
us-gaap,LoansAndLeasesReceivableNetReportedAmount,USD,,2015-09-30,92313000000.0,10-Q,2015-11-05
us-gaap,LoansAndLeasesReceivableNetReportedAmount,USD,,2015-12-31,91310000000.0,10-K,2016-02-25
us-gaap,LoansAndLeasesReceivableNetReportedAmount,USD,,2015-12-31,91310000000.0,10-Q,2016-05-06
us-gaap,LoansAndLeasesReceivableNetReportedAmount,USD,,2015-12-31,91310000000.0,10-Q,2016-08-05
us-gaap,LoansAndLeasesReceivableNetReportedAmount,USD,,2015-12-31,91310000000.0,10-Q,2016-11-09
us-gaap,LoansAndLeasesReceivableNetReportedAmount,USD,,2015-12-31,91310000000.0,10-K,2017-02-24
us-gaap,LoansAndLeasesReceivableNetReportedAmount,USD,,2016-03-31,92310000000.0,10-Q,2016-05-06
us-gaap,LoansAndLeasesReceivableNetReportedAmount,USD,,2016-06-30,92610000000.0,10-Q,2016-08-05
us-gaap,LoansAndLeasesReceivableNetReportedAmount,USD,,2016-09-30,91879000000.0,10-Q,2016-11-09
us-gaap,LoansAndLeasesReceivableNetReportedAmount,USD,,2016-12-31,90845000000.0,10-K,2017-02-24
us-gaap,LoansAndLeasesReceivableNetReportedAmount,USD,,2016-12-31,90845000000.0,10-Q,2017-05-05
us-gaap,LoansAndLeasesReceivableNetReportedAmount,USD,,2016-12-31,90845000000.0,10-Q,2017-08-08
us-gaap,LoansAndLeasesReceivableNetReportedAmount,USD,,2016-12-31,90845000000.0,10-Q,2017-11-06
us-gaap,LoansAndLeasesReceivableNetReportedAmount,USD,,2016-12-31,90845000000.0,10-K,2018-02-28
us-gaap,LoansAndLeasesReceivableNetReportedAmount,USD,,2017-03-31,90390000000.0,10-Q,2017-05-05
us-gaap,LoansAndLeasesReceivableNetReportedAmount,USD,,2017-06-30,90220000000.0,10-Q,2017-08-08
us-gaap,LoansAndLeasesReceivableNetReportedAmount,USD,,2017-09-30,90678000000.0,10-Q,2017-11-06
us-gaap,LoansAndLeasesReceivableNetReportedAmount,USD,,2017-12-31,90774000000.0,10-K,2018-02-28
us-gaap,LoansAndLeasesReceivableNetReportedAmount,USD,,2017-12-31,90774000000.0,10-Q,2018-05-04
us-gaap,LoansAndLeasesReceivableNetReportedAmount,USD,,2017-12-31,90774000000.0,10-Q,2018-08-08
us-gaap,LoansAndLeasesReceivableNetReportedAmount,USD,,2017-12-31,90774000000.0,10-Q,2018-11-06
us-gaap,LoansAndLeasesReceivableNetReportedAmount,USD,,2017-12-31,90774000000.0,10-K,2019-03-01
us-gaap,LoansAndLeasesReceivableNetReportedAmount,USD,,2018-03-31,90832000000.0,10-Q,2018-05-04
us-gaap,LoansAndLeasesReceivableNetReportedAmount,USD,,2018-06-30,90855000000.0,10-Q,2018-08-08
us-gaap,LoansAndLeasesReceivableNetReportedAmount,USD,,2018-09-30,92352000000.0,10-Q,2018-11-06
us-gaap,LoansAndLeasesReceivableNetReportedAmount,USD,,2018-12-31,94162000000.0,10-K,2019-03-01
us-gaap,LoansAndLeasesReceivableNetReportedAmount,USD,,2018-12-31,94162000000.0,10-Q,2019-05-10
us-gaap,LoansAndLeasesReceivableNetReportedAmount,USD,,2018-12-31,94162000000.0,10-Q,2019-08-08
us-gaap,LoansAndLeasesReceivableNetReportedAmount,USD,,2018-12-31,94162000000.0,10-Q,2019-11-08
us-gaap,LoansAndLeasesReceivableNetReportedAmount,USD,,2018-12-31,94162000000.0,10-K,2020-03-02
us-gaap,LoansAndLeasesReceivableNetReportedAmount,USD,,2019-03-31,108727000000.0,10-Q,2019-05-10
us-gaap,LoansAndLeasesReceivableNetReportedAmount,USD,,2019-06-30,108168000000.0,10-Q,2019-08-08
us-gaap,LoansAndLeasesReceivableNetReportedAmount,USD,,2019-09-30,108266000000.0,10-Q,2019-11-08
us-gaap,LoansAndLeasesReceivableNetReportedAmount,USD,,2019-12-31,108356000000.0,10-K,2020-03-02
us-gaap,LoansAndLeasesReceivableNetReportedAmount,USD,,2019-12-31,108356000000.0,10-Q,2020-05-08
us-gaap,LoansAndLeasesReceivableNetReportedAmount,USD,,2020-03-31,115689000000.0,10-Q,2020-05-08
us-gaap,LongTermDebt,USD,,2008-06-30,15046000000.0,10-Q,2009-08-10
us-gaap,LongTermDebt,USD,,2008-09-30,12947000000.0,10-Q,2009-11-06
us-gaap,LongTermDebt,USD,,2008-12-31,13585000000.0,10-Q,2009-08-10
us-gaap,LongTermDebt,USD,,2008-12-31,13585000000.0,10-Q,2009-11-06
us-gaap,LongTermDebt,USD,,2008-12-31,13585000000.0,10-K,2010-02-26
us-gaap,LongTermDebt,USD,,2009-03-31,12178000000.0,10-Q,2010-05-07
us-gaap,LongTermDebt,USD,,2009-06-30,10102000000.0,10-Q,2009-08-10
us-gaap,LongTermDebt,USD,,2009-06-30,10102000000.0,10-Q,2010-08-09
us-gaap,LongTermDebt,USD,,2009-09-30,10162000000.0,10-Q,2009-11-06
us-gaap,LongTermDebt,USD,,2009-09-30,10162000000.0,10-Q,2010-11-08
us-gaap,LongTermDebt,USD,,2009-12-31,10507000000.0,10-K,2010-02-26
us-gaap,LongTermDebt,USD,,2009-12-31,10507000000.0,10-Q,2010-05-07
us-gaap,LongTermDebt,USD,,2009-12-31,10507000000.0,10-Q,2010-08-09
us-gaap,LongTermDebt,USD,,2009-12-31,10507000000.0,10-Q,2010-11-08
us-gaap,LongTermDebt,USD,,2009-12-31,10507000000.0,10-K,2011-02-28
us-gaap,LongTermDebt,USD,,2010-03-31,10947000000.0,10-Q,2010-05-07
us-gaap,LongTermDebt,USD,,2010-03-31,10947000000.0,10-Q,2011-05-09
us-gaap,LongTermDebt,USD,,2010-06-30,10989000000.0,10-Q,2010-08-09
us-gaap,LongTermDebt,USD,,2010-06-30,10989000000.0,10-Q,2011-08-05
us-gaap,LongTermDebt,USD,,2010-09-30,10953000000.0,10-Q,2010-11-08
us-gaap,LongTermDebt,USD,,2010-09-30,10953000000.0,10-Q,2011-11-09
us-gaap,LongTermDebt,USD,,2010-12-31,9558000000.0,10-K,2011-02-28
us-gaap,LongTermDebt,USD,,2010-12-31,9558000000.0,10-Q,2011-05-09
us-gaap,LongTermDebt,USD,,2010-12-31,9558000000.0,10-Q,2011-08-05
us-gaap,LongTermDebt,USD,,2010-12-31,9558000000.0,10-Q,2011-11-09
us-gaap,LongTermDebt,USD,,2010-12-31,9558000000.0,10-K,2012-02-29
us-gaap,LongTermDebt,USD,,2011-03-31,10555000000.0,10-Q,2011-05-09
us-gaap,LongTermDebt,USD,,2011-03-31,10555000000.0,10-Q,2012-05-10
us-gaap,LongTermDebt,USD,,2011-06-30,10152000000.0,10-Q,2011-08-05
us-gaap,LongTermDebt,USD,,2011-06-30,10152000000.0,10-Q,2012-08-08
us-gaap,LongTermDebt,USD,,2011-09-30,9800000000.0,10-Q,2011-11-09
us-gaap,LongTermDebt,USD,,2011-09-30,9800000000.0,10-Q,2012-11-07
us-gaap,LongTermDebt,USD,,2011-12-31,9682000000.0,10-K,2012-02-29
us-gaap,LongTermDebt,USD,,2011-12-31,9682000000.0,10-Q,2012-05-10
us-gaap,LongTermDebt,USD,,2011-12-31,9682000000.0,10-Q,2012-08-08
us-gaap,LongTermDebt,USD,,2011-12-31,9682000000.0,10-Q,2012-11-07
us-gaap,LongTermDebt,USD,,2011-12-31,9682000000.0,10-K,2013-02-22
us-gaap,LongTermDebt,USD,,2012-03-31,9648000000.0,10-Q,2012-05-10
us-gaap,LongTermDebt,USD,,2012-06-30,9685000000.0,10-Q,2012-08-08
us-gaap,LongTermDebt,USD,,2012-09-30,8127000000.0,10-Q,2012-11-07
us-gaap,LongTermDebt,USD,,2012-12-31,7085000000.0,10-K,2013-02-22
us-gaap,LongTermDebt,USD,,2012-12-31,7085000000.0,10-Q,2013-05-09
us-gaap,LongTermDebt,USD,,2012-12-31,7085000000.0,10-Q,2013-08-07
us-gaap,LongTermDebt,USD,,2012-12-31,7085000000.0,10-Q,2013-11-06
us-gaap,LongTermDebt,USD,,2012-12-31,7085000000.0,10-K,2014-02-24
us-gaap,LongTermDebt,USD,,2013-03-31,8320000000.0,10-Q,2013-05-09
us-gaap,LongTermDebt,USD,,2013-06-30,6940000000.0,10-Q,2013-08-07
us-gaap,LongTermDebt,USD,,2013-09-30,8098000000.0,10-Q,2013-11-06
us-gaap,LongTermDebt,USD,,2013-12-31,9633000000.0,10-K,2014-02-24
us-gaap,LongTermDebt,USD,,2013-12-31,9633000000.0,10-Q,2014-05-08
us-gaap,LongTermDebt,USD,,2013-12-31,9633000000.0,10-Q,2014-08-07
us-gaap,LongTermDebt,USD,,2013-12-31,9633000000.0,10-Q,2014-11-07
us-gaap,LongTermDebt,USD,,2013-12-31,9633000000.0,10-K,2015-02-25
us-gaap,LongTermDebt,USD,,2014-03-31,11233000000.0,10-Q,2014-05-08
us-gaap,LongTermDebt,USD,,2014-06-30,13961000000.0,10-Q,2014-08-07
us-gaap,LongTermDebt,USD,,2014-09-30,14336000000.0,10-Q,2014-11-07
us-gaap,LongTermDebt,USD,,2014-12-31,14967000000.0,10-K,2015-02-25
us-gaap,LongTermDebt,USD,,2014-12-31,14967000000.0,10-Q,2015-05-11
us-gaap,LongTermDebt,USD,,2014-12-31,14967000000.0,10-Q,2015-08-05
us-gaap,LongTermDebt,USD,,2014-12-31,14967000000.0,10-Q,2015-11-05
us-gaap,LongTermDebt,USD,,2014-12-31,14967000000.0,10-K,2016-02-25
us-gaap,LongTermDebt,USD,,2015-03-31,14055000000.0,10-Q,2015-05-11
us-gaap,LongTermDebt,USD,,2015-06-30,13521000000.0,10-Q,2015-08-05
us-gaap,LongTermDebt,USD,,2015-09-30,15527000000.0,10-Q,2015-11-05
us-gaap,LongTermDebt,USD,,2015-12-31,15844000000.0,10-K,2016-02-25
us-gaap,LongTermDebt,USD,,2015-12-31,15810000000.0,10-Q,2016-05-06
us-gaap,LongTermDebt,USD,,2015-12-31,15810000000.0,10-Q,2016-08-05
us-gaap,LongTermDebt,USD,,2015-12-31,15810000000.0,10-Q,2016-11-09
us-gaap,LongTermDebt,USD,,2015-12-31,15810000000.0,10-K,2017-02-24
us-gaap,LongTermDebt,USD,,2016-03-31,15305000000.0,10-Q,2016-05-06
us-gaap,LongTermDebt,USD,,2016-06-30,16231000000.0,10-Q,2016-08-05
us-gaap,LongTermDebt,USD,,2016-09-30,16890000000.0,10-Q,2016-11-09
us-gaap,LongTermDebt,USD,,2016-12-31,14388000000.0,10-K,2017-02-24
us-gaap,LongTermDebt,USD,,2016-12-31,14388000000.0,10-Q,2017-05-05
us-gaap,LongTermDebt,USD,,2016-12-31,14388000000.0,10-Q,2017-08-08
us-gaap,LongTermDebt,USD,,2016-12-31,14388000000.0,10-Q,2017-11-06
us-gaap,LongTermDebt,USD,,2016-12-31,14388000000.0,10-K,2018-02-28
us-gaap,LongTermDebt,USD,,2017-03-31,13658000000.0,10-Q,2017-05-05
us-gaap,LongTermDebt,USD,,2017-06-30,13456000000.0,10-Q,2017-08-08
us-gaap,LongTermDebt,USD,,2017-09-30,14039000000.0,10-Q,2017-11-06
us-gaap,LongTermDebt,USD,,2017-12-31,14904000000.0,10-K,2018-02-28
us-gaap,LongTermDebt,USD,,2017-12-31,14904000000.0,10-Q,2018-05-04
us-gaap,LongTermDebt,USD,,2017-12-31,14904000000.0,10-Q,2018-08-08
us-gaap,LongTermDebt,USD,,2017-12-31,14904000000.0,10-Q,2018-11-06
us-gaap,LongTermDebt,USD,,2017-12-31,14904000000.0,10-K,2019-03-01
us-gaap,LongTermDebt,USD,,2018-03-31,14800000000.0,10-Q,2018-05-04
us-gaap,LongTermDebt,USD,,2018-06-30,14321000000.0,10-Q,2018-08-08
us-gaap,LongTermDebt,USD,,2018-09-30,14460000000.0,10-Q,2018-11-06
us-gaap,LongTermDebt,USD,,2018-12-31,14426000000.0,10-K,2019-03-01
us-gaap,LongTermDebt,USD,,2018-12-31,14426000000.0,10-Q,2019-05-10
us-gaap,LongTermDebt,USD,,2018-12-31,14426000000.0,10-Q,2019-08-08
us-gaap,LongTermDebt,USD,,2018-12-31,14426000000.0,10-Q,2019-11-08
us-gaap,LongTermDebt,USD,,2018-12-31,14426000000.0,10-K,2020-03-02
us-gaap,LongTermDebt,USD,,2019-03-31,15483000000.0,10-Q,2019-05-10
us-gaap,LongTermDebt,USD,,2019-06-30,15784000000.0,10-Q,2019-08-08
us-gaap,LongTermDebt,USD,,2019-09-30,14474000000.0,10-Q,2019-11-08
us-gaap,LongTermDebt,USD,,2019-12-31,14970000000.0,10-K,2020-03-02
us-gaap,LongTermDebt,USD,,2019-12-31,14970000000.0,10-Q,2020-05-08
us-gaap,LongTermDebt,USD,,2019-12-31,14970000000.0,10-Q,2020-08-07
us-gaap,LongTermDebt,USD,,2019-12-31,14970000000.0,10-Q,2020-11-05
us-gaap,LongTermDebt,USD,,2019-12-31,14970000000.0,10-K,2021-02-26
us-gaap,LongTermDebt,USD,,2020-03-31,16282000000.0,10-Q,2020-05-08
us-gaap,LongTermDebt,USD,,2020-06-30,16327000000.0,10-Q,2020-08-07
us-gaap,LongTermDebt,USD,,2020-09-30,15123000000.0,10-Q,2020-11-05
us-gaap,LongTermDebt,USD,,2020-12-31,14973000000.0,10-K,2021-02-26
us-gaap,LongTermDebt,USD,,2020-12-31,14973000000.0,10-Q,2021-05-07
us-gaap,LongTermDebt,USD,,2020-12-31,14973000000.0,10-Q,2021-08-06
us-gaap,LongTermDebt,USD,,2020-12-31,14973000000.0,10-Q,2021-11-05
us-gaap,LongTermDebt,USD,,2020-12-31,14973000000.0,10-K,2022-02-25
us-gaap,LongTermDebt,USD,,2021-03-31,14743000000.0,10-Q,2021-05-07
us-gaap,LongTermDebt,USD,,2021-06-30,12364000000.0,10-Q,2021-08-06
us-gaap,LongTermDebt,USD,,2021-09-30,11419000000.0,10-Q,2021-11-05
us-gaap,LongTermDebt,USD,,2021-12-31,11821000000.0,10-K,2022-02-25
us-gaap,LongTermDebt,USD,,2021-12-31,11821000000.0,10-Q,2022-05-09
us-gaap,LongTermDebt,USD,,2021-12-31,11821000000.0,10-Q,2022-08-05
us-gaap,LongTermDebt,USD,,2021-12-31,11821000000.0,10-Q,2022-11-08
us-gaap,LongTermDebt,USD,,2021-12-31,11821000000.0,10-K,2023-02-24
us-gaap,LongTermDebt,USD,,2022-03-31,10815000000.0,10-Q,2022-05-09
us-gaap,LongTermDebt,USD,,2022-06-30,10990000000.0,10-Q,2022-08-05
us-gaap,LongTermDebt,USD,,2022-09-30,11712000000.0,10-Q,2022-11-08
us-gaap,LongTermDebt,USD,,2022-12-31,13714000000.0,10-K,2023-02-24
us-gaap,LongTermDebt,USD,,2022-12-31,13714000000.0,10-Q,2023-05-09
us-gaap,LongTermDebt,USD,,2022-12-31,13714000000.0,10-Q,2023-08-07
us-gaap,LongTermDebt,USD,,2022-12-31,13714000000.0,10-Q,2023-11-07
us-gaap,LongTermDebt,USD,,2022-12-31,13714000000.0,10-K,2024-02-27
us-gaap,LongTermDebt,USD,,2023-03-31,12893000000.0,10-Q,2023-05-09
us-gaap,LongTermDebt,USD,,2023-06-30,12278000000.0,10-Q,2023-08-07
us-gaap,LongTermDebt,USD,,2023-09-30,16310000000.0,10-Q,2023-11-07
us-gaap,LongTermDebt,USD,,2023-12-31,16380000000.0,10-K,2024-02-27
us-gaap,LongTermDebt,USD,,2023-12-31,16380000000.0,10-Q,2024-05-07
us-gaap,LongTermDebt,USD,,2023-12-31,16380000000.0,10-Q,2024-08-06
us-gaap,LongTermDebt,USD,,2023-12-31,16380000000.0,10-Q,2024-11-05
us-gaap,LongTermDebt,USD,,2023-12-31,16380000000.0,10-K,2025-02-24
us-gaap,LongTermDebt,USD,,2024-03-31,15444000000.0,10-Q,2024-05-07
us-gaap,LongTermDebt,USD,,2024-06-30,16293000000.0,10-Q,2024-08-06
us-gaap,LongTermDebt,USD,,2024-09-30,17096000000.0,10-Q,2024-11-05
us-gaap,LongTermDebt,USD,,2024-12-31,14337000000.0,10-K,2025-02-24
us-gaap,LongTermDebt,USD,,2024-12-31,14337000000.0,10-Q,2025-05-06
us-gaap,LongTermDebt,USD,,2024-12-31,14337000000.0,10-Q,2025-08-05
us-gaap,LongTermDebt,USD,,2024-12-31,14337000000.0,10-Q,2025-11-04
us-gaap,LongTermDebt,USD,,2024-12-31,14337000000.0,10-K,2026-02-24
us-gaap,LongTermDebt,USD,,2025-03-31,14539000000.0,10-Q,2025-05-06
us-gaap,LongTermDebt,USD,,2025-06-30,14492000000.0,10-Q,2025-08-05
us-gaap,LongTermDebt,USD,,2025-09-30,13677000000.0,10-Q,2025-11-04
us-gaap,LongTermDebt,USD,,2025-12-31,13589000000.0,10-K,2026-02-24
us-gaap,LongTermDebt,USD,,2025-12-31,13589000000.0,10-Q,2026-05-05
us-gaap,LongTermDebt,USD,,2025-12-31,13589000000.0,10-Q,2026-08-04
us-gaap,LongTermDebt,USD,,2026-03-31,18753000000.0,10-Q,2026-05-05
us-gaap,LongTermDebt,USD,,2026-06-30,17636000000.0,10-Q,2026-08-04
us-gaap,NoninterestBearingDepositLiabilities,USD,,2014-12-31,34809000000.0,10-Q,2015-05-11
us-gaap,NoninterestBearingDepositLiabilities,USD,,2014-12-31,34809000000.0,10-Q,2015-08-05
us-gaap,NoninterestBearingDepositLiabilities,USD,,2014-12-31,34809000000.0,10-Q,2015-11-05
us-gaap,NoninterestBearingDepositLiabilities,USD,,2014-12-31,34809000000.0,10-K,2016-02-25
us-gaap,NoninterestBearingDepositLiabilities,USD,,2015-03-31,35343000000.0,10-Q,2015-05-11
us-gaap,NoninterestBearingDepositLiabilities,USD,,2015-06-30,35449000000.0,10-Q,2015-08-05
us-gaap,NoninterestBearingDepositLiabilities,USD,,2015-09-30,34832000000.0,10-Q,2015-11-05
us-gaap,NoninterestBearingDepositLiabilities,USD,,2015-12-31,36267000000.0,10-K,2016-02-25
us-gaap,NoninterestBearingDepositLiabilities,USD,,2015-12-31,36267000000.0,10-Q,2016-05-06
us-gaap,NoninterestBearingDepositLiabilities,USD,,2015-12-31,36267000000.0,10-Q,2016-08-05
us-gaap,NoninterestBearingDepositLiabilities,USD,,2015-12-31,36267000000.0,10-Q,2016-11-09
us-gaap,NoninterestBearingDepositLiabilities,USD,,2015-12-31,36267000000.0,10-K,2017-02-24
us-gaap,NoninterestBearingDepositLiabilities,USD,,2016-03-31,35858000000.0,10-Q,2016-05-06
us-gaap,NoninterestBearingDepositLiabilities,USD,,2016-06-30,36137000000.0,10-Q,2016-08-05
us-gaap,NoninterestBearingDepositLiabilities,USD,,2016-09-30,35625000000.0,10-Q,2016-11-09
us-gaap,NoninterestBearingDepositLiabilities,USD,,2016-12-31,35782000000.0,10-K,2017-02-24
us-gaap,NoninterestBearingDepositLiabilities,USD,,2016-12-31,35782000000.0,10-Q,2017-05-05
us-gaap,NoninterestBearingDepositLiabilities,USD,,2016-12-31,35782000000.0,10-Q,2017-08-08
us-gaap,NoninterestBearingDepositLiabilities,USD,,2016-12-31,35782000000.0,10-Q,2017-11-06
us-gaap,NoninterestBearingDepositLiabilities,USD,,2016-12-31,35782000000.0,10-K,2018-02-28
us-gaap,NoninterestBearingDepositLiabilities,USD,,2017-03-31,35362000000.0,10-Q,2017-05-05
us-gaap,NoninterestBearingDepositLiabilities,USD,,2017-06-30,34965000000.0,10-Q,2017-08-08
us-gaap,NoninterestBearingDepositLiabilities,USD,,2017-09-30,35246000000.0,10-Q,2017-11-06
us-gaap,NoninterestBearingDepositLiabilities,USD,,2017-12-31,35276000000.0,10-K,2018-02-28
us-gaap,NoninterestBearingDepositLiabilities,USD,,2017-12-31,35276000000.0,10-Q,2018-05-04
us-gaap,NoninterestBearingDepositLiabilities,USD,,2017-12-31,35276000000.0,10-Q,2018-08-08
us-gaap,NoninterestBearingDepositLiabilities,USD,,2017-12-31,35276000000.0,10-Q,2018-11-06
us-gaap,NoninterestBearingDepositLiabilities,USD,,2017-12-31,35276000000.0,10-K,2019-03-01
us-gaap,NoninterestBearingDepositLiabilities,USD,,2018-03-31,34066000000.0,10-Q,2018-05-04
us-gaap,NoninterestBearingDepositLiabilities,USD,,2018-06-30,32680000000.0,10-Q,2018-08-08
us-gaap,NoninterestBearingDepositLiabilities,USD,,2018-09-30,31803000000.0,10-Q,2018-11-06
us-gaap,NoninterestBearingDepositLiabilities,USD,,2018-12-31,32116000000.0,10-K,2019-03-01
us-gaap,NoninterestBearingDepositLiabilities,USD,,2018-12-31,32116000000.0,10-Q,2019-05-10
us-gaap,NoninterestBearingDepositLiabilities,USD,,2018-12-31,32116000000.0,10-Q,2019-08-08
us-gaap,NoninterestBearingDepositLiabilities,USD,,2018-12-31,32116000000.0,10-Q,2019-11-08
us-gaap,NoninterestBearingDepositLiabilities,USD,,2018-12-31,32116000000.0,10-K,2020-03-02
us-gaap,NoninterestBearingDepositLiabilities,USD,,2019-03-31,35963000000.0,10-Q,2019-05-10
us-gaap,NoninterestBearingDepositLiabilities,USD,,2019-06-30,35589000000.0,10-Q,2019-08-08
us-gaap,NoninterestBearingDepositLiabilities,USD,,2019-09-30,35893000000.0,10-Q,2019-11-08
us-gaap,NoninterestBearingDepositLiabilities,USD,,2019-12-31,35968000000.0,10-K,2020-03-02
us-gaap,NoninterestBearingDepositLiabilities,USD,,2019-12-31,35968000000.0,10-Q,2020-05-08
us-gaap,NoninterestBearingDepositLiabilities,USD,,2019-12-31,35968000000.0,10-Q,2020-08-07
us-gaap,NoninterestBearingDepositLiabilities,USD,,2019-12-31,35968000000.0,10-Q,2020-11-05
us-gaap,NoninterestBearingDepositLiabilities,USD,,2019-12-31,35968000000.0,10-K,2021-02-26
us-gaap,NoninterestBearingDepositLiabilities,USD,,2020-03-31,39533000000.0,10-Q,2020-05-08
us-gaap,NoninterestBearingDepositLiabilities,USD,,2020-06-30,49359000000.0,10-Q,2020-08-07
us-gaap,NoninterestBearingDepositLiabilities,USD,,2020-09-30,51896000000.0,10-Q,2020-11-05
us-gaap,NoninterestBearingDepositLiabilities,USD,,2020-12-31,57711000000.0,10-K,2021-02-26
us-gaap,NoninterestBearingDepositLiabilities,USD,,2020-12-31,57711000000.0,10-Q,2021-05-07
us-gaap,NoninterestBearingDepositLiabilities,USD,,2020-12-31,57711000000.0,10-Q,2021-08-06
us-gaap,NoninterestBearingDepositLiabilities,USD,,2020-12-31,57711000000.0,10-Q,2021-11-05
us-gaap,NoninterestBearingDepositLiabilities,USD,,2020-12-31,57711000000.0,10-K,2022-02-25
us-gaap,NoninterestBearingDepositLiabilities,USD,,2021-03-31,61363000000.0,10-Q,2021-05-07
us-gaap,NoninterestBearingDepositLiabilities,USD,,2021-06-30,62760000000.0,10-Q,2021-08-06
us-gaap,NoninterestBearingDepositLiabilities,USD,,2021-09-30,63879000000.0,10-Q,2021-11-05
us-gaap,NoninterestBearingDepositLiabilities,USD,,2021-12-31,65088000000.0,10-K,2022-02-25
us-gaap,NoninterestBearingDepositLiabilities,USD,,2021-12-31,65088000000.0,10-Q,2022-05-09
us-gaap,NoninterestBearingDepositLiabilities,USD,,2021-12-31,65088000000.0,10-Q,2022-08-05
us-gaap,NoninterestBearingDepositLiabilities,USD,,2021-12-31,65088000000.0,10-Q,2022-11-08
us-gaap,NoninterestBearingDepositLiabilities,USD,,2021-12-31,65088000000.0,10-K,2023-02-24
us-gaap,NoninterestBearingDepositLiabilities,USD,,2022-03-31,65590000000.0,10-Q,2022-05-09
us-gaap,NoninterestBearingDepositLiabilities,USD,,2022-06-30,60859000000.0,10-Q,2022-08-05
us-gaap,NoninterestBearingDepositLiabilities,USD,,2022-09-30,57601000000.0,10-Q,2022-11-08
us-gaap,NoninterestBearingDepositLiabilities,USD,,2022-12-31,53125000000.0,10-K,2023-02-24
us-gaap,NoninterestBearingDepositLiabilities,USD,,2022-12-31,53125000000.0,10-Q,2023-05-09
us-gaap,NoninterestBearingDepositLiabilities,USD,,2022-12-31,53125000000.0,10-Q,2023-08-07
us-gaap,NoninterestBearingDepositLiabilities,USD,,2022-12-31,53125000000.0,10-Q,2023-11-07
us-gaap,NoninterestBearingDepositLiabilities,USD,,2022-12-31,53125000000.0,10-K,2024-02-27
us-gaap,NoninterestBearingDepositLiabilities,USD,,2023-03-31,49649000000.0,10-Q,2023-05-09
us-gaap,NoninterestBearingDepositLiabilities,USD,,2023-06-30,45264000000.0,10-Q,2023-08-07
us-gaap,NoninterestBearingDepositLiabilities,USD,,2023-09-30,43844000000.0,10-Q,2023-11-07
us-gaap,NoninterestBearingDepositLiabilities,USD,,2023-12-31,43146000000.0,10-K,2024-02-27
us-gaap,NoninterestBearingDepositLiabilities,USD,,2023-12-31,43146000000.0,10-Q,2024-05-07
us-gaap,NoninterestBearingDepositLiabilities,USD,,2023-12-31,43146000000.0,10-Q,2024-08-06
us-gaap,NoninterestBearingDepositLiabilities,USD,,2023-12-31,43146000000.0,10-Q,2024-11-05
us-gaap,NoninterestBearingDepositLiabilities,USD,,2023-12-31,43146000000.0,10-K,2025-02-24
us-gaap,NoninterestBearingDepositLiabilities,USD,,2024-03-31,41849000000.0,10-Q,2024-05-07
us-gaap,NoninterestBearingDepositLiabilities,USD,,2024-06-30,40617000000.0,10-Q,2024-08-06
us-gaap,NoninterestBearingDepositLiabilities,USD,,2024-09-30,41393000000.0,10-Q,2024-11-05
us-gaap,NoninterestBearingDepositLiabilities,USD,,2024-12-31,41038000000.0,10-K,2025-02-24
us-gaap,NoninterestBearingDepositLiabilities,USD,,2024-12-31,41038000000.0,10-Q,2025-05-06
us-gaap,NoninterestBearingDepositLiabilities,USD,,2024-12-31,41038000000.0,10-Q,2025-08-05
us-gaap,NoninterestBearingDepositLiabilities,USD,,2024-12-31,41038000000.0,10-Q,2025-11-04
us-gaap,NoninterestBearingDepositLiabilities,USD,,2024-12-31,41038000000.0,10-K,2026-02-24
us-gaap,NoninterestBearingDepositLiabilities,USD,,2025-03-31,40855000000.0,10-Q,2025-05-06
us-gaap,NoninterestBearingDepositLiabilities,USD,,2025-06-30,42174000000.0,10-Q,2025-08-05
us-gaap,NoninterestBearingDepositLiabilities,USD,,2025-09-30,41830000000.0,10-Q,2025-11-04
us-gaap,NoninterestBearingDepositLiabilities,USD,,2025-12-31,42647000000.0,10-K,2026-02-24
us-gaap,NoninterestBearingDepositLiabilities,USD,,2025-12-31,42647000000.0,10-Q,2026-05-05
us-gaap,NoninterestBearingDepositLiabilities,USD,,2025-12-31,42647000000.0,10-Q,2026-08-04
us-gaap,NoninterestBearingDepositLiabilities,USD,,2026-03-31,65335000000.0,10-Q,2026-05-05
us-gaap,NoninterestBearingDepositLiabilities,USD,,2026-06-30,63928000000.0,10-Q,2026-08-04
us-gaap,PreferredStockValue,USD,,2008-06-30,1082000000.0,10-Q,2009-08-10
us-gaap,PreferredStockValue,USD,,2008-09-30,1082000000.0,10-Q,2009-11-06
us-gaap,PreferredStockValue,USD,,2008-12-31,4241000000.0,10-Q,2009-08-10
us-gaap,PreferredStockValue,USD,,2008-12-31,4241000000.0,10-Q,2009-11-06
us-gaap,PreferredStockValue,USD,,2008-12-31,4241000000.0,10-K,2010-02-26
us-gaap,PreferredStockValue,USD,,2009-03-31,4252000000.0,10-Q,2010-05-07
us-gaap,PreferredStockValue,USD,,2009-06-30,3588000000.0,10-Q,2009-08-10
us-gaap,PreferredStockValue,USD,,2009-06-30,3588000000.0,10-Q,2010-08-09
us-gaap,PreferredStockValue,USD,,2009-09-30,3599000000.0,10-Q,2009-11-06
us-gaap,PreferredStockValue,USD,,2009-09-30,3599000000.0,10-Q,2010-11-08
us-gaap,PreferredStockValue,USD,,2009-12-31,3609000000.0,10-K,2010-02-26
us-gaap,PreferredStockValue,USD,,2009-12-31,3609000000.0,10-Q,2010-05-07
us-gaap,PreferredStockValue,USD,,2009-12-31,3609000000.0,10-Q,2010-08-09
us-gaap,PreferredStockValue,USD,,2009-12-31,3609000000.0,10-Q,2010-11-08
us-gaap,PreferredStockValue,USD,,2009-12-31,3609000000.0,10-K,2011-02-28
us-gaap,PreferredStockValue,USD,,2010-03-31,3620000000.0,10-Q,2010-05-07
us-gaap,PreferredStockValue,USD,,2010-03-31,3620000000.0,10-Q,2011-05-09
us-gaap,PreferredStockValue,USD,,2010-06-30,3631000000.0,10-Q,2010-08-09
us-gaap,PreferredStockValue,USD,,2010-06-30,3631000000.0,10-Q,2011-08-05
us-gaap,PreferredStockValue,USD,,2010-09-30,3642000000.0,10-Q,2010-11-08
us-gaap,PreferredStockValue,USD,,2010-09-30,3642000000.0,10-Q,2011-11-09
us-gaap,PreferredStockValue,USD,,2010-12-31,3654000000.0,10-K,2011-02-28
us-gaap,PreferredStockValue,USD,,2010-12-31,3654000000.0,10-Q,2011-05-09
us-gaap,PreferredStockValue,USD,,2010-12-31,3654000000.0,10-Q,2011-08-05
us-gaap,PreferredStockValue,USD,,2010-12-31,3654000000.0,10-Q,2011-11-09
us-gaap,PreferredStockValue,USD,,2010-12-31,3654000000.0,10-K,2012-02-29
us-gaap,PreferredStockValue,USD,,2011-03-31,398000000.0,10-Q,2011-05-09
us-gaap,PreferredStockValue,USD,,2011-03-31,398000000.0,10-Q,2012-05-10
us-gaap,PreferredStockValue,USD,,2011-06-30,398000000.0,10-Q,2011-08-05
us-gaap,PreferredStockValue,USD,,2011-06-30,398000000.0,10-Q,2012-08-08
us-gaap,PreferredStockValue,USD,,2011-09-30,398000000.0,10-Q,2011-11-09
us-gaap,PreferredStockValue,USD,,2011-09-30,398000000.0,10-Q,2012-11-07
us-gaap,PreferredStockValue,USD,,2011-12-31,398000000.0,10-K,2012-02-29
us-gaap,PreferredStockValue,USD,,2011-12-31,398000000.0,10-Q,2012-05-10
us-gaap,PreferredStockValue,USD,,2011-12-31,398000000.0,10-Q,2012-08-08
us-gaap,PreferredStockValue,USD,,2011-12-31,398000000.0,10-Q,2012-11-07
us-gaap,PreferredStockValue,USD,,2011-12-31,398000000.0,10-K,2013-02-22
us-gaap,PreferredStockValue,USD,,2012-03-31,398000000.0,10-Q,2012-05-10
us-gaap,PreferredStockValue,USD,,2012-06-30,398000000.0,10-Q,2012-08-08
us-gaap,PreferredStockValue,USD,,2012-09-30,398000000.0,10-Q,2012-11-07
us-gaap,PreferredStockValue,USD,,2012-12-31,398000000.0,10-K,2013-02-22
us-gaap,PreferredStockValue,USD,,2012-12-31,398000000.0,10-Q,2013-05-09
us-gaap,PreferredStockValue,USD,,2012-12-31,398000000.0,10-Q,2013-08-07
us-gaap,PreferredStockValue,USD,,2012-12-31,398000000.0,10-Q,2013-11-06
us-gaap,PreferredStockValue,USD,,2012-12-31,398000000.0,10-K,2014-02-24
us-gaap,PreferredStockValue,USD,,2013-03-31,398000000.0,10-Q,2013-05-09
us-gaap,PreferredStockValue,USD,,2013-06-30,991000000.0,10-Q,2013-08-07
us-gaap,PreferredStockValue,USD,,2013-09-30,593000000.0,10-Q,2013-11-06
us-gaap,PreferredStockValue,USD,,2013-12-31,1034000000.0,10-K,2014-02-24
us-gaap,PreferredStockValue,USD,,2013-12-31,1034000000.0,10-Q,2014-05-08
us-gaap,PreferredStockValue,USD,,2013-12-31,1034000000.0,10-Q,2014-08-07
us-gaap,PreferredStockValue,USD,,2013-12-31,1034000000.0,10-Q,2014-11-07
us-gaap,PreferredStockValue,USD,,2013-12-31,1034000000.0,10-K,2015-02-25
us-gaap,PreferredStockValue,USD,,2014-03-31,1034000000.0,10-Q,2014-05-08
us-gaap,PreferredStockValue,USD,,2014-06-30,1331000000.0,10-Q,2014-08-07
us-gaap,PreferredStockValue,USD,,2014-09-30,1331000000.0,10-Q,2014-11-07
us-gaap,PreferredStockValue,USD,,2014-12-31,1331000000.0,10-K,2015-02-25
us-gaap,PreferredStockValue,USD,,2014-12-31,1331000000.0,10-Q,2015-05-11
us-gaap,PreferredStockValue,USD,,2014-12-31,1331000000.0,10-Q,2015-08-05
us-gaap,PreferredStockValue,USD,,2014-12-31,1331000000.0,10-Q,2015-11-05
us-gaap,PreferredStockValue,USD,,2014-12-31,1331000000.0,10-K,2016-02-25
us-gaap,PreferredStockValue,USD,,2015-03-31,1331000000.0,10-Q,2015-05-11
us-gaap,PreferredStockValue,USD,,2015-06-30,1331000000.0,10-Q,2015-08-05
us-gaap,PreferredStockValue,USD,,2015-09-30,1331000000.0,10-Q,2015-11-05
us-gaap,PreferredStockValue,USD,,2015-12-31,1331000000.0,10-K,2016-02-25
us-gaap,PreferredStockValue,USD,,2015-12-31,1331000000.0,10-Q,2016-05-06
us-gaap,PreferredStockValue,USD,,2015-12-31,1331000000.0,10-Q,2016-08-05
us-gaap,PreferredStockValue,USD,,2015-12-31,1331000000.0,10-Q,2016-11-09
us-gaap,PreferredStockValue,USD,,2015-12-31,1331000000.0,10-K,2017-02-24
us-gaap,PreferredStockValue,USD,,2016-03-31,1331000000.0,10-Q,2016-05-06
us-gaap,PreferredStockValue,USD,,2016-06-30,1331000000.0,10-Q,2016-08-05
us-gaap,PreferredStockValue,USD,,2016-09-30,1331000000.0,10-Q,2016-11-09
us-gaap,PreferredStockValue,USD,,2016-12-31,1331000000.0,10-K,2017-02-24
us-gaap,PreferredStockValue,USD,,2016-12-31,1331000000.0,10-Q,2017-05-05
us-gaap,PreferredStockValue,USD,,2016-12-31,1331000000.0,10-Q,2017-08-08
us-gaap,PreferredStockValue,USD,,2016-12-31,1331000000.0,10-Q,2017-11-06
us-gaap,PreferredStockValue,USD,,2016-12-31,1331000000.0,10-K,2018-02-28
us-gaap,PreferredStockValue,USD,,2017-03-31,1331000000.0,10-Q,2017-05-05
us-gaap,PreferredStockValue,USD,,2017-06-30,1331000000.0,10-Q,2017-08-08
us-gaap,PreferredStockValue,USD,,2017-09-30,1331000000.0,10-Q,2017-11-06
us-gaap,PreferredStockValue,USD,,2017-12-31,1331000000.0,10-K,2018-02-28
us-gaap,PreferredStockValue,USD,,2017-12-31,1331000000.0,10-Q,2018-05-04
us-gaap,PreferredStockValue,USD,,2017-12-31,1331000000.0,10-Q,2018-08-08
us-gaap,PreferredStockValue,USD,,2017-12-31,1331000000.0,10-Q,2018-11-06
us-gaap,PreferredStockValue,USD,,2017-12-31,1331000000.0,10-K,2019-03-01
us-gaap,PreferredStockValue,USD,,2018-03-31,1331000000.0,10-Q,2018-05-04
us-gaap,PreferredStockValue,USD,,2018-06-30,1331000000.0,10-Q,2018-08-08
us-gaap,PreferredStockValue,USD,,2018-09-30,1331000000.0,10-Q,2018-11-06
us-gaap,PreferredStockValue,USD,,2018-12-31,1331000000.0,10-K,2019-03-01
us-gaap,PreferredStockValue,USD,,2018-12-31,1331000000.0,10-Q,2019-05-10
us-gaap,PreferredStockValue,USD,,2018-12-31,1331000000.0,10-Q,2019-08-08
us-gaap,PreferredStockValue,USD,,2018-12-31,1331000000.0,10-Q,2019-11-08
us-gaap,PreferredStockValue,USD,,2018-12-31,1331000000.0,10-K,2020-03-02
us-gaap,PreferredStockValue,USD,,2019-03-31,1331000000.0,10-Q,2019-05-10
us-gaap,PreferredStockValue,USD,,2019-06-30,1331000000.0,10-Q,2019-08-08
us-gaap,PreferredStockValue,USD,,2019-09-30,1770000000.0,10-Q,2019-11-08
us-gaap,PreferredStockValue,USD,,2019-12-31,1770000000.0,10-K,2020-03-02
us-gaap,PreferredStockValue,USD,,2019-12-31,1770000000.0,10-Q,2020-05-08
us-gaap,PreferredStockValue,USD,,2019-12-31,1770000000.0,10-Q,2020-08-07
us-gaap,PreferredStockValue,USD,,2019-12-31,1770000000.0,10-Q,2020-11-05
us-gaap,PreferredStockValue,USD,,2019-12-31,1770000000.0,10-K,2021-02-26
us-gaap,PreferredStockValue,USD,,2020-03-31,1770000000.0,10-Q,2020-05-08
us-gaap,PreferredStockValue,USD,,2020-06-30,1770000000.0,10-Q,2020-08-07
us-gaap,PreferredStockValue,USD,,2020-09-30,2116000000.0,10-Q,2020-11-05
us-gaap,PreferredStockValue,USD,,2020-12-31,2116000000.0,10-K,2021-02-26
us-gaap,PreferredStockValue,USD,,2020-12-31,2116000000.0,10-Q,2021-05-07
us-gaap,PreferredStockValue,USD,,2020-12-31,2116000000.0,10-Q,2021-08-06
us-gaap,PreferredStockValue,USD,,2020-12-31,2116000000.0,10-Q,2021-11-05
us-gaap,PreferredStockValue,USD,,2020-12-31,2116000000.0,10-K,2022-02-25
us-gaap,PreferredStockValue,USD,,2021-03-31,2116000000.0,10-Q,2021-05-07
us-gaap,PreferredStockValue,USD,,2021-06-30,2116000000.0,10-Q,2021-08-06
us-gaap,PreferredStockValue,USD,,2021-09-30,2116000000.0,10-Q,2021-11-05
us-gaap,PreferredStockValue,USD,,2021-12-31,2116000000.0,10-K,2022-02-25
us-gaap,PreferredStockValue,USD,,2021-12-31,2116000000.0,10-Q,2022-05-09
us-gaap,PreferredStockValue,USD,,2021-12-31,2116000000.0,10-Q,2022-08-05
us-gaap,PreferredStockValue,USD,,2021-12-31,2116000000.0,10-Q,2022-11-08
us-gaap,PreferredStockValue,USD,,2021-12-31,2116000000.0,10-K,2023-02-24
us-gaap,PreferredStockValue,USD,,2022-03-31,2116000000.0,10-Q,2022-05-09
us-gaap,PreferredStockValue,USD,,2022-06-30,2116000000.0,10-Q,2022-08-05
us-gaap,PreferredStockValue,USD,,2022-09-30,2116000000.0,10-Q,2022-11-08
us-gaap,PreferredStockValue,USD,,2022-12-31,2116000000.0,10-K,2023-02-24
us-gaap,PreferredStockValue,USD,,2022-12-31,2116000000.0,10-K,2024-02-27
us-gaap,PreferredStockValue,USD,,2023-12-31,2116000000.0,10-K,2024-02-27
us-gaap,PreferredStockValue,USD,,2023-12-31,2116000000.0,10-Q,2024-05-07
us-gaap,PreferredStockValue,USD,,2023-12-31,2116000000.0,10-Q,2024-08-06
us-gaap,PreferredStockValue,USD,,2023-12-31,2116000000.0,10-Q,2024-11-05
us-gaap,PreferredStockValue,USD,,2023-12-31,2116000000.0,10-K,2025-02-24
us-gaap,PreferredStockValue,USD,,2024-03-31,2116000000.0,10-Q,2024-05-07
us-gaap,PreferredStockValue,USD,,2024-06-30,2116000000.0,10-Q,2024-08-06
us-gaap,PreferredStockValue,USD,,2024-09-30,2116000000.0,10-Q,2024-11-05
us-gaap,PreferredStockValue,USD,,2024-12-31,2116000000.0,10-K,2025-02-24
us-gaap,PreferredStockValue,USD,,2024-12-31,2116000000.0,10-Q,2025-05-06
us-gaap,PreferredStockValue,USD,,2024-12-31,2116000000.0,10-Q,2025-08-05
us-gaap,PreferredStockValue,USD,,2024-12-31,2116000000.0,10-Q,2025-11-04
us-gaap,PreferredStockValue,USD,,2024-12-31,2116000000.0,10-K,2026-02-24
us-gaap,PreferredStockValue,USD,,2025-03-31,2116000000.0,10-Q,2025-05-06
us-gaap,PreferredStockValue,USD,,2025-06-30,2116000000.0,10-Q,2025-08-05
us-gaap,PreferredStockValue,USD,,2025-09-30,1770000000.0,10-Q,2025-11-04
us-gaap,PreferredStockValue,USD,,2025-12-31,1770000000.0,10-K,2026-02-24
us-gaap,PreferredStockValue,USD,,2025-12-31,1770000000.0,10-Q,2026-05-05
us-gaap,PreferredStockValue,USD,,2025-12-31,1770000000.0,10-Q,2026-08-04
us-gaap,PreferredStockValue,USD,,2026-03-31,2182000000.0,10-Q,2026-05-05
us-gaap,PreferredStockValue,USD,,2026-06-30,2182000000.0,10-Q,2026-08-04
us-gaap,SecuritiesSoldUnderAgreementsToRepurchase,USD,,2014-12-31,995000000.0,10-Q,2015-08-05
us-gaap,SecuritiesSoldUnderAgreementsToRepurchase,USD,,2014-12-31,995000000.0,10-Q,2015-11-05
us-gaap,SecuritiesSoldUnderAgreementsToRepurchase,USD,,2014-12-31,995000000.0,10-K,2016-02-25
us-gaap,SecuritiesSoldUnderAgreementsToRepurchase,USD,,2015-06-30,765000000.0,10-Q,2015-08-05
us-gaap,SecuritiesSoldUnderAgreementsToRepurchase,USD,,2015-09-30,814000000.0,10-Q,2015-11-05
us-gaap,SecuritiesSoldUnderAgreementsToRepurchase,USD,,2015-12-31,925000000.0,10-K,2016-02-25
us-gaap,SecuritiesSoldUnderAgreementsToRepurchase,USD,,2015-12-31,925000000.0,10-Q,2016-05-06
us-gaap,SecuritiesSoldUnderAgreementsToRepurchase,USD,,2015-12-31,925000000.0,10-Q,2016-08-05
us-gaap,SecuritiesSoldUnderAgreementsToRepurchase,USD,,2015-12-31,925000000.0,10-Q,2016-11-09
us-gaap,SecuritiesSoldUnderAgreementsToRepurchase,USD,,2015-12-31,925000000.0,10-K,2017-02-24
us-gaap,SecuritiesSoldUnderAgreementsToRepurchase,USD,,2016-03-31,785000000.0,10-Q,2016-05-06
us-gaap,SecuritiesSoldUnderAgreementsToRepurchase,USD,,2016-06-30,751000000.0,10-Q,2016-08-05
us-gaap,SecuritiesSoldUnderAgreementsToRepurchase,USD,,2016-09-30,832000000.0,10-Q,2016-11-09
us-gaap,SecuritiesSoldUnderAgreementsToRepurchase,USD,,2016-12-31,661000000.0,10-K,2017-02-24
us-gaap,SecuritiesSoldUnderAgreementsToRepurchase,USD,,2016-12-31,661000000.0,10-Q,2017-05-05
us-gaap,SecuritiesSoldUnderAgreementsToRepurchase,USD,,2016-12-31,661000000.0,10-Q,2017-08-08
us-gaap,SecuritiesSoldUnderAgreementsToRepurchase,USD,,2016-12-31,661000000.0,10-Q,2017-11-06
us-gaap,SecuritiesSoldUnderAgreementsToRepurchase,USD,,2016-12-31,661000000.0,10-K,2018-02-28
us-gaap,SecuritiesSoldUnderAgreementsToRepurchase,USD,,2017-03-31,684000000.0,10-Q,2017-05-05
us-gaap,SecuritiesSoldUnderAgreementsToRepurchase,USD,,2017-06-30,656000000.0,10-Q,2017-08-08
us-gaap,SecuritiesSoldUnderAgreementsToRepurchase,USD,,2017-09-30,638000000.0,10-Q,2017-11-06
us-gaap,SecuritiesSoldUnderAgreementsToRepurchase,USD,,2017-12-31,546000000.0,10-K,2018-02-28
us-gaap,SecuritiesSoldUnderAgreementsToRepurchase,USD,,2017-12-31,546000000.0,10-Q,2018-05-04
us-gaap,SecuritiesSoldUnderAgreementsToRepurchase,USD,,2017-12-31,546000000.0,10-Q,2018-08-08
us-gaap,SecuritiesSoldUnderAgreementsToRepurchase,USD,,2017-12-31,546000000.0,10-Q,2018-11-06
us-gaap,SecuritiesSoldUnderAgreementsToRepurchase,USD,,2017-12-31,546000000.0,10-K,2019-03-01
us-gaap,SecuritiesSoldUnderAgreementsToRepurchase,USD,,2018-03-31,662000000.0,10-Q,2018-05-04
us-gaap,SecuritiesSoldUnderAgreementsToRepurchase,USD,,2018-06-30,300000000.0,10-Q,2018-08-08
us-gaap,SecuritiesSoldUnderAgreementsToRepurchase,USD,,2018-09-30,287000000.0,10-Q,2018-11-06
us-gaap,SecuritiesSoldUnderAgreementsToRepurchase,USD,,2018-12-31,302000000.0,10-K,2019-03-01
us-gaap,SecuritiesSoldUnderAgreementsToRepurchase,USD,,2018-12-31,302000000.0,10-Q,2019-05-10
us-gaap,SecuritiesSoldUnderAgreementsToRepurchase,USD,,2018-12-31,302000000.0,10-Q,2019-08-08
us-gaap,SecuritiesSoldUnderAgreementsToRepurchase,USD,,2018-12-31,302000000.0,10-Q,2019-11-08
us-gaap,SecuritiesSoldUnderAgreementsToRepurchase,USD,,2018-12-31,302000000.0,10-K,2020-03-02
us-gaap,SecuritiesSoldUnderAgreementsToRepurchase,USD,,2019-03-31,671000000.0,10-Q,2019-05-10
us-gaap,SecuritiesSoldUnderAgreementsToRepurchase,USD,,2019-06-30,611000000.0,10-Q,2019-08-08
us-gaap,SecuritiesSoldUnderAgreementsToRepurchase,USD,,2019-09-30,594000000.0,10-Q,2019-11-08
us-gaap,SecuritiesSoldUnderAgreementsToRepurchase,USD,,2019-12-31,469000000.0,10-K,2020-03-02
us-gaap,SecuritiesSoldUnderAgreementsToRepurchase,USD,,2019-12-31,469000000.0,10-Q,2020-05-08
us-gaap,SecuritiesSoldUnderAgreementsToRepurchase,USD,,2019-12-31,469000000.0,10-Q,2020-08-07
us-gaap,SecuritiesSoldUnderAgreementsToRepurchase,USD,,2019-12-31,469000000.0,10-Q,2020-11-05
us-gaap,SecuritiesSoldUnderAgreementsToRepurchase,USD,,2019-12-31,469000000.0,10-K,2021-02-26
us-gaap,SecuritiesSoldUnderAgreementsToRepurchase,USD,,2020-03-31,595000000.0,10-Q,2020-05-08
us-gaap,SecuritiesSoldUnderAgreementsToRepurchase,USD,,2020-06-30,679000000.0,10-Q,2020-08-07
us-gaap,SecuritiesSoldUnderAgreementsToRepurchase,USD,,2020-09-30,659000000.0,10-Q,2020-11-05
us-gaap,SecuritiesSoldUnderAgreementsToRepurchase,USD,,2020-12-31,679000000.0,10-K,2021-02-26
us-gaap,SecuritiesSoldUnderAgreementsToRepurchase,USD,,2020-12-31,679000000.0,10-Q,2021-05-07
us-gaap,SecuritiesSoldUnderAgreementsToRepurchase,USD,,2020-12-31,679000000.0,10-Q,2021-08-06
us-gaap,SecuritiesSoldUnderAgreementsToRepurchase,USD,,2020-12-31,679000000.0,10-Q,2021-11-05
us-gaap,SecuritiesSoldUnderAgreementsToRepurchase,USD,,2020-12-31,679000000.0,10-K,2022-02-25
us-gaap,SecuritiesSoldUnderAgreementsToRepurchase,USD,,2021-03-31,569000000.0,10-Q,2021-05-07
us-gaap,SecuritiesSoldUnderAgreementsToRepurchase,USD,,2021-06-30,533000000.0,10-Q,2021-08-06
us-gaap,SecuritiesSoldUnderAgreementsToRepurchase,USD,,2021-09-30,567000000.0,10-Q,2021-11-05
us-gaap,SecuritiesSoldUnderAgreementsToRepurchase,USD,,2021-12-31,544000000.0,10-K,2022-02-25
us-gaap,SecuritiesSoldUnderAgreementsToRepurchase,USD,,2021-12-31,544000000.0,10-Q,2022-05-09
us-gaap,SecuritiesSoldUnderAgreementsToRepurchase,USD,,2021-12-31,544000000.0,10-Q,2022-08-05
us-gaap,SecuritiesSoldUnderAgreementsToRepurchase,USD,,2021-12-31,544000000.0,10-Q,2022-11-08
us-gaap,SecuritiesSoldUnderAgreementsToRepurchase,USD,,2021-12-31,544000000.0,10-K,2023-02-24
us-gaap,SecuritiesSoldUnderAgreementsToRepurchase,USD,,2022-03-31,501000000.0,10-Q,2022-05-09
us-gaap,SecuritiesSoldUnderAgreementsToRepurchase,USD,,2022-06-30,449000000.0,10-Q,2022-08-05
us-gaap,SecuritiesSoldUnderAgreementsToRepurchase,USD,,2022-09-30,475000000.0,10-Q,2022-11-08
us-gaap,SecuritiesSoldUnderAgreementsToRepurchase,USD,,2022-12-31,388000000.0,10-K,2023-02-24
us-gaap,SecuritiesSoldUnderAgreementsToRepurchase,USD,,2022-12-31,388000000.0,10-Q,2023-05-09
us-gaap,SecuritiesSoldUnderAgreementsToRepurchase,USD,,2022-12-31,388000000.0,10-Q,2023-08-07
us-gaap,SecuritiesSoldUnderAgreementsToRepurchase,USD,,2022-12-31,388000000.0,10-Q,2023-11-07
us-gaap,SecuritiesSoldUnderAgreementsToRepurchase,USD,,2022-12-31,388000000.0,10-K,2024-02-27
us-gaap,SecuritiesSoldUnderAgreementsToRepurchase,USD,,2023-03-31,330000000.0,10-Q,2023-05-09
us-gaap,SecuritiesSoldUnderAgreementsToRepurchase,USD,,2023-06-30,363000000.0,10-Q,2023-08-07
us-gaap,SecuritiesSoldUnderAgreementsToRepurchase,USD,,2023-09-30,320000000.0,10-Q,2023-11-07
us-gaap,SecuritiesSoldUnderAgreementsToRepurchase,USD,,2023-12-31,330000000.0,10-K,2024-02-27
us-gaap,SecuritiesSoldUnderAgreementsToRepurchase,USD,,2023-12-31,330000000.0,10-Q,2024-05-07
us-gaap,SecuritiesSoldUnderAgreementsToRepurchase,USD,,2023-12-31,330000000.0,10-Q,2024-08-06
us-gaap,SecuritiesSoldUnderAgreementsToRepurchase,USD,,2023-12-31,330000000.0,10-Q,2024-11-05
us-gaap,SecuritiesSoldUnderAgreementsToRepurchase,USD,,2023-12-31,330000000.0,10-K,2025-02-24
us-gaap,SecuritiesSoldUnderAgreementsToRepurchase,USD,,2024-03-31,336000000.0,10-Q,2024-05-07
us-gaap,SecuritiesSoldUnderAgreementsToRepurchase,USD,,2024-06-30,300000000.0,10-Q,2024-08-06
us-gaap,SecuritiesSoldUnderAgreementsToRepurchase,USD,,2024-09-30,321000000.0,10-Q,2024-11-05
us-gaap,SecuritiesSoldUnderAgreementsToRepurchase,USD,,2024-12-31,273000000.0,10-K,2025-02-24
us-gaap,SecuritiesSoldUnderAgreementsToRepurchase,USD,,2024-12-31,273000000.0,10-Q,2025-05-06
us-gaap,SecuritiesSoldUnderAgreementsToRepurchase,USD,,2024-12-31,273000000.0,10-Q,2025-08-05
us-gaap,SecuritiesSoldUnderAgreementsToRepurchase,USD,,2024-12-31,273000000.0,10-Q,2025-11-04
us-gaap,SecuritiesSoldUnderAgreementsToRepurchase,USD,,2024-12-31,273000000.0,10-K,2026-02-24
us-gaap,SecuritiesSoldUnderAgreementsToRepurchase,USD,,2025-03-31,293000000.0,10-Q,2025-05-06
us-gaap,SecuritiesSoldUnderAgreementsToRepurchase,USD,,2025-06-30,325000000.0,10-Q,2025-08-05
us-gaap,SecuritiesSoldUnderAgreementsToRepurchase,USD,,2025-09-30,309000000.0,10-Q,2025-11-04
us-gaap,SecuritiesSoldUnderAgreementsToRepurchase,USD,,2025-12-31,311000000.0,10-K,2026-02-24
us-gaap,SecuritiesSoldUnderAgreementsToRepurchase,USD,,2025-12-31,311000000.0,10-Q,2026-05-05
us-gaap,SecuritiesSoldUnderAgreementsToRepurchase,USD,,2025-12-31,311000000.0,10-Q,2026-08-04
us-gaap,SecuritiesSoldUnderAgreementsToRepurchase,USD,,2026-03-31,338000000.0,10-Q,2026-05-05
us-gaap,SecuritiesSoldUnderAgreementsToRepurchase,USD,,2026-06-30,397000000.0,10-Q,2026-08-04
us-gaap,TierOneLeverageCapitalToAverageAssets,pure,,2012-06-30,0.1139,10-Q,2012-08-08
us-gaap,TierOneRiskBasedCapitalToRiskWeightedAssets,pure,,2012-06-30,0.1231,10-Q,2012-08-08
us-gaap,ShortTermBorrowings,USD,,2024-12-31,4654000000.0,10-K,2026-02-24
us-gaap,ShortTermBorrowings,USD,,2025-12-31,926000000.0,10-K,2026-02-24
us-gaap,ShortTermBorrowings,USD,,2025-12-31,926000000.0,10-Q,2026-05-05
us-gaap,ShortTermBorrowings,USD,,2025-12-31,926000000.0,10-Q,2026-08-04
us-gaap,ShortTermBorrowings,USD,,2026-03-31,1289000000.0,10-Q,2026-05-05
us-gaap,ShortTermBorrowings,USD,,2026-06-30,4633000000.0,10-Q,2026-08-04
us-gaap,CashAcquiredFromAcquisition,USD,2025-01-01,2025-03-31,0.0,10-Q,2026-05-05
us-gaap,CashAcquiredFromAcquisition,USD,2025-01-01,2025-06-30,0.0,10-Q,2026-08-04
us-gaap,CashAcquiredFromAcquisition,USD,2026-01-01,2026-03-31,740000000.0,10-Q,2026-05-05
us-gaap,CashAcquiredFromAcquisition,USD,2026-01-01,2026-06-30,677000000.0,10-Q,2026-08-04
