taxo,tag,unit,start,end,val,form,filed
dei,EntityCommonStockSharesOutstanding,shares,,2010-06-30,716862118.0,10-Q,2010-08-09
dei,EntityCommonStockSharesOutstanding,shares,,2010-09-30,717132197.0,10-Q,2010-10-29
dei,EntityCommonStockSharesOutstanding,shares,,2010-12-31,863338744000.0,10-K,2011-02-18
dei,EntityCommonStockSharesOutstanding,shares,,2011-03-31,0.0,10-Q,2011-04-29
dei,EntityCommonStockSharesOutstanding,shares,,2011-06-30,863323099.0,10-Q,2011-08-08
dei,EntityCommonStockSharesOutstanding,shares,,2011-09-30,864074883.0,10-Q,2011-10-31
dei,EntityCommonStockSharesOutstanding,shares,,2011-12-31,864378203.0,10-K,2012-02-17
dei,EntityCommonStockSharesOutstanding,shares,,2012-03-31,864674530.0,10-Q,2012-04-30
dei,EntityCommonStockSharesOutstanding,shares,,2012-06-30,858401176.0,10-Q,2012-07-30
dei,EntityCommonStockSharesOutstanding,shares,,2012-09-30,855485376.0,10-Q,2012-10-31
dei,EntityCommonStockSharesOutstanding,shares,,2012-12-31,842812709.0,10-K,2013-02-15
dei,EntityCommonStockSharesOutstanding,shares,,2013-03-31,838757987.0,10-Q,2013-04-29
dei,EntityCommonStockSharesOutstanding,shares,,2013-06-30,829674914.0,10-Q,2013-07-29
dei,EntityCommonStockSharesOutstanding,shares,,2013-09-30,830517677.0,10-Q,2013-11-07
dei,EntityCommonStockSharesOutstanding,shares,,2013-12-31,831214839.0,10-K,2014-02-14
dei,EntityCommonStockSharesOutstanding,shares,,2013-12-31,831214839.0,8-K,2014-05-28
dei,EntityCommonStockSharesOutstanding,shares,,2014-03-31,830517677.0,10-Q,2014-04-28
dei,EntityCommonStockSharesOutstanding,shares,,2014-06-30,817002296.0,10-Q,2014-07-30
dei,EntityCommonStockSharesOutstanding,shares,,2014-09-30,814453953.0,10-Q,2014-10-28
dei,EntityCommonStockSharesOutstanding,shares,,2014-12-31,810025677.0,10-K,2015-02-13
dei,EntityCommonStockSharesOutstanding,shares,,2015-03-31,808528243000.0,10-Q,2015-05-05
dei,EntityCommonStockSharesOutstanding,shares,,2015-06-30,803065757.0,10-Q,2015-08-04
dei,EntityCommonStockSharesOutstanding,shares,,2015-09-30,796659440.0,10-Q,2015-10-30
dei,EntityCommonStockSharesOutstanding,shares,,2015-09-30,796659440.0,10-Q/A,2015-12-18
dei,EntityCommonStockSharesOutstanding,shares,,2016-01-31,795025143.0,10-K,2016-02-17
dei,EntityCommonStockSharesOutstanding,shares,,2016-03-31,796689077.0,10-Q,2016-04-29
dei,EntityCommonStockSharesOutstanding,shares,,2016-06-30,799153996.0,10-Q,2016-07-29
dei,EntityCommonStockSharesOutstanding,shares,,2016-09-30,1084782727.0,10-Q,2016-11-08
dei,EntityCommonStockSharesOutstanding,shares,,2017-01-31,1085887404.0,10-K,2017-02-22
dei,EntityCommonStockSharesOutstanding,shares,,2017-03-31,1087119978.0,10-Q,2017-04-28
dei,EntityCommonStockSharesOutstanding,shares,,2017-06-30,1090016469.0,10-Q,2017-07-31
dei,EntityCommonStockSharesOutstanding,shares,,2017-09-30,1080946315.0,10-Q,2017-10-30
dei,EntityCommonStockSharesOutstanding,shares,,2018-01-31,1072026681.0,10-K,2018-02-16
dei,EntityCommonStockSharesOutstanding,shares,,2018-03-31,1101795768.0,10-Q,2018-04-30
dei,EntityCommonStockSharesOutstanding,shares,,2018-06-30,1104226603.0,10-Q,2018-07-30
dei,EntityCommonStockSharesOutstanding,shares,,2018-09-30,1061529259.0,10-Q,2018-10-30
dei,EntityCommonStockSharesOutstanding,shares,,2019-01-31,1046813306.0,10-K,2019-02-15
dei,EntityCommonStockSharesOutstanding,shares,,2019-03-31,1046440116.0,10-Q,2019-04-29
dei,EntityCommonStockSharesOutstanding,shares,,2019-06-30,1037841268.0,10-Q,2019-07-29
dei,EntityCommonStockSharesOutstanding,shares,,2019-09-30,1032755207.0,10-Q,2019-10-28
dei,EntityCommonStockSharesOutstanding,shares,,2019-12-31,1019194130.0,10-K,2020-02-14
dei,EntityCommonStockSharesOutstanding,shares,,2020-03-31,1014218094.0,10-Q,2020-05-01
dei,EntityCommonStockSharesOutstanding,shares,,2020-06-30,1017309583.0,10-Q,2020-07-31
dei,EntityCommonStockSharesOutstanding,shares,,2020-09-30,1017310599.0,10-Q,2020-10-30
dei,EntityCommonStockSharesOutstanding,shares,,2021-01-31,1017194968.0,10-K,2021-02-26
dei,EntityCommonStockSharesOutstanding,shares,,2021-03-31,1018052923.0,10-Q,2021-04-30
dei,EntityCommonStockSharesOutstanding,shares,,2021-06-30,1476557426.0,10-Q,2021-08-06
dei,EntityCommonStockSharesOutstanding,shares,,2021-09-30,1446461249.0,10-Q,2021-11-05
dei,EntityCommonStockSharesOutstanding,shares,,2022-01-31,1438088216.0,10-K,2022-02-18
dei,EntityCommonStockSharesOutstanding,shares,,2022-03-31,1439174659.0,10-Q,2022-04-29
dei,EntityCommonStockSharesOutstanding,shares,,2022-06-30,1442194344.0,10-Q,2022-07-29
dei,EntityCommonStockSharesOutstanding,shares,,2022-09-30,1442734255.0,10-Q,2022-10-28
dei,EntityCommonStockSharesOutstanding,shares,,2023-01-31,1443016884.0,10-K,2023-02-17
dei,EntityCommonStockSharesOutstanding,shares,,2023-03-31,1443614966.0,10-Q,2023-04-28
dei,EntityCommonStockSharesOutstanding,shares,,2023-06-30,1447882434.0,10-Q,2023-07-28
dei,EntityCommonStockSharesOutstanding,shares,,2023-09-30,1448075093.0,10-Q,2023-10-27
dei,EntityCommonStockSharesOutstanding,shares,,2024-01-31,1448345863.0,10-K,2024-02-16
dei,EntityCommonStockSharesOutstanding,shares,,2024-03-31,1449254147.0,10-Q,2024-04-30
dei,EntityCommonStockSharesOutstanding,shares,,2024-06-30,1452432838.0,10-Q,2024-07-30
dei,EntityCommonStockSharesOutstanding,shares,,2024-09-30,1452811392.0,10-Q,2024-10-29
dei,EntityCommonStockSharesOutstanding,shares,,2025-01-31,1453758267.0,10-K,2025-02-14
dei,EntityCommonStockSharesOutstanding,shares,,2025-03-31,1456811621.0,10-Q,2025-04-29
dei,EntityCommonStockSharesOutstanding,shares,,2025-06-30,1458800042.0,10-Q,2025-07-29
dei,EntityCommonStockSharesOutstanding,shares,,2025-09-30,1459390757.0,10-Q,2025-10-28
dei,EntityCommonStockSharesOutstanding,shares,,2026-02-01,2029792391.0,10-K,2026-02-13
dei,EntityCommonStockSharesOutstanding,shares,,2026-03-31,2027130587.0,10-Q,2026-04-30
us-gaap,CashAcquiredFromAcquisition,USD,2010-01-01,2010-12-31,0.0,10-K,2013-02-15
us-gaap,CashAcquiredFromAcquisition,USD,2011-01-01,2011-03-31,0.0,10-Q,2012-04-30
us-gaap,CashAcquiredFromAcquisition,USD,2011-01-01,2011-06-30,0.0,10-Q,2012-07-30
us-gaap,CashAcquiredFromAcquisition,USD,2011-01-01,2011-09-30,0.0,10-Q,2012-10-31
us-gaap,CashAcquiredFromAcquisition,USD,2011-01-01,2011-12-31,0.0,10-K,2013-02-15
us-gaap,CashAcquiredFromAcquisition,USD,2011-01-01,2011-12-31,0.0,10-K,2014-02-14
us-gaap,CashAcquiredFromAcquisition,USD,2011-01-01,2011-12-31,0.0,8-K,2014-05-28
us-gaap,CashAcquiredFromAcquisition,USD,2012-01-01,2012-03-31,40310000.0,10-Q,2012-04-30
us-gaap,CashAcquiredFromAcquisition,USD,2012-01-01,2012-03-31,40310000.0,10-Q,2013-04-29
us-gaap,CashAcquiredFromAcquisition,USD,2012-01-01,2012-06-30,40310000.0,10-Q,2012-07-30
us-gaap,CashAcquiredFromAcquisition,USD,2012-01-01,2012-06-30,40310000.0,10-Q,2013-07-29
us-gaap,CashAcquiredFromAcquisition,USD,2012-01-01,2012-09-30,40310000.0,10-Q,2012-10-31
us-gaap,CashAcquiredFromAcquisition,USD,2012-01-01,2012-09-30,40310000.0,10-Q,2013-11-07
us-gaap,CashAcquiredFromAcquisition,USD,2012-01-01,2012-12-31,40258000.0,10-K,2013-02-15
us-gaap,CashAcquiredFromAcquisition,USD,2012-01-01,2012-12-31,40258000.0,10-K,2014-02-14
us-gaap,CashAcquiredFromAcquisition,USD,2012-01-01,2012-12-31,40258000.0,8-K,2014-05-28
us-gaap,CashAcquiredFromAcquisition,USD,2012-01-01,2012-12-31,40258000.0,10-K,2015-02-13
us-gaap,CashAcquiredFromAcquisition,USD,2013-01-01,2013-03-31,0.0,10-Q,2013-04-29
us-gaap,CashAcquiredFromAcquisition,USD,2013-01-01,2013-03-31,0.0,10-Q,2014-04-28
us-gaap,CashAcquiredFromAcquisition,USD,2013-01-01,2013-06-30,0.0,10-Q,2013-07-29
us-gaap,CashAcquiredFromAcquisition,USD,2013-01-01,2013-06-30,0.0,10-Q,2014-07-30
us-gaap,CashAcquiredFromAcquisition,USD,2013-01-01,2013-09-30,0.0,10-Q,2013-11-07
us-gaap,CashAcquiredFromAcquisition,USD,2013-01-01,2013-09-30,0.0,10-Q,2014-10-28
us-gaap,CashAcquiredFromAcquisition,USD,2013-01-01,2013-12-31,0.0,10-K,2014-02-14
us-gaap,CashAcquiredFromAcquisition,USD,2013-01-01,2013-12-31,0.0,8-K,2014-05-28
us-gaap,CashAcquiredFromAcquisition,USD,2013-01-01,2013-12-31,0.0,10-K,2015-02-13
us-gaap,CashAcquiredFromAcquisition,USD,2014-01-01,2014-03-31,-13452000.0,10-Q,2014-04-28
us-gaap,CashAcquiredFromAcquisition,USD,2014-01-01,2014-03-31,-13452000.0,10-Q,2015-05-05
us-gaap,CashAcquiredFromAcquisition,USD,2014-01-01,2014-06-30,-13452000.0,10-Q,2014-07-30
us-gaap,CashAcquiredFromAcquisition,USD,2014-01-01,2014-06-30,-13452000.0,10-Q,2015-08-04
us-gaap,CashAcquiredFromAcquisition,USD,2014-01-01,2014-09-30,691637000.0,10-Q,2014-10-28
us-gaap,CashAcquiredFromAcquisition,USD,2014-01-01,2014-09-30,691637000.0,10-Q,2015-10-30
us-gaap,CashAcquiredFromAcquisition,USD,2014-01-01,2014-09-30,691637000.0,10-Q/A,2015-12-18
us-gaap,CashAcquiredFromAcquisition,USD,2014-01-01,2014-12-31,691637000.0,10-K,2015-02-13
us-gaap,CashAcquiredFromAcquisition,USD,2015-01-01,2015-03-31,-457836000.0,10-Q,2015-05-05
us-gaap,CashAcquiredFromAcquisition,USD,2015-01-01,2015-06-30,-457836000.0,10-Q,2015-08-04
us-gaap,CashAcquiredFromAcquisition,USD,2015-01-01,2015-09-30,-457836000.0,10-Q,2015-10-30
us-gaap,CashAcquiredFromAcquisition,USD,2015-01-01,2015-09-30,-457836000.0,10-Q/A,2015-12-18
us-gaap,CashAcquiredFromAcquisition,USD,2019-01-01,2019-12-31,0.0,10-K,2022-02-18
us-gaap,CashAcquiredFromAcquisition,USD,2020-01-01,2020-06-30,0.0,10-Q,2021-08-06
us-gaap,CashAcquiredFromAcquisition,USD,2020-01-01,2020-09-30,0.0,10-Q,2021-11-05
us-gaap,CashAcquiredFromAcquisition,USD,2020-01-01,2020-12-31,0.0,10-K,2022-02-18
us-gaap,CashAcquiredFromAcquisition,USD,2020-01-01,2020-12-31,0.0,10-K,2023-02-17
us-gaap,CashAcquiredFromAcquisition,USD,2021-01-01,2021-06-30,466000000.0,10-Q,2021-08-06
us-gaap,CashAcquiredFromAcquisition,USD,2021-01-01,2021-06-30,466000000.0,10-Q,2022-07-29
us-gaap,CashAcquiredFromAcquisition,USD,2021-01-01,2021-09-30,466000000.0,10-Q,2021-11-05
us-gaap,CashAcquiredFromAcquisition,USD,2021-01-01,2021-09-30,466000000.0,10-Q,2022-10-28
us-gaap,CashAcquiredFromAcquisition,USD,2021-01-01,2021-12-31,466000000.0,10-K,2022-02-18
us-gaap,CashAcquiredFromAcquisition,USD,2021-01-01,2021-12-31,466000000.0,10-K,2023-02-17
us-gaap,CashAcquiredFromAcquisition,USD,2021-01-01,2021-12-31,466000000.0,10-K,2024-02-16
us-gaap,CashAcquiredFromAcquisition,USD,2023-01-01,2023-12-31,0.0,10-K,2024-02-16
us-gaap,CashAcquiredFromAcquisition,USD,2023-01-01,2023-12-31,0.0,10-K,2026-02-13
us-gaap,CashAcquiredFromAcquisition,USD,2024-01-01,2024-12-31,0.0,10-K,2026-02-13
us-gaap,CashAcquiredFromAcquisition,USD,2025-01-01,2025-03-31,0.0,10-Q,2026-04-30
us-gaap,CashAcquiredFromAcquisition,USD,2025-01-01,2025-12-31,864000000.0,10-K,2026-02-13
us-gaap,CashAcquiredFromAcquisition,USD,2026-01-01,2026-03-31,1680000000.0,10-Q,2026-04-30
us-gaap,CashAndCashEquivalentsAtCarryingValue,USD,,2007-12-31,2009246000.0,10-K,2011-02-18
us-gaap,CashAndCashEquivalentsAtCarryingValue,USD,,2008-12-31,844668000.0,10-Q,2010-08-09
us-gaap,CashAndCashEquivalentsAtCarryingValue,USD,,2008-12-31,844668000.0,10-Q,2010-10-29
us-gaap,CashAndCashEquivalentsAtCarryingValue,USD,,2008-12-31,844668000.0,10-K,2011-02-18
us-gaap,CashAndCashEquivalentsAtCarryingValue,USD,,2009-06-30,2092604000.0,10-Q,2010-08-09
us-gaap,CashAndCashEquivalentsAtCarryingValue,USD,,2009-09-30,1882108000.0,10-Q,2010-10-29
us-gaap,CashAndCashEquivalentsAtCarryingValue,USD,,2009-12-31,1521344000.0,10-Q,2010-08-09
us-gaap,CashAndCashEquivalentsAtCarryingValue,USD,,2009-12-31,1521344000.0,10-Q,2010-10-29
us-gaap,CashAndCashEquivalentsAtCarryingValue,USD,,2009-12-31,1521344000.0,10-K,2011-02-18
us-gaap,CashAndCashEquivalentsAtCarryingValue,USD,,2009-12-31,1521344000.0,10-Q,2011-04-29
us-gaap,CashAndCashEquivalentsAtCarryingValue,USD,,2009-12-31,1521344000.0,10-Q,2011-08-08
us-gaap,CashAndCashEquivalentsAtCarryingValue,USD,,2010-03-31,1310640000.0,10-Q,2011-04-29
us-gaap,CashAndCashEquivalentsAtCarryingValue,USD,,2010-06-30,1125776000.0,10-Q,2010-08-09
us-gaap,CashAndCashEquivalentsAtCarryingValue,USD,,2010-06-30,1125776000.0,10-Q,2011-08-08
us-gaap,CashAndCashEquivalentsAtCarryingValue,USD,,2010-09-30,1139226000.0,10-Q,2010-10-29
us-gaap,CashAndCashEquivalentsAtCarryingValue,USD,,2010-12-31,847888000.0,10-K,2011-02-18
us-gaap,CashAndCashEquivalentsAtCarryingValue,USD,,2010-12-31,847888000.0,10-Q,2011-04-29
us-gaap,CashAndCashEquivalentsAtCarryingValue,USD,,2010-12-31,847888000.0,10-Q,2011-08-08
us-gaap,CashAndCashEquivalentsAtCarryingValue,USD,,2010-12-31,847888000.0,10-Q,2012-04-30
us-gaap,CashAndCashEquivalentsAtCarryingValue,USD,,2010-12-31,847888000.0,10-Q,2012-07-30
us-gaap,CashAndCashEquivalentsAtCarryingValue,USD,,2010-12-31,847888000.0,10-Q,2012-10-31
us-gaap,CashAndCashEquivalentsAtCarryingValue,USD,,2010-12-31,847888000.0,10-K,2014-02-14
us-gaap,CashAndCashEquivalentsAtCarryingValue,USD,,2010-12-31,847888000.0,8-K,2014-05-28
us-gaap,CashAndCashEquivalentsAtCarryingValue,USD,,2010-12-31,1115968000.0,10-K,2015-02-13
us-gaap,CashAndCashEquivalentsAtCarryingValue,USD,,2011-03-31,1208820000.0,10-Q,2011-04-29
us-gaap,CashAndCashEquivalentsAtCarryingValue,USD,,2011-03-31,1208820000.0,10-Q,2012-04-30
us-gaap,CashAndCashEquivalentsAtCarryingValue,USD,,2011-06-30,983882000.0,10-Q,2011-08-08
us-gaap,CashAndCashEquivalentsAtCarryingValue,USD,,2011-06-30,983882000.0,10-Q,2012-07-30
us-gaap,CashAndCashEquivalentsAtCarryingValue,USD,,2011-09-30,2190276000.0,10-Q,2012-10-31
us-gaap,CashAndCashEquivalentsAtCarryingValue,USD,,2011-12-31,1115968000.0,10-Q,2012-04-30
us-gaap,CashAndCashEquivalentsAtCarryingValue,USD,,2011-12-31,1115968000.0,10-Q,2012-07-30
us-gaap,CashAndCashEquivalentsAtCarryingValue,USD,,2011-12-31,1115968000.0,10-Q,2012-10-31
us-gaap,CashAndCashEquivalentsAtCarryingValue,USD,,2011-12-31,1115968000.0,10-Q,2013-04-29
us-gaap,CashAndCashEquivalentsAtCarryingValue,USD,,2011-12-31,1115968000.0,10-Q,2013-07-29
us-gaap,CashAndCashEquivalentsAtCarryingValue,USD,,2011-12-31,1115968000.0,10-Q,2013-11-07
us-gaap,CashAndCashEquivalentsAtCarryingValue,USD,,2011-12-31,1115968000.0,10-K,2014-02-14
us-gaap,CashAndCashEquivalentsAtCarryingValue,USD,,2011-12-31,1115968000.0,8-K,2014-05-28
us-gaap,CashAndCashEquivalentsAtCarryingValue,USD,,2011-12-31,1262806000.0,10-K,2015-02-13
us-gaap,CashAndCashEquivalentsAtCarryingValue,USD,,2012-03-31,1111217000.0,10-Q,2012-04-30
us-gaap,CashAndCashEquivalentsAtCarryingValue,USD,,2012-03-31,1111217000.0,10-Q,2013-04-29
us-gaap,CashAndCashEquivalentsAtCarryingValue,USD,,2012-06-30,1218588000.0,10-Q,2012-07-30
us-gaap,CashAndCashEquivalentsAtCarryingValue,USD,,2012-06-30,1218588000.0,10-Q,2013-07-29
us-gaap,CashAndCashEquivalentsAtCarryingValue,USD,,2012-09-30,797601000.0,10-Q,2012-10-31
us-gaap,CashAndCashEquivalentsAtCarryingValue,USD,,2012-09-30,797601000.0,10-Q,2013-11-07
us-gaap,CashAndCashEquivalentsAtCarryingValue,USD,,2012-12-31,1262806000.0,10-Q,2013-04-29
us-gaap,CashAndCashEquivalentsAtCarryingValue,USD,,2012-12-31,1262806000.0,10-Q,2013-07-29
us-gaap,CashAndCashEquivalentsAtCarryingValue,USD,,2012-12-31,1262806000.0,10-Q,2013-11-07
us-gaap,CashAndCashEquivalentsAtCarryingValue,USD,,2012-12-31,1262806000.0,10-K,2014-02-14
us-gaap,CashAndCashEquivalentsAtCarryingValue,USD,,2012-12-31,1262806000.0,10-Q,2014-04-28
us-gaap,CashAndCashEquivalentsAtCarryingValue,USD,,2012-12-31,1262806000.0,8-K,2014-05-28
us-gaap,CashAndCashEquivalentsAtCarryingValue,USD,,2012-12-31,1262806000.0,10-Q,2014-07-30
us-gaap,CashAndCashEquivalentsAtCarryingValue,USD,,2012-12-31,1262806000.0,10-Q,2014-10-28
us-gaap,CashAndCashEquivalentsAtCarryingValue,USD,,2012-12-31,1262806000.0,10-K,2016-02-17
us-gaap,CashAndCashEquivalentsAtCarryingValue,USD,,2013-03-31,828688000.0,10-Q,2013-04-29
us-gaap,CashAndCashEquivalentsAtCarryingValue,USD,,2013-03-31,828688000.0,10-Q,2014-04-28
us-gaap,CashAndCashEquivalentsAtCarryingValue,USD,,2013-06-30,993906000.0,10-Q,2013-07-29
us-gaap,CashAndCashEquivalentsAtCarryingValue,USD,,2013-06-30,993906000.0,10-Q,2014-07-30
us-gaap,CashAndCashEquivalentsAtCarryingValue,USD,,2013-09-30,1107658000.0,10-Q,2013-11-07
us-gaap,CashAndCashEquivalentsAtCarryingValue,USD,,2013-09-30,1107658000.0,10-Q,2014-10-28
us-gaap,CashAndCashEquivalentsAtCarryingValue,USD,,2013-12-31,1001132000.0,10-K,2014-02-14
us-gaap,CashAndCashEquivalentsAtCarryingValue,USD,,2013-12-31,1001132000.0,10-Q,2014-04-28
us-gaap,CashAndCashEquivalentsAtCarryingValue,USD,,2013-12-31,1001132000.0,8-K,2014-05-28
us-gaap,CashAndCashEquivalentsAtCarryingValue,USD,,2013-12-31,1001132000.0,10-Q,2014-07-30
us-gaap,CashAndCashEquivalentsAtCarryingValue,USD,,2013-12-31,1001132000.0,10-Q,2014-10-28
us-gaap,CashAndCashEquivalentsAtCarryingValue,USD,,2013-12-31,1001132000.0,10-K,2015-02-13
us-gaap,CashAndCashEquivalentsAtCarryingValue,USD,,2013-12-31,1001132000.0,10-Q,2015-05-05
us-gaap,CashAndCashEquivalentsAtCarryingValue,USD,,2013-12-31,1001132000.0,10-Q,2015-08-04
us-gaap,CashAndCashEquivalentsAtCarryingValue,USD,,2013-12-31,1001132000.0,10-Q,2015-10-30
us-gaap,CashAndCashEquivalentsAtCarryingValue,USD,,2013-12-31,1001132000.0,10-Q/A,2015-12-18
us-gaap,CashAndCashEquivalentsAtCarryingValue,USD,,2013-12-31,1001132000.0,10-K,2016-02-17
us-gaap,CashAndCashEquivalentsAtCarryingValue,USD,,2013-12-31,1001132000.0,10-K,2017-02-22
us-gaap,CashAndCashEquivalentsAtCarryingValue,USD,,2014-03-31,973264000.0,10-Q,2014-04-28
us-gaap,CashAndCashEquivalentsAtCarryingValue,USD,,2014-03-31,973264000.0,10-Q,2015-05-05
us-gaap,CashAndCashEquivalentsAtCarryingValue,USD,,2014-06-30,1218453000.0,10-Q,2014-07-30
us-gaap,CashAndCashEquivalentsAtCarryingValue,USD,,2014-06-30,1218453000.0,10-Q,2015-08-04
us-gaap,CashAndCashEquivalentsAtCarryingValue,USD,,2014-09-30,879862000.0,10-Q,2014-10-28
us-gaap,CashAndCashEquivalentsAtCarryingValue,USD,,2014-09-30,879862000.0,10-Q,2015-10-30
us-gaap,CashAndCashEquivalentsAtCarryingValue,USD,,2014-09-30,879862000.0,10-Q/A,2015-12-18
us-gaap,CashAndCashEquivalentsAtCarryingValue,USD,,2014-12-31,1220565000.0,10-K,2015-02-13
us-gaap,CashAndCashEquivalentsAtCarryingValue,USD,,2014-12-31,1220565000.0,10-Q,2015-05-05
us-gaap,CashAndCashEquivalentsAtCarryingValue,USD,,2014-12-31,1220565000.0,10-Q,2015-08-04
us-gaap,CashAndCashEquivalentsAtCarryingValue,USD,,2014-12-31,1220565000.0,10-Q,2015-10-30
us-gaap,CashAndCashEquivalentsAtCarryingValue,USD,,2014-12-31,1220565000.0,10-Q/A,2015-12-18
us-gaap,CashAndCashEquivalentsAtCarryingValue,USD,,2014-12-31,1220565000.0,10-K,2016-02-17
us-gaap,CashAndCashEquivalentsAtCarryingValue,USD,,2014-12-31,1220565000.0,10-Q,2016-04-29
us-gaap,CashAndCashEquivalentsAtCarryingValue,USD,,2014-12-31,1220565000.0,10-Q,2016-07-29
us-gaap,CashAndCashEquivalentsAtCarryingValue,USD,,2014-12-31,1220565000.0,10-Q,2016-11-08
us-gaap,CashAndCashEquivalentsAtCarryingValue,USD,,2014-12-31,1220565000.0,10-K,2017-02-22
us-gaap,CashAndCashEquivalentsAtCarryingValue,USD,,2014-12-31,1221000000.0,10-K,2018-02-16
us-gaap,CashAndCashEquivalentsAtCarryingValue,USD,,2015-03-31,899876000.0,10-Q,2015-05-05
us-gaap,CashAndCashEquivalentsAtCarryingValue,USD,,2015-03-31,899876000.0,10-Q,2016-04-29
us-gaap,CashAndCashEquivalentsAtCarryingValue,USD,,2015-06-30,1379969000.0,10-Q,2015-08-04
us-gaap,CashAndCashEquivalentsAtCarryingValue,USD,,2015-06-30,1379969000.0,10-Q,2016-07-29
us-gaap,CashAndCashEquivalentsAtCarryingValue,USD,,2015-09-30,1024358000.0,10-Q,2015-10-30
us-gaap,CashAndCashEquivalentsAtCarryingValue,USD,,2015-09-30,1024358000.0,10-Q/A,2015-12-18
us-gaap,CashAndCashEquivalentsAtCarryingValue,USD,,2015-09-30,1024358000.0,10-Q,2016-11-08
us-gaap,CashAndCashEquivalentsAtCarryingValue,USD,,2015-12-31,847156000.0,10-K,2016-02-17
us-gaap,CashAndCashEquivalentsAtCarryingValue,USD,,2015-12-31,847156000.0,10-Q,2016-04-29
us-gaap,CashAndCashEquivalentsAtCarryingValue,USD,,2015-12-31,847156000.0,10-Q,2016-07-29
us-gaap,CashAndCashEquivalentsAtCarryingValue,USD,,2015-12-31,847156000.0,10-Q,2016-11-08
us-gaap,CashAndCashEquivalentsAtCarryingValue,USD,,2015-12-31,847156000.0,10-K,2017-02-22
us-gaap,CashAndCashEquivalentsAtCarryingValue,USD,,2015-12-31,847156000.0,10-Q,2017-04-28
us-gaap,CashAndCashEquivalentsAtCarryingValue,USD,,2015-12-31,847156000.0,10-Q,2017-07-31
us-gaap,CashAndCashEquivalentsAtCarryingValue,USD,,2015-12-31,847156000.0,10-Q,2017-10-30
us-gaap,CashAndCashEquivalentsAtCarryingValue,USD,,2015-12-31,847000000.0,10-K,2018-02-16
us-gaap,CashAndCashEquivalentsAtCarryingValue,USD,,2015-12-31,847000000.0,10-K,2019-02-15
us-gaap,CashAndCashEquivalentsAtCarryingValue,USD,,2016-03-31,816248000.0,10-Q,2016-04-29
us-gaap,CashAndCashEquivalentsAtCarryingValue,USD,,2016-03-31,816248000.0,10-Q,2017-04-28
us-gaap,CashAndCashEquivalentsAtCarryingValue,USD,,2016-06-30,867180000.0,10-Q,2016-07-29
us-gaap,CashAndCashEquivalentsAtCarryingValue,USD,,2016-06-30,867180000.0,10-Q,2017-07-31
us-gaap,CashAndCashEquivalentsAtCarryingValue,USD,,2016-09-30,1661939000.0,10-Q,2016-11-08
us-gaap,CashAndCashEquivalentsAtCarryingValue,USD,,2016-09-30,1661939000.0,10-Q,2017-10-30
us-gaap,CashAndCashEquivalentsAtCarryingValue,USD,,2016-12-31,1384770000.0,10-K,2017-02-22
us-gaap,CashAndCashEquivalentsAtCarryingValue,USD,,2016-12-31,1384770000.0,10-Q,2017-04-28
us-gaap,CashAndCashEquivalentsAtCarryingValue,USD,,2016-12-31,1384770000.0,10-Q,2017-07-31
us-gaap,CashAndCashEquivalentsAtCarryingValue,USD,,2016-12-31,1384770000.0,10-Q,2017-10-30
us-gaap,CashAndCashEquivalentsAtCarryingValue,USD,,2016-12-31,1385000000.0,10-K,2018-02-16
us-gaap,CashAndCashEquivalentsAtCarryingValue,USD,,2016-12-31,1385000000.0,10-Q,2018-04-30
us-gaap,CashAndCashEquivalentsAtCarryingValue,USD,,2016-12-31,1385000000.0,10-Q,2018-07-30
us-gaap,CashAndCashEquivalentsAtCarryingValue,USD,,2016-12-31,1385000000.0,10-Q,2018-10-30
us-gaap,CashAndCashEquivalentsAtCarryingValue,USD,,2016-12-31,1385000000.0,10-K,2019-02-15
us-gaap,CashAndCashEquivalentsAtCarryingValue,USD,,2017-03-31,1308813000.0,10-Q,2017-04-28
us-gaap,CashAndCashEquivalentsAtCarryingValue,USD,,2017-03-31,1310000000.0,10-Q,2018-04-30
us-gaap,CashAndCashEquivalentsAtCarryingValue,USD,,2017-06-30,1515476000.0,10-Q,2017-07-31
us-gaap,CashAndCashEquivalentsAtCarryingValue,USD,,2017-06-30,1515000000.0,10-Q,2018-07-30
us-gaap,CashAndCashEquivalentsAtCarryingValue,USD,,2017-09-30,1193738000.0,10-Q,2017-10-30
us-gaap,CashAndCashEquivalentsAtCarryingValue,USD,,2017-09-30,1194000000.0,10-Q,2018-10-30
us-gaap,CashAndCashEquivalentsAtCarryingValue,USD,,2017-12-31,1520000000.0,10-K,2018-02-16
us-gaap,CashAndCashEquivalentsAtCarryingValue,USD,,2017-12-31,1520000000.0,10-Q,2018-04-30
us-gaap,CashAndCashEquivalentsAtCarryingValue,USD,,2017-12-31,1520000000.0,10-Q,2018-07-30
us-gaap,CashAndCashEquivalentsAtCarryingValue,USD,,2017-12-31,1520000000.0,10-Q,2018-10-30
us-gaap,CashAndCashEquivalentsAtCarryingValue,USD,,2017-12-31,1520000000.0,10-K,2019-02-15
us-gaap,CashAndCashEquivalentsAtCarryingValue,USD,,2017-12-31,1520000000.0,10-Q,2019-04-29
us-gaap,CashAndCashEquivalentsAtCarryingValue,USD,,2017-12-31,1520000000.0,10-Q,2019-07-29
us-gaap,CashAndCashEquivalentsAtCarryingValue,USD,,2017-12-31,1520000000.0,10-Q,2019-10-28
us-gaap,CashAndCashEquivalentsAtCarryingValue,USD,,2018-03-31,1069000000.0,10-Q,2018-04-30
us-gaap,CashAndCashEquivalentsAtCarryingValue,USD,,2018-03-31,1069000000.0,10-Q,2019-04-29
us-gaap,CashAndCashEquivalentsAtCarryingValue,USD,,2018-06-30,1382000000.0,10-Q,2018-07-30
us-gaap,CashAndCashEquivalentsAtCarryingValue,USD,,2018-06-30,1382000000.0,10-Q,2019-07-29
us-gaap,CashAndCashEquivalentsAtCarryingValue,USD,,2018-09-30,1299000000.0,10-Q,2018-10-30
us-gaap,CashAndCashEquivalentsAtCarryingValue,USD,,2018-09-30,1299000000.0,10-Q,2019-10-28
us-gaap,CashAndCashEquivalentsAtCarryingValue,USD,,2018-12-31,2672000000.0,10-K,2019-02-15
us-gaap,CashAndCashEquivalentsAtCarryingValue,USD,,2018-12-31,2672000000.0,10-Q,2019-04-29
us-gaap,CashAndCashEquivalentsAtCarryingValue,USD,,2018-12-31,2672000000.0,10-Q,2019-07-29
us-gaap,CashAndCashEquivalentsAtCarryingValue,USD,,2018-12-31,2672000000.0,10-Q,2019-10-28
us-gaap,CashAndCashEquivalentsAtCarryingValue,USD,,2019-03-31,1336000000.0,10-Q,2019-04-29
us-gaap,CashAndCashEquivalentsAtCarryingValue,USD,,2019-06-30,1598000000.0,10-Q,2019-07-29
us-gaap,CashAndCashEquivalentsAtCarryingValue,USD,,2019-09-30,1636000000.0,10-Q,2019-10-28
us-gaap,CashAndCashEquivalentsPeriodIncreaseDecrease,USD,2008-01-02,2008-12-31,-1164578000.0,10-K,2011-02-18
us-gaap,CashAndCashEquivalentsPeriodIncreaseDecrease,USD,2009-01-01,2009-06-30,1247936000.0,10-Q,2010-08-09
us-gaap,CashAndCashEquivalentsPeriodIncreaseDecrease,USD,2009-01-01,2009-09-30,1037440000.0,10-Q,2010-10-29
us-gaap,CashAndCashEquivalentsPeriodIncreaseDecrease,USD,2009-01-01,2009-12-31,676676000.0,10-K,2011-02-18
us-gaap,CashAndCashEquivalentsPeriodIncreaseDecrease,USD,2009-01-01,2009-12-31,676676000.0,10-K,2012-02-17
us-gaap,CashAndCashEquivalentsPeriodIncreaseDecrease,USD,2010-01-01,2010-03-31,-210704000.0,10-Q,2011-04-29
us-gaap,CashAndCashEquivalentsPeriodIncreaseDecrease,USD,2009-12-29,2010-06-30,-395568000.0,10-Q,2011-08-08
us-gaap,CashAndCashEquivalentsPeriodIncreaseDecrease,USD,2010-01-01,2010-06-30,-395568000.0,10-Q,2010-08-09
us-gaap,CashAndCashEquivalentsPeriodIncreaseDecrease,USD,2010-01-01,2010-09-30,-382118000.0,10-Q,2010-10-29
us-gaap,CashAndCashEquivalentsPeriodIncreaseDecrease,USD,2010-01-01,2010-09-30,-382118000.0,10-Q,2011-10-31
us-gaap,CashAndCashEquivalentsPeriodIncreaseDecrease,USD,2010-01-01,2010-12-31,-673456000.0,10-K,2011-02-18
us-gaap,CashAndCashEquivalentsPeriodIncreaseDecrease,USD,2010-01-01,2010-12-31,-673456000.0,10-K,2012-02-17
us-gaap,CashAndCashEquivalentsPeriodIncreaseDecrease,USD,2010-01-01,2010-12-31,-673456000.0,10-K,2013-02-15
us-gaap,CashAndCashEquivalentsPeriodIncreaseDecrease,USD,2011-01-01,2011-03-31,360932000.0,10-Q,2011-04-29
us-gaap,CashAndCashEquivalentsPeriodIncreaseDecrease,USD,2011-01-01,2011-03-31,360932000.0,10-Q,2012-04-30
us-gaap,CashAndCashEquivalentsPeriodIncreaseDecrease,USD,2010-12-29,2011-06-30,135994000.0,10-Q,2011-08-08
us-gaap,CashAndCashEquivalentsPeriodIncreaseDecrease,USD,2011-01-01,2011-06-30,135994000.0,10-Q,2012-07-30
us-gaap,CashAndCashEquivalentsPeriodIncreaseDecrease,USD,2011-01-01,2011-09-30,1342388000.0,10-Q,2011-10-31
us-gaap,CashAndCashEquivalentsPeriodIncreaseDecrease,USD,2011-01-01,2011-09-30,1342388000.0,10-Q,2012-10-31
us-gaap,CashAndCashEquivalentsPeriodIncreaseDecrease,USD,2011-01-01,2011-12-31,268080000.0,10-K,2012-02-17
us-gaap,CashAndCashEquivalentsPeriodIncreaseDecrease,USD,2011-01-01,2011-12-31,268080000.0,10-K,2013-02-15
us-gaap,CashAndCashEquivalentsPeriodIncreaseDecrease,USD,2011-01-01,2011-12-31,268080000.0,10-K,2014-02-14
us-gaap,CashAndCashEquivalentsPeriodIncreaseDecrease,USD,2011-01-01,2011-12-31,268080000.0,8-K,2014-05-28
us-gaap,CashAndCashEquivalentsPeriodIncreaseDecrease,USD,2012-01-01,2012-03-31,-4751000.0,10-Q,2012-04-30
us-gaap,CashAndCashEquivalentsPeriodIncreaseDecrease,USD,2012-01-01,2012-03-31,-4751000.0,10-Q,2013-04-29
us-gaap,CashAndCashEquivalentsPeriodIncreaseDecrease,USD,2012-01-01,2012-06-30,102620000.0,10-Q,2012-07-30
us-gaap,CashAndCashEquivalentsPeriodIncreaseDecrease,USD,2012-01-01,2012-06-30,102620000.0,10-Q,2013-07-29
us-gaap,CashAndCashEquivalentsPeriodIncreaseDecrease,USD,2012-01-01,2012-09-30,-318367000.0,10-Q,2012-10-31
us-gaap,CashAndCashEquivalentsPeriodIncreaseDecrease,USD,2012-01-01,2012-09-30,-318367000.0,10-Q,2013-11-07
us-gaap,CashAndCashEquivalentsPeriodIncreaseDecrease,USD,2012-01-01,2012-12-31,146838000.0,10-K,2013-02-15
us-gaap,CashAndCashEquivalentsPeriodIncreaseDecrease,USD,2012-01-01,2012-12-31,146838000.0,10-K,2014-02-14
us-gaap,CashAndCashEquivalentsPeriodIncreaseDecrease,USD,2012-01-01,2012-12-31,146838000.0,8-K,2014-05-28
us-gaap,CashAndCashEquivalentsPeriodIncreaseDecrease,USD,2012-01-01,2012-12-31,146838000.0,10-K,2015-02-13
us-gaap,CashAndCashEquivalentsPeriodIncreaseDecrease,USD,2013-01-01,2013-03-31,-434118000.0,10-Q,2013-04-29
us-gaap,CashAndCashEquivalentsPeriodIncreaseDecrease,USD,2013-01-01,2013-03-31,-434118000.0,10-Q,2014-04-28
us-gaap,CashAndCashEquivalentsPeriodIncreaseDecrease,USD,2013-01-01,2013-06-30,-268900000.0,10-Q,2013-07-29
us-gaap,CashAndCashEquivalentsPeriodIncreaseDecrease,USD,2013-01-01,2013-06-30,-268900000.0,10-Q,2014-07-30
us-gaap,CashAndCashEquivalentsPeriodIncreaseDecrease,USD,2013-01-01,2013-09-30,-155148000.0,10-Q,2013-11-07
us-gaap,CashAndCashEquivalentsPeriodIncreaseDecrease,USD,2013-01-01,2013-09-30,-155148000.0,10-Q,2014-10-28
us-gaap,CashAndCashEquivalentsPeriodIncreaseDecrease,USD,2013-01-01,2013-12-31,-261674000.0,10-K,2014-02-14
us-gaap,CashAndCashEquivalentsPeriodIncreaseDecrease,USD,2013-01-01,2013-12-31,-261674000.0,8-K,2014-05-28
us-gaap,CashAndCashEquivalentsPeriodIncreaseDecrease,USD,2013-01-01,2013-12-31,-261674000.0,10-K,2015-02-13
us-gaap,CashAndCashEquivalentsPeriodIncreaseDecrease,USD,2013-01-01,2013-12-31,-261674000.0,10-K,2016-02-17
us-gaap,CashAndCashEquivalentsPeriodIncreaseDecrease,USD,2014-01-01,2014-03-31,-27868000.0,10-Q,2014-04-28
us-gaap,CashAndCashEquivalentsPeriodIncreaseDecrease,USD,2014-01-01,2014-03-31,-27868000.0,10-Q,2015-05-05
us-gaap,CashAndCashEquivalentsPeriodIncreaseDecrease,USD,2014-01-01,2014-06-30,217321000.0,10-Q,2014-07-30
us-gaap,CashAndCashEquivalentsPeriodIncreaseDecrease,USD,2014-01-01,2014-06-30,217321000.0,10-Q,2015-08-04
us-gaap,CashAndCashEquivalentsPeriodIncreaseDecrease,USD,2014-01-01,2014-09-30,-121270000.0,10-Q,2014-10-28
us-gaap,CashAndCashEquivalentsPeriodIncreaseDecrease,USD,2014-01-01,2014-09-30,-121270000.0,10-Q,2015-10-30
us-gaap,CashAndCashEquivalentsPeriodIncreaseDecrease,USD,2014-01-01,2014-09-30,-121270000.0,10-Q/A,2015-12-18
us-gaap,CashAndCashEquivalentsPeriodIncreaseDecrease,USD,2014-01-01,2014-12-31,219433000.0,10-K,2015-02-13
us-gaap,CashAndCashEquivalentsPeriodIncreaseDecrease,USD,2014-01-01,2014-12-31,219433000.0,10-K,2016-02-17
us-gaap,CashAndCashEquivalentsPeriodIncreaseDecrease,USD,2014-01-01,2014-12-31,219433000.0,10-K,2017-02-22
us-gaap,CashAndCashEquivalentsPeriodIncreaseDecrease,USD,2015-01-01,2015-03-31,-320689000.0,10-Q,2015-05-05
us-gaap,CashAndCashEquivalentsPeriodIncreaseDecrease,USD,2015-01-01,2015-03-31,-320689000.0,10-Q,2016-04-29
us-gaap,CashAndCashEquivalentsPeriodIncreaseDecrease,USD,2015-01-01,2015-06-30,159404000.0,10-Q,2015-08-04
us-gaap,CashAndCashEquivalentsPeriodIncreaseDecrease,USD,2015-01-01,2015-06-30,159404000.0,10-Q,2016-07-29
us-gaap,CashAndCashEquivalentsPeriodIncreaseDecrease,USD,2015-01-01,2015-09-30,-196207000.0,10-Q,2015-10-30
us-gaap,CashAndCashEquivalentsPeriodIncreaseDecrease,USD,2015-01-01,2015-09-30,-196207000.0,10-Q/A,2015-12-18
us-gaap,CashAndCashEquivalentsPeriodIncreaseDecrease,USD,2015-01-01,2015-09-30,-196207000.0,10-Q,2016-11-08
us-gaap,CashAndCashEquivalentsPeriodIncreaseDecrease,USD,2015-01-01,2015-12-31,-373409000.0,10-K,2016-02-17
us-gaap,CashAndCashEquivalentsPeriodIncreaseDecrease,USD,2015-01-01,2015-12-31,-373409000.0,10-K,2017-02-22
us-gaap,CashAndCashEquivalentsPeriodIncreaseDecrease,USD,2015-01-01,2015-12-31,-374000000.0,10-K,2018-02-16
us-gaap,CashAndCashEquivalentsPeriodIncreaseDecrease,USD,2016-01-01,2016-03-31,-30908000.0,10-Q,2016-04-29
us-gaap,CashAndCashEquivalentsPeriodIncreaseDecrease,USD,2016-01-01,2016-03-31,-30908000.0,10-Q,2017-04-28
us-gaap,CashAndCashEquivalentsPeriodIncreaseDecrease,USD,2016-01-01,2016-06-30,20024000.0,10-Q,2016-07-29
us-gaap,CashAndCashEquivalentsPeriodIncreaseDecrease,USD,2016-01-01,2016-06-30,20024000.0,10-Q,2017-07-31
us-gaap,CashAndCashEquivalentsPeriodIncreaseDecrease,USD,2016-01-01,2016-09-30,814783000.0,10-Q,2016-11-08
us-gaap,CashAndCashEquivalentsPeriodIncreaseDecrease,USD,2016-01-01,2016-09-30,814783000.0,10-Q,2017-10-30
us-gaap,CashAndCashEquivalentsPeriodIncreaseDecrease,USD,2016-01-01,2016-12-31,537614000.0,10-K,2017-02-22
us-gaap,CashAndCashEquivalentsPeriodIncreaseDecrease,USD,2016-01-01,2016-12-31,538000000.0,10-K,2018-02-16
us-gaap,CashAndCashEquivalentsPeriodIncreaseDecrease,USD,2016-01-01,2016-12-31,538000000.0,10-K,2019-02-15
us-gaap,CashAndCashEquivalentsPeriodIncreaseDecrease,USD,2017-01-01,2017-03-31,-75957000.0,10-Q,2017-04-28
us-gaap,CashAndCashEquivalentsPeriodIncreaseDecrease,USD,2017-01-01,2017-03-31,-75000000.0,10-Q,2018-04-30
us-gaap,CashAndCashEquivalentsPeriodIncreaseDecrease,USD,2017-01-01,2017-06-30,130706000.0,10-Q,2017-07-31
us-gaap,CashAndCashEquivalentsPeriodIncreaseDecrease,USD,2017-01-01,2017-06-30,130000000.0,10-Q,2018-07-30
us-gaap,CashAndCashEquivalentsPeriodIncreaseDecrease,USD,2017-01-01,2017-09-30,-191032000.0,10-Q,2017-10-30
us-gaap,CashAndCashEquivalentsPeriodIncreaseDecrease,USD,2017-01-01,2017-09-30,-191000000.0,10-Q,2018-10-30
us-gaap,CashAndCashEquivalentsPeriodIncreaseDecrease,USD,2017-01-01,2017-12-31,135000000.0,10-K,2018-02-16
us-gaap,CashAndCashEquivalentsPeriodIncreaseDecrease,USD,2017-01-01,2017-12-31,135000000.0,10-K,2019-02-15
us-gaap,CashAndCashEquivalentsPeriodIncreaseDecrease,USD,2018-01-01,2018-03-31,-451000000.0,10-Q,2018-04-30
us-gaap,CashAndCashEquivalentsPeriodIncreaseDecrease,USD,2018-01-01,2018-03-31,-451000000.0,10-Q,2019-04-29
us-gaap,CashAndCashEquivalentsPeriodIncreaseDecrease,USD,2018-01-01,2018-06-30,-138000000.0,10-Q,2018-07-30
us-gaap,CashAndCashEquivalentsPeriodIncreaseDecrease,USD,2018-01-01,2018-06-30,-138000000.0,10-Q,2019-07-29
us-gaap,CashAndCashEquivalentsPeriodIncreaseDecrease,USD,2018-01-01,2018-09-30,-221000000.0,10-Q,2018-10-30
us-gaap,CashAndCashEquivalentsPeriodIncreaseDecrease,USD,2018-01-01,2018-09-30,-221000000.0,10-Q,2019-10-28
us-gaap,CashAndCashEquivalentsPeriodIncreaseDecrease,USD,2018-01-01,2018-12-31,1152000000.0,10-K,2019-02-15
us-gaap,CashAndCashEquivalentsPeriodIncreaseDecrease,USD,2019-01-01,2019-03-31,-1336000000.0,10-Q,2019-04-29
us-gaap,CashAndCashEquivalentsPeriodIncreaseDecrease,USD,2019-01-01,2019-06-30,-1074000000.0,10-Q,2019-07-29
us-gaap,CashAndCashEquivalentsPeriodIncreaseDecrease,USD,2019-01-01,2019-09-30,-1036000000.0,10-Q,2019-10-28
us-gaap,CashAndDueFromBanks,USD,,2008-12-31,844668000.0,10-K,2012-02-17
us-gaap,CashAndDueFromBanks,USD,,2009-06-30,2092604000.0,10-Q,2010-08-09
us-gaap,CashAndDueFromBanks,USD,,2009-09-30,1882108000.0,10-Q,2010-10-29
us-gaap,CashAndDueFromBanks,USD,,2009-12-31,1521344000.0,10-Q,2010-08-09
us-gaap,CashAndDueFromBanks,USD,,2009-12-31,1521344000.0,10-Q,2010-10-29
us-gaap,CashAndDueFromBanks,USD,,2009-12-31,1521344000.0,10-K,2011-02-18
us-gaap,CashAndDueFromBanks,USD,,2009-12-31,1521344000.0,10-Q,2011-10-31
us-gaap,CashAndDueFromBanks,USD,,2009-12-31,1521344000.0,10-K,2012-02-17
us-gaap,CashAndDueFromBanks,USD,,2009-12-31,1521344000.0,10-K,2013-02-15
us-gaap,CashAndDueFromBanks,USD,,2010-03-31,1310640000.0,10-Q,2011-04-29
us-gaap,CashAndDueFromBanks,USD,,2010-06-30,1125776000.0,10-Q,2010-08-09
us-gaap,CashAndDueFromBanks,USD,,2010-06-30,1125776000.0,10-Q,2011-08-08
us-gaap,CashAndDueFromBanks,USD,,2010-09-30,1139226000.0,10-Q,2010-10-29
us-gaap,CashAndDueFromBanks,USD,,2010-09-30,1139226000.0,10-Q,2011-10-31
us-gaap,CashAndDueFromBanks,USD,,2010-12-31,847888000.0,10-K,2011-02-18
us-gaap,CashAndDueFromBanks,USD,,2010-12-31,847888000.0,10-Q,2011-04-29
us-gaap,CashAndDueFromBanks,USD,,2010-12-31,847888000.0,10-Q,2011-08-08
us-gaap,CashAndDueFromBanks,USD,,2010-12-31,847888000.0,10-Q,2011-10-31
us-gaap,CashAndDueFromBanks,USD,,2010-12-31,847888000.0,10-K,2012-02-17
us-gaap,CashAndDueFromBanks,USD,,2010-12-31,847888000.0,10-K,2013-02-15
us-gaap,CashAndDueFromBanks,USD,,2011-03-31,1208820000.0,10-Q,2011-04-29
us-gaap,CashAndDueFromBanks,USD,,2011-03-31,1208820000.0,10-Q,2012-04-30
us-gaap,CashAndDueFromBanks,USD,,2011-06-30,983882000.0,10-Q,2011-08-08
us-gaap,CashAndDueFromBanks,USD,,2011-09-30,2190276000.0,10-Q,2011-10-31
us-gaap,CashAndDueFromBanks,USD,,2011-12-31,1115968000.0,10-K,2012-02-17
us-gaap,CashAndDueFromBanks,USD,,2011-12-31,1115968000.0,10-Q,2012-04-30
us-gaap,CashAndDueFromBanks,USD,,2011-12-31,1115968000.0,10-Q,2012-07-30
us-gaap,CashAndDueFromBanks,USD,,2011-12-31,1115968000.0,10-Q,2012-10-31
us-gaap,CashAndDueFromBanks,USD,,2011-12-31,1115968000.0,10-K,2013-02-15
us-gaap,CashAndDueFromBanks,USD,,2012-03-31,1111165000.0,10-Q,2012-04-30
us-gaap,CashAndDueFromBanks,USD,,2012-06-30,1218588000.0,10-Q,2012-07-30
us-gaap,CashAndDueFromBanks,USD,,2012-09-30,797601000.0,10-Q,2012-10-31
us-gaap,CashAndDueFromBanks,USD,,2012-12-31,1262806000.0,10-K,2013-02-15
us-gaap,CashAndDueFromBanks,USD,,2012-12-31,1262806000.0,10-Q,2013-04-29
us-gaap,CashAndDueFromBanks,USD,,2012-12-31,1262806000.0,10-Q,2013-07-29
us-gaap,CashAndDueFromBanks,USD,,2012-12-31,1262806000.0,10-Q,2013-11-07
us-gaap,CashAndDueFromBanks,USD,,2012-12-31,1262806000.0,10-K,2014-02-14
us-gaap,CashAndDueFromBanks,USD,,2012-12-31,1262806000.0,8-K,2014-05-28
us-gaap,CashAndDueFromBanks,USD,,2013-03-31,828688000.0,10-Q,2013-04-29
us-gaap,CashAndDueFromBanks,USD,,2013-06-30,993906000.0,10-Q,2013-07-29
us-gaap,CashAndDueFromBanks,USD,,2013-09-30,1107658000.0,10-Q,2013-11-07
us-gaap,CashAndDueFromBanks,USD,,2013-12-31,1001132000.0,10-K,2014-02-14
us-gaap,CashAndDueFromBanks,USD,,2013-12-31,1001132000.0,10-Q,2014-04-28
us-gaap,CashAndDueFromBanks,USD,,2013-12-31,1001132000.0,8-K,2014-05-28
us-gaap,CashAndDueFromBanks,USD,,2013-12-31,1001132000.0,10-Q,2014-07-30
us-gaap,CashAndDueFromBanks,USD,,2013-12-31,1001132000.0,10-Q,2014-10-28
us-gaap,CashAndDueFromBanks,USD,,2013-12-31,1001132000.0,10-K,2015-02-13
us-gaap,CashAndDueFromBanks,USD,,2014-03-31,973264000.0,10-Q,2014-04-28
us-gaap,CashAndDueFromBanks,USD,,2014-06-30,1218453000.0,10-Q,2014-07-30
us-gaap,CashAndDueFromBanks,USD,,2014-09-30,879862000.0,10-Q,2014-10-28
us-gaap,CashAndDueFromBanks,USD,,2014-12-31,1220565000.0,10-K,2015-02-13
us-gaap,CashAndDueFromBanks,USD,,2014-12-31,1220565000.0,10-Q,2015-05-05
us-gaap,CashAndDueFromBanks,USD,,2014-12-31,1220565000.0,10-Q,2015-08-04
us-gaap,CashAndDueFromBanks,USD,,2014-12-31,1220565000.0,10-Q,2015-10-30
us-gaap,CashAndDueFromBanks,USD,,2014-12-31,1220565000.0,10-Q/A,2015-12-18
us-gaap,CashAndDueFromBanks,USD,,2014-12-31,1220565000.0,10-K,2016-02-17
us-gaap,CashAndDueFromBanks,USD,,2015-03-31,899876000.0,10-Q,2015-05-05
us-gaap,CashAndDueFromBanks,USD,,2015-06-30,1379969000.0,10-Q,2015-08-04
us-gaap,CashAndDueFromBanks,USD,,2015-09-30,1024358000.0,10-Q,2015-10-30
us-gaap,CashAndDueFromBanks,USD,,2015-09-30,1024358000.0,10-Q/A,2015-12-18
us-gaap,CashAndDueFromBanks,USD,,2015-12-31,847156000.0,10-K,2016-02-17
us-gaap,CashAndDueFromBanks,USD,,2015-12-31,847156000.0,10-Q,2016-04-29
us-gaap,CashAndDueFromBanks,USD,,2015-12-31,847156000.0,10-Q,2016-07-29
us-gaap,CashAndDueFromBanks,USD,,2015-12-31,847156000.0,10-Q,2016-11-08
us-gaap,CashAndDueFromBanks,USD,,2015-12-31,847156000.0,10-K,2017-02-22
us-gaap,CashAndDueFromBanks,USD,,2016-03-31,816248000.0,10-Q,2016-04-29
us-gaap,CashAndDueFromBanks,USD,,2016-06-30,867180000.0,10-Q,2016-07-29
us-gaap,CashAndDueFromBanks,USD,,2016-09-30,1661939000.0,10-Q,2016-11-08
us-gaap,CashAndDueFromBanks,USD,,2016-12-31,1384770000.0,10-K,2017-02-22
us-gaap,CashAndDueFromBanks,USD,,2016-12-31,1384770000.0,10-Q,2017-04-28
us-gaap,CashAndDueFromBanks,USD,,2016-12-31,1384770000.0,10-Q,2017-07-31
us-gaap,CashAndDueFromBanks,USD,,2016-12-31,1384770000.0,10-Q,2017-10-30
us-gaap,CashAndDueFromBanks,USD,,2016-12-31,1385000000.0,10-K,2018-02-16
us-gaap,CashAndDueFromBanks,USD,,2017-03-31,1308813000.0,10-Q,2017-04-28
us-gaap,CashAndDueFromBanks,USD,,2017-06-30,1515476000.0,10-Q,2017-07-31
us-gaap,CashAndDueFromBanks,USD,,2017-09-30,1193738000.0,10-Q,2017-10-30
us-gaap,CashAndDueFromBanks,USD,,2017-12-31,1520000000.0,10-K,2018-02-16
us-gaap,CashAndDueFromBanks,USD,,2017-12-31,1520000000.0,10-Q,2018-04-30
us-gaap,CashAndDueFromBanks,USD,,2017-12-31,1520000000.0,10-Q,2018-07-30
us-gaap,CashAndDueFromBanks,USD,,2017-12-31,1520000000.0,10-Q,2018-10-30
us-gaap,CashAndDueFromBanks,USD,,2017-12-31,1212000000.0,10-K,2019-02-15
us-gaap,CashAndDueFromBanks,USD,,2018-03-31,1069000000.0,10-Q,2018-04-30
us-gaap,CashAndDueFromBanks,USD,,2018-06-30,1382000000.0,10-Q,2018-07-30
us-gaap,CashAndDueFromBanks,USD,,2018-09-30,1299000000.0,10-Q,2018-10-30
us-gaap,CashAndDueFromBanks,USD,,2018-12-31,1108000000.0,10-K,2019-02-15
us-gaap,CashAndDueFromBanks,USD,,2018-12-31,1108000000.0,10-Q,2019-04-29
us-gaap,CashAndDueFromBanks,USD,,2018-12-31,1108000000.0,10-Q,2019-07-29
us-gaap,CashAndDueFromBanks,USD,,2018-12-31,1108000000.0,10-Q,2019-10-28
us-gaap,CashAndDueFromBanks,USD,,2018-12-31,1108000000.0,10-K,2020-02-14
us-gaap,CashAndDueFromBanks,USD,,2019-03-31,804000000.0,10-Q,2019-04-29
us-gaap,CashAndDueFromBanks,USD,,2019-06-30,870000000.0,10-Q,2019-07-29
us-gaap,CashAndDueFromBanks,USD,,2019-09-30,1018000000.0,10-Q,2019-10-28
us-gaap,CashAndDueFromBanks,USD,,2019-12-31,1045000000.0,10-K,2020-02-14
us-gaap,CashAndDueFromBanks,USD,,2019-12-31,1045000000.0,10-Q,2020-05-01
us-gaap,CashAndDueFromBanks,USD,,2019-12-31,1045000000.0,10-Q,2020-07-31
us-gaap,CashAndDueFromBanks,USD,,2019-12-31,1045000000.0,10-Q,2020-10-30
us-gaap,CashAndDueFromBanks,USD,,2019-12-31,1045000000.0,10-K,2021-02-26
us-gaap,CashAndDueFromBanks,USD,,2020-03-31,1431000000.0,10-Q,2020-05-01
us-gaap,CashAndDueFromBanks,USD,,2020-06-30,1285000000.0,10-Q,2020-07-31
us-gaap,CashAndDueFromBanks,USD,,2020-09-30,1029000000.0,10-Q,2020-10-30
us-gaap,CashAndDueFromBanks,USD,,2020-12-31,1319000000.0,10-K,2021-02-26
us-gaap,CashAndDueFromBanks,USD,,2020-12-31,1319000000.0,10-Q,2021-04-30
us-gaap,CashAndDueFromBanks,USD,,2020-12-31,1319000000.0,10-Q,2021-08-06
us-gaap,CashAndDueFromBanks,USD,,2020-12-31,1319000000.0,10-Q,2021-11-05
us-gaap,CashAndDueFromBanks,USD,,2020-12-31,1319000000.0,10-K,2022-02-18
us-gaap,CashAndDueFromBanks,USD,,2021-03-31,1096000000.0,10-Q,2021-04-30
us-gaap,CashAndDueFromBanks,USD,,2021-06-30,1479000000.0,10-Q,2021-08-06
us-gaap,CashAndDueFromBanks,USD,,2021-09-30,1611000000.0,10-Q,2021-11-05
us-gaap,CashAndDueFromBanks,USD,,2021-12-31,1811000000.0,10-K,2022-02-18
us-gaap,CashAndDueFromBanks,USD,,2021-12-31,1811000000.0,10-Q,2022-04-29
us-gaap,CashAndDueFromBanks,USD,,2021-12-31,1811000000.0,10-Q,2022-07-29
us-gaap,CashAndDueFromBanks,USD,,2021-12-31,1811000000.0,10-Q,2022-10-28
us-gaap,CashAndDueFromBanks,USD,,2021-12-31,1811000000.0,10-K,2023-02-17
us-gaap,CashAndDueFromBanks,USD,,2022-03-31,1708000000.0,10-Q,2022-04-29
us-gaap,CashAndDueFromBanks,USD,,2022-06-30,1793000000.0,10-Q,2022-07-29
us-gaap,CashAndDueFromBanks,USD,,2022-09-30,1685000000.0,10-Q,2022-10-28
us-gaap,CashAndDueFromBanks,USD,,2022-12-31,1796000000.0,10-K,2023-02-17
us-gaap,CashAndDueFromBanks,USD,,2022-12-31,1796000000.0,10-Q,2023-04-28
us-gaap,CashAndDueFromBanks,USD,,2022-12-31,1796000000.0,10-Q,2023-07-28
us-gaap,CashAndDueFromBanks,USD,,2022-12-31,1796000000.0,10-Q,2023-10-27
us-gaap,CashAndDueFromBanks,USD,,2022-12-31,1796000000.0,10-K,2024-02-16
us-gaap,CashAndDueFromBanks,USD,,2023-03-31,1568000000.0,10-Q,2023-04-28
us-gaap,CashAndDueFromBanks,USD,,2023-06-30,1636000000.0,10-Q,2023-07-28
us-gaap,CashAndDueFromBanks,USD,,2023-09-30,1602000000.0,10-Q,2023-10-27
us-gaap,CashAndDueFromBanks,USD,,2023-12-31,1558000000.0,10-K,2024-02-16
us-gaap,CashAndDueFromBanks,USD,,2023-12-31,1558000000.0,10-Q,2024-04-30
us-gaap,CashAndDueFromBanks,USD,,2023-12-31,1558000000.0,10-Q,2024-07-30
us-gaap,CashAndDueFromBanks,USD,,2023-12-31,1558000000.0,10-Q,2024-10-29
us-gaap,CashAndDueFromBanks,USD,,2023-12-31,1558000000.0,10-K,2025-02-14
us-gaap,CashAndDueFromBanks,USD,,2024-03-31,1189000000.0,10-Q,2024-04-30
us-gaap,CashAndDueFromBanks,USD,,2024-06-30,1333000000.0,10-Q,2024-07-30
us-gaap,CashAndDueFromBanks,USD,,2024-09-30,1677000000.0,10-Q,2024-10-29
us-gaap,CashAndDueFromBanks,USD,,2024-12-31,1685000000.0,10-K,2025-02-14
us-gaap,CashAndDueFromBanks,USD,,2024-12-31,1685000000.0,10-Q,2025-04-29
us-gaap,CashAndDueFromBanks,USD,,2024-12-31,1685000000.0,10-Q,2025-07-29
us-gaap,CashAndDueFromBanks,USD,,2024-12-31,1685000000.0,10-Q,2025-10-28
us-gaap,CashAndDueFromBanks,USD,,2024-12-31,1685000000.0,10-K,2026-02-13
us-gaap,CashAndDueFromBanks,USD,,2025-03-31,1598000000.0,10-Q,2025-04-29
us-gaap,CashAndDueFromBanks,USD,,2025-06-30,1776000000.0,10-Q,2025-07-29
us-gaap,CashAndDueFromBanks,USD,,2025-09-30,1696000000.0,10-Q,2025-10-28
us-gaap,CashAndDueFromBanks,USD,,2025-12-31,1783000000.0,10-K,2026-02-13
us-gaap,CashAndDueFromBanks,USD,,2025-12-31,1783000000.0,10-Q,2026-04-30
us-gaap,CashAndDueFromBanks,USD,,2026-03-31,2096000000.0,10-Q,2026-04-30
us-gaap,CashCashEquivalentsRestrictedCashAndRestrictedCashEquivalents,USD,,2016-12-31,1385000000.0,10-K,2020-02-14
us-gaap,CashCashEquivalentsRestrictedCashAndRestrictedCashEquivalents,USD,,2017-12-31,1520000000.0,10-K,2020-02-14
us-gaap,CashCashEquivalentsRestrictedCashAndRestrictedCashEquivalents,USD,,2017-12-31,1520000000.0,10-K,2021-02-26
us-gaap,CashCashEquivalentsRestrictedCashAndRestrictedCashEquivalents,USD,,2018-12-31,2672000000.0,10-K,2020-02-14
us-gaap,CashCashEquivalentsRestrictedCashAndRestrictedCashEquivalents,USD,,2018-12-31,2672000000.0,10-Q,2020-05-01
us-gaap,CashCashEquivalentsRestrictedCashAndRestrictedCashEquivalents,USD,,2018-12-31,2672000000.0,10-Q,2020-07-31
us-gaap,CashCashEquivalentsRestrictedCashAndRestrictedCashEquivalents,USD,,2018-12-31,2672000000.0,10-Q,2020-10-30
us-gaap,CashCashEquivalentsRestrictedCashAndRestrictedCashEquivalents,USD,,2018-12-31,2672000000.0,10-K,2021-02-26
us-gaap,CashCashEquivalentsRestrictedCashAndRestrictedCashEquivalents,USD,,2018-12-31,2672000000.0,10-K,2022-02-18
us-gaap,CashCashEquivalentsRestrictedCashAndRestrictedCashEquivalents,USD,,2019-03-31,1336000000.0,10-Q,2020-05-01
us-gaap,CashCashEquivalentsRestrictedCashAndRestrictedCashEquivalents,USD,,2019-06-30,1598000000.0,10-Q,2020-07-31
us-gaap,CashCashEquivalentsRestrictedCashAndRestrictedCashEquivalents,USD,,2019-09-30,1636000000.0,10-Q,2020-10-30
us-gaap,CashCashEquivalentsRestrictedCashAndRestrictedCashEquivalents,USD,,2019-12-31,1170000000.0,10-K,2020-02-14
us-gaap,CashCashEquivalentsRestrictedCashAndRestrictedCashEquivalents,USD,,2019-12-31,1170000000.0,10-Q,2020-05-01
us-gaap,CashCashEquivalentsRestrictedCashAndRestrictedCashEquivalents,USD,,2019-12-31,1170000000.0,10-Q,2020-07-31
us-gaap,CashCashEquivalentsRestrictedCashAndRestrictedCashEquivalents,USD,,2019-12-31,1170000000.0,10-Q,2020-10-30
us-gaap,CashCashEquivalentsRestrictedCashAndRestrictedCashEquivalents,USD,,2019-12-31,1170000000.0,10-K,2021-02-26
us-gaap,CashCashEquivalentsRestrictedCashAndRestrictedCashEquivalents,USD,,2019-12-31,1170000000.0,10-Q,2021-04-30
us-gaap,CashCashEquivalentsRestrictedCashAndRestrictedCashEquivalents,USD,,2019-12-31,1170000000.0,10-Q,2021-08-06
us-gaap,CashCashEquivalentsRestrictedCashAndRestrictedCashEquivalents,USD,,2019-12-31,1170000000.0,10-Q,2021-11-05
us-gaap,CashCashEquivalentsRestrictedCashAndRestrictedCashEquivalents,USD,,2019-12-31,1170000000.0,10-K,2022-02-18
us-gaap,CashCashEquivalentsRestrictedCashAndRestrictedCashEquivalents,USD,,2019-12-31,1170000000.0,10-K,2023-02-17
us-gaap,CashCashEquivalentsRestrictedCashAndRestrictedCashEquivalents,USD,,2020-03-31,1767000000.0,10-Q,2020-05-01
us-gaap,CashCashEquivalentsRestrictedCashAndRestrictedCashEquivalents,USD,,2020-03-31,1767000000.0,10-Q,2021-04-30
us-gaap,CashCashEquivalentsRestrictedCashAndRestrictedCashEquivalents,USD,,2020-06-30,6293000000.0,10-Q,2020-07-31
us-gaap,CashCashEquivalentsRestrictedCashAndRestrictedCashEquivalents,USD,,2020-06-30,6293000000.0,10-Q,2021-08-06
us-gaap,CashCashEquivalentsRestrictedCashAndRestrictedCashEquivalents,USD,,2020-09-30,6275000000.0,10-Q,2020-10-30
us-gaap,CashCashEquivalentsRestrictedCashAndRestrictedCashEquivalents,USD,,2020-09-30,6275000000.0,10-Q,2021-11-05
us-gaap,CashCashEquivalentsRestrictedCashAndRestrictedCashEquivalents,USD,,2020-12-31,6595000000.0,10-K,2021-02-26
us-gaap,CashCashEquivalentsRestrictedCashAndRestrictedCashEquivalents,USD,,2020-12-31,6595000000.0,10-Q,2021-04-30
us-gaap,CashCashEquivalentsRestrictedCashAndRestrictedCashEquivalents,USD,,2020-12-31,6595000000.0,10-Q,2021-08-06
us-gaap,CashCashEquivalentsRestrictedCashAndRestrictedCashEquivalents,USD,,2020-12-31,6595000000.0,10-Q,2021-11-05
us-gaap,CashCashEquivalentsRestrictedCashAndRestrictedCashEquivalents,USD,,2020-12-31,6595000000.0,10-K,2022-02-18
us-gaap,CashCashEquivalentsRestrictedCashAndRestrictedCashEquivalents,USD,,2020-12-31,6595000000.0,10-Q,2022-04-29
us-gaap,CashCashEquivalentsRestrictedCashAndRestrictedCashEquivalents,USD,,2020-12-31,6595000000.0,10-Q,2022-07-29
us-gaap,CashCashEquivalentsRestrictedCashAndRestrictedCashEquivalents,USD,,2020-12-31,6595000000.0,10-Q,2022-10-28
us-gaap,CashCashEquivalentsRestrictedCashAndRestrictedCashEquivalents,USD,,2020-12-31,6595000000.0,10-K,2023-02-17
us-gaap,CashCashEquivalentsRestrictedCashAndRestrictedCashEquivalents,USD,,2020-12-31,6595000000.0,10-K,2024-02-16
us-gaap,CashCashEquivalentsRestrictedCashAndRestrictedCashEquivalents,USD,,2021-03-31,8589000000.0,10-Q,2021-04-30
us-gaap,CashCashEquivalentsRestrictedCashAndRestrictedCashEquivalents,USD,,2021-03-31,8589000000.0,10-Q,2022-04-29
us-gaap,CashCashEquivalentsRestrictedCashAndRestrictedCashEquivalents,USD,,2021-06-30,13255000000.0,10-Q,2021-08-06
us-gaap,CashCashEquivalentsRestrictedCashAndRestrictedCashEquivalents,USD,,2021-06-30,13255000000.0,10-Q,2022-07-29
us-gaap,CashCashEquivalentsRestrictedCashAndRestrictedCashEquivalents,USD,,2021-09-30,9745000000.0,10-Q,2021-11-05
us-gaap,CashCashEquivalentsRestrictedCashAndRestrictedCashEquivalents,USD,,2021-09-30,9745000000.0,10-Q,2022-10-28
us-gaap,CashCashEquivalentsRestrictedCashAndRestrictedCashEquivalents,USD,,2021-12-31,5522000000.0,10-K,2022-02-18
us-gaap,CashCashEquivalentsRestrictedCashAndRestrictedCashEquivalents,USD,,2021-12-31,5522000000.0,10-Q,2022-04-29
us-gaap,CashCashEquivalentsRestrictedCashAndRestrictedCashEquivalents,USD,,2021-12-31,5522000000.0,10-Q,2022-07-29
us-gaap,CashCashEquivalentsRestrictedCashAndRestrictedCashEquivalents,USD,,2021-12-31,5522000000.0,10-Q,2022-10-28
us-gaap,CashCashEquivalentsRestrictedCashAndRestrictedCashEquivalents,USD,,2021-12-31,5522000000.0,10-K,2023-02-17
us-gaap,CashCashEquivalentsRestrictedCashAndRestrictedCashEquivalents,USD,,2021-12-31,5522000000.0,10-Q,2023-04-28
us-gaap,CashCashEquivalentsRestrictedCashAndRestrictedCashEquivalents,USD,,2021-12-31,5522000000.0,10-Q,2023-07-28
us-gaap,CashCashEquivalentsRestrictedCashAndRestrictedCashEquivalents,USD,,2021-12-31,5522000000.0,10-Q,2023-10-27
us-gaap,CashCashEquivalentsRestrictedCashAndRestrictedCashEquivalents,USD,,2021-12-31,5522000000.0,10-K,2024-02-16
us-gaap,CashCashEquivalentsRestrictedCashAndRestrictedCashEquivalents,USD,,2021-12-31,5522000000.0,10-K,2025-02-14
us-gaap,CashCashEquivalentsRestrictedCashAndRestrictedCashEquivalents,USD,,2022-03-31,4524000000.0,10-Q,2022-04-29
us-gaap,CashCashEquivalentsRestrictedCashAndRestrictedCashEquivalents,USD,,2022-03-31,4524000000.0,10-Q,2023-04-28
us-gaap,CashCashEquivalentsRestrictedCashAndRestrictedCashEquivalents,USD,,2022-06-30,3908000000.0,10-Q,2022-07-29
us-gaap,CashCashEquivalentsRestrictedCashAndRestrictedCashEquivalents,USD,,2022-06-30,3908000000.0,10-Q,2023-07-28
us-gaap,CashCashEquivalentsRestrictedCashAndRestrictedCashEquivalents,USD,,2022-09-30,4376000000.0,10-Q,2022-10-28
us-gaap,CashCashEquivalentsRestrictedCashAndRestrictedCashEquivalents,USD,,2022-09-30,4376000000.0,10-Q,2023-10-27
us-gaap,CashCashEquivalentsRestrictedCashAndRestrictedCashEquivalents,USD,,2022-12-31,6704000000.0,10-K,2023-02-17
us-gaap,CashCashEquivalentsRestrictedCashAndRestrictedCashEquivalents,USD,,2022-12-31,6704000000.0,10-Q,2023-04-28
us-gaap,CashCashEquivalentsRestrictedCashAndRestrictedCashEquivalents,USD,,2022-12-31,6704000000.0,10-Q,2023-07-28
us-gaap,CashCashEquivalentsRestrictedCashAndRestrictedCashEquivalents,USD,,2022-12-31,6704000000.0,10-Q,2023-10-27
us-gaap,CashCashEquivalentsRestrictedCashAndRestrictedCashEquivalents,USD,,2022-12-31,6704000000.0,10-K,2024-02-16
us-gaap,CashCashEquivalentsRestrictedCashAndRestrictedCashEquivalents,USD,,2022-12-31,6704000000.0,10-Q,2024-04-30
us-gaap,CashCashEquivalentsRestrictedCashAndRestrictedCashEquivalents,USD,,2022-12-31,6704000000.0,10-Q,2024-07-30
us-gaap,CashCashEquivalentsRestrictedCashAndRestrictedCashEquivalents,USD,,2022-12-31,6704000000.0,10-Q,2024-10-29
us-gaap,CashCashEquivalentsRestrictedCashAndRestrictedCashEquivalents,USD,,2022-12-31,6704000000.0,10-K,2025-02-14
us-gaap,CashCashEquivalentsRestrictedCashAndRestrictedCashEquivalents,USD,,2022-12-31,6704000000.0,10-K,2026-02-13
us-gaap,CashCashEquivalentsRestrictedCashAndRestrictedCashEquivalents,USD,,2023-03-31,10369000000.0,10-Q,2023-04-28
us-gaap,CashCashEquivalentsRestrictedCashAndRestrictedCashEquivalents,USD,,2023-03-31,10369000000.0,10-Q,2024-04-30
us-gaap,CashCashEquivalentsRestrictedCashAndRestrictedCashEquivalents,USD,,2023-06-30,11079000000.0,10-Q,2023-07-28
us-gaap,CashCashEquivalentsRestrictedCashAndRestrictedCashEquivalents,USD,,2023-06-30,11079000000.0,10-Q,2024-07-30
us-gaap,CashCashEquivalentsRestrictedCashAndRestrictedCashEquivalents,USD,,2023-09-30,11435000000.0,10-Q,2023-10-27
us-gaap,CashCashEquivalentsRestrictedCashAndRestrictedCashEquivalents,USD,,2023-09-30,11435000000.0,10-Q,2024-10-29
us-gaap,CashCashEquivalentsRestrictedCashAndRestrictedCashEquivalents,USD,,2023-12-31,10129000000.0,10-K,2024-02-16
us-gaap,CashCashEquivalentsRestrictedCashAndRestrictedCashEquivalents,USD,,2023-12-31,10129000000.0,10-Q,2024-04-30
us-gaap,CashCashEquivalentsRestrictedCashAndRestrictedCashEquivalents,USD,,2023-12-31,10129000000.0,10-Q,2024-07-30
us-gaap,CashCashEquivalentsRestrictedCashAndRestrictedCashEquivalents,USD,,2023-12-31,10129000000.0,10-Q,2024-10-29
us-gaap,CashCashEquivalentsRestrictedCashAndRestrictedCashEquivalents,USD,,2023-12-31,10129000000.0,10-K,2025-02-14
us-gaap,CashCashEquivalentsRestrictedCashAndRestrictedCashEquivalents,USD,,2023-12-31,10129000000.0,10-Q,2025-04-29
us-gaap,CashCashEquivalentsRestrictedCashAndRestrictedCashEquivalents,USD,,2023-12-31,10129000000.0,10-Q,2025-07-29
us-gaap,CashCashEquivalentsRestrictedCashAndRestrictedCashEquivalents,USD,,2023-12-31,10129000000.0,10-Q,2025-10-28
us-gaap,CashCashEquivalentsRestrictedCashAndRestrictedCashEquivalents,USD,,2023-12-31,10129000000.0,10-K,2026-02-13
us-gaap,CashCashEquivalentsRestrictedCashAndRestrictedCashEquivalents,USD,,2024-03-31,12180000000.0,10-Q,2024-04-30
us-gaap,CashCashEquivalentsRestrictedCashAndRestrictedCashEquivalents,USD,,2024-03-31,12180000000.0,10-Q,2025-04-29
us-gaap,CashCashEquivalentsRestrictedCashAndRestrictedCashEquivalents,USD,,2024-06-30,12546000000.0,10-Q,2024-07-30
us-gaap,CashCashEquivalentsRestrictedCashAndRestrictedCashEquivalents,USD,,2024-06-30,12546000000.0,10-Q,2025-07-29
us-gaap,CashCashEquivalentsRestrictedCashAndRestrictedCashEquivalents,USD,,2024-09-30,12585000000.0,10-Q,2024-10-29
us-gaap,CashCashEquivalentsRestrictedCashAndRestrictedCashEquivalents,USD,,2024-09-30,12585000000.0,10-Q,2025-10-28
us-gaap,CashCashEquivalentsRestrictedCashAndRestrictedCashEquivalents,USD,,2024-12-31,12847000000.0,10-K,2025-02-14
us-gaap,CashCashEquivalentsRestrictedCashAndRestrictedCashEquivalents,USD,,2024-12-31,12847000000.0,10-Q,2025-04-29
us-gaap,CashCashEquivalentsRestrictedCashAndRestrictedCashEquivalents,USD,,2024-12-31,12847000000.0,10-Q,2025-07-29
us-gaap,CashCashEquivalentsRestrictedCashAndRestrictedCashEquivalents,USD,,2024-12-31,12847000000.0,10-Q,2025-10-28
us-gaap,CashCashEquivalentsRestrictedCashAndRestrictedCashEquivalents,USD,,2024-12-31,12847000000.0,10-K,2026-02-13
us-gaap,CashCashEquivalentsRestrictedCashAndRestrictedCashEquivalents,USD,,2024-12-31,12847000000.0,10-Q,2026-04-30
us-gaap,CashCashEquivalentsRestrictedCashAndRestrictedCashEquivalents,USD,,2025-03-31,15310000000.0,10-Q,2025-04-29
us-gaap,CashCashEquivalentsRestrictedCashAndRestrictedCashEquivalents,USD,,2025-03-31,15310000000.0,10-Q,2026-04-30
us-gaap,CashCashEquivalentsRestrictedCashAndRestrictedCashEquivalents,USD,,2025-06-30,10359000000.0,10-Q,2025-07-29
us-gaap,CashCashEquivalentsRestrictedCashAndRestrictedCashEquivalents,USD,,2025-09-30,12738000000.0,10-Q,2025-10-28
us-gaap,CashCashEquivalentsRestrictedCashAndRestrictedCashEquivalents,USD,,2025-12-31,13495000000.0,10-K,2026-02-13
us-gaap,CashCashEquivalentsRestrictedCashAndRestrictedCashEquivalents,USD,,2025-12-31,13495000000.0,10-Q,2026-04-30
us-gaap,CashCashEquivalentsRestrictedCashAndRestrictedCashEquivalents,USD,,2026-03-31,19186000000.0,10-Q,2026-04-30
us-gaap,CashCashEquivalentsRestrictedCashAndRestrictedCashEquivalentsPeriodIncreaseDecreaseIncludingExchangeRateEffect,USD,2017-01-01,2017-12-31,135000000.0,10-K,2020-02-14
us-gaap,CashCashEquivalentsRestrictedCashAndRestrictedCashEquivalentsPeriodIncreaseDecreaseIncludingExchangeRateEffect,USD,2018-01-01,2018-12-31,1152000000.0,10-K,2020-02-14
us-gaap,CashCashEquivalentsRestrictedCashAndRestrictedCashEquivalentsPeriodIncreaseDecreaseIncludingExchangeRateEffect,USD,2018-01-01,2018-12-31,1152000000.0,10-K,2021-02-26
us-gaap,CashCashEquivalentsRestrictedCashAndRestrictedCashEquivalentsPeriodIncreaseDecreaseIncludingExchangeRateEffect,USD,2019-01-01,2019-03-31,-1336000000.0,10-Q,2020-05-01
us-gaap,CashCashEquivalentsRestrictedCashAndRestrictedCashEquivalentsPeriodIncreaseDecreaseIncludingExchangeRateEffect,USD,2019-01-01,2019-06-30,-1074000000.0,10-Q,2020-07-31
us-gaap,CashCashEquivalentsRestrictedCashAndRestrictedCashEquivalentsPeriodIncreaseDecreaseIncludingExchangeRateEffect,USD,2019-01-01,2019-09-30,-1036000000.0,10-Q,2020-10-30
us-gaap,CashCashEquivalentsRestrictedCashAndRestrictedCashEquivalentsPeriodIncreaseDecreaseIncludingExchangeRateEffect,USD,2019-01-01,2019-12-31,-1502000000.0,10-K,2020-02-14
us-gaap,CashCashEquivalentsRestrictedCashAndRestrictedCashEquivalentsPeriodIncreaseDecreaseIncludingExchangeRateEffect,USD,2019-01-01,2019-12-31,-1502000000.0,10-K,2021-02-26
us-gaap,CashCashEquivalentsRestrictedCashAndRestrictedCashEquivalentsPeriodIncreaseDecreaseIncludingExchangeRateEffect,USD,2019-01-01,2019-12-31,-1502000000.0,10-K,2022-02-18
us-gaap,CashCashEquivalentsRestrictedCashAndRestrictedCashEquivalentsPeriodIncreaseDecreaseIncludingExchangeRateEffect,USD,2020-01-01,2020-03-31,597000000.0,10-Q,2020-05-01
us-gaap,CashCashEquivalentsRestrictedCashAndRestrictedCashEquivalentsPeriodIncreaseDecreaseIncludingExchangeRateEffect,USD,2020-01-01,2020-03-31,597000000.0,10-Q,2021-04-30
us-gaap,CashCashEquivalentsRestrictedCashAndRestrictedCashEquivalentsPeriodIncreaseDecreaseIncludingExchangeRateEffect,USD,2020-01-01,2020-06-30,5123000000.0,10-Q,2020-07-31
us-gaap,CashCashEquivalentsRestrictedCashAndRestrictedCashEquivalentsPeriodIncreaseDecreaseIncludingExchangeRateEffect,USD,2020-01-01,2020-06-30,5123000000.0,10-Q,2021-08-06
us-gaap,CashCashEquivalentsRestrictedCashAndRestrictedCashEquivalentsPeriodIncreaseDecreaseIncludingExchangeRateEffect,USD,2020-01-01,2020-09-30,5105000000.0,10-Q,2020-10-30
us-gaap,CashCashEquivalentsRestrictedCashAndRestrictedCashEquivalentsPeriodIncreaseDecreaseIncludingExchangeRateEffect,USD,2020-01-01,2020-09-30,5105000000.0,10-Q,2021-11-05
us-gaap,CashCashEquivalentsRestrictedCashAndRestrictedCashEquivalentsPeriodIncreaseDecreaseIncludingExchangeRateEffect,USD,2020-01-01,2020-12-31,5425000000.0,10-K,2021-02-26
us-gaap,CashCashEquivalentsRestrictedCashAndRestrictedCashEquivalentsPeriodIncreaseDecreaseIncludingExchangeRateEffect,USD,2020-01-01,2020-12-31,5425000000.0,10-K,2022-02-18
us-gaap,CashCashEquivalentsRestrictedCashAndRestrictedCashEquivalentsPeriodIncreaseDecreaseIncludingExchangeRateEffect,USD,2020-01-01,2020-12-31,5425000000.0,10-K,2023-02-17
us-gaap,CashCashEquivalentsRestrictedCashAndRestrictedCashEquivalentsPeriodIncreaseDecreaseIncludingExchangeRateEffect,USD,2021-01-01,2021-03-31,1994000000.0,10-Q,2021-04-30
us-gaap,CashCashEquivalentsRestrictedCashAndRestrictedCashEquivalentsPeriodIncreaseDecreaseIncludingExchangeRateEffect,USD,2021-01-01,2021-03-31,1994000000.0,10-Q,2022-04-29
us-gaap,CashCashEquivalentsRestrictedCashAndRestrictedCashEquivalentsPeriodIncreaseDecreaseIncludingExchangeRateEffect,USD,2021-01-01,2021-06-30,6660000000.0,10-Q,2021-08-06
us-gaap,CashCashEquivalentsRestrictedCashAndRestrictedCashEquivalentsPeriodIncreaseDecreaseIncludingExchangeRateEffect,USD,2021-01-01,2021-06-30,6660000000.0,10-Q,2022-07-29
us-gaap,CashCashEquivalentsRestrictedCashAndRestrictedCashEquivalentsPeriodIncreaseDecreaseIncludingExchangeRateEffect,USD,2021-01-01,2021-09-30,3150000000.0,10-Q,2021-11-05
us-gaap,CashCashEquivalentsRestrictedCashAndRestrictedCashEquivalentsPeriodIncreaseDecreaseIncludingExchangeRateEffect,USD,2021-01-01,2021-09-30,3150000000.0,10-Q,2022-10-28
us-gaap,CashCashEquivalentsRestrictedCashAndRestrictedCashEquivalentsPeriodIncreaseDecreaseIncludingExchangeRateEffect,USD,2021-01-01,2021-12-31,-1073000000.0,10-K,2022-02-18
us-gaap,CashCashEquivalentsRestrictedCashAndRestrictedCashEquivalentsPeriodIncreaseDecreaseIncludingExchangeRateEffect,USD,2021-01-01,2021-12-31,-1073000000.0,10-K,2023-02-17
us-gaap,CashCashEquivalentsRestrictedCashAndRestrictedCashEquivalentsPeriodIncreaseDecreaseIncludingExchangeRateEffect,USD,2021-01-01,2021-12-31,-1073000000.0,10-K,2024-02-16
us-gaap,CashCashEquivalentsRestrictedCashAndRestrictedCashEquivalentsPeriodIncreaseDecreaseIncludingExchangeRateEffect,USD,2022-01-01,2022-03-31,-998000000.0,10-Q,2022-04-29
us-gaap,CashCashEquivalentsRestrictedCashAndRestrictedCashEquivalentsPeriodIncreaseDecreaseIncludingExchangeRateEffect,USD,2022-01-01,2022-03-31,-998000000.0,10-Q,2023-04-28
us-gaap,CashCashEquivalentsRestrictedCashAndRestrictedCashEquivalentsPeriodIncreaseDecreaseIncludingExchangeRateEffect,USD,2022-01-01,2022-06-30,-1614000000.0,10-Q,2022-07-29
us-gaap,CashCashEquivalentsRestrictedCashAndRestrictedCashEquivalentsPeriodIncreaseDecreaseIncludingExchangeRateEffect,USD,2022-01-01,2022-06-30,-1614000000.0,10-Q,2023-07-28
us-gaap,CashCashEquivalentsRestrictedCashAndRestrictedCashEquivalentsPeriodIncreaseDecreaseIncludingExchangeRateEffect,USD,2022-01-01,2022-09-30,-1146000000.0,10-Q,2022-10-28
us-gaap,CashCashEquivalentsRestrictedCashAndRestrictedCashEquivalentsPeriodIncreaseDecreaseIncludingExchangeRateEffect,USD,2022-01-01,2022-09-30,-1146000000.0,10-Q,2023-10-27
us-gaap,CashCashEquivalentsRestrictedCashAndRestrictedCashEquivalentsPeriodIncreaseDecreaseIncludingExchangeRateEffect,USD,2022-01-01,2022-12-31,1182000000.0,10-K,2023-02-17
us-gaap,CashCashEquivalentsRestrictedCashAndRestrictedCashEquivalentsPeriodIncreaseDecreaseIncludingExchangeRateEffect,USD,2022-01-01,2022-12-31,1182000000.0,10-K,2024-02-16
us-gaap,CashCashEquivalentsRestrictedCashAndRestrictedCashEquivalentsPeriodIncreaseDecreaseIncludingExchangeRateEffect,USD,2022-01-01,2022-12-31,1182000000.0,10-K,2025-02-14
us-gaap,CashCashEquivalentsRestrictedCashAndRestrictedCashEquivalentsPeriodIncreaseDecreaseIncludingExchangeRateEffect,USD,2023-01-01,2023-03-31,3665000000.0,10-Q,2023-04-28
us-gaap,CashCashEquivalentsRestrictedCashAndRestrictedCashEquivalentsPeriodIncreaseDecreaseIncludingExchangeRateEffect,USD,2023-01-01,2023-03-31,3665000000.0,10-Q,2024-04-30
us-gaap,CashCashEquivalentsRestrictedCashAndRestrictedCashEquivalentsPeriodIncreaseDecreaseIncludingExchangeRateEffect,USD,2023-01-01,2023-06-30,4375000000.0,10-Q,2023-07-28
us-gaap,CashCashEquivalentsRestrictedCashAndRestrictedCashEquivalentsPeriodIncreaseDecreaseIncludingExchangeRateEffect,USD,2023-01-01,2023-06-30,4375000000.0,10-Q,2024-07-30
us-gaap,CashCashEquivalentsRestrictedCashAndRestrictedCashEquivalentsPeriodIncreaseDecreaseIncludingExchangeRateEffect,USD,2023-01-01,2023-09-30,4731000000.0,10-Q,2023-10-27
us-gaap,CashCashEquivalentsRestrictedCashAndRestrictedCashEquivalentsPeriodIncreaseDecreaseIncludingExchangeRateEffect,USD,2023-01-01,2023-09-30,4731000000.0,10-Q,2024-10-29
us-gaap,CashCashEquivalentsRestrictedCashAndRestrictedCashEquivalentsPeriodIncreaseDecreaseIncludingExchangeRateEffect,USD,2023-01-01,2023-12-31,3425000000.0,10-K,2024-02-16
us-gaap,CashCashEquivalentsRestrictedCashAndRestrictedCashEquivalentsPeriodIncreaseDecreaseIncludingExchangeRateEffect,USD,2023-01-01,2023-12-31,3425000000.0,10-K,2025-02-14
us-gaap,CashCashEquivalentsRestrictedCashAndRestrictedCashEquivalentsPeriodIncreaseDecreaseIncludingExchangeRateEffect,USD,2023-01-01,2023-12-31,3425000000.0,10-K,2026-02-13
us-gaap,CashCashEquivalentsRestrictedCashAndRestrictedCashEquivalentsPeriodIncreaseDecreaseIncludingExchangeRateEffect,USD,2024-01-01,2024-03-31,2051000000.0,10-Q,2024-04-30
us-gaap,CashCashEquivalentsRestrictedCashAndRestrictedCashEquivalentsPeriodIncreaseDecreaseIncludingExchangeRateEffect,USD,2024-01-01,2024-03-31,2051000000.0,10-Q,2025-04-29
us-gaap,CashCashEquivalentsRestrictedCashAndRestrictedCashEquivalentsPeriodIncreaseDecreaseIncludingExchangeRateEffect,USD,2024-01-01,2024-06-30,2417000000.0,10-Q,2024-07-30
us-gaap,CashCashEquivalentsRestrictedCashAndRestrictedCashEquivalentsPeriodIncreaseDecreaseIncludingExchangeRateEffect,USD,2024-01-01,2024-06-30,2417000000.0,10-Q,2025-07-29
us-gaap,CashCashEquivalentsRestrictedCashAndRestrictedCashEquivalentsPeriodIncreaseDecreaseIncludingExchangeRateEffect,USD,2024-01-01,2024-09-30,2456000000.0,10-Q,2024-10-29
us-gaap,CashCashEquivalentsRestrictedCashAndRestrictedCashEquivalentsPeriodIncreaseDecreaseIncludingExchangeRateEffect,USD,2024-01-01,2024-09-30,2456000000.0,10-Q,2025-10-28
us-gaap,CashCashEquivalentsRestrictedCashAndRestrictedCashEquivalentsPeriodIncreaseDecreaseIncludingExchangeRateEffect,USD,2024-01-01,2024-12-31,2718000000.0,10-K,2025-02-14
us-gaap,CashCashEquivalentsRestrictedCashAndRestrictedCashEquivalentsPeriodIncreaseDecreaseIncludingExchangeRateEffect,USD,2024-01-01,2024-12-31,2718000000.0,10-K,2026-02-13
us-gaap,CashCashEquivalentsRestrictedCashAndRestrictedCashEquivalentsPeriodIncreaseDecreaseIncludingExchangeRateEffect,USD,2025-01-01,2025-03-31,2463000000.0,10-Q,2025-04-29
us-gaap,CashCashEquivalentsRestrictedCashAndRestrictedCashEquivalentsPeriodIncreaseDecreaseIncludingExchangeRateEffect,USD,2025-01-01,2025-03-31,2463000000.0,10-Q,2026-04-30
us-gaap,CashCashEquivalentsRestrictedCashAndRestrictedCashEquivalentsPeriodIncreaseDecreaseIncludingExchangeRateEffect,USD,2025-01-01,2025-06-30,-2488000000.0,10-Q,2025-07-29
us-gaap,CashCashEquivalentsRestrictedCashAndRestrictedCashEquivalentsPeriodIncreaseDecreaseIncludingExchangeRateEffect,USD,2025-01-01,2025-09-30,-109000000.0,10-Q,2025-10-28
us-gaap,CashCashEquivalentsRestrictedCashAndRestrictedCashEquivalentsPeriodIncreaseDecreaseIncludingExchangeRateEffect,USD,2025-01-01,2025-12-31,648000000.0,10-K,2026-02-13
us-gaap,CashCashEquivalentsRestrictedCashAndRestrictedCashEquivalentsPeriodIncreaseDecreaseIncludingExchangeRateEffect,USD,2026-01-01,2026-03-31,5691000000.0,10-Q,2026-04-30
us-gaap,CashDividendsPaidToParentCompany,USD,2015-01-01,2015-12-31,822000000.0,10-K,2016-02-17
us-gaap,CashDividendsPaidToParentCompany,USD,2016-01-01,2016-12-31,638000000.0,10-K,2017-02-22
us-gaap,CashDividendsPaidToParentCompany,USD,2017-01-01,2017-12-31,724000000.0,10-K,2018-02-16
us-gaap,CashDividendsPaidToParentCompany,USD,2018-01-01,2018-12-31,2000000000.0,10-K,2019-02-15
us-gaap,CashDividendsPaidToParentCompany,USD,2019-01-01,2019-12-31,700000000.0,10-K,2020-02-14
us-gaap,CashDividendsPaidToParentCompany,USD,2020-01-01,2020-12-31,1500000000.0,10-K,2021-02-26
us-gaap,CashDividendsPaidToParentCompany,USD,2021-01-01,2021-12-31,1400000000.0,10-K,2022-02-18
us-gaap,CashFlowHedgeGainLossToBeReclassifiedWithinTwelveMonths,USD,2020-01-01,2020-12-31,37000000.0,10-K,2021-02-26
us-gaap,CashFlowHedgeGainLossToBeReclassifiedWithinTwelveMonths,USD,2021-01-01,2021-12-31,24000000.0,10-K,2022-02-18
us-gaap,CashFlowHedgeGainLossToBeReclassifiedWithinTwelveMonths,USD,2022-01-01,2022-12-31,10000000.0,10-K,2023-02-17
us-gaap,CashFlowHedgeGainLossToBeReclassifiedWithinTwelveMonths,USD,2023-01-01,2023-03-31,-181000000.0,10-Q,2023-04-28
us-gaap,CashFlowHedgeGainLossToBeReclassifiedWithinTwelveMonths,USD,2023-01-01,2023-06-30,-176000000.0,10-Q,2023-07-28
us-gaap,CashFlowHedgeGainLossToBeReclassifiedWithinTwelveMonths,USD,2023-01-01,2023-09-30,-261000000.0,10-Q,2023-10-27
us-gaap,CashFlowHedgeGainLossToBeReclassifiedWithinTwelveMonths,USD,2023-01-01,2023-12-31,-236000000.0,10-K,2024-02-16
us-gaap,CashFlowHedgeGainLossToBeReclassifiedWithinTwelveMonths,USD,2024-01-01,2024-03-31,174000000.0,10-Q,2024-04-30
us-gaap,CashFlowHedgeGainLossToBeReclassifiedWithinTwelveMonths,USD,2024-01-01,2024-06-30,137000000.0,10-Q,2024-07-30
us-gaap,CashFlowHedgeGainLossToBeReclassifiedWithinTwelveMonths,USD,2024-01-01,2024-09-30,85000000.0,10-Q,2024-10-29
us-gaap,CashFlowHedgeGainLossToBeReclassifiedWithinTwelveMonths,USD,2024-01-01,2024-12-31,-43000000.0,10-K,2025-02-14
us-gaap,CashFlowHedgeGainLossToBeReclassifiedWithinTwelveMonths,USD,2025-01-01,2025-03-31,30000000.0,10-Q,2025-04-29
us-gaap,CashFlowHedgeGainLossToBeReclassifiedWithinTwelveMonths,USD,2025-01-01,2025-06-30,23000000.0,10-Q,2025-07-29
us-gaap,CashFlowHedgeGainLossToBeReclassifiedWithinTwelveMonths,USD,2025-01-01,2025-09-30,19000000.0,10-Q,2025-10-28
us-gaap,CashFlowHedgeGainLossToBeReclassifiedWithinTwelveMonths,USD,2025-01-01,2025-12-31,-15000000.0,10-K,2026-02-13
us-gaap,CashFlowHedgeGainLossToBeReclassifiedWithinTwelveMonths,USD,2026-01-01,2026-03-31,-11000000.0,10-Q,2026-04-30
us-gaap,CashProvidedByUsedInInvestingActivitiesDiscontinuedOperations,USD,2014-01-01,2014-12-31,0.0,10-K,2017-02-22
us-gaap,CashProvidedByUsedInInvestingActivitiesDiscontinuedOperations,USD,2015-01-01,2015-12-31,0.0,10-K,2017-02-22
us-gaap,CashProvidedByUsedInInvestingActivitiesDiscontinuedOperations,USD,2015-01-01,2015-12-31,0.0,10-K,2018-02-16
us-gaap,CashProvidedByUsedInInvestingActivitiesDiscontinuedOperations,USD,2016-01-01,2016-12-31,-479571000.0,10-K,2017-02-22
us-gaap,CashProvidedByUsedInInvestingActivitiesDiscontinuedOperations,USD,2016-01-01,2016-12-31,-480000000.0,10-K,2018-02-16
us-gaap,CashProvidedByUsedInInvestingActivitiesDiscontinuedOperations,USD,2017-01-01,2017-12-31,0.0,10-K,2018-02-16
us-gaap,CommonEquityTierOneCapital,USD,,2016-12-31,7486000000.0,10-K,2018-02-16
us-gaap,CommonEquityTierOneCapital,USD,,2017-12-31,8041000000.0,10-K,2018-02-16
us-gaap,CommonEquityTierOneCapital,USD,,2017-12-31,8041000000.0,10-K,2019-02-15
us-gaap,CommonEquityTierOneCapital,USD,,2018-12-31,8271000000.0,10-K,2019-02-15
us-gaap,CommonEquityTierOneCapital,USD,,2018-12-31,8271000000.0,10-K,2020-02-14
us-gaap,CommonEquityTierOneCapital,USD,,2019-12-31,8647000000.0,10-K,2020-02-14
us-gaap,CommonEquityTierOneCapital,USD,,2019-12-31,8647000000.0,10-K,2021-02-26
us-gaap,CommonEquityTierOneCapital,USD,,2020-12-31,8887000000.0,10-K,2021-02-26
us-gaap,CommonEquityTierOneCapital,USD,,2020-12-31,8887000000.0,10-K,2022-02-18
us-gaap,CommonEquityTierOneCapital,USD,,2021-12-31,12249000000.0,10-K,2022-02-18
us-gaap,CommonEquityTierOneCapital,USD,,2021-12-31,12249000000.0,10-K,2023-02-17
us-gaap,CommonEquityTierOneCapital,USD,,2022-12-31,13290000000.0,10-K,2023-02-17
us-gaap,CommonEquityTierOneCapital,USD,,2022-12-31,13290000000.0,10-K,2024-02-16
us-gaap,CommonEquityTierOneCapital,USD,,2023-12-31,14212000000.0,10-K,2024-02-16
us-gaap,CommonEquityTierOneCapital,USD,,2023-12-31,14212000000.0,10-K,2025-02-14
us-gaap,CommonEquityTierOneCapital,USD,,2024-12-31,15127000000.0,10-K,2025-02-14
us-gaap,CommonEquityTierOneCapital,USD,,2024-12-31,15127000000.0,10-K,2026-02-13
us-gaap,CommonEquityTierOneCapital,USD,,2025-12-31,17286000000.0,10-K,2026-02-13
us-gaap,CommonEquityTierOneCapitalRatio,pure,,2016-12-31,0.0956,10-K,2018-02-16
us-gaap,CommonEquityTierOneCapitalRatio,pure,,2017-12-31,0.1001,10-K,2018-02-16
us-gaap,CommonEquityTierOneCapitalRatio,pure,,2017-12-31,0.1001,10-K,2019-02-15
us-gaap,CommonEquityTierOneCapitalRatio,pure,,2018-12-31,0.0965,10-K,2019-02-15
us-gaap,CommonEquityTierOneCapitalRatio,pure,,2019-12-31,0.0988,10-K,2021-02-26
us-gaap,CommonEquityTierOneCapitalRatio,pure,,2020-12-31,0.1,10-K,2021-02-26
us-gaap,CommonEquityTierOneCapitalRatio,pure,,2020-12-31,0.1,10-K,2022-02-18
us-gaap,CommonEquityTierOneCapitalRatio,pure,,2021-12-31,0.0933,10-K,2022-02-18
us-gaap,CommonEquityTierOneCapitalRatio,pure,,2021-12-31,0.0933,10-K,2023-02-17
us-gaap,CommonEquityTierOneCapitalRatio,pure,,2022-12-31,0.0936,10-K,2023-02-17
us-gaap,CommonEquityTierOneCapitalRatio,pure,,2022-12-31,0.0936,10-K,2024-02-16
us-gaap,CommonEquityTierOneCapitalRatio,pure,,2023-12-31,0.1025,10-K,2024-02-16
us-gaap,CommonEquityTierOneCapitalRatio,pure,,2023-12-31,0.102,10-K,2025-02-14
us-gaap,CommonEquityTierOneCapitalRatio,pure,,2024-12-31,0.105,10-K,2025-02-14
us-gaap,CommonEquityTierOneCapitalRatio,pure,,2024-12-31,0.105,10-K,2026-02-13
us-gaap,CommonEquityTierOneCapitalRatio,pure,,2025-12-31,0.104,10-K,2026-02-13
us-gaap,CommonStockSharesOutstanding,shares,,2009-06-30,568741245.0,10-Q,2010-08-09
us-gaap,CommonStockSharesOutstanding,shares,,2009-09-30,714469066.0,10-Q,2010-10-29
us-gaap,CommonStockSharesOutstanding,shares,,2009-12-31,715761672.0,10-Q,2010-08-09
us-gaap,CommonStockSharesOutstanding,shares,,2009-12-31,715761672.0,10-Q,2010-10-29
us-gaap,CommonStockSharesOutstanding,shares,,2009-12-31,715761672.0,10-K,2011-02-18
us-gaap,CommonStockSharesOutstanding,shares,,2010-03-31,716556641.0,10-Q,2011-04-29
us-gaap,CommonStockSharesOutstanding,shares,,2010-06-30,716622592.0,10-Q,2010-08-09
us-gaap,CommonStockSharesOutstanding,shares,,2010-06-30,716622592.0,10-Q,2011-08-08
us-gaap,CommonStockSharesOutstanding,shares,,2010-09-30,717132197.0,10-Q,2010-10-29
us-gaap,CommonStockSharesOutstanding,shares,,2010-09-30,717132197.0,10-Q,2011-10-31
us-gaap,CommonStockSharesOutstanding,shares,,2010-12-31,863319435.0,10-K,2011-02-18
us-gaap,CommonStockSharesOutstanding,shares,,2010-12-31,863319435.0,10-Q,2011-04-29
us-gaap,CommonStockSharesOutstanding,shares,,2010-12-31,863319435.0,10-Q,2011-08-08
us-gaap,CommonStockSharesOutstanding,shares,,2010-12-31,863319435.0,10-Q,2011-10-31
us-gaap,CommonStockSharesOutstanding,shares,,2010-12-31,863319435.0,10-K,2012-02-17
us-gaap,CommonStockSharesOutstanding,shares,,2011-03-31,863398578.0,10-Q,2011-04-29
us-gaap,CommonStockSharesOutstanding,shares,,2011-03-31,863398578.0,10-Q,2012-04-30
us-gaap,CommonStockSharesOutstanding,shares,,2011-06-30,863323099.0,10-Q,2011-08-08
us-gaap,CommonStockSharesOutstanding,shares,,2011-09-30,864074883.0,10-Q,2011-10-31
us-gaap,CommonStockSharesOutstanding,shares,,2011-12-31,864406152.0,10-K,2012-02-17
us-gaap,CommonStockSharesOutstanding,shares,,2011-12-31,864406152.0,10-Q,2012-04-30
us-gaap,CommonStockSharesOutstanding,shares,,2011-12-31,864406152.0,10-Q,2012-07-30
us-gaap,CommonStockSharesOutstanding,shares,,2011-12-31,864406152.0,10-Q,2012-10-31
us-gaap,CommonStockSharesOutstanding,shares,,2011-12-31,864406152.0,10-K,2013-02-15
us-gaap,CommonStockSharesOutstanding,shares,,2012-03-31,864674530.0,10-Q,2012-04-30
us-gaap,CommonStockSharesOutstanding,shares,,2012-06-30,858401176.0,10-Q,2012-07-30
us-gaap,CommonStockSharesOutstanding,shares,,2012-09-30,855485376.0,10-Q,2012-10-31
us-gaap,CommonStockSharesOutstanding,shares,,2012-12-31,842812709.0,10-K,2013-02-15
us-gaap,CommonStockSharesOutstanding,shares,,2012-12-31,842812709.0,10-Q,2013-04-29
us-gaap,CommonStockSharesOutstanding,shares,,2012-12-31,842812709.0,10-Q,2013-07-29
us-gaap,CommonStockSharesOutstanding,shares,,2012-12-31,842812709.0,10-Q,2013-11-07
us-gaap,CommonStockSharesOutstanding,shares,,2012-12-31,842812709.0,10-K,2014-02-14
us-gaap,CommonStockSharesOutstanding,shares,,2012-12-31,842812709.0,8-K,2014-05-28
us-gaap,CommonStockSharesOutstanding,shares,,2013-03-31,838757987.0,10-Q,2013-04-29
us-gaap,CommonStockSharesOutstanding,shares,,2013-06-30,829674914.0,10-Q,2013-07-29
us-gaap,CommonStockSharesOutstanding,shares,,2013-09-30,830144646.0,10-Q,2013-11-07
us-gaap,CommonStockSharesOutstanding,shares,,2013-12-31,830963427.0,10-K,2014-02-14
us-gaap,CommonStockSharesOutstanding,shares,,2013-12-31,830963427.0,10-Q,2014-04-28
us-gaap,CommonStockSharesOutstanding,shares,,2013-12-31,830963427.0,8-K,2014-05-28
us-gaap,CommonStockSharesOutstanding,shares,,2013-12-31,830963427.0,10-Q,2014-07-30
us-gaap,CommonStockSharesOutstanding,shares,,2013-12-31,830963427.0,10-Q,2014-10-28
us-gaap,CommonStockSharesOutstanding,shares,,2013-12-31,830963427.0,10-K,2015-02-13
us-gaap,CommonStockSharesOutstanding,shares,,2014-03-31,827771805.0,10-Q,2014-04-28
us-gaap,CommonStockSharesOutstanding,shares,,2014-06-30,817002296.0,10-Q,2014-07-30
us-gaap,CommonStockSharesOutstanding,shares,,2014-09-30,814453953.0,10-Q,2014-10-28
us-gaap,CommonStockSharesOutstanding,shares,,2014-12-31,811454676.0,10-K,2015-02-13
us-gaap,CommonStockSharesOutstanding,shares,,2014-12-31,811454676.0,10-Q,2015-05-05
us-gaap,CommonStockSharesOutstanding,shares,,2014-12-31,811454676.0,10-Q,2015-08-04
us-gaap,CommonStockSharesOutstanding,shares,,2014-12-31,811454676.0,10-Q,2015-10-30
us-gaap,CommonStockSharesOutstanding,shares,,2014-12-31,811454676.0,10-Q/A,2015-12-18
us-gaap,CommonStockSharesOutstanding,shares,,2014-12-31,811454676.0,10-K,2016-02-17
us-gaap,CommonStockSharesOutstanding,shares,,2015-03-31,808528243.0,10-Q,2015-05-05
us-gaap,CommonStockSharesOutstanding,shares,,2015-06-30,803065757.0,10-Q,2015-08-04
us-gaap,CommonStockSharesOutstanding,shares,,2015-09-30,796659440.0,10-Q,2015-10-30
us-gaap,CommonStockSharesOutstanding,shares,,2015-09-30,796659440.0,10-Q/A,2015-12-18
us-gaap,CommonStockSharesOutstanding,shares,,2015-12-31,794928886.0,10-K,2016-02-17
us-gaap,CommonStockSharesOutstanding,shares,,2015-12-31,794928886.0,10-Q,2016-04-29
us-gaap,CommonStockSharesOutstanding,shares,,2015-12-31,794928886.0,10-Q,2016-07-29
us-gaap,CommonStockSharesOutstanding,shares,,2015-12-31,794928886.0,10-Q,2016-11-08
us-gaap,CommonStockSharesOutstanding,shares,,2015-12-31,794928886.0,10-K,2017-02-22
us-gaap,CommonStockSharesOutstanding,shares,,2016-03-31,796689077.0,10-Q,2016-04-29
us-gaap,CommonStockSharesOutstanding,shares,,2016-06-30,799153996.0,10-Q,2016-07-29
us-gaap,CommonStockSharesOutstanding,shares,,2016-09-30,1084782727.0,10-Q,2016-11-08
us-gaap,CommonStockSharesOutstanding,shares,,2016-12-31,1085688538.0,10-K,2017-02-22
us-gaap,CommonStockSharesOutstanding,shares,,2016-12-31,1085688538.0,10-Q,2017-04-28
us-gaap,CommonStockSharesOutstanding,shares,,2016-12-31,1085688538.0,10-Q,2017-07-31
us-gaap,CommonStockSharesOutstanding,shares,,2016-12-31,1085688538.0,10-Q,2017-10-30
us-gaap,CommonStockSharesOutstanding,shares,,2016-12-31,1085688538.0,10-K,2018-02-16
us-gaap,CommonStockSharesOutstanding,shares,,2017-03-31,1087119978.0,10-Q,2017-04-28
us-gaap,CommonStockSharesOutstanding,shares,,2017-06-30,1090016469.0,10-Q,2017-07-31
us-gaap,CommonStockSharesOutstanding,shares,,2017-09-30,1080946315.0,10-Q,2017-10-30
us-gaap,CommonStockSharesOutstanding,shares,,2017-12-31,1072026681.0,10-K,2018-02-16
us-gaap,CommonStockSharesOutstanding,shares,,2017-12-31,1072026681.0,10-Q,2018-04-30
us-gaap,CommonStockSharesOutstanding,shares,,2017-12-31,1072026681.0,10-Q,2018-07-30
us-gaap,CommonStockSharesOutstanding,shares,,2017-12-31,1072026681.0,10-Q,2018-10-30
us-gaap,CommonStockSharesOutstanding,shares,,2017-12-31,1072026681.0,10-K,2019-02-15
us-gaap,CommonStockSharesOutstanding,shares,,2018-03-31,1101795768.0,10-Q,2018-04-30
us-gaap,CommonStockSharesOutstanding,shares,,2018-06-30,1104226603.0,10-Q,2018-07-30
us-gaap,CommonStockSharesOutstanding,shares,,2018-09-30,1061529259.0,10-Q,2018-10-30
us-gaap,CommonStockSharesOutstanding,shares,,2018-12-31,1046767252.0,10-K,2019-02-15
us-gaap,CommonStockSharesOutstanding,shares,,2018-12-31,1046767252.0,10-Q,2019-04-29
us-gaap,CommonStockSharesOutstanding,shares,,2018-12-31,1046767252.0,10-Q,2019-07-29
us-gaap,CommonStockSharesOutstanding,shares,,2018-12-31,1046767252.0,10-Q,2019-10-28
us-gaap,CommonStockSharesOutstanding,shares,,2018-12-31,1046767252.0,10-K,2020-02-14
us-gaap,CommonStockSharesOutstanding,shares,,2019-03-31,1046440116.0,10-Q,2019-04-29
us-gaap,CommonStockSharesOutstanding,shares,,2019-06-30,1037841268.0,10-Q,2019-07-29
us-gaap,CommonStockSharesOutstanding,shares,,2019-09-30,1032755207.0,10-Q,2019-10-28
us-gaap,CommonStockSharesOutstanding,shares,,2019-12-31,1020003482.0,10-K,2020-02-14
us-gaap,CommonStockSharesOutstanding,shares,,2019-12-31,1020003482.0,10-Q,2020-05-01
us-gaap,CommonStockSharesOutstanding,shares,,2019-12-31,1020003482.0,10-Q,2020-07-31
us-gaap,CommonStockSharesOutstanding,shares,,2019-12-31,1020003482.0,10-Q,2020-10-30
us-gaap,CommonStockSharesOutstanding,shares,,2019-12-31,1020003482.0,10-K,2021-02-26
us-gaap,CommonStockSharesOutstanding,shares,,2020-03-31,1014218094.0,10-Q,2020-05-01
us-gaap,CommonStockSharesOutstanding,shares,,2020-06-30,1017309583.0,10-Q,2020-07-31
us-gaap,CommonStockSharesOutstanding,shares,,2020-09-30,1017310599.0,10-Q,2020-10-30
us-gaap,CommonStockSharesOutstanding,shares,,2020-12-31,1017196776.0,10-K,2021-02-26
us-gaap,CommonStockSharesOutstanding,shares,,2020-12-31,1017196776.0,10-Q,2021-04-30
us-gaap,CommonStockSharesOutstanding,shares,,2020-12-31,1017196776.0,10-Q,2021-08-06
us-gaap,CommonStockSharesOutstanding,shares,,2020-12-31,1017196776.0,10-Q,2021-11-05
us-gaap,CommonStockSharesOutstanding,shares,,2020-12-31,1017196776.0,10-K,2022-02-18
us-gaap,CommonStockSharesOutstanding,shares,,2021-03-31,1018052923.0,10-Q,2021-04-30
us-gaap,CommonStockSharesOutstanding,shares,,2021-06-30,1476557426.0,10-Q,2021-08-06
us-gaap,CommonStockSharesOutstanding,shares,,2021-09-30,1446461249.0,10-Q,2021-11-05
us-gaap,CommonStockSharesOutstanding,shares,,2021-12-31,1437742172.0,10-K,2022-02-18
us-gaap,CommonStockSharesOutstanding,shares,,2021-12-31,1437742172.0,10-Q,2022-04-29
us-gaap,CommonStockSharesOutstanding,shares,,2021-12-31,1437742172.0,10-Q,2022-07-29
us-gaap,CommonStockSharesOutstanding,shares,,2021-12-31,1437742172.0,10-Q,2022-10-28
us-gaap,CommonStockSharesOutstanding,shares,,2021-12-31,1437742172.0,10-K,2023-02-17
us-gaap,CommonStockSharesOutstanding,shares,,2022-03-31,1439174659.0,10-Q,2022-04-29
us-gaap,CommonStockSharesOutstanding,shares,,2022-06-30,1442194344.0,10-Q,2022-07-29
us-gaap,CommonStockSharesOutstanding,shares,,2022-09-30,1442734255.0,10-Q,2022-10-28
us-gaap,CommonStockSharesOutstanding,shares,,2022-12-31,1443068036.0,10-K,2023-02-17
us-gaap,CommonStockSharesOutstanding,shares,,2022-12-31,1443068036.0,10-Q,2023-04-28
us-gaap,CommonStockSharesOutstanding,shares,,2022-12-31,1443068036.0,10-Q,2023-07-28
us-gaap,CommonStockSharesOutstanding,shares,,2022-12-31,1443068036.0,10-Q,2023-10-27
us-gaap,CommonStockSharesOutstanding,shares,,2022-12-31,1443068036.0,10-K,2024-02-16
us-gaap,CommonStockSharesOutstanding,shares,,2023-03-31,1443614966.0,10-Q,2023-04-28
us-gaap,CommonStockSharesOutstanding,shares,,2023-06-30,1447882434.0,10-Q,2023-07-28
us-gaap,CommonStockSharesOutstanding,shares,,2023-09-30,1448075093.0,10-Q,2023-10-27
us-gaap,CommonStockSharesOutstanding,shares,,2023-12-31,1448319953.0,10-K,2024-02-16
us-gaap,CommonStockSharesOutstanding,shares,,2023-12-31,1448319953.0,10-Q,2024-04-30
us-gaap,CommonStockSharesOutstanding,shares,,2023-12-31,1448319953.0,10-Q,2024-07-30
us-gaap,CommonStockSharesOutstanding,shares,,2023-12-31,1448319953.0,10-Q,2024-10-29
us-gaap,CommonStockSharesOutstanding,shares,,2023-12-31,1448319953.0,10-K,2025-02-14
us-gaap,CommonStockSharesOutstanding,shares,,2024-03-31,1449254147.0,10-Q,2024-04-30
us-gaap,CommonStockSharesOutstanding,shares,,2024-06-30,1452432838.0,10-Q,2024-07-30
us-gaap,CommonStockSharesOutstanding,shares,,2024-09-30,1452811392.0,10-Q,2024-10-29
us-gaap,CommonStockSharesOutstanding,shares,,2024-12-31,1453635809.0,10-K,2025-02-14
us-gaap,CommonStockSharesOutstanding,shares,,2024-12-31,1453635809.0,10-Q,2025-04-29
us-gaap,CommonStockSharesOutstanding,shares,,2024-12-31,1453635809.0,10-Q,2025-07-29
us-gaap,CommonStockSharesOutstanding,shares,,2024-12-31,1453635809.0,10-Q,2025-10-28
us-gaap,CommonStockSharesOutstanding,shares,,2024-12-31,1453635809.0,10-K,2026-02-13
us-gaap,CommonStockSharesOutstanding,shares,,2025-03-31,1456811621.0,10-Q,2025-04-29
us-gaap,CommonStockSharesOutstanding,shares,,2025-06-30,1458800042.0,10-Q,2025-07-29
us-gaap,CommonStockSharesOutstanding,shares,,2025-09-30,1459390757.0,10-Q,2025-10-28
us-gaap,CommonStockSharesOutstanding,shares,,2025-12-31,1567732506.0,10-K,2026-02-13
us-gaap,CommonStockSharesOutstanding,shares,,2025-12-31,1567732506.0,10-Q,2026-04-30
us-gaap,CommonStockSharesOutstanding,shares,,2026-03-31,2027130587.0,10-Q,2026-04-30
us-gaap,Deposits,USD,,2009-06-30,39165132000.0,10-Q,2010-08-09
us-gaap,Deposits,USD,,2009-09-30,39829057000.0,10-Q,2010-10-29
us-gaap,Deposits,USD,,2009-12-31,40493927000.0,10-Q,2010-08-09
us-gaap,Deposits,USD,,2009-12-31,40493927000.0,10-Q,2010-10-29
us-gaap,Deposits,USD,,2009-12-31,40493927000.0,10-K,2011-02-18
us-gaap,Deposits,USD,,2010-03-31,40303467000.0,10-Q,2011-04-29
us-gaap,Deposits,USD,,2010-06-30,39848507000.0,10-Q,2010-08-09
us-gaap,Deposits,USD,,2010-06-30,39848507000.0,10-Q,2011-08-08
us-gaap,Deposits,USD,,2010-09-30,41072371000.0,10-Q,2010-10-29
us-gaap,Deposits,USD,,2010-09-30,41072371000.0,10-Q,2011-10-31
us-gaap,Deposits,USD,,2010-12-31,41853898000.0,10-K,2011-02-18
us-gaap,Deposits,USD,,2010-12-31,41853898000.0,10-Q,2011-04-29
us-gaap,Deposits,USD,,2010-12-31,41853898000.0,10-Q,2011-08-08
us-gaap,Deposits,USD,,2010-12-31,41853898000.0,10-Q,2011-10-31
us-gaap,Deposits,USD,,2010-12-31,41853898000.0,10-K,2012-02-17
us-gaap,Deposits,USD,,2011-03-31,41366487000.0,10-Q,2011-04-29
us-gaap,Deposits,USD,,2011-03-31,41366487000.0,10-Q,2012-04-30
us-gaap,Deposits,USD,,2011-06-30,41402355000.0,10-Q,2011-08-08
us-gaap,Deposits,USD,,2011-09-30,43219727000.0,10-Q,2011-10-31
us-gaap,Deposits,USD,,2011-12-31,43279625000.0,10-K,2012-02-17
us-gaap,Deposits,USD,,2011-12-31,43279625000.0,10-Q,2012-04-30
us-gaap,Deposits,USD,,2011-12-31,43279625000.0,10-Q,2012-07-30
us-gaap,Deposits,USD,,2011-12-31,43279625000.0,10-Q,2012-10-31
us-gaap,Deposits,USD,,2011-12-31,43279625000.0,10-K,2013-02-15
us-gaap,Deposits,USD,,2012-03-31,45008964000.0,10-Q,2012-04-30
us-gaap,Deposits,USD,,2012-06-30,46076075000.0,10-Q,2012-07-30
us-gaap,Deposits,USD,,2012-09-30,46741286000.0,10-Q,2012-10-31
us-gaap,Deposits,USD,,2012-12-31,46252683000.0,10-K,2013-02-15
us-gaap,Deposits,USD,,2012-12-31,46252683000.0,10-Q,2013-04-29
us-gaap,Deposits,USD,,2012-12-31,46252683000.0,10-Q,2013-07-29
us-gaap,Deposits,USD,,2012-12-31,46252683000.0,10-Q,2013-11-07
us-gaap,Deposits,USD,,2012-12-31,46252683000.0,10-K,2014-02-14
us-gaap,Deposits,USD,,2012-12-31,46252683000.0,8-K,2014-05-28
us-gaap,Deposits,USD,,2013-03-31,46867141000.0,10-Q,2013-04-29
us-gaap,Deposits,USD,,2013-06-30,46331434000.0,10-Q,2013-07-29
us-gaap,Deposits,USD,,2013-09-30,46564046000.0,10-Q,2013-11-07
us-gaap,Deposits,USD,,2013-12-31,47506718000.0,10-K,2014-02-14
us-gaap,Deposits,USD,,2013-12-31,47506718000.0,10-Q,2014-04-28
us-gaap,Deposits,USD,,2013-12-31,47506718000.0,8-K,2014-05-28
us-gaap,Deposits,USD,,2013-12-31,47506718000.0,10-Q,2014-07-30
us-gaap,Deposits,USD,,2013-12-31,47506718000.0,10-Q,2014-10-28
us-gaap,Deposits,USD,,2013-12-31,47506718000.0,10-K,2015-02-13
us-gaap,Deposits,USD,,2014-03-31,49348753000.0,10-Q,2014-04-28
us-gaap,Deposits,USD,,2014-06-30,48748765000.0,10-Q,2014-07-30
us-gaap,Deposits,USD,,2014-09-30,50129837000.0,10-Q,2014-10-28
us-gaap,Deposits,USD,,2014-12-31,51732151000.0,10-K,2015-02-13
us-gaap,Deposits,USD,,2014-12-31,51732151000.0,10-Q,2015-05-05
us-gaap,Deposits,USD,,2014-12-31,51732151000.0,10-Q,2015-08-04
us-gaap,Deposits,USD,,2014-12-31,51732151000.0,10-Q,2015-10-30
us-gaap,Deposits,USD,,2014-12-31,51732151000.0,10-Q/A,2015-12-18
us-gaap,Deposits,USD,,2014-12-31,51732151000.0,10-K,2016-02-17
us-gaap,Deposits,USD,,2015-03-31,52832695000.0,10-Q,2015-05-05
us-gaap,Deposits,USD,,2015-06-30,53473179000.0,10-Q,2015-08-04
us-gaap,Deposits,USD,,2015-09-30,54244711000.0,10-Q,2015-10-30
us-gaap,Deposits,USD,,2015-09-30,54244711000.0,10-Q/A,2015-12-18
us-gaap,Deposits,USD,,2015-12-31,55294979000.0,10-K,2016-02-17
us-gaap,Deposits,USD,,2015-12-31,55294979000.0,10-Q,2016-04-29
us-gaap,Deposits,USD,,2015-12-31,55294979000.0,10-Q,2016-07-29
us-gaap,Deposits,USD,,2015-12-31,55294979000.0,10-Q,2016-11-08
us-gaap,Deposits,USD,,2015-12-31,55294979000.0,10-K,2017-02-22
us-gaap,Deposits,USD,,2016-03-31,55628842000.0,10-Q,2016-04-29
us-gaap,Deposits,USD,,2016-06-30,55043465000.0,10-Q,2016-07-29
us-gaap,Deposits,USD,,2016-09-30,77405096000.0,10-Q,2016-11-08
us-gaap,Deposits,USD,,2016-12-31,75607717000.0,10-K,2017-02-22
us-gaap,Deposits,USD,,2016-12-31,75607717000.0,10-Q,2017-04-28
us-gaap,Deposits,USD,,2016-12-31,75607717000.0,10-Q,2017-07-31
us-gaap,Deposits,USD,,2016-12-31,75607717000.0,10-Q,2017-10-30
us-gaap,Deposits,USD,,2016-12-31,75608000000.0,10-K,2018-02-16
us-gaap,Deposits,USD,,2017-03-31,77422510000.0,10-Q,2017-04-28
us-gaap,Deposits,USD,,2017-06-30,75933373000.0,10-Q,2017-07-31
us-gaap,Deposits,USD,,2017-09-30,78445113000.0,10-Q,2017-10-30
us-gaap,Deposits,USD,,2017-12-31,77041000000.0,10-K,2018-02-16
us-gaap,Deposits,USD,,2017-12-31,77041000000.0,10-Q,2018-04-30
us-gaap,Deposits,USD,,2017-12-31,77041000000.0,10-Q,2018-07-30
us-gaap,Deposits,USD,,2017-12-31,77041000000.0,10-Q,2018-10-30
us-gaap,Deposits,USD,,2017-12-31,77041000000.0,10-K,2019-02-15
us-gaap,Deposits,USD,,2018-03-31,79471000000.0,10-Q,2018-04-30
us-gaap,Deposits,USD,,2018-06-30,79587000000.0,10-Q,2018-07-30
us-gaap,Deposits,USD,,2018-09-30,81689000000.0,10-Q,2018-10-30
us-gaap,Deposits,USD,,2018-12-31,84774000000.0,10-K,2019-02-15
us-gaap,Deposits,USD,,2018-12-31,84774000000.0,10-Q,2019-04-29
us-gaap,Deposits,USD,,2018-12-31,84774000000.0,10-Q,2019-07-29
us-gaap,Deposits,USD,,2018-12-31,84774000000.0,10-Q,2019-10-28
us-gaap,Deposits,USD,,2018-12-31,84774000000.0,10-K,2020-02-14
us-gaap,Deposits,USD,,2019-03-31,82155000000.0,10-Q,2019-04-29
us-gaap,Deposits,USD,,2019-06-30,80882000000.0,10-Q,2019-07-29
us-gaap,Deposits,USD,,2019-09-30,82395000000.0,10-Q,2019-10-28
us-gaap,Deposits,USD,,2019-12-31,82347000000.0,10-K,2020-02-14
us-gaap,Deposits,USD,,2019-12-31,82347000000.0,10-Q,2020-05-01
us-gaap,Deposits,USD,,2019-12-31,82347000000.0,10-Q,2020-07-31
us-gaap,Deposits,USD,,2019-12-31,82347000000.0,10-Q,2020-10-30
us-gaap,Deposits,USD,,2019-12-31,82347000000.0,10-K,2021-02-26
us-gaap,Deposits,USD,,2020-03-31,86830000000.0,10-Q,2020-05-01
us-gaap,Deposits,USD,,2020-06-30,93691000000.0,10-Q,2020-07-31
us-gaap,Deposits,USD,,2020-09-30,95154000000.0,10-Q,2020-10-30
us-gaap,Deposits,USD,,2020-12-31,98948000000.0,10-K,2021-02-26
us-gaap,Deposits,USD,,2020-12-31,98948000000.0,10-Q,2021-04-30
us-gaap,Deposits,USD,,2020-12-31,98948000000.0,10-Q,2021-08-06
us-gaap,Deposits,USD,,2020-12-31,98948000000.0,10-Q,2021-11-05
us-gaap,Deposits,USD,,2020-12-31,98948000000.0,10-K,2022-02-18
us-gaap,Deposits,USD,,2021-03-31,102184000000.0,10-Q,2021-04-30
us-gaap,Deposits,USD,,2021-06-30,142805000000.0,10-Q,2021-08-06
us-gaap,Deposits,USD,,2021-09-30,141898000000.0,10-Q,2021-11-05
us-gaap,Deposits,USD,,2021-12-31,143263000000.0,10-K,2022-02-18
us-gaap,Deposits,USD,,2021-12-31,143263000000.0,10-Q,2022-04-29
us-gaap,Deposits,USD,,2021-12-31,143263000000.0,10-Q,2022-07-29
us-gaap,Deposits,USD,,2021-12-31,143263000000.0,10-Q,2022-10-28
us-gaap,Deposits,USD,,2021-12-31,143263000000.0,10-K,2023-02-17
us-gaap,Deposits,USD,,2022-03-31,146965000000.0,10-Q,2022-04-29
us-gaap,Deposits,USD,,2022-06-30,145435000000.0,10-Q,2022-07-29
us-gaap,Deposits,USD,,2022-09-30,146313000000.0,10-Q,2022-10-28
us-gaap,Deposits,USD,,2022-12-31,147914000000.0,10-K,2023-02-17
us-gaap,Deposits,USD,,2022-12-31,147914000000.0,10-Q,2023-04-28
us-gaap,Deposits,USD,,2022-12-31,147914000000.0,10-Q,2023-07-28
us-gaap,Deposits,USD,,2022-12-31,147914000000.0,10-Q,2023-10-27
us-gaap,Deposits,USD,,2022-12-31,147914000000.0,10-K,2024-02-16
us-gaap,Deposits,USD,,2023-03-31,145278000000.0,10-Q,2023-04-28
us-gaap,Deposits,USD,,2023-06-30,148028000000.0,10-Q,2023-07-28
us-gaap,Deposits,USD,,2023-09-30,148867000000.0,10-Q,2023-10-27
us-gaap,Deposits,USD,,2023-12-31,151230000000.0,10-K,2024-02-16
us-gaap,Deposits,USD,,2023-12-31,151230000000.0,10-Q,2024-04-30
us-gaap,Deposits,USD,,2023-12-31,151230000000.0,10-Q,2024-07-30
us-gaap,Deposits,USD,,2023-12-31,151230000000.0,10-Q,2024-10-29
us-gaap,Deposits,USD,,2023-12-31,151230000000.0,10-K,2025-02-14
us-gaap,Deposits,USD,,2024-03-31,153225000000.0,10-Q,2024-04-30
us-gaap,Deposits,USD,,2024-06-30,154367000000.0,10-Q,2024-07-30
us-gaap,Deposits,USD,,2024-09-30,158351000000.0,10-Q,2024-10-29
us-gaap,Deposits,USD,,2024-12-31,162448000000.0,10-K,2025-02-14
us-gaap,Deposits,USD,,2024-12-31,162448000000.0,10-Q,2025-04-29
us-gaap,Deposits,USD,,2024-12-31,162448000000.0,10-Q,2025-07-29
us-gaap,Deposits,USD,,2024-12-31,162448000000.0,10-Q,2025-10-28
us-gaap,Deposits,USD,,2024-12-31,162448000000.0,10-K,2026-02-13
us-gaap,Deposits,USD,,2025-03-31,165337000000.0,10-Q,2025-04-29
us-gaap,Deposits,USD,,2025-06-30,163380000000.0,10-Q,2025-07-29
us-gaap,Deposits,USD,,2025-09-30,165212000000.0,10-Q,2025-10-28
us-gaap,Deposits,USD,,2025-12-31,176610000000.0,10-K,2026-02-13
us-gaap,Deposits,USD,,2025-12-31,176610000000.0,10-Q,2026-04-30
us-gaap,Deposits,USD,,2026-03-31,223482000000.0,10-Q,2026-04-30
us-gaap,FederalHomeLoanBankAdvancesGeneralDebtObligationsDisclosuresMaximumAmountAvailable,USD,,2010-12-31,2300000000.0,10-K,2012-02-17
us-gaap,FederalHomeLoanBankAdvancesGeneralDebtObligationsDisclosuresMaximumAmountAvailable,USD,,2011-12-31,3500000000.0,10-K,2013-02-15
us-gaap,FederalHomeLoanBankAdvancesGeneralDebtObligationsDisclosuresMaximumAmountAvailable,USD,,2011-12-31,3500000000.0,10-K,2012-02-17
us-gaap,FederalHomeLoanBankAdvancesGeneralDebtObligationsDisclosuresMaximumAmountAvailable,USD,,2012-12-31,4000000000.0,8-K,2014-05-28
us-gaap,FederalHomeLoanBankAdvancesGeneralDebtObligationsDisclosuresMaximumAmountAvailable,USD,,2012-12-31,4000000000.0,10-K,2014-02-14
us-gaap,FederalHomeLoanBankAdvancesGeneralDebtObligationsDisclosuresMaximumAmountAvailable,USD,,2012-12-31,4000000000.0,10-K,2013-02-15
us-gaap,FederalHomeLoanBankAdvancesGeneralDebtObligationsDisclosuresMaximumAmountAvailable,USD,,2013-12-31,4800000000.0,8-K,2014-05-28
us-gaap,FederalHomeLoanBankAdvancesGeneralDebtObligationsDisclosuresMaximumAmountAvailable,USD,,2013-12-31,4800000000.0,10-K,2014-02-14
us-gaap,FederalHomeLoanBankAdvancesGeneralDebtObligationsDisclosuresWeightedAverageInterestRate,pure,,2010-12-31,0.0056,10-K,2012-02-17
us-gaap,FederalHomeLoanBankAdvancesGeneralDebtObligationsDisclosuresWeightedAverageInterestRate,pure,,2011-12-31,0.0019,10-K,2013-02-15
us-gaap,FederalHomeLoanBankAdvancesGeneralDebtObligationsDisclosuresWeightedAverageInterestRate,pure,,2011-12-31,0.0019,10-K,2012-02-17
us-gaap,FederalHomeLoanBankAdvancesGeneralDebtObligationsDisclosuresWeightedAverageInterestRate,pure,,2012-12-31,0.0018,8-K,2014-05-28
us-gaap,FederalHomeLoanBankAdvancesGeneralDebtObligationsDisclosuresWeightedAverageInterestRate,pure,,2012-12-31,0.0018,10-K,2014-02-14
us-gaap,FederalHomeLoanBankAdvancesGeneralDebtObligationsDisclosuresWeightedAverageInterestRate,pure,,2012-12-31,0.0018,10-K,2013-02-15
us-gaap,FederalHomeLoanBankAdvancesGeneralDebtObligationsDisclosuresWeightedAverageInterestRate,pure,,2013-12-31,0.0012,8-K,2014-05-28
us-gaap,FederalHomeLoanBankAdvancesGeneralDebtObligationsDisclosuresWeightedAverageInterestRate,pure,,2013-12-31,0.0012,10-K,2014-02-14
us-gaap,FederalHomeLoanBankAdvancesLongTerm,USD,,2009-06-30,926937000.0,10-Q,2010-08-09
us-gaap,FederalHomeLoanBankAdvancesLongTerm,USD,,2009-09-30,920045000.0,10-Q,2010-10-29
us-gaap,FederalHomeLoanBankAdvancesLongTerm,USD,,2009-12-31,168977000.0,10-Q,2010-08-09
us-gaap,FederalHomeLoanBankAdvancesLongTerm,USD,,2009-12-31,168977000.0,10-Q,2010-10-29
us-gaap,FederalHomeLoanBankAdvancesLongTerm,USD,,2009-12-31,168977000.0,10-K,2011-02-18
us-gaap,FederalHomeLoanBankAdvancesLongTerm,USD,,2010-03-31,157895000.0,10-Q,2011-04-29
us-gaap,FederalHomeLoanBankAdvancesLongTerm,USD,,2010-06-30,599798000.0,10-Q,2010-08-09
us-gaap,FederalHomeLoanBankAdvancesLongTerm,USD,,2010-06-30,599798000.0,10-Q,2011-08-08
us-gaap,FederalHomeLoanBankAdvancesLongTerm,USD,,2010-09-30,23643000.0,10-Q,2010-10-29
us-gaap,FederalHomeLoanBankAdvancesLongTerm,USD,,2010-09-30,23643000.0,10-Q,2011-10-31
us-gaap,FederalHomeLoanBankAdvancesLongTerm,USD,,2010-12-31,172519000.0,10-K,2011-02-18
us-gaap,FederalHomeLoanBankAdvancesLongTerm,USD,,2010-12-31,172519000.0,10-Q,2011-04-29
us-gaap,FederalHomeLoanBankAdvancesLongTerm,USD,,2010-12-31,172519000.0,10-Q,2011-08-08
us-gaap,FederalHomeLoanBankAdvancesLongTerm,USD,,2010-12-31,172519000.0,10-Q,2011-10-31
us-gaap,FederalHomeLoanBankAdvancesLongTerm,USD,,2010-12-31,172519000.0,10-K,2012-02-17
us-gaap,FederalHomeLoanBankAdvancesLongTerm,USD,,2011-03-31,21379000.0,10-Q,2011-04-29
us-gaap,FederalHomeLoanBankAdvancesLongTerm,USD,,2011-03-31,21379000.0,10-Q,2012-04-30
us-gaap,FederalHomeLoanBankAdvancesLongTerm,USD,,2011-06-30,220224000.0,10-Q,2011-08-08
us-gaap,FederalHomeLoanBankAdvancesLongTerm,USD,,2011-09-30,14157000.0,10-Q,2011-10-31
us-gaap,FederalHomeLoanBankAdvancesLongTerm,USD,,2011-12-31,362972000.0,10-K,2012-02-17
us-gaap,FederalHomeLoanBankAdvancesLongTerm,USD,,2011-12-31,362972000.0,10-Q,2012-04-30
us-gaap,FederalHomeLoanBankAdvancesLongTerm,USD,,2011-12-31,362972000.0,10-Q,2012-07-30
us-gaap,FederalHomeLoanBankAdvancesLongTerm,USD,,2011-12-31,362972000.0,10-Q,2012-10-31
us-gaap,FederalHomeLoanBankAdvancesLongTerm,USD,,2011-12-31,362972000.0,10-K,2013-02-15
us-gaap,FederalHomeLoanBankAdvancesLongTerm,USD,,2012-03-31,56938000.0,10-Q,2012-04-30
us-gaap,FederalHomeLoanBankAdvancesLongTerm,USD,,2012-06-30,835653000.0,10-Q,2012-07-30
us-gaap,FederalHomeLoanBankAdvancesLongTerm,USD,,2012-09-30,9406000.0,10-Q,2012-10-31
us-gaap,FederalHomeLoanBankAdvancesLongTerm,USD,,2012-12-31,1008959000.0,10-K,2013-02-15
us-gaap,FederalHomeLoanBankAdvancesLongTerm,USD,,2012-12-31,1008959000.0,10-Q,2013-04-29
us-gaap,FederalHomeLoanBankAdvancesLongTerm,USD,,2012-12-31,1008959000.0,10-Q,2013-07-29
us-gaap,FederalHomeLoanBankAdvancesLongTerm,USD,,2012-12-31,1008959000.0,10-Q,2013-11-07
us-gaap,FederalHomeLoanBankAdvancesLongTerm,USD,,2012-12-31,1008959000.0,10-K,2014-02-14
us-gaap,FederalHomeLoanBankAdvancesLongTerm,USD,,2012-12-31,1008959000.0,8-K,2014-05-28
us-gaap,FederalHomeLoanBankAdvancesLongTerm,USD,,2013-03-31,183491000.0,10-Q,2013-04-29
us-gaap,FederalHomeLoanBankAdvancesLongTerm,USD,,2013-06-30,983420000.0,10-Q,2013-07-29
us-gaap,FederalHomeLoanBankAdvancesLongTerm,USD,,2013-09-30,333352000.0,10-Q,2013-11-07
us-gaap,FederalHomeLoanBankAdvancesLongTerm,USD,,2013-12-31,1808293000.0,10-K,2014-02-14
us-gaap,FederalHomeLoanBankAdvancesLongTerm,USD,,2013-12-31,1808293000.0,10-Q,2014-04-28
us-gaap,FederalHomeLoanBankAdvancesLongTerm,USD,,2013-12-31,1808293000.0,8-K,2014-05-28
us-gaap,FederalHomeLoanBankAdvancesLongTerm,USD,,2013-12-31,1808293000.0,10-Q,2014-07-30
us-gaap,FederalHomeLoanBankAdvancesLongTerm,USD,,2013-12-31,1808293000.0,10-Q,2014-10-28
us-gaap,FederalHomeLoanBankAdvancesLongTerm,USD,,2014-03-31,333233000.0,10-Q,2014-04-28
us-gaap,FederalHomeLoanBankAdvancesLongTerm,USD,,2014-06-30,2883173000.0,10-Q,2014-07-30
us-gaap,FederalHomeLoanBankAdvancesLongTerm,USD,,2014-09-30,1658112000.0,10-Q,2014-10-28
us-gaap,FederalHomeLoanBankAdvancesMaturitiesSummary,USD,,2011-12-31,363000000.0,10-K,2012-02-17
us-gaap,FederalHomeLoanBankAdvancesMaturitiesSummary,USD,,2012-12-31,1000000000.0,10-K,2013-02-15
us-gaap,FederalHomeLoanBankAdvancesMaturitiesSummaryDueAfterFiveYearsOfBalanceSheetDate,USD,,2011-12-31,7800000.0,10-K,2012-02-17
us-gaap,FederalHomeLoanBankAdvancesMaturitiesSummaryDueAfterFiveYearsOfBalanceSheetDate,USD,,2012-12-31,100000000.0,8-K,2014-05-28
us-gaap,FederalHomeLoanBankAdvancesMaturitiesSummaryDueAfterFiveYearsOfBalanceSheetDate,USD,,2012-12-31,100000000.0,10-K,2014-02-14
us-gaap,FederalHomeLoanBankAdvancesMaturitiesSummaryDueAfterFiveYearsOfBalanceSheetDate,USD,,2013-12-31,100000000.0,8-K,2014-05-28
us-gaap,FederalHomeLoanBankAdvancesMaturitiesSummaryDueAfterFiveYearsOfBalanceSheetDate,USD,,2013-12-31,100000000.0,10-K,2014-02-14
us-gaap,FederalHomeLoanBankAdvancesMaturitiesSummaryDueFromFourToFiveYearsOfBalanceSheetDate,USD,,2011-12-31,0.0,10-K,2012-02-17
us-gaap,FederalHomeLoanBankAdvancesMaturitiesSummaryDueFromOneToTwoYearsOfBalanceSheetDate,USD,,2011-12-31,5200000.0,10-K,2012-02-17
us-gaap,FederalHomeLoanBankAdvancesMaturitiesSummaryDueFromThreeToFourYearsOfBalanceSheetDate,USD,,2011-12-31,0.0,10-K,2012-02-17
us-gaap,FederalHomeLoanBankAdvancesMaturitiesSummaryDueFromTwoToThreeYearsOfBalanceSheetDate,USD,,2011-12-31,0.0,10-K,2012-02-17
us-gaap,FederalHomeLoanBankAdvancesMaturitiesSummaryDueWithinOneYearOfBalanceSheetDate,USD,,2011-12-31,350000000.0,10-K,2012-02-17
us-gaap,FederalHomeLoanBankAdvancesMaturitiesSummaryDueWithinOneYearOfBalanceSheetDate,USD,,2012-12-31,1000000000.0,8-K,2014-05-28
us-gaap,FederalHomeLoanBankAdvancesMaturitiesSummaryDueWithinOneYearOfBalanceSheetDate,USD,,2012-12-31,1000000000.0,10-K,2014-02-14
us-gaap,FederalHomeLoanBankAdvancesMaturitiesSummaryDueWithinOneYearOfBalanceSheetDate,USD,,2012-12-31,1000000000.0,10-K,2013-02-15
us-gaap,FederalHomeLoanBankAdvancesMaturitiesSummaryDueWithinOneYearOfBalanceSheetDate,USD,,2013-12-31,1800000000.0,8-K,2014-05-28
us-gaap,FederalHomeLoanBankAdvancesMaturitiesSummaryDueWithinOneYearOfBalanceSheetDate,USD,,2013-12-31,1800000000.0,10-K,2014-02-14
us-gaap,InterestBearingDepositsInBanks,USD,,2009-06-30,383082000.0,10-Q,2010-08-09
us-gaap,InterestBearingDepositsInBanks,USD,,2009-09-30,397941000.0,10-Q,2010-10-29
us-gaap,InterestBearingDepositsInBanks,USD,,2009-12-31,319375000.0,10-Q,2010-08-09
us-gaap,InterestBearingDepositsInBanks,USD,,2009-12-31,319375000.0,10-Q,2010-10-29
us-gaap,InterestBearingDepositsInBanks,USD,,2009-12-31,319375000.0,10-K,2011-02-18
us-gaap,InterestBearingDepositsInBanks,USD,,2010-03-31,364082000.0,10-Q,2011-04-29
us-gaap,InterestBearingDepositsInBanks,USD,,2010-06-30,289468000.0,10-Q,2010-08-09
us-gaap,InterestBearingDepositsInBanks,USD,,2010-06-30,289468000.0,10-Q,2011-08-08
us-gaap,InterestBearingDepositsInBanks,USD,,2010-09-30,274240000.0,10-Q,2010-10-29
us-gaap,InterestBearingDepositsInBanks,USD,,2010-09-30,274240000.0,10-Q,2011-10-31
us-gaap,InterestBearingDepositsInBanks,USD,,2010-12-31,135038000.0,10-K,2011-02-18
us-gaap,InterestBearingDepositsInBanks,USD,,2010-12-31,135038000.0,10-Q,2011-04-29
us-gaap,InterestBearingDepositsInBanks,USD,,2010-12-31,135038000.0,10-Q,2011-08-08
us-gaap,InterestBearingDepositsInBanks,USD,,2010-12-31,135038000.0,10-Q,2011-10-31
us-gaap,InterestBearingDepositsInBanks,USD,,2010-12-31,135038000.0,10-K,2012-02-17
us-gaap,InterestBearingDepositsInBanks,USD,,2011-03-31,129999000.0,10-Q,2011-04-29
us-gaap,InterestBearingDepositsInBanks,USD,,2011-03-31,129999000.0,10-Q,2012-04-30
us-gaap,InterestBearingDepositsInBanks,USD,,2011-06-30,116698000.0,10-Q,2011-08-08
us-gaap,InterestBearingDepositsInBanks,USD,,2011-09-30,105454000.0,10-Q,2011-10-31
us-gaap,InterestBearingDepositsInBanks,USD,,2011-12-31,90943000.0,10-K,2012-02-17
us-gaap,InterestBearingDepositsInBanks,USD,,2011-12-31,90943000.0,10-Q,2012-04-30
us-gaap,InterestBearingDepositsInBanks,USD,,2011-12-31,90943000.0,10-Q,2012-07-30
us-gaap,InterestBearingDepositsInBanks,USD,,2011-12-31,90943000.0,10-Q,2012-10-31
us-gaap,InterestBearingDepositsInBanks,USD,,2011-12-31,90943000.0,10-K,2013-02-15
us-gaap,InterestBearingDepositsInBanks,USD,,2012-03-31,151973000.0,10-Q,2012-04-30
us-gaap,InterestBearingDepositsInBanks,USD,,2012-06-30,88825000.0,10-Q,2012-07-30
us-gaap,InterestBearingDepositsInBanks,USD,,2012-09-30,65635000.0,10-Q,2012-10-31
us-gaap,InterestBearingDepositsInBanks,USD,,2012-12-31,70921000.0,10-K,2013-02-15
us-gaap,InterestBearingDepositsInBanks,USD,,2012-12-31,70921000.0,10-Q,2013-04-29
us-gaap,InterestBearingDepositsInBanks,USD,,2012-12-31,70921000.0,10-Q,2013-07-29
us-gaap,InterestBearingDepositsInBanks,USD,,2012-12-31,70921000.0,10-Q,2013-11-07
us-gaap,InterestBearingDepositsInBanks,USD,,2012-12-31,70921000.0,10-K,2014-02-14
us-gaap,InterestBearingDepositsInBanks,USD,,2012-12-31,70921000.0,8-K,2014-05-28
us-gaap,InterestBearingDepositsInBanks,USD,,2013-03-31,71317000.0,10-Q,2013-04-29
us-gaap,InterestBearingDepositsInBanks,USD,,2013-06-30,76715000.0,10-Q,2013-07-29
us-gaap,InterestBearingDepositsInBanks,USD,,2013-09-30,63100000.0,10-Q,2013-11-07
us-gaap,InterestBearingDepositsInBanks,USD,,2013-12-31,57043000.0,10-K,2014-02-14
us-gaap,InterestBearingDepositsInBanks,USD,,2013-12-31,57043000.0,10-Q,2014-04-28
us-gaap,InterestBearingDepositsInBanks,USD,,2013-12-31,57043000.0,8-K,2014-05-28
us-gaap,InterestBearingDepositsInBanks,USD,,2013-12-31,57043000.0,10-Q,2014-07-30
us-gaap,InterestBearingDepositsInBanks,USD,,2013-12-31,57043000.0,10-Q,2014-10-28
us-gaap,InterestBearingDepositsInBanks,USD,,2013-12-31,57043000.0,10-K,2015-02-13
us-gaap,InterestBearingDepositsInBanks,USD,,2014-03-31,71231000.0,10-Q,2014-04-28
us-gaap,InterestBearingDepositsInBanks,USD,,2014-06-30,69634000.0,10-Q,2014-07-30
us-gaap,InterestBearingDepositsInBanks,USD,,2014-09-30,72898000.0,10-Q,2014-10-28
us-gaap,InterestBearingDepositsInBanks,USD,,2014-12-31,64559000.0,10-K,2015-02-13
us-gaap,InterestBearingDepositsInBanks,USD,,2014-12-31,64559000.0,10-Q,2015-05-05
us-gaap,InterestBearingDepositsInBanks,USD,,2014-12-31,64559000.0,10-Q,2015-08-04
us-gaap,InterestBearingDepositsInBanks,USD,,2014-12-31,64559000.0,10-Q,2015-10-30
us-gaap,InterestBearingDepositsInBanks,USD,,2014-12-31,64559000.0,10-Q/A,2015-12-18
us-gaap,InterestBearingDepositsInBanks,USD,,2014-12-31,64559000.0,10-K,2016-02-17
us-gaap,InterestBearingDepositsInBanks,USD,,2015-03-31,74030000.0,10-Q,2015-05-05
us-gaap,InterestBearingDepositsInBanks,USD,,2015-06-30,71409000.0,10-Q,2015-08-04
us-gaap,InterestBearingDepositsInBanks,USD,,2015-09-30,65805000.0,10-Q,2015-10-30
us-gaap,InterestBearingDepositsInBanks,USD,,2015-09-30,65805000.0,10-Q/A,2015-12-18
us-gaap,InterestBearingDepositsInBanks,USD,,2015-12-31,51838000.0,10-K,2016-02-17
us-gaap,InterestBearingDepositsInBanks,USD,,2015-12-31,51838000.0,10-Q,2016-04-29
us-gaap,InterestBearingDepositsInBanks,USD,,2015-12-31,51838000.0,10-Q,2016-07-29
us-gaap,InterestBearingDepositsInBanks,USD,,2015-12-31,51838000.0,10-Q,2016-11-08
us-gaap,InterestBearingDepositsInBanks,USD,,2015-12-31,51838000.0,10-K,2017-02-22
us-gaap,InterestBearingDepositsInBanks,USD,,2016-03-31,66668000.0,10-Q,2016-04-29
us-gaap,InterestBearingDepositsInBanks,USD,,2016-06-30,44896000.0,10-Q,2016-07-29
us-gaap,InterestBearingDepositsInBanks,USD,,2016-09-30,51113000.0,10-Q,2016-11-08
us-gaap,InterestBearingDepositsInBanks,USD,,2016-12-31,58267000.0,10-K,2017-02-22
us-gaap,InterestBearingDepositsInBanks,USD,,2016-12-31,58267000.0,10-Q,2017-04-28
us-gaap,InterestBearingDepositsInBanks,USD,,2016-12-31,58267000.0,10-Q,2017-07-31
us-gaap,InterestBearingDepositsInBanks,USD,,2016-12-31,58267000.0,10-Q,2017-10-30
us-gaap,InterestBearingDepositsInBanks,USD,,2016-12-31,58000000.0,10-K,2018-02-16
us-gaap,InterestBearingDepositsInBanks,USD,,2017-03-31,63055000.0,10-Q,2017-04-28
us-gaap,InterestBearingDepositsInBanks,USD,,2017-06-30,77148000.0,10-Q,2017-07-31
us-gaap,InterestBearingDepositsInBanks,USD,,2017-09-30,50090000.0,10-Q,2017-10-30
us-gaap,InterestBearingDepositsInBanks,USD,,2017-12-31,47000000.0,10-K,2018-02-16
us-gaap,InterestBearingDepositsInBanks,USD,,2017-12-31,47000000.0,10-Q,2018-04-30
us-gaap,InterestBearingDepositsInBanks,USD,,2017-12-31,47000000.0,10-Q,2018-07-30
us-gaap,InterestBearingDepositsInBanks,USD,,2017-12-31,47000000.0,10-Q,2018-10-30
us-gaap,InterestBearingDepositsInBanks,USD,,2017-12-31,47000000.0,10-K,2019-02-15
us-gaap,InterestBearingDepositsInBanks,USD,,2018-03-31,46000000.0,10-Q,2018-04-30
us-gaap,InterestBearingDepositsInBanks,USD,,2018-06-30,41000000.0,10-Q,2018-07-30
us-gaap,InterestBearingDepositsInBanks,USD,,2018-09-30,43000000.0,10-Q,2018-10-30
us-gaap,InterestBearingDepositsInBanks,USD,,2018-12-31,53000000.0,10-K,2019-02-15
us-gaap,InterestBearingDepositsInBanks,USD,,2018-12-31,53000000.0,10-Q,2019-04-29
us-gaap,InterestBearingDepositsInBanks,USD,,2018-12-31,53000000.0,10-Q,2019-07-29
us-gaap,InterestBearingDepositsInBanks,USD,,2018-12-31,53000000.0,10-Q,2019-10-28
us-gaap,InterestBearingDepositsInBanks,USD,,2018-12-31,53000000.0,10-K,2020-02-14
us-gaap,InterestBearingDepositsInBanks,USD,,2019-03-31,147000000.0,10-Q,2019-04-29
us-gaap,InterestBearingDepositsInBanks,USD,,2019-06-30,149000000.0,10-Q,2019-07-29
us-gaap,InterestBearingDepositsInBanks,USD,,2019-09-30,122000000.0,10-Q,2019-10-28
us-gaap,InterestBearingDepositsInBanks,USD,,2019-12-31,102000000.0,10-K,2020-02-14
us-gaap,InterestBearingDepositsInBanks,USD,,2019-12-31,102000000.0,10-Q,2020-05-01
us-gaap,InterestBearingDepositsInBanks,USD,,2019-12-31,102000000.0,10-Q,2020-07-31
us-gaap,InterestBearingDepositsInBanks,USD,,2019-12-31,102000000.0,10-Q,2020-10-30
us-gaap,InterestBearingDepositsInBanks,USD,,2019-12-31,102000000.0,10-K,2021-02-26
us-gaap,InterestBearingDepositsInBanks,USD,,2020-03-31,137000000.0,10-Q,2020-05-01
us-gaap,InterestBearingDepositsInBanks,USD,,2020-06-30,82000000.0,10-Q,2020-07-31
us-gaap,InterestBearingDepositsInBanks,USD,,2020-09-30,109000000.0,10-Q,2020-10-30
us-gaap,InterestBearingDepositsInBanks,USD,,2020-12-31,117000000.0,10-K,2021-02-26
us-gaap,InterestBearingDepositsInBanks,USD,,2020-12-31,117000000.0,10-Q,2021-04-30
us-gaap,InterestBearingDepositsInBanks,USD,,2020-12-31,117000000.0,10-Q,2021-08-06
us-gaap,InterestBearingDepositsInBanks,USD,,2020-12-31,117000000.0,10-Q,2021-11-05
us-gaap,InterestBearingDepositsInBanks,USD,,2020-12-31,117000000.0,10-K,2022-02-18
us-gaap,InterestBearingDepositsInBanks,USD,,2021-03-31,52000000.0,10-Q,2021-04-30
us-gaap,InterestBearingDepositsInBanks,USD,,2021-06-30,671000000.0,10-Q,2021-08-06
us-gaap,InterestBearingDepositsInBanks,USD,,2021-09-30,443000000.0,10-Q,2021-11-05
us-gaap,InterestBearingDepositsInBanks,USD,,2021-12-31,392000000.0,10-K,2022-02-18
us-gaap,InterestBearingDepositsInBanks,USD,,2021-12-31,392000000.0,10-Q,2022-04-29
us-gaap,InterestBearingDepositsInBanks,USD,,2021-12-31,392000000.0,10-Q,2022-07-29
us-gaap,InterestBearingDepositsInBanks,USD,,2021-12-31,392000000.0,10-Q,2022-10-28
us-gaap,InterestBearingDepositsInBanks,USD,,2021-12-31,392000000.0,10-K,2023-02-17
us-gaap,InterestBearingDepositsInBanks,USD,,2022-03-31,98000000.0,10-Q,2022-04-29
us-gaap,InterestBearingDepositsInBanks,USD,,2022-06-30,196000000.0,10-Q,2022-07-29
us-gaap,InterestBearingDepositsInBanks,USD,,2022-09-30,216000000.0,10-Q,2022-10-28
us-gaap,InterestBearingDepositsInBanks,USD,,2022-12-31,214000000.0,10-K,2023-02-17
us-gaap,InterestBearingDepositsInBanks,USD,,2022-12-31,214000000.0,10-Q,2023-04-28
us-gaap,InterestBearingDepositsInBanks,USD,,2022-12-31,214000000.0,10-Q,2023-07-28
us-gaap,InterestBearingDepositsInBanks,USD,,2022-12-31,214000000.0,10-Q,2023-10-27
us-gaap,InterestBearingDepositsInBanks,USD,,2022-12-31,5122000000.0,10-K,2024-02-16
us-gaap,InterestBearingDepositsInBanks,USD,,2023-03-31,203000000.0,10-Q,2023-04-28
us-gaap,InterestBearingDepositsInBanks,USD,,2023-06-30,210000000.0,10-Q,2023-07-28
us-gaap,InterestBearingDepositsInBanks,USD,,2023-09-30,258000000.0,10-Q,2023-10-27
us-gaap,InterestBearingDepositsInBanks,USD,,2023-12-31,8765000000.0,10-K,2024-02-16
us-gaap,InterestBearingDepositsInBanks,USD,,2023-12-31,8765000000.0,10-Q,2024-04-30
us-gaap,InterestBearingDepositsInBanks,USD,,2023-12-31,8765000000.0,10-Q,2024-07-30
us-gaap,InterestBearingDepositsInBanks,USD,,2023-12-31,8765000000.0,10-Q,2024-10-29
us-gaap,InterestBearingDepositsInBanks,USD,,2023-12-31,8765000000.0,10-K,2025-02-14
us-gaap,InterestBearingDepositsInBanks,USD,,2024-03-31,11216000000.0,10-Q,2024-04-30
us-gaap,InterestBearingDepositsInBanks,USD,,2024-06-30,11450000000.0,10-Q,2024-07-30
us-gaap,InterestBearingDepositsInBanks,USD,,2024-09-30,11163000000.0,10-Q,2024-10-29
us-gaap,InterestBearingDepositsInBanks,USD,,2024-12-31,11647000000.0,10-K,2025-02-14
us-gaap,InterestBearingDepositsInBanks,USD,,2024-12-31,11647000000.0,10-Q,2025-04-29
us-gaap,InterestBearingDepositsInBanks,USD,,2024-12-31,11647000000.0,10-Q,2025-07-29
us-gaap,InterestBearingDepositsInBanks,USD,,2024-12-31,11647000000.0,10-Q,2025-10-28
us-gaap,InterestBearingDepositsInBanks,USD,,2024-12-31,11647000000.0,10-K,2026-02-13
us-gaap,InterestBearingDepositsInBanks,USD,,2025-03-31,14330000000.0,10-Q,2025-04-29
us-gaap,InterestBearingDepositsInBanks,USD,,2025-06-30,9171000000.0,10-Q,2025-07-29
us-gaap,InterestBearingDepositsInBanks,USD,,2025-09-30,11536000000.0,10-Q,2025-10-28
us-gaap,InterestBearingDepositsInBanks,USD,,2025-12-31,12295000000.0,10-K,2026-02-13
us-gaap,InterestBearingDepositsInBanks,USD,,2025-12-31,12295000000.0,10-Q,2026-04-30
us-gaap,InterestBearingDepositsInBanks,USD,,2026-03-31,17579000000.0,10-Q,2026-04-30
us-gaap,LoansAndLeasesReceivableGrossCarryingAmount,USD,,2009-06-30,38494889000.0,10-Q,2010-08-09
us-gaap,LoansAndLeasesReceivableGrossCarryingAmount,USD,,2009-09-30,37304094000.0,10-Q,2010-10-29
us-gaap,LoansAndLeasesReceivableGrossCarryingAmount,USD,,2009-12-31,36790663000.0,10-Q,2010-08-09
us-gaap,LoansAndLeasesReceivableGrossCarryingAmount,USD,,2009-12-31,36790663000.0,10-Q,2010-10-29
us-gaap,LoansAndLeasesReceivableGrossCarryingAmount,USD,,2009-12-31,36790663000.0,10-K,2011-02-18
us-gaap,LoansAndLeasesReceivableGrossCarryingAmount,USD,,2010-03-31,36931681000.0,10-Q,2011-04-29
us-gaap,LoansAndLeasesReceivableGrossCarryingAmount,USD,,2010-06-30,36969695000.0,10-Q,2010-08-09
us-gaap,LoansAndLeasesReceivableGrossCarryingAmount,USD,,2010-06-30,36969695000.0,10-Q,2011-08-08
us-gaap,LoansAndLeasesReceivableGrossCarryingAmount,USD,,2010-09-30,37500587000.0,10-Q,2010-10-29
us-gaap,LoansAndLeasesReceivableGrossCarryingAmount,USD,,2010-09-30,37500587000.0,10-Q,2011-10-31
us-gaap,LoansAndLeasesReceivableGrossCarryingAmount,USD,,2010-12-31,38106507000.0,10-K,2011-02-18
us-gaap,LoansAndLeasesReceivableGrossCarryingAmount,USD,,2010-12-31,38106507000.0,10-Q,2011-04-29
us-gaap,LoansAndLeasesReceivableGrossCarryingAmount,USD,,2010-12-31,38106507000.0,10-Q,2011-08-08
us-gaap,LoansAndLeasesReceivableGrossCarryingAmount,USD,,2010-12-31,38106507000.0,10-Q,2011-10-31
us-gaap,LoansAndLeasesReceivableGrossCarryingAmount,USD,,2010-12-31,38106507000.0,10-K,2012-02-17
us-gaap,LoansAndLeasesReceivableGrossCarryingAmount,USD,,2010-12-31,38106507000.0,10-K,2013-02-15
us-gaap,LoansAndLeasesReceivableGrossCarryingAmount,USD,,2011-03-31,38245836000.0,10-Q,2011-04-29
us-gaap,LoansAndLeasesReceivableGrossCarryingAmount,USD,,2011-03-31,38245836000.0,10-Q,2012-04-30
us-gaap,LoansAndLeasesReceivableGrossCarryingAmount,USD,,2011-06-30,39126452000.0,10-Q,2011-08-08
us-gaap,LoansAndLeasesReceivableGrossCarryingAmount,USD,,2011-09-30,39011894000.0,10-Q,2011-10-31
us-gaap,LoansAndLeasesReceivableGrossCarryingAmount,USD,,2011-12-31,38923783000.0,10-K,2012-02-17
us-gaap,LoansAndLeasesReceivableGrossCarryingAmount,USD,,2011-12-31,38923783000.0,10-Q,2012-04-30
us-gaap,LoansAndLeasesReceivableGrossCarryingAmount,USD,,2011-12-31,38923783000.0,10-Q,2012-07-30
us-gaap,LoansAndLeasesReceivableGrossCarryingAmount,USD,,2011-12-31,38923783000.0,10-Q,2012-10-31
us-gaap,LoansAndLeasesReceivableGrossCarryingAmount,USD,,2011-12-31,38923783000.0,10-K,2013-02-15
us-gaap,LoansAndLeasesReceivableGrossCarryingAmount,USD,,2012-03-31,40678542000.0,10-Q,2012-04-30
us-gaap,LoansAndLeasesReceivableGrossCarryingAmount,USD,,2012-06-30,39959180000.0,10-Q,2012-07-30
us-gaap,LoansAndLeasesReceivableGrossCarryingAmount,USD,,2012-09-30,40260417000.0,10-Q,2012-10-31
us-gaap,LoansAndLeasesReceivableGrossCarryingAmount,USD,,2012-12-31,40728425000.0,10-K,2013-02-15
us-gaap,LoansAndLeasesReceivableGrossCarryingAmount,USD,,2012-12-31,40728425000.0,10-Q,2013-04-29
us-gaap,LoansAndLeasesReceivableGrossCarryingAmount,USD,,2012-12-31,40728425000.0,10-Q,2013-07-29
us-gaap,LoansAndLeasesReceivableGrossCarryingAmount,USD,,2012-12-31,40728425000.0,10-Q,2013-11-07
us-gaap,LoansAndLeasesReceivableGrossCarryingAmount,USD,,2012-12-31,40728425000.0,10-K,2014-02-14
us-gaap,LoansAndLeasesReceivableGrossCarryingAmount,USD,,2012-12-31,40728425000.0,8-K,2014-05-28
us-gaap,LoansAndLeasesReceivableGrossCarryingAmount,USD,,2013-03-31,41283524000.0,10-Q,2013-04-29
us-gaap,LoansAndLeasesReceivableGrossCarryingAmount,USD,,2013-06-30,41739847000.0,10-Q,2013-07-29
us-gaap,LoansAndLeasesReceivableGrossCarryingAmount,USD,,2013-09-30,42555833000.0,10-Q,2013-11-07
us-gaap,LoansAndLeasesReceivableGrossCarryingAmount,USD,,2013-12-31,43120500000.0,10-K,2014-02-14
us-gaap,LoansAndLeasesReceivableGrossCarryingAmount,USD,,2013-12-31,43120500000.0,10-Q,2014-04-28
us-gaap,LoansAndLeasesReceivableGrossCarryingAmount,USD,,2013-12-31,43120500000.0,8-K,2014-05-28
us-gaap,LoansAndLeasesReceivableGrossCarryingAmount,USD,,2013-12-31,43120500000.0,10-Q,2014-07-30
us-gaap,LoansAndLeasesReceivableGrossCarryingAmount,USD,,2013-12-31,43120500000.0,10-Q,2014-10-28
us-gaap,LoansAndLeasesReceivableGrossCarryingAmount,USD,,2013-12-31,43120500000.0,10-K,2015-02-13
us-gaap,LoansAndLeasesReceivableGrossCarryingAmount,USD,,2014-03-31,44353908000.0,10-Q,2014-04-28
us-gaap,LoansAndLeasesReceivableGrossCarryingAmount,USD,,2014-06-30,46079775000.0,10-Q,2014-07-30
us-gaap,LoansAndLeasesReceivableGrossCarryingAmount,USD,,2014-09-30,46723374000.0,10-Q,2014-10-28
us-gaap,LoansAndLeasesReceivableGrossCarryingAmount,USD,,2014-12-31,47655726000.0,10-K,2015-02-13
us-gaap,LoansAndLeasesReceivableGrossCarryingAmount,USD,,2014-12-31,47655726000.0,10-Q,2015-05-05
us-gaap,LoansAndLeasesReceivableGrossCarryingAmount,USD,,2014-12-31,47655726000.0,10-Q,2015-08-04
us-gaap,LoansAndLeasesReceivableGrossCarryingAmount,USD,,2014-12-31,47655726000.0,10-Q,2015-10-30
us-gaap,LoansAndLeasesReceivableGrossCarryingAmount,USD,,2014-12-31,47655726000.0,10-Q/A,2015-12-18
us-gaap,LoansAndLeasesReceivableGrossCarryingAmount,USD,,2014-12-31,47655726000.0,10-K,2016-02-17
us-gaap,LoansAndLeasesReceivableGrossCarryingAmount,USD,,2015-03-31,47695632000.0,10-Q,2015-05-05
us-gaap,LoansAndLeasesReceivableGrossCarryingAmount,USD,,2015-06-30,48752301000.0,10-Q,2015-08-04
us-gaap,LoansAndLeasesReceivableGrossCarryingAmount,USD,,2015-09-30,49655909000.0,10-Q,2015-10-30
us-gaap,LoansAndLeasesReceivableGrossCarryingAmount,USD,,2015-09-30,49655909000.0,10-Q/A,2015-12-18
us-gaap,LoansAndLeasesReceivableGrossCarryingAmount,USD,,2015-12-31,50341099000.0,10-K,2016-02-17
us-gaap,LoansAndLeasesReceivableGrossCarryingAmount,USD,,2015-12-31,50341099000.0,10-Q,2016-04-29
us-gaap,LoansAndLeasesReceivableGrossCarryingAmount,USD,,2015-12-31,50341099000.0,10-Q,2016-07-29
us-gaap,LoansAndLeasesReceivableGrossCarryingAmount,USD,,2015-12-31,50341099000.0,10-Q,2016-11-08
us-gaap,LoansAndLeasesReceivableGrossCarryingAmount,USD,,2015-12-31,50341099000.0,10-K,2017-02-22
us-gaap,LoansAndLeasesReceivableGrossCarryingAmount,USD,,2016-03-31,51539359000.0,10-Q,2016-04-29
us-gaap,LoansAndLeasesReceivableGrossCarryingAmount,USD,,2016-06-30,52543421000.0,10-Q,2016-07-29
us-gaap,LoansAndLeasesReceivableGrossCarryingAmount,USD,,2016-09-30,66304466000.0,10-Q,2016-11-08
us-gaap,LoansAndLeasesReceivableGrossCarryingAmount,USD,,2016-12-31,66961996000.0,10-K,2017-02-22
us-gaap,LoansAndLeasesReceivableGrossCarryingAmount,USD,,2016-12-31,66961996000.0,10-Q,2017-04-28
us-gaap,LoansAndLeasesReceivableGrossCarryingAmount,USD,,2016-12-31,66961996000.0,10-Q,2017-07-31
us-gaap,LoansAndLeasesReceivableGrossCarryingAmount,USD,,2016-12-31,66961996000.0,10-Q,2017-10-30
us-gaap,LoansAndLeasesReceivableGrossCarryingAmount,USD,,2016-12-31,66962000000.0,10-K,2018-02-16
us-gaap,LoansAndLeasesReceivableGrossCarryingAmount,USD,,2017-03-31,67098269000.0,10-Q,2017-04-28
us-gaap,LoansAndLeasesReceivableGrossCarryingAmount,USD,,2017-06-30,68059310000.0,10-Q,2017-07-31
us-gaap,LoansAndLeasesReceivableGrossCarryingAmount,USD,,2017-09-30,68587296000.0,10-Q,2017-10-30
us-gaap,LoansAndLeasesReceivableGrossCarryingAmount,USD,,2017-12-31,70117000000.0,10-K,2018-02-16
us-gaap,LoansAndLeasesReceivableGrossCarryingAmount,USD,,2017-12-31,70117000000.0,10-Q,2018-04-30
us-gaap,LoansAndLeasesReceivableGrossCarryingAmount,USD,,2017-12-31,70117000000.0,10-Q,2018-07-30
us-gaap,LoansAndLeasesReceivableGrossCarryingAmount,USD,,2017-12-31,70117000000.0,10-Q,2018-10-30
us-gaap,LoansAndLeasesReceivableGrossCarryingAmount,USD,,2017-12-31,70117000000.0,10-K,2019-02-15
us-gaap,LoansAndLeasesReceivableGrossCarryingAmount,USD,,2018-03-31,71163000000.0,10-Q,2018-04-30
us-gaap,LoansAndLeasesReceivableGrossCarryingAmount,USD,,2018-06-30,72406000000.0,10-Q,2018-07-30
us-gaap,LoansAndLeasesReceivableGrossCarryingAmount,USD,,2018-09-30,73370000000.0,10-Q,2018-10-30
us-gaap,LoansAndLeasesReceivableGrossCarryingAmount,USD,,2018-12-31,74900000000.0,10-K,2019-02-15
us-gaap,LoansAndLeasesReceivableGrossCarryingAmount,USD,,2018-12-31,74900000000.0,10-Q,2019-04-29
us-gaap,LoansAndLeasesReceivableGrossCarryingAmount,USD,,2018-12-31,74900000000.0,10-Q,2019-07-29
us-gaap,LoansAndLeasesReceivableGrossCarryingAmount,USD,,2018-12-31,74900000000.0,10-Q,2019-10-28
us-gaap,LoansAndLeasesReceivableGrossCarryingAmount,USD,,2018-12-31,74900000000.0,10-K,2020-02-14
us-gaap,LoansAndLeasesReceivableGrossCarryingAmount,USD,,2019-03-31,75079000000.0,10-Q,2019-04-29
us-gaap,LoansAndLeasesReceivableGrossCarryingAmount,USD,,2019-06-30,75033000000.0,10-Q,2019-07-29
us-gaap,LoansAndLeasesReceivableGrossCarryingAmount,USD,,2019-09-30,74892000000.0,10-Q,2019-10-28
us-gaap,LoansAndLeasesReceivableGrossCarryingAmount,USD,,2019-12-31,75404000000.0,10-K,2020-02-14
us-gaap,LoansAndLeasesReceivableGrossCarryingAmount,USD,,2019-12-31,75404000000.0,10-Q,2020-05-01
us-gaap,LoansAndLeasesReceivableGrossCarryingAmount,USD,,2019-12-31,75404000000.0,10-Q,2020-07-31
us-gaap,LoansAndLeasesReceivableGrossCarryingAmount,USD,,2019-12-31,75404000000.0,10-Q,2020-10-30
us-gaap,LoansAndLeasesReceivableGrossCarryingAmount,USD,,2019-12-31,75404000000.0,10-K,2021-02-26
us-gaap,LoansAndLeasesReceivableGrossCarryingAmount,USD,,2020-03-31,78035000000.0,10-Q,2020-05-01
us-gaap,LoansAndLeasesReceivableGrossCarryingAmount,USD,,2020-06-30,80139000000.0,10-Q,2020-07-31
us-gaap,LoansAndLeasesReceivableGrossCarryingAmount,USD,,2020-09-30,81156000000.0,10-Q,2020-10-30
us-gaap,LoansAndLeasesReceivableGrossCarryingAmount,USD,,2020-12-31,81608000000.0,10-K,2021-02-26
us-gaap,LoansAndLeasesReceivableGrossCarryingAmount,USD,,2020-12-31,81608000000.0,10-Q,2021-04-30
us-gaap,LoansAndLeasesReceivableGrossCarryingAmount,USD,,2020-12-31,81608000000.0,10-Q,2021-08-06
us-gaap,LoansAndLeasesReceivableGrossCarryingAmount,USD,,2020-12-31,81608000000.0,10-Q,2021-11-05
us-gaap,LoansAndLeasesReceivableGrossCarryingAmount,USD,,2020-12-31,81608000000.0,10-K,2022-02-18
us-gaap,LoansAndLeasesReceivableGrossCarryingAmount,USD,,2021-03-31,80230000000.0,10-Q,2021-04-30
us-gaap,LoansAndLeasesReceivableGrossCarryingAmount,USD,,2021-06-30,111905000000.0,10-Q,2021-08-06
us-gaap,LoansAndLeasesReceivableGrossCarryingAmount,USD,,2021-09-30,110567000000.0,10-Q,2021-11-05
us-gaap,LoansAndLeasesReceivableGrossCarryingAmount,USD,,2021-12-31,111920000000.0,10-K,2022-02-18
us-gaap,LoansAndLeasesReceivableNetReportedAmount,USD,,2009-06-30,37577209000.0,10-Q,2010-08-09
us-gaap,LoansAndLeasesReceivableNetReportedAmount,USD,,2009-09-30,36272123000.0,10-Q,2010-10-29
us-gaap,LoansAndLeasesReceivableNetReportedAmount,USD,,2009-12-31,35308184000.0,10-Q,2010-08-09
us-gaap,LoansAndLeasesReceivableNetReportedAmount,USD,,2009-12-31,35308184000.0,10-Q,2010-10-29
us-gaap,LoansAndLeasesReceivableNetReportedAmount,USD,,2009-12-31,35308184000.0,10-K,2011-02-18
us-gaap,LoansAndLeasesReceivableNetReportedAmount,USD,,2010-03-31,35453712000.0,10-Q,2011-04-29
us-gaap,LoansAndLeasesReceivableNetReportedAmount,USD,,2010-06-30,35567535000.0,10-Q,2010-08-09
us-gaap,LoansAndLeasesReceivableNetReportedAmount,USD,,2010-06-30,35567535000.0,10-Q,2011-08-08
us-gaap,LoansAndLeasesReceivableNetReportedAmount,USD,,2010-09-30,36164235000.0,10-Q,2010-10-29
us-gaap,LoansAndLeasesReceivableNetReportedAmount,USD,,2010-09-30,36164235000.0,10-Q,2011-10-31
us-gaap,LoansAndLeasesReceivableNetReportedAmount,USD,,2010-12-31,36857499000.0,10-K,2011-02-18
us-gaap,LoansAndLeasesReceivableNetReportedAmount,USD,,2010-12-31,36857499000.0,10-Q,2011-04-29
us-gaap,LoansAndLeasesReceivableNetReportedAmount,USD,,2010-12-31,36857499000.0,10-Q,2011-08-08
us-gaap,LoansAndLeasesReceivableNetReportedAmount,USD,,2010-12-31,36857499000.0,10-Q,2011-10-31
us-gaap,LoansAndLeasesReceivableNetReportedAmount,USD,,2010-12-31,36857499000.0,10-K,2012-02-17
us-gaap,LoansAndLeasesReceivableNetReportedAmount,USD,,2011-03-31,37112610000.0,10-Q,2011-04-29
us-gaap,LoansAndLeasesReceivableNetReportedAmount,USD,,2011-03-31,37112610000.0,10-Q,2012-04-30
us-gaap,LoansAndLeasesReceivableNetReportedAmount,USD,,2011-06-30,38055326000.0,10-Q,2011-08-08
us-gaap,LoansAndLeasesReceivableNetReportedAmount,USD,,2011-09-30,37992184000.0,10-Q,2011-10-31
us-gaap,LoansAndLeasesReceivableNetReportedAmount,USD,,2011-12-31,37958955000.0,10-K,2012-02-17
us-gaap,LoansAndLeasesReceivableNetReportedAmount,USD,,2011-12-31,37958955000.0,10-Q,2012-04-30
us-gaap,LoansAndLeasesReceivableNetReportedAmount,USD,,2011-12-31,37958955000.0,10-Q,2012-07-30
us-gaap,LoansAndLeasesReceivableNetReportedAmount,USD,,2011-12-31,37958955000.0,10-Q,2012-10-31
us-gaap,LoansAndLeasesReceivableNetReportedAmount,USD,,2011-12-31,37958955000.0,10-K,2013-02-15
us-gaap,LoansAndLeasesReceivableNetReportedAmount,USD,,2012-03-31,39765473000.0,10-Q,2012-04-30
us-gaap,LoansAndLeasesReceivableNetReportedAmount,USD,,2012-06-30,39099534000.0,10-Q,2012-07-30
us-gaap,LoansAndLeasesReceivableNetReportedAmount,USD,,2012-09-30,39471275000.0,10-Q,2012-10-31
us-gaap,LoansAndLeasesReceivableNetReportedAmount,USD,,2012-12-31,39959350000.0,10-K,2013-02-15
us-gaap,LoansAndLeasesReceivableNetReportedAmount,USD,,2012-12-31,39959350000.0,10-Q,2013-04-29
us-gaap,LoansAndLeasesReceivableNetReportedAmount,USD,,2012-12-31,39959350000.0,10-Q,2013-07-29
us-gaap,LoansAndLeasesReceivableNetReportedAmount,USD,,2012-12-31,39959350000.0,10-Q,2013-11-07
us-gaap,LoansAndLeasesReceivableNetReportedAmount,USD,,2012-12-31,39959350000.0,10-K,2014-02-14
us-gaap,LoansAndLeasesReceivableNetReportedAmount,USD,,2012-12-31,39959350000.0,8-K,2014-05-28
us-gaap,LoansAndLeasesReceivableNetReportedAmount,USD,,2013-03-31,40536755000.0,10-Q,2013-04-29
us-gaap,LoansAndLeasesReceivableNetReportedAmount,USD,,2013-06-30,41006771000.0,10-Q,2013-07-29
us-gaap,LoansAndLeasesReceivableNetReportedAmount,USD,,2013-09-30,41889803000.0,10-Q,2013-11-07
us-gaap,LoansAndLeasesReceivableNetReportedAmount,USD,,2013-12-31,42472630000.0,10-K,2014-02-14
us-gaap,LoansAndLeasesReceivableNetReportedAmount,USD,,2013-12-31,42472630000.0,10-Q,2014-04-28
us-gaap,LoansAndLeasesReceivableNetReportedAmount,USD,,2013-12-31,42472630000.0,8-K,2014-05-28
us-gaap,LoansAndLeasesReceivableNetReportedAmount,USD,,2013-12-31,42472630000.0,10-Q,2014-07-30
us-gaap,LoansAndLeasesReceivableNetReportedAmount,USD,,2013-12-31,42472630000.0,10-Q,2014-10-28
us-gaap,LoansAndLeasesReceivableNetReportedAmount,USD,,2013-12-31,42472630000.0,10-K,2015-02-13
us-gaap,LoansAndLeasesReceivableNetReportedAmount,USD,,2014-03-31,43721990000.0,10-Q,2014-04-28
us-gaap,LoansAndLeasesReceivableNetReportedAmount,USD,,2014-06-30,45444674000.0,10-Q,2014-07-30
us-gaap,LoansAndLeasesReceivableNetReportedAmount,USD,,2014-09-30,46092338000.0,10-Q,2014-10-28
us-gaap,LoansAndLeasesReceivableNetReportedAmount,USD,,2014-12-31,47050530000.0,10-K,2015-02-13
us-gaap,LoansAndLeasesReceivableNetReportedAmount,USD,,2014-12-31,47050530000.0,10-Q,2015-05-05
us-gaap,LoansAndLeasesReceivableNetReportedAmount,USD,,2014-12-31,47050530000.0,10-Q,2015-08-04
us-gaap,LoansAndLeasesReceivableNetReportedAmount,USD,,2014-12-31,47050530000.0,10-Q,2015-10-30
us-gaap,LoansAndLeasesReceivableNetReportedAmount,USD,,2014-12-31,47050530000.0,10-Q/A,2015-12-18
us-gaap,LoansAndLeasesReceivableNetReportedAmount,USD,,2014-12-31,47050530000.0,10-K,2016-02-17
us-gaap,LoansAndLeasesReceivableNetReportedAmount,USD,,2015-03-31,47090506000.0,10-Q,2015-05-05
us-gaap,LoansAndLeasesReceivableNetReportedAmount,USD,,2015-06-30,48152759000.0,10-Q,2015-08-04
us-gaap,LoansAndLeasesReceivableNetReportedAmount,USD,,2015-09-30,49063971000.0,10-Q,2015-10-30
us-gaap,LoansAndLeasesReceivableNetReportedAmount,USD,,2015-09-30,49063971000.0,10-Q/A,2015-12-18
us-gaap,LoansAndLeasesReceivableNetReportedAmount,USD,,2015-12-31,49743256000.0,10-K,2016-02-17
us-gaap,LoansAndLeasesReceivableNetReportedAmount,USD,,2015-12-31,49743256000.0,10-Q,2016-04-29
us-gaap,LoansAndLeasesReceivableNetReportedAmount,USD,,2015-12-31,49743256000.0,10-Q,2016-07-29
us-gaap,LoansAndLeasesReceivableNetReportedAmount,USD,,2015-12-31,49743256000.0,10-Q,2016-11-08
us-gaap,LoansAndLeasesReceivableNetReportedAmount,USD,,2015-12-31,49743256000.0,10-K,2017-02-22
us-gaap,LoansAndLeasesReceivableNetReportedAmount,USD,,2016-03-31,50925640000.0,10-Q,2016-04-29
us-gaap,LoansAndLeasesReceivableNetReportedAmount,USD,,2016-06-30,51920357000.0,10-Q,2016-07-29
us-gaap,LoansAndLeasesReceivableNetReportedAmount,USD,,2016-09-30,65687568000.0,10-Q,2016-11-08
us-gaap,LoansAndLeasesReceivableNetReportedAmount,USD,,2016-12-31,66323583000.0,10-K,2017-02-22
us-gaap,LoansAndLeasesReceivableNetReportedAmount,USD,,2016-12-31,66323583000.0,10-Q,2017-04-28
us-gaap,LoansAndLeasesReceivableNetReportedAmount,USD,,2016-12-31,66323583000.0,10-Q,2017-07-31
us-gaap,LoansAndLeasesReceivableNetReportedAmount,USD,,2016-12-31,66323583000.0,10-Q,2017-10-30
us-gaap,LoansAndLeasesReceivableNetReportedAmount,USD,,2016-12-31,66324000000.0,10-K,2018-02-16
us-gaap,LoansAndLeasesReceivableNetReportedAmount,USD,,2017-03-31,66425689000.0,10-Q,2017-04-28
us-gaap,LoansAndLeasesReceivableNetReportedAmount,USD,,2017-06-30,67391314000.0,10-Q,2017-07-31
us-gaap,LoansAndLeasesReceivableNetReportedAmount,USD,,2017-09-30,67911810000.0,10-Q,2017-10-30
us-gaap,LoansAndLeasesReceivableNetReportedAmount,USD,,2017-12-31,69426000000.0,10-K,2018-02-16
us-gaap,LoansAndLeasesReceivableNetReportedAmount,USD,,2017-12-31,69426000000.0,10-Q,2018-04-30
us-gaap,LoansAndLeasesReceivableNetReportedAmount,USD,,2017-12-31,69426000000.0,10-Q,2018-07-30
us-gaap,LoansAndLeasesReceivableNetReportedAmount,USD,,2017-12-31,69426000000.0,10-Q,2018-10-30
us-gaap,LoansAndLeasesReceivableNetReportedAmount,USD,,2017-12-31,69426000000.0,10-K,2019-02-15
us-gaap,LoansAndLeasesReceivableNetReportedAmount,USD,,2018-03-31,70442000000.0,10-Q,2018-04-30
us-gaap,LoansAndLeasesReceivableNetReportedAmount,USD,,2018-06-30,71665000000.0,10-Q,2018-07-30
us-gaap,LoansAndLeasesReceivableNetReportedAmount,USD,,2018-09-30,72609000000.0,10-Q,2018-10-30
us-gaap,LoansAndLeasesReceivableNetReportedAmount,USD,,2018-12-31,74128000000.0,10-K,2019-02-15
us-gaap,LoansAndLeasesReceivableNetReportedAmount,USD,,2018-12-31,74128000000.0,10-Q,2019-04-29
us-gaap,LoansAndLeasesReceivableNetReportedAmount,USD,,2018-12-31,74128000000.0,10-Q,2019-07-29
us-gaap,LoansAndLeasesReceivableNetReportedAmount,USD,,2018-12-31,74128000000.0,10-Q,2019-10-28
us-gaap,LoansAndLeasesReceivableNetReportedAmount,USD,,2018-12-31,74128000000.0,10-K,2020-02-14
us-gaap,LoansAndLeasesReceivableNetReportedAmount,USD,,2019-03-31,74315000000.0,10-Q,2019-04-29
us-gaap,LoansAndLeasesReceivableNetReportedAmount,USD,,2019-06-30,74259000000.0,10-Q,2019-07-29
us-gaap,LoansAndLeasesReceivableNetReportedAmount,USD,,2019-09-30,74109000000.0,10-Q,2019-10-28
us-gaap,LoansAndLeasesReceivableNetReportedAmount,USD,,2019-12-31,74621000000.0,10-K,2020-02-14
us-gaap,LoansAndLeasesReceivableNetReportedAmount,USD,,2019-12-31,74621000000.0,10-Q,2020-05-01
us-gaap,LoansAndLeasesReceivableNetReportedAmount,USD,,2019-12-31,74621000000.0,10-Q,2020-07-31
us-gaap,LoansAndLeasesReceivableNetReportedAmount,USD,,2019-12-31,74621000000.0,10-Q,2020-10-30
us-gaap,LoansAndLeasesReceivableNetReportedAmount,USD,,2019-12-31,74621000000.0,10-K,2021-02-26
us-gaap,LoansAndLeasesReceivableNetReportedAmount,USD,,2020-03-31,76531000000.0,10-Q,2020-05-01
us-gaap,LoansAndLeasesReceivableNetReportedAmount,USD,,2020-06-30,78437000000.0,10-Q,2020-07-31
us-gaap,LoansAndLeasesReceivableNetReportedAmount,USD,,2020-09-30,79360000000.0,10-Q,2020-10-30
us-gaap,LoansAndLeasesReceivableNetReportedAmount,USD,,2020-12-31,79794000000.0,10-K,2021-02-26
us-gaap,LoansAndLeasesReceivableNetReportedAmount,USD,,2020-12-31,79794000000.0,10-Q,2021-04-30
us-gaap,LoansAndLeasesReceivableNetReportedAmount,USD,,2020-12-31,79794000000.0,10-Q,2021-08-06
us-gaap,LoansAndLeasesReceivableNetReportedAmount,USD,,2020-12-31,79794000000.0,10-Q,2021-11-05
us-gaap,LoansAndLeasesReceivableNetReportedAmount,USD,,2020-12-31,79794000000.0,10-K,2022-02-18
us-gaap,LoansAndLeasesReceivableNetReportedAmount,USD,,2021-03-31,78527000000.0,10-Q,2021-04-30
us-gaap,LoansAndLeasesReceivableNetReportedAmount,USD,,2021-06-30,109687000000.0,10-Q,2021-08-06
us-gaap,LoansAndLeasesReceivableNetReportedAmount,USD,,2021-09-30,108460000000.0,10-Q,2021-11-05
us-gaap,LoansAndLeasesReceivableNetReportedAmount,USD,,2021-12-31,109890000000.0,10-K,2022-02-18
us-gaap,LongTermDebt,USD,,2013-12-31,2458272000.0,10-K,2015-02-13
us-gaap,LongTermDebt,USD,,2014-12-31,4335962000.0,10-K,2015-02-13
us-gaap,LongTermDebt,USD,,2014-12-31,4335962000.0,10-Q,2015-05-05
us-gaap,LongTermDebt,USD,,2014-12-31,4335962000.0,10-Q,2015-08-04
us-gaap,LongTermDebt,USD,,2014-12-31,4335962000.0,10-Q,2015-10-30
us-gaap,LongTermDebt,USD,,2014-12-31,4335962000.0,10-Q/A,2015-12-18
us-gaap,LongTermDebt,USD,,2014-12-31,4335962000.0,10-K,2016-02-17
us-gaap,LongTermDebt,USD,,2015-03-31,5158836000.0,10-Q,2015-05-05
us-gaap,LongTermDebt,USD,,2015-06-30,5854584000.0,10-Q,2015-08-04
us-gaap,LongTermDebt,USD,,2015-09-30,6359445000.0,10-Q,2015-10-30
us-gaap,LongTermDebt,USD,,2015-09-30,6359445000.0,10-Q/A,2015-12-18
us-gaap,LongTermDebt,USD,,2015-12-31,7067614000.0,10-K,2016-02-17
us-gaap,LongTermDebt,USD,,2015-12-31,7041364000.0,10-Q,2016-04-29
us-gaap,LongTermDebt,USD,,2015-12-31,7041364000.0,10-Q,2016-07-29
us-gaap,LongTermDebt,USD,,2015-12-31,7041364000.0,10-Q,2016-11-08
us-gaap,LongTermDebt,USD,,2015-12-31,7041364000.0,10-K,2017-02-22
us-gaap,LongTermDebt,USD,,2016-03-31,7935412000.0,10-Q,2016-04-29
us-gaap,LongTermDebt,USD,,2016-06-30,7929820000.0,10-Q,2016-07-29
us-gaap,LongTermDebt,USD,,2016-09-30,8998571000.0,10-Q,2016-11-08
us-gaap,LongTermDebt,USD,,2016-12-31,8309159000.0,10-K,2017-02-22
us-gaap,LongTermDebt,USD,,2016-12-31,8309159000.0,10-Q,2017-04-28
us-gaap,LongTermDebt,USD,,2016-12-31,8309159000.0,10-Q,2017-07-31
us-gaap,LongTermDebt,USD,,2016-12-31,8309159000.0,10-Q,2017-10-30
us-gaap,LongTermDebt,USD,,2016-12-31,8309000000.0,10-K,2018-02-16
us-gaap,LongTermDebt,USD,,2017-03-31,9279140000.0,10-Q,2017-04-28
us-gaap,LongTermDebt,USD,,2017-06-30,8536471000.0,10-Q,2017-07-31
us-gaap,LongTermDebt,USD,,2017-09-30,9200707000.0,10-Q,2017-10-30
us-gaap,LongTermDebt,USD,,2017-12-31,9206000000.0,10-K,2018-02-16
us-gaap,LongTermDebt,USD,,2017-12-31,9206000000.0,10-Q,2018-04-30
us-gaap,LongTermDebt,USD,,2017-12-31,9206000000.0,10-Q,2018-07-30
us-gaap,LongTermDebt,USD,,2017-12-31,9206000000.0,10-Q,2018-10-30
us-gaap,LongTermDebt,USD,,2017-12-31,9206000000.0,10-K,2019-02-15
us-gaap,LongTermDebt,USD,,2018-03-31,8618000000.0,10-Q,2018-04-30
us-gaap,LongTermDebt,USD,,2018-06-30,9726000000.0,10-Q,2018-07-30
us-gaap,LongTermDebt,USD,,2018-09-30,9385000000.0,10-Q,2018-10-30
us-gaap,LongTermDebt,USD,,2018-12-31,8625000000.0,10-K,2019-02-15
us-gaap,LongTermDebt,USD,,2018-12-31,8625000000.0,10-Q,2019-04-29
us-gaap,LongTermDebt,USD,,2018-12-31,8625000000.0,10-Q,2019-07-29
us-gaap,LongTermDebt,USD,,2018-12-31,8625000000.0,10-Q,2019-10-28
us-gaap,LongTermDebt,USD,,2018-12-31,8625000000.0,10-K,2020-02-14
us-gaap,LongTermDebt,USD,,2019-03-31,9400000000.0,10-Q,2019-04-29
us-gaap,LongTermDebt,USD,,2019-06-30,8973000000.0,10-Q,2019-07-29
us-gaap,LongTermDebt,USD,,2019-09-30,9874000000.0,10-Q,2019-10-28
us-gaap,LongTermDebt,USD,,2019-12-31,9849000000.0,10-K,2020-02-14
us-gaap,LongTermDebt,USD,,2019-12-31,9849000000.0,10-Q,2020-05-01
us-gaap,LongTermDebt,USD,,2019-12-31,9849000000.0,10-Q,2020-07-31
us-gaap,LongTermDebt,USD,,2019-12-31,9849000000.0,10-Q,2020-10-30
us-gaap,LongTermDebt,USD,,2019-12-31,9849000000.0,10-K,2021-02-26
us-gaap,LongTermDebt,USD,,2020-03-31,9796000000.0,10-Q,2020-05-01
us-gaap,LongTermDebt,USD,,2020-06-30,9753000000.0,10-Q,2020-07-31
us-gaap,LongTermDebt,USD,,2020-09-30,9174000000.0,10-Q,2020-10-30
us-gaap,LongTermDebt,USD,,2020-12-31,8352000000.0,10-K,2021-02-26
us-gaap,LongTermDebt,USD,,2020-12-31,8352000000.0,10-Q,2021-04-30
us-gaap,LongTermDebt,USD,,2020-12-31,8352000000.0,10-Q,2021-08-06
us-gaap,LongTermDebt,USD,,2020-12-31,8352000000.0,10-Q,2021-11-05
us-gaap,LongTermDebt,USD,,2020-12-31,8352000000.0,10-K,2022-02-18
us-gaap,LongTermDebt,USD,,2021-03-31,7210000000.0,10-Q,2021-04-30
us-gaap,LongTermDebt,USD,,2021-06-30,7342000000.0,10-Q,2021-08-06
us-gaap,LongTermDebt,USD,,2021-09-30,7779000000.0,10-Q,2021-11-05
us-gaap,LongTermDebt,USD,,2021-12-31,7108000000.0,10-K,2022-02-18
us-gaap,LongTermDebt,USD,,2021-12-31,7108000000.0,10-Q,2022-04-29
us-gaap,LongTermDebt,USD,,2021-12-31,7108000000.0,10-Q,2022-07-29
us-gaap,LongTermDebt,USD,,2021-12-31,7108000000.0,10-Q,2022-10-28
us-gaap,LongTermDebt,USD,,2021-12-31,7108000000.0,10-K,2023-02-17
us-gaap,LongTermDebt,USD,,2022-03-31,6508000000.0,10-Q,2022-04-29
us-gaap,LongTermDebt,USD,,2022-06-30,7866000000.0,10-Q,2022-07-29
us-gaap,LongTermDebt,USD,,2022-09-30,10168000000.0,10-Q,2022-10-28
us-gaap,LongTermDebt,USD,,2022-12-31,9686000000.0,10-K,2023-02-17
us-gaap,LongTermDebt,USD,,2022-12-31,9686000000.0,10-Q,2023-04-28
us-gaap,LongTermDebt,USD,,2022-12-31,9686000000.0,10-Q,2023-07-28
us-gaap,LongTermDebt,USD,,2022-12-31,9686000000.0,10-Q,2023-10-27
us-gaap,LongTermDebt,USD,,2022-12-31,9686000000.0,10-K,2024-02-16
us-gaap,LongTermDebt,USD,,2023-03-31,13072000000.0,10-Q,2023-04-28
us-gaap,LongTermDebt,USD,,2023-06-30,14711000000.0,10-Q,2023-07-28
us-gaap,LongTermDebt,USD,,2023-09-30,12822000000.0,10-Q,2023-10-27
us-gaap,LongTermDebt,USD,,2023-12-31,12394000000.0,10-K,2024-02-16
us-gaap,LongTermDebt,USD,,2023-12-31,12394000000.0,10-Q,2024-04-30
us-gaap,LongTermDebt,USD,,2023-12-31,12394000000.0,10-Q,2024-07-30
us-gaap,LongTermDebt,USD,,2023-12-31,12394000000.0,10-Q,2024-10-29
us-gaap,LongTermDebt,USD,,2023-12-31,12394000000.0,10-K,2025-02-14
us-gaap,LongTermDebt,USD,,2024-03-31,14894000000.0,10-Q,2024-04-30
us-gaap,LongTermDebt,USD,,2024-06-30,16461000000.0,10-Q,2024-07-30
us-gaap,LongTermDebt,USD,,2024-09-30,15656000000.0,10-Q,2024-10-29
us-gaap,LongTermDebt,USD,,2024-12-31,16374000000.0,10-K,2025-02-14
us-gaap,LongTermDebt,USD,,2024-12-31,16374000000.0,10-Q,2025-04-29
us-gaap,LongTermDebt,USD,,2024-12-31,16374000000.0,10-Q,2025-07-29
us-gaap,LongTermDebt,USD,,2024-12-31,16374000000.0,10-Q,2025-10-28
us-gaap,LongTermDebt,USD,,2024-12-31,16374000000.0,10-K,2026-02-13
us-gaap,LongTermDebt,USD,,2025-03-31,18096000000.0,10-Q,2025-04-29
us-gaap,LongTermDebt,USD,,2025-06-30,17467000000.0,10-Q,2025-07-29
us-gaap,LongTermDebt,USD,,2025-09-30,17315000000.0,10-Q,2025-10-28
us-gaap,LongTermDebt,USD,,2025-12-31,17221000000.0,10-K,2026-02-13
us-gaap,LongTermDebt,USD,,2025-12-31,17221000000.0,10-Q,2026-04-30
us-gaap,LongTermDebt,USD,,2026-03-31,21594000000.0,10-Q,2026-04-30
us-gaap,PreferredStockValue,USD,,2016-12-31,1071000000.0,10-K,2018-02-16
us-gaap,PreferredStockValue,USD,,2017-12-31,1071000000.0,10-K,2018-02-16
us-gaap,PreferredStockValue,USD,,2017-12-31,1071000000.0,10-Q,2018-04-30
us-gaap,PreferredStockValue,USD,,2017-12-31,1071000000.0,10-Q,2018-07-30
us-gaap,PreferredStockValue,USD,,2017-12-31,1071000000.0,10-Q,2018-10-30
us-gaap,PreferredStockValue,USD,,2017-12-31,1071000000.0,10-K,2019-02-15
us-gaap,PreferredStockValue,USD,,2018-03-31,1203000000.0,10-Q,2018-04-30
us-gaap,PreferredStockValue,USD,,2018-06-30,1203000000.0,10-Q,2018-07-30
us-gaap,PreferredStockValue,USD,,2018-09-30,1203000000.0,10-Q,2018-10-30
us-gaap,PreferredStockValue,USD,,2018-12-31,1203000000.0,10-K,2019-02-15
us-gaap,PreferredStockValue,USD,,2018-12-31,1203000000.0,10-Q,2019-04-29
us-gaap,PreferredStockValue,USD,,2018-12-31,1203000000.0,10-Q,2019-07-29
us-gaap,PreferredStockValue,USD,,2018-12-31,1203000000.0,10-Q,2019-10-28
us-gaap,PreferredStockValue,USD,,2018-12-31,1203000000.0,10-K,2020-02-14
us-gaap,PreferredStockValue,USD,,2019-03-31,1203000000.0,10-Q,2019-04-29
us-gaap,PreferredStockValue,USD,,2019-06-30,1203000000.0,10-Q,2019-07-29
us-gaap,PreferredStockValue,USD,,2019-09-30,1203000000.0,10-Q,2019-10-28
us-gaap,PreferredStockValue,USD,,2019-12-31,1203000000.0,10-K,2020-02-14
us-gaap,PreferredStockValue,USD,,2019-12-31,1203000000.0,10-Q,2020-05-01
us-gaap,PreferredStockValue,USD,,2019-12-31,1203000000.0,10-Q,2020-07-31
us-gaap,PreferredStockValue,USD,,2019-12-31,1203000000.0,10-Q,2020-10-30
us-gaap,PreferredStockValue,USD,,2019-12-31,1203000000.0,10-K,2021-02-26
us-gaap,PreferredStockValue,USD,,2020-03-31,1203000000.0,10-Q,2020-05-01
us-gaap,PreferredStockValue,USD,,2020-06-30,1697000000.0,10-Q,2020-07-31
us-gaap,PreferredStockValue,USD,,2020-09-30,2191000000.0,10-Q,2020-10-30
us-gaap,PreferredStockValue,USD,,2020-12-31,2191000000.0,10-K,2021-02-26
us-gaap,PreferredStockValue,USD,,2020-12-31,2191000000.0,10-Q,2021-04-30
us-gaap,PreferredStockValue,USD,,2020-12-31,2191000000.0,10-Q,2021-08-06
us-gaap,PreferredStockValue,USD,,2020-12-31,2191000000.0,10-Q,2021-11-05
us-gaap,PreferredStockValue,USD,,2020-12-31,2191000000.0,10-K,2022-02-18
us-gaap,PreferredStockValue,USD,,2021-03-31,2676000000.0,10-Q,2021-04-30
us-gaap,PreferredStockValue,USD,,2021-06-30,2851000000.0,10-Q,2021-08-06
us-gaap,PreferredStockValue,USD,,2021-09-30,2267000000.0,10-Q,2021-11-05
us-gaap,PreferredStockValue,USD,,2021-12-31,2167000000.0,10-K,2022-02-18
us-gaap,PreferredStockValue,USD,,2021-12-31,2167000000.0,10-Q,2022-04-29
us-gaap,PreferredStockValue,USD,,2021-12-31,2167000000.0,10-Q,2022-07-29
us-gaap,PreferredStockValue,USD,,2021-12-31,2167000000.0,10-Q,2022-10-28
us-gaap,PreferredStockValue,USD,,2021-12-31,2167000000.0,10-K,2023-02-17
us-gaap,PreferredStockValue,USD,,2022-03-31,2167000000.0,10-Q,2022-04-29
us-gaap,PreferredStockValue,USD,,2022-06-30,2167000000.0,10-Q,2022-07-29
us-gaap,PreferredStockValue,USD,,2022-09-30,2167000000.0,10-Q,2022-10-28
us-gaap,PreferredStockValue,USD,,2022-12-31,2167000000.0,10-K,2023-02-17
us-gaap,PreferredStockValue,USD,,2022-12-31,2167000000.0,10-Q,2023-04-28
us-gaap,PreferredStockValue,USD,,2022-12-31,2167000000.0,10-Q,2023-07-28
us-gaap,PreferredStockValue,USD,,2022-12-31,2167000000.0,10-Q,2023-10-27
us-gaap,PreferredStockValue,USD,,2022-12-31,2167000000.0,10-K,2024-02-16
us-gaap,PreferredStockValue,USD,,2023-03-31,2484000000.0,10-Q,2023-04-28
us-gaap,PreferredStockValue,USD,,2023-06-30,2484000000.0,10-Q,2023-07-28
us-gaap,PreferredStockValue,USD,,2023-09-30,2484000000.0,10-Q,2023-10-27
us-gaap,PreferredStockValue,USD,,2023-12-31,2394000000.0,10-K,2024-02-16
us-gaap,PreferredStockValue,USD,,2023-12-31,2394000000.0,10-Q,2024-04-30
us-gaap,PreferredStockValue,USD,,2023-12-31,2394000000.0,10-Q,2024-07-30
us-gaap,PreferredStockValue,USD,,2023-12-31,2394000000.0,10-Q,2024-10-29
us-gaap,PreferredStockValue,USD,,2023-12-31,2394000000.0,10-K,2025-02-14
us-gaap,PreferredStockValue,USD,,2024-03-31,2394000000.0,10-Q,2024-04-30
us-gaap,PreferredStockValue,USD,,2024-06-30,2394000000.0,10-Q,2024-07-30
us-gaap,PreferredStockValue,USD,,2024-09-30,2394000000.0,10-Q,2024-10-29
us-gaap,PreferredStockValue,USD,,2024-12-31,1989000000.0,10-K,2025-02-14
us-gaap,PreferredStockValue,USD,,2024-12-31,1989000000.0,10-Q,2025-04-29
us-gaap,PreferredStockValue,USD,,2024-12-31,1989000000.0,10-Q,2025-07-29
us-gaap,PreferredStockValue,USD,,2024-12-31,1989000000.0,10-Q,2025-10-28
us-gaap,PreferredStockValue,USD,,2024-12-31,1989000000.0,10-K,2026-02-13
us-gaap,PreferredStockValue,USD,,2025-03-31,1989000000.0,10-Q,2025-04-29
us-gaap,PreferredStockValue,USD,,2025-06-30,1989000000.0,10-Q,2025-07-29
us-gaap,PreferredStockValue,USD,,2025-09-30,2731000000.0,10-Q,2025-10-28
us-gaap,PreferredStockValue,USD,,2025-12-31,2731000000.0,10-K,2026-02-13
us-gaap,PreferredStockValue,USD,,2025-12-31,2731000000.0,10-Q,2026-04-30
us-gaap,PreferredStockValue,USD,,2026-03-31,2881000000.0,10-Q,2026-04-30
us-gaap,ShortTermBorrowings,USD,,2009-06-30,862056000.0,10-Q,2010-08-09
us-gaap,ShortTermBorrowings,USD,,2009-09-30,852076000.0,10-Q,2010-10-29
us-gaap,ShortTermBorrowings,USD,,2009-12-31,876241000.0,10-Q,2010-08-09
us-gaap,ShortTermBorrowings,USD,,2009-12-31,876241000.0,10-Q,2010-10-29
us-gaap,ShortTermBorrowings,USD,,2009-12-31,876241000.0,10-K,2011-02-18
us-gaap,ShortTermBorrowings,USD,,2010-03-31,980839000.0,10-Q,2011-04-29
us-gaap,ShortTermBorrowings,USD,,2010-06-30,1093218000.0,10-Q,2010-08-09
us-gaap,ShortTermBorrowings,USD,,2010-06-30,1093218000.0,10-Q,2011-08-08
us-gaap,ShortTermBorrowings,USD,,2010-09-30,1859134000.0,10-Q,2010-10-29
us-gaap,ShortTermBorrowings,USD,,2010-09-30,1859134000.0,10-Q,2011-10-31
us-gaap,ShortTermBorrowings,USD,,2010-12-31,2040732000.0,10-K,2011-02-18
us-gaap,ShortTermBorrowings,USD,,2010-12-31,2040732000.0,10-Q,2011-04-29
us-gaap,ShortTermBorrowings,USD,,2010-12-31,2040732000.0,10-Q,2011-08-08
us-gaap,ShortTermBorrowings,USD,,2010-12-31,2040732000.0,10-Q,2011-10-31
us-gaap,ShortTermBorrowings,USD,,2010-12-31,2040732000.0,10-K,2012-02-17
us-gaap,ShortTermBorrowings,USD,,2011-03-31,2051258000.0,10-Q,2011-04-29
us-gaap,ShortTermBorrowings,USD,,2011-03-31,2051258000.0,10-Q,2012-04-30
us-gaap,ShortTermBorrowings,USD,,2011-06-30,2022946000.0,10-Q,2011-08-08
us-gaap,ShortTermBorrowings,USD,,2011-09-30,2224986000.0,10-Q,2011-10-31
us-gaap,ShortTermBorrowings,USD,,2011-12-31,1441092000.0,10-K,2012-02-17
us-gaap,ShortTermBorrowings,USD,,2011-12-31,1441092000.0,10-Q,2012-04-30
us-gaap,ShortTermBorrowings,USD,,2011-12-31,1441092000.0,10-Q,2012-07-30
us-gaap,ShortTermBorrowings,USD,,2011-12-31,1441092000.0,10-Q,2012-10-31
us-gaap,ShortTermBorrowings,USD,,2011-12-31,1441092000.0,10-K,2013-02-15
us-gaap,ShortTermBorrowings,USD,,2012-03-31,1504086000.0,10-Q,2012-04-30
us-gaap,ShortTermBorrowings,USD,,2012-06-30,1205995000.0,10-Q,2012-07-30
us-gaap,ShortTermBorrowings,USD,,2012-09-30,1259771000.0,10-Q,2012-10-31
us-gaap,ShortTermBorrowings,USD,,2012-12-31,589814000.0,10-K,2013-02-15
us-gaap,ShortTermBorrowings,USD,,2012-12-31,589814000.0,10-Q,2013-04-29
us-gaap,ShortTermBorrowings,USD,,2012-12-31,589814000.0,10-Q,2013-07-29
us-gaap,ShortTermBorrowings,USD,,2012-12-31,589814000.0,10-Q,2013-11-07
us-gaap,ShortTermBorrowings,USD,,2012-12-31,589814000.0,10-K,2014-02-14
us-gaap,ShortTermBorrowings,USD,,2012-12-31,589814000.0,8-K,2014-05-28
us-gaap,ShortTermBorrowings,USD,,2013-03-31,732705000.0,10-Q,2013-04-29
us-gaap,ShortTermBorrowings,USD,,2013-06-30,630405000.0,10-Q,2013-07-29
us-gaap,ShortTermBorrowings,USD,,2013-09-30,660932000.0,10-Q,2013-11-07
us-gaap,ShortTermBorrowings,USD,,2013-12-31,552143000.0,10-K,2014-02-14
us-gaap,ShortTermBorrowings,USD,,2013-12-31,552143000.0,10-Q,2014-04-28
us-gaap,ShortTermBorrowings,USD,,2013-12-31,552143000.0,8-K,2014-05-28
us-gaap,ShortTermBorrowings,USD,,2013-12-31,552143000.0,10-Q,2014-07-30
us-gaap,ShortTermBorrowings,USD,,2013-12-31,552143000.0,10-Q,2014-10-28
us-gaap,ShortTermBorrowings,USD,,2013-12-31,2352143000.0,10-K,2015-02-13
us-gaap,ShortTermBorrowings,USD,,2014-03-31,1398393000.0,10-Q,2014-04-28
us-gaap,ShortTermBorrowings,USD,,2014-06-30,1252409000.0,10-Q,2014-07-30
us-gaap,ShortTermBorrowings,USD,,2014-09-30,1530938000.0,10-Q,2014-10-28
us-gaap,ShortTermBorrowings,USD,,2014-12-31,2397101000.0,10-K,2015-02-13
us-gaap,ShortTermBorrowings,USD,,2014-12-31,2397101000.0,10-Q,2015-05-05
us-gaap,ShortTermBorrowings,USD,,2014-12-31,2397101000.0,10-Q,2015-08-04
us-gaap,ShortTermBorrowings,USD,,2014-12-31,2397101000.0,10-Q,2015-10-30
us-gaap,ShortTermBorrowings,USD,,2014-12-31,2397101000.0,10-Q/A,2015-12-18
us-gaap,ShortTermBorrowings,USD,,2014-12-31,2397101000.0,10-K,2016-02-17
us-gaap,ShortTermBorrowings,USD,,2015-03-31,2007236000.0,10-Q,2015-05-05
us-gaap,ShortTermBorrowings,USD,,2015-06-30,1511444000.0,10-Q,2015-08-04
us-gaap,ShortTermBorrowings,USD,,2015-09-30,1453812000.0,10-Q,2015-10-30
us-gaap,ShortTermBorrowings,USD,,2015-09-30,1453812000.0,10-Q/A,2015-12-18
us-gaap,ShortTermBorrowings,USD,,2015-12-31,615279000.0,10-K,2016-02-17
us-gaap,ShortTermBorrowings,USD,,2015-12-31,615279000.0,10-Q,2016-04-29
us-gaap,ShortTermBorrowings,USD,,2015-12-31,615279000.0,10-Q,2016-07-29
us-gaap,ShortTermBorrowings,USD,,2015-12-31,615279000.0,10-Q,2016-11-08
us-gaap,ShortTermBorrowings,USD,,2015-12-31,615279000.0,10-K,2017-02-22
us-gaap,ShortTermBorrowings,USD,,2016-03-31,471375000.0,10-Q,2016-04-29
us-gaap,ShortTermBorrowings,USD,,2016-06-30,1956745000.0,10-Q,2016-07-29
us-gaap,ShortTermBorrowings,USD,,2016-09-30,2148118000.0,10-Q,2016-11-08
us-gaap,ShortTermBorrowings,USD,,2016-12-31,3692654000.0,10-K,2017-02-22
us-gaap,ShortTermBorrowings,USD,,2016-12-31,3692654000.0,10-Q,2017-04-28
us-gaap,ShortTermBorrowings,USD,,2016-12-31,3692654000.0,10-Q,2017-07-31
us-gaap,ShortTermBorrowings,USD,,2016-12-31,3692654000.0,10-Q,2017-10-30
us-gaap,ShortTermBorrowings,USD,,2016-12-31,3693000000.0,10-K,2018-02-16
us-gaap,ShortTermBorrowings,USD,,2017-03-31,1263430000.0,10-Q,2017-04-28
us-gaap,ShortTermBorrowings,USD,,2017-06-30,4552877000.0,10-Q,2017-07-31
us-gaap,ShortTermBorrowings,USD,,2017-09-30,1829549000.0,10-Q,2017-10-30
us-gaap,ShortTermBorrowings,USD,,2017-12-31,5056000000.0,10-K,2018-02-16
us-gaap,ShortTermBorrowings,USD,,2017-12-31,5056000000.0,10-Q,2018-04-30
us-gaap,ShortTermBorrowings,USD,,2017-12-31,5056000000.0,10-Q,2018-07-30
us-gaap,ShortTermBorrowings,USD,,2017-12-31,5056000000.0,10-Q,2018-10-30
us-gaap,ShortTermBorrowings,USD,,2017-12-31,5056000000.0,10-K,2019-02-15
us-gaap,ShortTermBorrowings,USD,,2018-03-31,2854000000.0,10-Q,2018-04-30
us-gaap,ShortTermBorrowings,USD,,2018-06-30,2442000000.0,10-Q,2018-07-30
us-gaap,ShortTermBorrowings,USD,,2018-09-30,1348000000.0,10-Q,2018-10-30
us-gaap,ShortTermBorrowings,USD,,2018-12-31,2017000000.0,10-K,2019-02-15
us-gaap,ShortTermBorrowings,USD,,2018-12-31,2017000000.0,10-Q,2019-04-29
us-gaap,ShortTermBorrowings,USD,,2018-12-31,2017000000.0,10-Q,2019-07-29
us-gaap,ShortTermBorrowings,USD,,2018-12-31,2017000000.0,10-Q,2019-10-28
us-gaap,ShortTermBorrowings,USD,,2018-12-31,2017000000.0,10-K,2020-02-14
us-gaap,ShortTermBorrowings,USD,,2019-03-31,2862000000.0,10-Q,2019-04-29
us-gaap,ShortTermBorrowings,USD,,2019-06-30,4161000000.0,10-Q,2019-07-29
us-gaap,ShortTermBorrowings,USD,,2019-09-30,2173000000.0,10-Q,2019-10-28
us-gaap,ShortTermBorrowings,USD,,2019-12-31,2606000000.0,10-K,2020-02-14
us-gaap,ShortTermBorrowings,USD,,2019-12-31,2606000000.0,10-Q,2020-05-01
us-gaap,ShortTermBorrowings,USD,,2019-12-31,2606000000.0,10-Q,2020-07-31
us-gaap,ShortTermBorrowings,USD,,2019-12-31,2606000000.0,10-Q,2020-10-30
us-gaap,ShortTermBorrowings,USD,,2019-12-31,2606000000.0,10-K,2021-02-26
us-gaap,ShortTermBorrowings,USD,,2020-03-31,2826000000.0,10-Q,2020-05-01
us-gaap,ShortTermBorrowings,USD,,2020-06-30,146000000.0,10-Q,2020-07-31
us-gaap,ShortTermBorrowings,USD,,2020-09-30,222000000.0,10-Q,2020-10-30
us-gaap,ShortTermBorrowings,USD,,2020-12-31,183000000.0,10-K,2021-02-26
us-gaap,ShortTermBorrowings,USD,,2020-12-31,183000000.0,10-Q,2021-04-30
us-gaap,ShortTermBorrowings,USD,,2020-12-31,183000000.0,10-Q,2021-08-06
us-gaap,ShortTermBorrowings,USD,,2020-12-31,183000000.0,10-Q,2021-11-05
us-gaap,ShortTermBorrowings,USD,,2020-12-31,183000000.0,10-K,2022-02-18
us-gaap,ShortTermBorrowings,USD,,2021-03-31,219000000.0,10-Q,2021-04-30
us-gaap,ShortTermBorrowings,USD,,2021-06-30,391000000.0,10-Q,2021-08-06
us-gaap,ShortTermBorrowings,USD,,2021-09-30,435000000.0,10-Q,2021-11-05
us-gaap,ShortTermBorrowings,USD,,2021-12-31,334000000.0,10-K,2022-02-18
us-gaap,ShortTermBorrowings,USD,,2021-12-31,334000000.0,10-Q,2022-04-29
us-gaap,ShortTermBorrowings,USD,,2021-12-31,334000000.0,10-Q,2022-07-29
us-gaap,ShortTermBorrowings,USD,,2021-12-31,334000000.0,10-Q,2022-10-28
us-gaap,ShortTermBorrowings,USD,,2021-12-31,334000000.0,10-K,2023-02-17
us-gaap,ShortTermBorrowings,USD,,2022-03-31,652000000.0,10-Q,2022-04-29
us-gaap,ShortTermBorrowings,USD,,2022-06-30,3048000000.0,10-Q,2022-07-29
us-gaap,ShortTermBorrowings,USD,,2022-09-30,426000000.0,10-Q,2022-10-28
us-gaap,ShortTermBorrowings,USD,,2022-12-31,2027000000.0,10-K,2023-02-17
us-gaap,ShortTermBorrowings,USD,,2022-12-31,2027000000.0,10-Q,2023-04-28
us-gaap,ShortTermBorrowings,USD,,2022-12-31,2027000000.0,10-Q,2023-07-28
us-gaap,ShortTermBorrowings,USD,,2022-12-31,2027000000.0,10-Q,2023-10-27
us-gaap,ShortTermBorrowings,USD,,2022-12-31,2027000000.0,10-K,2024-02-16
us-gaap,ShortTermBorrowings,USD,,2023-03-31,6898000000.0,10-Q,2023-04-28
us-gaap,ShortTermBorrowings,USD,,2023-06-30,1680000000.0,10-Q,2023-07-28
us-gaap,ShortTermBorrowings,USD,,2023-09-30,681000000.0,10-Q,2023-10-27
us-gaap,ShortTermBorrowings,USD,,2023-12-31,620000000.0,10-K,2024-02-16
us-gaap,ShortTermBorrowings,USD,,2023-12-31,620000000.0,10-Q,2024-04-30
us-gaap,ShortTermBorrowings,USD,,2023-12-31,620000000.0,10-Q,2024-07-30
us-gaap,ShortTermBorrowings,USD,,2023-12-31,620000000.0,10-Q,2024-10-29
us-gaap,ShortTermBorrowings,USD,,2023-12-31,620000000.0,10-K,2025-02-14
us-gaap,ShortTermBorrowings,USD,,2024-03-31,182000000.0,10-Q,2024-04-30
us-gaap,ShortTermBorrowings,USD,,2024-06-30,187000000.0,10-Q,2024-07-30
us-gaap,ShortTermBorrowings,USD,,2024-09-30,868000000.0,10-Q,2024-10-29
us-gaap,ShortTermBorrowings,USD,,2024-12-31,199000000.0,10-K,2025-02-14
us-gaap,ShortTermBorrowings,USD,,2024-12-31,199000000.0,10-Q,2025-04-29
us-gaap,ShortTermBorrowings,USD,,2024-12-31,199000000.0,10-Q,2025-07-29
us-gaap,ShortTermBorrowings,USD,,2024-12-31,199000000.0,10-Q,2025-10-28
us-gaap,ShortTermBorrowings,USD,,2024-12-31,199000000.0,10-K,2026-02-13
us-gaap,ShortTermBorrowings,USD,,2025-03-31,664000000.0,10-Q,2025-04-29
us-gaap,ShortTermBorrowings,USD,,2025-06-30,576000000.0,10-Q,2025-07-29
us-gaap,ShortTermBorrowings,USD,,2025-09-30,252000000.0,10-Q,2025-10-28
us-gaap,ShortTermBorrowings,USD,,2025-12-31,1261000000.0,10-K,2026-02-13
us-gaap,ShortTermBorrowings,USD,,2025-12-31,1261000000.0,10-Q,2026-04-30
us-gaap,ShortTermBorrowings,USD,,2026-03-31,1875000000.0,10-Q,2026-04-30
us-gaap,TierOneLeverageCapitalToAverageAssets,pure,,2014-12-31,0.0974,10-K,2016-02-17
us-gaap,TierOneLeverageCapitalToAverageAssets,pure,,2015-12-31,0.0879,10-K,2016-02-17
us-gaap,TierOneLeverageCapitalToAverageAssets,pure,,2015-12-31,0.0879,10-K,2017-02-22
us-gaap,TierOneLeverageCapitalToAverageAssets,pure,,2016-12-31,0.087,10-K,2017-02-22
us-gaap,TierOneLeverageCapitalToAverageAssets,pure,,2016-12-31,0.087,10-K,2018-02-16
us-gaap,TierOneLeverageCapitalToAverageAssets,pure,,2017-12-31,0.0909,10-K,2018-02-16
us-gaap,TierOneLeverageCapitalToAverageAssets,pure,,2017-12-31,0.0909,10-K,2019-02-15
us-gaap,TierOneLeverageCapitalToAverageAssets,pure,,2018-12-31,0.091,10-K,2019-02-15
us-gaap,TierOneLeverageCapitalToAverageAssets,pure,,2019-12-31,0.0926,10-K,2021-02-26
us-gaap,TierOneLeverageCapitalToAverageAssets,pure,,2020-12-31,0.0932,10-K,2021-02-26
us-gaap,TierOneLeverageCapitalToAverageAssets,pure,,2020-12-31,0.0932,10-K,2022-02-18
us-gaap,TierOneLeverageCapitalToAverageAssets,pure,,2021-12-31,0.0856,10-K,2022-02-18
us-gaap,TierOneLeverageCapitalToAverageAssets,pure,,2021-12-31,0.0856,10-K,2023-02-17
us-gaap,TierOneLeverageCapitalToAverageAssets,pure,,2022-12-31,0.086,10-K,2023-02-17
us-gaap,TierOneLeverageCapitalToAverageAssets,pure,,2022-12-31,0.086,10-K,2024-02-16
us-gaap,TierOneLeverageCapitalToAverageAssets,pure,,2023-12-31,0.0932,10-K,2024-02-16
us-gaap,TierOneLeverageCapitalToAverageAssets,pure,,2023-12-31,0.093,10-K,2025-02-14
us-gaap,TierOneLeverageCapitalToAverageAssets,pure,,2024-12-31,0.086,10-K,2025-02-14
us-gaap,TierOneLeverageCapitalToAverageAssets,pure,,2024-12-31,0.086,10-K,2026-02-13
us-gaap,TierOneLeverageCapitalToAverageAssets,pure,,2025-12-31,0.093,10-K,2026-02-13
us-gaap,TierOneRiskBasedCapitalToRiskWeightedAssets,pure,,2014-12-31,0.115,10-K,2016-02-17
us-gaap,TierOneRiskBasedCapitalToRiskWeightedAssets,pure,,2015-12-31,0.1053,10-K,2016-02-17
us-gaap,TierOneRiskBasedCapitalToRiskWeightedAssets,pure,,2015-12-31,0.1053,10-K,2017-02-22
us-gaap,TierOneRiskBasedCapitalToRiskWeightedAssets,pure,,2016-12-31,0.1092,10-K,2017-02-22
us-gaap,TierOneRiskBasedCapitalToRiskWeightedAssets,pure,,2016-12-31,0.1092,10-K,2018-02-16
us-gaap,TierOneRiskBasedCapitalToRiskWeightedAssets,pure,,2017-12-31,0.1134,10-K,2018-02-16
us-gaap,TierOneRiskBasedCapitalToRiskWeightedAssets,pure,,2017-12-31,0.1134,10-K,2019-02-15
us-gaap,TierOneRiskBasedCapitalToRiskWeightedAssets,pure,,2018-12-31,0.1106,10-K,2019-02-15
us-gaap,TierOneRiskBasedCapitalToRiskWeightedAssets,pure,,2019-12-31,0.1126,10-K,2021-02-26
us-gaap,TierOneRiskBasedCapitalToRiskWeightedAssets,pure,,2020-12-31,0.1247,10-K,2021-02-26
us-gaap,TierOneRiskBasedCapitalToRiskWeightedAssets,pure,,2020-12-31,0.1247,10-K,2022-02-18
us-gaap,TierOneRiskBasedCapitalToRiskWeightedAssets,pure,,2021-12-31,0.1099,10-K,2022-02-18
us-gaap,TierOneRiskBasedCapitalToRiskWeightedAssets,pure,,2021-12-31,0.1099,10-K,2023-02-17
us-gaap,TierOneRiskBasedCapitalToRiskWeightedAssets,pure,,2022-12-31,0.109,10-K,2023-02-17
us-gaap,TierOneRiskBasedCapitalToRiskWeightedAssets,pure,,2022-12-31,0.109,10-K,2024-02-16
us-gaap,TierOneRiskBasedCapitalToRiskWeightedAssets,pure,,2023-12-31,0.1198,10-K,2024-02-16
us-gaap,TierOneRiskBasedCapitalToRiskWeightedAssets,pure,,2023-12-31,0.12,10-K,2025-02-14
us-gaap,TierOneRiskBasedCapitalToRiskWeightedAssets,pure,,2024-12-31,0.119,10-K,2025-02-14
us-gaap,TierOneRiskBasedCapitalToRiskWeightedAssets,pure,,2024-12-31,0.119,10-K,2026-02-13
us-gaap,TierOneRiskBasedCapitalToRiskWeightedAssets,pure,,2025-12-31,0.12,10-K,2026-02-13
us-gaap,FederalHomeLoanBankAdvancesGeneralDebtObligationsDisclosuresCollateralPledged1,USD,,2021-12-31,61100000000.0,10-Q,2022-04-29
us-gaap,FederalHomeLoanBankAdvancesGeneralDebtObligationsDisclosuresCollateralPledged1,USD,,2021-12-31,61100000000.0,10-Q,2022-07-29
us-gaap,FederalHomeLoanBankAdvancesGeneralDebtObligationsDisclosuresCollateralPledged1,USD,,2021-12-31,61100000000.0,10-Q,2022-10-28
us-gaap,FederalHomeLoanBankAdvancesGeneralDebtObligationsDisclosuresCollateralPledged1,USD,,2021-12-31,61100000000.0,10-K,2023-02-17
us-gaap,FederalHomeLoanBankAdvancesGeneralDebtObligationsDisclosuresCollateralPledged1,USD,,2022-03-31,60900000000.0,10-Q,2022-04-29
us-gaap,FederalHomeLoanBankAdvancesGeneralDebtObligationsDisclosuresCollateralPledged1,USD,,2022-06-30,70000000000.0,10-Q,2022-07-29
us-gaap,FederalHomeLoanBankAdvancesGeneralDebtObligationsDisclosuresCollateralPledged1,USD,,2022-09-30,70100000000.0,10-Q,2022-10-28
us-gaap,FederalHomeLoanBankAdvancesGeneralDebtObligationsDisclosuresCollateralPledged1,USD,,2022-12-31,70900000000.0,10-K,2023-02-17
us-gaap,FederalHomeLoanBankAdvancesGeneralDebtObligationsDisclosuresCollateralPledged1,USD,,2022-12-31,70900000000.0,10-Q,2023-04-28
us-gaap,FederalHomeLoanBankAdvancesGeneralDebtObligationsDisclosuresCollateralPledged1,USD,,2022-12-31,70900000000.0,10-Q,2023-07-28
us-gaap,FederalHomeLoanBankAdvancesGeneralDebtObligationsDisclosuresCollateralPledged1,USD,,2022-12-31,70900000000.0,10-Q,2023-10-27
us-gaap,FederalHomeLoanBankAdvancesGeneralDebtObligationsDisclosuresCollateralPledged1,USD,,2022-12-31,70900000000.0,10-K,2024-02-16
us-gaap,FederalHomeLoanBankAdvancesGeneralDebtObligationsDisclosuresCollateralPledged1,USD,,2023-03-31,71100000000.0,10-Q,2023-04-28
us-gaap,FederalHomeLoanBankAdvancesGeneralDebtObligationsDisclosuresCollateralPledged1,USD,,2023-06-30,99200000000.0,10-Q,2023-07-28
us-gaap,FederalHomeLoanBankAdvancesGeneralDebtObligationsDisclosuresCollateralPledged1,USD,,2023-09-30,101500000000.0,10-Q,2023-10-27
us-gaap,FederalHomeLoanBankAdvancesGeneralDebtObligationsDisclosuresCollateralPledged1,USD,,2023-12-31,101800000000.0,10-K,2024-02-16
us-gaap,FederalHomeLoanBankAdvancesGeneralDebtObligationsDisclosuresCollateralPledged1,USD,,2023-12-31,101800000000.0,10-Q,2024-04-30
us-gaap,FederalHomeLoanBankAdvancesGeneralDebtObligationsDisclosuresCollateralPledged1,USD,,2023-12-31,101800000000.0,10-Q,2024-07-30
us-gaap,FederalHomeLoanBankAdvancesGeneralDebtObligationsDisclosuresCollateralPledged1,USD,,2023-12-31,101800000000.0,10-Q,2024-10-29
us-gaap,FederalHomeLoanBankAdvancesGeneralDebtObligationsDisclosuresCollateralPledged1,USD,,2023-12-31,101800000000.0,10-K,2025-02-14
us-gaap,FederalHomeLoanBankAdvancesGeneralDebtObligationsDisclosuresCollateralPledged1,USD,,2024-03-31,99500000000.0,10-Q,2024-04-30
us-gaap,FederalHomeLoanBankAdvancesGeneralDebtObligationsDisclosuresCollateralPledged1,USD,,2024-06-30,101200000000.0,10-Q,2024-07-30
us-gaap,FederalHomeLoanBankAdvancesGeneralDebtObligationsDisclosuresCollateralPledged1,USD,,2024-09-30,102200000000.0,10-Q,2024-10-29
us-gaap,FederalHomeLoanBankAdvancesGeneralDebtObligationsDisclosuresCollateralPledged1,USD,,2024-12-31,105400000000.0,10-K,2025-02-14
us-gaap,FederalHomeLoanBankAdvancesGeneralDebtObligationsDisclosuresCollateralPledged1,USD,,2024-12-31,105400000000.0,10-Q,2025-04-29
us-gaap,FederalHomeLoanBankAdvancesGeneralDebtObligationsDisclosuresCollateralPledged1,USD,,2024-12-31,105400000000.0,10-Q,2025-07-29
us-gaap,FederalHomeLoanBankAdvancesGeneralDebtObligationsDisclosuresCollateralPledged1,USD,,2024-12-31,105400000000.0,10-Q,2025-10-28
us-gaap,FederalHomeLoanBankAdvancesGeneralDebtObligationsDisclosuresCollateralPledged1,USD,,2024-12-31,105400000000.0,10-K,2026-02-13
us-gaap,FederalHomeLoanBankAdvancesGeneralDebtObligationsDisclosuresCollateralPledged1,USD,,2025-03-31,107400000000.0,10-Q,2025-04-29
us-gaap,FederalHomeLoanBankAdvancesGeneralDebtObligationsDisclosuresCollateralPledged1,USD,,2025-06-30,108300000000.0,10-Q,2025-07-29
us-gaap,FederalHomeLoanBankAdvancesGeneralDebtObligationsDisclosuresCollateralPledged1,USD,,2025-09-30,107300000000.0,10-Q,2025-10-28
us-gaap,FederalHomeLoanBankAdvancesGeneralDebtObligationsDisclosuresCollateralPledged1,USD,,2025-12-31,114200000000.0,10-K,2026-02-13
us-gaap,FederalHomeLoanBankAdvancesGeneralDebtObligationsDisclosuresCollateralPledged1,USD,,2025-12-31,114200000000.0,10-Q,2026-04-30
us-gaap,FederalHomeLoanBankAdvancesGeneralDebtObligationsDisclosuresCollateralPledged1,USD,,2026-03-31,141200000000.0,10-Q,2026-04-30
us-gaap,FinancingReceivableExcludingAccruedInterestAfterAllowanceForCreditLoss,USD,,2021-12-31,109237000000.0,10-Q,2022-04-29
us-gaap,FinancingReceivableExcludingAccruedInterestAfterAllowanceForCreditLoss,USD,,2021-12-31,109237000000.0,10-Q,2022-07-29
us-gaap,FinancingReceivableExcludingAccruedInterestAfterAllowanceForCreditLoss,USD,,2021-12-31,109237000000.0,10-Q,2022-10-28
us-gaap,FinancingReceivableExcludingAccruedInterestAfterAllowanceForCreditLoss,USD,,2021-12-31,109237000000.0,10-K,2023-02-17
us-gaap,FinancingReceivableExcludingAccruedInterestAfterAllowanceForCreditLoss,USD,,2022-03-31,110799000000.0,10-Q,2022-04-29
us-gaap,FinancingReceivableExcludingAccruedInterestAfterAllowanceForCreditLoss,USD,,2022-06-30,114147000000.0,10-Q,2022-07-29
us-gaap,FinancingReceivableExcludingAccruedInterestAfterAllowanceForCreditLoss,USD,,2022-09-30,116037000000.0,10-Q,2022-10-28
us-gaap,FinancingReceivableExcludingAccruedInterestAfterAllowanceForCreditLoss,USD,,2022-12-31,117402000000.0,10-K,2023-02-17
us-gaap,FinancingReceivableExcludingAccruedInterestAfterAllowanceForCreditLoss,USD,,2022-12-31,117402000000.0,10-Q,2023-04-28
us-gaap,FinancingReceivableExcludingAccruedInterestAfterAllowanceForCreditLoss,USD,,2022-12-31,117402000000.0,10-Q,2023-07-28
us-gaap,FinancingReceivableExcludingAccruedInterestAfterAllowanceForCreditLoss,USD,,2022-12-31,117402000000.0,10-Q,2023-10-27
us-gaap,FinancingReceivableExcludingAccruedInterestAfterAllowanceForCreditLoss,USD,,2022-12-31,117402000000.0,10-K,2024-02-16
us-gaap,FinancingReceivableExcludingAccruedInterestAfterAllowanceForCreditLoss,USD,,2023-03-31,119037000000.0,10-Q,2023-04-28
us-gaap,FinancingReceivableExcludingAccruedInterestAfterAllowanceForCreditLoss,USD,,2023-06-30,119048000000.0,10-Q,2023-07-28
us-gaap,FinancingReceivableExcludingAccruedInterestAfterAllowanceForCreditLoss,USD,,2023-09-30,118645000000.0,10-Q,2023-10-27
us-gaap,FinancingReceivableExcludingAccruedInterestAfterAllowanceForCreditLoss,USD,,2023-12-31,119727000000.0,10-K,2024-02-16
us-gaap,FinancingReceivableExcludingAccruedInterestAfterAllowanceForCreditLoss,USD,,2023-12-31,119727000000.0,10-Q,2024-04-30
us-gaap,FinancingReceivableExcludingAccruedInterestAfterAllowanceForCreditLoss,USD,,2023-12-31,119727000000.0,10-Q,2024-07-30
us-gaap,FinancingReceivableExcludingAccruedInterestAfterAllowanceForCreditLoss,USD,,2023-12-31,119727000000.0,10-Q,2024-10-29
us-gaap,FinancingReceivableExcludingAccruedInterestAfterAllowanceForCreditLoss,USD,,2023-12-31,119727000000.0,10-K,2025-02-14
us-gaap,FinancingReceivableExcludingAccruedInterestAfterAllowanceForCreditLoss,USD,,2024-03-31,120487000000.0,10-Q,2024-04-30
us-gaap,FinancingReceivableExcludingAccruedInterestAfterAllowanceForCreditLoss,USD,,2024-06-30,122118000000.0,10-Q,2024-07-30
us-gaap,FinancingReceivableExcludingAccruedInterestAfterAllowanceForCreditLoss,USD,,2024-09-30,124152000000.0,10-Q,2024-10-29
us-gaap,FinancingReceivableExcludingAccruedInterestAfterAllowanceForCreditLoss,USD,,2024-12-31,127798000000.0,10-K,2025-02-14
us-gaap,FinancingReceivableExcludingAccruedInterestAfterAllowanceForCreditLoss,USD,,2024-12-31,127798000000.0,10-Q,2025-04-29
us-gaap,FinancingReceivableExcludingAccruedInterestAfterAllowanceForCreditLoss,USD,,2024-12-31,127798000000.0,10-Q,2025-07-29
us-gaap,FinancingReceivableExcludingAccruedInterestAfterAllowanceForCreditLoss,USD,,2024-12-31,127798000000.0,10-Q,2025-10-28
us-gaap,FinancingReceivableExcludingAccruedInterestAfterAllowanceForCreditLoss,USD,,2024-12-31,127798000000.0,10-K,2026-02-13
us-gaap,FinancingReceivableExcludingAccruedInterestAfterAllowanceForCreditLoss,USD,,2025-03-31,130242000000.0,10-Q,2025-04-29
us-gaap,FinancingReceivableExcludingAccruedInterestAfterAllowanceForCreditLoss,USD,,2025-06-30,132629000000.0,10-Q,2025-07-29
us-gaap,FinancingReceivableExcludingAccruedInterestAfterAllowanceForCreditLoss,USD,,2025-09-30,135582000000.0,10-Q,2025-10-28
us-gaap,FinancingReceivableExcludingAccruedInterestAfterAllowanceForCreditLoss,USD,,2025-12-31,147105000000.0,10-K,2026-02-13
us-gaap,FinancingReceivableExcludingAccruedInterestAfterAllowanceForCreditLoss,USD,,2025-12-31,147105000000.0,10-Q,2026-04-30
us-gaap,FinancingReceivableExcludingAccruedInterestAfterAllowanceForCreditLoss,USD,,2026-03-31,185575000000.0,10-Q,2026-04-30
us-gaap,FinancingReceivableExcludingAccruedInterestBeforeAllowanceForCreditLoss,USD,,2021-12-31,111267000000.0,10-Q,2022-04-29
us-gaap,FinancingReceivableExcludingAccruedInterestBeforeAllowanceForCreditLoss,USD,,2021-12-31,111267000000.0,10-Q,2022-07-29
us-gaap,FinancingReceivableExcludingAccruedInterestBeforeAllowanceForCreditLoss,USD,,2021-12-31,111267000000.0,10-Q,2022-10-28
us-gaap,FinancingReceivableExcludingAccruedInterestBeforeAllowanceForCreditLoss,USD,,2021-12-31,111267000000.0,10-K,2023-02-17
us-gaap,FinancingReceivableExcludingAccruedInterestBeforeAllowanceForCreditLoss,USD,,2022-03-31,112817000000.0,10-Q,2022-04-29
us-gaap,FinancingReceivableExcludingAccruedInterestBeforeAllowanceForCreditLoss,USD,,2022-06-30,116221000000.0,10-Q,2022-07-29
us-gaap,FinancingReceivableExcludingAccruedInterestBeforeAllowanceForCreditLoss,USD,,2022-09-30,118147000000.0,10-Q,2022-10-28
us-gaap,FinancingReceivableExcludingAccruedInterestBeforeAllowanceForCreditLoss,USD,,2022-12-31,119523000000.0,10-K,2023-02-17
us-gaap,FinancingReceivableExcludingAccruedInterestBeforeAllowanceForCreditLoss,USD,,2022-12-31,119523000000.0,10-Q,2023-04-28
us-gaap,FinancingReceivableExcludingAccruedInterestBeforeAllowanceForCreditLoss,USD,,2022-12-31,119523000000.0,10-Q,2023-07-28
us-gaap,FinancingReceivableExcludingAccruedInterestBeforeAllowanceForCreditLoss,USD,,2022-12-31,119523000000.0,10-Q,2023-10-27
us-gaap,FinancingReceivableExcludingAccruedInterestBeforeAllowanceForCreditLoss,USD,,2022-12-31,119523000000.0,10-K,2024-02-16
us-gaap,FinancingReceivableExcludingAccruedInterestBeforeAllowanceForCreditLoss,USD,,2023-03-31,121179000000.0,10-Q,2023-04-28
us-gaap,FinancingReceivableExcludingAccruedInterestBeforeAllowanceForCreditLoss,USD,,2023-06-30,121225000000.0,10-Q,2023-07-28
us-gaap,FinancingReceivableExcludingAccruedInterestBeforeAllowanceForCreditLoss,USD,,2023-09-30,120853000000.0,10-Q,2023-10-27
us-gaap,FinancingReceivableExcludingAccruedInterestBeforeAllowanceForCreditLoss,USD,,2023-12-31,121982000000.0,10-K,2024-02-16
us-gaap,FinancingReceivableExcludingAccruedInterestBeforeAllowanceForCreditLoss,USD,,2023-12-31,121982000000.0,10-Q,2024-04-30
us-gaap,FinancingReceivableExcludingAccruedInterestBeforeAllowanceForCreditLoss,USD,,2023-12-31,121982000000.0,10-Q,2024-07-30
us-gaap,FinancingReceivableExcludingAccruedInterestBeforeAllowanceForCreditLoss,USD,,2023-12-31,121982000000.0,10-Q,2024-10-29
us-gaap,FinancingReceivableExcludingAccruedInterestBeforeAllowanceForCreditLoss,USD,,2023-12-31,121982000000.0,10-K,2025-02-14
us-gaap,FinancingReceivableExcludingAccruedInterestBeforeAllowanceForCreditLoss,USD,,2024-03-31,122767000000.0,10-Q,2024-04-30
us-gaap,FinancingReceivableExcludingAccruedInterestBeforeAllowanceForCreditLoss,USD,,2024-06-30,124422000000.0,10-Q,2024-07-30
us-gaap,FinancingReceivableExcludingAccruedInterestBeforeAllowanceForCreditLoss,USD,,2024-09-30,126387000000.0,10-Q,2024-10-29
us-gaap,FinancingReceivableExcludingAccruedInterestBeforeAllowanceForCreditLoss,USD,,2024-12-31,130042000000.0,10-K,2025-02-14
us-gaap,FinancingReceivableExcludingAccruedInterestBeforeAllowanceForCreditLoss,USD,,2024-12-31,130042000000.0,10-Q,2025-04-29
us-gaap,FinancingReceivableExcludingAccruedInterestBeforeAllowanceForCreditLoss,USD,,2024-12-31,130042000000.0,10-Q,2025-07-29
us-gaap,FinancingReceivableExcludingAccruedInterestBeforeAllowanceForCreditLoss,USD,,2024-12-31,130042000000.0,10-Q,2025-10-28
us-gaap,FinancingReceivableExcludingAccruedInterestBeforeAllowanceForCreditLoss,USD,,2024-12-31,130042000000.0,10-K,2026-02-13
us-gaap,FinancingReceivableExcludingAccruedInterestBeforeAllowanceForCreditLoss,USD,,2025-03-31,132505000000.0,10-Q,2025-04-29
us-gaap,FinancingReceivableExcludingAccruedInterestBeforeAllowanceForCreditLoss,USD,,2025-06-30,134960000000.0,10-Q,2025-07-29
us-gaap,FinancingReceivableExcludingAccruedInterestBeforeAllowanceForCreditLoss,USD,,2025-09-30,137956000000.0,10-Q,2025-10-28
us-gaap,FinancingReceivableExcludingAccruedInterestBeforeAllowanceForCreditLoss,USD,,2025-12-31,149642000000.0,10-K,2026-02-13
us-gaap,FinancingReceivableExcludingAccruedInterestBeforeAllowanceForCreditLoss,USD,,2025-12-31,149642000000.0,10-Q,2026-04-30
us-gaap,FinancingReceivableExcludingAccruedInterestBeforeAllowanceForCreditLoss,USD,,2026-03-31,188818000000.0,10-Q,2026-04-30
