taxo,tag,unit,start,end,val,form,filed
dei,EntityCommonStockSharesOutstanding,shares,,2010-06-30,35817247,10-Q,2010-08-09
dei,EntityCommonStockSharesOutstanding,shares,,2010-10-31,35188116,10-Q/A,2010-11-10
dei,EntityCommonStockSharesOutstanding,shares,,2011-02-23,35912912,10-K,2011-02-28
dei,EntityCommonStockSharesOutstanding,shares,,2011-04-01,53720031,10-Q,2011-05-10
dei,EntityCommonStockSharesOutstanding,shares,,2011-08-01,53720017,10-Q/A,2011-08-10
dei,EntityCommonStockSharesOutstanding,shares,,2011-08-01,53720016,10-Q,2011-11-09
dei,EntityCommonStockSharesOutstanding,shares,,2012-02-23,53720878,10-K,2012-02-28
dei,EntityCommonStockSharesOutstanding,shares,,2012-04-30,53720016,10-Q,2012-05-10
dei,EntityCommonStockSharesOutstanding,shares,,2012-04-30,53720016,10-Q,2012-08-09
dei,EntityCommonStockSharesOutstanding,shares,,2012-10-31,53720013,10-Q,2012-11-09
dei,EntityCommonStockSharesOutstanding,shares,,2013-02-22,63052892,10-K,2013-03-01
dei,EntityCommonStockSharesOutstanding,shares,,2013-04-30,63052892,10-Q,2013-05-10
dei,EntityCommonStockSharesOutstanding,shares,,2013-07-31,63573335,10-Q,2013-08-09
dei,EntityCommonStockSharesOutstanding,shares,,2013-10-31,63573335,10-Q,2013-11-12
dei,EntityCommonStockSharesOutstanding,shares,,2014-02-14,65207793,10-K,2014-03-03
dei,EntityCommonStockSharesOutstanding,shares,,2014-05-10,65476685,10-Q,2014-05-12
dei,EntityCommonStockSharesOutstanding,shares,,2014-08-08,65706402,10-Q,2014-08-11
dei,EntityCommonStockSharesOutstanding,shares,,2014-10-31,66010498,10-Q,2014-11-10
dei,EntityCommonStockSharesOutstanding,shares,,2015-02-20,67580820,10-K,2015-03-02
dei,EntityCommonStockSharesOutstanding,shares,,2015-05-05,67881949,10-Q,2015-05-11
dei,EntityCommonStockSharesOutstanding,shares,,2015-08-03,69432970,10-Q/A,2015-08-11
dei,EntityCommonStockSharesOutstanding,shares,,2015-11-05,69507842,10-Q,2015-11-06
dei,EntityCommonStockSharesOutstanding,shares,,2016-02-19,69507842,10-K,2016-03-01
dei,EntityCommonStockSharesOutstanding,shares,,2016-02-19,67171812,10-K/A,2016-05-31
dei,EntityCommonStockSharesOutstanding,shares,,2016-05-02,66472096,10-Q,2016-05-10
dei,EntityCommonStockSharesOutstanding,shares,,2016-08-01,66209775,10-Q,2016-08-08
dei,EntityCommonStockSharesOutstanding,shares,,2016-11-01,66253838,10-Q,2016-11-09
dei,EntityCommonStockSharesOutstanding,shares,,2017-02-15,68147490,10-K,2017-02-23
dei,EntityCommonStockSharesOutstanding,shares,,2017-05-01,68449920,10-Q,2017-05-05
dei,EntityCommonStockSharesOutstanding,shares,,2017-08-01,68309855,10-Q,2017-08-08
dei,EntityCommonStockSharesOutstanding,shares,,2017-11-01,68467283,10-Q,2017-11-08
dei,EntityCommonStockSharesOutstanding,shares,,2018-02-15,71850904,10-K,2018-02-26
dei,EntityCommonStockSharesOutstanding,shares,,2018-05-01,71558109,10-Q,2018-05-07
dei,EntityCommonStockSharesOutstanding,shares,,2018-08-01,71199015,10-Q,2018-08-07
dei,EntityCommonStockSharesOutstanding,shares,,2018-11-01,72011806,10-Q,2018-11-06
dei,EntityCommonStockSharesOutstanding,shares,,2019-02-15,71878667,10-K,2019-02-20
dei,EntityCommonStockSharesOutstanding,shares,,2019-05-01,70763765,10-Q,2019-05-08
dei,EntityCommonStockSharesOutstanding,shares,,2019-08-01,69584449,10-Q,2019-08-07
us-gaap,CashAndCashEquivalentsAtCarryingValue,USD,,2007-12-31,47963000,10-K,2011-02-28
us-gaap,CashAndCashEquivalentsAtCarryingValue,USD,,2008-12-31,239725000,10-Q,2010-08-09
us-gaap,CashAndCashEquivalentsAtCarryingValue,USD,,2008-12-31,239725000,10-Q/A,2010-11-10
us-gaap,CashAndCashEquivalentsAtCarryingValue,USD,,2008-12-31,239725000,10-K,2011-02-28
us-gaap,CashAndCashEquivalentsAtCarryingValue,USD,,2009-06-30,184282000,10-Q,2010-08-09
us-gaap,CashAndCashEquivalentsAtCarryingValue,USD,,2009-09-30,345970000,10-Q/A,2010-11-10
us-gaap,CashAndCashEquivalentsAtCarryingValue,USD,,2009-12-31,161820000,10-Q,2010-08-09
us-gaap,CashAndCashEquivalentsAtCarryingValue,USD,,2009-12-31,161820000,10-Q/A,2010-11-10
us-gaap,CashAndCashEquivalentsAtCarryingValue,USD,,2009-12-31,161820000,10-K,2011-02-28
us-gaap,CashAndCashEquivalentsAtCarryingValue,USD,,2009-12-31,161820000,10-Q,2011-05-10
us-gaap,CashAndCashEquivalentsAtCarryingValue,USD,,2009-12-31,161820000,10-Q/A,2011-08-10
us-gaap,CashAndCashEquivalentsAtCarryingValue,USD,,2009-12-31,161820000,10-Q,2011-11-09
us-gaap,CashAndCashEquivalentsAtCarryingValue,USD,,2009-12-31,161820000,10-K,2013-03-01
us-gaap,CashAndCashEquivalentsAtCarryingValue,USD,,2010-03-31,145701000,10-Q,2011-05-10
us-gaap,CashAndCashEquivalentsAtCarryingValue,USD,,2010-06-30,262702000,10-Q,2010-08-09
us-gaap,CashAndCashEquivalentsAtCarryingValue,USD,,2010-06-30,262702000,10-Q/A,2011-08-10
us-gaap,CashAndCashEquivalentsAtCarryingValue,USD,,2010-09-30,206884000,10-Q/A,2010-11-10
us-gaap,CashAndCashEquivalentsAtCarryingValue,USD,,2010-09-30,206884000,10-Q,2011-11-09
us-gaap,CashAndCashEquivalentsAtCarryingValue,USD,,2010-12-31,253529000,10-K,2011-02-28
us-gaap,CashAndCashEquivalentsAtCarryingValue,USD,,2010-12-31,253529000,10-Q,2011-05-10
us-gaap,CashAndCashEquivalentsAtCarryingValue,USD,,2010-12-31,253529000,10-Q/A,2011-08-10
us-gaap,CashAndCashEquivalentsAtCarryingValue,USD,,2010-12-31,253529000,10-Q,2011-11-09
us-gaap,CashAndCashEquivalentsAtCarryingValue,USD,,2010-12-31,253529000,10-Q,2012-05-10
us-gaap,CashAndCashEquivalentsAtCarryingValue,USD,,2010-12-31,253529000,10-Q,2012-08-09
us-gaap,CashAndCashEquivalentsAtCarryingValue,USD,,2010-12-31,253529000,10-Q,2012-11-09
us-gaap,CashAndCashEquivalentsAtCarryingValue,USD,,2010-12-31,253529000,10-K,2013-03-01
us-gaap,CashAndCashEquivalentsAtCarryingValue,USD,,2010-12-31,167671000,10-Q,2013-05-10
us-gaap,CashAndCashEquivalentsAtCarryingValue,USD,,2010-12-31,167671000,10-Q,2013-08-09
us-gaap,CashAndCashEquivalentsAtCarryingValue,USD,,2011-03-31,124870000,10-Q,2011-05-10
us-gaap,CashAndCashEquivalentsAtCarryingValue,USD,,2011-03-31,124870000,10-Q,2012-05-10
us-gaap,CashAndCashEquivalentsAtCarryingValue,USD,,2011-06-30,150964000,10-Q/A,2011-08-10
us-gaap,CashAndCashEquivalentsAtCarryingValue,USD,,2011-06-30,150964000,10-Q,2012-08-09
us-gaap,CashAndCashEquivalentsAtCarryingValue,USD,,2011-09-30,214619000,10-Q,2011-11-09
us-gaap,CashAndCashEquivalentsAtCarryingValue,USD,,2011-09-30,214619000,10-Q,2012-11-09
us-gaap,CashAndCashEquivalentsAtCarryingValue,USD,,2011-12-31,167671000,10-Q,2012-05-10
us-gaap,CashAndCashEquivalentsAtCarryingValue,USD,,2011-12-31,167671000,10-Q,2012-08-09
us-gaap,CashAndCashEquivalentsAtCarryingValue,USD,,2011-12-31,167671000,10-Q,2012-11-09
us-gaap,CashAndCashEquivalentsAtCarryingValue,USD,,2011-12-31,167671000,10-K,2013-03-01
us-gaap,CashAndCashEquivalentsAtCarryingValue,USD,,2011-12-31,403941000,10-Q,2013-05-10
us-gaap,CashAndCashEquivalentsAtCarryingValue,USD,,2011-12-31,403941000,10-Q,2013-08-09
us-gaap,CashAndCashEquivalentsAtCarryingValue,USD,,2011-12-31,167671000,10-Q,2013-11-12
us-gaap,CashAndCashEquivalentsAtCarryingValue,USD,,2011-12-31,167671000,10-K,2015-03-02
us-gaap,CashAndCashEquivalentsAtCarryingValue,USD,,2012-03-31,226458000,10-Q,2012-05-10
us-gaap,CashAndCashEquivalentsAtCarryingValue,USD,,2012-03-31,226458000,10-Q,2013-05-10
us-gaap,CashAndCashEquivalentsAtCarryingValue,USD,,2012-06-30,441699000,10-Q,2012-08-09
us-gaap,CashAndCashEquivalentsAtCarryingValue,USD,,2012-06-30,441699000,10-Q,2013-08-09
us-gaap,CashAndCashEquivalentsAtCarryingValue,USD,,2012-09-30,193333000,10-Q,2012-11-09
us-gaap,CashAndCashEquivalentsAtCarryingValue,USD,,2012-09-30,193333000,10-Q,2013-11-12
us-gaap,CashAndCashEquivalentsAtCarryingValue,USD,,2012-12-31,403941000,10-K,2013-03-01
us-gaap,CashAndCashEquivalentsAtCarryingValue,USD,,2012-12-31,403941000,10-Q,2013-05-10
us-gaap,CashAndCashEquivalentsAtCarryingValue,USD,,2012-12-31,403941000,10-Q,2013-08-09
us-gaap,CashAndCashEquivalentsAtCarryingValue,USD,,2012-12-31,403941000,10-Q,2013-11-12
us-gaap,CashAndCashEquivalentsAtCarryingValue,USD,,2012-12-31,716560000,10-Q,2014-05-12
us-gaap,CashAndCashEquivalentsAtCarryingValue,USD,,2012-12-31,403941000,10-Q,2014-08-11
us-gaap,CashAndCashEquivalentsAtCarryingValue,USD,,2012-12-31,403941000,10-Q,2014-11-10
us-gaap,CashAndCashEquivalentsAtCarryingValue,USD,,2012-12-31,403941000,10-K,2015-03-02
us-gaap,CashAndCashEquivalentsAtCarryingValue,USD,,2012-12-31,403941000,10-K,2016-03-01
us-gaap,CashAndCashEquivalentsAtCarryingValue,USD,,2012-12-31,403941000,10-K/A,2016-05-31
us-gaap,CashAndCashEquivalentsAtCarryingValue,USD,,2013-03-31,573664000,10-Q,2013-05-10
us-gaap,CashAndCashEquivalentsAtCarryingValue,USD,,2013-06-30,366926000,10-Q,2013-08-09
us-gaap,CashAndCashEquivalentsAtCarryingValue,USD,,2013-06-30,366926000,10-Q,2014-08-11
us-gaap,CashAndCashEquivalentsAtCarryingValue,USD,,2013-09-30,649244000,10-Q,2013-11-12
us-gaap,CashAndCashEquivalentsAtCarryingValue,USD,,2013-09-30,649244000,10-Q,2014-11-10
us-gaap,CashAndCashEquivalentsAtCarryingValue,USD,,2013-12-31,716560000,10-K,2014-03-03
us-gaap,CashAndCashEquivalentsAtCarryingValue,USD,,2013-12-31,716560000,10-Q,2014-05-12
us-gaap,CashAndCashEquivalentsAtCarryingValue,USD,,2013-12-31,716560000,10-Q,2014-08-11
us-gaap,CashAndCashEquivalentsAtCarryingValue,USD,,2013-12-31,716560000,10-Q,2014-11-10
us-gaap,CashAndCashEquivalentsAtCarryingValue,USD,,2013-12-31,716560000,10-K,2015-03-02
us-gaap,CashAndCashEquivalentsAtCarryingValue,USD,,2013-12-31,716560000,10-Q,2015-05-11
us-gaap,CashAndCashEquivalentsAtCarryingValue,USD,,2013-12-31,716560000,10-Q/A,2015-08-11
us-gaap,CashAndCashEquivalentsAtCarryingValue,USD,,2013-12-31,716560000,10-Q,2015-11-06
us-gaap,CashAndCashEquivalentsAtCarryingValue,USD,,2013-12-31,716560000,10-K,2016-03-01
us-gaap,CashAndCashEquivalentsAtCarryingValue,USD,,2013-12-31,716560000,10-K/A,2016-05-31
us-gaap,CashAndCashEquivalentsAtCarryingValue,USD,,2013-12-31,716560000,10-K,2017-02-23
us-gaap,CashAndCashEquivalentsAtCarryingValue,USD,,2013-12-31,716560000,8-K,2017-08-11
us-gaap,CashAndCashEquivalentsAtCarryingValue,USD,,2014-03-31,525409000,10-Q,2014-05-12
us-gaap,CashAndCashEquivalentsAtCarryingValue,USD,,2014-03-31,525409000,10-Q,2015-05-11
us-gaap,CashAndCashEquivalentsAtCarryingValue,USD,,2014-06-30,420290000,10-Q,2014-08-11
us-gaap,CashAndCashEquivalentsAtCarryingValue,USD,,2014-06-30,420290000,10-Q/A,2015-08-11
us-gaap,CashAndCashEquivalentsAtCarryingValue,USD,,2014-09-30,535118000,10-Q,2014-11-10
us-gaap,CashAndCashEquivalentsAtCarryingValue,USD,,2014-09-30,535118000,10-Q,2015-11-06
us-gaap,CashAndCashEquivalentsAtCarryingValue,USD,,2014-12-31,689782000,10-K,2015-03-02
us-gaap,CashAndCashEquivalentsAtCarryingValue,USD,,2014-12-31,689782000,10-Q,2015-05-11
us-gaap,CashAndCashEquivalentsAtCarryingValue,USD,,2014-12-31,689782000,10-Q/A,2015-08-11
us-gaap,CashAndCashEquivalentsAtCarryingValue,USD,,2014-12-31,689782000,10-Q,2015-11-06
us-gaap,CashAndCashEquivalentsAtCarryingValue,USD,,2014-12-31,689782000,10-K,2016-03-01
us-gaap,CashAndCashEquivalentsAtCarryingValue,USD,,2014-12-31,689782000,10-Q,2016-05-10
us-gaap,CashAndCashEquivalentsAtCarryingValue,USD,,2014-12-31,689782000,10-K/A,2016-05-31
us-gaap,CashAndCashEquivalentsAtCarryingValue,USD,,2014-12-31,689782000,10-Q,2016-08-08
us-gaap,CashAndCashEquivalentsAtCarryingValue,USD,,2014-12-31,689782000,10-Q,2016-11-09
us-gaap,CashAndCashEquivalentsAtCarryingValue,USD,,2014-12-31,689782000,10-K,2017-02-23
us-gaap,CashAndCashEquivalentsAtCarryingValue,USD,,2014-12-31,689782000,8-K,2017-08-11
us-gaap,CashAndCashEquivalentsAtCarryingValue,USD,,2014-12-31,689782000,10-K,2018-02-26
us-gaap,CashAndCashEquivalentsAtCarryingValue,USD,,2015-03-31,403756000,10-Q,2015-05-11
us-gaap,CashAndCashEquivalentsAtCarryingValue,USD,,2015-03-31,403756000,10-Q,2016-05-10
us-gaap,CashAndCashEquivalentsAtCarryingValue,USD,,2015-06-30,641937000,10-Q/A,2015-08-11
us-gaap,CashAndCashEquivalentsAtCarryingValue,USD,,2015-06-30,641937000,10-Q,2016-08-08
us-gaap,CashAndCashEquivalentsAtCarryingValue,USD,,2015-09-30,607100000,10-Q,2015-11-06
us-gaap,CashAndCashEquivalentsAtCarryingValue,USD,,2015-09-30,607100000,10-Q,2016-11-09
us-gaap,CashAndCashEquivalentsAtCarryingValue,USD,,2015-12-31,811019000,10-K,2016-03-01
us-gaap,CashAndCashEquivalentsAtCarryingValue,USD,,2015-12-31,811019000,10-Q,2016-05-10
us-gaap,CashAndCashEquivalentsAtCarryingValue,USD,,2015-12-31,811019000,10-K/A,2016-05-31
us-gaap,CashAndCashEquivalentsAtCarryingValue,USD,,2015-12-31,811019000,10-Q,2016-08-08
us-gaap,CashAndCashEquivalentsAtCarryingValue,USD,,2015-12-31,811019000,10-Q,2016-11-09
us-gaap,CashAndCashEquivalentsAtCarryingValue,USD,,2015-12-31,811019000,10-K,2017-02-23
us-gaap,CashAndCashEquivalentsAtCarryingValue,USD,,2015-12-31,811019000,10-Q,2017-05-05
us-gaap,CashAndCashEquivalentsAtCarryingValue,USD,,2015-12-31,811019000,10-Q,2017-08-08
us-gaap,CashAndCashEquivalentsAtCarryingValue,USD,,2015-12-31,811019000,8-K,2017-08-11
us-gaap,CashAndCashEquivalentsAtCarryingValue,USD,,2015-12-31,811019000,10-Q,2017-11-08
us-gaap,CashAndCashEquivalentsAtCarryingValue,USD,,2015-12-31,811019000,10-K,2018-02-26
us-gaap,CashAndCashEquivalentsAtCarryingValue,USD,,2015-12-31,811019000,8-K,2018-06-20
us-gaap,CashAndCashEquivalentsAtCarryingValue,USD,,2016-03-31,577350000,10-Q,2016-05-10
us-gaap,CashAndCashEquivalentsAtCarryingValue,USD,,2016-03-31,577350000,10-Q,2017-05-05
us-gaap,CashAndCashEquivalentsAtCarryingValue,USD,,2016-06-30,364101000,10-Q,2016-08-08
us-gaap,CashAndCashEquivalentsAtCarryingValue,USD,,2016-06-30,326020000,10-Q,2017-08-08
us-gaap,CashAndCashEquivalentsAtCarryingValue,USD,,2016-09-30,675057000,10-Q,2016-11-09
us-gaap,CashAndCashEquivalentsAtCarryingValue,USD,,2016-09-30,675057000,10-Q,2017-11-08
us-gaap,CashAndCashEquivalentsAtCarryingValue,USD,,2016-12-31,912932000,10-K,2017-02-23
us-gaap,CashAndCashEquivalentsAtCarryingValue,USD,,2016-12-31,912932000,10-Q,2017-05-05
us-gaap,CashAndCashEquivalentsAtCarryingValue,USD,,2016-12-31,912932000,10-Q,2017-08-08
us-gaap,CashAndCashEquivalentsAtCarryingValue,USD,,2016-12-31,912932000,8-K,2017-08-11
us-gaap,CashAndCashEquivalentsAtCarryingValue,USD,,2016-12-31,912932000,10-Q,2017-11-08
us-gaap,CashAndCashEquivalentsAtCarryingValue,USD,,2016-12-31,912932000,10-K,2018-02-26
us-gaap,CashAndCashEquivalentsAtCarryingValue,USD,,2016-12-31,912932000,8-K,2018-06-20
us-gaap,CashAndCashEquivalentsAtCarryingValue,USD,,2016-12-31,912932000,10-K,2019-02-20
us-gaap,CashAndCashEquivalentsAtCarryingValue,USD,,2017-03-31,658387000,10-Q,2017-05-05
us-gaap,CashAndCashEquivalentsAtCarryingValue,USD,,2017-03-31,658387000,10-Q,2018-05-07
us-gaap,CashAndCashEquivalentsAtCarryingValue,USD,,2017-06-30,678054000,10-Q,2017-08-08
us-gaap,CashAndCashEquivalentsAtCarryingValue,USD,,2017-06-30,678054000,10-Q,2018-08-07
us-gaap,CashAndCashEquivalentsAtCarryingValue,USD,,2017-09-30,588916000,10-Q,2017-11-08
us-gaap,CashAndCashEquivalentsAtCarryingValue,USD,,2017-09-30,588916000,10-Q,2018-11-06
us-gaap,CashAndCashEquivalentsAtCarryingValue,USD,,2017-12-31,696283000,10-K,2018-02-26
us-gaap,CashAndCashEquivalentsAtCarryingValue,USD,,2017-12-31,696283000,10-Q,2018-05-07
us-gaap,CashAndCashEquivalentsAtCarryingValue,USD,,2017-12-31,696283000,8-K,2018-06-20
us-gaap,CashAndCashEquivalentsAtCarryingValue,USD,,2017-12-31,696283000,10-Q,2018-08-07
us-gaap,CashAndCashEquivalentsAtCarryingValue,USD,,2017-12-31,696283000,10-Q,2018-11-06
us-gaap,CashAndCashEquivalentsAtCarryingValue,USD,,2017-12-31,696283000,10-K,2019-02-20
us-gaap,CashAndCashEquivalentsAtCarryingValue,USD,,2017-12-31,696283000,10-K,2020-02-19
us-gaap,CashAndCashEquivalentsAtCarryingValue,USD,,2018-03-31,450343000,10-Q,2018-05-07
us-gaap,CashAndCashEquivalentsAtCarryingValue,USD,,2018-06-30,472237000,10-Q,2018-08-07
us-gaap,CashAndCashEquivalentsAtCarryingValue,USD,,2018-09-30,694302000,10-Q,2018-11-06
us-gaap,CashAndCashEquivalentsAtCarryingValue,USD,,2018-12-31,1936560000,10-K,2019-02-20
us-gaap,CashAndCashEquivalentsAtCarryingValue,USD,,2018-12-31,1936560000,10-Q,2019-05-08
us-gaap,CashAndCashEquivalentsAtCarryingValue,USD,,2018-12-31,1936560000,10-Q,2019-08-07
us-gaap,CashAndCashEquivalentsAtCarryingValue,USD,,2018-12-31,1936560000,10-Q,2019-11-06
us-gaap,CashAndCashEquivalentsAtCarryingValue,USD,,2018-12-31,1936560000,10-K,2020-02-19
us-gaap,CashAndCashEquivalentsAtCarryingValue,USD,,2018-12-31,1936560000,10-K,2021-02-19
us-gaap,CashAndCashEquivalentsAtCarryingValue,USD,,2019-03-31,777781000,10-Q,2019-05-08
us-gaap,CashAndCashEquivalentsAtCarryingValue,USD,,2019-06-30,797357000,10-Q,2019-08-07
us-gaap,CashAndCashEquivalentsAtCarryingValue,USD,,2019-09-30,868866000,10-Q,2019-11-06
us-gaap,CashAndCashEquivalentsAtCarryingValue,USD,,2019-12-31,1142596000,10-K,2020-02-19
us-gaap,CashAndCashEquivalentsAtCarryingValue,USD,,2019-12-31,1142596000,10-Q,2020-05-07
us-gaap,CashAndCashEquivalentsAtCarryingValue,USD,,2019-12-31,1142596000,10-Q,2020-08-06
us-gaap,CashAndCashEquivalentsAtCarryingValue,USD,,2019-12-31,1142596000,10-Q,2020-11-06
us-gaap,CashAndCashEquivalentsAtCarryingValue,USD,,2019-12-31,1142596000,10-K,2021-02-19
us-gaap,CashAndCashEquivalentsAtCarryingValue,USD,,2019-12-31,1142596000,10-K,2022-02-18
us-gaap,CashAndCashEquivalentsAtCarryingValue,USD,,2020-03-31,1382920000,10-Q,2020-05-07
us-gaap,CashAndCashEquivalentsAtCarryingValue,USD,,2020-06-30,1791755000,10-Q,2020-08-06
us-gaap,CashAndCashEquivalentsAtCarryingValue,USD,,2020-09-30,1716570000,10-Q,2020-11-06
us-gaap,CashAndCashEquivalentsAtCarryingValue,USD,,2020-12-31,2279274000,10-K,2021-02-19
us-gaap,CashAndCashEquivalentsAtCarryingValue,USD,,2020-12-31,2279274000,10-Q,2021-05-06
us-gaap,CashAndCashEquivalentsAtCarryingValue,USD,,2020-12-31,2279274000,10-Q,2021-08-05
us-gaap,CashAndCashEquivalentsAtCarryingValue,USD,,2020-12-31,2279274000,10-Q,2021-11-04
us-gaap,CashAndCashEquivalentsAtCarryingValue,USD,,2020-12-31,2279274000,10-K,2022-02-18
us-gaap,CashAndCashEquivalentsAtCarryingValue,USD,,2020-12-31,2279274000,10-K,2023-02-17
us-gaap,CashAndCashEquivalentsAtCarryingValue,USD,,2021-03-31,1425511000,10-Q,2021-05-06
us-gaap,CashAndCashEquivalentsAtCarryingValue,USD,,2021-06-30,1361521000,10-Q,2021-08-05
us-gaap,CashAndCashEquivalentsAtCarryingValue,USD,,2021-09-30,2054273000,10-Q,2021-11-04
us-gaap,CashAndCashEquivalentsAtCarryingValue,USD,,2021-12-31,1963326000,10-K,2022-02-18
us-gaap,CashAndCashEquivalentsAtCarryingValue,USD,,2021-12-31,1963326000,10-Q,2022-05-05
us-gaap,CashAndCashEquivalentsAtCarryingValue,USD,,2021-12-31,1963326000,10-Q,2022-08-04
us-gaap,CashAndCashEquivalentsAtCarryingValue,USD,,2021-12-31,1963326000,10-Q,2022-11-09
us-gaap,CashAndCashEquivalentsAtCarryingValue,USD,,2021-12-31,1963326000,10-K,2023-02-17
us-gaap,CashAndCashEquivalentsAtCarryingValue,USD,,2021-12-31,1963326000,10-K,2024-02-16
us-gaap,CashAndCashEquivalentsAtCarryingValue,USD,,2022-03-31,1555146000,10-Q,2022-05-05
us-gaap,CashAndCashEquivalentsAtCarryingValue,USD,,2022-06-30,1577677000,10-Q,2022-08-04
us-gaap,CashAndCashEquivalentsAtCarryingValue,USD,,2022-09-30,1414543000,10-Q,2022-11-09
us-gaap,CashAndCashEquivalentsAtCarryingValue,USD,,2022-12-31,2199985000,10-K,2023-02-17
us-gaap,CashAndCashEquivalentsAtCarryingValue,USD,,2022-12-31,2199985000,10-Q,2023-05-04
us-gaap,CashAndCashEquivalentsAtCarryingValue,USD,,2022-12-31,2199985000,10-Q,2023-08-09
us-gaap,CashAndCashEquivalentsAtCarryingValue,USD,,2022-12-31,2199985000,10-Q,2023-11-07
us-gaap,CashAndCashEquivalentsAtCarryingValue,USD,,2022-12-31,2199985000,10-K,2024-02-16
us-gaap,CashAndCashEquivalentsAtCarryingValue,USD,,2022-12-31,2199985000,10-K,2025-02-26
us-gaap,CashAndCashEquivalentsAtCarryingValue,USD,,2023-03-31,2765747000,10-Q,2023-05-04
us-gaap,CashAndCashEquivalentsAtCarryingValue,USD,,2023-06-30,1907926000,10-Q,2023-08-09
us-gaap,CashAndCashEquivalentsAtCarryingValue,USD,,2023-09-30,2768353000,10-Q,2023-11-07
us-gaap,CashAndCashEquivalentsAtCarryingValue,USD,,2023-12-31,3361801000,10-K,2024-02-16
us-gaap,CashAndCashEquivalentsAtCarryingValue,USD,,2023-12-31,3361801000,10-Q,2024-05-08
us-gaap,CashAndCashEquivalentsAtCarryingValue,USD,,2023-12-31,3361801000,10-Q,2024-08-07
us-gaap,CashAndCashEquivalentsAtCarryingValue,USD,,2023-12-31,3361801000,10-Q,2024-11-06
us-gaap,CashAndCashEquivalentsAtCarryingValue,USD,,2023-12-31,3361801000,10-K,2025-02-26
us-gaap,CashAndCashEquivalentsAtCarryingValue,USD,,2023-12-31,3361801000,10-K,2026-02-24
us-gaap,CashAndCashEquivalentsAtCarryingValue,USD,,2024-03-31,3408528000,10-Q,2024-05-08
us-gaap,CashAndCashEquivalentsAtCarryingValue,USD,,2024-06-30,2615670000,10-Q,2024-08-07
us-gaap,CashAndCashEquivalentsAtCarryingValue,USD,,2024-09-30,1915767000,10-Q,2024-11-06
us-gaap,CashAndCashEquivalentsAtCarryingValue,USD,,2024-12-31,2648308000,10-K,2025-02-26
us-gaap,CashAndCashEquivalentsAtCarryingValue,USD,,2024-12-31,2648308000,10-Q,2025-05-07
us-gaap,CashAndCashEquivalentsAtCarryingValue,USD,,2024-12-31,2648308000,10-Q,2025-08-06
us-gaap,CashAndCashEquivalentsAtCarryingValue,USD,,2024-12-31,2648308000,10-Q,2025-11-05
us-gaap,CashAndCashEquivalentsAtCarryingValue,USD,,2024-12-31,2648308000,10-K,2026-02-24
us-gaap,CashAndCashEquivalentsAtCarryingValue,USD,,2025-03-31,2725992000,10-Q,2025-05-07
us-gaap,CashAndCashEquivalentsAtCarryingValue,USD,,2025-06-30,1857669000,10-Q,2025-08-06
us-gaap,CashAndCashEquivalentsAtCarryingValue,USD,,2025-09-30,3184905000,10-Q,2025-11-05
us-gaap,CashAndCashEquivalentsAtCarryingValue,USD,,2025-12-31,2253789000,10-K,2026-02-24
us-gaap,CashAndCashEquivalentsAtCarryingValue,USD,,2025-12-31,2253789000,10-Q,2026-05-04
us-gaap,CashAndCashEquivalentsAtCarryingValue,USD,,2025-12-31,2253789000,10-Q,2026-08-05
us-gaap,CashAndCashEquivalentsAtCarryingValue,USD,,2026-03-31,2899370000,10-Q,2026-05-04
us-gaap,CashAndCashEquivalentsAtCarryingValue,USD,,2026-06-30,2191628000,10-Q,2026-08-05
us-gaap,CashAndCashEquivalentsFairValueDisclosure,USD,,2010-12-31,15675000,10-Q/A,2011-08-10
us-gaap,CashAndCashEquivalentsFairValueDisclosure,USD,,2010-12-31,15675000,10-Q,2011-11-09
us-gaap,CashAndCashEquivalentsFairValueDisclosure,USD,,2011-06-30,7992000,10-Q/A,2011-08-10
us-gaap,CashAndCashEquivalentsFairValueDisclosure,USD,,2011-09-30,16152000,10-Q,2011-11-09
us-gaap,CashAndCashEquivalentsFairValueDisclosure,USD,,2011-12-31,14156000,10-Q,2012-05-10
us-gaap,CashAndCashEquivalentsFairValueDisclosure,USD,,2011-12-31,14156000,10-Q,2012-08-09
us-gaap,CashAndCashEquivalentsFairValueDisclosure,USD,,2011-12-31,14156000,10-Q,2012-11-09
us-gaap,CashAndCashEquivalentsFairValueDisclosure,USD,,2011-12-31,14156000,10-K,2013-03-01
us-gaap,CashAndCashEquivalentsFairValueDisclosure,USD,,2012-03-31,48751000,10-Q,2012-05-10
us-gaap,CashAndCashEquivalentsFairValueDisclosure,USD,,2012-06-30,62045000,10-Q,2012-08-09
us-gaap,CashAndCashEquivalentsFairValueDisclosure,USD,,2012-09-30,26675000,10-Q,2012-11-09
us-gaap,CashAndCashEquivalentsFairValueDisclosure,USD,,2012-12-31,72596000,10-K,2013-03-01
us-gaap,CashAndCashEquivalentsFairValueDisclosure,USD,,2012-12-31,72596000,10-Q,2013-05-10
us-gaap,CashAndCashEquivalentsFairValueDisclosure,USD,,2012-12-31,72596000,10-Q,2013-08-09
us-gaap,CashAndCashEquivalentsFairValueDisclosure,USD,,2012-12-31,72596000,10-Q,2013-11-12
us-gaap,CashAndCashEquivalentsFairValueDisclosure,USD,,2012-12-31,72596000,10-K,2014-03-03
us-gaap,CashAndCashEquivalentsFairValueDisclosure,USD,,2013-03-31,171890000,10-Q,2013-05-10
us-gaap,CashAndCashEquivalentsFairValueDisclosure,USD,,2013-06-30,152798000,10-Q,2013-08-09
us-gaap,CashAndCashEquivalentsFairValueDisclosure,USD,,2013-09-30,138833000,10-Q,2013-11-12
us-gaap,CashAndCashEquivalentsFairValueDisclosure,USD,,2013-12-31,78163000,10-K,2014-03-03
us-gaap,CashAndCashEquivalentsFairValueDisclosure,USD,,2013-12-31,78163000,10-Q,2014-05-12
us-gaap,CashAndCashEquivalentsFairValueDisclosure,USD,,2013-12-31,78163000,10-Q,2014-08-11
us-gaap,CashAndCashEquivalentsFairValueDisclosure,USD,,2013-12-31,78163000,10-Q,2014-11-10
us-gaap,CashAndCashEquivalentsFairValueDisclosure,USD,,2013-12-31,78163000,10-K,2015-03-02
us-gaap,CashAndCashEquivalentsFairValueDisclosure,USD,,2014-03-31,35609000,10-Q,2014-05-12
us-gaap,CashAndCashEquivalentsFairValueDisclosure,USD,,2014-06-30,67640000,10-Q,2014-08-11
us-gaap,CashAndCashEquivalentsFairValueDisclosure,USD,,2014-09-30,73708000,10-Q,2014-11-10
us-gaap,CashAndCashEquivalentsFairValueDisclosure,USD,,2014-12-31,122875000,10-K,2015-03-02
us-gaap,CashAndCashEquivalentsFairValueDisclosure,USD,,2014-12-31,122875000,10-Q,2015-05-11
us-gaap,CashAndCashEquivalentsFairValueDisclosure,USD,,2014-12-31,122875000,10-Q/A,2015-08-11
us-gaap,CashAndCashEquivalentsFairValueDisclosure,USD,,2014-12-31,122875000,10-Q,2015-11-06
us-gaap,CashAndCashEquivalentsFairValueDisclosure,USD,,2014-12-31,122875000,10-K,2016-03-01
us-gaap,CashAndCashEquivalentsFairValueDisclosure,USD,,2014-12-31,122875000,10-K/A,2016-05-31
us-gaap,CashAndCashEquivalentsFairValueDisclosure,USD,,2015-03-31,85576000,10-Q,2015-05-11
us-gaap,CashAndCashEquivalentsFairValueDisclosure,USD,,2015-06-30,89423000,10-Q/A,2015-08-11
us-gaap,CashAndCashEquivalentsFairValueDisclosure,USD,,2015-09-30,90582000,10-Q,2015-11-06
us-gaap,CashAndCashEquivalentsFairValueDisclosure,USD,,2015-12-31,91268000,10-K,2016-03-01
us-gaap,CashAndCashEquivalentsFairValueDisclosure,USD,,2015-12-31,91268000,10-K/A,2016-05-31
us-gaap,CashAndCashEquivalentsFairValueDisclosure,USD,,2020-03-31,1356353000,10-Q,2020-05-07
us-gaap,CashAndCashEquivalentsFairValueDisclosure,USD,,2020-12-31,2245082000,10-K,2022-02-18
us-gaap,CashAndCashEquivalentsPeriodIncreaseDecrease,USD,2008-01-01,2008-12-31,191762000,10-K,2011-02-28
us-gaap,CashAndCashEquivalentsPeriodIncreaseDecrease,USD,2009-01-01,2009-06-30,-55443000,10-Q,2010-08-09
us-gaap,CashAndCashEquivalentsPeriodIncreaseDecrease,USD,2009-01-01,2009-09-30,106245000,10-Q/A,2010-11-10
us-gaap,CashAndCashEquivalentsPeriodIncreaseDecrease,USD,2009-01-01,2009-12-31,-77905000,10-K,2011-02-28
us-gaap,CashAndCashEquivalentsPeriodIncreaseDecrease,USD,2009-01-01,2009-12-31,-77905000,10-K,2012-02-28
us-gaap,CashAndCashEquivalentsPeriodIncreaseDecrease,USD,2010-01-01,2010-03-31,-16119000,10-Q,2011-05-10
us-gaap,CashAndCashEquivalentsPeriodIncreaseDecrease,USD,2010-01-01,2010-06-30,100882000,10-Q,2010-08-09
us-gaap,CashAndCashEquivalentsPeriodIncreaseDecrease,USD,2010-01-01,2010-06-30,100882000,10-Q/A,2011-08-10
us-gaap,CashAndCashEquivalentsPeriodIncreaseDecrease,USD,2010-01-01,2010-09-30,45064000,10-Q/A,2010-11-10
us-gaap,CashAndCashEquivalentsPeriodIncreaseDecrease,USD,2010-01-01,2010-09-30,45064000,10-Q,2011-11-09
us-gaap,CashAndCashEquivalentsPeriodIncreaseDecrease,USD,2010-01-01,2010-12-31,91709000,10-K,2011-02-28
us-gaap,CashAndCashEquivalentsPeriodIncreaseDecrease,USD,2010-01-01,2010-12-31,91709000,10-K,2012-02-28
us-gaap,CashAndCashEquivalentsPeriodIncreaseDecrease,USD,2010-01-01,2010-12-31,91709000,10-K,2013-03-01
us-gaap,CashAndCashEquivalentsPeriodIncreaseDecrease,USD,2011-01-01,2011-03-31,-128659000,10-Q,2011-05-10
us-gaap,CashAndCashEquivalentsPeriodIncreaseDecrease,USD,2011-01-01,2011-03-31,-128659000,10-Q,2012-05-10
us-gaap,CashAndCashEquivalentsPeriodIncreaseDecrease,USD,2011-01-01,2011-06-30,-102565000,10-Q/A,2011-08-10
us-gaap,CashAndCashEquivalentsPeriodIncreaseDecrease,USD,2011-01-01,2011-06-30,-102565000,10-Q,2012-08-09
us-gaap,CashAndCashEquivalentsPeriodIncreaseDecrease,USD,2011-01-01,2011-09-30,-38910000,10-Q,2011-11-09
us-gaap,CashAndCashEquivalentsPeriodIncreaseDecrease,USD,2011-01-01,2011-09-30,-38910000,10-Q,2012-11-09
us-gaap,CashAndCashEquivalentsPeriodIncreaseDecrease,USD,2011-01-01,2011-12-31,-85858000,10-K,2012-02-28
us-gaap,CashAndCashEquivalentsPeriodIncreaseDecrease,USD,2011-01-01,2011-12-31,-85858000,10-K,2013-03-01
us-gaap,CashAndCashEquivalentsPeriodIncreaseDecrease,USD,2011-01-01,2011-12-31,-85858000,10-K,2014-03-03
us-gaap,CashAndCashEquivalentsPeriodIncreaseDecrease,USD,2012-01-01,2012-03-31,58787000,10-Q,2012-05-10
us-gaap,CashAndCashEquivalentsPeriodIncreaseDecrease,USD,2012-01-01,2012-03-31,58787000,10-Q,2013-05-10
us-gaap,CashAndCashEquivalentsPeriodIncreaseDecrease,USD,2012-01-01,2012-06-30,274028000,10-Q,2012-08-09
us-gaap,CashAndCashEquivalentsPeriodIncreaseDecrease,USD,2012-01-01,2012-06-30,274028000,10-Q,2013-08-09
us-gaap,CashAndCashEquivalentsPeriodIncreaseDecrease,USD,2012-01-01,2012-09-30,25662000,10-Q,2012-11-09
us-gaap,CashAndCashEquivalentsPeriodIncreaseDecrease,USD,2012-01-01,2012-09-30,25662000,10-Q,2013-11-12
us-gaap,CashAndCashEquivalentsPeriodIncreaseDecrease,USD,2012-01-01,2012-12-31,236270000,10-K,2013-03-01
us-gaap,CashAndCashEquivalentsPeriodIncreaseDecrease,USD,2012-01-01,2012-12-31,236270,10-K,2014-03-03
us-gaap,CashAndCashEquivalentsPeriodIncreaseDecrease,USD,2012-01-01,2012-12-31,236270000,10-K,2015-03-02
us-gaap,CashAndCashEquivalentsPeriodIncreaseDecrease,USD,2013-01-01,2013-03-31,169723000,10-Q,2013-05-10
us-gaap,CashAndCashEquivalentsPeriodIncreaseDecrease,USD,2013-01-01,2013-03-31,169723,10-Q,2014-05-12
us-gaap,CashAndCashEquivalentsPeriodIncreaseDecrease,USD,2013-01-01,2013-06-30,-37015000,10-Q,2013-08-09
us-gaap,CashAndCashEquivalentsPeriodIncreaseDecrease,USD,2013-01-01,2013-06-30,-37015000,10-Q,2014-08-11
us-gaap,CashAndCashEquivalentsPeriodIncreaseDecrease,USD,2013-01-01,2013-09-30,245303000,10-Q,2013-11-12
us-gaap,CashAndCashEquivalentsPeriodIncreaseDecrease,USD,2013-01-01,2013-09-30,245303000,10-Q,2014-11-10
us-gaap,CashAndCashEquivalentsPeriodIncreaseDecrease,USD,2013-01-01,2013-12-31,312619000,10-K,2014-03-03
us-gaap,CashAndCashEquivalentsPeriodIncreaseDecrease,USD,2013-01-01,2013-12-31,312619000,10-K,2015-03-02
us-gaap,CashAndCashEquivalentsPeriodIncreaseDecrease,USD,2013-01-01,2013-12-31,312619000,10-K,2016-03-01
us-gaap,CashAndCashEquivalentsPeriodIncreaseDecrease,USD,2013-01-01,2013-12-31,312619000,10-K/A,2016-05-31
us-gaap,CashAndCashEquivalentsPeriodIncreaseDecrease,USD,2014-01-01,2014-03-31,-191151000,10-Q,2014-05-12
us-gaap,CashAndCashEquivalentsPeriodIncreaseDecrease,USD,2014-01-01,2014-03-31,-191151000,10-Q,2015-05-11
us-gaap,CashAndCashEquivalentsPeriodIncreaseDecrease,USD,2014-01-01,2014-06-30,-296270000,10-Q,2014-08-11
us-gaap,CashAndCashEquivalentsPeriodIncreaseDecrease,USD,2014-01-01,2014-06-30,-296270000,10-Q/A,2015-08-11
us-gaap,CashAndCashEquivalentsPeriodIncreaseDecrease,USD,2014-01-01,2014-09-30,-181442000,10-Q,2014-11-10
us-gaap,CashAndCashEquivalentsPeriodIncreaseDecrease,USD,2014-01-01,2014-09-30,-181442000,10-Q,2015-11-06
us-gaap,CashAndCashEquivalentsPeriodIncreaseDecrease,USD,2014-01-01,2014-12-31,-26778000,10-K,2015-03-02
us-gaap,CashAndCashEquivalentsPeriodIncreaseDecrease,USD,2014-01-01,2014-12-31,-26778000,10-K,2016-03-01
us-gaap,CashAndCashEquivalentsPeriodIncreaseDecrease,USD,2014-01-01,2014-12-31,-26778000,10-K/A,2016-05-31
us-gaap,CashAndCashEquivalentsPeriodIncreaseDecrease,USD,2014-01-01,2014-12-31,-26778000,10-K,2017-02-23
us-gaap,CashAndCashEquivalentsPeriodIncreaseDecrease,USD,2014-01-01,2014-12-31,-26778000,8-K,2017-08-11
us-gaap,CashAndCashEquivalentsPeriodIncreaseDecrease,USD,2015-01-01,2015-03-31,-286026000,10-Q,2015-05-11
us-gaap,CashAndCashEquivalentsPeriodIncreaseDecrease,USD,2015-01-01,2015-03-31,-286026000,10-Q,2016-05-10
us-gaap,CashAndCashEquivalentsPeriodIncreaseDecrease,USD,2015-01-01,2015-06-30,-47845000,10-Q/A,2015-08-11
us-gaap,CashAndCashEquivalentsPeriodIncreaseDecrease,USD,2015-01-01,2015-06-30,-47845000,10-Q,2016-08-08
us-gaap,CashAndCashEquivalentsPeriodIncreaseDecrease,USD,2015-01-01,2015-09-30,-82682000,10-Q,2015-11-06
us-gaap,CashAndCashEquivalentsPeriodIncreaseDecrease,USD,2015-01-01,2015-09-30,-82682000,10-Q,2016-11-09
us-gaap,CashAndCashEquivalentsPeriodIncreaseDecrease,USD,2015-01-01,2015-12-31,121237000,10-K,2016-03-01
us-gaap,CashAndCashEquivalentsPeriodIncreaseDecrease,USD,2015-01-01,2015-12-31,121237000,10-K/A,2016-05-31
us-gaap,CashAndCashEquivalentsPeriodIncreaseDecrease,USD,2015-01-01,2015-12-31,121237000,10-K,2017-02-23
us-gaap,CashAndCashEquivalentsPeriodIncreaseDecrease,USD,2015-01-01,2015-12-31,121237000,8-K,2017-08-11
us-gaap,CashAndCashEquivalentsPeriodIncreaseDecrease,USD,2015-01-01,2015-12-31,121237000,10-K,2018-02-26
us-gaap,CashAndCashEquivalentsPeriodIncreaseDecrease,USD,2015-01-01,2015-12-31,299318000,8-K,2018-06-20
us-gaap,CashAndCashEquivalentsPeriodIncreaseDecrease,USD,2016-01-01,2016-03-31,-233669000,10-Q,2016-05-10
us-gaap,CashAndCashEquivalentsPeriodIncreaseDecrease,USD,2016-01-01,2016-03-31,-233669000,10-Q,2017-05-05
us-gaap,CashAndCashEquivalentsPeriodIncreaseDecrease,USD,2016-01-01,2016-06-30,-446918000,10-Q,2016-08-08
us-gaap,CashAndCashEquivalentsPeriodIncreaseDecrease,USD,2016-01-01,2016-06-30,-484999000,10-Q,2017-08-08
us-gaap,CashAndCashEquivalentsPeriodIncreaseDecrease,USD,2016-01-01,2016-09-30,-135962000,10-Q,2016-11-09
us-gaap,CashAndCashEquivalentsPeriodIncreaseDecrease,USD,2016-01-01,2016-09-30,-135962000,10-Q,2017-11-08
us-gaap,CashAndCashEquivalentsPeriodIncreaseDecrease,USD,2016-01-01,2016-12-31,101913000,10-K,2017-02-23
us-gaap,CashAndCashEquivalentsPeriodIncreaseDecrease,USD,2016-01-01,2016-12-31,101913000,8-K,2017-08-11
us-gaap,CashAndCashEquivalentsPeriodIncreaseDecrease,USD,2016-01-01,2016-12-31,101913000,10-K,2018-02-26
us-gaap,CashAndCashEquivalentsPeriodIncreaseDecrease,USD,2016-01-01,2016-12-31,-52579000,8-K,2018-06-20
us-gaap,CashAndCashEquivalentsPeriodIncreaseDecrease,USD,2017-01-01,2017-03-31,-254545000,10-Q,2017-05-05
us-gaap,CashAndCashEquivalentsPeriodIncreaseDecrease,USD,2017-01-01,2017-03-31,-327566000,10-Q,2018-05-07
us-gaap,CashAndCashEquivalentsPeriodIncreaseDecrease,USD,2017-01-01,2017-06-30,-234878000,10-Q,2017-08-08
us-gaap,CashAndCashEquivalentsPeriodIncreaseDecrease,USD,2017-01-01,2017-09-30,-324016000,10-Q,2017-11-08
us-gaap,CashAndCashEquivalentsPeriodIncreaseDecrease,USD,2017-01-01,2017-12-31,-216649000,10-K,2018-02-26
us-gaap,CashAndCashEquivalentsPeriodIncreaseDecrease,USD,2017-01-01,2017-12-31,-199082000,8-K,2018-06-20
us-gaap,CashAndCashEquivalentsPeriodIncreaseDecrease,USD,2018-01-01,2018-03-31,-310131000,10-Q,2018-05-07
us-gaap,CashAndSecuritiesSegregatedUnderFederalAndOtherRegulations,USD,,2009-12-31,19000,10-Q/A,2010-11-10
us-gaap,CashAndSecuritiesSegregatedUnderFederalAndOtherRegulations,USD,,2010-09-30,20000,10-Q/A,2010-11-10
us-gaap,CashCashEquivalentsRestrictedCashAndRestrictedCashEquivalents,USD,,2016-12-31,986167000,10-Q,2018-08-07
us-gaap,CashCashEquivalentsRestrictedCashAndRestrictedCashEquivalents,USD,,2016-12-31,986167000,10-Q,2018-11-06
us-gaap,CashCashEquivalentsRestrictedCashAndRestrictedCashEquivalents,USD,,2017-06-30,678204000,10-Q,2018-08-07
us-gaap,CashCashEquivalentsRestrictedCashAndRestrictedCashEquivalents,USD,,2017-09-30,614091000,10-Q,2018-11-06
us-gaap,CashCashEquivalentsRestrictedCashAndRestrictedCashEquivalents,USD,,2017-12-31,787085000,10-Q,2018-08-07
us-gaap,CashCashEquivalentsRestrictedCashAndRestrictedCashEquivalents,USD,,2017-12-31,787085000,10-Q,2018-11-06
us-gaap,CashCashEquivalentsRestrictedCashAndRestrictedCashEquivalents,USD,,2018-06-30,585037000,10-Q,2018-08-07
us-gaap,CashCashEquivalentsRestrictedCashAndRestrictedCashEquivalents,USD,,2018-09-30,715887000,10-Q,2018-11-06
us-gaap,CashCashEquivalentsRestrictedCashAndRestrictedCashEquivalentsIncludingDisposalGroupAndDiscontinuedOperations,USD,,2015-12-31,1038088000,10-K,2019-02-20
us-gaap,CashCashEquivalentsRestrictedCashAndRestrictedCashEquivalentsIncludingDisposalGroupAndDiscontinuedOperations,USD,,2016-12-31,986167000,10-K,2019-02-20
us-gaap,CashCashEquivalentsRestrictedCashAndRestrictedCashEquivalentsIncludingDisposalGroupAndDiscontinuedOperations,USD,,2016-12-31,986167000,10-K,2020-02-19
us-gaap,CashCashEquivalentsRestrictedCashAndRestrictedCashEquivalentsIncludingDisposalGroupAndDiscontinuedOperations,USD,,2017-12-31,787085000,10-K,2019-02-20
us-gaap,CashCashEquivalentsRestrictedCashAndRestrictedCashEquivalentsIncludingDisposalGroupAndDiscontinuedOperations,USD,,2017-12-31,787085000,10-Q,2019-05-08
us-gaap,CashCashEquivalentsRestrictedCashAndRestrictedCashEquivalentsIncludingDisposalGroupAndDiscontinuedOperations,USD,,2017-12-31,787085000,10-Q,2019-08-07
us-gaap,CashCashEquivalentsRestrictedCashAndRestrictedCashEquivalentsIncludingDisposalGroupAndDiscontinuedOperations,USD,,2017-12-31,787085000,10-Q,2019-11-06
us-gaap,CashCashEquivalentsRestrictedCashAndRestrictedCashEquivalentsIncludingDisposalGroupAndDiscontinuedOperations,USD,,2017-12-31,787085000,10-K,2020-02-19
us-gaap,CashCashEquivalentsRestrictedCashAndRestrictedCashEquivalentsIncludingDisposalGroupAndDiscontinuedOperations,USD,,2017-12-31,787085000,10-K,2021-02-19
us-gaap,CashCashEquivalentsRestrictedCashAndRestrictedCashEquivalentsIncludingDisposalGroupAndDiscontinuedOperations,USD,,2018-03-31,476954000,10-Q,2019-05-08
us-gaap,CashCashEquivalentsRestrictedCashAndRestrictedCashEquivalentsIncludingDisposalGroupAndDiscontinuedOperations,USD,,2018-06-30,585037000,10-Q,2019-08-07
us-gaap,CashCashEquivalentsRestrictedCashAndRestrictedCashEquivalentsIncludingDisposalGroupAndDiscontinuedOperations,USD,,2018-09-30,715887000,10-Q,2019-11-06
us-gaap,CashCashEquivalentsRestrictedCashAndRestrictedCashEquivalentsIncludingDisposalGroupAndDiscontinuedOperations,USD,,2018-12-31,2069374000,10-K,2019-02-20
us-gaap,CashCashEquivalentsRestrictedCashAndRestrictedCashEquivalentsIncludingDisposalGroupAndDiscontinuedOperations,USD,,2018-12-31,2069374000,10-Q,2019-05-08
us-gaap,CashCashEquivalentsRestrictedCashAndRestrictedCashEquivalentsIncludingDisposalGroupAndDiscontinuedOperations,USD,,2018-12-31,2069374000,10-Q,2019-08-07
us-gaap,CashCashEquivalentsRestrictedCashAndRestrictedCashEquivalentsIncludingDisposalGroupAndDiscontinuedOperations,USD,,2018-12-31,2069374000,10-Q,2019-11-06
us-gaap,CashCashEquivalentsRestrictedCashAndRestrictedCashEquivalentsIncludingDisposalGroupAndDiscontinuedOperations,USD,,2018-12-31,2069374000,10-K,2020-02-19
us-gaap,CashCashEquivalentsRestrictedCashAndRestrictedCashEquivalentsIncludingDisposalGroupAndDiscontinuedOperations,USD,,2018-12-31,2069374000,10-Q,2020-05-07
us-gaap,CashCashEquivalentsRestrictedCashAndRestrictedCashEquivalentsIncludingDisposalGroupAndDiscontinuedOperations,USD,,2018-12-31,2069374000,10-Q,2020-08-06
us-gaap,CashCashEquivalentsRestrictedCashAndRestrictedCashEquivalentsIncludingDisposalGroupAndDiscontinuedOperations,USD,,2018-12-31,2069374000,10-Q,2020-11-06
us-gaap,CashCashEquivalentsRestrictedCashAndRestrictedCashEquivalentsIncludingDisposalGroupAndDiscontinuedOperations,USD,,2018-12-31,2069374000,10-K,2021-02-19
us-gaap,CashCashEquivalentsRestrictedCashAndRestrictedCashEquivalentsIncludingDisposalGroupAndDiscontinuedOperations,USD,,2018-12-31,2069374000,10-K,2022-02-18
us-gaap,CashCashEquivalentsRestrictedCashAndRestrictedCashEquivalentsIncludingDisposalGroupAndDiscontinuedOperations,USD,,2019-03-31,851465000,10-Q,2019-05-08
us-gaap,CashCashEquivalentsRestrictedCashAndRestrictedCashEquivalentsIncludingDisposalGroupAndDiscontinuedOperations,USD,,2019-03-31,851465000,10-Q,2020-05-07
us-gaap,CashCashEquivalentsRestrictedCashAndRestrictedCashEquivalentsIncludingDisposalGroupAndDiscontinuedOperations,USD,,2019-06-30,818588000,10-Q,2019-08-07
us-gaap,CashCashEquivalentsRestrictedCashAndRestrictedCashEquivalentsIncludingDisposalGroupAndDiscontinuedOperations,USD,,2019-06-30,818588000,10-Q,2020-08-06
us-gaap,CashCashEquivalentsRestrictedCashAndRestrictedCashEquivalentsIncludingDisposalGroupAndDiscontinuedOperations,USD,,2019-09-30,931520000,10-Q,2019-11-06
us-gaap,CashCashEquivalentsRestrictedCashAndRestrictedCashEquivalentsIncludingDisposalGroupAndDiscontinuedOperations,USD,,2019-09-30,931520000,10-Q,2020-11-06
us-gaap,CashCashEquivalentsRestrictedCashAndRestrictedCashEquivalentsIncludingDisposalGroupAndDiscontinuedOperations,USD,,2019-12-31,1273970000,10-K,2020-02-19
us-gaap,CashCashEquivalentsRestrictedCashAndRestrictedCashEquivalentsIncludingDisposalGroupAndDiscontinuedOperations,USD,,2019-12-31,1273970000,10-Q,2020-05-07
us-gaap,CashCashEquivalentsRestrictedCashAndRestrictedCashEquivalentsIncludingDisposalGroupAndDiscontinuedOperations,USD,,2019-12-31,1273970000,10-Q,2020-08-06
us-gaap,CashCashEquivalentsRestrictedCashAndRestrictedCashEquivalentsIncludingDisposalGroupAndDiscontinuedOperations,USD,,2019-12-31,1273970000,10-Q,2020-11-06
us-gaap,CashCashEquivalentsRestrictedCashAndRestrictedCashEquivalentsIncludingDisposalGroupAndDiscontinuedOperations,USD,,2019-12-31,1273970000,10-K,2021-02-19
us-gaap,CashCashEquivalentsRestrictedCashAndRestrictedCashEquivalentsIncludingDisposalGroupAndDiscontinuedOperations,USD,,2019-12-31,1273970000,10-Q,2021-05-06
us-gaap,CashCashEquivalentsRestrictedCashAndRestrictedCashEquivalentsIncludingDisposalGroupAndDiscontinuedOperations,USD,,2019-12-31,1273970000,10-Q,2021-08-05
us-gaap,CashCashEquivalentsRestrictedCashAndRestrictedCashEquivalentsIncludingDisposalGroupAndDiscontinuedOperations,USD,,2019-12-31,1273970000,10-Q,2021-11-04
us-gaap,CashCashEquivalentsRestrictedCashAndRestrictedCashEquivalentsIncludingDisposalGroupAndDiscontinuedOperations,USD,,2019-12-31,1273970000,10-K,2022-02-18
us-gaap,CashCashEquivalentsRestrictedCashAndRestrictedCashEquivalentsIncludingDisposalGroupAndDiscontinuedOperations,USD,,2019-12-31,1273970000,10-K,2023-02-17
us-gaap,CashCashEquivalentsRestrictedCashAndRestrictedCashEquivalentsIncludingDisposalGroupAndDiscontinuedOperations,USD,,2020-03-31,1579870000,10-Q,2020-05-07
us-gaap,CashCashEquivalentsRestrictedCashAndRestrictedCashEquivalentsIncludingDisposalGroupAndDiscontinuedOperations,USD,,2020-03-31,1579870000,10-Q,2021-05-06
us-gaap,CashCashEquivalentsRestrictedCashAndRestrictedCashEquivalentsIncludingDisposalGroupAndDiscontinuedOperations,USD,,2020-06-30,1902772000,10-Q,2020-08-06
us-gaap,CashCashEquivalentsRestrictedCashAndRestrictedCashEquivalentsIncludingDisposalGroupAndDiscontinuedOperations,USD,,2020-06-30,1902772000,10-Q,2021-08-05
us-gaap,CashCashEquivalentsRestrictedCashAndRestrictedCashEquivalentsIncludingDisposalGroupAndDiscontinuedOperations,USD,,2020-09-30,1870944000,10-Q,2020-11-06
us-gaap,CashCashEquivalentsRestrictedCashAndRestrictedCashEquivalentsIncludingDisposalGroupAndDiscontinuedOperations,USD,,2020-09-30,1870944000,10-Q,2021-11-04
us-gaap,CashCashEquivalentsRestrictedCashAndRestrictedCashEquivalentsIncludingDisposalGroupAndDiscontinuedOperations,USD,,2020-12-31,2452206000,10-K,2021-02-19
us-gaap,CashCashEquivalentsRestrictedCashAndRestrictedCashEquivalentsIncludingDisposalGroupAndDiscontinuedOperations,USD,,2020-12-31,2452206000,10-Q,2021-05-06
us-gaap,CashCashEquivalentsRestrictedCashAndRestrictedCashEquivalentsIncludingDisposalGroupAndDiscontinuedOperations,USD,,2020-12-31,2452206000,10-Q,2021-08-05
us-gaap,CashCashEquivalentsRestrictedCashAndRestrictedCashEquivalentsIncludingDisposalGroupAndDiscontinuedOperations,USD,,2020-12-31,2452206000,10-Q,2021-11-04
us-gaap,CashCashEquivalentsRestrictedCashAndRestrictedCashEquivalentsIncludingDisposalGroupAndDiscontinuedOperations,USD,,2020-12-31,2452206000,10-K,2022-02-18
us-gaap,CashCashEquivalentsRestrictedCashAndRestrictedCashEquivalentsIncludingDisposalGroupAndDiscontinuedOperations,USD,,2020-12-31,2452206000,10-Q,2022-05-05
us-gaap,CashCashEquivalentsRestrictedCashAndRestrictedCashEquivalentsIncludingDisposalGroupAndDiscontinuedOperations,USD,,2020-12-31,2452206000,10-Q,2022-08-04
us-gaap,CashCashEquivalentsRestrictedCashAndRestrictedCashEquivalentsIncludingDisposalGroupAndDiscontinuedOperations,USD,,2020-12-31,2452206000,10-Q,2022-11-09
us-gaap,CashCashEquivalentsRestrictedCashAndRestrictedCashEquivalentsIncludingDisposalGroupAndDiscontinuedOperations,USD,,2020-12-31,2452206000,10-K,2023-02-17
us-gaap,CashCashEquivalentsRestrictedCashAndRestrictedCashEquivalentsIncludingDisposalGroupAndDiscontinuedOperations,USD,,2020-12-31,2452206000,10-K,2024-02-16
us-gaap,CashCashEquivalentsRestrictedCashAndRestrictedCashEquivalentsIncludingDisposalGroupAndDiscontinuedOperations,USD,,2021-03-31,1520585000,10-Q,2021-05-06
us-gaap,CashCashEquivalentsRestrictedCashAndRestrictedCashEquivalentsIncludingDisposalGroupAndDiscontinuedOperations,USD,,2021-03-31,1520585000,10-Q,2022-05-05
us-gaap,CashCashEquivalentsRestrictedCashAndRestrictedCashEquivalentsIncludingDisposalGroupAndDiscontinuedOperations,USD,,2021-06-30,1506108000,10-Q,2021-08-05
us-gaap,CashCashEquivalentsRestrictedCashAndRestrictedCashEquivalentsIncludingDisposalGroupAndDiscontinuedOperations,USD,,2021-06-30,1506108000,10-Q,2022-08-04
us-gaap,CashCashEquivalentsRestrictedCashAndRestrictedCashEquivalentsIncludingDisposalGroupAndDiscontinuedOperations,USD,,2021-09-30,2080368000,10-Q,2021-11-04
us-gaap,CashCashEquivalentsRestrictedCashAndRestrictedCashEquivalentsIncludingDisposalGroupAndDiscontinuedOperations,USD,,2021-09-30,2080368000,10-Q,2022-11-09
us-gaap,CashCashEquivalentsRestrictedCashAndRestrictedCashEquivalentsIncludingDisposalGroupAndDiscontinuedOperations,USD,,2021-12-31,2149657000,10-K,2022-02-18
us-gaap,CashCashEquivalentsRestrictedCashAndRestrictedCashEquivalentsIncludingDisposalGroupAndDiscontinuedOperations,USD,,2021-12-31,2149657000,10-Q,2022-05-05
us-gaap,CashCashEquivalentsRestrictedCashAndRestrictedCashEquivalentsIncludingDisposalGroupAndDiscontinuedOperations,USD,,2021-12-31,2149657000,10-Q,2022-08-04
us-gaap,CashCashEquivalentsRestrictedCashAndRestrictedCashEquivalentsIncludingDisposalGroupAndDiscontinuedOperations,USD,,2021-12-31,2149657000,10-Q,2022-11-09
us-gaap,CashCashEquivalentsRestrictedCashAndRestrictedCashEquivalentsIncludingDisposalGroupAndDiscontinuedOperations,USD,,2021-12-31,2149657000,10-K,2023-02-17
us-gaap,CashCashEquivalentsRestrictedCashAndRestrictedCashEquivalentsIncludingDisposalGroupAndDiscontinuedOperations,USD,,2021-12-31,2149657000,10-Q,2023-05-04
us-gaap,CashCashEquivalentsRestrictedCashAndRestrictedCashEquivalentsIncludingDisposalGroupAndDiscontinuedOperations,USD,,2021-12-31,2149657000,10-Q,2023-08-09
us-gaap,CashCashEquivalentsRestrictedCashAndRestrictedCashEquivalentsIncludingDisposalGroupAndDiscontinuedOperations,USD,,2021-12-31,2149657000,10-Q,2023-11-07
us-gaap,CashCashEquivalentsRestrictedCashAndRestrictedCashEquivalentsIncludingDisposalGroupAndDiscontinuedOperations,USD,,2021-12-31,2149657000,10-K,2024-02-16
us-gaap,CashCashEquivalentsRestrictedCashAndRestrictedCashEquivalentsIncludingDisposalGroupAndDiscontinuedOperations,USD,,2021-12-31,2149657000,10-K,2025-02-26
us-gaap,CashCashEquivalentsRestrictedCashAndRestrictedCashEquivalentsIncludingDisposalGroupAndDiscontinuedOperations,USD,,2022-03-31,1724483000,10-Q,2022-05-05
us-gaap,CashCashEquivalentsRestrictedCashAndRestrictedCashEquivalentsIncludingDisposalGroupAndDiscontinuedOperations,USD,,2022-03-31,1724483000,10-Q,2023-05-04
us-gaap,CashCashEquivalentsRestrictedCashAndRestrictedCashEquivalentsIncludingDisposalGroupAndDiscontinuedOperations,USD,,2022-06-30,1607838000,10-Q,2022-08-04
us-gaap,CashCashEquivalentsRestrictedCashAndRestrictedCashEquivalentsIncludingDisposalGroupAndDiscontinuedOperations,USD,,2022-06-30,1607838000,10-Q,2023-08-09
us-gaap,CashCashEquivalentsRestrictedCashAndRestrictedCashEquivalentsIncludingDisposalGroupAndDiscontinuedOperations,USD,,2022-09-30,1446412000,10-Q,2022-11-09
us-gaap,CashCashEquivalentsRestrictedCashAndRestrictedCashEquivalentsIncludingDisposalGroupAndDiscontinuedOperations,USD,,2022-09-30,1446412000,10-Q,2023-11-07
us-gaap,CashCashEquivalentsRestrictedCashAndRestrictedCashEquivalentsIncludingDisposalGroupAndDiscontinuedOperations,USD,,2022-12-31,2229002000,10-K,2023-02-17
us-gaap,CashCashEquivalentsRestrictedCashAndRestrictedCashEquivalentsIncludingDisposalGroupAndDiscontinuedOperations,USD,,2022-12-31,2229002000,10-Q,2023-05-04
us-gaap,CashCashEquivalentsRestrictedCashAndRestrictedCashEquivalentsIncludingDisposalGroupAndDiscontinuedOperations,USD,,2022-12-31,2229002000,10-Q,2023-08-09
us-gaap,CashCashEquivalentsRestrictedCashAndRestrictedCashEquivalentsIncludingDisposalGroupAndDiscontinuedOperations,USD,,2022-12-31,2229002000,10-Q,2023-11-07
us-gaap,CashCashEquivalentsRestrictedCashAndRestrictedCashEquivalentsIncludingDisposalGroupAndDiscontinuedOperations,USD,,2022-12-31,2229002000,10-K,2024-02-16
us-gaap,CashCashEquivalentsRestrictedCashAndRestrictedCashEquivalentsIncludingDisposalGroupAndDiscontinuedOperations,USD,,2022-12-31,2229002000,10-Q,2024-05-08
us-gaap,CashCashEquivalentsRestrictedCashAndRestrictedCashEquivalentsIncludingDisposalGroupAndDiscontinuedOperations,USD,,2022-12-31,2229002000,10-Q,2024-08-07
us-gaap,CashCashEquivalentsRestrictedCashAndRestrictedCashEquivalentsIncludingDisposalGroupAndDiscontinuedOperations,USD,,2022-12-31,2229002000,10-Q,2024-11-06
us-gaap,CashCashEquivalentsRestrictedCashAndRestrictedCashEquivalentsIncludingDisposalGroupAndDiscontinuedOperations,USD,,2022-12-31,2229002000,10-K,2025-02-26
us-gaap,CashCashEquivalentsRestrictedCashAndRestrictedCashEquivalentsIncludingDisposalGroupAndDiscontinuedOperations,USD,,2022-12-31,2229002000,10-K,2026-02-24
us-gaap,CashCashEquivalentsRestrictedCashAndRestrictedCashEquivalentsIncludingDisposalGroupAndDiscontinuedOperations,USD,,2023-03-31,2786298000,10-Q,2023-05-04
us-gaap,CashCashEquivalentsRestrictedCashAndRestrictedCashEquivalentsIncludingDisposalGroupAndDiscontinuedOperations,USD,,2023-03-31,2786298000,10-Q,2024-05-08
us-gaap,CashCashEquivalentsRestrictedCashAndRestrictedCashEquivalentsIncludingDisposalGroupAndDiscontinuedOperations,USD,,2023-06-30,1929298000,10-Q,2023-08-09
us-gaap,CashCashEquivalentsRestrictedCashAndRestrictedCashEquivalentsIncludingDisposalGroupAndDiscontinuedOperations,USD,,2023-06-30,1929298000,10-Q,2024-08-07
us-gaap,CashCashEquivalentsRestrictedCashAndRestrictedCashEquivalentsIncludingDisposalGroupAndDiscontinuedOperations,USD,,2023-09-30,2801752000,10-Q,2023-11-07
us-gaap,CashCashEquivalentsRestrictedCashAndRestrictedCashEquivalentsIncludingDisposalGroupAndDiscontinuedOperations,USD,,2023-09-30,2801752000,10-Q,2024-11-06
us-gaap,CashCashEquivalentsRestrictedCashAndRestrictedCashEquivalentsIncludingDisposalGroupAndDiscontinuedOperations,USD,,2023-12-31,3523849000,10-K,2024-02-16
us-gaap,CashCashEquivalentsRestrictedCashAndRestrictedCashEquivalentsIncludingDisposalGroupAndDiscontinuedOperations,USD,,2023-12-31,3523849000,10-Q,2024-05-08
us-gaap,CashCashEquivalentsRestrictedCashAndRestrictedCashEquivalentsIncludingDisposalGroupAndDiscontinuedOperations,USD,,2023-12-31,3523849000,10-Q,2024-08-07
us-gaap,CashCashEquivalentsRestrictedCashAndRestrictedCashEquivalentsIncludingDisposalGroupAndDiscontinuedOperations,USD,,2023-12-31,3523849000,10-Q,2024-11-06
us-gaap,CashCashEquivalentsRestrictedCashAndRestrictedCashEquivalentsIncludingDisposalGroupAndDiscontinuedOperations,USD,,2023-12-31,3523849000,10-K,2025-02-26
us-gaap,CashCashEquivalentsRestrictedCashAndRestrictedCashEquivalentsIncludingDisposalGroupAndDiscontinuedOperations,USD,,2023-12-31,3523849000,10-Q,2025-05-07
us-gaap,CashCashEquivalentsRestrictedCashAndRestrictedCashEquivalentsIncludingDisposalGroupAndDiscontinuedOperations,USD,,2023-12-31,3523849000,10-Q,2025-08-06
us-gaap,CashCashEquivalentsRestrictedCashAndRestrictedCashEquivalentsIncludingDisposalGroupAndDiscontinuedOperations,USD,,2023-12-31,3523849000,10-Q,2025-11-05
us-gaap,CashCashEquivalentsRestrictedCashAndRestrictedCashEquivalentsIncludingDisposalGroupAndDiscontinuedOperations,USD,,2023-12-31,3523849000,10-K,2026-02-24
us-gaap,CashCashEquivalentsRestrictedCashAndRestrictedCashEquivalentsIncludingDisposalGroupAndDiscontinuedOperations,USD,,2024-03-31,3474355000,10-Q,2024-05-08
us-gaap,CashCashEquivalentsRestrictedCashAndRestrictedCashEquivalentsIncludingDisposalGroupAndDiscontinuedOperations,USD,,2024-03-31,3474355000,10-Q,2025-05-07
us-gaap,CashCashEquivalentsRestrictedCashAndRestrictedCashEquivalentsIncludingDisposalGroupAndDiscontinuedOperations,USD,,2024-06-30,2656960000,10-Q,2024-08-07
us-gaap,CashCashEquivalentsRestrictedCashAndRestrictedCashEquivalentsIncludingDisposalGroupAndDiscontinuedOperations,USD,,2024-06-30,2656960000,10-Q,2025-08-06
us-gaap,CashCashEquivalentsRestrictedCashAndRestrictedCashEquivalentsIncludingDisposalGroupAndDiscontinuedOperations,USD,,2024-09-30,1945286000,10-Q,2024-11-06
us-gaap,CashCashEquivalentsRestrictedCashAndRestrictedCashEquivalentsIncludingDisposalGroupAndDiscontinuedOperations,USD,,2024-09-30,1945286000,10-Q,2025-11-05
us-gaap,CashCashEquivalentsRestrictedCashAndRestrictedCashEquivalentsIncludingDisposalGroupAndDiscontinuedOperations,USD,,2024-12-31,2678203000,10-K,2025-02-26
us-gaap,CashCashEquivalentsRestrictedCashAndRestrictedCashEquivalentsIncludingDisposalGroupAndDiscontinuedOperations,USD,,2024-12-31,2678203000,10-Q,2025-05-07
us-gaap,CashCashEquivalentsRestrictedCashAndRestrictedCashEquivalentsIncludingDisposalGroupAndDiscontinuedOperations,USD,,2024-12-31,2678203000,10-Q,2025-08-06
us-gaap,CashCashEquivalentsRestrictedCashAndRestrictedCashEquivalentsIncludingDisposalGroupAndDiscontinuedOperations,USD,,2024-12-31,2678203000,10-Q,2025-11-05
us-gaap,CashCashEquivalentsRestrictedCashAndRestrictedCashEquivalentsIncludingDisposalGroupAndDiscontinuedOperations,USD,,2024-12-31,2678203000,10-K,2026-02-24
us-gaap,CashCashEquivalentsRestrictedCashAndRestrictedCashEquivalentsIncludingDisposalGroupAndDiscontinuedOperations,USD,,2024-12-31,2678203000,10-Q,2026-05-04
us-gaap,CashCashEquivalentsRestrictedCashAndRestrictedCashEquivalentsIncludingDisposalGroupAndDiscontinuedOperations,USD,,2024-12-31,2678203000,10-Q,2026-08-05
us-gaap,CashCashEquivalentsRestrictedCashAndRestrictedCashEquivalentsIncludingDisposalGroupAndDiscontinuedOperations,USD,,2025-03-31,2754057000,10-Q,2025-05-07
us-gaap,CashCashEquivalentsRestrictedCashAndRestrictedCashEquivalentsIncludingDisposalGroupAndDiscontinuedOperations,USD,,2025-03-31,2754057000,10-Q,2026-05-04
us-gaap,CashCashEquivalentsRestrictedCashAndRestrictedCashEquivalentsIncludingDisposalGroupAndDiscontinuedOperations,USD,,2025-06-30,1926063000,10-Q,2025-08-06
us-gaap,CashCashEquivalentsRestrictedCashAndRestrictedCashEquivalentsIncludingDisposalGroupAndDiscontinuedOperations,USD,,2025-06-30,1926063000,10-Q,2026-08-05
us-gaap,CashCashEquivalentsRestrictedCashAndRestrictedCashEquivalentsIncludingDisposalGroupAndDiscontinuedOperations,USD,,2025-09-30,3216756000,10-Q,2025-11-05
us-gaap,CashCashEquivalentsRestrictedCashAndRestrictedCashEquivalentsIncludingDisposalGroupAndDiscontinuedOperations,USD,,2025-12-31,2282807000,10-K,2026-02-24
us-gaap,CashCashEquivalentsRestrictedCashAndRestrictedCashEquivalentsIncludingDisposalGroupAndDiscontinuedOperations,USD,,2025-12-31,2282807000,10-Q,2026-05-04
us-gaap,CashCashEquivalentsRestrictedCashAndRestrictedCashEquivalentsIncludingDisposalGroupAndDiscontinuedOperations,USD,,2025-12-31,2282807000,10-Q,2026-08-05
us-gaap,CashCashEquivalentsRestrictedCashAndRestrictedCashEquivalentsIncludingDisposalGroupAndDiscontinuedOperations,USD,,2026-03-31,2928566000,10-Q,2026-05-04
us-gaap,CashCashEquivalentsRestrictedCashAndRestrictedCashEquivalentsIncludingDisposalGroupAndDiscontinuedOperations,USD,,2026-06-30,2221696000,10-Q,2026-08-05
us-gaap,CashCashEquivalentsRestrictedCashAndRestrictedCashEquivalentsPeriodIncreaseDecreaseIncludingExchangeRateEffect,USD,2016-01-01,2016-12-31,-51921000,10-K,2019-02-20
us-gaap,CashCashEquivalentsRestrictedCashAndRestrictedCashEquivalentsPeriodIncreaseDecreaseIncludingExchangeRateEffect,USD,2017-01-01,2017-06-30,-307963000,10-Q,2018-08-07
us-gaap,CashCashEquivalentsRestrictedCashAndRestrictedCashEquivalentsPeriodIncreaseDecreaseIncludingExchangeRateEffect,USD,2017-01-01,2017-09-30,-372076000,10-Q,2018-11-06
us-gaap,CashCashEquivalentsRestrictedCashAndRestrictedCashEquivalentsPeriodIncreaseDecreaseIncludingExchangeRateEffect,USD,2017-01-01,2017-12-31,-199082000,10-K,2019-02-20
us-gaap,CashCashEquivalentsRestrictedCashAndRestrictedCashEquivalentsPeriodIncreaseDecreaseIncludingExchangeRateEffect,USD,2017-01-01,2017-12-31,-199082000,10-K,2020-02-19
us-gaap,CashCashEquivalentsRestrictedCashAndRestrictedCashEquivalentsPeriodIncreaseDecreaseIncludingExchangeRateEffect,USD,2018-01-01,2018-03-31,-310131000,10-Q,2019-05-08
us-gaap,CashCashEquivalentsRestrictedCashAndRestrictedCashEquivalentsPeriodIncreaseDecreaseIncludingExchangeRateEffect,USD,2018-01-01,2018-06-30,-202048000,10-Q,2018-08-07
us-gaap,CashCashEquivalentsRestrictedCashAndRestrictedCashEquivalentsPeriodIncreaseDecreaseIncludingExchangeRateEffect,USD,2018-01-01,2018-06-30,-202048000,10-Q,2019-08-07
us-gaap,CashCashEquivalentsRestrictedCashAndRestrictedCashEquivalentsPeriodIncreaseDecreaseIncludingExchangeRateEffect,USD,2018-01-01,2018-09-30,-71198000,10-Q,2018-11-06
us-gaap,CashCashEquivalentsRestrictedCashAndRestrictedCashEquivalentsPeriodIncreaseDecreaseIncludingExchangeRateEffect,USD,2018-01-01,2018-09-30,-71198000,10-Q,2019-11-06
us-gaap,CashCashEquivalentsRestrictedCashAndRestrictedCashEquivalentsPeriodIncreaseDecreaseIncludingExchangeRateEffect,USD,2018-01-01,2018-12-31,1282289000,10-K,2019-02-20
us-gaap,CashCashEquivalentsRestrictedCashAndRestrictedCashEquivalentsPeriodIncreaseDecreaseIncludingExchangeRateEffect,USD,2018-01-01,2018-12-31,1282289000,10-K,2020-02-19
us-gaap,CashCashEquivalentsRestrictedCashAndRestrictedCashEquivalentsPeriodIncreaseDecreaseIncludingExchangeRateEffect,USD,2018-01-01,2018-12-31,1282289000,10-K,2021-02-19
us-gaap,CashCashEquivalentsRestrictedCashAndRestrictedCashEquivalentsPeriodIncreaseDecreaseIncludingExchangeRateEffect,USD,2019-01-01,2019-03-31,-1217909000,10-Q,2019-05-08
us-gaap,CashCashEquivalentsRestrictedCashAndRestrictedCashEquivalentsPeriodIncreaseDecreaseIncludingExchangeRateEffect,USD,2019-01-01,2019-03-31,-1217909000,10-Q,2020-05-07
us-gaap,CashCashEquivalentsRestrictedCashAndRestrictedCashEquivalentsPeriodIncreaseDecreaseIncludingExchangeRateEffect,USD,2019-01-01,2019-06-30,-1250786000,10-Q,2019-08-07
us-gaap,CashCashEquivalentsRestrictedCashAndRestrictedCashEquivalentsPeriodIncreaseDecreaseIncludingExchangeRateEffect,USD,2019-01-01,2019-06-30,-1250786000,10-Q,2020-08-06
us-gaap,CashCashEquivalentsRestrictedCashAndRestrictedCashEquivalentsPeriodIncreaseDecreaseIncludingExchangeRateEffect,USD,2019-01-01,2019-09-30,-1137854000,10-Q,2019-11-06
us-gaap,CashCashEquivalentsRestrictedCashAndRestrictedCashEquivalentsPeriodIncreaseDecreaseIncludingExchangeRateEffect,USD,2019-01-01,2019-09-30,-1137854000,10-Q,2020-11-06
us-gaap,CashCashEquivalentsRestrictedCashAndRestrictedCashEquivalentsPeriodIncreaseDecreaseIncludingExchangeRateEffect,USD,2019-01-01,2019-12-31,-795404000,10-K,2020-02-19
us-gaap,CashCashEquivalentsRestrictedCashAndRestrictedCashEquivalentsPeriodIncreaseDecreaseIncludingExchangeRateEffect,USD,2019-01-01,2019-12-31,-795404000,10-K,2021-02-19
us-gaap,CashCashEquivalentsRestrictedCashAndRestrictedCashEquivalentsPeriodIncreaseDecreaseIncludingExchangeRateEffect,USD,2019-01-01,2019-12-31,-795404000,10-K,2022-02-18
us-gaap,CashCashEquivalentsRestrictedCashAndRestrictedCashEquivalentsPeriodIncreaseDecreaseIncludingExchangeRateEffect,USD,2020-01-01,2020-03-31,305900000,10-Q,2020-05-07
us-gaap,CashCashEquivalentsRestrictedCashAndRestrictedCashEquivalentsPeriodIncreaseDecreaseIncludingExchangeRateEffect,USD,2020-01-01,2020-03-31,305900000,10-Q,2021-05-06
us-gaap,CashCashEquivalentsRestrictedCashAndRestrictedCashEquivalentsPeriodIncreaseDecreaseIncludingExchangeRateEffect,USD,2020-01-01,2020-06-30,628802000,10-Q,2020-08-06
us-gaap,CashCashEquivalentsRestrictedCashAndRestrictedCashEquivalentsPeriodIncreaseDecreaseIncludingExchangeRateEffect,USD,2020-01-01,2020-06-30,628802000,10-Q,2021-08-05
us-gaap,CashCashEquivalentsRestrictedCashAndRestrictedCashEquivalentsPeriodIncreaseDecreaseIncludingExchangeRateEffect,USD,2020-01-01,2020-09-30,596974000,10-Q,2020-11-06
us-gaap,CashCashEquivalentsRestrictedCashAndRestrictedCashEquivalentsPeriodIncreaseDecreaseIncludingExchangeRateEffect,USD,2020-01-01,2020-09-30,596974000,10-Q,2021-11-04
us-gaap,CashCashEquivalentsRestrictedCashAndRestrictedCashEquivalentsPeriodIncreaseDecreaseIncludingExchangeRateEffect,USD,2020-01-01,2020-12-31,1178236000,10-K,2021-02-19
us-gaap,CashCashEquivalentsRestrictedCashAndRestrictedCashEquivalentsPeriodIncreaseDecreaseIncludingExchangeRateEffect,USD,2020-01-01,2020-12-31,1178236000,10-K,2022-02-18
us-gaap,CashCashEquivalentsRestrictedCashAndRestrictedCashEquivalentsPeriodIncreaseDecreaseIncludingExchangeRateEffect,USD,2020-01-01,2020-12-31,1178236000,10-K,2023-02-17
us-gaap,CashCashEquivalentsRestrictedCashAndRestrictedCashEquivalentsPeriodIncreaseDecreaseIncludingExchangeRateEffect,USD,2021-01-01,2021-03-31,-931621000,10-Q,2021-05-06
us-gaap,CashCashEquivalentsRestrictedCashAndRestrictedCashEquivalentsPeriodIncreaseDecreaseIncludingExchangeRateEffect,USD,2021-01-01,2021-03-31,-931621000,10-Q,2022-05-05
us-gaap,CashCashEquivalentsRestrictedCashAndRestrictedCashEquivalentsPeriodIncreaseDecreaseIncludingExchangeRateEffect,USD,2021-01-01,2021-06-30,-946098000,10-Q,2021-08-05
us-gaap,CashCashEquivalentsRestrictedCashAndRestrictedCashEquivalentsPeriodIncreaseDecreaseIncludingExchangeRateEffect,USD,2021-01-01,2021-06-30,-946098000,10-Q,2022-08-04
us-gaap,CashCashEquivalentsRestrictedCashAndRestrictedCashEquivalentsPeriodIncreaseDecreaseIncludingExchangeRateEffect,USD,2021-01-01,2021-09-30,-371838000,10-Q,2021-11-04
us-gaap,CashCashEquivalentsRestrictedCashAndRestrictedCashEquivalentsPeriodIncreaseDecreaseIncludingExchangeRateEffect,USD,2021-01-01,2021-09-30,-371838000,10-Q,2022-11-09
us-gaap,CashCashEquivalentsRestrictedCashAndRestrictedCashEquivalentsPeriodIncreaseDecreaseIncludingExchangeRateEffect,USD,2021-01-01,2021-12-31,-302549000,10-K,2022-02-18
us-gaap,CashCashEquivalentsRestrictedCashAndRestrictedCashEquivalentsPeriodIncreaseDecreaseIncludingExchangeRateEffect,USD,2021-01-01,2021-12-31,-302549000,10-K,2023-02-17
us-gaap,CashCashEquivalentsRestrictedCashAndRestrictedCashEquivalentsPeriodIncreaseDecreaseIncludingExchangeRateEffect,USD,2021-01-01,2021-12-31,-302549000,10-K,2024-02-16
us-gaap,CashCashEquivalentsRestrictedCashAndRestrictedCashEquivalentsPeriodIncreaseDecreaseIncludingExchangeRateEffect,USD,2022-01-01,2022-03-31,-425174000,10-Q,2022-05-05
us-gaap,CashCashEquivalentsRestrictedCashAndRestrictedCashEquivalentsPeriodIncreaseDecreaseIncludingExchangeRateEffect,USD,2022-01-01,2022-03-31,-425174000,10-Q,2023-05-04
us-gaap,CashCashEquivalentsRestrictedCashAndRestrictedCashEquivalentsPeriodIncreaseDecreaseIncludingExchangeRateEffect,USD,2022-01-01,2022-06-30,-541819000,10-Q,2022-08-04
us-gaap,CashCashEquivalentsRestrictedCashAndRestrictedCashEquivalentsPeriodIncreaseDecreaseIncludingExchangeRateEffect,USD,2022-01-01,2022-06-30,-541819000,10-Q,2023-08-09
us-gaap,CashCashEquivalentsRestrictedCashAndRestrictedCashEquivalentsPeriodIncreaseDecreaseIncludingExchangeRateEffect,USD,2022-01-01,2022-09-30,-703245000,10-Q,2022-11-09
us-gaap,CashCashEquivalentsRestrictedCashAndRestrictedCashEquivalentsPeriodIncreaseDecreaseIncludingExchangeRateEffect,USD,2022-01-01,2022-09-30,-703245000,10-Q,2023-11-07
us-gaap,CashCashEquivalentsRestrictedCashAndRestrictedCashEquivalentsPeriodIncreaseDecreaseIncludingExchangeRateEffect,USD,2022-01-01,2022-12-31,79345000,10-K,2023-02-17
us-gaap,CashCashEquivalentsRestrictedCashAndRestrictedCashEquivalentsPeriodIncreaseDecreaseIncludingExchangeRateEffect,USD,2022-01-01,2022-12-31,79345000,10-K,2024-02-16
us-gaap,CashCashEquivalentsRestrictedCashAndRestrictedCashEquivalentsPeriodIncreaseDecreaseIncludingExchangeRateEffect,USD,2022-01-01,2022-12-31,79345000,10-K,2025-02-26
us-gaap,CashCashEquivalentsRestrictedCashAndRestrictedCashEquivalentsPeriodIncreaseDecreaseIncludingExchangeRateEffect,USD,2023-01-01,2023-03-31,557296000,10-Q,2023-05-04
us-gaap,CashCashEquivalentsRestrictedCashAndRestrictedCashEquivalentsPeriodIncreaseDecreaseIncludingExchangeRateEffect,USD,2023-01-01,2023-03-31,557296000,10-Q,2024-05-08
us-gaap,CashCashEquivalentsRestrictedCashAndRestrictedCashEquivalentsPeriodIncreaseDecreaseIncludingExchangeRateEffect,USD,2023-01-01,2023-06-30,-299704000,10-Q,2023-08-09
us-gaap,CashCashEquivalentsRestrictedCashAndRestrictedCashEquivalentsPeriodIncreaseDecreaseIncludingExchangeRateEffect,USD,2023-01-01,2023-06-30,-299704000,10-Q,2024-08-07
us-gaap,CashCashEquivalentsRestrictedCashAndRestrictedCashEquivalentsPeriodIncreaseDecreaseIncludingExchangeRateEffect,USD,2023-01-01,2023-09-30,572750000,10-Q,2023-11-07
us-gaap,CashCashEquivalentsRestrictedCashAndRestrictedCashEquivalentsPeriodIncreaseDecreaseIncludingExchangeRateEffect,USD,2023-01-01,2023-09-30,572750000,10-Q,2024-11-06
us-gaap,CashCashEquivalentsRestrictedCashAndRestrictedCashEquivalentsPeriodIncreaseDecreaseIncludingExchangeRateEffect,USD,2023-01-01,2023-12-31,1294847000,10-K,2024-02-16
us-gaap,CashCashEquivalentsRestrictedCashAndRestrictedCashEquivalentsPeriodIncreaseDecreaseIncludingExchangeRateEffect,USD,2023-01-01,2023-12-31,1294847000,10-K,2025-02-26
us-gaap,CashCashEquivalentsRestrictedCashAndRestrictedCashEquivalentsPeriodIncreaseDecreaseIncludingExchangeRateEffect,USD,2023-01-01,2023-12-31,1294847000,10-K,2026-02-24
us-gaap,CashCashEquivalentsRestrictedCashAndRestrictedCashEquivalentsPeriodIncreaseDecreaseIncludingExchangeRateEffect,USD,2024-01-01,2024-03-31,-49494000,10-Q,2024-05-08
us-gaap,CashCashEquivalentsRestrictedCashAndRestrictedCashEquivalentsPeriodIncreaseDecreaseIncludingExchangeRateEffect,USD,2024-01-01,2024-03-31,-49494000,10-Q,2025-05-07
us-gaap,CashCashEquivalentsRestrictedCashAndRestrictedCashEquivalentsPeriodIncreaseDecreaseIncludingExchangeRateEffect,USD,2024-01-01,2024-06-30,-866889000,10-Q,2024-08-07
us-gaap,CashCashEquivalentsRestrictedCashAndRestrictedCashEquivalentsPeriodIncreaseDecreaseIncludingExchangeRateEffect,USD,2024-01-01,2024-06-30,-866889000,10-Q,2025-08-06
us-gaap,CashCashEquivalentsRestrictedCashAndRestrictedCashEquivalentsPeriodIncreaseDecreaseIncludingExchangeRateEffect,USD,2024-01-01,2024-09-30,-1578563000,10-Q,2024-11-06
us-gaap,CashCashEquivalentsRestrictedCashAndRestrictedCashEquivalentsPeriodIncreaseDecreaseIncludingExchangeRateEffect,USD,2024-01-01,2024-09-30,-1578563000,10-Q,2025-11-05
us-gaap,CashCashEquivalentsRestrictedCashAndRestrictedCashEquivalentsPeriodIncreaseDecreaseIncludingExchangeRateEffect,USD,2024-01-01,2024-12-31,-845646000,10-K,2025-02-26
us-gaap,CashCashEquivalentsRestrictedCashAndRestrictedCashEquivalentsPeriodIncreaseDecreaseIncludingExchangeRateEffect,USD,2024-01-01,2024-12-31,-845646000,10-K,2026-02-24
us-gaap,CashCashEquivalentsRestrictedCashAndRestrictedCashEquivalentsPeriodIncreaseDecreaseIncludingExchangeRateEffect,USD,2025-01-01,2025-03-31,75854000,10-Q,2025-05-07
us-gaap,CashCashEquivalentsRestrictedCashAndRestrictedCashEquivalentsPeriodIncreaseDecreaseIncludingExchangeRateEffect,USD,2025-01-01,2025-03-31,75854000,10-Q,2026-05-04
us-gaap,CashCashEquivalentsRestrictedCashAndRestrictedCashEquivalentsPeriodIncreaseDecreaseIncludingExchangeRateEffect,USD,2025-01-01,2025-06-30,-752140000,10-Q,2025-08-06
us-gaap,CashCashEquivalentsRestrictedCashAndRestrictedCashEquivalentsPeriodIncreaseDecreaseIncludingExchangeRateEffect,USD,2025-01-01,2025-06-30,-752140000,10-Q,2026-08-05
us-gaap,CashCashEquivalentsRestrictedCashAndRestrictedCashEquivalentsPeriodIncreaseDecreaseIncludingExchangeRateEffect,USD,2025-01-01,2025-09-30,538553000,10-Q,2025-11-05
us-gaap,CashCashEquivalentsRestrictedCashAndRestrictedCashEquivalentsPeriodIncreaseDecreaseIncludingExchangeRateEffect,USD,2025-01-01,2025-12-31,-395396000,10-K,2026-02-24
us-gaap,CashCashEquivalentsRestrictedCashAndRestrictedCashEquivalentsPeriodIncreaseDecreaseIncludingExchangeRateEffect,USD,2026-01-01,2026-03-31,645759000,10-Q,2026-05-04
us-gaap,CashCashEquivalentsRestrictedCashAndRestrictedCashEquivalentsPeriodIncreaseDecreaseIncludingExchangeRateEffect,USD,2026-01-01,2026-06-30,-61111000,10-Q,2026-08-05
us-gaap,CashFlowHedgeGainLossReclassifiedToInterestExpenseNet,USD,2012-01-01,2012-03-31,10500000,10-Q,2012-05-10
us-gaap,CashFlowHedgeGainLossReclassifiedToInterestExpenseNet,USD,2011-07-01,2012-06-30,12800000,10-Q/A,2011-08-10
us-gaap,CashFlowHedgeGainLossReclassifiedToInterestExpenseNet,USD,2012-01-01,2012-06-30,9800000,10-Q,2012-08-09
us-gaap,CashFlowHedgeGainLossReclassifiedToInterestExpenseNet,USD,2011-10-01,2012-09-30,11900000,10-Q,2011-11-09
us-gaap,CashFlowHedgeGainLossReclassifiedToInterestExpenseNet,USD,2012-01-01,2012-09-30,9300000,10-Q,2012-11-09
us-gaap,CashFlowHedgeGainLossReclassifiedToInterestExpenseNet,USD,2012-01-01,2012-12-31,8500000,10-K,2013-03-01
us-gaap,CashFlowHedgeGainLossReclassifiedToInterestExpenseNet,USD,2013-01-01,2013-03-31,7800000,10-Q,2013-05-10
us-gaap,CashFlowHedgeGainLossToBeReclassifiedWithinTwelveMonths,USD,2013-01-01,2013-06-30,7000000,10-Q,2013-08-09
us-gaap,CashFlowHedgeGainLossToBeReclassifiedWithinTwelveMonths,USD,2013-01-01,2013-09-30,6400000,10-Q,2013-11-12
us-gaap,CashFlowHedgeGainLossToBeReclassifiedWithinTwelveMonths,USD,2013-01-01,2013-12-31,6000000,10-K,2014-03-03
us-gaap,CashFlowHedgeGainLossToBeReclassifiedWithinTwelveMonths,USD,2014-01-01,2014-03-31,5500000,10-Q,2014-05-12
us-gaap,CashFlowHedgeGainLossToBeReclassifiedWithinTwelveMonths,USD,2014-01-01,2014-06-30,4900000,10-Q,2014-08-11
us-gaap,CashFlowHedgeGainLossToBeReclassifiedWithinTwelveMonths,USD,2014-01-01,2014-09-30,4400000,10-Q,2014-11-10
us-gaap,CashFlowHedgeGainLossToBeReclassifiedWithinTwelveMonths,USD,2014-01-01,2014-12-31,3800000,10-K,2015-03-02
us-gaap,CashFlowHedgeGainLossToBeReclassifiedWithinTwelveMonths,USD,2015-01-01,2015-03-31,3400000,10-Q,2015-05-11
us-gaap,CashFlowHedgeGainLossToBeReclassifiedWithinTwelveMonths,USD,2015-01-01,2015-06-30,2700000,10-Q/A,2015-08-11
us-gaap,CashFlowHedgeGainLossToBeReclassifiedWithinTwelveMonths,USD,2015-01-01,2015-09-30,2400000,10-Q,2015-11-06
us-gaap,CashFlowHedgeGainLossToBeReclassifiedWithinTwelveMonths,USD,2015-01-01,2015-12-31,1900000,10-K,2016-03-01
us-gaap,CashFlowHedgeGainLossToBeReclassifiedWithinTwelveMonths,USD,2015-01-01,2015-12-31,1900000,10-K/A,2016-05-31
us-gaap,CashFlowHedgeGainLossToBeReclassifiedWithinTwelveMonths,USD,2016-01-01,2016-03-31,5400000,10-Q,2016-05-10
us-gaap,CashFlowHedgeGainLossToBeReclassifiedWithinTwelveMonths,USD,2016-01-01,2016-06-30,6000000,10-Q,2016-08-08
us-gaap,CashFlowHedgeGainLossToBeReclassifiedWithinTwelveMonths,USD,2016-01-01,2016-09-30,4200000,10-Q,2016-11-09
us-gaap,CashFlowHedgeGainLossToBeReclassifiedWithinTwelveMonths,USD,2016-01-01,2016-12-31,2100000,10-K,2017-02-23
us-gaap,CashFlowHedgeGainLossToBeReclassifiedWithinTwelveMonths,USD,2016-01-01,2016-12-31,2100000,8-K,2017-08-11
us-gaap,CashFlowHedgeGainLossToBeReclassifiedWithinTwelveMonths,USD,2017-01-01,2017-03-31,300000,10-Q,2017-05-05
us-gaap,CashFlowHedgeGainLossToBeReclassifiedWithinTwelveMonths,USD,2017-01-01,2017-06-30,300000,10-Q,2017-08-08
us-gaap,CashFlowHedgeGainLossToBeReclassifiedWithinTwelveMonths,USD,2017-01-01,2017-09-30,1600000,10-Q,2017-11-08
us-gaap,CashFlowHedgeGainLossToBeReclassifiedWithinTwelveMonths,USD,2017-01-01,2017-12-31,3200000,10-K,2018-02-26
us-gaap,CashFlowHedgeGainLossToBeReclassifiedWithinTwelveMonths,USD,2017-01-01,2017-12-31,3200000,8-K,2018-06-20
us-gaap,CashFlowHedgeGainLossToBeReclassifiedWithinTwelveMonths,USD,2018-01-01,2018-03-31,5500000,10-Q,2018-05-07
us-gaap,CashFlowHedgeGainLossToBeReclassifiedWithinTwelveMonths,USD,2018-01-01,2018-06-30,5500000,10-Q,2018-08-07
us-gaap,CashFlowHedgeGainLossToBeReclassifiedWithinTwelveMonths,USD,2018-01-01,2018-09-30,4900000,10-Q,2018-11-06
us-gaap,CashFlowHedgeGainLossToBeReclassifiedWithinTwelveMonths,USD,2018-01-01,2018-12-31,3900000,10-K,2019-02-20
us-gaap,CashFlowHedgeGainLossToBeReclassifiedWithinTwelveMonths,USD,2019-01-01,2019-03-31,2700000,10-Q,2019-05-08
us-gaap,CashFlowHedgeGainLossToBeReclassifiedWithinTwelveMonths,USD,2019-01-01,2019-06-30,1400000,10-Q,2019-08-07
us-gaap,CashFlowHedgeGainLossToBeReclassifiedWithinTwelveMonths,USD,2019-01-01,2019-09-30,1000000,10-Q,2019-11-06
us-gaap,CashFlowHedgeGainLossToBeReclassifiedWithinTwelveMonths,USD,2019-01-01,2019-12-31,800000,10-K,2020-02-19
us-gaap,CashFlowHedgeGainLossToBeReclassifiedWithinTwelveMonths,USD,2020-01-01,2020-03-31,1400000,10-Q,2020-05-07
us-gaap,CashFlowHedgeGainLossToBeReclassifiedWithinTwelveMonths,USD,2020-01-01,2020-06-30,1500000,10-Q,2020-08-06
us-gaap,CashSegregatedUnderOtherRegulations,USD,,2009-12-31,19000,10-K,2011-02-28
us-gaap,CashSegregatedUnderOtherRegulations,USD,,2010-12-31,6023000,10-K,2011-02-28
us-gaap,CashSegregatedUnderOtherRegulations,USD,,2010-12-31,6023000,10-Q,2011-05-10
us-gaap,CashSegregatedUnderOtherRegulations,USD,,2010-12-31,6023000,10-Q/A,2011-08-10
us-gaap,CashSegregatedUnderOtherRegulations,USD,,2010-12-31,6023000,10-Q,2011-11-09
us-gaap,CashSegregatedUnderOtherRegulations,USD,,2010-12-31,6023,10-K,2012-02-28
us-gaap,CashSegregatedUnderOtherRegulations,USD,,2011-03-31,5024000,10-Q,2011-05-10
us-gaap,CashSegregatedUnderOtherRegulations,USD,,2011-06-30,25000,10-Q/A,2011-08-10
us-gaap,CashSegregatedUnderOtherRegulations,USD,,2011-09-30,26000,10-Q,2011-11-09
us-gaap,CashSegregatedUnderOtherRegulations,USD,,2011-12-31,26000,10-K,2012-02-28
us-gaap,CashSegregatedUnderOtherRegulations,USD,,2011-12-31,26000,10-Q,2012-05-10
us-gaap,CashSegregatedUnderOtherRegulations,USD,,2011-12-31,26000,10-Q,2012-08-09
us-gaap,CashSegregatedUnderOtherRegulations,USD,,2011-12-31,26000,10-Q,2012-11-09
us-gaap,CashSegregatedUnderOtherRegulations,USD,,2011-12-31,26000,10-K,2013-03-01
us-gaap,CashSegregatedUnderOtherRegulations,USD,,2012-03-31,26000,10-Q,2012-05-10
us-gaap,CashSegregatedUnderOtherRegulations,USD,,2012-06-30,27000,10-Q,2012-08-09
us-gaap,CashSegregatedUnderOtherRegulations,USD,,2012-09-30,28000,10-Q,2012-11-09
us-gaap,CashSegregatedUnderOtherRegulations,USD,,2012-12-31,128031000,10-K,2013-03-01
us-gaap,CashSegregatedUnderOtherRegulations,USD,,2012-12-31,128031000,10-Q,2013-05-10
us-gaap,CashSegregatedUnderOtherRegulations,USD,,2012-12-31,128031000,10-Q,2013-08-09
us-gaap,CashSegregatedUnderOtherRegulations,USD,,2012-12-31,128031000,10-Q,2013-11-12
us-gaap,CashSegregatedUnderOtherRegulations,USD,,2012-12-31,128031000,10-K,2014-03-03
us-gaap,CashSegregatedUnderOtherRegulations,USD,,2013-03-31,32000,10-Q,2013-05-10
us-gaap,CashSegregatedUnderOtherRegulations,USD,,2013-06-30,32000,10-Q,2013-08-09
us-gaap,CashSegregatedUnderOtherRegulations,USD,,2013-09-30,33000,10-Q,2013-11-12
us-gaap,CashSegregatedUnderOtherRegulations,USD,,2013-12-31,35000,10-K,2014-03-03
us-gaap,CashSegregatedUnderOtherRegulations,USD,,2013-12-31,35000,10-Q,2014-05-12
us-gaap,CashSegregatedUnderOtherRegulations,USD,,2013-12-31,35000,10-Q,2014-08-11
us-gaap,CashSegregatedUnderOtherRegulations,USD,,2013-12-31,35000,10-Q,2014-11-10
us-gaap,CashSegregatedUnderOtherRegulations,USD,,2013-12-31,35000,10-K,2015-03-02
us-gaap,CashSegregatedUnderOtherRegulations,USD,,2014-03-31,37000,10-Q,2014-05-12
us-gaap,CashSegregatedUnderOtherRegulations,USD,,2014-06-30,38000,10-Q,2014-08-11
us-gaap,CashSegregatedUnderOtherRegulations,USD,,2014-09-30,39000,10-Q,2014-11-10
us-gaap,CashSegregatedUnderOtherRegulations,USD,,2014-12-31,49646000,10-K,2015-03-02
us-gaap,CashSegregatedUnderOtherRegulations,USD,,2014-12-31,49646000,10-Q,2015-05-11
us-gaap,CashSegregatedUnderOtherRegulations,USD,,2015-03-31,127000,10-Q,2015-05-11
us-gaap,CashSegregatedUnderOtherRegulations,USD,,2020-03-31,196950000,10-Q,2020-05-07
us-gaap,CashSegregatedUnderOtherRegulations,USD,,2020-12-31,172932000,10-K,2022-02-18
us-gaap,Deposits,USD,,2009-12-31,1047211000,10-Q,2010-08-09
us-gaap,Deposits,USD,,2009-12-31,1047211000,10-Q/A,2010-11-10
us-gaap,Deposits,USD,,2009-12-31,1047211000,10-K,2011-02-28
us-gaap,Deposits,USD,,2010-06-30,1255292000,10-Q,2010-08-09
us-gaap,Deposits,USD,,2010-09-30,1375984000,10-Q/A,2010-11-10
us-gaap,Deposits,USD,,2010-12-31,1623568000,10-K,2011-02-28
us-gaap,Deposits,USD,,2010-12-31,1623568000,10-Q,2011-05-10
us-gaap,Deposits,USD,,2010-12-31,1623568000,10-Q/A,2011-08-10
us-gaap,Deposits,USD,,2010-12-31,1623568000,10-Q,2011-11-09
us-gaap,Deposits,USD,,2010-12-31,1623568000,10-K,2012-02-28
us-gaap,Deposits,USD,,2011-03-31,1625890000,10-Q,2011-05-10
us-gaap,Deposits,USD,,2011-06-30,1641079000,10-Q/A,2011-08-10
us-gaap,Deposits,USD,,2011-09-30,2120763000,10-Q,2011-11-09
us-gaap,Deposits,USD,,2011-12-31,2071738000,10-K,2012-02-28
us-gaap,Deposits,USD,,2011-12-31,2071738000,10-Q,2012-05-10
us-gaap,Deposits,USD,,2011-12-31,2071738000,10-Q,2012-08-09
us-gaap,Deposits,USD,,2011-12-31,2071738000,10-Q,2012-11-09
us-gaap,Deposits,USD,,2011-12-31,2071738000,10-K,2013-03-01
us-gaap,Deposits,USD,,2012-03-31,2357912000,10-Q,2012-05-10
us-gaap,Deposits,USD,,2012-06-30,2776684000,10-Q,2012-08-09
us-gaap,Deposits,USD,,2012-09-30,2923671000,10-Q,2012-11-09
us-gaap,Deposits,USD,,2012-12-31,3346133000,10-K,2013-03-01
us-gaap,Deposits,USD,,2012-12-31,3346133000,10-Q,2013-05-10
us-gaap,Deposits,USD,,2012-12-31,3346133000,10-Q,2013-08-09
us-gaap,Deposits,USD,,2012-12-31,3346133000,10-Q,2013-11-12
us-gaap,Deposits,USD,,2012-12-31,3346133000,10-K,2014-03-03
us-gaap,Deposits,USD,,2013-03-31,3556568000,10-Q,2013-05-10
us-gaap,Deposits,USD,,2013-06-30,4007050000,10-Q,2013-08-09
us-gaap,Deposits,USD,,2013-09-30,4228405000,10-Q,2013-11-12
us-gaap,Deposits,USD,,2013-12-31,4663323000,10-K,2014-03-03
us-gaap,Deposits,USD,,2013-12-31,4663323000,10-Q,2014-05-12
us-gaap,Deposits,USD,,2013-12-31,4663323000,10-Q,2014-08-11
us-gaap,Deposits,USD,,2013-12-31,4663323000,10-Q,2014-11-10
us-gaap,Deposits,USD,,2013-12-31,4663323000,10-K,2015-03-02
us-gaap,Deposits,USD,,2014-03-31,4605260000,10-Q,2014-05-12
us-gaap,Deposits,USD,,2014-06-30,4653656000,10-Q,2014-08-11
us-gaap,Deposits,USD,,2014-09-30,4552522000,10-Q,2014-11-10
us-gaap,Deposits,USD,,2014-12-31,4790081000,10-K,2015-03-02
us-gaap,Deposits,USD,,2014-12-31,4790081000,10-Q,2015-05-11
us-gaap,Deposits,USD,,2014-12-31,4790081000,10-Q/A,2015-08-11
us-gaap,Deposits,USD,,2014-12-31,4790081000,10-Q,2015-11-06
us-gaap,Deposits,USD,,2014-12-31,4790081000,10-K,2016-03-01
us-gaap,Deposits,USD,,2014-12-31,4790081000,10-K/A,2016-05-31
us-gaap,Deposits,USD,,2015-03-31,4834040000,10-Q,2015-05-11
us-gaap,Deposits,USD,,2015-06-30,4313937000,10-Q/A,2015-08-11
us-gaap,Deposits,USD,,2015-09-30,4116811000,10-Q,2015-11-06
us-gaap,Deposits,USD,,2015-12-31,6638356000,10-K,2016-03-01
us-gaap,Deposits,USD,,2015-12-31,6638356000,10-Q,2016-05-10
us-gaap,Deposits,USD,,2015-12-31,6638356000,10-K/A,2016-05-31
us-gaap,Deposits,USD,,2015-12-31,6638356000,10-Q,2016-08-08
us-gaap,Deposits,USD,,2015-12-31,6638356000,10-Q,2016-11-09
us-gaap,Deposits,USD,,2015-12-31,6638356000,10-K,2017-02-23
us-gaap,Deposits,USD,,2015-12-31,6638356000,8-K,2017-08-11
us-gaap,Deposits,USD,,2016-03-31,7218100000,10-Q,2016-05-10
us-gaap,Deposits,USD,,2016-06-30,7881219000,10-Q,2016-08-08
us-gaap,Deposits,USD,,2016-09-30,9885441000,10-Q,2016-11-09
us-gaap,Deposits,USD,,2016-12-31,11527483000,10-K,2017-02-23
us-gaap,Deposits,USD,,2016-12-31,11527483000,10-Q,2017-05-05
us-gaap,Deposits,USD,,2016-12-31,11527483000,10-Q,2017-08-08
us-gaap,Deposits,USD,,2016-12-31,11527483000,8-K,2017-08-11
us-gaap,Deposits,USD,,2016-12-31,11527483000,10-Q,2017-11-08
us-gaap,Deposits,USD,,2016-12-31,11527483000,10-K,2018-02-26
us-gaap,Deposits,USD,,2016-12-31,11527483000,8-K,2018-06-20
us-gaap,Deposits,USD,,2017-03-31,11700961000,10-Q,2017-05-05
us-gaap,Deposits,USD,,2017-06-30,12050474000,10-Q,2017-08-08
us-gaap,Deposits,USD,,2017-09-30,12883961000,10-Q,2017-11-08
us-gaap,Deposits,USD,,2017-12-31,13411935000,10-K,2018-02-26
us-gaap,Deposits,USD,,2017-12-31,13411935000,10-Q,2018-05-07
us-gaap,Deposits,USD,,2017-12-31,13411935000,8-K,2018-06-20
us-gaap,Deposits,USD,,2017-12-31,13411935000,10-Q,2018-08-07
us-gaap,Deposits,USD,,2017-12-31,13411935000,10-Q,2018-11-06
us-gaap,Deposits,USD,,2017-12-31,13411935000,10-K,2019-02-20
us-gaap,Deposits,USD,,2018-03-31,13329623000,10-Q,2018-05-07
us-gaap,Deposits,USD,,2018-06-30,13890849000,10-Q,2018-08-07
us-gaap,Deposits,USD,,2018-09-30,14502952000,10-Q,2018-11-06
us-gaap,Deposits,USD,,2018-12-31,15863613000,10-K,2019-02-20
us-gaap,Deposits,USD,,2018-12-31,15863613000,10-Q,2019-05-08
us-gaap,Deposits,USD,,2018-12-31,15863613000,10-Q,2019-08-07
us-gaap,Deposits,USD,,2018-12-31,15863613000,10-Q,2019-11-06
us-gaap,Deposits,USD,,2018-12-31,15863613000,10-K,2020-02-19
us-gaap,Deposits,USD,,2019-03-31,15049877000,10-Q,2019-05-08
us-gaap,Deposits,USD,,2019-06-30,14901061000,10-Q,2019-08-07
us-gaap,Deposits,USD,,2019-09-30,14836646000,10-Q,2019-11-06
us-gaap,Deposits,USD,,2019-12-31,15332581000,10-K,2020-02-19
us-gaap,Deposits,USD,,2019-12-31,15332581000,10-Q,2020-05-07
us-gaap,Deposits,USD,,2019-12-31,15332581000,10-Q,2020-08-06
us-gaap,Deposits,USD,,2019-12-31,15332581000,10-Q,2020-11-06
us-gaap,Deposits,USD,,2019-12-31,15332581000,10-K,2021-02-19
us-gaap,Deposits,USD,,2020-03-31,16880933000,10-Q,2020-05-07
us-gaap,Deposits,USD,,2020-06-30,16302821000,10-Q,2020-08-06
us-gaap,Deposits,USD,,2020-09-30,16400001000,10-Q,2020-11-06
us-gaap,Deposits,USD,,2020-12-31,17396497000,10-K,2021-02-19
us-gaap,Deposits,USD,,2020-12-31,17396497000,10-Q,2021-05-06
us-gaap,Deposits,USD,,2020-12-31,17396497000,10-Q,2021-08-05
us-gaap,Deposits,USD,,2020-12-31,17396497000,10-Q,2021-11-04
us-gaap,Deposits,USD,,2020-12-31,17396497000,10-K,2022-02-18
us-gaap,Deposits,USD,,2021-03-31,18715133000,10-Q,2021-05-06
us-gaap,Deposits,USD,,2021-06-30,19608800000,10-Q,2021-08-05
us-gaap,Deposits,USD,,2021-09-30,20398874000,10-Q,2021-11-04
us-gaap,Deposits,USD,,2021-12-31,23280348000,10-K,2022-02-18
us-gaap,Deposits,USD,,2021-12-31,23280348000,10-Q,2022-05-05
us-gaap,Deposits,USD,,2021-12-31,23280348000,10-Q,2022-08-04
us-gaap,Deposits,USD,,2021-12-31,23280348000,10-Q,2022-11-09
us-gaap,Deposits,USD,,2021-12-31,23280348000,10-K,2023-02-17
us-gaap,Deposits,USD,,2022-03-31,24195626000,10-Q,2022-05-05
us-gaap,Deposits,USD,,2022-06-30,26009300000,10-Q,2022-08-04
us-gaap,Deposits,USD,,2022-09-30,27190619000,10-Q,2022-11-09
us-gaap,Deposits,USD,,2022-12-31,27117111000,10-K,2023-02-17
us-gaap,Deposits,USD,,2022-12-31,27117111000,10-Q,2023-05-04
us-gaap,Deposits,USD,,2022-12-31,27117111000,10-Q,2023-08-09
us-gaap,Deposits,USD,,2022-12-31,27117111000,10-Q,2023-11-07
us-gaap,Deposits,USD,,2022-12-31,27117111000,10-K,2024-02-16
us-gaap,Deposits,USD,,2023-03-31,28325327000,10-Q,2023-05-04
us-gaap,Deposits,USD,,2023-06-30,27004807000,10-Q,2023-08-09
us-gaap,Deposits,USD,,2023-09-30,27594358000,10-Q,2023-11-07
us-gaap,Deposits,USD,,2023-12-31,27334579000,10-K,2024-02-16
us-gaap,Deposits,USD,,2023-12-31,27334579000,10-Q,2024-05-08
us-gaap,Deposits,USD,,2023-12-31,27334579000,10-Q,2024-08-07
us-gaap,Deposits,USD,,2023-12-31,27334579000,10-Q,2024-11-06
us-gaap,Deposits,USD,,2023-12-31,27334579000,10-K,2025-02-26
us-gaap,Deposits,USD,,2024-03-31,27554411000,10-Q,2024-05-08
us-gaap,Deposits,USD,,2024-06-30,27139753000,10-Q,2024-08-07
us-gaap,Deposits,USD,,2024-09-30,28120518000,10-Q,2024-11-06
us-gaap,Deposits,USD,,2024-12-31,29102227000,10-K,2025-02-26
us-gaap,Deposits,USD,,2024-12-31,29102227000,10-Q,2025-05-07
us-gaap,Deposits,USD,,2024-12-31,29102227000,10-Q,2025-08-06
us-gaap,Deposits,USD,,2024-12-31,29102227000,10-Q,2025-11-05
us-gaap,Deposits,USD,,2024-12-31,29102227000,10-K,2026-02-24
us-gaap,Deposits,USD,,2025-03-31,29639272000,10-Q,2025-05-07
us-gaap,Deposits,USD,,2025-06-30,28673063000,10-Q,2025-08-06
us-gaap,Deposits,USD,,2025-09-30,30137748000,10-Q,2025-11-05
us-gaap,Deposits,USD,,2025-12-31,29752063000,10-K,2026-02-24
us-gaap,Deposits,USD,,2025-12-31,29752063000,10-Q,2026-05-04
us-gaap,Deposits,USD,,2025-12-31,29752063000,10-Q,2026-08-05
us-gaap,Deposits,USD,,2026-03-31,30797336000,10-Q,2026-05-04
us-gaap,Deposits,USD,,2026-06-30,32264006000,10-Q,2026-08-05
us-gaap,DepositsMoneyMarketDeposits,USD,,2010-12-31,1590663000,10-Q/A,2011-08-10
us-gaap,DepositsMoneyMarketDeposits,USD,,2010-12-31,1590663000,10-Q,2011-11-09
us-gaap,DepositsMoneyMarketDeposits,USD,,2010-12-31,1590663000,10-K,2012-02-28
us-gaap,DepositsMoneyMarketDeposits,USD,,2011-06-30,1617907000,10-Q/A,2011-08-10
us-gaap,DepositsMoneyMarketDeposits,USD,,2011-09-30,2041669000,10-Q,2011-11-09
us-gaap,DepositsMoneyMarketDeposits,USD,,2011-12-31,2024568000,10-K,2012-02-28
us-gaap,DepositsMoneyMarketDeposits,USD,,2011-12-31,2024568000,10-Q,2012-05-10
us-gaap,DepositsMoneyMarketDeposits,USD,,2011-12-31,2024568000,10-Q,2012-08-09
us-gaap,DepositsMoneyMarketDeposits,USD,,2011-12-31,2024568000,10-Q,2012-11-09
us-gaap,DepositsMoneyMarketDeposits,USD,,2011-12-31,2024568000,10-K,2013-03-01
us-gaap,DepositsMoneyMarketDeposits,USD,,2012-03-31,2316088000,10-Q,2012-05-10
us-gaap,DepositsMoneyMarketDeposits,USD,,2012-06-30,2707778000,10-Q,2012-08-09
us-gaap,DepositsMoneyMarketDeposits,USD,,2012-09-30,2900461000,10-Q,2012-11-09
us-gaap,DepositsMoneyMarketDeposits,USD,,2012-12-31,3271929000,10-K,2013-03-01
us-gaap,DepositsMoneyMarketDeposits,USD,,2012-12-31,3271929000,10-Q,2013-05-10
us-gaap,DepositsMoneyMarketDeposits,USD,,2012-12-31,3271929000,10-Q,2013-08-09
us-gaap,DepositsMoneyMarketDeposits,USD,,2012-12-31,3271929000,10-Q,2013-11-12
us-gaap,DepositsMoneyMarketDeposits,USD,,2012-12-31,3271929000,10-K,2014-03-03
us-gaap,DepositsMoneyMarketDeposits,USD,,2013-03-31,3492637000,10-Q,2013-05-10
us-gaap,DepositsMoneyMarketDeposits,USD,,2013-06-30,3967106000,10-Q,2013-08-09
us-gaap,DepositsMoneyMarketDeposits,USD,,2013-09-30,4151990000,10-Q,2013-11-12
us-gaap,DepositsMoneyMarketDeposits,USD,,2013-12-31,4310223000,10-K,2014-03-03
us-gaap,DepositsMoneyMarketDeposits,USD,,2013-12-31,4310223000,10-Q,2014-05-12
us-gaap,DepositsMoneyMarketDeposits,USD,,2013-12-31,4310223000,10-Q,2014-08-11
us-gaap,DepositsMoneyMarketDeposits,USD,,2013-12-31,4310223000,10-Q,2014-11-10
us-gaap,DepositsMoneyMarketDeposits,USD,,2013-12-31,4310223000,10-K,2015-03-02
us-gaap,DepositsMoneyMarketDeposits,USD,,2014-03-31,4344684000,10-Q,2014-05-12
us-gaap,DepositsMoneyMarketDeposits,USD,,2014-06-30,4475385000,10-Q,2014-08-11
us-gaap,DepositsMoneyMarketDeposits,USD,,2014-09-30,4410904000,10-Q,2014-11-10
us-gaap,DepositsMoneyMarketDeposits,USD,,2014-12-31,4600757000,10-K,2015-03-02
us-gaap,DepositsMoneyMarketDeposits,USD,,2014-12-31,4600757000,10-Q,2015-05-11
us-gaap,DepositsMoneyMarketDeposits,USD,,2014-12-31,4600757000,10-Q/A,2015-08-11
us-gaap,DepositsMoneyMarketDeposits,USD,,2014-12-31,4600757000,10-Q,2015-11-06
us-gaap,DepositsMoneyMarketDeposits,USD,,2014-12-31,4600757000,10-K,2016-03-01
us-gaap,DepositsMoneyMarketDeposits,USD,,2014-12-31,4600757000,10-K/A,2016-05-31
us-gaap,DepositsMoneyMarketDeposits,USD,,2015-03-31,4692666000,10-Q,2015-05-11
us-gaap,DepositsMoneyMarketDeposits,USD,,2015-06-30,4242577000,10-Q/A,2015-08-11
us-gaap,DepositsMoneyMarketDeposits,USD,,2015-09-30,4021029000,10-Q,2015-11-06
us-gaap,DepositsMoneyMarketDeposits,USD,,2015-12-31,6429780000,10-K,2016-03-01
us-gaap,DepositsMoneyMarketDeposits,USD,,2015-12-31,6429780000,10-Q,2016-05-10
us-gaap,DepositsMoneyMarketDeposits,USD,,2015-12-31,6429780000,10-K/A,2016-05-31
us-gaap,DepositsMoneyMarketDeposits,USD,,2015-12-31,6429780000,10-Q,2016-08-08
us-gaap,DepositsMoneyMarketDeposits,USD,,2015-12-31,6429780000,10-Q,2016-11-09
us-gaap,DepositsMoneyMarketDeposits,USD,,2015-12-31,6429780000,10-K,2017-02-23
us-gaap,DepositsMoneyMarketDeposits,USD,,2015-12-31,6429780000,8-K,2017-08-11
us-gaap,DepositsMoneyMarketDeposits,USD,,2016-03-31,7109837000,10-Q,2016-05-10
us-gaap,DepositsMoneyMarketDeposits,USD,,2016-06-30,7731204000,10-Q,2016-08-08
us-gaap,DepositsMoneyMarketDeposits,USD,,2016-09-30,9804434000,10-Q,2016-11-09
us-gaap,DepositsMoneyMarketDeposits,USD,,2016-12-31,11264285000,10-K,2017-02-23
us-gaap,DepositsMoneyMarketDeposits,USD,,2016-12-31,11264285000,10-Q,2017-05-05
us-gaap,DepositsMoneyMarketDeposits,USD,,2016-12-31,11264285000,10-Q,2017-08-08
us-gaap,DepositsMoneyMarketDeposits,USD,,2016-12-31,11264285000,8-K,2017-08-11
us-gaap,DepositsMoneyMarketDeposits,USD,,2016-12-31,11264285000,10-Q,2017-11-08
us-gaap,DepositsMoneyMarketDeposits,USD,,2016-12-31,11264285000,10-K,2018-02-26
us-gaap,DepositsMoneyMarketDeposits,USD,,2016-12-31,11264285000,8-K,2018-06-20
us-gaap,DepositsMoneyMarketDeposits,USD,,2017-03-31,11545456000,10-Q,2017-05-05
us-gaap,DepositsMoneyMarketDeposits,USD,,2017-06-30,11804509000,10-Q,2017-08-08
us-gaap,DepositsMoneyMarketDeposits,USD,,2017-09-30,12658209000,10-Q,2017-11-08
us-gaap,DepositsMoneyMarketDeposits,USD,,2017-12-31,13219675000,10-K,2018-02-26
us-gaap,DepositsMoneyMarketDeposits,USD,,2017-12-31,13219675000,10-Q,2018-05-07
us-gaap,DepositsMoneyMarketDeposits,USD,,2017-12-31,13219675000,8-K,2018-06-20
us-gaap,DepositsMoneyMarketDeposits,USD,,2017-12-31,13219675000,10-Q,2018-08-07
us-gaap,DepositsMoneyMarketDeposits,USD,,2017-12-31,13219675000,10-Q,2018-11-06
us-gaap,DepositsMoneyMarketDeposits,USD,,2017-12-31,13219675000,10-K,2019-02-20
us-gaap,DepositsMoneyMarketDeposits,USD,,2018-03-31,12834447000,10-Q,2018-05-07
us-gaap,DepositsMoneyMarketDeposits,USD,,2018-06-30,12183710000,10-Q,2018-08-07
us-gaap,DepositsMoneyMarketDeposits,USD,,2018-09-30,11950269000,10-Q,2018-11-06
us-gaap,DepositsMoneyMarketDeposits,USD,,2018-12-31,13609612000,10-K,2019-02-20
us-gaap,DepositsMoneyMarketDeposits,USD,,2018-12-31,13609612000,10-Q,2019-05-08
us-gaap,DepositsMoneyMarketDeposits,USD,,2018-12-31,13609612000,10-Q,2019-08-07
us-gaap,DepositsMoneyMarketDeposits,USD,,2018-12-31,13609612000,10-Q,2019-11-06
us-gaap,DepositsMoneyMarketDeposits,USD,,2018-12-31,13609612000,10-K,2020-02-19
us-gaap,DepositsMoneyMarketDeposits,USD,,2019-03-31,13354624000,10-Q,2019-05-08
us-gaap,DepositsMoneyMarketDeposits,USD,,2019-06-30,12600969000,10-Q,2019-08-07
us-gaap,DepositsMoneyMarketDeposits,USD,,2019-09-30,13573614000,10-Q,2019-11-06
us-gaap,DepositsMoneyMarketDeposits,USD,,2019-12-31,13530670000,10-K,2020-02-19
us-gaap,DepositsMoneyMarketDeposits,USD,,2019-12-31,13530670000,10-Q,2020-05-07
us-gaap,DepositsMoneyMarketDeposits,USD,,2019-12-31,13530670000,10-Q,2020-08-06
us-gaap,DepositsMoneyMarketDeposits,USD,,2019-12-31,13530670000,10-Q,2020-11-06
us-gaap,DepositsMoneyMarketDeposits,USD,,2020-03-31,15465695000,10-Q,2020-05-07
us-gaap,DepositsMoneyMarketDeposits,USD,,2020-06-30,15333764000,10-Q,2020-08-06
us-gaap,DepositsMoneyMarketDeposits,USD,,2020-09-30,15653048000,10-Q,2020-11-06
us-gaap,FederalHomeLoanBankAdvances,USD,,2020-03-31,250000000,10-Q,2020-05-07
us-gaap,FederalHomeLoanBankAdvances,USD,,2020-12-31,0,10-K,2021-02-19
us-gaap,FederalHomeLoanBankAdvances,USD,,2021-03-31,0,10-Q,2021-05-06
us-gaap,FederalHomeLoanBankAdvances,USD,,2021-12-31,0,10-K,2022-02-18
us-gaap,FederalHomeLoanBankAdvances,USD,,2022-12-31,0,10-K,2023-02-17
us-gaap,FederalHomeLoanBankAdvances,USD,,2023-03-31,0,10-Q,2023-05-04
us-gaap,FederalHomeLoanBankAdvances,USD,,2023-06-30,0,10-Q,2023-08-09
us-gaap,FederalHomeLoanBankAdvances,USD,,2023-09-30,0,10-Q,2023-11-07
us-gaap,FederalHomeLoanBankAdvances,USD,,2023-12-31,0,10-K,2024-02-16
us-gaap,FederalHomeLoanBankAdvances,USD,,2024-03-31,0,10-Q,2024-05-08
us-gaap,FederalHomeLoanBankAdvances,USD,,2024-06-30,0,10-Q,2024-08-07
us-gaap,FederalHomeLoanBankAdvances,USD,,2024-09-30,0,10-Q,2024-11-06
us-gaap,FederalHomeLoanBankAdvances,USD,,2024-12-31,0,10-K,2025-02-26
us-gaap,FederalHomeLoanBankAdvances,USD,,2025-03-31,0,10-Q,2025-05-07
us-gaap,FederalHomeLoanBankAdvances,USD,,2025-06-30,0,10-Q,2025-08-06
us-gaap,FederalHomeLoanBankAdvances,USD,,2025-09-30,0,10-Q,2025-11-05
us-gaap,FederalHomeLoanBankAdvances,USD,,2025-12-31,0,10-K,2026-02-24
us-gaap,FederalHomeLoanBankAdvances,USD,,2026-03-31,0,10-Q,2026-05-04
us-gaap,FederalHomeLoanBankAdvances,USD,,2026-06-30,450000000,10-Q,2026-08-05
us-gaap,FederalHomeLoanBankAdvancesFloatingRate,USD,,2016-12-31,500000000,10-K,2017-02-23
us-gaap,FederalHomeLoanBankAdvancesFloatingRate,USD,,2016-12-31,500000000,8-K,2017-08-11
us-gaap,FederalHomeLoanBankAdvancesFloatingRate,USD,,2017-03-31,790000000,10-Q,2017-05-05
us-gaap,FederalHomeLoanBankAdvancesFloatingRate,USD,,2017-12-31,745000000,10-K,2018-02-26
us-gaap,FederalHomeLoanBankAdvancesFloatingRate,USD,,2017-12-31,745000000,8-K,2018-06-20
us-gaap,FederalHomeLoanBankAdvancesFloatingRate,USD,,2018-03-31,827000000,10-Q,2018-05-07
us-gaap,FederalHomeLoanBankAdvancesFloatingRate,USD,,2018-06-30,760000,10-Q,2018-08-07
us-gaap,FederalHomeLoanBankAdvancesFloatingRate,USD,,2018-09-30,1100000000,10-Q,2018-11-06
us-gaap,FederalHomeLoanBankAdvancesFloatingRate,USD,,2018-12-31,540000000,10-K,2019-02-20
us-gaap,FederalHomeLoanBankAdvancesFloatingRate,USD,,2019-03-31,250000000,10-Q,2019-05-08
us-gaap,FederalHomeLoanBankAdvancesFloatingRate,USD,,2019-06-30,250000000,10-Q,2019-08-07
us-gaap,FederalHomeLoanBankAdvancesFloatingRate,USD,,2019-09-30,250000000,10-Q,2019-11-06
us-gaap,FederalHomeLoanBankAdvancesFloatingRate,USD,,2019-12-31,250000000,10-K,2020-02-19
us-gaap,FederalHomeLoanBankAdvancesFloatingRate,USD,,2020-03-31,250000000,10-Q,2020-05-07
us-gaap,FederalHomeLoanBankAdvancesFloatingRate,USD,,2020-06-30,323000000,10-Q,2020-08-06
us-gaap,FederalHomeLoanBankAdvancesFloatingRate,USD,,2020-09-30,0,10-Q,2020-11-06
us-gaap,FederalHomeLoanBankAdvancesFloatingRate,USD,,2021-06-30,0,10-Q,2021-08-05
us-gaap,FederalHomeLoanBankAdvancesFloatingRate,USD,,2021-09-30,52000000,10-Q,2021-11-04
us-gaap,FederalHomeLoanBankAdvancesFloatingRate,USD,,2022-03-31,28000000,10-Q,2022-05-05
us-gaap,FederalHomeLoanBankAdvancesShortTerm,USD,,2009-12-31,2000000,10-K,2011-02-28
us-gaap,FederalHomeLoanBankAdvancesShortTerm,USD,,2009-12-31,2000000,10-Q/A,2010-11-10
us-gaap,FederalHomeLoanBankAdvancesShortTerm,USD,,2009-12-31,2000000,10-Q,2010-08-09
us-gaap,LoansAndLeasesReceivableGrossCarryingAmount,USD,,2010-12-31,391448000,10-Q/A,2011-08-10
us-gaap,LoansAndLeasesReceivableGrossCarryingAmount,USD,,2010-12-31,391448000,10-Q,2011-11-09
us-gaap,LoansAndLeasesReceivableGrossCarryingAmount,USD,,2010-12-31,391448000,10-K,2012-02-28
us-gaap,LoansAndLeasesReceivableGrossCarryingAmount,USD,,2011-06-30,480908000,10-Q/A,2011-08-10
us-gaap,LoansAndLeasesReceivableGrossCarryingAmount,USD,,2011-09-30,572067000,10-Q,2011-11-09
us-gaap,LoansAndLeasesReceivableGrossCarryingAmount,USD,,2011-12-31,637857000,10-K,2012-02-28
us-gaap,LoansAndLeasesReceivableGrossCarryingAmount,USD,,2011-12-31,637857000,10-Q,2012-05-10
us-gaap,LoansAndLeasesReceivableGrossCarryingAmount,USD,,2011-12-31,637857000,10-Q,2012-08-09
us-gaap,LoansAndLeasesReceivableGrossCarryingAmount,USD,,2011-12-31,637857000,10-Q,2012-11-09
us-gaap,LoansAndLeasesReceivableGrossCarryingAmount,USD,,2011-12-31,637857000,10-K,2013-03-01
us-gaap,LoansAndLeasesReceivableGrossCarryingAmount,USD,,2012-03-31,663600000,10-Q,2012-05-10
us-gaap,LoansAndLeasesReceivableGrossCarryingAmount,USD,,2012-06-30,716277000,10-Q,2012-08-09
us-gaap,LoansAndLeasesReceivableGrossCarryingAmount,USD,,2012-09-30,753551000,10-Q,2012-11-09
us-gaap,LoansAndLeasesReceivableGrossCarryingAmount,USD,,2012-12-31,823919000,10-K,2013-03-01
us-gaap,LoansAndLeasesReceivableGrossCarryingAmount,USD,,2012-12-31,823919000,10-Q,2013-05-10
us-gaap,LoansAndLeasesReceivableGrossCarryingAmount,USD,,2012-12-31,823919000,10-Q,2013-08-09
us-gaap,LoansAndLeasesReceivableGrossCarryingAmount,USD,,2012-12-31,823919000,10-Q,2013-11-12
us-gaap,LoansAndLeasesReceivableGrossCarryingAmount,USD,,2012-12-31,823919000,10-K,2014-03-03
us-gaap,LoansAndLeasesReceivableGrossCarryingAmount,USD,,2013-03-31,897657000,10-Q,2013-05-10
us-gaap,LoansAndLeasesReceivableGrossCarryingAmount,USD,,2013-06-30,996325000,10-Q,2013-08-09
us-gaap,LoansAndLeasesReceivableGrossCarryingAmount,USD,,2013-09-30,1076298000,10-Q,2013-11-12
us-gaap,LoansAndLeasesReceivableGrossCarryingAmount,USD,,2013-09-30,1463707000,10-K,2014-03-03
us-gaap,LoansAndLeasesReceivableGrossCarryingAmount,USD,,2013-12-31,1463707000,10-Q,2014-05-12
us-gaap,LoansAndLeasesReceivableGrossCarryingAmount,USD,,2013-12-31,1463707000,10-Q,2014-08-11
us-gaap,LoansAndLeasesReceivableGrossCarryingAmount,USD,,2013-12-31,1463707000,10-Q,2014-11-10
us-gaap,LoansAndLeasesReceivableGrossCarryingAmount,USD,,2013-12-31,1463707000,10-K,2015-03-02
us-gaap,LoansAndLeasesReceivableGrossCarryingAmount,USD,,2014-03-31,1554056000,10-Q,2014-05-12
us-gaap,LoansAndLeasesReceivableGrossCarryingAmount,USD,,2014-06-30,1816666000,10-Q,2014-08-11
us-gaap,LoansAndLeasesReceivableGrossCarryingAmount,USD,,2014-06-30,1816666000,10-Q/A,2015-08-11
us-gaap,LoansAndLeasesReceivableGrossCarryingAmount,USD,,2014-09-30,1921351000,10-Q,2014-11-10
us-gaap,LoansAndLeasesReceivableGrossCarryingAmount,USD,,2014-09-30,1921351000,10-Q,2015-11-06
us-gaap,LoansAndLeasesReceivableGrossCarryingAmount,USD,,2014-12-31,2116634000,10-K,2015-03-02
us-gaap,LoansAndLeasesReceivableGrossCarryingAmount,USD,,2014-12-31,2116634000,10-Q,2015-05-11
us-gaap,LoansAndLeasesReceivableGrossCarryingAmount,USD,,2014-12-31,2116634000,10-Q/A,2015-08-11
us-gaap,LoansAndLeasesReceivableGrossCarryingAmount,USD,,2014-12-31,2116634000,10-Q,2015-11-06
us-gaap,LoansAndLeasesReceivableGrossCarryingAmount,USD,,2014-12-31,2116634000,10-K,2016-03-01
us-gaap,LoansAndLeasesReceivableGrossCarryingAmount,USD,,2014-12-31,2116634000,10-K/A,2016-05-31
us-gaap,LoansAndLeasesReceivableGrossCarryingAmount,USD,,2015-03-31,2310555000,10-Q,2015-05-11
us-gaap,LoansAndLeasesReceivableGrossCarryingAmount,USD,,2015-06-30,2475815000,10-Q/A,2015-08-11
us-gaap,LoansAndLeasesReceivableGrossCarryingAmount,USD,,2015-06-30,2475815000,10-Q,2016-08-08
us-gaap,LoansAndLeasesReceivableGrossCarryingAmount,USD,,2015-09-30,2442343000,10-Q,2015-11-06
us-gaap,LoansAndLeasesReceivableGrossCarryingAmount,USD,,2015-09-30,2442343000,10-Q,2016-11-09
us-gaap,LoansAndLeasesReceivableGrossCarryingAmount,USD,,2015-12-31,3180584000,10-K,2016-03-01
us-gaap,LoansAndLeasesReceivableGrossCarryingAmount,USD,,2015-12-31,3180584000,10-Q,2016-05-10
us-gaap,LoansAndLeasesReceivableGrossCarryingAmount,USD,,2015-12-31,3180584000,10-K/A,2016-05-31
us-gaap,LoansAndLeasesReceivableGrossCarryingAmount,USD,,2015-12-31,3180584000,10-Q,2016-08-08
us-gaap,LoansAndLeasesReceivableGrossCarryingAmount,USD,,2015-12-31,3180584000,10-Q,2016-11-09
us-gaap,LoansAndLeasesReceivableGrossCarryingAmount,USD,,2015-12-31,3180584000,10-K,2017-02-23
us-gaap,LoansAndLeasesReceivableGrossCarryingAmount,USD,,2015-12-31,3180584000,8-K,2017-08-11
us-gaap,LoansAndLeasesReceivableGrossCarryingAmount,USD,,2016-03-31,3505509000,10-Q,2016-05-10
us-gaap,LoansAndLeasesReceivableGrossCarryingAmount,USD,,2016-03-31,3505509000,10-Q,2017-05-05
us-gaap,LoansAndLeasesReceivableGrossCarryingAmount,USD,,2016-06-30,4214063000,10-Q,2016-08-08
us-gaap,LoansAndLeasesReceivableGrossCarryingAmount,USD,,2016-09-30,4997044000,10-Q,2016-11-09
us-gaap,LoansAndLeasesReceivableGrossCarryingAmount,USD,,2016-12-31,5637565000,10-K,2017-02-23
us-gaap,LoansAndLeasesReceivableGrossCarryingAmount,USD,,2016-12-31,5637565000,10-Q,2017-05-05
us-gaap,LoansAndLeasesReceivableGrossCarryingAmount,USD,,2016-12-31,5637565000,10-Q,2017-08-08
us-gaap,LoansAndLeasesReceivableGrossCarryingAmount,USD,,2016-12-31,5637565000,8-K,2017-08-11
us-gaap,LoansAndLeasesReceivableGrossCarryingAmount,USD,,2016-12-31,5637565000,10-Q,2017-11-08
us-gaap,LoansAndLeasesReceivableGrossCarryingAmount,USD,,2016-12-31,5637565000,10-K,2018-02-26
us-gaap,LoansAndLeasesReceivableGrossCarryingAmount,USD,,2016-12-31,5637565000,8-K,2018-06-20
us-gaap,LoansAndLeasesReceivableGrossCarryingAmount,USD,,2017-03-31,5923624000,10-Q,2017-05-05
us-gaap,LoansAndLeasesReceivableGrossCarryingAmount,USD,,2017-06-30,6213813000,10-Q,2017-08-08
us-gaap,LoansAndLeasesReceivableGrossCarryingAmount,USD,,2017-09-30,6883891000,10-Q,2017-11-08
us-gaap,LoansAndLeasesReceivableGrossCarryingAmount,USD,,2017-12-31,7014421000,10-K,2018-02-26
us-gaap,LoansAndLeasesReceivableGrossCarryingAmount,USD,,2017-12-31,7014421000,10-Q,2018-05-07
us-gaap,LoansAndLeasesReceivableGrossCarryingAmount,USD,,2017-12-31,7014421000,8-K,2018-06-20
us-gaap,LoansAndLeasesReceivableGrossCarryingAmount,USD,,2017-12-31,7014421000,10-Q,2018-08-07
us-gaap,LoansAndLeasesReceivableGrossCarryingAmount,USD,,2017-12-31,7014421000,10-Q,2018-11-06
us-gaap,LoansAndLeasesReceivableGrossCarryingAmount,USD,,2017-12-31,7014421000,10-K,2019-02-20
us-gaap,LoansAndLeasesReceivableGrossCarryingAmount,USD,,2018-03-31,7154661000,10-Q,2018-05-07
us-gaap,LoansAndLeasesReceivableGrossCarryingAmount,USD,,2018-06-30,7425423000,10-Q,2018-08-07
us-gaap,LoansAndLeasesReceivableGrossCarryingAmount,USD,,2018-09-30,8344626000,10-Q,2018-11-06
us-gaap,LoansAndLeasesReceivableGrossCarryingAmount,USD,,2018-12-31,8581647000,10-K,2019-02-20
us-gaap,LoansAndLeasesReceivableGrossCarryingAmount,USD,,2018-12-31,8581647000,10-Q,2019-05-08
us-gaap,LoansAndLeasesReceivableGrossCarryingAmount,USD,,2018-12-31,8581647000,10-Q,2019-08-07
us-gaap,LoansAndLeasesReceivableGrossCarryingAmount,USD,,2018-12-31,8581647000,10-Q,2019-11-06
us-gaap,LoansAndLeasesReceivableGrossCarryingAmount,USD,,2018-12-31,8581647000,10-K,2020-02-19
us-gaap,LoansAndLeasesReceivableGrossCarryingAmount,USD,,2019-03-31,8809084000,10-Q,2019-05-08
us-gaap,LoansAndLeasesReceivableGrossCarryingAmount,USD,,2019-06-30,9066278000,10-Q,2019-08-07
us-gaap,LoansAndLeasesReceivableGrossCarryingAmount,USD,,2019-09-30,9197632000,10-Q,2019-11-06
us-gaap,LoansAndLeasesReceivableGrossCarryingAmount,USD,,2019-12-31,9752616000,10-K,2020-02-19
us-gaap,LoansAndLeasesReceivableGrossCarryingAmount,USD,,2019-12-31,9752616000,10-Q,2020-05-07
us-gaap,LoansAndLeasesReceivableGrossCarryingAmount,USD,,2019-12-31,9752616000,10-Q,2020-08-06
us-gaap,LoansAndLeasesReceivableGrossCarryingAmount,USD,,2019-12-31,9752616000,10-Q,2020-11-06
us-gaap,LoansAndLeasesReceivableGrossCarryingAmount,USD,,2019-12-31,9752616000,10-K,2021-02-19
us-gaap,LoansAndLeasesReceivableGrossCarryingAmount,USD,,2020-03-31,10156675000,10-Q,2020-05-07
us-gaap,LoansAndLeasesReceivableGrossCarryingAmount,USD,,2020-06-30,10574297000,10-Q,2020-08-06
us-gaap,LoansAndLeasesReceivableGrossCarryingAmount,USD,,2020-09-30,10753688000,10-Q,2020-11-06
us-gaap,LoansAndLeasesReceivableGrossCarryingAmount,USD,,2020-12-31,11170813000,10-K,2021-02-19
us-gaap,LoansAndLeasesReceivableGrossCarryingAmount,USD,,2020-12-31,11170813000,10-Q,2021-05-06
us-gaap,LoansAndLeasesReceivableGrossCarryingAmount,USD,,2020-12-31,11170813000,10-Q,2021-08-05
us-gaap,LoansAndLeasesReceivableGrossCarryingAmount,USD,,2020-12-31,11170813000,10-Q,2021-11-04
us-gaap,LoansAndLeasesReceivableGrossCarryingAmount,USD,,2020-12-31,11170813000,10-K,2022-02-18
us-gaap,LoansAndLeasesReceivableGrossCarryingAmount,USD,,2021-03-31,12215192000,10-Q,2021-05-06
us-gaap,LoansAndLeasesReceivableGrossCarryingAmount,USD,,2021-06-30,12898807000,10-Q,2021-08-05
us-gaap,LoansAndLeasesReceivableGrossCarryingAmount,USD,,2021-09-30,13631287000,10-Q,2021-11-04
us-gaap,LoansAndLeasesReceivableGrossCarryingAmount,USD,,2021-12-31,16743487000,10-K,2022-02-18
us-gaap,LoansAndLeasesReceivableGrossCarryingAmount,USD,,2021-12-31,16743487000,10-Q,2022-05-05
us-gaap,LoansAndLeasesReceivableGrossCarryingAmount,USD,,2021-12-31,16743487000,10-Q,2022-08-04
us-gaap,LoansAndLeasesReceivableGrossCarryingAmount,USD,,2021-12-31,16743487000,10-Q,2022-11-09
us-gaap,LoansAndLeasesReceivableGrossCarryingAmount,USD,,2021-12-31,16743487000,10-K,2023-02-17
us-gaap,LoansAndLeasesReceivableGrossCarryingAmount,USD,,2022-03-31,17761548000,10-Q,2022-05-05
us-gaap,LoansAndLeasesReceivableGrossCarryingAmount,USD,,2022-06-30,19158620000,10-Q,2022-08-04
us-gaap,LoansAndLeasesReceivableGrossCarryingAmount,USD,,2022-09-30,20819250000,10-Q,2022-11-09
us-gaap,LoansAndLeasesReceivableGrossCarryingAmount,USD,,2022-12-31,20602558000,10-K,2023-02-17
us-gaap,LoansAndLeasesReceivableGrossCarryingAmount,USD,,2022-12-31,20602558000,10-Q,2023-05-04
us-gaap,LoansAndLeasesReceivableGrossCarryingAmount,USD,,2022-12-31,20602558000,10-Q,2023-08-09
us-gaap,LoansAndLeasesReceivableGrossCarryingAmount,USD,,2022-12-31,20602558000,10-Q,2023-11-07
us-gaap,LoansAndLeasesReceivableGrossCarryingAmount,USD,,2022-12-31,20602558000,10-K,2024-02-16
us-gaap,LoansAndLeasesReceivableGrossCarryingAmount,USD,,2023-03-31,20899444000,10-Q,2023-05-04
us-gaap,LoansAndLeasesReceivableGrossCarryingAmount,USD,,2023-06-30,20532967000,10-Q,2023-08-09
us-gaap,LoansAndLeasesReceivableGrossCarryingAmount,USD,,2023-09-30,20452389000,10-Q,2023-11-07
us-gaap,LoansAndLeasesReceivableGrossCarryingAmount,USD,,2023-12-31,19441467000,10-K,2024-02-16
us-gaap,LoansAndLeasesReceivableGrossCarryingAmount,USD,,2023-12-31,19441467000,10-Q,2024-05-08
us-gaap,LoansAndLeasesReceivableGrossCarryingAmount,USD,,2024-03-31,19091860000,10-Q,2024-05-08
us-gaap,LoansAndLeasesReceivableNetReportedAmount,USD,,2009-12-31,335157000,10-Q,2010-08-09
us-gaap,LoansAndLeasesReceivableNetReportedAmount,USD,,2009-12-31,335157000,10-Q/A,2010-11-10
us-gaap,LoansAndLeasesReceivableNetReportedAmount,USD,,2009-12-31,335157000,10-K,2011-02-28
us-gaap,LoansAndLeasesReceivableNetReportedAmount,USD,,2010-06-30,367819000,10-Q,2010-08-09
us-gaap,LoansAndLeasesReceivableNetReportedAmount,USD,,2010-09-30,362567000,10-Q/A,2010-11-10
us-gaap,LoansAndLeasesReceivableNetReportedAmount,USD,,2010-12-31,389742000,10-K,2011-02-28
us-gaap,LoansAndLeasesReceivableNetReportedAmount,USD,,2010-12-31,389742000,10-Q,2011-05-10
us-gaap,LoansAndLeasesReceivableNetReportedAmount,USD,,2010-12-31,389742000,10-Q/A,2011-08-10
us-gaap,LoansAndLeasesReceivableNetReportedAmount,USD,,2010-12-31,389742000,10-Q,2011-11-09
us-gaap,LoansAndLeasesReceivableNetReportedAmount,USD,,2011-03-31,397156000,10-Q,2011-05-10
us-gaap,LoansAndLeasesReceivableNetReportedAmount,USD,,2011-06-30,478006000,10-Q/A,2011-08-10
us-gaap,LoansAndLeasesReceivableNetReportedAmount,USD,,2011-09-30,568293000,10-Q,2011-11-09
us-gaap,LoansAndLeasesReceivableNetReportedAmount,USD,,2011-12-31,632140000,10-K,2012-02-28
us-gaap,LoansAndLeasesReceivableNetReportedAmount,USD,,2011-12-31,632140000,10-Q,2012-05-10
us-gaap,LoansAndLeasesReceivableNetReportedAmount,USD,,2011-12-31,632140000,10-Q,2012-08-09
us-gaap,LoansAndLeasesReceivableNetReportedAmount,USD,,2011-12-31,632140000,10-Q,2012-11-09
us-gaap,LoansAndLeasesReceivableNetReportedAmount,USD,,2011-12-31,632140000,10-K,2013-03-01
us-gaap,LoansAndLeasesReceivableNetReportedAmount,USD,,2012-03-31,657193000,10-Q,2012-05-10
us-gaap,LoansAndLeasesReceivableNetReportedAmount,USD,,2012-06-30,708879000,10-Q,2012-08-09
us-gaap,LoansAndLeasesReceivableNetReportedAmount,USD,,2012-09-30,746567000,10-Q,2012-11-09
us-gaap,LoansAndLeasesReceivableNetReportedAmount,USD,,2012-12-31,815937000,10-K,2013-03-01
us-gaap,LoansAndLeasesReceivableNetReportedAmount,USD,,2012-12-31,815937000,10-Q,2013-05-10
us-gaap,LoansAndLeasesReceivableNetReportedAmount,USD,,2012-12-31,815937000,10-Q,2013-08-09
us-gaap,LoansAndLeasesReceivableNetReportedAmount,USD,,2012-12-31,815937000,10-Q,2013-11-12
us-gaap,LoansAndLeasesReceivableNetReportedAmount,USD,,2012-12-31,815937000,10-K,2014-03-03
us-gaap,LoansAndLeasesReceivableNetReportedAmount,USD,,2013-03-31,886647000,10-Q,2013-05-10
us-gaap,LoansAndLeasesReceivableNetReportedAmount,USD,,2013-06-30,984765000,10-Q,2013-08-09
us-gaap,LoansAndLeasesReceivableNetReportedAmount,USD,,2013-09-30,1061150000,10-Q,2013-11-12
us-gaap,LoansAndLeasesReceivableNetReportedAmount,USD,,2013-09-30,1404353000,10-K,2014-03-03
us-gaap,LoansAndLeasesReceivableNetReportedAmount,USD,,2013-12-31,1404353000,10-K,2014-03-03
us-gaap,LoansAndLeasesReceivableNetReportedAmount,USD,,2013-12-31,1404353000,10-Q,2014-05-12
us-gaap,LoansAndLeasesReceivableNetReportedAmount,USD,,2013-12-31,1404353000,10-Q,2014-08-11
us-gaap,LoansAndLeasesReceivableNetReportedAmount,USD,,2013-12-31,1404353000,10-Q,2014-11-10
us-gaap,LoansAndLeasesReceivableNetReportedAmount,USD,,2013-12-31,1404353000,10-K,2015-03-02
us-gaap,LoansAndLeasesReceivableNetReportedAmount,USD,,2014-03-31,1497640000,10-Q,2014-05-12
us-gaap,LoansAndLeasesReceivableNetReportedAmount,USD,,2014-06-30,1757129000,10-Q,2014-08-11
us-gaap,LoansAndLeasesReceivableNetReportedAmount,USD,,2014-09-30,1867177000,10-Q,2014-11-10
us-gaap,LoansAndLeasesReceivableNetReportedAmount,USD,,2014-12-31,2065420000,10-K,2015-03-02
us-gaap,LoansAndLeasesReceivableNetReportedAmount,USD,,2014-12-31,2065420000,10-Q,2015-05-11
us-gaap,LoansAndLeasesReceivableNetReportedAmount,USD,,2014-12-31,2065420000,10-Q/A,2015-08-11
us-gaap,LoansAndLeasesReceivableNetReportedAmount,USD,,2014-12-31,2065420000,10-Q,2015-11-06
us-gaap,LoansAndLeasesReceivableNetReportedAmount,USD,,2014-12-31,2065420000,10-K,2016-03-01
us-gaap,LoansAndLeasesReceivableNetReportedAmount,USD,,2014-12-31,2065420000,10-K/A,2016-05-31
us-gaap,LoansAndLeasesReceivableNetReportedAmount,USD,,2015-03-31,2253929000,10-Q,2015-05-11
us-gaap,LoansAndLeasesReceivableNetReportedAmount,USD,,2015-06-30,2420326000,10-Q/A,2015-08-11
us-gaap,LoansAndLeasesReceivableNetReportedAmount,USD,,2015-09-30,2409399000,10-Q,2015-11-06
us-gaap,LoansAndLeasesReceivableNetReportedAmount,USD,,2015-12-31,3143515000,10-K,2016-03-01
us-gaap,LoansAndLeasesReceivableNetReportedAmount,USD,,2015-12-31,3143515000,10-Q,2016-05-10
us-gaap,LoansAndLeasesReceivableNetReportedAmount,USD,,2015-12-31,3143515000,10-K/A,2016-05-31
us-gaap,LoansAndLeasesReceivableNetReportedAmount,USD,,2015-12-31,3143515000,10-Q,2016-08-08
us-gaap,LoansAndLeasesReceivableNetReportedAmount,USD,,2015-12-31,3143515000,10-Q,2016-11-09
us-gaap,LoansAndLeasesReceivableNetReportedAmount,USD,,2015-12-31,3143515000,10-K,2017-02-23
us-gaap,LoansAndLeasesReceivableNetReportedAmount,USD,,2015-12-31,3143515000,8-K,2017-08-11
us-gaap,LoansAndLeasesReceivableNetReportedAmount,USD,,2016-03-31,3467187000,10-Q,2016-05-10
us-gaap,LoansAndLeasesReceivableNetReportedAmount,USD,,2016-06-30,4170858000,10-Q,2016-08-08
us-gaap,LoansAndLeasesReceivableNetReportedAmount,USD,,2016-09-30,4956676000,10-Q,2016-11-09
us-gaap,LoansAndLeasesReceivableNetReportedAmount,USD,,2016-12-31,5591190000,10-K,2017-02-23
us-gaap,LoansAndLeasesReceivableNetReportedAmount,USD,,2016-12-31,5591190000,10-Q,2017-05-05
us-gaap,LoansAndLeasesReceivableNetReportedAmount,USD,,2016-12-31,5591190000,10-Q,2017-08-08
us-gaap,LoansAndLeasesReceivableNetReportedAmount,USD,,2016-12-31,5591190000,8-K,2017-08-11
us-gaap,LoansAndLeasesReceivableNetReportedAmount,USD,,2016-12-31,5591190000,10-Q,2017-11-08
us-gaap,LoansAndLeasesReceivableNetReportedAmount,USD,,2016-12-31,5591190000,10-K,2018-02-26
us-gaap,LoansAndLeasesReceivableNetReportedAmount,USD,,2016-12-31,5591190000,8-K,2018-06-20
us-gaap,LoansAndLeasesReceivableNetReportedAmount,USD,,2017-03-31,5864548000,10-Q,2017-05-05
us-gaap,LoansAndLeasesReceivableNetReportedAmount,USD,,2017-06-30,6160093000,10-Q,2017-08-08
us-gaap,LoansAndLeasesReceivableNetReportedAmount,USD,,2017-09-30,6783078000,10-Q,2017-11-08
us-gaap,LoansAndLeasesReceivableNetReportedAmount,USD,,2017-12-31,6947759000,10-K,2018-02-26
us-gaap,LoansAndLeasesReceivableNetReportedAmount,USD,,2017-12-31,6947759000,10-Q,2018-05-07
us-gaap,LoansAndLeasesReceivableNetReportedAmount,USD,,2017-12-31,6947759000,8-K,2018-06-20
us-gaap,LoansAndLeasesReceivableNetReportedAmount,USD,,2017-12-31,6947759000,10-Q,2018-08-07
us-gaap,LoansAndLeasesReceivableNetReportedAmount,USD,,2017-12-31,6947759000,10-Q,2018-11-06
us-gaap,LoansAndLeasesReceivableNetReportedAmount,USD,,2017-12-31,6947759000,10-K,2019-02-20
us-gaap,LoansAndLeasesReceivableNetReportedAmount,USD,,2018-03-31,7076282000,10-Q,2018-05-07
us-gaap,LoansAndLeasesReceivableNetReportedAmount,USD,,2018-06-30,7347371000,10-Q,2018-08-07
us-gaap,LoansAndLeasesReceivableNetReportedAmount,USD,,2018-09-30,8253989000,10-Q,2018-11-06
us-gaap,LoansAndLeasesReceivableNetReportedAmount,USD,,2018-12-31,8517615000,10-K,2019-02-20
us-gaap,LoansAndLeasesReceivableNetReportedAmount,USD,,2018-12-31,8517615000,10-Q,2019-05-08
us-gaap,LoansAndLeasesReceivableNetReportedAmount,USD,,2018-12-31,8517615000,10-Q,2019-08-07
us-gaap,LoansAndLeasesReceivableNetReportedAmount,USD,,2018-12-31,8517615000,10-Q,2019-11-06
us-gaap,LoansAndLeasesReceivableNetReportedAmount,USD,,2019-03-31,8706689000,10-Q,2019-05-08
us-gaap,LoansAndLeasesReceivableNetReportedAmount,USD,,2019-06-30,8964325000,10-Q,2019-08-07
us-gaap,LoansAndLeasesReceivableNetReportedAmount,USD,,2019-09-30,9101903000,10-Q,2019-11-06
us-gaap,LongTermDebt,USD,,2012-03-31,175000000,10-Q,2012-05-10
us-gaap,LongTermDebt,USD,,2012-06-30,175000000,10-Q,2012-08-09
us-gaap,LongTermDebt,USD,,2012-09-30,175000000,10-Q,2012-11-09
us-gaap,LongTermDebt,USD,,2012-12-31,383992000,10-K,2013-03-01
us-gaap,LongTermDebt,USD,,2012-12-31,383992000,10-Q,2013-05-10
us-gaap,LongTermDebt,USD,,2012-12-31,383992000,10-Q,2013-08-09
us-gaap,LongTermDebt,USD,,2012-12-31,383992000,10-Q,2013-11-12
us-gaap,LongTermDebt,USD,,2012-12-31,383992000,10-K,2014-03-03
us-gaap,LongTermDebt,USD,,2013-03-31,380934000,10-Q,2013-05-10
us-gaap,LongTermDebt,USD,,2013-06-30,378024000,10-Q,2013-08-09
us-gaap,LongTermDebt,USD,,2013-09-30,357111000,10-Q,2013-11-12
us-gaap,LongTermDebt,USD,,2013-12-31,325000000,10-K,2014-03-03
us-gaap,LongTermDebt,USD,,2013-12-31,325000000,10-Q,2014-05-12
us-gaap,LongTermDebt,USD,,2013-12-31,325000000,10-Q,2014-08-11
us-gaap,LongTermDebt,USD,,2013-12-31,325000000,10-Q,2014-11-10
us-gaap,LongTermDebt,USD,,2013-12-31,325000000,10-K,2015-03-02
us-gaap,LongTermDebt,USD,,2014-03-31,325000000,10-Q,2014-05-12
us-gaap,LongTermDebt,USD,,2014-06-30,325000000,10-Q,2014-08-11
us-gaap,LongTermDebt,USD,,2014-09-30,625000000,10-Q,2014-11-10
us-gaap,LongTermDebt,USD,,2014-12-31,625000000,10-K,2015-03-02
us-gaap,LongTermDebt,USD,,2014-12-31,625000000,10-Q,2015-05-11
us-gaap,LongTermDebt,USD,,2014-12-31,625000000,10-Q/A,2015-08-11
us-gaap,LongTermDebt,USD,,2014-12-31,625000000,10-Q,2015-11-06
us-gaap,LongTermDebt,USD,,2014-12-31,625000000,10-K,2016-03-01
us-gaap,LongTermDebt,USD,,2014-12-31,625000000,10-K/A,2016-05-31
us-gaap,LongTermDebt,USD,,2015-03-31,450000000,10-Q,2015-05-11
us-gaap,LongTermDebt,USD,,2015-06-30,450000000,10-Q/A,2015-08-11
us-gaap,LongTermDebt,USD,,2015-09-30,450000000,10-Q,2015-11-06
us-gaap,LongTermDebt,USD,,2015-12-31,750000000,10-K,2016-03-01
us-gaap,LongTermDebt,USD,,2015-12-31,740136000,10-Q,2016-05-10
us-gaap,LongTermDebt,USD,,2015-12-31,750000000,10-K/A,2016-05-31
us-gaap,LongTermDebt,USD,,2015-12-31,740136000,10-Q,2016-08-08
us-gaap,LongTermDebt,USD,,2015-12-31,740136000,10-Q,2016-11-09
us-gaap,LongTermDebt,USD,,2015-12-31,740136000,10-K,2017-02-23
us-gaap,LongTermDebt,USD,,2015-12-31,740136000,8-K,2017-08-11
us-gaap,LongTermDebt,USD,,2016-03-31,740409000,10-Q,2016-05-10
us-gaap,LongTermDebt,USD,,2016-06-30,740785000,10-Q,2016-08-08
us-gaap,LongTermDebt,USD,,2016-09-30,795780000,10-Q,2016-11-09
us-gaap,LongTermDebt,USD,,2016-12-31,795891000,10-K,2017-02-23
us-gaap,LongTermDebt,USD,,2016-12-31,795891000,10-Q,2017-05-05
us-gaap,LongTermDebt,USD,,2016-12-31,795891000,10-Q,2017-08-08
us-gaap,LongTermDebt,USD,,2016-12-31,795891000,8-K,2017-08-11
us-gaap,LongTermDebt,USD,,2016-12-31,795891000,10-Q,2017-11-08
us-gaap,LongTermDebt,USD,,2016-12-31,795891000,10-K,2018-02-26
us-gaap,LongTermDebt,USD,,2016-12-31,795891000,8-K,2018-06-20
us-gaap,LongTermDebt,USD,,2017-03-31,795192000,10-Q,2017-05-05
us-gaap,LongTermDebt,USD,,2017-06-30,796296000,10-Q,2017-08-08
us-gaap,LongTermDebt,USD,,2017-09-30,796609000,10-Q,2017-11-08
us-gaap,LongTermDebt,USD,,2017-12-31,1014940000,10-K,2018-02-26
us-gaap,LongTermDebt,USD,,2017-12-31,1014940000,10-Q,2018-05-07
us-gaap,LongTermDebt,USD,,2017-12-31,1014940000,8-K,2018-06-20
us-gaap,LongTermDebt,USD,,2017-12-31,1014940000,10-Q,2018-08-07
us-gaap,LongTermDebt,USD,,2017-12-31,1014940000,10-Q,2018-11-06
us-gaap,LongTermDebt,USD,,2017-12-31,1014940000,10-K,2019-02-20
us-gaap,LongTermDebt,USD,,2018-03-31,1015195000,10-Q,2018-05-07
us-gaap,LongTermDebt,USD,,2018-06-30,1015455000,10-Q,2018-08-07
us-gaap,LongTermDebt,USD,,2018-09-30,1015714000,10-Q,2018-11-06
us-gaap,LongTermDebt,USD,,2018-12-31,1015973000,10-K,2019-02-20
us-gaap,LongTermDebt,USD,,2018-12-31,1015973000,10-Q,2019-05-08
us-gaap,LongTermDebt,USD,,2018-12-31,1015973000,10-Q,2019-08-07
us-gaap,LongTermDebt,USD,,2018-12-31,1015973000,10-Q,2019-11-06
us-gaap,LongTermDebt,USD,,2018-12-31,1015973000,10-K,2020-02-19
us-gaap,LongTermDebt,USD,,2019-03-31,1016116000,10-Q,2019-05-08
us-gaap,LongTermDebt,USD,,2019-06-30,1016492000,10-Q,2019-08-07
us-gaap,LongTermDebt,USD,,2019-09-30,1016751000,10-Q,2019-11-06
us-gaap,LongTermDebt,USD,,2019-12-31,1017010000,10-K,2020-02-19
us-gaap,LongTermDebt,USD,,2019-12-31,1017010000,10-Q,2020-05-07
us-gaap,LongTermDebt,USD,,2019-12-31,1017010000,10-Q,2020-08-06
us-gaap,LongTermDebt,USD,,2019-12-31,1017010000,10-Q,2020-11-06
us-gaap,LongTermDebt,USD,,2019-12-31,1017010000,10-K,2021-02-19
us-gaap,LongTermDebt,USD,,2020-03-31,1017269000,10-Q,2020-05-07
us-gaap,LongTermDebt,USD,,2020-06-30,1411904000,10-Q,2020-08-06
us-gaap,LongTermDebt,USD,,2020-09-30,1412005000,10-Q,2020-11-06
us-gaap,LongTermDebt,USD,,2020-12-31,1112409000,10-K,2021-02-19
us-gaap,LongTermDebt,USD,,2020-12-31,1112409000,10-Q,2021-05-06
us-gaap,LongTermDebt,USD,,2020-12-31,1112409000,10-Q,2021-08-05
us-gaap,LongTermDebt,USD,,2020-12-31,1112409000,10-Q,2021-11-04
us-gaap,LongTermDebt,USD,,2020-12-31,1112409000,10-K,2022-02-18
us-gaap,LongTermDebt,USD,,2021-03-31,1112672000,10-Q,2021-05-06
us-gaap,LongTermDebt,USD,,2021-06-30,1112941000,10-Q,2021-08-05
us-gaap,LongTermDebt,USD,,2021-09-30,1113210000,10-Q,2021-11-04
us-gaap,LongTermDebt,USD,,2021-12-31,1113478000,10-K,2022-02-18
us-gaap,LongTermDebt,USD,,2021-12-31,1113478000,10-Q,2022-05-05
us-gaap,LongTermDebt,USD,,2021-12-31,1113478000,10-Q,2022-08-04
us-gaap,LongTermDebt,USD,,2021-12-31,1113478000,10-Q,2022-11-09
us-gaap,LongTermDebt,USD,,2021-12-31,1113478000,10-K,2023-02-17
us-gaap,LongTermDebt,USD,,2022-03-31,1113747000,10-Q,2022-05-05
us-gaap,LongTermDebt,USD,,2022-06-30,1114016000,10-Q,2022-08-04
us-gaap,LongTermDebt,USD,,2022-09-30,1114285000,10-Q,2022-11-09
us-gaap,LongTermDebt,USD,,2022-12-31,1114554000,10-K,2023-02-17
us-gaap,LongTermDebt,USD,,2022-12-31,1114554000,10-Q,2023-05-04
us-gaap,LongTermDebt,USD,,2022-12-31,1114554000,10-Q,2023-08-09
us-gaap,LongTermDebt,USD,,2022-12-31,1114554000,10-Q,2023-11-07
us-gaap,LongTermDebt,USD,,2022-12-31,1114554000,10-K,2024-02-16
us-gaap,LongTermDebt,USD,,2023-03-31,1114822000,10-Q,2023-05-04
us-gaap,LongTermDebt,USD,,2023-06-30,1115091000,10-Q,2023-08-09
us-gaap,LongTermDebt,USD,,2023-09-30,1115360000,10-Q,2023-11-07
us-gaap,LongTermDebt,USD,,2023-12-31,1115629000,10-K,2024-02-16
us-gaap,LongTermDebt,USD,,2023-12-31,1115629000,10-Q,2024-05-08
us-gaap,LongTermDebt,USD,,2023-12-31,1115629000,10-Q,2024-08-07
us-gaap,LongTermDebt,USD,,2023-12-31,1115629000,10-Q,2024-11-06
us-gaap,LongTermDebt,USD,,2023-12-31,1115629000,10-K,2025-02-26
us-gaap,LongTermDebt,USD,,2024-03-31,1115897000,10-Q,2024-05-08
us-gaap,LongTermDebt,USD,,2024-06-30,1116166000,10-Q,2024-08-07
us-gaap,LongTermDebt,USD,,2024-09-30,616412000,10-Q,2024-11-06
us-gaap,LongTermDebt,USD,,2024-12-31,616618000,10-K,2025-02-26
us-gaap,LongTermDebt,USD,,2024-12-31,616618000,10-Q,2025-05-07
us-gaap,LongTermDebt,USD,,2024-12-31,616618000,10-Q,2025-08-06
us-gaap,LongTermDebt,USD,,2024-12-31,616618000,10-Q,2025-11-05
us-gaap,LongTermDebt,USD,,2024-12-31,616618000,10-K,2026-02-24
us-gaap,LongTermDebt,USD,,2025-03-31,616824000,10-Q,2025-05-07
us-gaap,LongTermDebt,USD,,2025-06-30,617030000,10-Q,2025-08-06
us-gaap,LongTermDebt,USD,,2025-09-30,617236000,10-Q,2025-11-05
us-gaap,LongTermDebt,USD,,2025-12-31,617443000,10-K,2026-02-24
us-gaap,LongTermDebt,USD,,2025-12-31,617443000,10-Q,2026-05-04
us-gaap,LongTermDebt,USD,,2025-12-31,617443000,10-Q,2026-08-05
us-gaap,LongTermDebt,USD,,2026-03-31,617649000,10-Q,2026-05-04
us-gaap,LongTermDebt,USD,,2026-06-30,617855000,10-Q,2026-08-05
us-gaap,PreferredStockValue,USD,,2010-12-31,0,10-Q/A,2011-08-10
us-gaap,PreferredStockValue,USD,,2010-12-31,0,10-Q,2011-11-09
us-gaap,PreferredStockValue,USD,,2011-06-30,0,10-Q/A,2011-08-10
us-gaap,PreferredStockValue,USD,,2011-09-30,0,10-Q,2011-11-09
us-gaap,PreferredStockValue,USD,,2016-09-30,150000000,10-Q,2016-11-09
us-gaap,PreferredStockValue,USD,,2016-12-31,150000000,10-K,2017-02-23
us-gaap,PreferredStockValue,USD,,2016-12-31,150000000,10-Q,2017-05-05
us-gaap,PreferredStockValue,USD,,2016-12-31,150000000,10-Q,2017-08-08
us-gaap,PreferredStockValue,USD,,2016-12-31,150000000,8-K,2017-08-11
us-gaap,PreferredStockValue,USD,,2016-12-31,150000000,10-Q,2017-11-08
us-gaap,PreferredStockValue,USD,,2016-12-31,150000000,10-K,2018-02-26
us-gaap,PreferredStockValue,USD,,2016-12-31,150000000,8-K,2018-06-20
us-gaap,PreferredStockValue,USD,,2017-03-31,150000000,10-Q,2017-05-05
us-gaap,PreferredStockValue,USD,,2017-06-30,150000000,10-Q,2017-08-08
us-gaap,PreferredStockValue,USD,,2017-09-30,150000000,10-Q,2017-11-08
us-gaap,PreferredStockValue,USD,,2017-12-31,150000000,10-K,2018-02-26
us-gaap,PreferredStockValue,USD,,2017-12-31,150000000,10-Q,2018-05-07
us-gaap,PreferredStockValue,USD,,2017-12-31,150000000,8-K,2018-06-20
us-gaap,PreferredStockValue,USD,,2017-12-31,150000000,10-Q,2018-08-07
us-gaap,PreferredStockValue,USD,,2017-12-31,150000000,10-Q,2018-11-06
us-gaap,PreferredStockValue,USD,,2017-12-31,150000000,10-K,2019-02-20
us-gaap,PreferredStockValue,USD,,2018-03-31,149968000,10-Q,2018-05-07
us-gaap,PreferredStockValue,USD,,2018-06-30,150000000,10-Q,2018-08-07
us-gaap,PreferredStockValue,USD,,2018-09-30,150000000,10-Q,2018-11-06
us-gaap,PreferredStockValue,USD,,2018-12-31,150000000,10-K,2019-02-20
us-gaap,PreferredStockValue,USD,,2018-12-31,150000000,10-Q,2019-05-08
us-gaap,PreferredStockValue,USD,,2018-12-31,150000000,10-Q,2019-08-07
us-gaap,PreferredStockValue,USD,,2018-12-31,150000000,10-Q,2019-11-06
us-gaap,PreferredStockValue,USD,,2018-12-31,150000000,10-K,2020-02-19
us-gaap,PreferredStockValue,USD,,2019-03-31,310000000,10-Q,2019-05-08
us-gaap,PreferredStockValue,USD,,2019-06-30,310000000,10-Q,2019-08-07
us-gaap,PreferredStockValue,USD,,2019-09-30,310000000,10-Q,2019-11-06
us-gaap,PreferredStockValue,USD,,2019-12-31,310000000,10-K,2020-02-19
us-gaap,PreferredStockValue,USD,,2019-12-31,310000000,10-Q,2020-05-07
us-gaap,PreferredStockValue,USD,,2019-12-31,310000000,10-Q,2020-08-06
us-gaap,PreferredStockValue,USD,,2019-12-31,310000000,10-Q,2020-11-06
us-gaap,PreferredStockValue,USD,,2019-12-31,310000000,10-K,2021-02-19
us-gaap,PreferredStockValue,USD,,2020-03-31,310000000,10-Q,2020-05-07
us-gaap,PreferredStockValue,USD,,2020-06-30,535000000,10-Q,2020-08-06
us-gaap,PreferredStockValue,USD,,2020-09-30,535000000,10-Q,2020-11-06
us-gaap,PreferredStockValue,USD,,2020-12-31,535000000,10-K,2021-02-19
us-gaap,PreferredStockValue,USD,,2020-12-31,535000000,10-Q,2021-05-06
us-gaap,PreferredStockValue,USD,,2020-12-31,535000000,10-Q,2021-08-05
us-gaap,PreferredStockValue,USD,,2020-12-31,535000000,10-Q,2021-11-04
us-gaap,PreferredStockValue,USD,,2020-12-31,535000000,10-K,2022-02-18
us-gaap,PreferredStockValue,USD,,2021-03-31,535000000,10-Q,2021-05-06
us-gaap,PreferredStockValue,USD,,2021-06-30,535000000,10-Q,2021-08-05
us-gaap,PreferredStockValue,USD,,2021-09-30,685000000,10-Q,2021-11-04
us-gaap,PreferredStockValue,USD,,2021-12-31,685000000,10-K,2022-02-18
us-gaap,PreferredStockValue,USD,,2021-12-31,685000000,10-Q,2022-05-05
us-gaap,PreferredStockValue,USD,,2021-12-31,685000000,10-Q,2022-08-04
us-gaap,PreferredStockValue,USD,,2021-12-31,685000000,10-Q,2022-11-09
us-gaap,PreferredStockValue,USD,,2021-12-31,685000000,10-K,2023-02-17
us-gaap,PreferredStockValue,USD,,2022-03-31,685000000,10-Q,2022-05-05
us-gaap,PreferredStockValue,USD,,2022-06-30,685000000,10-Q,2022-08-04
us-gaap,PreferredStockValue,USD,,2022-09-30,685000000,10-Q,2022-11-09
us-gaap,PreferredStockValue,USD,,2022-12-31,685000000,10-K,2023-02-17
us-gaap,PreferredStockValue,USD,,2022-12-31,685000000,10-Q,2023-05-04
us-gaap,PreferredStockValue,USD,,2022-12-31,685000000,10-Q,2023-08-09
us-gaap,PreferredStockValue,USD,,2022-12-31,685000000,10-Q,2023-11-07
us-gaap,PreferredStockValue,USD,,2022-12-31,685000000,10-K,2024-02-16
us-gaap,PreferredStockValue,USD,,2023-03-31,685000000,10-Q,2023-05-04
us-gaap,PreferredStockValue,USD,,2023-06-30,685000000,10-Q,2023-08-09
us-gaap,PreferredStockValue,USD,,2023-09-30,685000000,10-Q,2023-11-07
us-gaap,PreferredStockValue,USD,,2023-12-31,685000000,10-K,2024-02-16
us-gaap,PreferredStockValue,USD,,2023-12-31,685000000,10-Q,2024-05-08
us-gaap,PreferredStockValue,USD,,2023-12-31,685000000,10-Q,2024-08-07
us-gaap,PreferredStockValue,USD,,2023-12-31,685000000,10-Q,2024-11-06
us-gaap,PreferredStockValue,USD,,2023-12-31,685000000,10-K,2025-02-26
us-gaap,PreferredStockValue,USD,,2024-03-31,685000000,10-Q,2024-05-08
us-gaap,PreferredStockValue,USD,,2024-06-30,685000000,10-Q,2024-08-07
us-gaap,PreferredStockValue,USD,,2024-09-30,685000000,10-Q,2024-11-06
us-gaap,PreferredStockValue,USD,,2024-12-31,685000000,10-K,2025-02-26
us-gaap,PreferredStockValue,USD,,2024-12-31,685000000,10-Q,2025-05-07
us-gaap,PreferredStockValue,USD,,2024-12-31,685000000,10-Q,2025-08-06
us-gaap,PreferredStockValue,USD,,2024-12-31,685000000,10-Q,2025-11-05
us-gaap,PreferredStockValue,USD,,2024-12-31,685000000,10-K,2026-02-24
us-gaap,PreferredStockValue,USD,,2025-03-31,685000000,10-Q,2025-05-07
us-gaap,PreferredStockValue,USD,,2025-06-30,685000000,10-Q,2025-08-06
us-gaap,PreferredStockValue,USD,,2025-09-30,685000000,10-Q,2025-11-05
us-gaap,PreferredStockValue,USD,,2025-12-31,685000000,10-K,2026-02-24
us-gaap,PreferredStockValue,USD,,2025-12-31,685000000,10-Q,2026-05-04
us-gaap,PreferredStockValue,USD,,2025-12-31,685000000,10-Q,2026-08-05
us-gaap,PreferredStockValue,USD,,2026-03-31,685000000,10-Q,2026-05-04
us-gaap,PreferredStockValue,USD,,2026-06-30,685000000,10-Q,2026-08-05
us-gaap,SecuritiesSoldUnderAgreementsToRepurchase,USD,,2009-12-31,122533000,10-Q,2010-08-09
us-gaap,SecuritiesSoldUnderAgreementsToRepurchase,USD,,2009-12-31,122533000,10-Q/A,2010-11-10
us-gaap,SecuritiesSoldUnderAgreementsToRepurchase,USD,,2009-12-31,122533000,10-K,2011-02-28
us-gaap,SecuritiesSoldUnderAgreementsToRepurchase,USD,,2010-06-30,58584000,10-Q,2010-08-09
us-gaap,SecuritiesSoldUnderAgreementsToRepurchase,USD,,2010-09-30,98945000,10-Q/A,2010-11-10
us-gaap,SecuritiesSoldUnderAgreementsToRepurchase,USD,,2010-12-31,109595000,10-K,2011-02-28
us-gaap,SecuritiesSoldUnderAgreementsToRepurchase,USD,,2010-12-31,109595000,10-Q,2011-05-10
us-gaap,SecuritiesSoldUnderAgreementsToRepurchase,USD,,2010-12-31,109595000,10-Q/A,2011-08-10
us-gaap,SecuritiesSoldUnderAgreementsToRepurchase,USD,,2010-12-31,109595000,10-Q,2011-11-09
us-gaap,SecuritiesSoldUnderAgreementsToRepurchase,USD,,2010-12-31,109595000,10-K,2012-02-28
us-gaap,SecuritiesSoldUnderAgreementsToRepurchase,USD,,2011-03-31,143506000,10-Q,2011-05-10
us-gaap,SecuritiesSoldUnderAgreementsToRepurchase,USD,,2011-06-30,42464000,10-Q/A,2011-08-10
us-gaap,SecuritiesSoldUnderAgreementsToRepurchase,USD,,2011-09-30,52805000,10-Q,2011-11-09
us-gaap,SecuritiesSoldUnderAgreementsToRepurchase,USD,,2011-12-31,80176000,10-K,2012-02-28
us-gaap,SecuritiesSoldUnderAgreementsToRepurchase,USD,,2011-12-31,80176000,10-Q,2012-05-10
us-gaap,SecuritiesSoldUnderAgreementsToRepurchase,USD,,2011-12-31,80176000,10-Q,2012-08-09
us-gaap,SecuritiesSoldUnderAgreementsToRepurchase,USD,,2011-12-31,80176000,10-Q,2012-11-09
us-gaap,SecuritiesSoldUnderAgreementsToRepurchase,USD,,2011-12-31,80176000,10-K,2013-03-01
us-gaap,SecuritiesSoldUnderAgreementsToRepurchase,USD,,2012-03-31,142119000,10-Q,2012-05-10
us-gaap,SecuritiesSoldUnderAgreementsToRepurchase,USD,,2012-06-30,153284000,10-Q,2012-08-09
us-gaap,SecuritiesSoldUnderAgreementsToRepurchase,USD,,2012-09-30,78437000,10-Q,2012-11-09
us-gaap,SecuritiesSoldUnderAgreementsToRepurchase,USD,,2012-12-31,140346000,10-K,2013-03-01
us-gaap,SecuritiesSoldUnderAgreementsToRepurchase,USD,,2012-12-31,140346000,10-Q,2013-05-10
us-gaap,SecuritiesSoldUnderAgreementsToRepurchase,USD,,2012-12-31,140346000,10-Q,2013-08-09
us-gaap,SecuritiesSoldUnderAgreementsToRepurchase,USD,,2012-12-31,140346000,10-Q,2013-11-12
us-gaap,SecuritiesSoldUnderAgreementsToRepurchase,USD,,2012-12-31,140346000,10-K,2014-03-03
us-gaap,SecuritiesSoldUnderAgreementsToRepurchase,USD,,2013-03-31,108529000,10-Q,2013-05-10
us-gaap,SecuritiesSoldUnderAgreementsToRepurchase,USD,,2013-03-31,160285000,10-Q,2013-08-09
us-gaap,SecuritiesSoldUnderAgreementsToRepurchase,USD,,2013-06-30,160285000,10-Q,2013-08-09
us-gaap,SecuritiesSoldUnderAgreementsToRepurchase,USD,,2013-09-30,255451000,10-Q,2013-11-12
us-gaap,SecuritiesSoldUnderAgreementsToRepurchase,USD,,2013-12-31,263809000,10-K,2014-03-03
us-gaap,SecuritiesSoldUnderAgreementsToRepurchase,USD,,2013-12-31,263809000,10-Q,2014-05-12
us-gaap,SecuritiesSoldUnderAgreementsToRepurchase,USD,,2013-12-31,263809000,10-Q,2014-08-11
us-gaap,SecuritiesSoldUnderAgreementsToRepurchase,USD,,2013-12-31,263809000,10-Q,2014-11-10
us-gaap,SecuritiesSoldUnderAgreementsToRepurchase,USD,,2013-12-31,263809000,10-K,2015-03-02
us-gaap,SecuritiesSoldUnderAgreementsToRepurchase,USD,,2014-03-31,246159000,10-Q,2014-05-12
us-gaap,SecuritiesSoldUnderAgreementsToRepurchase,USD,,2014-06-30,289580000,10-Q,2014-08-11
us-gaap,SecuritiesSoldUnderAgreementsToRepurchase,USD,,2014-09-30,143814000,10-Q,2014-11-10
us-gaap,SecuritiesSoldUnderAgreementsToRepurchase,USD,,2014-12-31,39180000,10-K,2015-03-02
us-gaap,SecuritiesSoldUnderAgreementsToRepurchase,USD,,2014-12-31,39180000,10-Q,2015-05-11
us-gaap,SecuritiesSoldUnderAgreementsToRepurchase,USD,,2014-12-31,39180000,10-Q/A,2015-08-11
us-gaap,SecuritiesSoldUnderAgreementsToRepurchase,USD,,2014-12-31,39180000,10-Q,2015-11-06
us-gaap,SecuritiesSoldUnderAgreementsToRepurchase,USD,,2014-12-31,39180000,10-K,2016-03-01
us-gaap,SecuritiesSoldUnderAgreementsToRepurchase,USD,,2014-12-31,39180000,10-K/A,2016-05-31
us-gaap,SecuritiesSoldUnderAgreementsToRepurchase,USD,,2015-03-31,255858000,10-Q,2015-05-11
us-gaap,SecuritiesSoldUnderAgreementsToRepurchase,USD,,2015-06-30,342350000,10-Q/A,2015-08-11
us-gaap,SecuritiesSoldUnderAgreementsToRepurchase,USD,,2015-09-30,106937000,10-Q,2015-11-06
us-gaap,SecuritiesSoldUnderAgreementsToRepurchase,USD,,2015-12-31,278674000,10-K,2016-03-01
us-gaap,SecuritiesSoldUnderAgreementsToRepurchase,USD,,2015-12-31,278674000,10-Q,2016-05-10
us-gaap,SecuritiesSoldUnderAgreementsToRepurchase,USD,,2015-12-31,278674000,10-K/A,2016-05-31
us-gaap,SecuritiesSoldUnderAgreementsToRepurchase,USD,,2015-12-31,278674000,10-Q,2016-08-08
us-gaap,SecuritiesSoldUnderAgreementsToRepurchase,USD,,2015-12-31,278674000,10-Q,2016-11-09
us-gaap,SecuritiesSoldUnderAgreementsToRepurchase,USD,,2015-12-31,278674000,10-K,2017-02-23
us-gaap,SecuritiesSoldUnderAgreementsToRepurchase,USD,,2015-12-31,278674000,8-K,2017-08-11
us-gaap,SecuritiesSoldUnderAgreementsToRepurchase,USD,,2016-03-31,290729000,10-Q,2016-05-10
us-gaap,SecuritiesSoldUnderAgreementsToRepurchase,USD,,2016-06-30,317002000,10-Q,2016-08-08
us-gaap,SecuritiesSoldUnderAgreementsToRepurchase,USD,,2016-09-30,261734000,10-Q,2016-11-09
us-gaap,SecuritiesSoldUnderAgreementsToRepurchase,USD,,2016-12-31,268546000,10-K,2017-02-23
us-gaap,SecuritiesSoldUnderAgreementsToRepurchase,USD,,2016-12-31,268546000,10-Q,2017-05-05
us-gaap,SecuritiesSoldUnderAgreementsToRepurchase,USD,,2016-12-31,268546000,10-Q,2017-08-08
us-gaap,SecuritiesSoldUnderAgreementsToRepurchase,USD,,2016-12-31,268546000,8-K,2017-08-11
us-gaap,SecuritiesSoldUnderAgreementsToRepurchase,USD,,2016-12-31,268546000,10-Q,2017-11-08
us-gaap,SecuritiesSoldUnderAgreementsToRepurchase,USD,,2016-12-31,268546000,10-K,2018-02-26
us-gaap,SecuritiesSoldUnderAgreementsToRepurchase,USD,,2016-12-31,268546000,8-K,2018-06-20
us-gaap,SecuritiesSoldUnderAgreementsToRepurchase,USD,,2017-03-31,219727000,10-Q,2017-05-05
us-gaap,SecuritiesSoldUnderAgreementsToRepurchase,USD,,2017-06-30,243999000,10-Q,2017-08-08
us-gaap,SecuritiesSoldUnderAgreementsToRepurchase,USD,,2017-09-30,155396000,10-Q,2017-11-08
us-gaap,SecuritiesSoldUnderAgreementsToRepurchase,USD,,2017-12-31,233704000,10-K,2018-02-26
us-gaap,SecuritiesSoldUnderAgreementsToRepurchase,USD,,2017-12-31,233704000,10-Q,2018-05-07
us-gaap,SecuritiesSoldUnderAgreementsToRepurchase,USD,,2017-12-31,233704000,8-K,2018-06-20
us-gaap,SecuritiesSoldUnderAgreementsToRepurchase,USD,,2017-12-31,233704000,10-Q,2018-08-07
us-gaap,SecuritiesSoldUnderAgreementsToRepurchase,USD,,2017-12-31,233704000,10-Q,2018-11-06
us-gaap,SecuritiesSoldUnderAgreementsToRepurchase,USD,,2017-12-31,233704000,10-K,2019-02-20
us-gaap,SecuritiesSoldUnderAgreementsToRepurchase,USD,,2018-03-31,346202000,10-Q,2018-05-07
us-gaap,SecuritiesSoldUnderAgreementsToRepurchase,USD,,2018-06-30,514334000,10-Q,2018-08-07
us-gaap,SecuritiesSoldUnderAgreementsToRepurchase,USD,,2018-09-30,495484000,10-Q,2018-11-06
us-gaap,SecuritiesSoldUnderAgreementsToRepurchase,USD,,2018-12-31,535394000,10-K,2019-02-20
us-gaap,SecuritiesSoldUnderAgreementsToRepurchase,USD,,2018-12-31,535394000,10-Q,2019-05-08
us-gaap,SecuritiesSoldUnderAgreementsToRepurchase,USD,,2018-12-31,535394000,10-Q,2019-08-07
us-gaap,SecuritiesSoldUnderAgreementsToRepurchase,USD,,2018-12-31,535394000,10-Q,2019-11-06
us-gaap,SecuritiesSoldUnderAgreementsToRepurchase,USD,,2018-12-31,535394000,10-K,2020-02-19
us-gaap,SecuritiesSoldUnderAgreementsToRepurchase,USD,,2019-03-31,466284000,10-Q,2019-05-08
us-gaap,SecuritiesSoldUnderAgreementsToRepurchase,USD,,2019-06-30,762282000,10-Q,2019-08-07
us-gaap,SecuritiesSoldUnderAgreementsToRepurchase,USD,,2019-09-30,564892000,10-Q,2019-11-06
us-gaap,SecuritiesSoldUnderAgreementsToRepurchase,USD,,2019-12-31,391634000,10-K,2020-02-19
us-gaap,SecuritiesSoldUnderAgreementsToRepurchase,USD,,2019-12-31,391634000,10-Q,2020-05-07
us-gaap,SecuritiesSoldUnderAgreementsToRepurchase,USD,,2019-12-31,391634000,10-Q,2020-08-06
us-gaap,SecuritiesSoldUnderAgreementsToRepurchase,USD,,2019-12-31,391634000,10-Q,2020-11-06
us-gaap,SecuritiesSoldUnderAgreementsToRepurchase,USD,,2019-12-31,391634000,10-K,2021-02-19
us-gaap,SecuritiesSoldUnderAgreementsToRepurchase,USD,,2020-03-31,475528000,10-Q,2020-05-07
us-gaap,SecuritiesSoldUnderAgreementsToRepurchase,USD,,2020-06-30,219888000,10-Q,2020-08-06
us-gaap,SecuritiesSoldUnderAgreementsToRepurchase,USD,,2020-09-30,182271000,10-Q,2020-11-06
us-gaap,SecuritiesSoldUnderAgreementsToRepurchase,USD,,2020-12-31,190955000,10-K,2021-02-19
us-gaap,SecuritiesSoldUnderAgreementsToRepurchase,USD,,2020-12-31,190955000,10-Q,2021-05-06
us-gaap,SecuritiesSoldUnderAgreementsToRepurchase,USD,,2020-12-31,190955000,10-Q,2021-08-05
us-gaap,SecuritiesSoldUnderAgreementsToRepurchase,USD,,2020-12-31,190955000,10-Q,2021-11-04
us-gaap,SecuritiesSoldUnderAgreementsToRepurchase,USD,,2020-12-31,190955000,10-K,2022-02-18
us-gaap,SecuritiesSoldUnderAgreementsToRepurchase,USD,,2021-03-31,208228000,10-Q,2021-05-06
us-gaap,SecuritiesSoldUnderAgreementsToRepurchase,USD,,2021-06-30,407246000,10-Q,2021-08-05
us-gaap,SecuritiesSoldUnderAgreementsToRepurchase,USD,,2021-09-30,195451000,10-Q,2021-11-04
us-gaap,SecuritiesSoldUnderAgreementsToRepurchase,USD,,2021-12-31,385528000,10-K,2022-02-18
us-gaap,SecuritiesSoldUnderAgreementsToRepurchase,USD,,2021-12-31,385528000,10-Q,2022-05-05
us-gaap,SecuritiesSoldUnderAgreementsToRepurchase,USD,,2021-12-31,385528000,10-Q,2022-08-04
us-gaap,SecuritiesSoldUnderAgreementsToRepurchase,USD,,2021-12-31,385528000,10-Q,2022-11-09
us-gaap,SecuritiesSoldUnderAgreementsToRepurchase,USD,,2021-12-31,385528000,10-K,2023-02-17
us-gaap,SecuritiesSoldUnderAgreementsToRepurchase,USD,,2022-03-31,530195000,10-Q,2022-05-05
us-gaap,SecuritiesSoldUnderAgreementsToRepurchase,USD,,2022-06-30,350206000,10-Q,2022-08-04
us-gaap,SecuritiesSoldUnderAgreementsToRepurchase,USD,,2022-09-30,257759000,10-Q,2022-11-09
us-gaap,SecuritiesSoldUnderAgreementsToRepurchase,USD,,2022-12-31,212011000,10-K,2023-02-17
us-gaap,SecuritiesSoldUnderAgreementsToRepurchase,USD,,2022-12-31,212011000,10-Q,2023-05-04
us-gaap,SecuritiesSoldUnderAgreementsToRepurchase,USD,,2022-12-31,212011000,10-Q,2023-08-09
us-gaap,SecuritiesSoldUnderAgreementsToRepurchase,USD,,2022-12-31,212011000,10-Q,2023-11-07
us-gaap,SecuritiesSoldUnderAgreementsToRepurchase,USD,,2022-12-31,212011000,10-K,2024-02-16
us-gaap,SecuritiesSoldUnderAgreementsToRepurchase,USD,,2023-03-31,429726000,10-Q,2023-05-04
us-gaap,SecuritiesSoldUnderAgreementsToRepurchase,USD,,2023-06-30,318321000,10-Q,2023-08-09
us-gaap,SecuritiesSoldUnderAgreementsToRepurchase,USD,,2023-09-30,408950000,10-Q,2023-11-07
us-gaap,SecuritiesSoldUnderAgreementsToRepurchase,USD,,2023-12-31,417644000,10-K,2024-02-16
us-gaap,SecuritiesSoldUnderAgreementsToRepurchase,USD,,2023-12-31,417644000,10-Q,2024-05-08
us-gaap,SecuritiesSoldUnderAgreementsToRepurchase,USD,,2023-12-31,417644000,10-Q,2024-08-07
us-gaap,SecuritiesSoldUnderAgreementsToRepurchase,USD,,2023-12-31,417644000,10-Q,2024-11-06
us-gaap,SecuritiesSoldUnderAgreementsToRepurchase,USD,,2023-12-31,417644000,10-K,2025-02-26
us-gaap,SecuritiesSoldUnderAgreementsToRepurchase,USD,,2024-03-31,426659000,10-Q,2024-05-08
us-gaap,SecuritiesSoldUnderAgreementsToRepurchase,USD,,2024-06-30,594820000,10-Q,2024-08-07
us-gaap,SecuritiesSoldUnderAgreementsToRepurchase,USD,,2024-09-30,657984000,10-Q,2024-11-06
us-gaap,SecuritiesSoldUnderAgreementsToRepurchase,USD,,2024-12-31,580170000,10-K,2025-02-26
us-gaap,SecuritiesSoldUnderAgreementsToRepurchase,USD,,2024-12-31,580170000,10-Q,2025-05-07
us-gaap,SecuritiesSoldUnderAgreementsToRepurchase,USD,,2024-12-31,580170000,10-Q,2025-08-06
us-gaap,SecuritiesSoldUnderAgreementsToRepurchase,USD,,2024-12-31,580170000,10-Q,2025-11-05
us-gaap,SecuritiesSoldUnderAgreementsToRepurchase,USD,,2024-12-31,580170000,10-K,2026-02-24
us-gaap,SecuritiesSoldUnderAgreementsToRepurchase,USD,,2024-12-31,651236000,10-Q,2026-05-04
us-gaap,SecuritiesSoldUnderAgreementsToRepurchase,USD,,2025-03-31,684561000,10-Q,2025-05-07
us-gaap,SecuritiesSoldUnderAgreementsToRepurchase,USD,,2025-06-30,719432000,10-Q,2025-08-06
us-gaap,SecuritiesSoldUnderAgreementsToRepurchase,USD,,2025-09-30,747301000,10-Q,2025-11-05
us-gaap,SecuritiesSoldUnderAgreementsToRepurchase,USD,,2025-12-31,651236000,10-K,2026-02-24
us-gaap,SecuritiesSoldUnderAgreementsToRepurchase,USD,,2025-12-31,651236000,10-Q,2026-05-04
us-gaap,SecuritiesSoldUnderAgreementsToRepurchase,USD,,2025-12-31,651236000,10-Q,2026-08-05
us-gaap,SecuritiesSoldUnderAgreementsToRepurchase,USD,,2026-03-31,862954000,10-Q,2026-05-04
us-gaap,SecuritiesSoldUnderAgreementsToRepurchase,USD,,2026-06-30,1095619000,10-Q,2026-08-05
us-gaap,ShortTermBorrowings,USD,,2009-12-31,90800000,10-Q,2010-08-09
us-gaap,ShortTermBorrowings,USD,,2009-12-31,90800000,10-Q/A,2010-11-10
us-gaap,ShortTermBorrowings,USD,,2009-12-31,90800000,10-K,2011-02-28
us-gaap,ShortTermBorrowings,USD,,2010-06-30,163900000,10-Q,2010-08-09
us-gaap,ShortTermBorrowings,USD,,2010-09-30,207100000,10-Q/A,2010-11-10
us-gaap,ShortTermBorrowings,USD,,2010-12-31,109600000,10-K,2011-02-28
us-gaap,ShortTermBorrowings,USD,,2010-12-31,109600000,10-Q,2011-05-10
us-gaap,ShortTermBorrowings,USD,,2010-12-31,109600000,10-Q/A,2011-08-10
us-gaap,ShortTermBorrowings,USD,,2010-12-31,109600000,10-Q,2011-11-09
us-gaap,ShortTermBorrowings,USD,,2010-12-31,109600000,10-K,2012-02-28
us-gaap,ShortTermBorrowings,USD,,2011-03-31,299700000,10-Q,2011-05-10
us-gaap,ShortTermBorrowings,USD,,2011-06-30,230400000,10-Q/A,2011-08-10
us-gaap,ShortTermBorrowings,USD,,2011-12-31,199400000,10-K,2012-02-28
us-gaap,ShortTermBorrowings,USD,,2011-12-31,199400000,10-Q,2012-05-10
us-gaap,ShortTermBorrowings,USD,,2011-12-31,199400000,10-Q,2012-08-09
us-gaap,ShortTermBorrowings,USD,,2011-12-31,199400000,10-Q,2012-11-09
us-gaap,ShortTermBorrowings,USD,,2011-12-31,199400000,10-K,2013-03-01
us-gaap,ShortTermBorrowings,USD,,2012-03-31,187400000,10-Q,2012-05-10
us-gaap,ShortTermBorrowings,USD,,2012-06-30,282000000,10-Q,2012-08-09
us-gaap,ShortTermBorrowings,USD,,2012-09-30,97900000,10-Q,2012-11-09
us-gaap,ShortTermBorrowings,USD,,2012-12-31,304700000,10-K,2013-03-01
us-gaap,ShortTermBorrowings,USD,,2012-12-31,304700000,10-Q,2013-05-10
us-gaap,ShortTermBorrowings,USD,,2012-12-31,304700000,10-Q,2013-08-09
us-gaap,ShortTermBorrowings,USD,,2012-12-31,304700000,10-Q,2013-11-12
us-gaap,ShortTermBorrowings,USD,,2012-12-31,304700000,10-K,2014-03-03
us-gaap,ShortTermBorrowings,USD,,2013-03-31,569800000,10-Q,2013-05-10
us-gaap,ShortTermBorrowings,USD,,2013-06-30,506700000,10-Q,2013-08-09
us-gaap,ShortTermBorrowings,USD,,2013-09-30,133100000,10-Q,2013-11-12
us-gaap,ShortTermBorrowings,USD,,2013-12-31,55700000,10-K,2014-03-03
us-gaap,ShortTermBorrowings,USD,,2013-12-31,55700000,10-Q,2014-05-12
us-gaap,ShortTermBorrowings,USD,,2013-12-31,55700000,10-Q,2014-08-11
us-gaap,ShortTermBorrowings,USD,,2013-12-31,55700000,10-Q,2014-11-10
us-gaap,ShortTermBorrowings,USD,,2013-12-31,55700000,10-K,2015-03-02
us-gaap,ShortTermBorrowings,USD,,2014-03-31,414900000,10-Q,2014-05-12
us-gaap,ShortTermBorrowings,USD,,2014-06-30,368000000,10-Q,2014-08-11
us-gaap,ShortTermBorrowings,USD,,2014-09-30,49800000,10-Q,2014-11-10
us-gaap,ShortTermBorrowings,USD,,2015-03-31,20500000,10-Q,2015-05-11
us-gaap,ShortTermBorrowings,USD,,2015-06-30,543289000,10-Q/A,2015-08-11
us-gaap,ShortTermBorrowings,USD,,2015-09-30,398338000,10-Q,2015-11-06
us-gaap,ShortTermBorrowings,USD,,2015-12-31,237084000,10-K,2016-03-01
us-gaap,ShortTermBorrowings,USD,,2015-12-31,237084000,10-Q,2016-05-10
us-gaap,ShortTermBorrowings,USD,,2015-12-31,237084000,10-K/A,2016-05-31
us-gaap,ShortTermBorrowings,USD,,2015-12-31,89084000,10-Q,2016-08-08
us-gaap,ShortTermBorrowings,USD,,2015-12-31,89084000,10-Q,2016-11-09
us-gaap,ShortTermBorrowings,USD,,2015-12-31,89084000,10-K,2017-02-23
us-gaap,ShortTermBorrowings,USD,,2015-12-31,89084000,8-K,2017-08-11
us-gaap,ShortTermBorrowings,USD,,2016-03-31,827581000,10-Q,2016-05-10
us-gaap,ShortTermBorrowings,USD,,2016-06-30,335157000,10-Q,2016-08-08
us-gaap,ShortTermBorrowings,USD,,2016-09-30,234200000,10-Q,2016-11-09
us-gaap,ShortTermBorrowings,USD,,2016-12-31,377000000,10-K,2017-02-23
us-gaap,ShortTermBorrowings,USD,,2016-12-31,377000000,10-Q,2017-05-05
us-gaap,ShortTermBorrowings,USD,,2016-12-31,377000000,10-Q,2017-08-08
us-gaap,ShortTermBorrowings,USD,,2016-12-31,377000000,8-K,2017-08-11
us-gaap,ShortTermBorrowings,USD,,2016-12-31,377000000,10-Q,2017-11-08
us-gaap,ShortTermBorrowings,USD,,2016-12-31,377000000,10-K,2018-02-26
us-gaap,ShortTermBorrowings,USD,,2016-12-31,377000000,8-K,2018-06-20
us-gaap,ShortTermBorrowings,USD,,2017-03-31,199000000,10-Q,2017-05-05
us-gaap,ShortTermBorrowings,USD,,2017-06-30,105000000,10-Q,2017-08-08
us-gaap,ShortTermBorrowings,USD,,2017-09-30,78000000,10-Q,2017-11-08
us-gaap,ShortTermBorrowings,USD,,2017-12-31,256000000,10-K,2018-02-26
us-gaap,ShortTermBorrowings,USD,,2017-12-31,256000000,10-Q,2018-05-07
us-gaap,ShortTermBorrowings,USD,,2017-12-31,256000000,8-K,2018-06-20
us-gaap,ShortTermBorrowings,USD,,2017-12-31,256000000,10-Q,2018-08-07
us-gaap,ShortTermBorrowings,USD,,2017-12-31,256000000,10-Q,2018-11-06
us-gaap,ShortTermBorrowings,USD,,2017-12-31,256000000,10-K,2019-02-20
us-gaap,ShortTermBorrowings,USD,,2018-03-31,316000000,10-Q,2018-05-07
us-gaap,ShortTermBorrowings,USD,,2018-06-30,243000000,10-Q,2018-08-07
us-gaap,ShortTermBorrowings,USD,,2018-09-30,140030000,10-Q,2018-11-06
us-gaap,ShortTermBorrowings,USD,,2018-12-31,180655000,10-K,2019-02-20
us-gaap,ShortTermBorrowings,USD,,2018-12-31,180655000,10-Q,2019-05-08
us-gaap,ShortTermBorrowings,USD,,2018-12-31,180655000,10-Q,2019-08-07
us-gaap,ShortTermBorrowings,USD,,2019-03-31,398970000,10-Q,2019-05-08
us-gaap,ShortTermBorrowings,USD,,2019-06-30,117845000,10-Q,2019-08-07
us-gaap,ShortTermBorrowings,USD,,2020-03-31,198150000,10-Q,2020-05-07
us-gaap,TimeDeposits,USD,,2012-12-31,630000,10-Q,2013-11-12
us-gaap,TimeDeposits,USD,,2012-12-31,630000,10-K,2014-03-03
us-gaap,TimeDeposits,USD,,2013-09-30,640000,10-Q,2013-11-12
us-gaap,TimeDeposits,USD,,2013-12-31,241481000,10-K,2014-03-03
us-gaap,TimeDeposits,USD,,2013-12-31,241481000,10-Q,2014-05-12
us-gaap,TimeDeposits,USD,,2013-12-31,241481000,10-Q,2014-08-11
us-gaap,TimeDeposits,USD,,2013-12-31,241481000,10-Q,2014-11-10
us-gaap,TimeDeposits,USD,,2013-12-31,241481000,10-K,2015-03-02
us-gaap,TimeDeposits,USD,,2014-03-31,184280000,10-Q,2014-05-12
us-gaap,TimeDeposits,USD,,2014-06-30,130614000,10-Q,2014-08-11
us-gaap,TimeDeposits,USD,,2014-09-30,101051000,10-Q,2014-11-10
us-gaap,TimeDeposits,USD,,2014-12-31,77197000,10-K,2015-03-02
us-gaap,TimeDeposits,USD,,2014-12-31,77197000,10-Q,2015-05-11
us-gaap,TimeDeposits,USD,,2014-12-31,77197000,10-Q/A,2015-08-11
us-gaap,TimeDeposits,USD,,2014-12-31,77197000,10-Q,2015-11-06
us-gaap,TimeDeposits,USD,,2014-12-31,77197000,10-K,2016-03-01
us-gaap,TimeDeposits,USD,,2014-12-31,77197000,10-K/A,2016-05-31
us-gaap,TimeDeposits,USD,,2015-03-31,55970000,10-Q,2015-05-11
us-gaap,TimeDeposits,USD,,2015-06-30,32859000,10-Q/A,2015-08-11
us-gaap,TimeDeposits,USD,,2015-09-30,24198000,10-Q,2015-11-06
us-gaap,TimeDeposits,USD,,2015-12-31,15087000,10-K,2016-03-01
us-gaap,TimeDeposits,USD,,2015-12-31,15087000,10-Q,2016-05-10
us-gaap,TimeDeposits,USD,,2015-12-31,15087000,10-K/A,2016-05-31
us-gaap,TimeDeposits,USD,,2015-12-31,15087000,10-Q,2016-08-08
us-gaap,TimeDeposits,USD,,2015-12-31,15087000,10-Q,2016-11-09
us-gaap,TimeDeposits,USD,,2015-12-31,15087000,10-K,2017-02-23
us-gaap,TimeDeposits,USD,,2015-12-31,15087000,8-K,2017-08-11
us-gaap,TimeDeposits,USD,,2016-03-31,11990000,10-Q,2016-05-10
us-gaap,TimeDeposits,USD,,2016-06-30,9055000,10-Q,2016-08-08
us-gaap,TimeDeposits,USD,,2016-09-30,4963000,10-Q,2016-11-09
us-gaap,TimeDeposits,USD,,2016-12-31,3901000,10-K,2017-02-23
us-gaap,TimeDeposits,USD,,2016-12-31,3901000,10-Q,2017-05-05
us-gaap,TimeDeposits,USD,,2016-12-31,3901000,10-Q,2017-08-08
us-gaap,TimeDeposits,USD,,2016-12-31,3901000,8-K,2017-08-11
us-gaap,TimeDeposits,USD,,2016-12-31,3901000,10-Q,2017-11-08
us-gaap,TimeDeposits,USD,,2016-12-31,3901000,10-K,2018-02-26
us-gaap,TimeDeposits,USD,,2016-12-31,3901000,8-K,2018-06-20
us-gaap,TimeDeposits,USD,,2017-03-31,3467000,10-Q,2017-05-05
us-gaap,TimeDeposits,USD,,2017-06-30,2845000,10-Q,2017-08-08
us-gaap,TimeDeposits,USD,,2017-09-30,1965000,10-Q,2017-11-08
us-gaap,TimeDeposits,USD,,2017-12-31,1575000,10-K,2018-02-26
us-gaap,TimeDeposits,USD,,2017-12-31,1575000,10-Q,2018-05-07
us-gaap,TimeDeposits,USD,,2017-12-31,1575000,8-K,2018-06-20
us-gaap,TimeDeposits,USD,,2017-12-31,1575000,10-Q,2018-08-07
us-gaap,TimeDeposits,USD,,2017-12-31,1575000,10-Q,2018-11-06
us-gaap,TimeDeposits,USD,,2017-12-31,1575000,10-K,2019-02-20
us-gaap,TimeDeposits,USD,,2018-03-31,253958000,10-Q,2018-05-07
us-gaap,TimeDeposits,USD,,2018-06-30,1364084000,10-Q,2018-08-07
us-gaap,TimeDeposits,USD,,2018-09-30,1970318000,10-Q,2018-11-06
us-gaap,TimeDeposits,USD,,2018-12-31,1763336000,10-K,2019-02-20
us-gaap,TimeDeposits,USD,,2018-12-31,1763336000,10-Q,2019-05-08
us-gaap,TimeDeposits,USD,,2018-12-31,1763336000,10-Q,2019-08-07
us-gaap,TimeDeposits,USD,,2018-12-31,1763336000,10-Q,2019-11-06
us-gaap,TimeDeposits,USD,,2018-12-31,1763336000,10-K,2020-02-19
us-gaap,TimeDeposits,USD,,2019-03-31,1174386000,10-Q,2019-05-08
us-gaap,TimeDeposits,USD,,2019-06-30,1339001000,10-Q,2019-08-07
us-gaap,TimeDeposits,USD,,2019-09-30,792515000,10-Q,2019-11-06
us-gaap,TimeDeposits,USD,,2019-12-31,522958000,10-K,2020-02-19
us-gaap,TimeDeposits,USD,,2019-12-31,522958000,10-Q,2020-05-07
us-gaap,TimeDeposits,USD,,2019-12-31,522958000,10-Q,2020-08-06
us-gaap,TimeDeposits,USD,,2019-12-31,522958000,10-Q,2020-11-06
us-gaap,TimeDeposits,USD,,2019-12-31,522958000,10-K,2021-02-19
us-gaap,TimeDeposits,USD,,2020-03-31,227085000,10-Q,2020-05-07
us-gaap,TimeDeposits,USD,,2020-06-30,160541000,10-Q,2020-08-06
us-gaap,TimeDeposits,USD,,2020-09-30,111898000,10-Q,2020-11-06
us-gaap,TimeDeposits,USD,,2020-12-31,97654000,10-K,2021-02-19
us-gaap,TimeDeposits,USD,,2020-12-31,97654000,10-Q,2021-05-06
us-gaap,TimeDeposits,USD,,2020-12-31,97654000,10-Q,2021-08-05
us-gaap,TimeDeposits,USD,,2020-12-31,97654000,10-Q,2021-11-04
us-gaap,TimeDeposits,USD,,2020-12-31,97654000,10-K,2022-02-18
us-gaap,TimeDeposits,USD,,2021-03-31,64932000,10-Q,2021-05-06
us-gaap,TimeDeposits,USD,,2021-06-30,56334000,10-Q,2021-08-05
us-gaap,TimeDeposits,USD,,2021-09-30,34783000,10-Q,2021-11-04
us-gaap,TimeDeposits,USD,,2021-12-31,27155000,10-K,2022-02-18
us-gaap,TimeDeposits,USD,,2021-12-31,27155000,10-Q,2022-05-05
us-gaap,TimeDeposits,USD,,2021-12-31,27155000,10-Q,2022-08-04
us-gaap,TimeDeposits,USD,,2021-12-31,27155000,10-Q,2022-11-09
us-gaap,TimeDeposits,USD,,2021-12-31,27155000,10-K,2023-02-17
us-gaap,TimeDeposits,USD,,2022-03-31,23807000,10-Q,2022-05-05
us-gaap,TimeDeposits,USD,,2022-06-30,19180000,10-Q,2022-08-04
us-gaap,TimeDeposits,USD,,2022-09-30,10036000,10-Q,2022-11-09
us-gaap,TimeDeposits,USD,,2022-12-31,6900000,10-K,2023-02-17
us-gaap,TimeDeposits,USD,,2022-12-31,6900000,10-Q,2023-05-04
us-gaap,TimeDeposits,USD,,2022-12-31,6900000,10-Q,2023-08-09
us-gaap,TimeDeposits,USD,,2022-12-31,6900000,10-Q,2023-11-07
us-gaap,TimeDeposits,USD,,2022-12-31,6900000,10-K,2024-02-16
us-gaap,TimeDeposits,USD,,2023-03-31,6900000,10-Q,2023-05-04
us-gaap,TimeDeposits,USD,,2023-06-30,2000,10-Q,2023-08-09
us-gaap,TimeDeposits,USD,,2023-09-30,2000,10-Q,2023-11-07
us-gaap,TimeDeposits,USD,,2023-12-31,2000,10-K,2024-02-16
us-gaap,TimeDeposits,USD,,2023-12-31,2000,10-Q,2024-05-08
us-gaap,TimeDeposits,USD,,2023-12-31,2000,10-Q,2024-08-07
us-gaap,TimeDeposits,USD,,2023-12-31,2000,10-Q,2024-11-06
us-gaap,TimeDeposits,USD,,2023-12-31,2000,10-K,2025-02-26
us-gaap,TimeDeposits,USD,,2024-03-31,2000,10-Q,2024-05-08
us-gaap,TimeDeposits,USD,,2024-06-30,80746000,10-Q,2024-08-07
us-gaap,TimeDeposits,USD,,2024-09-30,270632000,10-Q,2024-11-06
us-gaap,TimeDeposits,USD,,2024-12-31,203583000,10-K,2025-02-26
us-gaap,TimeDeposits,USD,,2024-12-31,203583000,10-Q,2025-05-07
us-gaap,TimeDeposits,USD,,2024-12-31,203583000,10-Q,2025-08-06
us-gaap,TimeDeposits,USD,,2024-12-31,203583000,10-Q,2025-11-05
us-gaap,TimeDeposits,USD,,2024-12-31,203583000,10-K,2026-02-24
us-gaap,TimeDeposits,USD,,2025-03-31,26426000,10-Q,2025-05-07
us-gaap,TimeDeposits,USD,,2025-06-30,127378000,10-Q,2025-08-06
us-gaap,TimeDeposits,USD,,2025-09-30,404348000,10-Q,2025-11-05
us-gaap,TimeDeposits,USD,,2025-12-31,481255000,10-K,2026-02-24
us-gaap,TimeDeposits,USD,,2025-12-31,481255000,10-Q,2026-05-04
us-gaap,TimeDeposits,USD,,2025-12-31,481255000,10-Q,2026-08-05
us-gaap,TimeDeposits,USD,,2026-03-31,399872000,10-Q,2026-05-04
us-gaap,TimeDeposits,USD,,2026-06-30,288684000,10-Q,2026-08-05
