taxo,tag,unit,start,end,val,form,filed
dei,EntityCommonStockSharesOutstanding,shares,,2009-07-31,494489413.0,10-Q,2009-08-10
dei,EntityCommonStockSharesOutstanding,shares,,2009-10-30,494665224.0,10-Q,2009-11-06
dei,EntityCommonStockSharesOutstanding,shares,,2010-01-31,495380839.0,10-K,2010-02-22
dei,EntityCommonStockSharesOutstanding,shares,,2010-04-30,501714719.0,10-Q,2010-05-07
dei,EntityCommonStockSharesOutstanding,shares,,2010-07-31,501862527.0,10-Q,2010-08-06
dei,EntityCommonStockSharesOutstanding,shares,,2010-10-29,502024979.0,10-Q,2010-11-05
dei,EntityCommonStockSharesOutstanding,shares,,2011-01-31,502189618.0,10-K,2011-02-28
dei,EntityCommonStockSharesOutstanding,shares,,2011-04-29,504038676.0,10-Q,2011-05-09
dei,EntityCommonStockSharesOutstanding,shares,,2011-07-29,504031728.0,10-Q,2011-08-05
dei,EntityCommonStockSharesOutstanding,shares,,2011-10-31,491950765.0,10-Q,2011-11-04
dei,EntityCommonStockSharesOutstanding,shares,,2012-01-31,487849175.0,10-K,2012-02-27
dei,EntityCommonStockSharesOutstanding,shares,,2012-04-30,488593638.0,10-Q,2012-05-04
dei,EntityCommonStockSharesOutstanding,shares,,2012-07-31,479105319.0,10-Q,2012-08-03
dei,EntityCommonStockSharesOutstanding,shares,,2012-10-31,464808179.0,10-Q,2012-11-02
dei,EntityCommonStockSharesOutstanding,shares,,2013-01-31,456881022.0,10-K,2013-02-22
dei,EntityCommonStockSharesOutstanding,shares,,2013-04-30,456072479.0,10-Q,2013-05-03
dei,EntityCommonStockSharesOutstanding,shares,,2013-07-31,445972231.0,10-Q,2013-08-06
dei,EntityCommonStockSharesOutstanding,shares,,2013-10-31,439001221.0,10-Q,2013-11-06
dei,EntityCommonStockSharesOutstanding,shares,,2014-01-31,431634583.0,10-K,2014-02-21
dei,EntityCommonStockSharesOutstanding,shares,,2014-04-30,430421570.0,10-Q,2014-05-09
dei,EntityCommonStockSharesOutstanding,shares,,2014-07-31,423519383.0,10-Q,2014-08-08
dei,EntityCommonStockSharesOutstanding,shares,,2014-10-31,417495288.0,10-Q,2014-11-10
dei,EntityCommonStockSharesOutstanding,shares,,2015-01-31,412280622.0,10-K,2015-02-20
dei,EntityCommonStockSharesOutstanding,shares,,2015-04-30,411679538.0,10-Q,2015-05-08
dei,EntityCommonStockSharesOutstanding,shares,,2015-07-31,408113062.0,10-Q,2015-08-07
dei,EntityCommonStockSharesOutstanding,shares,,2015-10-31,403486112.0,10-Q,2015-11-06
dei,EntityCommonStockSharesOutstanding,shares,,2016-01-31,400017186.0,10-K,2016-02-19
dei,EntityCommonStockSharesOutstanding,shares,,2016-04-30,395940301.0,10-Q,2016-05-06
dei,EntityCommonStockSharesOutstanding,shares,,2016-07-31,390015216.0,10-Q,2016-08-05
dei,EntityCommonStockSharesOutstanding,shares,,2016-10-31,385734628.0,10-Q,2016-11-03
dei,EntityCommonStockSharesOutstanding,shares,,2017-01-31,381939896.0,10-K,2017-02-17
dei,EntityCommonStockSharesOutstanding,shares,,2017-04-30,376235731.0,10-Q,2017-05-04
dei,EntityCommonStockSharesOutstanding,shares,,2017-07-31,373955415.0,10-Q,2017-08-04
dei,EntityCommonStockSharesOutstanding,shares,,2017-10-31,370836680.0,10-Q,2017-11-01
dei,EntityCommonStockSharesOutstanding,shares,,2018-01-31,367653199.0,10-K,2018-02-26
dei,EntityCommonStockSharesOutstanding,shares,,2018-04-30,365408056.0,10-Q,2018-05-03
dei,EntityCommonStockSharesOutstanding,shares,,2018-07-20,365827604.0,10-Q,2018-07-25
dei,EntityCommonStockSharesOutstanding,shares,,2018-10-29,379535689.0,10-Q,2018-10-31
dei,EntityCommonStockSharesOutstanding,shares,,2019-01-31,378659763.0,10-K,2019-02-21
dei,EntityCommonStockSharesOutstanding,shares,,2019-04-29,373163922.0,10-Q,2019-05-01
dei,EntityCommonStockSharesOutstanding,shares,,2019-07-24,372579503.0,10-Q,2019-07-26
dei,EntityCommonStockSharesOutstanding,shares,,2019-10-23,363623285.0,10-Q,2019-10-25
dei,EntityCommonStockSharesOutstanding,shares,,2020-01-31,354342408.0,10-K,2020-02-20
dei,EntityCommonStockSharesOutstanding,shares,,2020-04-24,351956390.0,10-Q,2020-04-28
dei,EntityCommonStockSharesOutstanding,shares,,2020-07-22,352383250.0,10-Q,2020-07-27
dei,EntityCommonStockSharesOutstanding,shares,,2020-10-21,352797695.0,10-Q,2020-10-23
dei,EntityCommonStockSharesOutstanding,shares,,2021-01-29,351786357.0,10-K,2021-02-19
dei,EntityCommonStockSharesOutstanding,shares,,2021-04-21,347768272.0,10-Q,2021-04-23
dei,EntityCommonStockSharesOutstanding,shares,,2021-07-21,343503114.0,10-Q,2021-07-23
dei,EntityCommonStockSharesOutstanding,shares,,2021-10-20,365629173.0,10-Q,2021-10-22
dei,EntityCommonStockSharesOutstanding,shares,,2022-01-31,366067339.0,10-K,2022-02-17
dei,EntityCommonStockSharesOutstanding,shares,,2022-04-25,367115210.0,10-Q,2022-04-27
dei,EntityCommonStockSharesOutstanding,shares,,2022-07-26,367619359.0,10-Q,2022-07-28
dei,EntityCommonStockSharesOutstanding,shares,,2022-10-24,366940147.0,10-Q,2022-10-26
dei,EntityCommonStockSharesOutstanding,shares,,2023-01-31,344478611.0,10-K,2023-02-16
dei,EntityCommonStockSharesOutstanding,shares,,2023-04-25,334258843.0,10-Q,2023-04-27
dei,EntityCommonStockSharesOutstanding,shares,,2023-07-26,318640320.0,10-Q,2023-07-28
dei,EntityCommonStockSharesOutstanding,shares,,2023-10-25,308583511.0,10-Q,2023-10-27
dei,EntityCommonStockSharesOutstanding,shares,,2024-01-31,301943571.0,10-K,2024-02-15
dei,EntityCommonStockSharesOutstanding,shares,,2024-04-30,301258872.0,10-Q,2024-05-02
dei,EntityCommonStockSharesOutstanding,shares,,2024-07-30,298620012.0,10-Q,2024-08-01
dei,EntityCommonStockSharesOutstanding,shares,,2024-10-29,293150519.0,10-Q,2024-10-31
dei,EntityCommonStockSharesOutstanding,shares,,2025-01-31,288469096.0,10-K,2025-02-13
dei,EntityCommonStockSharesOutstanding,shares,,2025-04-29,285181612.0,10-Q,2025-05-01
dei,EntityCommonStockSharesOutstanding,shares,,2025-07-29,283695342.0,10-Q,2025-07-31
dei,EntityCommonStockSharesOutstanding,shares,,2025-10-28,279312436.0,10-Q,2025-10-30
dei,EntityCommonStockSharesOutstanding,shares,,2026-01-30,278728211.0,10-K,2026-02-19
dei,EntityCommonStockSharesOutstanding,shares,,2026-04-27,276767033.0,10-Q,2026-04-29
dei,EntityCommonStockSharesOutstanding,shares,,2026-07-28,274701765.0,10-Q,2026-07-30
us-gaap,CashAndCashEquivalentsPeriodIncreaseDecrease,USD,2007-01-01,2007-12-31,1903000000.0,10-K,2010-02-22
us-gaap,CashAndCashEquivalentsPeriodIncreaseDecrease,USD,2008-01-01,2008-06-30,-146000000.0,10-Q,2009-08-10
us-gaap,CashAndCashEquivalentsPeriodIncreaseDecrease,USD,2008-01-01,2008-09-30,53530000000.0,10-Q,2009-11-06
us-gaap,CashAndCashEquivalentsPeriodIncreaseDecrease,USD,2008-01-01,2008-12-31,-860000000.0,10-K,2010-02-22
us-gaap,CashAndCashEquivalentsPeriodIncreaseDecrease,USD,2008-01-01,2008-12-31,-860000000.0,10-K,2011-02-28
us-gaap,CashAndCashEquivalentsPeriodIncreaseDecrease,USD,2009-01-01,2009-03-31,358000000.0,10-Q,2010-05-07
us-gaap,CashAndCashEquivalentsPeriodIncreaseDecrease,USD,2009-01-01,2009-06-30,863000000.0,10-Q,2009-08-10
us-gaap,CashAndCashEquivalentsPeriodIncreaseDecrease,USD,2009-01-01,2009-06-30,863000000.0,10-Q,2010-08-06
us-gaap,CashAndCashEquivalentsPeriodIncreaseDecrease,USD,2009-01-01,2009-09-30,1846000000.0,10-Q,2009-11-06
us-gaap,CashAndCashEquivalentsPeriodIncreaseDecrease,USD,2009-01-01,2009-09-30,1846000000.0,10-Q,2010-11-05
us-gaap,CashAndCashEquivalentsPeriodIncreaseDecrease,USD,2008-12-31,2009-12-31,-540000000.0,10-K,2011-02-28
us-gaap,CashAndCashEquivalentsPeriodIncreaseDecrease,USD,2008-12-31,2009-12-31,-540000000.0,10-K,2012-02-27
us-gaap,CashAndCashEquivalentsPeriodIncreaseDecrease,USD,2009-01-01,2009-12-31,-540000000.0,10-K,2010-02-22
us-gaap,CashAndCashEquivalentsPeriodIncreaseDecrease,USD,2010-01-01,2010-03-31,-544000000.0,10-Q,2010-05-07
us-gaap,CashAndCashEquivalentsPeriodIncreaseDecrease,USD,2010-01-01,2010-03-31,-544000000.0,10-Q,2011-05-09
us-gaap,CashAndCashEquivalentsPeriodIncreaseDecrease,USD,2010-01-01,2010-06-30,2671000000.0,10-Q,2010-08-06
us-gaap,CashAndCashEquivalentsPeriodIncreaseDecrease,USD,2010-01-01,2010-06-30,2671000000.0,10-Q,2011-08-05
us-gaap,CashAndCashEquivalentsPeriodIncreaseDecrease,USD,2010-01-01,2010-09-30,1942000000.0,10-Q,2010-11-05
us-gaap,CashAndCashEquivalentsPeriodIncreaseDecrease,USD,2010-01-01,2010-09-30,1942000000.0,10-Q,2011-11-04
us-gaap,CashAndCashEquivalentsPeriodIncreaseDecrease,USD,2009-12-31,2010-12-31,670000000.0,10-K,2011-02-28
us-gaap,CashAndCashEquivalentsPeriodIncreaseDecrease,USD,2009-12-31,2010-12-31,670000000.0,10-K,2012-02-27
us-gaap,CashAndCashEquivalentsPeriodIncreaseDecrease,USD,2009-12-31,2010-12-31,670000000.0,10-K,2013-02-22
us-gaap,CashAndCashEquivalentsPeriodIncreaseDecrease,USD,2011-01-01,2011-03-31,-674000000.0,10-Q,2011-05-09
us-gaap,CashAndCashEquivalentsPeriodIncreaseDecrease,USD,2011-01-01,2011-03-31,-674000000.0,10-Q,2012-05-04
us-gaap,CashAndCashEquivalentsPeriodIncreaseDecrease,USD,2010-12-29,2011-06-30,1261000000.0,10-Q,2012-08-03
us-gaap,CashAndCashEquivalentsPeriodIncreaseDecrease,USD,2011-01-01,2011-06-30,1261000000.0,10-Q,2011-08-05
us-gaap,CashAndCashEquivalentsPeriodIncreaseDecrease,USD,2010-12-30,2011-09-30,6176000000.0,10-Q,2012-11-02
us-gaap,CashAndCashEquivalentsPeriodIncreaseDecrease,USD,2011-01-01,2011-09-30,6176000000.0,10-Q,2011-11-04
us-gaap,CashAndCashEquivalentsPeriodIncreaseDecrease,USD,2010-12-31,2011-12-31,-1118000000.0,10-K,2012-02-27
us-gaap,CashAndCashEquivalentsPeriodIncreaseDecrease,USD,2010-12-31,2011-12-31,-1118000000.0,10-K,2013-02-22
us-gaap,CashAndCashEquivalentsPeriodIncreaseDecrease,USD,2011-01-01,2011-12-31,-1118000000.0,10-K,2014-02-21
us-gaap,CashAndCashEquivalentsPeriodIncreaseDecrease,USD,2012-01-01,2012-03-31,-810000000.0,10-Q,2012-05-04
us-gaap,CashAndCashEquivalentsPeriodIncreaseDecrease,USD,2012-01-01,2012-03-31,-810000000.0,10-Q,2013-05-03
us-gaap,CashAndCashEquivalentsPeriodIncreaseDecrease,USD,2011-12-30,2012-06-30,3895000000.0,10-Q,2012-08-03
us-gaap,CashAndCashEquivalentsPeriodIncreaseDecrease,USD,2011-12-30,2012-06-30,3895000000.0,10-Q,2013-08-06
us-gaap,CashAndCashEquivalentsPeriodIncreaseDecrease,USD,2011-12-31,2012-09-30,4239000000.0,10-Q,2012-11-02
us-gaap,CashAndCashEquivalentsPeriodIncreaseDecrease,USD,2011-12-31,2012-09-30,4239000000.0,10-Q,2013-11-06
us-gaap,CashAndCashEquivalentsPeriodIncreaseDecrease,USD,2012-01-01,2012-12-31,397000000.0,10-K,2013-02-22
us-gaap,CashAndCashEquivalentsPeriodIncreaseDecrease,USD,2012-01-01,2012-12-31,397000000.0,10-K,2014-02-21
us-gaap,CashAndCashEquivalentsPeriodIncreaseDecrease,USD,2012-01-01,2012-12-31,397000000.0,10-K,2015-02-20
us-gaap,CashAndCashEquivalentsPeriodIncreaseDecrease,USD,2013-01-01,2013-03-31,2118000000.0,10-Q,2013-05-03
us-gaap,CashAndCashEquivalentsPeriodIncreaseDecrease,USD,2013-01-01,2013-03-31,2118000000.0,10-Q,2014-05-09
us-gaap,CashAndCashEquivalentsPeriodIncreaseDecrease,USD,2012-12-29,2013-06-30,2889000000.0,10-Q,2013-08-06
us-gaap,CashAndCashEquivalentsPeriodIncreaseDecrease,USD,2013-01-01,2013-06-30,2889000000.0,10-Q,2014-08-08
us-gaap,CashAndCashEquivalentsPeriodIncreaseDecrease,USD,2012-12-30,2013-09-30,1306000000.0,10-Q,2013-11-06
us-gaap,CashAndCashEquivalentsPeriodIncreaseDecrease,USD,2013-01-01,2013-09-30,1306000000.0,10-Q,2014-11-10
us-gaap,CashAndCashEquivalentsPeriodIncreaseDecrease,USD,2013-01-01,2013-12-31,630000000.0,10-K,2014-02-21
us-gaap,CashAndCashEquivalentsPeriodIncreaseDecrease,USD,2013-01-01,2013-12-31,630000000.0,10-K,2015-02-20
us-gaap,CashAndCashEquivalentsPeriodIncreaseDecrease,USD,2013-01-01,2013-12-31,630000000.0,10-K,2016-02-19
us-gaap,CashAndCashEquivalentsPeriodIncreaseDecrease,USD,2014-01-01,2014-03-31,657000000.0,10-Q,2014-05-09
us-gaap,CashAndCashEquivalentsPeriodIncreaseDecrease,USD,2014-01-01,2014-03-31,657000000.0,10-Q,2015-05-08
us-gaap,CashAndCashEquivalentsPeriodIncreaseDecrease,USD,2014-01-01,2014-06-30,3027000000.0,10-Q,2014-08-08
us-gaap,CashAndCashEquivalentsPeriodIncreaseDecrease,USD,2014-01-01,2014-06-30,3027000000.0,10-Q,2015-08-07
us-gaap,CashAndCashEquivalentsPeriodIncreaseDecrease,USD,2014-01-01,2014-09-30,926000000.0,10-Q,2014-11-10
us-gaap,CashAndCashEquivalentsPeriodIncreaseDecrease,USD,2014-01-01,2014-09-30,926000000.0,10-Q,2015-11-06
us-gaap,CashAndCashEquivalentsPeriodIncreaseDecrease,USD,2014-01-01,2014-12-31,-1365000000.0,10-K,2015-02-20
us-gaap,CashAndCashEquivalentsPeriodIncreaseDecrease,USD,2014-01-01,2014-12-31,-1365000000.0,10-K,2016-02-19
us-gaap,CashAndCashEquivalentsPeriodIncreaseDecrease,USD,2014-01-01,2014-12-31,-1365000000.0,10-K,2017-02-17
us-gaap,CashAndCashEquivalentsPeriodIncreaseDecrease,USD,2015-01-01,2015-03-31,1294000000.0,10-Q,2015-05-08
us-gaap,CashAndCashEquivalentsPeriodIncreaseDecrease,USD,2015-01-01,2015-03-31,1294000000.0,10-Q,2016-05-06
us-gaap,CashAndCashEquivalentsPeriodIncreaseDecrease,USD,2015-01-01,2015-06-30,1229000000.0,10-Q,2015-08-07
us-gaap,CashAndCashEquivalentsPeriodIncreaseDecrease,USD,2015-01-01,2015-06-30,1229000000.0,10-Q,2016-08-05
us-gaap,CashAndCashEquivalentsPeriodIncreaseDecrease,USD,2015-01-01,2015-09-30,1805000000.0,10-Q,2015-11-06
us-gaap,CashAndCashEquivalentsPeriodIncreaseDecrease,USD,2015-01-01,2015-09-30,1805000000.0,10-Q,2016-11-03
us-gaap,CashAndCashEquivalentsPeriodIncreaseDecrease,USD,2015-01-01,2015-12-31,-648000000.0,10-K,2016-02-19
us-gaap,CashAndCashEquivalentsPeriodIncreaseDecrease,USD,2015-01-01,2015-12-31,-648000000.0,10-K,2017-02-17
us-gaap,CashAndCashEquivalentsPeriodIncreaseDecrease,USD,2015-01-01,2015-12-31,-648000000.0,10-K,2018-02-26
us-gaap,CashAndCashEquivalentsPeriodIncreaseDecrease,USD,2016-01-01,2016-03-31,2528000000.0,10-Q,2016-05-06
us-gaap,CashAndCashEquivalentsPeriodIncreaseDecrease,USD,2016-01-01,2016-03-31,2528000000.0,10-Q,2017-05-04
us-gaap,CashAndCashEquivalentsPeriodIncreaseDecrease,USD,2016-01-01,2016-06-30,3466000000.0,10-Q,2016-08-05
us-gaap,CashAndCashEquivalentsPeriodIncreaseDecrease,USD,2016-01-01,2016-06-30,3466000000.0,10-Q,2017-08-04
us-gaap,CashAndCashEquivalentsPeriodIncreaseDecrease,USD,2016-01-01,2016-09-30,2283000000.0,10-Q,2016-11-03
us-gaap,CashAndCashEquivalentsPeriodIncreaseDecrease,USD,2016-01-01,2016-09-30,2283000000.0,10-Q,2017-11-01
us-gaap,CashAndCashEquivalentsPeriodIncreaseDecrease,USD,2016-01-01,2016-12-31,107000000.0,10-K,2017-02-17
us-gaap,CashAndCashEquivalentsPeriodIncreaseDecrease,USD,2016-01-01,2016-12-31,107000000.0,10-K,2018-02-26
us-gaap,CashAndCashEquivalentsPeriodIncreaseDecrease,USD,2016-01-01,2016-12-31,107000000.0,10-K,2019-02-21
us-gaap,CashAndCashEquivalentsPeriodIncreaseDecrease,USD,2016-01-01,2016-12-31,107000000.0,8-K,2019-05-02
us-gaap,CashAndCashEquivalentsPeriodIncreaseDecrease,USD,2017-01-01,2017-03-31,1595000000.0,10-Q,2017-05-04
us-gaap,CashAndCashEquivalentsPeriodIncreaseDecrease,USD,2017-01-01,2017-03-31,1595000000.0,10-Q,2018-05-03
us-gaap,CashAndCashEquivalentsPeriodIncreaseDecrease,USD,2017-01-01,2017-06-30,1842000000.0,10-Q,2017-08-04
us-gaap,CashAndCashEquivalentsPeriodIncreaseDecrease,USD,2017-01-01,2017-06-30,1842000000.0,10-Q,2018-07-25
us-gaap,CashAndCashEquivalentsPeriodIncreaseDecrease,USD,2017-01-01,2017-09-30,2625000000.0,10-Q,2017-11-01
us-gaap,CashAndCashEquivalentsPeriodIncreaseDecrease,USD,2017-01-01,2017-09-30,2625000000.0,10-Q,2018-10-31
us-gaap,CashAndCashEquivalentsPeriodIncreaseDecrease,USD,2017-01-01,2017-12-31,793000000.0,10-K,2018-02-26
us-gaap,CashAndCashEquivalentsPeriodIncreaseDecrease,USD,2017-01-01,2017-12-31,793000000.0,10-K,2019-02-21
us-gaap,CashAndCashEquivalentsPeriodIncreaseDecrease,USD,2017-01-01,2017-12-31,793000000.0,8-K,2019-05-02
us-gaap,CashAndCashEquivalentsPeriodIncreaseDecrease,USD,2018-01-01,2018-03-31,439000000.0,10-Q,2018-05-03
us-gaap,CashAndCashEquivalentsPeriodIncreaseDecrease,USD,2018-01-01,2018-06-30,1779000000.0,10-Q,2018-07-25
us-gaap,CashAndCashEquivalentsPeriodIncreaseDecrease,USD,2018-01-01,2018-09-30,2038000000.0,10-Q,2018-10-31
us-gaap,CashAndCashEquivalentsPeriodIncreaseDecrease,USD,2018-01-01,2018-12-31,1490000000.0,10-K,2019-02-21
us-gaap,CashAndCashEquivalentsPeriodIncreaseDecrease,USD,2018-01-01,2018-12-31,1490000000.0,8-K,2019-05-02
us-gaap,CashAndDueFromBanks,USD,,2006-12-31,2138000000.0,10-K,2010-02-22
us-gaap,CashAndDueFromBanks,USD,,2007-12-31,4733000000.0,10-Q,2009-08-10
us-gaap,CashAndDueFromBanks,USD,,2007-12-31,4733000000.0,10-Q,2009-11-06
us-gaap,CashAndDueFromBanks,USD,,2007-12-31,4041000000.0,10-K,2010-02-22
us-gaap,CashAndDueFromBanks,USD,,2007-12-31,4041000000.0,10-K,2011-02-28
us-gaap,CashAndDueFromBanks,USD,,2008-06-30,4587000000.0,10-Q,2009-08-10
us-gaap,CashAndDueFromBanks,USD,,2008-09-30,58263000000.0,10-Q,2009-11-06
us-gaap,CashAndDueFromBanks,USD,,2008-12-31,3181000000.0,10-Q,2009-08-10
us-gaap,CashAndDueFromBanks,USD,,2008-12-31,3181000000.0,10-Q,2009-11-06
us-gaap,CashAndDueFromBanks,USD,,2008-12-31,3181000000.0,10-K,2010-02-22
us-gaap,CashAndDueFromBanks,USD,,2008-12-31,3181000000.0,10-Q,2010-05-07
us-gaap,CashAndDueFromBanks,USD,,2008-12-31,3181000000.0,10-Q,2010-08-06
us-gaap,CashAndDueFromBanks,USD,,2008-12-31,3181000000.0,10-Q,2010-11-05
us-gaap,CashAndDueFromBanks,USD,,2008-12-31,3181000000.0,10-K,2011-02-28
us-gaap,CashAndDueFromBanks,USD,,2008-12-31,3181000000.0,10-K,2012-02-27
us-gaap,CashAndDueFromBanks,USD,,2009-03-31,3539000000.0,10-Q,2010-05-07
us-gaap,CashAndDueFromBanks,USD,,2009-06-30,4044000000.0,10-Q,2009-08-10
us-gaap,CashAndDueFromBanks,USD,,2009-06-30,4044000000.0,10-Q,2010-08-06
us-gaap,CashAndDueFromBanks,USD,,2009-09-30,5027000000.0,10-Q,2009-11-06
us-gaap,CashAndDueFromBanks,USD,,2009-09-30,5027000000.0,10-Q,2010-11-05
us-gaap,CashAndDueFromBanks,USD,,2009-12-31,2641000000.0,10-K,2010-02-22
us-gaap,CashAndDueFromBanks,USD,,2009-12-31,2641000000.0,10-Q,2010-05-07
us-gaap,CashAndDueFromBanks,USD,,2009-12-31,2641000000.0,10-Q,2010-08-06
us-gaap,CashAndDueFromBanks,USD,,2009-12-31,2641000000.0,10-Q,2010-11-05
us-gaap,CashAndDueFromBanks,USD,,2009-12-31,2641000000.0,10-K,2011-02-28
us-gaap,CashAndDueFromBanks,USD,,2009-12-31,2641000000.0,10-Q,2011-05-09
us-gaap,CashAndDueFromBanks,USD,,2009-12-31,2641000000.0,10-Q,2011-08-05
us-gaap,CashAndDueFromBanks,USD,,2009-12-31,2641000000.0,10-Q,2011-11-04
us-gaap,CashAndDueFromBanks,USD,,2009-12-31,2641000000.0,10-K,2012-02-27
us-gaap,CashAndDueFromBanks,USD,,2009-12-31,2641000000.0,10-K,2013-02-22
us-gaap,CashAndDueFromBanks,USD,,2010-03-31,2097000000.0,10-Q,2010-05-07
us-gaap,CashAndDueFromBanks,USD,,2010-03-31,2097000000.0,10-Q,2011-05-09
us-gaap,CashAndDueFromBanks,USD,,2010-06-30,5312000000.0,10-Q,2010-08-06
us-gaap,CashAndDueFromBanks,USD,,2010-06-30,5312000000.0,10-Q,2011-08-05
us-gaap,CashAndDueFromBanks,USD,,2010-09-30,4583000000.0,10-Q,2010-11-05
us-gaap,CashAndDueFromBanks,USD,,2010-09-30,4583000000.0,10-Q,2011-11-04
us-gaap,CashAndDueFromBanks,USD,,2010-12-31,3311000000.0,10-K,2011-02-28
us-gaap,CashAndDueFromBanks,USD,,2010-12-31,3311000000.0,10-Q,2011-05-09
us-gaap,CashAndDueFromBanks,USD,,2010-12-31,3311000000.0,10-Q,2011-08-05
us-gaap,CashAndDueFromBanks,USD,,2010-12-31,3311000000.0,10-Q,2011-11-04
us-gaap,CashAndDueFromBanks,USD,,2010-12-31,3311000000.0,10-K,2012-02-27
us-gaap,CashAndDueFromBanks,USD,,2010-12-31,3311000000.0,10-Q,2012-05-04
us-gaap,CashAndDueFromBanks,USD,,2010-12-31,3311000000.0,10-Q,2012-08-03
us-gaap,CashAndDueFromBanks,USD,,2010-12-31,3311000000.0,10-Q,2012-11-02
us-gaap,CashAndDueFromBanks,USD,,2010-12-31,3311000000.0,10-K,2013-02-22
us-gaap,CashAndDueFromBanks,USD,,2010-12-31,3311000000.0,10-K,2014-02-21
us-gaap,CashAndDueFromBanks,USD,,2011-03-31,2637000000.0,10-Q,2011-05-09
us-gaap,CashAndDueFromBanks,USD,,2011-03-31,2637000000.0,10-Q,2012-05-04
us-gaap,CashAndDueFromBanks,USD,,2011-06-30,4572000000.0,10-Q,2011-08-05
us-gaap,CashAndDueFromBanks,USD,,2011-06-30,4572000000.0,10-Q,2012-08-03
us-gaap,CashAndDueFromBanks,USD,,2011-09-30,9487000000.0,10-Q,2011-11-04
us-gaap,CashAndDueFromBanks,USD,,2011-09-30,9487000000.0,10-Q,2012-11-02
us-gaap,CashAndDueFromBanks,USD,,2011-12-31,2193000000.0,10-K,2012-02-27
us-gaap,CashAndDueFromBanks,USD,,2011-12-31,2193000000.0,10-Q,2012-05-04
us-gaap,CashAndDueFromBanks,USD,,2011-12-31,2193000000.0,10-Q,2012-08-03
us-gaap,CashAndDueFromBanks,USD,,2011-12-31,2193000000.0,10-Q,2012-11-02
us-gaap,CashAndDueFromBanks,USD,,2011-12-31,2193000000.0,10-K,2013-02-22
us-gaap,CashAndDueFromBanks,USD,,2011-12-31,2193000000.0,10-Q,2013-05-03
us-gaap,CashAndDueFromBanks,USD,,2011-12-31,2193000000.0,10-Q,2013-08-06
us-gaap,CashAndDueFromBanks,USD,,2011-12-31,2193000000.0,10-Q,2013-11-06
us-gaap,CashAndDueFromBanks,USD,,2011-12-31,2193000000.0,10-K,2014-02-21
us-gaap,CashAndDueFromBanks,USD,,2011-12-31,2193000000.0,10-K,2015-02-20
us-gaap,CashAndDueFromBanks,USD,,2012-03-31,1383000000.0,10-Q,2012-05-04
us-gaap,CashAndDueFromBanks,USD,,2012-03-31,1383000000.0,10-Q,2013-05-03
us-gaap,CashAndDueFromBanks,USD,,2012-06-30,6088000000.0,10-Q,2012-08-03
us-gaap,CashAndDueFromBanks,USD,,2012-06-30,6088000000.0,10-Q,2013-08-06
us-gaap,CashAndDueFromBanks,USD,,2012-09-30,6432000000.0,10-Q,2012-11-02
us-gaap,CashAndDueFromBanks,USD,,2012-09-30,6432000000.0,10-Q,2013-11-06
us-gaap,CashAndDueFromBanks,USD,,2012-12-31,2590000000.0,10-K,2013-02-22
us-gaap,CashAndDueFromBanks,USD,,2012-12-31,2590000000.0,10-Q,2013-05-03
us-gaap,CashAndDueFromBanks,USD,,2012-12-31,2590000000.0,10-Q,2013-08-06
us-gaap,CashAndDueFromBanks,USD,,2012-12-31,2590000000.0,10-Q,2013-11-06
us-gaap,CashAndDueFromBanks,USD,,2012-12-31,2590000000.0,10-K,2014-02-21
us-gaap,CashAndDueFromBanks,USD,,2012-12-31,2590000000.0,10-Q,2014-05-09
us-gaap,CashAndDueFromBanks,USD,,2012-12-31,2590000000.0,10-Q,2014-08-08
us-gaap,CashAndDueFromBanks,USD,,2012-12-31,2590000000.0,10-Q,2014-11-10
us-gaap,CashAndDueFromBanks,USD,,2012-12-31,2590000000.0,10-K,2015-02-20
us-gaap,CashAndDueFromBanks,USD,,2012-12-31,2590000000.0,10-K,2016-02-19
us-gaap,CashAndDueFromBanks,USD,,2013-03-31,4708000000.0,10-Q,2013-05-03
us-gaap,CashAndDueFromBanks,USD,,2013-03-31,4708000000.0,10-Q,2014-05-09
us-gaap,CashAndDueFromBanks,USD,,2013-06-30,5479000000.0,10-Q,2013-08-06
us-gaap,CashAndDueFromBanks,USD,,2013-06-30,5479000000.0,10-Q,2014-08-08
us-gaap,CashAndDueFromBanks,USD,,2013-09-30,3896000000.0,10-Q,2013-11-06
us-gaap,CashAndDueFromBanks,USD,,2013-09-30,3896000000.0,10-Q,2014-11-10
us-gaap,CashAndDueFromBanks,USD,,2013-12-31,3220000000.0,10-K,2014-02-21
us-gaap,CashAndDueFromBanks,USD,,2013-12-31,3220000000.0,10-Q,2014-05-09
us-gaap,CashAndDueFromBanks,USD,,2013-12-31,3220000000.0,10-Q,2014-08-08
us-gaap,CashAndDueFromBanks,USD,,2013-12-31,3220000000.0,10-Q,2014-11-10
us-gaap,CashAndDueFromBanks,USD,,2013-12-31,3220000000.0,10-K,2015-02-20
us-gaap,CashAndDueFromBanks,USD,,2013-12-31,3220000000.0,10-Q,2015-05-08
us-gaap,CashAndDueFromBanks,USD,,2013-12-31,3220000000.0,10-Q,2015-08-07
us-gaap,CashAndDueFromBanks,USD,,2013-12-31,3220000000.0,10-Q,2015-11-06
us-gaap,CashAndDueFromBanks,USD,,2013-12-31,3220000000.0,10-K,2016-02-19
us-gaap,CashAndDueFromBanks,USD,,2013-12-31,3220000000.0,10-K,2017-02-17
us-gaap,CashAndDueFromBanks,USD,,2014-03-31,3877000000.0,10-Q,2014-05-09
us-gaap,CashAndDueFromBanks,USD,,2014-03-31,3877000000.0,10-Q,2015-05-08
us-gaap,CashAndDueFromBanks,USD,,2014-06-30,6247000000.0,10-Q,2014-08-08
us-gaap,CashAndDueFromBanks,USD,,2014-06-30,6247000000.0,10-Q,2015-08-07
us-gaap,CashAndDueFromBanks,USD,,2014-09-30,4146000000.0,10-Q,2014-11-10
us-gaap,CashAndDueFromBanks,USD,,2014-09-30,4146000000.0,10-Q,2015-11-06
us-gaap,CashAndDueFromBanks,USD,,2014-12-31,1855000000.0,10-K,2015-02-20
us-gaap,CashAndDueFromBanks,USD,,2014-12-31,1855000000.0,10-Q,2015-05-08
us-gaap,CashAndDueFromBanks,USD,,2014-12-31,1855000000.0,10-Q,2015-08-07
us-gaap,CashAndDueFromBanks,USD,,2014-12-31,1855000000.0,10-Q,2015-11-06
us-gaap,CashAndDueFromBanks,USD,,2014-12-31,1855000000.0,10-K,2016-02-19
us-gaap,CashAndDueFromBanks,USD,,2014-12-31,1855000000.0,10-Q,2016-05-06
us-gaap,CashAndDueFromBanks,USD,,2014-12-31,1855000000.0,10-Q,2016-08-05
us-gaap,CashAndDueFromBanks,USD,,2014-12-31,1855000000.0,10-Q,2016-11-03
us-gaap,CashAndDueFromBanks,USD,,2014-12-31,1855000000.0,10-K,2017-02-17
us-gaap,CashAndDueFromBanks,USD,,2014-12-31,1855000000.0,10-K,2018-02-26
us-gaap,CashAndDueFromBanks,USD,,2015-03-31,3149000000.0,10-Q,2015-05-08
us-gaap,CashAndDueFromBanks,USD,,2015-03-31,3149000000.0,10-Q,2016-05-06
us-gaap,CashAndDueFromBanks,USD,,2015-06-30,3084000000.0,10-Q,2015-08-07
us-gaap,CashAndDueFromBanks,USD,,2015-06-30,3084000000.0,10-Q,2016-08-05
us-gaap,CashAndDueFromBanks,USD,,2015-09-30,3660000000.0,10-Q,2015-11-06
us-gaap,CashAndDueFromBanks,USD,,2015-09-30,3660000000.0,10-Q,2016-11-03
us-gaap,CashAndDueFromBanks,USD,,2015-12-31,1207000000.0,10-K,2016-02-19
us-gaap,CashAndDueFromBanks,USD,,2015-12-31,1207000000.0,10-Q,2016-05-06
us-gaap,CashAndDueFromBanks,USD,,2015-12-31,1207000000.0,10-Q,2016-08-05
us-gaap,CashAndDueFromBanks,USD,,2015-12-31,1207000000.0,10-Q,2016-11-03
us-gaap,CashAndDueFromBanks,USD,,2015-12-31,1207000000.0,10-K,2017-02-17
us-gaap,CashAndDueFromBanks,USD,,2015-12-31,1207000000.0,10-Q,2017-05-04
us-gaap,CashAndDueFromBanks,USD,,2015-12-31,1207000000.0,10-Q,2017-08-04
us-gaap,CashAndDueFromBanks,USD,,2015-12-31,1207000000.0,10-Q,2017-11-01
us-gaap,CashAndDueFromBanks,USD,,2015-12-31,1207000000.0,10-K,2018-02-26
us-gaap,CashAndDueFromBanks,USD,,2015-12-31,1207000000.0,10-K,2019-02-21
us-gaap,CashAndDueFromBanks,USD,,2015-12-31,1207000000.0,8-K,2019-05-02
us-gaap,CashAndDueFromBanks,USD,,2016-03-31,3735000000.0,10-Q,2016-05-06
us-gaap,CashAndDueFromBanks,USD,,2016-03-31,3735000000.0,10-Q,2017-05-04
us-gaap,CashAndDueFromBanks,USD,,2016-06-30,4673000000.0,10-Q,2016-08-05
us-gaap,CashAndDueFromBanks,USD,,2016-06-30,4673000000.0,10-Q,2017-08-04
us-gaap,CashAndDueFromBanks,USD,,2016-09-30,3490000000.0,10-Q,2016-11-03
us-gaap,CashAndDueFromBanks,USD,,2016-09-30,3490000000.0,10-Q,2017-11-01
us-gaap,CashAndDueFromBanks,USD,,2016-12-31,1314000000.0,10-K,2017-02-17
us-gaap,CashAndDueFromBanks,USD,,2016-12-31,1314000000.0,10-Q,2017-05-04
us-gaap,CashAndDueFromBanks,USD,,2016-12-31,1314000000.0,10-Q,2017-08-04
us-gaap,CashAndDueFromBanks,USD,,2016-12-31,1314000000.0,10-Q,2017-11-01
us-gaap,CashAndDueFromBanks,USD,,2016-12-31,1314000000.0,10-K,2018-02-26
us-gaap,CashAndDueFromBanks,USD,,2016-12-31,1314000000.0,10-Q,2018-05-03
us-gaap,CashAndDueFromBanks,USD,,2016-12-31,1314000000.0,10-Q,2018-07-25
us-gaap,CashAndDueFromBanks,USD,,2016-12-31,1314000000.0,10-Q,2018-10-31
us-gaap,CashAndDueFromBanks,USD,,2016-12-31,1314000000.0,10-K,2019-02-21
us-gaap,CashAndDueFromBanks,USD,,2016-12-31,1314000000.0,8-K,2019-05-02
us-gaap,CashAndDueFromBanks,USD,,2017-03-31,2909000000.0,10-Q,2017-05-04
us-gaap,CashAndDueFromBanks,USD,,2017-03-31,2909000000.0,10-Q,2018-05-03
us-gaap,CashAndDueFromBanks,USD,,2017-06-30,3156000000.0,10-Q,2017-08-04
us-gaap,CashAndDueFromBanks,USD,,2017-06-30,3156000000.0,10-Q,2018-07-25
us-gaap,CashAndDueFromBanks,USD,,2017-09-30,3939000000.0,10-Q,2017-11-01
us-gaap,CashAndDueFromBanks,USD,,2017-09-30,3939000000.0,10-Q,2018-10-31
us-gaap,CashAndDueFromBanks,USD,,2017-12-31,2107000000.0,10-K,2018-02-26
us-gaap,CashAndDueFromBanks,USD,,2017-12-31,2107000000.0,10-Q,2018-05-03
us-gaap,CashAndDueFromBanks,USD,,2017-12-31,2107000000.0,10-Q,2018-07-25
us-gaap,CashAndDueFromBanks,USD,,2017-12-31,2107000000.0,10-Q,2018-10-31
us-gaap,CashAndDueFromBanks,USD,,2017-12-31,2107000000.0,10-K,2019-02-21
us-gaap,CashAndDueFromBanks,USD,,2017-12-31,2107000000.0,8-K,2019-05-02
us-gaap,CashAndDueFromBanks,USD,,2018-03-31,2546000000.0,10-Q,2018-05-03
us-gaap,CashAndDueFromBanks,USD,,2018-06-30,3886000000.0,10-Q,2018-07-25
us-gaap,CashAndDueFromBanks,USD,,2018-09-30,4145000000.0,10-Q,2018-10-31
us-gaap,CashAndDueFromBanks,USD,,2018-12-31,3597000000.0,10-K,2019-02-21
us-gaap,CashAndDueFromBanks,USD,,2018-12-31,3597000000.0,10-Q,2019-05-01
us-gaap,CashAndDueFromBanks,USD,,2018-12-31,3597000000.0,8-K,2019-05-02
us-gaap,CashAndDueFromBanks,USD,,2018-12-31,3597000000.0,10-Q,2019-07-26
us-gaap,CashAndDueFromBanks,USD,,2018-12-31,3212000000.0,10-Q,2019-10-25
us-gaap,CashAndDueFromBanks,USD,,2018-12-31,3212000000.0,10-K,2020-02-20
us-gaap,CashAndDueFromBanks,USD,,2019-03-31,4469000000.0,10-Q,2019-05-01
us-gaap,CashAndDueFromBanks,USD,,2019-06-30,3742000000.0,10-Q,2019-07-26
us-gaap,CashAndDueFromBanks,USD,,2019-09-30,3598000000.0,10-Q,2019-10-25
us-gaap,CashAndDueFromBanks,USD,,2019-12-31,3302000000.0,10-K,2020-02-20
us-gaap,CashAndDueFromBanks,USD,,2019-12-31,3302000000.0,10-Q,2020-04-28
us-gaap,CashAndDueFromBanks,USD,,2019-12-31,3302000000.0,10-Q,2020-07-27
us-gaap,CashAndDueFromBanks,USD,,2019-12-31,3302000000.0,10-Q,2020-10-23
us-gaap,CashAndDueFromBanks,USD,,2019-12-31,3302000000.0,10-K,2021-02-19
us-gaap,CashAndDueFromBanks,USD,,2020-03-31,4932000000.0,10-Q,2020-04-28
us-gaap,CashAndDueFromBanks,USD,,2020-06-30,3685000000.0,10-Q,2020-07-27
us-gaap,CashAndDueFromBanks,USD,,2020-09-30,4848000000.0,10-Q,2020-10-23
us-gaap,CashAndDueFromBanks,USD,,2020-12-31,3467000000.0,10-K,2021-02-19
us-gaap,CashAndDueFromBanks,USD,,2020-12-31,3467000000.0,10-Q,2021-04-23
us-gaap,CashAndDueFromBanks,USD,,2020-12-31,3467000000.0,10-Q,2021-07-23
us-gaap,CashAndDueFromBanks,USD,,2020-12-31,3467000000.0,10-Q,2021-10-22
us-gaap,CashAndDueFromBanks,USD,,2020-12-31,3467000000.0,10-K,2022-02-17
us-gaap,CashAndDueFromBanks,USD,,2021-03-31,4552000000.0,10-Q,2021-04-23
us-gaap,CashAndDueFromBanks,USD,,2021-06-30,4619000000.0,10-Q,2021-07-23
us-gaap,CashAndDueFromBanks,USD,,2021-09-30,4606000000.0,10-Q,2021-10-22
us-gaap,CashAndDueFromBanks,USD,,2021-12-31,3631000000.0,10-K,2022-02-17
us-gaap,CashAndDueFromBanks,USD,,2021-12-31,3631000000.0,10-Q,2022-04-27
us-gaap,CashAndDueFromBanks,USD,,2021-12-31,3631000000.0,10-Q,2022-07-28
us-gaap,CashAndDueFromBanks,USD,,2021-12-31,3631000000.0,10-Q,2022-10-26
us-gaap,CashAndDueFromBanks,USD,,2021-12-31,3631000000.0,10-K,2023-02-16
us-gaap,CashAndDueFromBanks,USD,,2022-03-31,2976000000.0,10-Q,2022-04-27
us-gaap,CashAndDueFromBanks,USD,,2022-06-30,3515000000.0,10-Q,2022-07-28
us-gaap,CashAndDueFromBanks,USD,,2022-09-30,2748000000.0,10-Q,2022-10-26
us-gaap,CashAndDueFromBanks,USD,,2022-12-31,3970000000.0,10-K,2023-02-16
us-gaap,CashAndDueFromBanks,USD,,2022-12-31,3970000000.0,10-Q,2023-04-27
us-gaap,CashAndDueFromBanks,USD,,2022-12-31,3970000000.0,10-Q,2023-07-28
us-gaap,CashAndDueFromBanks,USD,,2022-12-31,3970000000.0,10-Q,2023-10-27
us-gaap,CashAndDueFromBanks,USD,,2022-12-31,3970000000.0,10-K,2024-02-15
us-gaap,CashAndDueFromBanks,USD,,2023-03-31,3698000000.0,10-Q,2023-04-27
us-gaap,CashAndDueFromBanks,USD,,2023-06-30,3930000000.0,10-Q,2023-07-28
us-gaap,CashAndDueFromBanks,USD,,2023-09-30,4009000000.0,10-Q,2023-10-27
us-gaap,CashAndDueFromBanks,USD,,2023-12-31,4047000000.0,10-K,2024-02-15
us-gaap,CashAndDueFromBanks,USD,,2023-12-31,4047000000.0,10-Q,2024-05-02
us-gaap,CashAndDueFromBanks,USD,,2023-12-31,4047000000.0,10-Q,2024-08-01
us-gaap,CashAndDueFromBanks,USD,,2023-12-31,4047000000.0,10-Q,2024-10-31
us-gaap,CashAndDueFromBanks,USD,,2023-12-31,4047000000.0,10-K,2025-02-13
us-gaap,CashAndDueFromBanks,USD,,2024-03-31,3413000000.0,10-Q,2024-05-02
us-gaap,CashAndDueFromBanks,USD,,2024-06-30,2898000000.0,10-Q,2024-08-01
us-gaap,CashAndDueFromBanks,USD,,2024-09-30,4067000000.0,10-Q,2024-10-31
us-gaap,CashAndDueFromBanks,USD,,2024-12-31,3145000000.0,10-K,2025-02-13
us-gaap,CashAndDueFromBanks,USD,,2024-12-31,3145000000.0,10-Q,2025-05-01
us-gaap,CashAndDueFromBanks,USD,,2024-12-31,3145000000.0,10-Q,2025-07-31
us-gaap,CashAndDueFromBanks,USD,,2024-12-31,3145000000.0,10-Q,2025-10-30
us-gaap,CashAndDueFromBanks,USD,,2024-12-31,3145000000.0,10-K,2026-02-19
us-gaap,CashAndDueFromBanks,USD,,2025-03-31,4658000000.0,10-Q,2025-05-01
us-gaap,CashAndDueFromBanks,USD,,2025-06-30,4020000000.0,10-Q,2025-07-31
us-gaap,CashAndDueFromBanks,USD,,2025-09-30,4756000000.0,10-Q,2025-10-30
us-gaap,CashAndDueFromBanks,USD,,2025-12-31,4433000000.0,10-K,2026-02-19
us-gaap,CashAndDueFromBanks,USD,,2025-12-31,4433000000.0,10-Q,2026-04-29
us-gaap,CashAndDueFromBanks,USD,,2025-12-31,4433000000.0,10-Q,2026-07-30
us-gaap,CashAndDueFromBanks,USD,,2026-03-31,6518000000.0,10-Q,2026-04-29
us-gaap,CashAndDueFromBanks,USD,,2026-06-30,4290000000.0,10-Q,2026-07-30
us-gaap,CashCashEquivalentsRestrictedCashAndRestrictedCashEquivalents,USD,,2016-12-31,1204000000.0,10-K,2020-02-20
us-gaap,CashCashEquivalentsRestrictedCashAndRestrictedCashEquivalents,USD,,2017-12-31,2107000000.0,10-Q,2019-05-01
us-gaap,CashCashEquivalentsRestrictedCashAndRestrictedCashEquivalents,USD,,2017-12-31,2107000000.0,10-Q,2019-07-26
us-gaap,CashCashEquivalentsRestrictedCashAndRestrictedCashEquivalents,USD,,2017-12-31,2004000000.0,10-Q,2019-10-25
us-gaap,CashCashEquivalentsRestrictedCashAndRestrictedCashEquivalents,USD,,2017-12-31,2004000000.0,10-K,2020-02-20
us-gaap,CashCashEquivalentsRestrictedCashAndRestrictedCashEquivalents,USD,,2017-12-31,2004000000.0,10-K,2021-02-19
us-gaap,CashCashEquivalentsRestrictedCashAndRestrictedCashEquivalents,USD,,2018-03-31,2546000000.0,10-Q,2019-05-01
us-gaap,CashCashEquivalentsRestrictedCashAndRestrictedCashEquivalents,USD,,2018-06-30,3886000000.0,10-Q,2019-07-26
us-gaap,CashCashEquivalentsRestrictedCashAndRestrictedCashEquivalents,USD,,2018-09-30,4279000000.0,10-Q,2019-10-25
us-gaap,CashCashEquivalentsRestrictedCashAndRestrictedCashEquivalents,USD,,2018-12-31,3597000000.0,10-Q,2019-05-01
us-gaap,CashCashEquivalentsRestrictedCashAndRestrictedCashEquivalents,USD,,2018-12-31,3597000000.0,10-Q,2019-07-26
us-gaap,CashCashEquivalentsRestrictedCashAndRestrictedCashEquivalents,USD,,2018-12-31,3212000000.0,10-Q,2019-10-25
us-gaap,CashCashEquivalentsRestrictedCashAndRestrictedCashEquivalents,USD,,2018-12-31,3212000000.0,10-K,2020-02-20
us-gaap,CashCashEquivalentsRestrictedCashAndRestrictedCashEquivalents,USD,,2018-12-31,3212000000.0,10-Q,2020-04-28
us-gaap,CashCashEquivalentsRestrictedCashAndRestrictedCashEquivalents,USD,,2018-12-31,3212000000.0,10-Q,2020-07-27
us-gaap,CashCashEquivalentsRestrictedCashAndRestrictedCashEquivalents,USD,,2018-12-31,3212000000.0,10-Q,2020-10-23
us-gaap,CashCashEquivalentsRestrictedCashAndRestrictedCashEquivalents,USD,,2018-12-31,3212000000.0,10-K,2021-02-19
us-gaap,CashCashEquivalentsRestrictedCashAndRestrictedCashEquivalents,USD,,2018-12-31,3212000000.0,10-K,2022-02-17
us-gaap,CashCashEquivalentsRestrictedCashAndRestrictedCashEquivalents,USD,,2019-03-31,4469000000.0,10-Q,2019-05-01
us-gaap,CashCashEquivalentsRestrictedCashAndRestrictedCashEquivalents,USD,,2019-03-31,4000000000.0,10-Q,2020-04-28
us-gaap,CashCashEquivalentsRestrictedCashAndRestrictedCashEquivalents,USD,,2019-06-30,3742000000.0,10-Q,2019-07-26
us-gaap,CashCashEquivalentsRestrictedCashAndRestrictedCashEquivalents,USD,,2019-06-30,3110000000.0,10-Q,2020-07-27
us-gaap,CashCashEquivalentsRestrictedCashAndRestrictedCashEquivalents,USD,,2019-09-30,3598000000.0,10-Q,2019-10-25
us-gaap,CashCashEquivalentsRestrictedCashAndRestrictedCashEquivalents,USD,,2019-09-30,3598000000.0,10-Q,2020-10-23
us-gaap,CashCashEquivalentsRestrictedCashAndRestrictedCashEquivalents,USD,,2019-12-31,3302000000.0,10-K,2020-02-20
us-gaap,CashCashEquivalentsRestrictedCashAndRestrictedCashEquivalents,USD,,2019-12-31,3302000000.0,10-Q,2020-04-28
us-gaap,CashCashEquivalentsRestrictedCashAndRestrictedCashEquivalents,USD,,2019-12-31,3302000000.0,10-Q,2020-07-27
us-gaap,CashCashEquivalentsRestrictedCashAndRestrictedCashEquivalents,USD,,2019-12-31,3302000000.0,10-Q,2020-10-23
us-gaap,CashCashEquivalentsRestrictedCashAndRestrictedCashEquivalents,USD,,2019-12-31,3302000000.0,10-K,2021-02-19
us-gaap,CashCashEquivalentsRestrictedCashAndRestrictedCashEquivalents,USD,,2019-12-31,3302000000.0,10-Q,2021-04-23
us-gaap,CashCashEquivalentsRestrictedCashAndRestrictedCashEquivalents,USD,,2019-12-31,3302000000.0,10-Q,2021-07-23
us-gaap,CashCashEquivalentsRestrictedCashAndRestrictedCashEquivalents,USD,,2019-12-31,3302000000.0,10-Q,2021-10-22
us-gaap,CashCashEquivalentsRestrictedCashAndRestrictedCashEquivalents,USD,,2019-12-31,3302000000.0,10-K,2022-02-17
us-gaap,CashCashEquivalentsRestrictedCashAndRestrictedCashEquivalents,USD,,2019-12-31,3302000000.0,10-K,2023-02-16
us-gaap,CashCashEquivalentsRestrictedCashAndRestrictedCashEquivalents,USD,,2020-03-31,4932000000.0,10-Q,2020-04-28
us-gaap,CashCashEquivalentsRestrictedCashAndRestrictedCashEquivalents,USD,,2020-03-31,4932000000.0,10-Q,2021-04-23
us-gaap,CashCashEquivalentsRestrictedCashAndRestrictedCashEquivalents,USD,,2020-06-30,3685000000.0,10-Q,2020-07-27
us-gaap,CashCashEquivalentsRestrictedCashAndRestrictedCashEquivalents,USD,,2020-06-30,3685000000.0,10-Q,2021-07-23
us-gaap,CashCashEquivalentsRestrictedCashAndRestrictedCashEquivalents,USD,,2020-09-30,4848000000.0,10-Q,2020-10-23
us-gaap,CashCashEquivalentsRestrictedCashAndRestrictedCashEquivalents,USD,,2020-09-30,4848000000.0,10-Q,2021-10-22
us-gaap,CashCashEquivalentsRestrictedCashAndRestrictedCashEquivalents,USD,,2020-12-31,3467000000.0,10-K,2021-02-19
us-gaap,CashCashEquivalentsRestrictedCashAndRestrictedCashEquivalents,USD,,2020-12-31,3467000000.0,10-Q,2021-04-23
us-gaap,CashCashEquivalentsRestrictedCashAndRestrictedCashEquivalents,USD,,2020-12-31,3467000000.0,10-Q,2021-07-23
us-gaap,CashCashEquivalentsRestrictedCashAndRestrictedCashEquivalents,USD,,2020-12-31,3467000000.0,10-Q,2021-10-22
us-gaap,CashCashEquivalentsRestrictedCashAndRestrictedCashEquivalents,USD,,2020-12-31,3467000000.0,10-K,2022-02-17
us-gaap,CashCashEquivalentsRestrictedCashAndRestrictedCashEquivalents,USD,,2020-12-31,3467000000.0,10-Q,2022-04-27
us-gaap,CashCashEquivalentsRestrictedCashAndRestrictedCashEquivalents,USD,,2020-12-31,3467000000.0,10-Q,2022-07-28
us-gaap,CashCashEquivalentsRestrictedCashAndRestrictedCashEquivalents,USD,,2020-12-31,3467000000.0,10-Q,2022-10-26
us-gaap,CashCashEquivalentsRestrictedCashAndRestrictedCashEquivalents,USD,,2020-12-31,3467000000.0,10-K,2023-02-16
us-gaap,CashCashEquivalentsRestrictedCashAndRestrictedCashEquivalents,USD,,2020-12-31,3467000000.0,10-K,2024-02-15
us-gaap,CashCashEquivalentsRestrictedCashAndRestrictedCashEquivalents,USD,,2021-03-31,4552000000.0,10-Q,2021-04-23
us-gaap,CashCashEquivalentsRestrictedCashAndRestrictedCashEquivalents,USD,,2021-03-31,4552000000.0,10-Q,2022-04-27
us-gaap,CashCashEquivalentsRestrictedCashAndRestrictedCashEquivalents,USD,,2021-06-30,4619000000.0,10-Q,2021-07-23
us-gaap,CashCashEquivalentsRestrictedCashAndRestrictedCashEquivalents,USD,,2021-06-30,4619000000.0,10-Q,2022-07-28
us-gaap,CashCashEquivalentsRestrictedCashAndRestrictedCashEquivalents,USD,,2021-09-30,4606000000.0,10-Q,2021-10-22
us-gaap,CashCashEquivalentsRestrictedCashAndRestrictedCashEquivalents,USD,,2021-09-30,4606000000.0,10-Q,2022-10-26
us-gaap,CashCashEquivalentsRestrictedCashAndRestrictedCashEquivalents,USD,,2021-12-31,3631000000.0,10-K,2022-02-17
us-gaap,CashCashEquivalentsRestrictedCashAndRestrictedCashEquivalents,USD,,2021-12-31,3631000000.0,10-Q,2022-04-27
us-gaap,CashCashEquivalentsRestrictedCashAndRestrictedCashEquivalents,USD,,2021-12-31,3631000000.0,10-Q,2022-07-28
us-gaap,CashCashEquivalentsRestrictedCashAndRestrictedCashEquivalents,USD,,2021-12-31,3631000000.0,10-Q,2022-10-26
us-gaap,CashCashEquivalentsRestrictedCashAndRestrictedCashEquivalents,USD,,2021-12-31,3631000000.0,10-K,2023-02-16
us-gaap,CashCashEquivalentsRestrictedCashAndRestrictedCashEquivalents,USD,,2021-12-31,3631000000.0,10-Q,2023-04-27
us-gaap,CashCashEquivalentsRestrictedCashAndRestrictedCashEquivalents,USD,,2021-12-31,3631000000.0,10-Q,2023-07-28
us-gaap,CashCashEquivalentsRestrictedCashAndRestrictedCashEquivalents,USD,,2021-12-31,3631000000.0,10-Q,2023-10-27
us-gaap,CashCashEquivalentsRestrictedCashAndRestrictedCashEquivalents,USD,,2021-12-31,3631000000.0,10-K,2024-02-15
us-gaap,CashCashEquivalentsRestrictedCashAndRestrictedCashEquivalents,USD,,2021-12-31,3631000000.0,10-K,2025-02-13
us-gaap,CashCashEquivalentsRestrictedCashAndRestrictedCashEquivalents,USD,,2022-03-31,2976000000.0,10-Q,2022-04-27
us-gaap,CashCashEquivalentsRestrictedCashAndRestrictedCashEquivalents,USD,,2022-03-31,2976000000.0,10-Q,2023-04-27
us-gaap,CashCashEquivalentsRestrictedCashAndRestrictedCashEquivalents,USD,,2022-06-30,3515000000.0,10-Q,2022-07-28
us-gaap,CashCashEquivalentsRestrictedCashAndRestrictedCashEquivalents,USD,,2022-06-30,3515000000.0,10-Q,2023-07-28
us-gaap,CashCashEquivalentsRestrictedCashAndRestrictedCashEquivalents,USD,,2022-09-30,2748000000.0,10-Q,2022-10-26
us-gaap,CashCashEquivalentsRestrictedCashAndRestrictedCashEquivalents,USD,,2022-09-30,2748000000.0,10-Q,2023-10-27
us-gaap,CashCashEquivalentsRestrictedCashAndRestrictedCashEquivalents,USD,,2022-12-31,3970000000.0,10-K,2023-02-16
us-gaap,CashCashEquivalentsRestrictedCashAndRestrictedCashEquivalents,USD,,2022-12-31,3970000000.0,10-Q,2023-04-27
us-gaap,CashCashEquivalentsRestrictedCashAndRestrictedCashEquivalents,USD,,2022-12-31,3970000000.0,10-Q,2023-07-28
us-gaap,CashCashEquivalentsRestrictedCashAndRestrictedCashEquivalents,USD,,2022-12-31,3970000000.0,10-Q,2023-10-27
us-gaap,CashCashEquivalentsRestrictedCashAndRestrictedCashEquivalents,USD,,2022-12-31,3970000000.0,10-K,2024-02-15
us-gaap,CashCashEquivalentsRestrictedCashAndRestrictedCashEquivalents,USD,,2022-12-31,3970000000.0,10-Q,2024-05-02
us-gaap,CashCashEquivalentsRestrictedCashAndRestrictedCashEquivalents,USD,,2022-12-31,3970000000.0,10-Q,2024-08-01
us-gaap,CashCashEquivalentsRestrictedCashAndRestrictedCashEquivalents,USD,,2022-12-31,3970000000.0,10-Q,2024-10-31
us-gaap,CashCashEquivalentsRestrictedCashAndRestrictedCashEquivalents,USD,,2022-12-31,3970000000.0,10-K,2025-02-13
us-gaap,CashCashEquivalentsRestrictedCashAndRestrictedCashEquivalents,USD,,2022-12-31,3970000000.0,10-K,2026-02-19
us-gaap,CashCashEquivalentsRestrictedCashAndRestrictedCashEquivalents,USD,,2023-03-31,3698000000.0,10-Q,2023-04-27
us-gaap,CashCashEquivalentsRestrictedCashAndRestrictedCashEquivalents,USD,,2023-03-31,3698000000.0,10-Q,2024-05-02
us-gaap,CashCashEquivalentsRestrictedCashAndRestrictedCashEquivalents,USD,,2023-06-30,3930000000.0,10-Q,2023-07-28
us-gaap,CashCashEquivalentsRestrictedCashAndRestrictedCashEquivalents,USD,,2023-06-30,3930000000.0,10-Q,2024-08-01
us-gaap,CashCashEquivalentsRestrictedCashAndRestrictedCashEquivalents,USD,,2023-09-30,4009000000.0,10-Q,2023-10-27
us-gaap,CashCashEquivalentsRestrictedCashAndRestrictedCashEquivalents,USD,,2023-09-30,4009000000.0,10-Q,2024-10-31
us-gaap,CashCashEquivalentsRestrictedCashAndRestrictedCashEquivalents,USD,,2023-12-31,4047000000.0,10-K,2024-02-15
us-gaap,CashCashEquivalentsRestrictedCashAndRestrictedCashEquivalents,USD,,2023-12-31,4047000000.0,10-Q,2024-05-02
us-gaap,CashCashEquivalentsRestrictedCashAndRestrictedCashEquivalents,USD,,2023-12-31,4047000000.0,10-Q,2024-08-01
us-gaap,CashCashEquivalentsRestrictedCashAndRestrictedCashEquivalents,USD,,2023-12-31,4047000000.0,10-Q,2024-10-31
us-gaap,CashCashEquivalentsRestrictedCashAndRestrictedCashEquivalents,USD,,2023-12-31,4047000000.0,10-K,2025-02-13
us-gaap,CashCashEquivalentsRestrictedCashAndRestrictedCashEquivalents,USD,,2023-12-31,4047000000.0,10-Q,2025-05-01
us-gaap,CashCashEquivalentsRestrictedCashAndRestrictedCashEquivalents,USD,,2023-12-31,4047000000.0,10-Q,2025-07-31
us-gaap,CashCashEquivalentsRestrictedCashAndRestrictedCashEquivalents,USD,,2023-12-31,4047000000.0,10-Q,2025-10-30
us-gaap,CashCashEquivalentsRestrictedCashAndRestrictedCashEquivalents,USD,,2023-12-31,4047000000.0,10-K,2026-02-19
us-gaap,CashCashEquivalentsRestrictedCashAndRestrictedCashEquivalents,USD,,2024-03-31,3413000000.0,10-Q,2024-05-02
us-gaap,CashCashEquivalentsRestrictedCashAndRestrictedCashEquivalents,USD,,2024-03-31,3413000000.0,10-Q,2025-05-01
us-gaap,CashCashEquivalentsRestrictedCashAndRestrictedCashEquivalents,USD,,2024-06-30,2898000000.0,10-Q,2024-08-01
us-gaap,CashCashEquivalentsRestrictedCashAndRestrictedCashEquivalents,USD,,2024-06-30,2898000000.0,10-Q,2025-07-31
us-gaap,CashCashEquivalentsRestrictedCashAndRestrictedCashEquivalents,USD,,2024-09-30,4067000000.0,10-Q,2024-10-31
us-gaap,CashCashEquivalentsRestrictedCashAndRestrictedCashEquivalents,USD,,2024-09-30,4067000000.0,10-Q,2025-10-30
us-gaap,CashCashEquivalentsRestrictedCashAndRestrictedCashEquivalents,USD,,2024-12-31,3145000000.0,10-K,2025-02-13
us-gaap,CashCashEquivalentsRestrictedCashAndRestrictedCashEquivalents,USD,,2024-12-31,3145000000.0,10-Q,2025-05-01
us-gaap,CashCashEquivalentsRestrictedCashAndRestrictedCashEquivalents,USD,,2024-12-31,3145000000.0,10-Q,2025-07-31
us-gaap,CashCashEquivalentsRestrictedCashAndRestrictedCashEquivalents,USD,,2024-12-31,3145000000.0,10-Q,2025-10-30
us-gaap,CashCashEquivalentsRestrictedCashAndRestrictedCashEquivalents,USD,,2024-12-31,3145000000.0,10-K,2026-02-19
us-gaap,CashCashEquivalentsRestrictedCashAndRestrictedCashEquivalents,USD,,2024-12-31,3145000000.0,10-Q,2026-04-29
us-gaap,CashCashEquivalentsRestrictedCashAndRestrictedCashEquivalents,USD,,2024-12-31,3145000000.0,10-Q,2026-07-30
us-gaap,CashCashEquivalentsRestrictedCashAndRestrictedCashEquivalents,USD,,2025-03-31,4658000000.0,10-Q,2025-05-01
us-gaap,CashCashEquivalentsRestrictedCashAndRestrictedCashEquivalents,USD,,2025-03-31,4658000000.0,10-Q,2026-04-29
us-gaap,CashCashEquivalentsRestrictedCashAndRestrictedCashEquivalents,USD,,2025-06-30,4020000000.0,10-Q,2025-07-31
us-gaap,CashCashEquivalentsRestrictedCashAndRestrictedCashEquivalents,USD,,2025-06-30,4020000000.0,10-Q,2026-07-30
us-gaap,CashCashEquivalentsRestrictedCashAndRestrictedCashEquivalents,USD,,2025-09-30,4756000000.0,10-Q,2025-10-30
us-gaap,CashCashEquivalentsRestrictedCashAndRestrictedCashEquivalents,USD,,2025-12-31,4433000000.0,10-K,2026-02-19
us-gaap,CashCashEquivalentsRestrictedCashAndRestrictedCashEquivalents,USD,,2025-12-31,4433000000.0,10-Q,2026-04-29
us-gaap,CashCashEquivalentsRestrictedCashAndRestrictedCashEquivalents,USD,,2025-12-31,4433000000.0,10-Q,2026-07-30
us-gaap,CashCashEquivalentsRestrictedCashAndRestrictedCashEquivalents,USD,,2026-03-31,6518000000.0,10-Q,2026-04-29
us-gaap,CashCashEquivalentsRestrictedCashAndRestrictedCashEquivalents,USD,,2026-06-30,4290000000.0,10-Q,2026-07-30
us-gaap,CashCashEquivalentsRestrictedCashAndRestrictedCashEquivalentsPeriodIncreaseDecreaseIncludingExchangeRateEffect,USD,2017-01-01,2017-12-31,800000000.0,10-K,2020-02-20
us-gaap,CashCashEquivalentsRestrictedCashAndRestrictedCashEquivalentsPeriodIncreaseDecreaseIncludingExchangeRateEffect,USD,2018-01-01,2018-03-31,439000000.0,10-Q,2019-05-01
us-gaap,CashCashEquivalentsRestrictedCashAndRestrictedCashEquivalentsPeriodIncreaseDecreaseIncludingExchangeRateEffect,USD,2018-01-01,2018-06-30,1779000000.0,10-Q,2019-07-26
us-gaap,CashCashEquivalentsRestrictedCashAndRestrictedCashEquivalentsPeriodIncreaseDecreaseIncludingExchangeRateEffect,USD,2018-01-01,2018-09-30,2275000000.0,10-Q,2019-10-25
us-gaap,CashCashEquivalentsRestrictedCashAndRestrictedCashEquivalentsPeriodIncreaseDecreaseIncludingExchangeRateEffect,USD,2018-01-01,2018-12-31,1208000000.0,10-K,2020-02-20
us-gaap,CashCashEquivalentsRestrictedCashAndRestrictedCashEquivalentsPeriodIncreaseDecreaseIncludingExchangeRateEffect,USD,2018-01-01,2018-12-31,1208000000.0,10-K,2021-02-19
us-gaap,CashCashEquivalentsRestrictedCashAndRestrictedCashEquivalentsPeriodIncreaseDecreaseIncludingExchangeRateEffect,USD,2019-01-01,2019-03-31,872000000.0,10-Q,2019-05-01
us-gaap,CashCashEquivalentsRestrictedCashAndRestrictedCashEquivalentsPeriodIncreaseDecreaseIncludingExchangeRateEffect,USD,2019-01-01,2019-03-31,788000000.0,10-Q,2020-04-28
us-gaap,CashCashEquivalentsRestrictedCashAndRestrictedCashEquivalentsPeriodIncreaseDecreaseIncludingExchangeRateEffect,USD,2019-01-01,2019-06-30,145000000.0,10-Q,2019-07-26
us-gaap,CashCashEquivalentsRestrictedCashAndRestrictedCashEquivalentsPeriodIncreaseDecreaseIncludingExchangeRateEffect,USD,2019-01-01,2019-06-30,-102000000.0,10-Q,2020-07-27
us-gaap,CashCashEquivalentsRestrictedCashAndRestrictedCashEquivalentsPeriodIncreaseDecreaseIncludingExchangeRateEffect,USD,2019-01-01,2019-09-30,386000000.0,10-Q,2019-10-25
us-gaap,CashCashEquivalentsRestrictedCashAndRestrictedCashEquivalentsPeriodIncreaseDecreaseIncludingExchangeRateEffect,USD,2019-01-01,2019-09-30,386000000.0,10-Q,2020-10-23
us-gaap,CashCashEquivalentsRestrictedCashAndRestrictedCashEquivalentsPeriodIncreaseDecreaseIncludingExchangeRateEffect,USD,2019-01-01,2019-12-31,90000000.0,10-K,2020-02-20
us-gaap,CashCashEquivalentsRestrictedCashAndRestrictedCashEquivalentsPeriodIncreaseDecreaseIncludingExchangeRateEffect,USD,2019-01-01,2019-12-31,90000000.0,10-K,2021-02-19
us-gaap,CashCashEquivalentsRestrictedCashAndRestrictedCashEquivalentsPeriodIncreaseDecreaseIncludingExchangeRateEffect,USD,2019-01-01,2019-12-31,90000000.0,10-K,2022-02-17
us-gaap,CashCashEquivalentsRestrictedCashAndRestrictedCashEquivalentsPeriodIncreaseDecreaseIncludingExchangeRateEffect,USD,2020-01-01,2020-03-31,1630000000.0,10-Q,2020-04-28
us-gaap,CashCashEquivalentsRestrictedCashAndRestrictedCashEquivalentsPeriodIncreaseDecreaseIncludingExchangeRateEffect,USD,2020-01-01,2020-03-31,1630000000.0,10-Q,2021-04-23
us-gaap,CashCashEquivalentsRestrictedCashAndRestrictedCashEquivalentsPeriodIncreaseDecreaseIncludingExchangeRateEffect,USD,2020-01-01,2020-06-30,383000000.0,10-Q,2020-07-27
us-gaap,CashCashEquivalentsRestrictedCashAndRestrictedCashEquivalentsPeriodIncreaseDecreaseIncludingExchangeRateEffect,USD,2020-01-01,2020-06-30,383000000.0,10-Q,2021-07-23
us-gaap,CashCashEquivalentsRestrictedCashAndRestrictedCashEquivalentsPeriodIncreaseDecreaseIncludingExchangeRateEffect,USD,2020-01-01,2020-09-30,1546000000.0,10-Q,2020-10-23
us-gaap,CashCashEquivalentsRestrictedCashAndRestrictedCashEquivalentsPeriodIncreaseDecreaseIncludingExchangeRateEffect,USD,2020-01-01,2020-09-30,1546000000.0,10-Q,2021-10-22
us-gaap,CashCashEquivalentsRestrictedCashAndRestrictedCashEquivalentsPeriodIncreaseDecreaseIncludingExchangeRateEffect,USD,2020-01-01,2020-12-31,165000000.0,10-K,2021-02-19
us-gaap,CashCashEquivalentsRestrictedCashAndRestrictedCashEquivalentsPeriodIncreaseDecreaseIncludingExchangeRateEffect,USD,2020-01-01,2020-12-31,165000000.0,10-K,2022-02-17
us-gaap,CashCashEquivalentsRestrictedCashAndRestrictedCashEquivalentsPeriodIncreaseDecreaseIncludingExchangeRateEffect,USD,2020-01-01,2020-12-31,165000000.0,10-K,2023-02-16
us-gaap,CashCashEquivalentsRestrictedCashAndRestrictedCashEquivalentsPeriodIncreaseDecreaseIncludingExchangeRateEffect,USD,2021-01-01,2021-03-31,1085000000.0,10-Q,2021-04-23
us-gaap,CashCashEquivalentsRestrictedCashAndRestrictedCashEquivalentsPeriodIncreaseDecreaseIncludingExchangeRateEffect,USD,2021-01-01,2021-03-31,1085000000.0,10-Q,2022-04-27
us-gaap,CashCashEquivalentsRestrictedCashAndRestrictedCashEquivalentsPeriodIncreaseDecreaseIncludingExchangeRateEffect,USD,2021-01-01,2021-06-30,1152000000.0,10-Q,2021-07-23
us-gaap,CashCashEquivalentsRestrictedCashAndRestrictedCashEquivalentsPeriodIncreaseDecreaseIncludingExchangeRateEffect,USD,2021-01-01,2021-06-30,1152000000.0,10-Q,2022-07-28
us-gaap,CashCashEquivalentsRestrictedCashAndRestrictedCashEquivalentsPeriodIncreaseDecreaseIncludingExchangeRateEffect,USD,2021-01-01,2021-09-30,1139000000.0,10-Q,2021-10-22
us-gaap,CashCashEquivalentsRestrictedCashAndRestrictedCashEquivalentsPeriodIncreaseDecreaseIncludingExchangeRateEffect,USD,2021-01-01,2021-09-30,1139000000.0,10-Q,2022-10-26
us-gaap,CashCashEquivalentsRestrictedCashAndRestrictedCashEquivalentsPeriodIncreaseDecreaseIncludingExchangeRateEffect,USD,2021-01-01,2021-12-31,164000000.0,10-K,2022-02-17
us-gaap,CashCashEquivalentsRestrictedCashAndRestrictedCashEquivalentsPeriodIncreaseDecreaseIncludingExchangeRateEffect,USD,2021-01-01,2021-12-31,164000000.0,10-K,2023-02-16
us-gaap,CashCashEquivalentsRestrictedCashAndRestrictedCashEquivalentsPeriodIncreaseDecreaseIncludingExchangeRateEffect,USD,2021-01-01,2021-12-31,164000000.0,10-K,2024-02-15
us-gaap,CashCashEquivalentsRestrictedCashAndRestrictedCashEquivalentsPeriodIncreaseDecreaseIncludingExchangeRateEffect,USD,2022-01-01,2022-03-31,-655000000.0,10-Q,2022-04-27
us-gaap,CashCashEquivalentsRestrictedCashAndRestrictedCashEquivalentsPeriodIncreaseDecreaseIncludingExchangeRateEffect,USD,2022-01-01,2022-03-31,-655000000.0,10-Q,2023-04-27
us-gaap,CashCashEquivalentsRestrictedCashAndRestrictedCashEquivalentsPeriodIncreaseDecreaseIncludingExchangeRateEffect,USD,2022-01-01,2022-06-30,-116000000.0,10-Q,2022-07-28
us-gaap,CashCashEquivalentsRestrictedCashAndRestrictedCashEquivalentsPeriodIncreaseDecreaseIncludingExchangeRateEffect,USD,2022-01-01,2022-06-30,-116000000.0,10-Q,2023-07-28
us-gaap,CashCashEquivalentsRestrictedCashAndRestrictedCashEquivalentsPeriodIncreaseDecreaseIncludingExchangeRateEffect,USD,2022-01-01,2022-09-30,-883000000.0,10-Q,2022-10-26
us-gaap,CashCashEquivalentsRestrictedCashAndRestrictedCashEquivalentsPeriodIncreaseDecreaseIncludingExchangeRateEffect,USD,2022-01-01,2022-09-30,-883000000.0,10-Q,2023-10-27
us-gaap,CashCashEquivalentsRestrictedCashAndRestrictedCashEquivalentsPeriodIncreaseDecreaseIncludingExchangeRateEffect,USD,2022-01-01,2022-12-31,339000000.0,10-K,2023-02-16
us-gaap,CashCashEquivalentsRestrictedCashAndRestrictedCashEquivalentsPeriodIncreaseDecreaseIncludingExchangeRateEffect,USD,2022-01-01,2022-12-31,339000000.0,10-K,2024-02-15
us-gaap,CashCashEquivalentsRestrictedCashAndRestrictedCashEquivalentsPeriodIncreaseDecreaseIncludingExchangeRateEffect,USD,2022-01-01,2022-12-31,339000000.0,10-K,2025-02-13
us-gaap,CashCashEquivalentsRestrictedCashAndRestrictedCashEquivalentsPeriodIncreaseDecreaseIncludingExchangeRateEffect,USD,2023-01-01,2023-03-31,-272000000.0,10-Q,2023-04-27
us-gaap,CashCashEquivalentsRestrictedCashAndRestrictedCashEquivalentsPeriodIncreaseDecreaseIncludingExchangeRateEffect,USD,2023-01-01,2023-03-31,-272000000.0,10-Q,2024-05-02
us-gaap,CashCashEquivalentsRestrictedCashAndRestrictedCashEquivalentsPeriodIncreaseDecreaseIncludingExchangeRateEffect,USD,2023-01-01,2023-06-30,-40000000.0,10-Q,2023-07-28
us-gaap,CashCashEquivalentsRestrictedCashAndRestrictedCashEquivalentsPeriodIncreaseDecreaseIncludingExchangeRateEffect,USD,2023-01-01,2023-06-30,-40000000.0,10-Q,2024-08-01
us-gaap,CashCashEquivalentsRestrictedCashAndRestrictedCashEquivalentsPeriodIncreaseDecreaseIncludingExchangeRateEffect,USD,2023-01-01,2023-09-30,39000000.0,10-Q,2023-10-27
us-gaap,CashCashEquivalentsRestrictedCashAndRestrictedCashEquivalentsPeriodIncreaseDecreaseIncludingExchangeRateEffect,USD,2023-01-01,2023-09-30,39000000.0,10-Q,2024-10-31
us-gaap,CashCashEquivalentsRestrictedCashAndRestrictedCashEquivalentsPeriodIncreaseDecreaseIncludingExchangeRateEffect,USD,2023-01-01,2023-12-31,77000000.0,10-K,2024-02-15
us-gaap,CashCashEquivalentsRestrictedCashAndRestrictedCashEquivalentsPeriodIncreaseDecreaseIncludingExchangeRateEffect,USD,2023-01-01,2023-12-31,77000000.0,10-K,2025-02-13
us-gaap,CashCashEquivalentsRestrictedCashAndRestrictedCashEquivalentsPeriodIncreaseDecreaseIncludingExchangeRateEffect,USD,2023-01-01,2023-12-31,77000000.0,10-K,2026-02-19
us-gaap,CashCashEquivalentsRestrictedCashAndRestrictedCashEquivalentsPeriodIncreaseDecreaseIncludingExchangeRateEffect,USD,2024-01-01,2024-03-31,-634000000.0,10-Q,2024-05-02
us-gaap,CashCashEquivalentsRestrictedCashAndRestrictedCashEquivalentsPeriodIncreaseDecreaseIncludingExchangeRateEffect,USD,2024-01-01,2024-03-31,-634000000.0,10-Q,2025-05-01
us-gaap,CashCashEquivalentsRestrictedCashAndRestrictedCashEquivalentsPeriodIncreaseDecreaseIncludingExchangeRateEffect,USD,2024-01-01,2024-06-30,-1149000000.0,10-Q,2024-08-01
us-gaap,CashCashEquivalentsRestrictedCashAndRestrictedCashEquivalentsPeriodIncreaseDecreaseIncludingExchangeRateEffect,USD,2024-01-01,2024-06-30,-1149000000.0,10-Q,2025-07-31
us-gaap,CashCashEquivalentsRestrictedCashAndRestrictedCashEquivalentsPeriodIncreaseDecreaseIncludingExchangeRateEffect,USD,2024-01-01,2024-09-30,20000000.0,10-Q,2024-10-31
us-gaap,CashCashEquivalentsRestrictedCashAndRestrictedCashEquivalentsPeriodIncreaseDecreaseIncludingExchangeRateEffect,USD,2024-01-01,2024-09-30,20000000.0,10-Q,2025-10-30
us-gaap,CashCashEquivalentsRestrictedCashAndRestrictedCashEquivalentsPeriodIncreaseDecreaseIncludingExchangeRateEffect,USD,2024-01-01,2024-12-31,-902000000.0,10-K,2025-02-13
us-gaap,CashCashEquivalentsRestrictedCashAndRestrictedCashEquivalentsPeriodIncreaseDecreaseIncludingExchangeRateEffect,USD,2024-01-01,2024-12-31,-902000000.0,10-K,2026-02-19
us-gaap,CashCashEquivalentsRestrictedCashAndRestrictedCashEquivalentsPeriodIncreaseDecreaseIncludingExchangeRateEffect,USD,2025-01-01,2025-03-31,1513000000.0,10-Q,2025-05-01
us-gaap,CashCashEquivalentsRestrictedCashAndRestrictedCashEquivalentsPeriodIncreaseDecreaseIncludingExchangeRateEffect,USD,2025-01-01,2025-03-31,1513000000.0,10-Q,2026-04-29
us-gaap,CashCashEquivalentsRestrictedCashAndRestrictedCashEquivalentsPeriodIncreaseDecreaseIncludingExchangeRateEffect,USD,2025-01-01,2025-06-30,875000000.0,10-Q,2025-07-31
us-gaap,CashCashEquivalentsRestrictedCashAndRestrictedCashEquivalentsPeriodIncreaseDecreaseIncludingExchangeRateEffect,USD,2025-01-01,2025-06-30,875000000.0,10-Q,2026-07-30
us-gaap,CashCashEquivalentsRestrictedCashAndRestrictedCashEquivalentsPeriodIncreaseDecreaseIncludingExchangeRateEffect,USD,2025-01-01,2025-09-30,1611000000.0,10-Q,2025-10-30
us-gaap,CashCashEquivalentsRestrictedCashAndRestrictedCashEquivalentsPeriodIncreaseDecreaseIncludingExchangeRateEffect,USD,2025-01-01,2025-12-31,1288000000.0,10-K,2026-02-19
us-gaap,CashCashEquivalentsRestrictedCashAndRestrictedCashEquivalentsPeriodIncreaseDecreaseIncludingExchangeRateEffect,USD,2026-01-01,2026-03-31,2085000000.0,10-Q,2026-04-29
us-gaap,CashCashEquivalentsRestrictedCashAndRestrictedCashEquivalentsPeriodIncreaseDecreaseIncludingExchangeRateEffect,USD,2026-01-01,2026-06-30,-143000000.0,10-Q,2026-07-30
us-gaap,CashCollateralForBorrowedSecurities,USD,,2010-12-31,330000000.0,10-K,2011-02-28
us-gaap,CashCollateralForBorrowedSecurities,USD,,2010-12-31,330000000.0,10-Q,2011-05-09
us-gaap,CashCollateralForBorrowedSecurities,USD,,2010-12-31,330000000.0,10-Q,2011-08-05
us-gaap,CashCollateralForBorrowedSecurities,USD,,2010-12-31,330000000.0,10-Q,2011-11-04
us-gaap,CashCollateralForBorrowedSecurities,USD,,2017-12-31,19404000000.0,10-Q,2018-10-31
us-gaap,CashCollateralForBorrowedSecurities,USD,,2017-12-31,19400000000.0,10-K,2019-02-21
us-gaap,CashCollateralForBorrowedSecurities,USD,,2017-12-31,19400000000.0,8-K,2019-05-02
us-gaap,CashCollateralForBorrowedSecurities,USD,,2018-09-30,23727000000.0,10-Q,2018-10-31
us-gaap,CashCollateralForBorrowedSecurities,USD,,2018-12-31,19580000000.0,10-K,2019-02-21
us-gaap,CashCollateralForBorrowedSecurities,USD,,2018-12-31,19580000000.0,10-Q,2019-05-01
us-gaap,CashCollateralForBorrowedSecurities,USD,,2018-12-31,19580000000.0,8-K,2019-05-02
us-gaap,CashCollateralForBorrowedSecurities,USD,,2018-12-31,19580000000.0,10-Q,2019-07-26
us-gaap,CashCollateralForBorrowedSecurities,USD,,2018-12-31,19580000000.0,10-Q,2019-10-25
us-gaap,CashCollateralForBorrowedSecurities,USD,,2018-12-31,19580000000.0,10-K,2020-02-20
us-gaap,CashCollateralForBorrowedSecurities,USD,,2019-03-31,23930000000.0,10-Q,2019-05-01
us-gaap,CashCollateralForBorrowedSecurities,USD,,2019-06-30,24720000000.0,10-Q,2019-07-26
us-gaap,CashCollateralForBorrowedSecurities,USD,,2019-09-30,22670000000.0,10-Q,2019-10-25
us-gaap,CashCollateralForBorrowedSecurities,USD,,2019-12-31,18520000000.0,10-K,2020-02-20
us-gaap,CashCollateralForBorrowedSecurities,USD,,2019-12-31,18520000000.0,10-Q,2020-04-28
us-gaap,CashCollateralForBorrowedSecurities,USD,,2019-12-31,18520000000.0,10-Q,2020-07-27
us-gaap,CashCollateralForBorrowedSecurities,USD,,2019-12-31,18520000000.0,10-Q,2020-10-23
us-gaap,CashCollateralForBorrowedSecurities,USD,,2019-12-31,18520000000.0,10-K,2021-02-19
us-gaap,CashCollateralForBorrowedSecurities,USD,,2020-03-31,12580000000.0,10-Q,2020-04-28
us-gaap,CashCollateralForBorrowedSecurities,USD,,2020-06-30,13040000000.0,10-Q,2020-07-27
us-gaap,CashCollateralForBorrowedSecurities,USD,,2020-09-30,13890000000.0,10-Q,2020-10-23
us-gaap,CashCollateralForBorrowedSecurities,USD,,2020-12-31,18330000000.0,10-K,2021-02-19
us-gaap,CashCollateralForBorrowedSecurities,USD,,2020-12-31,18330000000.0,10-Q,2021-04-23
us-gaap,CashCollateralForBorrowedSecurities,USD,,2020-12-31,18330000000.0,10-Q,2021-07-23
us-gaap,CashCollateralForBorrowedSecurities,USD,,2020-12-31,18330000000.0,10-Q,2021-10-22
us-gaap,CashCollateralForBorrowedSecurities,USD,,2020-12-31,18330000000.0,10-K,2022-02-17
us-gaap,CashCollateralForBorrowedSecurities,USD,,2021-03-31,24770000000.0,10-Q,2021-04-23
us-gaap,CashCollateralForBorrowedSecurities,USD,,2021-06-30,24690000000.0,10-Q,2021-07-23
us-gaap,CashCollateralForBorrowedSecurities,USD,,2021-09-30,26640000000.0,10-Q,2021-10-22
us-gaap,CashCollateralForBorrowedSecurities,USD,,2021-12-31,22300000000.0,10-K,2022-02-17
us-gaap,CashCollateralForBorrowedSecurities,USD,,2021-12-31,22300000000.0,10-Q,2022-04-27
us-gaap,CashCollateralForBorrowedSecurities,USD,,2021-12-31,22300000000.0,10-Q,2022-07-28
us-gaap,CashCollateralForBorrowedSecurities,USD,,2021-12-31,22300000000.0,10-Q,2022-10-26
us-gaap,CashCollateralForBorrowedSecurities,USD,,2021-12-31,22300000000.0,10-K,2023-02-16
us-gaap,CashCollateralForBorrowedSecurities,USD,,2022-03-31,24110000000.0,10-Q,2022-04-27
us-gaap,CashCollateralForBorrowedSecurities,USD,,2022-06-30,18200000000.0,10-Q,2022-07-28
us-gaap,CashCollateralForBorrowedSecurities,USD,,2022-09-30,16890000000.0,10-Q,2022-10-26
us-gaap,CashCollateralForBorrowedSecurities,USD,,2022-12-31,16490000000.0,10-K,2023-02-16
us-gaap,CashCollateralForBorrowedSecurities,USD,,2022-12-31,16490000000.0,10-Q,2023-04-27
us-gaap,CashCollateralForBorrowedSecurities,USD,,2022-12-31,16490000000.0,10-Q,2023-07-28
us-gaap,CashCollateralForBorrowedSecurities,USD,,2022-12-31,16490000000.0,10-Q,2023-10-27
us-gaap,CashCollateralForBorrowedSecurities,USD,,2022-12-31,16490000000.0,10-K,2024-02-15
us-gaap,CashCollateralForBorrowedSecurities,USD,,2023-03-31,21630000000.0,10-Q,2023-04-27
us-gaap,CashCollateralForBorrowedSecurities,USD,,2023-06-30,25320000000.0,10-Q,2023-07-28
us-gaap,CashCollateralForBorrowedSecurities,USD,,2023-09-30,24060000000.0,10-Q,2023-10-27
us-gaap,CashCollateralForBorrowedSecurities,USD,,2023-12-31,23130000000.0,10-K,2024-02-15
us-gaap,CashCollateralForBorrowedSecurities,USD,,2023-12-31,23130000000.0,10-Q,2024-05-02
us-gaap,CashCollateralForBorrowedSecurities,USD,,2023-12-31,23130000000.0,10-Q,2024-08-01
us-gaap,CashCollateralForBorrowedSecurities,USD,,2023-12-31,23130000000.0,10-Q,2024-10-31
us-gaap,CashCollateralForBorrowedSecurities,USD,,2023-12-31,23130000000.0,10-K,2025-02-13
us-gaap,CashCollateralForBorrowedSecurities,USD,,2024-03-31,25290000000.0,10-Q,2024-05-02
us-gaap,CashCollateralForBorrowedSecurities,USD,,2024-06-30,31300000000.0,10-Q,2024-08-01
us-gaap,CashCollateralForBorrowedSecurities,USD,,2024-12-31,37450000000.0,10-K,2025-02-13
us-gaap,CashCollateralForBorrowedSecurities,USD,,2024-12-31,37450000000.0,10-Q,2025-05-01
us-gaap,CashCollateralForBorrowedSecurities,USD,,2024-12-31,37450000000.0,10-Q,2025-07-31
us-gaap,CashCollateralForBorrowedSecurities,USD,,2024-12-31,37450000000.0,10-Q,2025-10-30
us-gaap,CashCollateralForBorrowedSecurities,USD,,2024-12-31,37450000000.0,10-K,2026-02-19
us-gaap,CashCollateralForBorrowedSecurities,USD,,2025-03-31,41600000000.0,10-Q,2025-05-01
us-gaap,CashCollateralForBorrowedSecurities,USD,,2025-06-30,39950000000.0,10-Q,2025-07-31
us-gaap,CashCollateralForBorrowedSecurities,USD,,2025-09-30,42060000000.0,10-Q,2025-10-30
us-gaap,CashCollateralForBorrowedSecurities,USD,,2025-12-31,38240000000.0,10-K,2026-02-19
us-gaap,CashCollateralForBorrowedSecurities,USD,,2025-12-31,38240000000.0,10-Q,2026-04-29
us-gaap,CashCollateralForBorrowedSecurities,USD,,2025-12-31,38240000000.0,10-Q,2026-07-30
us-gaap,CashCollateralForBorrowedSecurities,USD,,2026-03-31,47990000000.0,10-Q,2026-04-29
us-gaap,CashCollateralForBorrowedSecurities,USD,,2026-06-30,52270000000.0,10-Q,2026-07-30
us-gaap,CashDividends,USD,2008-01-01,2008-06-30,194000000.0,10-Q,2009-08-10
us-gaap,CashDividends,USD,2009-01-01,2009-06-30,11000000.0,10-Q,2009-08-10
us-gaap,CashFlowHedgeGainLossReclassifiedToRevenueNet,USD,2011-01-01,2011-03-31,-2000000.0,10-Q,2012-05-04
us-gaap,CashFlowHedgeGainLossReclassifiedToRevenueNet,USD,2012-01-01,2012-03-31,-2000000.0,10-Q,2012-05-04
us-gaap,CashFlowHedgeGainLossToBeReclassifiedWithinTwelveMonths,USD,2021-01-01,2021-06-30,70000000.0,10-Q,2021-07-23
us-gaap,CashFlowHedgeGainLossToBeReclassifiedWithinTwelveMonths,USD,2021-01-01,2021-09-30,70000000.0,10-Q,2021-10-22
us-gaap,CashFlowHedgeGainLossToBeReclassifiedWithinTwelveMonths,USD,2021-01-01,2021-12-31,60000000.0,10-K,2022-02-17
us-gaap,CashFlowHedgeGainLossToBeReclassifiedWithinTwelveMonths,USD,2022-01-01,2022-03-31,31000000.0,10-Q,2022-04-27
us-gaap,CashFlowHedgeGainLossToBeReclassifiedWithinTwelveMonths,USD,2022-01-01,2022-06-30,156000000.0,10-Q,2022-07-28
us-gaap,CashFlowHedgeGainLossToBeReclassifiedWithinTwelveMonths,USD,2022-01-01,2022-09-30,233000000.0,10-Q,2022-10-26
us-gaap,CashFlowHedgeGainLossToBeReclassifiedWithinTwelveMonths,USD,2022-01-01,2022-12-31,-223000000.0,10-K,2023-02-16
us-gaap,CashFlowHedgeGainLossToBeReclassifiedWithinTwelveMonths,USD,2023-01-01,2023-03-31,209000000.0,10-Q,2023-04-27
us-gaap,CashFlowHedgeGainLossToBeReclassifiedWithinTwelveMonths,USD,2023-01-01,2023-06-30,5000000.0,10-Q,2023-07-28
us-gaap,CashFlowHedgeGainLossToBeReclassifiedWithinTwelveMonths,USD,2023-01-01,2023-09-30,210000000.0,10-Q,2023-10-27
us-gaap,CashFlowHedgeGainLossToBeReclassifiedWithinTwelveMonths,USD,2023-01-01,2023-12-31,-191000000.0,10-K,2024-02-15
us-gaap,CashFlowHedgeGainLossToBeReclassifiedWithinTwelveMonths,USD,2024-01-01,2024-03-31,183000000.0,10-Q,2024-05-02
us-gaap,CashFlowHedgeGainLossToBeReclassifiedWithinTwelveMonths,USD,2024-01-01,2024-06-30,167000000.0,10-Q,2024-08-01
us-gaap,CashFlowHedgeGainLossToBeReclassifiedWithinTwelveMonths,USD,2024-01-01,2024-09-30,149000000.0,10-Q,2024-10-31
us-gaap,CashFlowHedgeGainLossToBeReclassifiedWithinTwelveMonths,USD,2024-01-01,2024-12-31,-136000000.0,10-K,2025-02-13
us-gaap,CashFlowHedgeGainLossToBeReclassifiedWithinTwelveMonths,USD,2025-01-01,2025-03-31,128000000.0,10-Q,2025-05-01
us-gaap,CashFlowHedgeGainLossToBeReclassifiedWithinTwelveMonths,USD,2025-01-01,2025-06-30,93000000.0,10-Q,2025-07-31
us-gaap,CashFlowHedgeGainLossToBeReclassifiedWithinTwelveMonths,USD,2025-01-01,2025-09-30,71000000.0,10-Q,2025-10-30
us-gaap,CashFlowHedgeGainLossToBeReclassifiedWithinTwelveMonths,USD,2025-01-01,2025-12-31,-42000000.0,10-K,2026-02-19
us-gaap,CashFlowHedgeGainLossToBeReclassifiedWithinTwelveMonths,USD,2026-01-01,2026-03-31,27000000.0,10-Q,2026-04-29
us-gaap,CashFlowHedgeGainLossToBeReclassifiedWithinTwelveMonths,USD,2026-01-01,2026-06-30,23000000.0,10-Q,2026-07-30
us-gaap,CommonStockSharesOutstanding,shares,,2017-12-31,367649858.0,10-K,2019-02-21
us-gaap,CommonStockSharesOutstanding,shares,,2017-12-31,367649858.0,8-K,2019-05-02
us-gaap,CommonStockSharesOutstanding,shares,,2018-12-31,379946724.0,10-K,2019-02-21
us-gaap,CommonStockSharesOutstanding,shares,,2018-12-31,379946724.0,10-Q,2019-05-01
us-gaap,CommonStockSharesOutstanding,shares,,2018-12-31,379946724.0,8-K,2019-05-02
us-gaap,CommonStockSharesOutstanding,shares,,2018-12-31,379946724.0,10-Q,2019-07-26
us-gaap,CommonStockSharesOutstanding,shares,,2018-12-31,379946724.0,10-Q,2019-10-25
us-gaap,CommonStockSharesOutstanding,shares,,2018-12-31,379946724.0,10-K,2020-02-20
us-gaap,CommonStockSharesOutstanding,shares,,2019-03-31,376720715.0,10-Q,2019-05-01
us-gaap,CommonStockSharesOutstanding,shares,,2019-06-30,372572622.0,10-Q,2019-07-26
us-gaap,CommonStockSharesOutstanding,shares,,2019-09-30,363623285.0,10-Q,2019-10-25
us-gaap,CommonStockSharesOutstanding,shares,,2019-12-31,357389416.0,10-K,2020-02-20
us-gaap,CommonStockSharesOutstanding,shares,,2019-12-31,357389416.0,10-Q,2020-04-28
us-gaap,CommonStockSharesOutstanding,shares,,2019-12-31,357389416.0,10-Q,2020-07-27
us-gaap,CommonStockSharesOutstanding,shares,,2019-12-31,357389416.0,10-Q,2020-10-23
us-gaap,CommonStockSharesOutstanding,shares,,2019-12-31,357389416.0,10-K,2021-02-19
us-gaap,CommonStockSharesOutstanding,shares,,2020-03-31,351943858.0,10-Q,2020-04-28
us-gaap,CommonStockSharesOutstanding,shares,,2020-06-30,352383250.0,10-Q,2020-07-27
us-gaap,CommonStockSharesOutstanding,shares,,2020-09-30,352797695.0,10-Q,2020-10-23
us-gaap,CommonStockSharesOutstanding,shares,,2020-12-31,353156279.0,10-K,2021-02-19
us-gaap,CommonStockSharesOutstanding,shares,,2020-12-31,353156279.0,10-Q,2021-04-23
us-gaap,CommonStockSharesOutstanding,shares,,2020-12-31,353156279.0,10-Q,2021-07-23
us-gaap,CommonStockSharesOutstanding,shares,,2020-12-31,353156279.0,10-Q,2021-10-22
us-gaap,CommonStockSharesOutstanding,shares,,2020-12-31,353156279.0,10-K,2022-02-17
us-gaap,CommonStockSharesOutstanding,shares,,2021-03-31,348032982.0,10-Q,2021-04-23
us-gaap,CommonStockSharesOutstanding,shares,,2021-06-30,343503114.0,10-Q,2021-07-23
us-gaap,CommonStockSharesOutstanding,shares,,2021-09-30,365629173.0,10-Q,2021-10-22
us-gaap,CommonStockSharesOutstanding,shares,,2021-12-31,365982820.0,10-K,2022-02-17
us-gaap,CommonStockSharesOutstanding,shares,,2021-12-31,365982820.0,10-Q,2022-04-27
us-gaap,CommonStockSharesOutstanding,shares,,2021-12-31,365982820.0,10-Q,2022-07-28
us-gaap,CommonStockSharesOutstanding,shares,,2021-12-31,365982820.0,10-Q,2022-10-26
us-gaap,CommonStockSharesOutstanding,shares,,2021-12-31,365982820.0,10-K,2023-02-16
us-gaap,CommonStockSharesOutstanding,shares,,2022-03-31,367114788.0,10-Q,2022-04-27
us-gaap,CommonStockSharesOutstanding,shares,,2022-06-30,367619353.0,10-Q,2022-07-28
us-gaap,CommonStockSharesOutstanding,shares,,2022-09-30,367967505.0,10-Q,2022-10-26
us-gaap,CommonStockSharesOutstanding,shares,,2022-12-31,349024167.0,10-K,2023-02-16
us-gaap,CommonStockSharesOutstanding,shares,,2022-12-31,349024167.0,10-Q,2023-04-27
us-gaap,CommonStockSharesOutstanding,shares,,2022-12-31,349024167.0,10-Q,2023-07-28
us-gaap,CommonStockSharesOutstanding,shares,,2022-12-31,349024167.0,10-Q,2023-10-27
us-gaap,CommonStockSharesOutstanding,shares,,2022-12-31,349024167.0,10-K,2024-02-15
us-gaap,CommonStockSharesOutstanding,shares,,2023-03-31,336461072.0,10-Q,2023-04-27
us-gaap,CommonStockSharesOutstanding,shares,,2023-06-30,322101110.0,10-Q,2023-07-28
us-gaap,CommonStockSharesOutstanding,shares,,2023-09-30,308583511.0,10-Q,2023-10-27
us-gaap,CommonStockSharesOutstanding,shares,,2023-12-31,301944043.0,10-K,2024-02-15
us-gaap,CommonStockSharesOutstanding,shares,,2023-12-31,301944043.0,10-Q,2024-05-02
us-gaap,CommonStockSharesOutstanding,shares,,2023-12-31,301944043.0,10-Q,2024-08-01
us-gaap,CommonStockSharesOutstanding,shares,,2023-12-31,301944043.0,10-Q,2024-10-31
us-gaap,CommonStockSharesOutstanding,shares,,2023-12-31,301944043.0,10-K,2025-02-13
us-gaap,CommonStockSharesOutstanding,shares,,2024-03-31,301504470.0,10-Q,2024-05-02
us-gaap,CommonStockSharesOutstanding,shares,,2024-06-30,299231005.0,10-Q,2024-08-01
us-gaap,CommonStockSharesOutstanding,shares,,2024-09-30,294191001.0,10-Q,2024-10-31
us-gaap,CommonStockSharesOutstanding,shares,,2024-12-31,288766452.0,10-K,2025-02-13
us-gaap,CommonStockSharesOutstanding,shares,,2024-12-31,288766452.0,10-Q,2025-05-01
us-gaap,CommonStockSharesOutstanding,shares,,2024-12-31,288766452.0,10-Q,2025-07-31
us-gaap,CommonStockSharesOutstanding,shares,,2024-12-31,288766452.0,10-Q,2025-10-30
us-gaap,CommonStockSharesOutstanding,shares,,2024-12-31,288766452.0,10-K,2026-02-19
us-gaap,CommonStockSharesOutstanding,shares,,2025-03-31,288676229.0,10-Q,2025-05-01
us-gaap,CommonStockSharesOutstanding,shares,,2025-06-30,285561974.0,10-Q,2025-07-31
us-gaap,CommonStockSharesOutstanding,shares,,2025-09-30,282217819.0,10-Q,2025-10-30
us-gaap,CommonStockSharesOutstanding,shares,,2025-12-31,279077907.0,10-K,2026-02-19
us-gaap,CommonStockSharesOutstanding,shares,,2025-12-31,279077907.0,10-Q,2026-04-29
us-gaap,CommonStockSharesOutstanding,shares,,2025-12-31,279077907.0,10-Q,2026-07-30
us-gaap,CommonStockSharesOutstanding,shares,,2026-03-31,276924993.0,10-Q,2026-04-29
us-gaap,CommonStockSharesOutstanding,shares,,2026-06-30,274702550.0,10-Q,2026-07-30
us-gaap,Deposits,USD,,2008-12-31,112225000000.0,10-Q,2009-08-10
us-gaap,Deposits,USD,,2008-12-31,112225000000.0,10-Q,2009-11-06
us-gaap,Deposits,USD,,2008-12-31,112225000000.0,10-K,2010-02-22
us-gaap,Deposits,USD,,2009-06-30,85577000000.0,10-Q,2009-08-10
us-gaap,Deposits,USD,,2009-09-30,91768000000.0,10-Q,2009-11-06
us-gaap,Deposits,USD,,2009-12-31,90062000000.0,10-K,2010-02-22
us-gaap,Deposits,USD,,2009-12-31,90062000000.0,10-Q,2010-05-07
us-gaap,Deposits,USD,,2009-12-31,90062000000.0,10-Q,2010-08-06
us-gaap,Deposits,USD,,2009-12-31,90062000000.0,10-Q,2010-11-05
us-gaap,Deposits,USD,,2009-12-31,90062000000.0,10-K,2011-02-28
us-gaap,Deposits,USD,,2010-03-31,90336000000.0,10-Q,2010-05-07
us-gaap,Deposits,USD,,2010-06-30,95743000000.0,10-Q,2010-08-06
us-gaap,Deposits,USD,,2010-09-30,105034000000.0,10-Q,2010-11-05
us-gaap,Deposits,USD,,2010-12-31,98345000000.0,10-K,2011-02-28
us-gaap,Deposits,USD,,2010-12-31,98345000000.0,10-Q,2011-05-09
us-gaap,Deposits,USD,,2010-12-31,98345000000.0,10-Q,2011-08-05
us-gaap,Deposits,USD,,2010-12-31,98345000000.0,10-Q,2011-11-04
us-gaap,Deposits,USD,,2010-12-31,98345000000.0,10-K,2012-02-27
us-gaap,Deposits,USD,,2011-03-31,107414000000.0,10-Q,2011-05-09
us-gaap,Deposits,USD,,2011-06-30,125409000000.0,10-Q,2011-08-05
us-gaap,Deposits,USD,,2011-09-30,134998000000.0,10-Q,2011-11-04
us-gaap,Deposits,USD,,2011-12-31,157287000000.0,10-K,2012-02-27
us-gaap,Deposits,USD,,2011-12-31,157287000000.0,10-Q,2012-05-04
us-gaap,Deposits,USD,,2011-12-31,157287000000.0,10-Q,2012-08-03
us-gaap,Deposits,USD,,2011-12-31,157287000000.0,10-Q,2012-11-02
us-gaap,Deposits,USD,,2011-12-31,157287000000.0,10-K,2013-02-22
us-gaap,Deposits,USD,,2012-03-31,130180000000.0,10-Q,2012-05-04
us-gaap,Deposits,USD,,2012-06-30,143771000000.0,10-Q,2012-08-03
us-gaap,Deposits,USD,,2012-09-30,146289000000.0,10-Q,2012-11-02
us-gaap,Deposits,USD,,2012-12-31,164181000000.0,10-K,2013-02-22
us-gaap,Deposits,USD,,2012-12-31,164181000000.0,10-Q,2013-05-03
us-gaap,Deposits,USD,,2012-12-31,164181000000.0,10-Q,2013-08-06
us-gaap,Deposits,USD,,2012-12-31,164181000000.0,10-Q,2013-11-06
us-gaap,Deposits,USD,,2012-12-31,164181000000.0,10-K,2014-02-21
us-gaap,Deposits,USD,,2013-03-31,154775000000.0,10-Q,2013-05-03
us-gaap,Deposits,USD,,2013-06-30,166520000000.0,10-Q,2013-08-06
us-gaap,Deposits,USD,,2013-09-30,154199000000.0,10-Q,2013-11-06
us-gaap,Deposits,USD,,2013-12-31,182268000000.0,10-K,2014-02-21
us-gaap,Deposits,USD,,2013-12-31,182268000000.0,10-Q,2014-05-09
us-gaap,Deposits,USD,,2013-12-31,182268000000.0,10-Q,2014-08-08
us-gaap,Deposits,USD,,2013-12-31,182268000000.0,10-Q,2014-11-10
us-gaap,Deposits,USD,,2013-12-31,182268000000.0,10-K,2015-02-20
us-gaap,Deposits,USD,,2014-03-31,194648000000.0,10-Q,2014-05-09
us-gaap,Deposits,USD,,2014-06-30,218834000000.0,10-Q,2014-08-08
us-gaap,Deposits,USD,,2014-09-30,207968000000.0,10-Q,2014-11-10
us-gaap,Deposits,USD,,2014-12-31,209040000000.0,10-K,2015-02-20
us-gaap,Deposits,USD,,2014-12-31,209040000000.0,10-Q,2015-05-08
us-gaap,Deposits,USD,,2014-12-31,209040000000.0,10-Q,2015-08-07
us-gaap,Deposits,USD,,2014-12-31,209040000000.0,10-Q,2015-11-06
us-gaap,Deposits,USD,,2014-12-31,209040000000.0,10-K,2016-02-19
us-gaap,Deposits,USD,,2015-03-31,211352000000.0,10-Q,2015-05-08
us-gaap,Deposits,USD,,2015-06-30,230591000000.0,10-Q,2015-08-07
us-gaap,Deposits,USD,,2015-09-30,186367000000.0,10-Q,2015-11-06
us-gaap,Deposits,USD,,2015-12-31,191627000000.0,10-K,2016-02-19
us-gaap,Deposits,USD,,2015-12-31,191627000000.0,10-Q,2016-05-06
us-gaap,Deposits,USD,,2015-12-31,191627000000.0,10-Q,2016-08-05
us-gaap,Deposits,USD,,2015-12-31,191627000000.0,10-Q,2016-11-03
us-gaap,Deposits,USD,,2015-12-31,191627000000.0,10-K,2017-02-17
us-gaap,Deposits,USD,,2016-03-31,185516000000.0,10-Q,2016-05-06
us-gaap,Deposits,USD,,2016-06-30,193130000000.0,10-Q,2016-08-05
us-gaap,Deposits,USD,,2016-09-30,198766000000.0,10-Q,2016-11-03
us-gaap,Deposits,USD,,2016-12-31,187163000000.0,10-K,2017-02-17
us-gaap,Deposits,USD,,2016-12-31,187163000000.0,10-Q,2017-05-04
us-gaap,Deposits,USD,,2016-12-31,187163000000.0,10-Q,2017-08-04
us-gaap,Deposits,USD,,2016-12-31,187163000000.0,10-Q,2017-11-01
us-gaap,Deposits,USD,,2016-12-31,187163000000.0,10-K,2018-02-26
us-gaap,Deposits,USD,,2017-03-31,183465000000.0,10-Q,2017-05-04
us-gaap,Deposits,USD,,2017-06-30,181416000000.0,10-Q,2017-08-04
us-gaap,Deposits,USD,,2017-09-30,179263000000.0,10-Q,2017-11-01
us-gaap,Deposits,USD,,2017-12-31,184896000000.0,10-K,2018-02-26
us-gaap,Deposits,USD,,2017-12-31,184896000000.0,10-Q,2018-05-03
us-gaap,Deposits,USD,,2017-12-31,184896000000.0,10-Q,2018-07-25
us-gaap,Deposits,USD,,2017-12-31,184896000000.0,10-Q,2018-10-31
us-gaap,Deposits,USD,,2017-12-31,184896000000.0,10-K,2019-02-21
us-gaap,Deposits,USD,,2017-12-31,184896000000.0,8-K,2019-05-02
us-gaap,Deposits,USD,,2018-03-31,191517000000.0,10-Q,2018-05-03
us-gaap,Deposits,USD,,2018-06-30,186663000000.0,10-Q,2018-07-25
us-gaap,Deposits,USD,,2018-09-30,168198000000.0,10-Q,2018-10-31
us-gaap,Deposits,USD,,2018-12-31,180360000000.0,10-K,2019-02-21
us-gaap,Deposits,USD,,2018-12-31,180360000000.0,10-Q,2019-05-01
us-gaap,Deposits,USD,,2018-12-31,180360000000.0,8-K,2019-05-02
us-gaap,Deposits,USD,,2018-12-31,180360000000.0,10-Q,2019-07-26
us-gaap,Deposits,USD,,2018-12-31,180360000000.0,10-Q,2019-10-25
us-gaap,Deposits,USD,,2018-12-31,180360000000.0,10-K,2020-02-20
us-gaap,Deposits,USD,,2019-03-31,162471000000.0,10-Q,2019-05-01
us-gaap,Deposits,USD,,2019-06-30,170594000000.0,10-Q,2019-07-26
us-gaap,Deposits,USD,,2019-09-30,170886000000.0,10-Q,2019-10-25
us-gaap,Deposits,USD,,2019-12-31,181872000000.0,10-K,2020-02-20
us-gaap,Deposits,USD,,2019-12-31,181872000000.0,10-Q,2020-04-28
us-gaap,Deposits,USD,,2019-12-31,181872000000.0,10-Q,2020-07-27
us-gaap,Deposits,USD,,2019-12-31,181872000000.0,10-Q,2020-10-23
us-gaap,Deposits,USD,,2019-12-31,181872000000.0,10-K,2021-02-19
us-gaap,Deposits,USD,,2020-03-31,257104000000.0,10-Q,2020-04-28
us-gaap,Deposits,USD,,2020-06-30,200462000000.0,10-Q,2020-07-27
us-gaap,Deposits,USD,,2020-09-30,197513000000.0,10-Q,2020-10-23
us-gaap,Deposits,USD,,2020-12-31,239798000000.0,10-K,2021-02-19
us-gaap,Deposits,USD,,2020-12-31,239798000000.0,10-Q,2021-04-23
us-gaap,Deposits,USD,,2020-12-31,239798000000.0,10-Q,2021-07-23
us-gaap,Deposits,USD,,2020-12-31,239798000000.0,10-Q,2021-10-22
us-gaap,Deposits,USD,,2020-12-31,239798000000.0,10-K,2022-02-17
us-gaap,Deposits,USD,,2021-03-31,244893000000.0,10-Q,2021-04-23
us-gaap,Deposits,USD,,2021-06-30,263969000000.0,10-Q,2021-07-23
us-gaap,Deposits,USD,,2021-09-30,259373000000.0,10-Q,2021-10-22
us-gaap,Deposits,USD,,2021-12-31,255035000000.0,10-K,2022-02-17
us-gaap,Deposits,USD,,2021-12-31,255035000000.0,10-Q,2022-04-27
us-gaap,Deposits,USD,,2021-12-31,255035000000.0,10-Q,2022-07-28
us-gaap,Deposits,USD,,2021-12-31,255035000000.0,10-Q,2022-10-26
us-gaap,Deposits,USD,,2021-12-31,255035000000.0,10-K,2023-02-16
us-gaap,Deposits,USD,,2022-03-31,251043000000.0,10-Q,2022-04-27
us-gaap,Deposits,USD,,2022-06-30,241913000000.0,10-Q,2022-07-28
us-gaap,Deposits,USD,,2022-09-30,238236000000.0,10-Q,2022-10-26
us-gaap,Deposits,USD,,2022-12-31,235464000000.0,10-K,2023-02-16
us-gaap,Deposits,USD,,2022-12-31,235464000000.0,10-Q,2023-04-27
us-gaap,Deposits,USD,,2022-12-31,235464000000.0,10-Q,2023-07-28
us-gaap,Deposits,USD,,2022-12-31,235464000000.0,10-Q,2023-10-27
us-gaap,Deposits,USD,,2022-12-31,235464000000.0,10-K,2024-02-15
us-gaap,Deposits,USD,,2023-03-31,223631000000.0,10-Q,2023-04-27
us-gaap,Deposits,USD,,2023-06-30,222316000000.0,10-Q,2023-07-28
us-gaap,Deposits,USD,,2023-09-30,213001000000.0,10-Q,2023-10-27
us-gaap,Deposits,USD,,2023-12-31,220970000000.0,10-K,2024-02-15
us-gaap,Deposits,USD,,2023-12-31,220970000000.0,10-Q,2024-05-02
us-gaap,Deposits,USD,,2023-12-31,220970000000.0,10-Q,2024-08-01
us-gaap,Deposits,USD,,2023-12-31,220970000000.0,10-Q,2024-10-31
us-gaap,Deposits,USD,,2023-12-31,220970000000.0,10-K,2025-02-13
us-gaap,Deposits,USD,,2024-03-31,251884000000.0,10-Q,2024-05-02
us-gaap,Deposits,USD,,2024-06-30,239160000000.0,10-Q,2024-08-01
us-gaap,Deposits,USD,,2024-09-30,247429000000.0,10-Q,2024-10-31
us-gaap,Deposits,USD,,2024-12-31,261920000000.0,10-K,2025-02-13
us-gaap,Deposits,USD,,2024-12-31,261920000000.0,10-Q,2025-05-01
us-gaap,Deposits,USD,,2024-12-31,261920000000.0,10-Q,2025-07-31
us-gaap,Deposits,USD,,2024-12-31,261920000000.0,10-Q,2025-10-30
us-gaap,Deposits,USD,,2024-12-31,261920000000.0,10-K,2026-02-19
us-gaap,Deposits,USD,,2025-03-31,272056000000.0,10-Q,2025-05-01
us-gaap,Deposits,USD,,2025-06-30,283024000000.0,10-Q,2025-07-31
us-gaap,Deposits,USD,,2025-09-30,279999000000.0,10-Q,2025-10-30
us-gaap,Deposits,USD,,2025-12-31,274350000000.0,10-K,2026-02-19
us-gaap,Deposits,USD,,2025-12-31,274350000000.0,10-Q,2026-04-29
us-gaap,Deposits,USD,,2025-12-31,274350000000.0,10-Q,2026-07-30
us-gaap,Deposits,USD,,2026-03-31,293341000000.0,10-Q,2026-04-29
us-gaap,Deposits,USD,,2026-06-30,319547000000.0,10-Q,2026-07-30
us-gaap,InterestBearingDepositsInBanks,USD,,2008-12-31,55733000000.0,10-Q,2009-08-10
us-gaap,InterestBearingDepositsInBanks,USD,,2008-12-31,55733000000.0,10-Q,2009-11-06
us-gaap,InterestBearingDepositsInBanks,USD,,2008-12-31,55733000000.0,10-K,2010-02-22
us-gaap,InterestBearingDepositsInBanks,USD,,2009-06-30,26346000000.0,10-Q,2009-08-10
us-gaap,InterestBearingDepositsInBanks,USD,,2009-09-30,27479000000.0,10-Q,2009-11-06
us-gaap,InterestBearingDepositsInBanks,USD,,2009-12-31,26632000000.0,10-K,2010-02-22
us-gaap,InterestBearingDepositsInBanks,USD,,2009-12-31,26632000000.0,10-Q,2010-05-07
us-gaap,InterestBearingDepositsInBanks,USD,,2009-12-31,26632000000.0,10-Q,2010-08-06
us-gaap,InterestBearingDepositsInBanks,USD,,2009-12-31,26632000000.0,10-Q,2010-11-05
us-gaap,InterestBearingDepositsInBanks,USD,,2009-12-31,26632000000.0,10-K,2011-02-28
us-gaap,InterestBearingDepositsInBanks,USD,,2010-03-31,24269000000.0,10-Q,2010-05-07
us-gaap,InterestBearingDepositsInBanks,USD,,2010-06-30,20298000000.0,10-Q,2010-08-06
us-gaap,InterestBearingDepositsInBanks,USD,,2010-09-30,24560000000.0,10-Q,2010-11-05
us-gaap,InterestBearingDepositsInBanks,USD,,2010-12-31,22234000000.0,10-K,2011-02-28
us-gaap,InterestBearingDepositsInBanks,USD,,2010-12-31,22234000000.0,10-Q,2011-05-09
us-gaap,InterestBearingDepositsInBanks,USD,,2010-12-31,22234000000.0,10-Q,2011-08-05
us-gaap,InterestBearingDepositsInBanks,USD,,2010-12-31,22234000000.0,10-Q,2011-11-04
us-gaap,InterestBearingDepositsInBanks,USD,,2010-12-31,22234000000.0,10-K,2012-02-27
us-gaap,InterestBearingDepositsInBanks,USD,,2011-03-31,19984000000.0,10-Q,2011-05-09
us-gaap,InterestBearingDepositsInBanks,USD,,2011-06-30,30899000000.0,10-Q,2011-08-05
us-gaap,InterestBearingDepositsInBanks,USD,,2011-09-30,36484000000.0,10-Q,2011-11-04
us-gaap,InterestBearingDepositsInBanks,USD,,2011-12-31,58886000000.0,10-K,2012-02-27
us-gaap,InterestBearingDepositsInBanks,USD,,2011-12-31,58886000000.0,10-Q,2012-05-04
us-gaap,InterestBearingDepositsInBanks,USD,,2011-12-31,58886000000.0,10-Q,2012-08-03
us-gaap,InterestBearingDepositsInBanks,USD,,2011-12-31,58886000000.0,10-Q,2012-11-02
us-gaap,InterestBearingDepositsInBanks,USD,,2011-12-31,58886000000.0,10-K,2013-02-22
us-gaap,InterestBearingDepositsInBanks,USD,,2012-03-31,26709000000.0,10-Q,2012-05-04
us-gaap,InterestBearingDepositsInBanks,USD,,2012-06-30,31145000000.0,10-Q,2012-08-03
us-gaap,InterestBearingDepositsInBanks,USD,,2012-09-30,31583000000.0,10-Q,2012-11-02
us-gaap,InterestBearingDepositsInBanks,USD,,2012-12-31,50763000000.0,10-K,2013-02-22
us-gaap,InterestBearingDepositsInBanks,USD,,2012-12-31,50763000000.0,10-Q,2013-05-03
us-gaap,InterestBearingDepositsInBanks,USD,,2012-12-31,50763000000.0,10-Q,2013-08-06
us-gaap,InterestBearingDepositsInBanks,USD,,2012-12-31,50763000000.0,10-Q,2013-11-06
us-gaap,InterestBearingDepositsInBanks,USD,,2012-12-31,50763000000.0,10-K,2014-02-21
us-gaap,InterestBearingDepositsInBanks,USD,,2013-03-31,39224000000.0,10-Q,2013-05-03
us-gaap,InterestBearingDepositsInBanks,USD,,2013-06-30,44783000000.0,10-Q,2013-08-06
us-gaap,InterestBearingDepositsInBanks,USD,,2013-09-30,38636000000.0,10-Q,2013-11-06
us-gaap,InterestBearingDepositsInBanks,USD,,2013-12-31,64257000000.0,10-K,2014-02-21
us-gaap,InterestBearingDepositsInBanks,USD,,2013-12-31,64257000000.0,10-Q,2014-05-09
us-gaap,InterestBearingDepositsInBanks,USD,,2013-12-31,64257000000.0,10-Q,2014-08-08
us-gaap,InterestBearingDepositsInBanks,USD,,2013-12-31,64257000000.0,10-Q,2014-11-10
us-gaap,InterestBearingDepositsInBanks,USD,,2013-12-31,64257000000.0,10-K,2015-02-20
us-gaap,InterestBearingDepositsInBanks,USD,,2014-03-31,75796000000.0,10-Q,2014-05-09
us-gaap,InterestBearingDepositsInBanks,USD,,2014-06-30,98386000000.0,10-Q,2014-08-08
us-gaap,InterestBearingDepositsInBanks,USD,,2014-09-30,86946000000.0,10-Q,2014-11-10
us-gaap,InterestBearingDepositsInBanks,USD,,2014-12-31,93523000000.0,10-K,2015-02-20
us-gaap,InterestBearingDepositsInBanks,USD,,2014-12-31,93523000000.0,10-Q,2015-05-08
us-gaap,InterestBearingDepositsInBanks,USD,,2014-12-31,93523000000.0,10-Q,2015-08-07
us-gaap,InterestBearingDepositsInBanks,USD,,2014-12-31,93523000000.0,10-Q,2015-11-06
us-gaap,InterestBearingDepositsInBanks,USD,,2014-12-31,93523000000.0,10-K,2016-02-19
us-gaap,InterestBearingDepositsInBanks,USD,,2015-03-31,83398000000.0,10-Q,2015-05-08
us-gaap,InterestBearingDepositsInBanks,USD,,2015-06-30,116728000000.0,10-Q,2015-08-07
us-gaap,InterestBearingDepositsInBanks,USD,,2015-09-30,68361000000.0,10-Q,2015-11-06
us-gaap,InterestBearingDepositsInBanks,USD,,2015-12-31,75338000000.0,10-K,2016-02-19
us-gaap,InterestBearingDepositsInBanks,USD,,2015-12-31,75338000000.0,10-Q,2016-05-06
us-gaap,InterestBearingDepositsInBanks,USD,,2015-12-31,75338000000.0,10-Q,2016-08-05
us-gaap,InterestBearingDepositsInBanks,USD,,2015-12-31,75338000000.0,10-Q,2016-11-03
us-gaap,InterestBearingDepositsInBanks,USD,,2015-12-31,75338000000.0,10-K,2017-02-17
us-gaap,InterestBearingDepositsInBanks,USD,,2016-03-31,65032000000.0,10-Q,2016-05-06
us-gaap,InterestBearingDepositsInBanks,USD,,2016-06-30,75169000000.0,10-Q,2016-08-05
us-gaap,InterestBearingDepositsInBanks,USD,,2016-09-30,79090000000.0,10-Q,2016-11-03
us-gaap,InterestBearingDepositsInBanks,USD,,2016-12-31,70935000000.0,10-K,2017-02-17
us-gaap,InterestBearingDepositsInBanks,USD,,2016-12-31,70935000000.0,10-Q,2017-05-04
us-gaap,InterestBearingDepositsInBanks,USD,,2016-12-31,70935000000.0,10-Q,2017-08-04
us-gaap,InterestBearingDepositsInBanks,USD,,2016-12-31,70935000000.0,10-Q,2017-11-01
us-gaap,InterestBearingDepositsInBanks,USD,,2016-12-31,70935000000.0,10-K,2018-02-26
us-gaap,InterestBearingDepositsInBanks,USD,,2017-03-31,66789000000.0,10-Q,2017-05-04
us-gaap,InterestBearingDepositsInBanks,USD,,2017-06-30,63617000000.0,10-Q,2017-08-04
us-gaap,InterestBearingDepositsInBanks,USD,,2017-09-30,60956000000.0,10-Q,2017-11-01
us-gaap,InterestBearingDepositsInBanks,USD,,2017-12-31,67227000000.0,10-K,2018-02-26
us-gaap,InterestBearingDepositsInBanks,USD,,2017-12-31,67227000000.0,10-Q,2018-05-03
us-gaap,InterestBearingDepositsInBanks,USD,,2017-12-31,67227000000.0,10-Q,2018-07-25
us-gaap,InterestBearingDepositsInBanks,USD,,2017-12-31,67227000000.0,10-Q,2018-10-31
us-gaap,InterestBearingDepositsInBanks,USD,,2017-12-31,67227000000.0,10-K,2019-02-21
us-gaap,InterestBearingDepositsInBanks,USD,,2017-12-31,67227000000.0,8-K,2019-05-02
us-gaap,InterestBearingDepositsInBanks,USD,,2018-03-31,79418000000.0,10-Q,2018-05-03
us-gaap,InterestBearingDepositsInBanks,USD,,2018-06-30,76366000000.0,10-Q,2018-07-25
us-gaap,InterestBearingDepositsInBanks,USD,,2018-09-30,63618000000.0,10-Q,2018-10-31
us-gaap,InterestBearingDepositsInBanks,USD,,2018-12-31,73040000000.0,10-K,2019-02-21
us-gaap,InterestBearingDepositsInBanks,USD,,2018-12-31,73040000000.0,10-Q,2019-05-01
us-gaap,InterestBearingDepositsInBanks,USD,,2018-12-31,73040000000.0,8-K,2019-05-02
us-gaap,InterestBearingDepositsInBanks,USD,,2018-12-31,73040000000.0,10-Q,2019-07-26
us-gaap,InterestBearingDepositsInBanks,USD,,2018-12-31,73040000000.0,10-Q,2019-10-25
us-gaap,InterestBearingDepositsInBanks,USD,,2018-12-31,73040000000.0,10-K,2020-02-20
us-gaap,InterestBearingDepositsInBanks,USD,,2019-03-31,53864000000.0,10-Q,2019-05-01
us-gaap,InterestBearingDepositsInBanks,USD,,2019-06-30,62534000000.0,10-Q,2019-07-26
us-gaap,InterestBearingDepositsInBanks,USD,,2019-09-30,62324000000.0,10-Q,2019-10-25
us-gaap,InterestBearingDepositsInBanks,USD,,2019-12-31,68965000000.0,10-K,2020-02-20
us-gaap,InterestBearingDepositsInBanks,USD,,2019-12-31,68965000000.0,10-Q,2020-04-28
us-gaap,InterestBearingDepositsInBanks,USD,,2019-12-31,68965000000.0,10-Q,2020-07-27
us-gaap,InterestBearingDepositsInBanks,USD,,2019-12-31,68965000000.0,10-Q,2020-10-23
us-gaap,InterestBearingDepositsInBanks,USD,,2019-12-31,68965000000.0,10-K,2021-02-19
us-gaap,InterestBearingDepositsInBanks,USD,,2020-03-31,147735000000.0,10-Q,2020-04-28
us-gaap,InterestBearingDepositsInBanks,USD,,2020-06-30,90199000000.0,10-Q,2020-07-27
us-gaap,InterestBearingDepositsInBanks,USD,,2020-09-30,75967000000.0,10-Q,2020-10-23
us-gaap,InterestBearingDepositsInBanks,USD,,2020-12-31,116960000000.0,10-K,2021-02-19
us-gaap,InterestBearingDepositsInBanks,USD,,2020-12-31,116960000000.0,10-Q,2021-04-23
us-gaap,InterestBearingDepositsInBanks,USD,,2020-12-31,116960000000.0,10-Q,2021-07-23
us-gaap,InterestBearingDepositsInBanks,USD,,2020-12-31,116960000000.0,10-Q,2021-10-22
us-gaap,InterestBearingDepositsInBanks,USD,,2020-12-31,116960000000.0,10-K,2022-02-17
us-gaap,InterestBearingDepositsInBanks,USD,,2021-03-31,107554000000.0,10-Q,2021-04-23
us-gaap,InterestBearingDepositsInBanks,USD,,2021-06-30,113347000000.0,10-Q,2021-07-23
us-gaap,InterestBearingDepositsInBanks,USD,,2021-09-30,107553000000.0,10-Q,2021-10-22
us-gaap,InterestBearingDepositsInBanks,USD,,2021-12-31,106358000000.0,10-K,2022-02-17
us-gaap,InterestBearingDepositsInBanks,USD,,2021-12-31,106358000000.0,10-Q,2022-04-27
us-gaap,InterestBearingDepositsInBanks,USD,,2021-12-31,106358000000.0,10-Q,2022-07-28
us-gaap,InterestBearingDepositsInBanks,USD,,2021-12-31,106358000000.0,10-Q,2022-10-26
us-gaap,InterestBearingDepositsInBanks,USD,,2021-12-31,106358000000.0,10-K,2023-02-16
us-gaap,InterestBearingDepositsInBanks,USD,,2022-03-31,104010000000.0,10-Q,2022-04-27
us-gaap,InterestBearingDepositsInBanks,USD,,2022-06-30,91360000000.0,10-Q,2022-07-28
us-gaap,InterestBearingDepositsInBanks,USD,,2022-09-30,99199000000.0,10-Q,2022-10-26
us-gaap,InterestBearingDepositsInBanks,USD,,2022-12-31,101593000000.0,10-K,2023-02-16
us-gaap,InterestBearingDepositsInBanks,USD,,2022-12-31,101593000000.0,10-Q,2023-04-27
us-gaap,InterestBearingDepositsInBanks,USD,,2022-12-31,101593000000.0,10-Q,2023-07-28
us-gaap,InterestBearingDepositsInBanks,USD,,2022-12-31,101593000000.0,10-Q,2023-10-27
us-gaap,InterestBearingDepositsInBanks,USD,,2022-12-31,101593000000.0,10-K,2024-02-15
us-gaap,InterestBearingDepositsInBanks,USD,,2023-03-31,87935000000.0,10-Q,2023-04-27
us-gaap,InterestBearingDepositsInBanks,USD,,2023-06-30,86048000000.0,10-Q,2023-07-28
us-gaap,InterestBearingDepositsInBanks,USD,,2023-09-30,76756000000.0,10-Q,2023-10-27
us-gaap,InterestBearingDepositsInBanks,USD,,2023-12-31,87665000000.0,10-K,2024-02-15
us-gaap,InterestBearingDepositsInBanks,USD,,2023-12-31,87665000000.0,10-Q,2024-05-02
us-gaap,InterestBearingDepositsInBanks,USD,,2023-12-31,87665000000.0,10-Q,2024-08-01
us-gaap,InterestBearingDepositsInBanks,USD,,2023-12-31,87665000000.0,10-Q,2024-10-31
us-gaap,InterestBearingDepositsInBanks,USD,,2023-12-31,87665000000.0,10-K,2025-02-13
us-gaap,InterestBearingDepositsInBanks,USD,,2024-03-31,125486000000.0,10-Q,2024-05-02
us-gaap,InterestBearingDepositsInBanks,USD,,2024-06-30,99876000000.0,10-Q,2024-08-01
us-gaap,InterestBearingDepositsInBanks,USD,,2024-09-30,105121000000.0,10-Q,2024-10-31
us-gaap,InterestBearingDepositsInBanks,USD,,2024-12-31,112957000000.0,10-K,2025-02-13
us-gaap,InterestBearingDepositsInBanks,USD,,2024-12-31,112957000000.0,10-Q,2025-05-01
us-gaap,InterestBearingDepositsInBanks,USD,,2024-12-31,112957000000.0,10-Q,2025-07-31
us-gaap,InterestBearingDepositsInBanks,USD,,2024-12-31,112957000000.0,10-Q,2025-10-30
us-gaap,InterestBearingDepositsInBanks,USD,,2024-12-31,112957000000.0,10-K,2026-02-19
us-gaap,InterestBearingDepositsInBanks,USD,,2025-03-31,119464000000.0,10-Q,2025-05-01
us-gaap,InterestBearingDepositsInBanks,USD,,2025-06-30,118835000000.0,10-Q,2025-07-31
us-gaap,InterestBearingDepositsInBanks,USD,,2025-09-30,122642000000.0,10-Q,2025-10-30
us-gaap,InterestBearingDepositsInBanks,USD,,2025-12-31,126930000000.0,10-K,2026-02-19
us-gaap,InterestBearingDepositsInBanks,USD,,2025-12-31,126930000000.0,10-Q,2026-04-29
us-gaap,InterestBearingDepositsInBanks,USD,,2025-12-31,126930000000.0,10-Q,2026-07-30
us-gaap,InterestBearingDepositsInBanks,USD,,2026-03-31,123574000000.0,10-Q,2026-04-29
us-gaap,InterestBearingDepositsInBanks,USD,,2026-06-30,145223000000.0,10-Q,2026-07-30
us-gaap,LoansAndLeasesReceivableGrossCarryingAmount,USD,,2009-12-31,10808000000.0,10-Q,2010-08-06
us-gaap,LoansAndLeasesReceivableGrossCarryingAmount,USD,,2009-12-31,10808000000.0,10-Q,2010-11-05
us-gaap,LoansAndLeasesReceivableGrossCarryingAmount,USD,,2009-12-31,10808000000.0,10-K,2011-02-28
us-gaap,LoansAndLeasesReceivableGrossCarryingAmount,USD,,2010-06-30,11789000000.0,10-Q,2010-08-06
us-gaap,LoansAndLeasesReceivableGrossCarryingAmount,USD,,2010-09-30,13766000000.0,10-Q,2010-11-05
us-gaap,LoansAndLeasesReceivableGrossCarryingAmount,USD,,2010-12-31,11957000000.0,10-K,2011-02-28
us-gaap,LoansAndLeasesReceivableGrossCarryingAmount,USD,,2010-12-31,11957000000.0,10-Q,2011-05-09
us-gaap,LoansAndLeasesReceivableGrossCarryingAmount,USD,,2010-12-31,11957000000.0,10-Q,2011-08-05
us-gaap,LoansAndLeasesReceivableGrossCarryingAmount,USD,,2010-12-31,11957000000.0,10-Q,2011-11-04
us-gaap,LoansAndLeasesReceivableGrossCarryingAmount,USD,,2010-12-31,11957000000.0,10-K,2012-02-27
us-gaap,LoansAndLeasesReceivableGrossCarryingAmount,USD,,2011-03-31,12726000000.0,10-Q,2011-05-09
us-gaap,LoansAndLeasesReceivableGrossCarryingAmount,USD,,2011-06-30,12932000000.0,10-Q,2011-08-05
us-gaap,LoansAndLeasesReceivableGrossCarryingAmount,USD,,2011-09-30,11740000000.0,10-Q,2011-11-04
us-gaap,LoansAndLeasesReceivableGrossCarryingAmount,USD,,2011-12-31,10053000000.0,10-K,2012-02-27
us-gaap,LoansAndLeasesReceivableGrossCarryingAmount,USD,,2011-12-31,10053000000.0,10-Q,2012-05-04
us-gaap,LoansAndLeasesReceivableGrossCarryingAmount,USD,,2011-12-31,10053000000.0,10-Q,2012-08-03
us-gaap,LoansAndLeasesReceivableGrossCarryingAmount,USD,,2011-12-31,10053000000.0,10-Q,2012-11-02
us-gaap,LoansAndLeasesReceivableGrossCarryingAmount,USD,,2011-12-31,10053000000.0,10-K,2013-02-22
us-gaap,LoansAndLeasesReceivableGrossCarryingAmount,USD,,2012-03-31,12275000000.0,10-Q,2012-05-04
us-gaap,LoansAndLeasesReceivableGrossCarryingAmount,USD,,2012-06-30,12360000000.0,10-Q,2012-08-03
us-gaap,LoansAndLeasesReceivableGrossCarryingAmount,USD,,2012-09-30,14046000000.0,10-Q,2012-11-02
us-gaap,LoansAndLeasesReceivableGrossCarryingAmount,USD,,2012-12-31,12307000000.0,10-K,2013-02-22
us-gaap,LoansAndLeasesReceivableGrossCarryingAmount,USD,,2012-12-31,12307000000.0,10-Q,2013-05-03
us-gaap,LoansAndLeasesReceivableGrossCarryingAmount,USD,,2012-12-31,12307000000.0,10-Q,2013-08-06
us-gaap,LoansAndLeasesReceivableGrossCarryingAmount,USD,,2012-12-31,12307000000.0,10-Q,2013-11-06
us-gaap,LoansAndLeasesReceivableGrossCarryingAmount,USD,,2012-12-31,12307000000.0,10-K,2014-02-21
us-gaap,LoansAndLeasesReceivableGrossCarryingAmount,USD,,2013-03-31,13985000000.0,10-Q,2013-05-03
us-gaap,LoansAndLeasesReceivableGrossCarryingAmount,USD,,2013-06-30,16431000000.0,10-Q,2013-08-06
us-gaap,LoansAndLeasesReceivableGrossCarryingAmount,USD,,2013-09-30,15578000000.0,10-Q,2013-11-06
us-gaap,LoansAndLeasesReceivableGrossCarryingAmount,USD,,2013-12-31,13486000000.0,10-K,2014-02-21
us-gaap,LoansAndLeasesReceivableGrossCarryingAmount,USD,,2013-12-31,13486000000.0,10-Q,2014-05-09
us-gaap,LoansAndLeasesReceivableGrossCarryingAmount,USD,,2013-12-31,13486000000.0,10-Q,2014-08-08
us-gaap,LoansAndLeasesReceivableGrossCarryingAmount,USD,,2013-12-31,13486000000.0,10-Q,2014-11-10
us-gaap,LoansAndLeasesReceivableGrossCarryingAmount,USD,,2013-12-31,13486000000.0,10-K,2015-02-20
us-gaap,LoansAndLeasesReceivableGrossCarryingAmount,USD,,2014-03-31,16114000000.0,10-Q,2014-05-09
us-gaap,LoansAndLeasesReceivableGrossCarryingAmount,USD,,2014-06-30,16799000000.0,10-Q,2014-08-08
us-gaap,LoansAndLeasesReceivableGrossCarryingAmount,USD,,2014-09-30,18398000000.0,10-Q,2014-11-10
us-gaap,LoansAndLeasesReceivableGrossCarryingAmount,USD,,2014-12-31,18199000000.0,10-K,2015-02-20
us-gaap,LoansAndLeasesReceivableGrossCarryingAmount,USD,,2014-12-31,18199000000.0,10-Q,2015-05-08
us-gaap,LoansAndLeasesReceivableGrossCarryingAmount,USD,,2014-12-31,18199000000.0,10-Q,2015-08-07
us-gaap,LoansAndLeasesReceivableGrossCarryingAmount,USD,,2014-12-31,18199000000.0,10-Q,2015-11-06
us-gaap,LoansAndLeasesReceivableGrossCarryingAmount,USD,,2014-12-31,18199000000.0,10-K,2016-02-19
us-gaap,LoansAndLeasesReceivableGrossCarryingAmount,USD,,2015-03-31,18319000000.0,10-Q,2015-05-08
us-gaap,LoansAndLeasesReceivableGrossCarryingAmount,USD,,2015-06-30,18590000000.0,10-Q,2015-08-07
us-gaap,LoansAndLeasesReceivableGrossCarryingAmount,USD,,2015-09-30,19067000000.0,10-Q,2015-11-06
us-gaap,LoansAndLeasesReceivableGrossCarryingAmount,USD,,2015-12-31,18799000000.0,10-K,2016-02-19
us-gaap,LoansAndLeasesReceivableGrossCarryingAmount,USD,,2015-12-31,18799000000.0,10-Q,2016-05-06
us-gaap,LoansAndLeasesReceivableGrossCarryingAmount,USD,,2015-12-31,18799000000.0,10-Q,2016-08-05
us-gaap,LoansAndLeasesReceivableGrossCarryingAmount,USD,,2015-12-31,18799000000.0,10-Q,2016-11-03
us-gaap,LoansAndLeasesReceivableGrossCarryingAmount,USD,,2015-12-31,18799000000.0,10-K,2017-02-17
us-gaap,LoansAndLeasesReceivableGrossCarryingAmount,USD,,2016-03-31,19187000000.0,10-Q,2016-05-06
us-gaap,LoansAndLeasesReceivableGrossCarryingAmount,USD,,2016-06-30,19839000000.0,10-Q,2016-08-05
us-gaap,LoansAndLeasesReceivableGrossCarryingAmount,USD,,2016-09-30,21502000000.0,10-Q,2016-11-03
us-gaap,LoansAndLeasesReceivableGrossCarryingAmount,USD,,2016-12-31,19757000000.0,10-K,2017-02-17
us-gaap,LoansAndLeasesReceivableGrossCarryingAmount,USD,,2016-12-31,19757000000.0,10-Q,2017-05-04
us-gaap,LoansAndLeasesReceivableGrossCarryingAmount,USD,,2016-12-31,19757000000.0,10-Q,2017-08-04
us-gaap,LoansAndLeasesReceivableGrossCarryingAmount,USD,,2016-12-31,19757000000.0,10-Q,2017-11-01
us-gaap,LoansAndLeasesReceivableGrossCarryingAmount,USD,,2016-12-31,19757000000.0,10-K,2018-02-26
us-gaap,LoansAndLeasesReceivableGrossCarryingAmount,USD,,2017-03-31,22537000000.0,10-Q,2017-05-04
us-gaap,LoansAndLeasesReceivableGrossCarryingAmount,USD,,2017-06-30,24361000000.0,10-Q,2017-08-04
us-gaap,LoansAndLeasesReceivableGrossCarryingAmount,USD,,2017-09-30,23638000000.0,10-Q,2017-11-01
us-gaap,LoansAndLeasesReceivableGrossCarryingAmount,USD,,2017-12-31,23294000000.0,10-K,2018-02-26
us-gaap,LoansAndLeasesReceivableGrossCarryingAmount,USD,,2017-12-31,23294000000.0,10-Q,2018-05-03
us-gaap,LoansAndLeasesReceivableGrossCarryingAmount,USD,,2017-12-31,23294000000.0,10-Q,2018-07-25
us-gaap,LoansAndLeasesReceivableGrossCarryingAmount,USD,,2017-12-31,23294000000.0,10-Q,2018-10-31
us-gaap,LoansAndLeasesReceivableGrossCarryingAmount,USD,,2017-12-31,23294000000.0,10-K,2019-02-21
us-gaap,LoansAndLeasesReceivableGrossCarryingAmount,USD,,2017-12-31,23294000000.0,8-K,2019-05-02
us-gaap,LoansAndLeasesReceivableGrossCarryingAmount,USD,,2018-03-31,29582000000.0,10-Q,2018-05-03
us-gaap,LoansAndLeasesReceivableGrossCarryingAmount,USD,,2018-06-30,24124000000.0,10-Q,2018-07-25
us-gaap,LoansAndLeasesReceivableGrossCarryingAmount,USD,,2018-09-30,23372000000.0,10-Q,2018-10-31
us-gaap,LoansAndLeasesReceivableGrossCarryingAmount,USD,,2018-12-31,25789000000.0,10-K,2019-02-21
us-gaap,LoansAndLeasesReceivableGrossCarryingAmount,USD,,2018-12-31,25789000000.0,10-Q,2019-05-01
us-gaap,LoansAndLeasesReceivableGrossCarryingAmount,USD,,2018-12-31,25789000000.0,8-K,2019-05-02
us-gaap,LoansAndLeasesReceivableGrossCarryingAmount,USD,,2018-12-31,25789000000.0,10-Q,2019-07-26
us-gaap,LoansAndLeasesReceivableGrossCarryingAmount,USD,,2018-12-31,25789000000.0,10-Q,2019-10-25
us-gaap,LoansAndLeasesReceivableGrossCarryingAmount,USD,,2019-03-31,23381000000.0,10-Q,2019-05-01
us-gaap,LoansAndLeasesReceivableGrossCarryingAmount,USD,,2019-06-30,25421000000.0,10-Q,2019-07-26
us-gaap,LoansAndLeasesReceivableGrossCarryingAmount,USD,,2019-09-30,27009000000.0,10-Q,2019-10-25
us-gaap,LoansAndLeasesReceivableNetReportedAmount,USD,,2008-12-31,9113000000.0,10-Q,2009-08-10
us-gaap,LoansAndLeasesReceivableNetReportedAmount,USD,,2008-12-31,9113000000.0,10-Q,2009-11-06
us-gaap,LoansAndLeasesReceivableNetReportedAmount,USD,,2008-12-31,9113000000.0,10-K,2010-02-22
us-gaap,LoansAndLeasesReceivableNetReportedAmount,USD,,2009-06-30,12554000000.0,10-Q,2009-08-10
us-gaap,LoansAndLeasesReceivableNetReportedAmount,USD,,2009-09-30,11406000000.0,10-Q,2009-11-06
us-gaap,LoansAndLeasesReceivableNetReportedAmount,USD,,2009-12-31,10729000000.0,10-K,2010-02-22
us-gaap,LoansAndLeasesReceivableNetReportedAmount,USD,,2009-12-31,10729000000.0,10-Q,2010-05-07
us-gaap,LoansAndLeasesReceivableNetReportedAmount,USD,,2009-12-31,10729000000.0,10-Q,2010-08-06
us-gaap,LoansAndLeasesReceivableNetReportedAmount,USD,,2009-12-31,10729000000.0,10-Q,2010-11-05
us-gaap,LoansAndLeasesReceivableNetReportedAmount,USD,,2009-12-31,10729000000.0,10-K,2011-02-28
us-gaap,LoansAndLeasesReceivableNetReportedAmount,USD,,2010-03-31,12245000000.0,10-Q,2010-05-07
us-gaap,LoansAndLeasesReceivableNetReportedAmount,USD,,2010-06-30,11687000000.0,10-Q,2010-08-06
us-gaap,LoansAndLeasesReceivableNetReportedAmount,USD,,2010-09-30,13665000000.0,10-Q,2010-11-05
us-gaap,LoansAndLeasesReceivableNetReportedAmount,USD,,2010-12-31,11857000000.0,10-K,2011-02-28
us-gaap,LoansAndLeasesReceivableNetReportedAmount,USD,,2010-12-31,11857000000.0,10-Q,2011-05-09
us-gaap,LoansAndLeasesReceivableNetReportedAmount,USD,,2010-12-31,11857000000.0,10-Q,2011-08-05
us-gaap,LoansAndLeasesReceivableNetReportedAmount,USD,,2010-12-31,11857000000.0,10-Q,2011-11-04
us-gaap,LoansAndLeasesReceivableNetReportedAmount,USD,,2010-12-31,11857000000.0,10-K,2012-02-27
us-gaap,LoansAndLeasesReceivableNetReportedAmount,USD,,2011-03-31,12646000000.0,10-Q,2011-05-09
us-gaap,LoansAndLeasesReceivableNetReportedAmount,USD,,2011-06-30,12878000000.0,10-Q,2011-08-05
us-gaap,LoansAndLeasesReceivableNetReportedAmount,USD,,2011-09-30,11718000000.0,10-Q,2011-11-04
us-gaap,LoansAndLeasesReceivableNetReportedAmount,USD,,2011-12-31,10031000000.0,10-K,2012-02-27
us-gaap,LoansAndLeasesReceivableNetReportedAmount,USD,,2011-12-31,10031000000.0,10-Q,2012-05-04
us-gaap,LoansAndLeasesReceivableNetReportedAmount,USD,,2011-12-31,10031000000.0,10-Q,2012-08-03
us-gaap,LoansAndLeasesReceivableNetReportedAmount,USD,,2011-12-31,10031000000.0,10-Q,2012-11-02
us-gaap,LoansAndLeasesReceivableNetReportedAmount,USD,,2011-12-31,10031000000.0,10-K,2013-02-22
us-gaap,LoansAndLeasesReceivableNetReportedAmount,USD,,2012-03-31,12253000000.0,10-Q,2012-05-04
us-gaap,LoansAndLeasesReceivableNetReportedAmount,USD,,2012-06-30,12338000000.0,10-Q,2012-08-03
us-gaap,LoansAndLeasesReceivableNetReportedAmount,USD,,2012-09-30,14024000000.0,10-Q,2012-11-02
us-gaap,LoansAndLeasesReceivableNetReportedAmount,USD,,2012-12-31,12285000000.0,10-K,2013-02-22
us-gaap,LoansAndLeasesReceivableNetReportedAmount,USD,,2012-12-31,12285000000.0,10-Q,2013-05-03
us-gaap,LoansAndLeasesReceivableNetReportedAmount,USD,,2012-12-31,12285000000.0,10-Q,2013-08-06
us-gaap,LoansAndLeasesReceivableNetReportedAmount,USD,,2012-12-31,12285000000.0,10-Q,2013-11-06
us-gaap,LoansAndLeasesReceivableNetReportedAmount,USD,,2012-12-31,12285000000.0,10-K,2014-02-21
us-gaap,LoansAndLeasesReceivableNetReportedAmount,USD,,2013-03-31,13963000000.0,10-Q,2013-05-03
us-gaap,LoansAndLeasesReceivableNetReportedAmount,USD,,2013-06-30,16409000000.0,10-Q,2013-08-06
us-gaap,LoansAndLeasesReceivableNetReportedAmount,USD,,2013-09-30,15556000000.0,10-Q,2013-11-06
us-gaap,LoansAndLeasesReceivableNetReportedAmount,USD,,2013-12-31,13458000000.0,10-K,2014-02-21
us-gaap,LoansAndLeasesReceivableNetReportedAmount,USD,,2013-12-31,13458000000.0,10-Q,2014-05-09
us-gaap,LoansAndLeasesReceivableNetReportedAmount,USD,,2013-12-31,13458000000.0,10-Q,2014-08-08
us-gaap,LoansAndLeasesReceivableNetReportedAmount,USD,,2013-12-31,13458000000.0,10-Q,2014-11-10
us-gaap,LoansAndLeasesReceivableNetReportedAmount,USD,,2013-12-31,13458000000.0,10-K,2015-02-20
us-gaap,LoansAndLeasesReceivableNetReportedAmount,USD,,2014-03-31,16084000000.0,10-Q,2014-05-09
us-gaap,LoansAndLeasesReceivableNetReportedAmount,USD,,2014-06-30,16767000000.0,10-Q,2014-08-08
us-gaap,LoansAndLeasesReceivableNetReportedAmount,USD,,2014-09-30,18364000000.0,10-Q,2014-11-10
us-gaap,LoansAndLeasesReceivableNetReportedAmount,USD,,2014-12-31,18161000000.0,10-K,2015-02-20
us-gaap,LoansAndLeasesReceivableNetReportedAmount,USD,,2014-12-31,18161000000.0,10-Q,2015-05-08
us-gaap,LoansAndLeasesReceivableNetReportedAmount,USD,,2014-12-31,18161000000.0,10-Q,2015-08-07
us-gaap,LoansAndLeasesReceivableNetReportedAmount,USD,,2014-12-31,18161000000.0,10-Q,2015-11-06
us-gaap,LoansAndLeasesReceivableNetReportedAmount,USD,,2014-12-31,18161000000.0,10-K,2016-02-19
us-gaap,LoansAndLeasesReceivableNetReportedAmount,USD,,2015-03-31,18278000000.0,10-Q,2015-05-08
us-gaap,LoansAndLeasesReceivableNetReportedAmount,USD,,2015-06-30,18547000000.0,10-Q,2015-08-07
us-gaap,LoansAndLeasesReceivableNetReportedAmount,USD,,2015-09-30,19019000000.0,10-Q,2015-11-06
us-gaap,LoansAndLeasesReceivableNetReportedAmount,USD,,2015-12-31,18753000000.0,10-K,2016-02-19
us-gaap,LoansAndLeasesReceivableNetReportedAmount,USD,,2015-12-31,18753000000.0,10-Q,2016-05-06
us-gaap,LoansAndLeasesReceivableNetReportedAmount,USD,,2015-12-31,18753000000.0,10-Q,2016-08-05
us-gaap,LoansAndLeasesReceivableNetReportedAmount,USD,,2015-12-31,18753000000.0,10-Q,2016-11-03
us-gaap,LoansAndLeasesReceivableNetReportedAmount,USD,,2015-12-31,18753000000.0,10-K,2017-02-17
us-gaap,LoansAndLeasesReceivableNetReportedAmount,USD,,2016-03-31,19140000000.0,10-Q,2016-05-06
us-gaap,LoansAndLeasesReceivableNetReportedAmount,USD,,2016-06-30,19788000000.0,10-Q,2016-08-05
us-gaap,LoansAndLeasesReceivableNetReportedAmount,USD,,2016-09-30,21451000000.0,10-Q,2016-11-03
us-gaap,LoansAndLeasesReceivableNetReportedAmount,USD,,2016-12-31,19704000000.0,10-K,2017-02-17
us-gaap,LoansAndLeasesReceivableNetReportedAmount,USD,,2016-12-31,19704000000.0,10-Q,2017-05-04
us-gaap,LoansAndLeasesReceivableNetReportedAmount,USD,,2016-12-31,19704000000.0,10-Q,2017-08-04
us-gaap,LoansAndLeasesReceivableNetReportedAmount,USD,,2016-12-31,19704000000.0,10-Q,2017-11-01
us-gaap,LoansAndLeasesReceivableNetReportedAmount,USD,,2016-12-31,19704000000.0,10-K,2018-02-26
us-gaap,LoansAndLeasesReceivableNetReportedAmount,USD,,2017-03-31,22486000000.0,10-Q,2017-05-04
us-gaap,LoansAndLeasesReceivableNetReportedAmount,USD,,2017-06-30,24307000000.0,10-Q,2017-08-04
us-gaap,LoansAndLeasesReceivableNetReportedAmount,USD,,2017-09-30,23581000000.0,10-Q,2017-11-01
us-gaap,LoansAndLeasesReceivableNetReportedAmount,USD,,2017-12-31,23240000000.0,10-K,2018-02-26
us-gaap,LoansAndLeasesReceivableNetReportedAmount,USD,,2017-12-31,23240000000.0,10-Q,2018-05-03
us-gaap,LoansAndLeasesReceivableNetReportedAmount,USD,,2017-12-31,23240000000.0,10-Q,2018-07-25
us-gaap,LoansAndLeasesReceivableNetReportedAmount,USD,,2017-12-31,23240000000.0,10-Q,2018-10-31
us-gaap,LoansAndLeasesReceivableNetReportedAmount,USD,,2017-12-31,23240000000.0,10-K,2019-02-21
us-gaap,LoansAndLeasesReceivableNetReportedAmount,USD,,2017-12-31,23240000000.0,8-K,2019-05-02
us-gaap,LoansAndLeasesReceivableNetReportedAmount,USD,,2018-03-31,29528000000.0,10-Q,2018-05-03
us-gaap,LoansAndLeasesReceivableNetReportedAmount,USD,,2018-06-30,24069000000.0,10-Q,2018-07-25
us-gaap,LoansAndLeasesReceivableNetReportedAmount,USD,,2018-09-30,23312000000.0,10-Q,2018-10-31
us-gaap,LoansAndLeasesReceivableNetReportedAmount,USD,,2018-12-31,25722000000.0,10-K,2019-02-21
us-gaap,LoansAndLeasesReceivableNetReportedAmount,USD,,2018-12-31,25722000000.0,10-Q,2019-05-01
us-gaap,LoansAndLeasesReceivableNetReportedAmount,USD,,2018-12-31,25722000000.0,8-K,2019-05-02
us-gaap,LoansAndLeasesReceivableNetReportedAmount,USD,,2018-12-31,25722000000.0,10-Q,2019-07-26
us-gaap,LoansAndLeasesReceivableNetReportedAmount,USD,,2018-12-31,25722000000.0,10-Q,2019-10-25
us-gaap,LoansAndLeasesReceivableNetReportedAmount,USD,,2019-03-31,23311000000.0,10-Q,2019-05-01
us-gaap,LoansAndLeasesReceivableNetReportedAmount,USD,,2019-06-30,25349000000.0,10-Q,2019-07-26
us-gaap,LoansAndLeasesReceivableNetReportedAmount,USD,,2019-09-30,26938000000.0,10-Q,2019-10-25
us-gaap,LongTermDebt,USD,,2008-12-31,4419000000.0,10-Q,2009-08-10
us-gaap,LongTermDebt,USD,,2008-12-31,4419000000.0,10-Q,2009-11-06
us-gaap,LongTermDebt,USD,,2008-12-31,4419000000.0,10-K,2010-02-22
us-gaap,LongTermDebt,USD,,2009-06-30,8980000000.0,10-Q,2009-08-10
us-gaap,LongTermDebt,USD,,2009-09-30,8845000000.0,10-Q,2009-11-06
us-gaap,LongTermDebt,USD,,2009-12-31,8838000000.0,10-K,2010-02-22
us-gaap,LongTermDebt,USD,,2009-12-31,8838000000.0,10-Q,2010-05-07
us-gaap,LongTermDebt,USD,,2009-12-31,8838000000.0,10-Q,2010-08-06
us-gaap,LongTermDebt,USD,,2009-12-31,8838000000.0,10-Q,2010-11-05
us-gaap,LongTermDebt,USD,,2009-12-31,8838000000.0,10-K,2011-02-28
us-gaap,LongTermDebt,USD,,2010-03-31,8815000000.0,10-Q,2010-05-07
us-gaap,LongTermDebt,USD,,2010-06-30,8546000000.0,10-Q,2010-08-06
us-gaap,LongTermDebt,USD,,2010-09-30,8573000000.0,10-Q,2010-11-05
us-gaap,LongTermDebt,USD,,2010-12-31,8550000000.0,10-K,2011-02-28
us-gaap,LongTermDebt,USD,,2010-12-31,8550000000.0,10-Q,2011-05-09
us-gaap,LongTermDebt,USD,,2010-12-31,8550000000.0,10-Q,2011-08-05
us-gaap,LongTermDebt,USD,,2010-12-31,8550000000.0,10-Q,2011-11-04
us-gaap,LongTermDebt,USD,,2010-12-31,8550000000.0,10-K,2012-02-27
us-gaap,LongTermDebt,USD,,2011-03-31,9531000000.0,10-Q,2011-05-09
us-gaap,LongTermDebt,USD,,2011-06-30,9544000000.0,10-Q,2011-08-05
us-gaap,LongTermDebt,USD,,2011-09-30,8112000000.0,10-Q,2011-11-04
us-gaap,LongTermDebt,USD,,2011-12-31,8131000000.0,10-K,2012-02-27
us-gaap,LongTermDebt,USD,,2011-12-31,8131000000.0,10-Q,2012-05-04
us-gaap,LongTermDebt,USD,,2011-12-31,8131000000.0,10-Q,2012-08-03
us-gaap,LongTermDebt,USD,,2011-12-31,8131000000.0,10-Q,2012-11-02
us-gaap,LongTermDebt,USD,,2011-12-31,8131000000.0,10-K,2013-02-22
us-gaap,LongTermDebt,USD,,2012-03-31,8117000000.0,10-Q,2012-05-04
us-gaap,LongTermDebt,USD,,2012-06-30,6392000000.0,10-Q,2012-08-03
us-gaap,LongTermDebt,USD,,2012-09-30,6418000000.0,10-Q,2012-11-02
us-gaap,LongTermDebt,USD,,2012-12-31,7429000000.0,10-K,2013-02-22
us-gaap,LongTermDebt,USD,,2012-12-31,7429000000.0,10-Q,2013-05-03
us-gaap,LongTermDebt,USD,,2012-12-31,7429000000.0,10-Q,2013-08-06
us-gaap,LongTermDebt,USD,,2012-12-31,7429000000.0,10-Q,2013-11-06
us-gaap,LongTermDebt,USD,,2012-12-31,7429000000.0,10-K,2014-02-21
us-gaap,LongTermDebt,USD,,2013-03-31,7440000000.0,10-Q,2013-05-03
us-gaap,LongTermDebt,USD,,2013-06-30,8841000000.0,10-Q,2013-08-06
us-gaap,LongTermDebt,USD,,2013-09-30,8748000000.0,10-Q,2013-11-06
us-gaap,LongTermDebt,USD,,2013-12-31,9699000000.0,10-K,2014-02-21
us-gaap,LongTermDebt,USD,,2013-12-31,9699000000.0,10-Q,2014-05-09
us-gaap,LongTermDebt,USD,,2013-12-31,9699000000.0,10-Q,2014-08-08
us-gaap,LongTermDebt,USD,,2013-12-31,9699000000.0,10-Q,2014-11-10
us-gaap,LongTermDebt,USD,,2013-12-31,9699000000.0,10-K,2015-02-20
us-gaap,LongTermDebt,USD,,2014-03-31,9503000000.0,10-Q,2014-05-09
us-gaap,LongTermDebt,USD,,2014-06-30,9037000000.0,10-Q,2014-08-08
us-gaap,LongTermDebt,USD,,2014-09-30,9016000000.0,10-Q,2014-11-10
us-gaap,LongTermDebt,USD,,2014-12-31,10042000000.0,10-K,2015-02-20
us-gaap,LongTermDebt,USD,,2014-12-31,10042000000.0,10-Q,2015-05-08
us-gaap,LongTermDebt,USD,,2014-12-31,10042000000.0,10-Q,2015-08-07
us-gaap,LongTermDebt,USD,,2014-12-31,10042000000.0,10-Q,2015-11-06
us-gaap,LongTermDebt,USD,,2014-12-31,10042000000.0,10-K,2016-02-19
us-gaap,LongTermDebt,USD,,2015-03-31,9174000000.0,10-Q,2015-05-08
us-gaap,LongTermDebt,USD,,2015-06-30,9085000000.0,10-Q,2015-08-07
us-gaap,LongTermDebt,USD,,2015-09-30,12025000000.0,10-Q,2015-11-06
us-gaap,LongTermDebt,USD,,2015-12-31,11534000000.0,10-K,2016-02-19
us-gaap,LongTermDebt,USD,,2015-12-31,11497000000.0,10-Q,2016-05-06
us-gaap,LongTermDebt,USD,,2015-12-31,11497000000.0,10-Q,2016-08-05
us-gaap,LongTermDebt,USD,,2015-12-31,11497000000.0,10-Q,2016-11-03
us-gaap,LongTermDebt,USD,,2016-03-31,10323000000.0,10-Q,2016-05-06
us-gaap,LongTermDebt,USD,,2016-06-30,11924000000.0,10-Q,2016-08-05
us-gaap,LongTermDebt,USD,,2016-09-30,11834000000.0,10-Q,2016-11-03
us-gaap,NoninterestBearingDepositLiabilities,USD,,2008-12-31,32785000000.0,10-Q,2009-08-10
us-gaap,NoninterestBearingDepositLiabilities,USD,,2008-12-31,32785000000.0,10-Q,2009-11-06
us-gaap,NoninterestBearingDepositLiabilities,USD,,2008-12-31,32785000000.0,10-K,2010-02-22
us-gaap,NoninterestBearingDepositLiabilities,USD,,2009-06-30,14539000000.0,10-Q,2009-08-10
us-gaap,NoninterestBearingDepositLiabilities,USD,,2009-09-30,13572000000.0,10-Q,2009-11-06
us-gaap,NoninterestBearingDepositLiabilities,USD,,2009-12-31,11969000000.0,10-K,2010-02-22
us-gaap,NoninterestBearingDepositLiabilities,USD,,2009-12-31,11969000000.0,10-Q,2010-05-07
us-gaap,NoninterestBearingDepositLiabilities,USD,,2009-12-31,11969000000.0,10-Q,2010-08-06
us-gaap,NoninterestBearingDepositLiabilities,USD,,2009-12-31,11969000000.0,10-Q,2010-11-05
us-gaap,NoninterestBearingDepositLiabilities,USD,,2009-12-31,11969000000.0,10-K,2011-02-28
us-gaap,NoninterestBearingDepositLiabilities,USD,,2010-03-31,13550000000.0,10-Q,2010-05-07
us-gaap,NoninterestBearingDepositLiabilities,USD,,2010-06-30,11704000000.0,10-Q,2010-08-06
us-gaap,NoninterestBearingDepositLiabilities,USD,,2010-09-30,17313000000.0,10-Q,2010-11-05
us-gaap,NoninterestBearingDepositLiabilities,USD,,2010-12-31,17464000000.0,10-K,2011-02-28
us-gaap,NoninterestBearingDepositLiabilities,USD,,2010-12-31,17464000000.0,10-Q,2011-05-09
us-gaap,NoninterestBearingDepositLiabilities,USD,,2010-12-31,17464000000.0,10-Q,2011-08-05
us-gaap,NoninterestBearingDepositLiabilities,USD,,2010-12-31,17464000000.0,10-Q,2011-11-04
us-gaap,NoninterestBearingDepositLiabilities,USD,,2010-12-31,17464000000.0,10-K,2012-02-27
us-gaap,NoninterestBearingDepositLiabilities,USD,,2011-03-31,23667000000.0,10-Q,2011-05-09
us-gaap,NoninterestBearingDepositLiabilities,USD,,2011-06-30,28065000000.0,10-Q,2011-08-05
us-gaap,NoninterestBearingDepositLiabilities,USD,,2011-09-30,36435000000.0,10-Q,2011-11-04
us-gaap,NoninterestBearingDepositLiabilities,USD,,2011-12-31,59229000000.0,10-K,2012-02-27
us-gaap,NoninterestBearingDepositLiabilities,USD,,2011-12-31,59229000000.0,10-Q,2012-05-04
us-gaap,NoninterestBearingDepositLiabilities,USD,,2011-12-31,59229000000.0,10-Q,2012-08-03
us-gaap,NoninterestBearingDepositLiabilities,USD,,2011-12-31,59229000000.0,10-Q,2012-11-02
us-gaap,NoninterestBearingDepositLiabilities,USD,,2011-12-31,59229000000.0,10-K,2013-02-22
us-gaap,NoninterestBearingDepositLiabilities,USD,,2012-03-31,37201000000.0,10-Q,2012-05-04
us-gaap,NoninterestBearingDepositLiabilities,USD,,2012-06-30,41194000000.0,10-Q,2012-08-03
us-gaap,NoninterestBearingDepositLiabilities,USD,,2012-09-30,40963000000.0,10-Q,2012-11-02
us-gaap,NoninterestBearingDepositLiabilities,USD,,2012-12-31,44445000000.0,10-K,2013-02-22
us-gaap,NoninterestBearingDepositLiabilities,USD,,2012-12-31,44445000000.0,10-Q,2013-05-03
us-gaap,NoninterestBearingDepositLiabilities,USD,,2012-12-31,44445000000.0,10-Q,2013-08-06
us-gaap,NoninterestBearingDepositLiabilities,USD,,2012-12-31,44445000000.0,10-Q,2013-11-06
us-gaap,NoninterestBearingDepositLiabilities,USD,,2012-12-31,44445000000.0,10-K,2014-02-21
us-gaap,NoninterestBearingDepositLiabilities,USD,,2013-03-31,40704000000.0,10-Q,2013-05-03
us-gaap,NoninterestBearingDepositLiabilities,USD,,2013-06-30,49922000000.0,10-Q,2013-08-06
us-gaap,NoninterestBearingDepositLiabilities,USD,,2013-09-30,45679000000.0,10-Q,2013-11-06
us-gaap,NoninterestBearingDepositLiabilities,USD,,2013-12-31,65614000000.0,10-K,2014-02-21
us-gaap,NoninterestBearingDepositLiabilities,USD,,2013-12-31,65614000000.0,10-Q,2014-05-09
us-gaap,NoninterestBearingDepositLiabilities,USD,,2013-12-31,65614000000.0,10-Q,2014-08-08
us-gaap,NoninterestBearingDepositLiabilities,USD,,2013-12-31,65614000000.0,10-Q,2014-11-10
us-gaap,NoninterestBearingDepositLiabilities,USD,,2013-12-31,65614000000.0,10-K,2015-02-20
us-gaap,NoninterestBearingDepositLiabilities,USD,,2014-03-31,72800000000.0,10-Q,2014-05-09
us-gaap,NoninterestBearingDepositLiabilities,USD,,2014-06-30,73109000000.0,10-Q,2014-08-08
us-gaap,NoninterestBearingDepositLiabilities,USD,,2014-09-30,66134000000.0,10-Q,2014-11-10
us-gaap,NoninterestBearingDepositLiabilities,USD,,2014-12-31,70490000000.0,10-K,2015-02-20
us-gaap,NoninterestBearingDepositLiabilities,USD,,2014-12-31,70490000000.0,10-Q,2015-05-08
us-gaap,NoninterestBearingDepositLiabilities,USD,,2014-12-31,70490000000.0,10-Q,2015-08-07
us-gaap,NoninterestBearingDepositLiabilities,USD,,2014-12-31,70490000000.0,10-Q,2015-11-06
us-gaap,NoninterestBearingDepositLiabilities,USD,,2014-12-31,70490000000.0,10-K,2016-02-19
us-gaap,NoninterestBearingDepositLiabilities,USD,,2015-03-31,72704000000.0,10-Q,2015-05-08
us-gaap,NoninterestBearingDepositLiabilities,USD,,2015-06-30,83120000000.0,10-Q,2015-08-07
us-gaap,NoninterestBearingDepositLiabilities,USD,,2015-09-30,58426000000.0,10-Q,2015-11-06
us-gaap,NoninterestBearingDepositLiabilities,USD,,2015-12-31,65800000000.0,10-K,2016-02-19
us-gaap,NoninterestBearingDepositLiabilities,USD,,2015-12-31,65800000000.0,10-Q,2016-05-06
us-gaap,NoninterestBearingDepositLiabilities,USD,,2015-12-31,65800000000.0,10-Q,2016-08-05
us-gaap,NoninterestBearingDepositLiabilities,USD,,2015-12-31,65800000000.0,10-Q,2016-11-03
us-gaap,NoninterestBearingDepositLiabilities,USD,,2015-12-31,65800000000.0,10-K,2017-02-17
us-gaap,NoninterestBearingDepositLiabilities,USD,,2016-03-31,54248000000.0,10-Q,2016-05-06
us-gaap,NoninterestBearingDepositLiabilities,USD,,2016-06-30,57268000000.0,10-Q,2016-08-05
us-gaap,NoninterestBearingDepositLiabilities,USD,,2016-09-30,60545000000.0,10-Q,2016-11-03
us-gaap,NoninterestBearingDepositLiabilities,USD,,2016-12-31,59397000000.0,10-K,2017-02-17
us-gaap,NoninterestBearingDepositLiabilities,USD,,2016-12-31,59397000000.0,10-Q,2017-05-04
us-gaap,NoninterestBearingDepositLiabilities,USD,,2016-12-31,59397000000.0,10-Q,2017-08-04
us-gaap,NoninterestBearingDepositLiabilities,USD,,2016-12-31,59397000000.0,10-Q,2017-11-01
us-gaap,NoninterestBearingDepositLiabilities,USD,,2016-12-31,59397000000.0,10-K,2018-02-26
us-gaap,NoninterestBearingDepositLiabilities,USD,,2017-03-31,56786000000.0,10-Q,2017-05-04
us-gaap,NoninterestBearingDepositLiabilities,USD,,2017-06-30,50957000000.0,10-Q,2017-08-04
us-gaap,NoninterestBearingDepositLiabilities,USD,,2017-09-30,49850000000.0,10-Q,2017-11-01
us-gaap,NoninterestBearingDepositLiabilities,USD,,2017-12-31,47175000000.0,10-K,2018-02-26
us-gaap,NoninterestBearingDepositLiabilities,USD,,2017-12-31,47175000000.0,10-Q,2018-05-03
us-gaap,NoninterestBearingDepositLiabilities,USD,,2017-12-31,47175000000.0,10-Q,2018-07-25
us-gaap,NoninterestBearingDepositLiabilities,USD,,2017-12-31,47175000000.0,10-Q,2018-10-31
us-gaap,NoninterestBearingDepositLiabilities,USD,,2017-12-31,47175000000.0,10-K,2019-02-21
us-gaap,NoninterestBearingDepositLiabilities,USD,,2017-12-31,47175000000.0,8-K,2019-05-02
us-gaap,NoninterestBearingDepositLiabilities,USD,,2018-03-31,57025000000.0,10-Q,2018-05-03
us-gaap,NoninterestBearingDepositLiabilities,USD,,2018-06-30,52316000000.0,10-Q,2018-07-25
us-gaap,NoninterestBearingDepositLiabilities,USD,,2018-09-30,41893000000.0,10-Q,2018-10-31
us-gaap,NoninterestBearingDepositLiabilities,USD,,2018-12-31,44804000000.0,10-K,2019-02-21
us-gaap,NoninterestBearingDepositLiabilities,USD,,2018-12-31,44804000000.0,10-Q,2019-05-01
us-gaap,NoninterestBearingDepositLiabilities,USD,,2018-12-31,44804000000.0,8-K,2019-05-02
us-gaap,NoninterestBearingDepositLiabilities,USD,,2018-12-31,44804000000.0,10-Q,2019-07-26
us-gaap,NoninterestBearingDepositLiabilities,USD,,2018-12-31,44804000000.0,10-Q,2019-10-25
us-gaap,NoninterestBearingDepositLiabilities,USD,,2018-12-31,44804000000.0,10-K,2020-02-20
us-gaap,NoninterestBearingDepositLiabilities,USD,,2019-03-31,35295000000.0,10-Q,2019-05-01
us-gaap,NoninterestBearingDepositLiabilities,USD,,2019-06-30,34278000000.0,10-Q,2019-07-26
us-gaap,NoninterestBearingDepositLiabilities,USD,,2019-09-30,33719000000.0,10-Q,2019-10-25
us-gaap,NoninterestBearingDepositLiabilities,USD,,2019-12-31,34031000000.0,10-K,2020-02-20
us-gaap,NoninterestBearingDepositLiabilities,USD,,2019-12-31,34031000000.0,10-Q,2020-04-28
us-gaap,NoninterestBearingDepositLiabilities,USD,,2019-12-31,34031000000.0,10-Q,2020-07-27
us-gaap,NoninterestBearingDepositLiabilities,USD,,2019-12-31,34031000000.0,10-Q,2020-10-23
us-gaap,NoninterestBearingDepositLiabilities,USD,,2019-12-31,34031000000.0,10-K,2021-02-19
us-gaap,NoninterestBearingDepositLiabilities,USD,,2020-03-31,69404000000.0,10-Q,2020-04-28
us-gaap,NoninterestBearingDepositLiabilities,USD,,2020-06-30,42132000000.0,10-Q,2020-07-27
us-gaap,NoninterestBearingDepositLiabilities,USD,,2020-09-30,41183000000.0,10-Q,2020-10-23
us-gaap,NoninterestBearingDepositLiabilities,USD,,2020-12-31,49439000000.0,10-K,2021-02-19
us-gaap,NoninterestBearingDepositLiabilities,USD,,2020-12-31,49439000000.0,10-Q,2021-04-23
us-gaap,NoninterestBearingDepositLiabilities,USD,,2020-12-31,49439000000.0,10-Q,2021-07-23
us-gaap,NoninterestBearingDepositLiabilities,USD,,2020-12-31,49439000000.0,10-Q,2021-10-22
us-gaap,NoninterestBearingDepositLiabilities,USD,,2020-12-31,49439000000.0,10-K,2022-02-17
us-gaap,NoninterestBearingDepositLiabilities,USD,,2021-03-31,57079000000.0,10-Q,2021-04-23
us-gaap,NoninterestBearingDepositLiabilities,USD,,2021-06-30,61742000000.0,10-Q,2021-07-23
us-gaap,NoninterestBearingDepositLiabilities,USD,,2021-09-30,64885000000.0,10-Q,2021-10-22
us-gaap,NoninterestBearingDepositLiabilities,USD,,2021-12-31,56461000000.0,10-K,2022-02-17
us-gaap,NoninterestBearingDepositLiabilities,USD,,2021-12-31,56461000000.0,10-Q,2022-04-27
us-gaap,NoninterestBearingDepositLiabilities,USD,,2021-12-31,56461000000.0,10-Q,2022-07-28
us-gaap,NoninterestBearingDepositLiabilities,USD,,2021-12-31,56461000000.0,10-Q,2022-10-26
us-gaap,NoninterestBearingDepositLiabilities,USD,,2021-12-31,56461000000.0,10-K,2023-02-16
us-gaap,NoninterestBearingDepositLiabilities,USD,,2022-03-31,61797000000.0,10-Q,2022-04-27
us-gaap,NoninterestBearingDepositLiabilities,USD,,2022-06-30,55062000000.0,10-Q,2022-07-28
us-gaap,NoninterestBearingDepositLiabilities,USD,,2022-09-30,55894000000.0,10-Q,2022-10-26
us-gaap,NoninterestBearingDepositLiabilities,USD,,2022-12-31,46755000000.0,10-K,2023-02-16
us-gaap,NoninterestBearingDepositLiabilities,USD,,2022-12-31,46755000000.0,10-Q,2023-04-27
us-gaap,NoninterestBearingDepositLiabilities,USD,,2022-12-31,46755000000.0,10-Q,2023-07-28
us-gaap,NoninterestBearingDepositLiabilities,USD,,2022-12-31,46755000000.0,10-Q,2023-10-27
us-gaap,NoninterestBearingDepositLiabilities,USD,,2022-12-31,46755000000.0,10-K,2024-02-15
us-gaap,NoninterestBearingDepositLiabilities,USD,,2023-03-31,45856000000.0,10-Q,2023-04-27
us-gaap,NoninterestBearingDepositLiabilities,USD,,2023-06-30,36455000000.0,10-Q,2023-07-28
us-gaap,NoninterestBearingDepositLiabilities,USD,,2023-09-30,35824000000.0,10-Q,2023-10-27
us-gaap,NoninterestBearingDepositLiabilities,USD,,2023-12-31,32569000000.0,10-K,2024-02-15
us-gaap,NoninterestBearingDepositLiabilities,USD,,2023-12-31,32569000000.0,10-Q,2024-05-02
us-gaap,NoninterestBearingDepositLiabilities,USD,,2023-12-31,32569000000.0,10-Q,2024-08-01
us-gaap,NoninterestBearingDepositLiabilities,USD,,2023-12-31,32569000000.0,10-Q,2024-10-31
us-gaap,NoninterestBearingDepositLiabilities,USD,,2023-12-31,32569000000.0,10-K,2025-02-13
us-gaap,NoninterestBearingDepositLiabilities,USD,,2024-03-31,37367000000.0,10-Q,2024-05-02
us-gaap,NoninterestBearingDepositLiabilities,USD,,2024-06-30,34519000000.0,10-Q,2024-08-01
us-gaap,NoninterestBearingDepositLiabilities,USD,,2024-09-30,31448000000.0,10-Q,2024-10-31
us-gaap,NoninterestBearingDepositLiabilities,USD,,2024-12-31,33180000000.0,10-K,2025-02-13
us-gaap,NoninterestBearingDepositLiabilities,USD,,2024-12-31,33180000000.0,10-Q,2025-05-01
us-gaap,NoninterestBearingDepositLiabilities,USD,,2024-12-31,33180000000.0,10-Q,2025-07-31
us-gaap,NoninterestBearingDepositLiabilities,USD,,2024-12-31,33180000000.0,10-Q,2025-10-30
us-gaap,NoninterestBearingDepositLiabilities,USD,,2024-12-31,33180000000.0,10-K,2026-02-19
us-gaap,NoninterestBearingDepositLiabilities,USD,,2025-03-31,32265000000.0,10-Q,2025-05-01
us-gaap,NoninterestBearingDepositLiabilities,USD,,2025-06-30,34569000000.0,10-Q,2025-07-31
us-gaap,NoninterestBearingDepositLiabilities,USD,,2025-09-30,34395000000.0,10-Q,2025-10-30
us-gaap,NoninterestBearingDepositLiabilities,USD,,2025-12-31,35267000000.0,10-K,2026-02-19
us-gaap,NoninterestBearingDepositLiabilities,USD,,2025-12-31,35267000000.0,10-Q,2026-04-29
us-gaap,NoninterestBearingDepositLiabilities,USD,,2025-12-31,35267000000.0,10-Q,2026-07-30
us-gaap,NoninterestBearingDepositLiabilities,USD,,2026-03-31,39643000000.0,10-Q,2026-04-29
us-gaap,NoninterestBearingDepositLiabilities,USD,,2026-06-30,46489000000.0,10-Q,2026-07-30
us-gaap,PreferredStockValue,USD,,2008-12-31,1883000000.0,10-K,2010-02-22
us-gaap,PreferredStockValue,USD,,2008-12-31,1883000000.0,10-Q,2009-11-06
us-gaap,PreferredStockValue,USD,,2008-12-31,1883000000.0,10-Q,2009-08-10
us-gaap,PreferredStockValue,USD,,2009-06-30,0.0,10-Q,2009-08-10
us-gaap,PreferredStockValue,USD,,2009-09-30,0.0,10-Q,2009-11-06
us-gaap,PreferredStockValue,USD,,2009-12-31,0.0,10-K,2010-02-22
us-gaap,PreferredStockValue,USD,,2011-03-31,500000000.0,10-Q,2011-11-04
us-gaap,PreferredStockValue,USD,,2011-03-31,500000000.0,10-Q,2011-08-05
us-gaap,PreferredStockValue,USD,,2011-03-31,500000000.0,10-Q,2011-05-09
us-gaap,PreferredStockValue,USD,,2011-06-30,500000000.0,10-Q,2011-08-05
us-gaap,PreferredStockValue,USD,,2011-09-30,500000000.0,10-Q,2011-11-04
us-gaap,PreferredStockValue,USD,,2011-12-31,500000000.0,10-K,2012-02-27
us-gaap,PreferredStockValue,USD,,2011-12-31,500000000.0,10-Q,2012-08-03
us-gaap,PreferredStockValue,USD,,2011-12-31,500000000.0,10-Q,2012-05-04
us-gaap,PreferredStockValue,USD,,2012-03-31,500000000.0,10-Q,2012-05-04
us-gaap,PreferredStockValue,USD,,2012-06-30,500000000.0,10-Q,2012-08-03
us-gaap,PreferredStockValue,USD,,2013-12-31,491000000.0,10-K,2015-02-20
us-gaap,PreferredStockValue,USD,,2013-12-31,491000000.0,10-Q,2014-11-10
us-gaap,PreferredStockValue,USD,,2013-12-31,491000000.0,10-Q,2014-08-08
us-gaap,SecuritiesSoldUnderAgreementsToRepurchase,USD,,2008-12-31,11154000000.0,10-Q,2009-08-10
us-gaap,SecuritiesSoldUnderAgreementsToRepurchase,USD,,2008-12-31,11154000000.0,10-Q,2009-11-06
us-gaap,SecuritiesSoldUnderAgreementsToRepurchase,USD,,2008-12-31,11154000000.0,10-K,2010-02-22
us-gaap,SecuritiesSoldUnderAgreementsToRepurchase,USD,,2009-06-30,12899000000.0,10-Q,2009-08-10
us-gaap,SecuritiesSoldUnderAgreementsToRepurchase,USD,,2009-09-30,11890000000.0,10-Q,2009-11-06
us-gaap,SecuritiesSoldUnderAgreementsToRepurchase,USD,,2009-12-31,10542000000.0,10-K,2010-02-22
us-gaap,SecuritiesSoldUnderAgreementsToRepurchase,USD,,2009-12-31,10542000000.0,10-Q,2010-05-07
us-gaap,SecuritiesSoldUnderAgreementsToRepurchase,USD,,2009-12-31,10542000000.0,10-Q,2010-08-06
us-gaap,SecuritiesSoldUnderAgreementsToRepurchase,USD,,2009-12-31,10542000000.0,10-Q,2010-11-05
us-gaap,SecuritiesSoldUnderAgreementsToRepurchase,USD,,2009-12-31,10542000000.0,10-K,2011-02-28
us-gaap,SecuritiesSoldUnderAgreementsToRepurchase,USD,,2010-03-31,8894000000.0,10-Q,2010-05-07
us-gaap,SecuritiesSoldUnderAgreementsToRepurchase,USD,,2010-06-30,9058000000.0,10-Q,2010-08-06
us-gaap,SecuritiesSoldUnderAgreementsToRepurchase,USD,,2010-09-30,8671000000.0,10-Q,2010-11-05
us-gaap,SecuritiesSoldUnderAgreementsToRepurchase,USD,,2010-12-31,7599000000.0,10-K,2011-02-28
us-gaap,SecuritiesSoldUnderAgreementsToRepurchase,USD,,2010-12-31,7599000000.0,10-Q,2011-05-09
us-gaap,SecuritiesSoldUnderAgreementsToRepurchase,USD,,2010-12-31,7599000000.0,10-Q,2011-08-05
us-gaap,SecuritiesSoldUnderAgreementsToRepurchase,USD,,2010-12-31,7599000000.0,10-Q,2011-11-04
us-gaap,SecuritiesSoldUnderAgreementsToRepurchase,USD,,2010-12-31,7599000000.0,10-K,2012-02-27
us-gaap,SecuritiesSoldUnderAgreementsToRepurchase,USD,,2011-03-31,7133000000.0,10-Q,2011-05-09
us-gaap,SecuritiesSoldUnderAgreementsToRepurchase,USD,,2011-06-30,9171000000.0,10-Q,2011-08-05
us-gaap,SecuritiesSoldUnderAgreementsToRepurchase,USD,,2011-09-30,9521000000.0,10-Q,2011-11-04
us-gaap,SecuritiesSoldUnderAgreementsToRepurchase,USD,,2011-12-31,8572000000.0,10-K,2012-02-27
us-gaap,SecuritiesSoldUnderAgreementsToRepurchase,USD,,2011-12-31,8572000000.0,10-Q,2012-05-04
us-gaap,SecuritiesSoldUnderAgreementsToRepurchase,USD,,2011-12-31,8572000000.0,10-Q,2012-08-03
us-gaap,SecuritiesSoldUnderAgreementsToRepurchase,USD,,2011-12-31,8572000000.0,10-Q,2012-11-02
us-gaap,SecuritiesSoldUnderAgreementsToRepurchase,USD,,2011-12-31,8572000000.0,10-K,2013-02-22
us-gaap,SecuritiesSoldUnderAgreementsToRepurchase,USD,,2012-03-31,7836000000.0,10-Q,2012-05-04
us-gaap,SecuritiesSoldUnderAgreementsToRepurchase,USD,,2012-06-30,8893000000.0,10-Q,2012-08-03
us-gaap,SecuritiesSoldUnderAgreementsToRepurchase,USD,,2012-09-30,7933000000.0,10-Q,2012-11-02
us-gaap,SecuritiesSoldUnderAgreementsToRepurchase,USD,,2012-12-31,8006000000.0,10-K,2013-02-22
us-gaap,SecuritiesSoldUnderAgreementsToRepurchase,USD,,2012-12-31,8006000000.0,10-Q,2013-05-03
us-gaap,SecuritiesSoldUnderAgreementsToRepurchase,USD,,2012-12-31,8006000000.0,10-Q,2013-08-06
us-gaap,SecuritiesSoldUnderAgreementsToRepurchase,USD,,2012-12-31,8006000000.0,10-Q,2013-11-06
us-gaap,SecuritiesSoldUnderAgreementsToRepurchase,USD,,2012-12-31,8006000000.0,10-K,2014-02-21
us-gaap,SecuritiesSoldUnderAgreementsToRepurchase,USD,,2013-03-31,11538000000.0,10-Q,2013-05-03
us-gaap,SecuritiesSoldUnderAgreementsToRepurchase,USD,,2013-06-30,9154000000.0,10-Q,2013-08-06
us-gaap,SecuritiesSoldUnderAgreementsToRepurchase,USD,,2013-09-30,10123000000.0,10-Q,2013-11-06
us-gaap,SecuritiesSoldUnderAgreementsToRepurchase,USD,,2013-12-31,7953000000.0,10-K,2014-02-21
us-gaap,SecuritiesSoldUnderAgreementsToRepurchase,USD,,2013-12-31,7953000000.0,10-Q,2014-05-09
us-gaap,SecuritiesSoldUnderAgreementsToRepurchase,USD,,2013-12-31,7953000000.0,10-Q,2014-08-08
us-gaap,SecuritiesSoldUnderAgreementsToRepurchase,USD,,2013-12-31,7953000000.0,10-Q,2014-11-10
us-gaap,SecuritiesSoldUnderAgreementsToRepurchase,USD,,2013-12-31,7953000000.0,10-K,2015-02-20
us-gaap,SecuritiesSoldUnderAgreementsToRepurchase,USD,,2014-03-31,8953000000.0,10-Q,2014-05-09
us-gaap,SecuritiesSoldUnderAgreementsToRepurchase,USD,,2014-06-30,9168000000.0,10-Q,2014-08-08
us-gaap,SecuritiesSoldUnderAgreementsToRepurchase,USD,,2014-09-30,9385000000.0,10-Q,2014-11-10
us-gaap,SecuritiesSoldUnderAgreementsToRepurchase,USD,,2014-12-31,8925000000.0,10-K,2015-02-20
us-gaap,SecuritiesSoldUnderAgreementsToRepurchase,USD,,2014-12-31,8925000000.0,10-Q,2015-05-08
us-gaap,SecuritiesSoldUnderAgreementsToRepurchase,USD,,2014-12-31,8925000000.0,10-Q,2015-08-07
us-gaap,SecuritiesSoldUnderAgreementsToRepurchase,USD,,2014-12-31,8925000000.0,10-Q,2015-11-06
us-gaap,SecuritiesSoldUnderAgreementsToRepurchase,USD,,2014-12-31,8925000000.0,10-K,2016-02-19
us-gaap,SecuritiesSoldUnderAgreementsToRepurchase,USD,,2015-03-31,10158000000.0,10-Q,2015-05-08
us-gaap,SecuritiesSoldUnderAgreementsToRepurchase,USD,,2015-06-30,10978000000.0,10-Q,2015-08-07
us-gaap,SecuritiesSoldUnderAgreementsToRepurchase,USD,,2015-09-30,7760000000.0,10-Q,2015-11-06
us-gaap,SecuritiesSoldUnderAgreementsToRepurchase,USD,,2015-12-31,4499000000.0,10-K,2016-02-19
us-gaap,SecuritiesSoldUnderAgreementsToRepurchase,USD,,2015-12-31,4499000000.0,10-Q,2016-05-06
us-gaap,SecuritiesSoldUnderAgreementsToRepurchase,USD,,2015-12-31,4499000000.0,10-Q,2016-08-05
us-gaap,SecuritiesSoldUnderAgreementsToRepurchase,USD,,2015-12-31,4499000000.0,10-Q,2016-11-03
us-gaap,SecuritiesSoldUnderAgreementsToRepurchase,USD,,2015-12-31,4499000000.0,10-K,2017-02-17
us-gaap,SecuritiesSoldUnderAgreementsToRepurchase,USD,,2016-03-31,4224000000.0,10-Q,2016-05-06
us-gaap,SecuritiesSoldUnderAgreementsToRepurchase,USD,,2016-06-30,4350000000.0,10-Q,2016-08-05
us-gaap,SecuritiesSoldUnderAgreementsToRepurchase,USD,,2016-09-30,4364000000.0,10-Q,2016-11-03
us-gaap,SecuritiesSoldUnderAgreementsToRepurchase,USD,,2016-12-31,4400000000.0,10-K,2017-02-17
us-gaap,SecuritiesSoldUnderAgreementsToRepurchase,USD,,2016-12-31,4400000000.0,10-Q,2017-05-04
us-gaap,SecuritiesSoldUnderAgreementsToRepurchase,USD,,2016-12-31,4400000000.0,10-Q,2017-08-04
us-gaap,SecuritiesSoldUnderAgreementsToRepurchase,USD,,2016-12-31,4400000000.0,10-Q,2017-11-01
us-gaap,SecuritiesSoldUnderAgreementsToRepurchase,USD,,2016-12-31,4400000000.0,10-K,2018-02-26
us-gaap,SecuritiesSoldUnderAgreementsToRepurchase,USD,,2017-03-31,4003000000.0,10-Q,2017-05-04
us-gaap,SecuritiesSoldUnderAgreementsToRepurchase,USD,,2017-06-30,3856000000.0,10-Q,2017-08-04
us-gaap,SecuritiesSoldUnderAgreementsToRepurchase,USD,,2017-09-30,3867000000.0,10-Q,2017-11-01
us-gaap,SecuritiesSoldUnderAgreementsToRepurchase,USD,,2017-12-31,2842000000.0,10-K,2018-02-26
us-gaap,SecuritiesSoldUnderAgreementsToRepurchase,USD,,2017-12-31,2842000000.0,10-Q,2018-05-03
us-gaap,SecuritiesSoldUnderAgreementsToRepurchase,USD,,2017-12-31,2842000000.0,10-Q,2018-07-25
us-gaap,SecuritiesSoldUnderAgreementsToRepurchase,USD,,2017-12-31,2842000000.0,10-Q,2018-10-31
us-gaap,SecuritiesSoldUnderAgreementsToRepurchase,USD,,2017-12-31,2842000000.0,10-K,2019-02-21
us-gaap,SecuritiesSoldUnderAgreementsToRepurchase,USD,,2017-12-31,2842000000.0,8-K,2019-05-02
us-gaap,SecuritiesSoldUnderAgreementsToRepurchase,USD,,2018-03-31,2020000000.0,10-Q,2018-05-03
us-gaap,SecuritiesSoldUnderAgreementsToRepurchase,USD,,2018-06-30,3088000000.0,10-Q,2018-07-25
us-gaap,SecuritiesSoldUnderAgreementsToRepurchase,USD,,2018-09-30,1690000000.0,10-Q,2018-10-31
us-gaap,SecuritiesSoldUnderAgreementsToRepurchase,USD,,2018-12-31,1082000000.0,10-K,2019-02-21
us-gaap,SecuritiesSoldUnderAgreementsToRepurchase,USD,,2018-12-31,1082000000.0,10-Q,2019-05-01
us-gaap,SecuritiesSoldUnderAgreementsToRepurchase,USD,,2018-12-31,1082000000.0,8-K,2019-05-02
us-gaap,SecuritiesSoldUnderAgreementsToRepurchase,USD,,2018-12-31,1082000000.0,10-Q,2019-07-26
us-gaap,SecuritiesSoldUnderAgreementsToRepurchase,USD,,2018-12-31,1082000000.0,10-Q,2019-10-25
us-gaap,SecuritiesSoldUnderAgreementsToRepurchase,USD,,2018-12-31,1082000000.0,10-K,2020-02-20
us-gaap,SecuritiesSoldUnderAgreementsToRepurchase,USD,,2019-03-31,1420000000.0,10-Q,2019-05-01
us-gaap,SecuritiesSoldUnderAgreementsToRepurchase,USD,,2019-06-30,1829000000.0,10-Q,2019-07-26
us-gaap,SecuritiesSoldUnderAgreementsToRepurchase,USD,,2019-09-30,1330000000.0,10-Q,2019-10-25
us-gaap,SecuritiesSoldUnderAgreementsToRepurchase,USD,,2019-12-31,1102000000.0,10-K,2020-02-20
us-gaap,SecuritiesSoldUnderAgreementsToRepurchase,USD,,2019-12-31,1102000000.0,10-Q,2020-04-28
us-gaap,SecuritiesSoldUnderAgreementsToRepurchase,USD,,2019-12-31,1102000000.0,10-Q,2020-07-27
us-gaap,SecuritiesSoldUnderAgreementsToRepurchase,USD,,2019-12-31,1102000000.0,10-Q,2020-10-23
us-gaap,SecuritiesSoldUnderAgreementsToRepurchase,USD,,2019-12-31,1102000000.0,10-K,2021-02-19
us-gaap,SecuritiesSoldUnderAgreementsToRepurchase,USD,,2020-03-31,5373000000.0,10-Q,2020-04-28
us-gaap,SecuritiesSoldUnderAgreementsToRepurchase,USD,,2020-06-30,3513000000.0,10-Q,2020-07-27
us-gaap,SecuritiesSoldUnderAgreementsToRepurchase,USD,,2020-09-30,2430000000.0,10-Q,2020-10-23
us-gaap,SecuritiesSoldUnderAgreementsToRepurchase,USD,,2020-12-31,3413000000.0,10-K,2021-02-19
us-gaap,SecuritiesSoldUnderAgreementsToRepurchase,USD,,2020-12-31,3413000000.0,10-Q,2021-04-23
us-gaap,SecuritiesSoldUnderAgreementsToRepurchase,USD,,2020-12-31,3413000000.0,10-Q,2021-07-23
us-gaap,SecuritiesSoldUnderAgreementsToRepurchase,USD,,2020-12-31,3413000000.0,10-Q,2021-10-22
us-gaap,SecuritiesSoldUnderAgreementsToRepurchase,USD,,2020-12-31,3413000000.0,10-K,2022-02-17
us-gaap,SecuritiesSoldUnderAgreementsToRepurchase,USD,,2021-03-31,587000000.0,10-Q,2021-04-23
us-gaap,SecuritiesSoldUnderAgreementsToRepurchase,USD,,2021-06-30,658000000.0,10-Q,2021-07-23
us-gaap,SecuritiesSoldUnderAgreementsToRepurchase,USD,,2021-09-30,637000000.0,10-Q,2021-10-22
us-gaap,SecuritiesSoldUnderAgreementsToRepurchase,USD,,2021-12-31,1575000000.0,10-K,2022-02-17
us-gaap,SecuritiesSoldUnderAgreementsToRepurchase,USD,,2021-12-31,1575000000.0,10-Q,2022-04-27
us-gaap,SecuritiesSoldUnderAgreementsToRepurchase,USD,,2021-12-31,1575000000.0,10-Q,2022-07-28
us-gaap,SecuritiesSoldUnderAgreementsToRepurchase,USD,,2021-12-31,1575000000.0,10-Q,2022-10-26
us-gaap,SecuritiesSoldUnderAgreementsToRepurchase,USD,,2021-12-31,1575000000.0,10-K,2023-02-16
us-gaap,SecuritiesSoldUnderAgreementsToRepurchase,USD,,2022-03-31,4277000000.0,10-Q,2022-04-27
us-gaap,SecuritiesSoldUnderAgreementsToRepurchase,USD,,2022-06-30,951000000.0,10-Q,2022-07-28
us-gaap,SecuritiesSoldUnderAgreementsToRepurchase,USD,,2022-09-30,4250000000.0,10-Q,2022-10-26
us-gaap,SecuritiesSoldUnderAgreementsToRepurchase,USD,,2022-12-31,1177000000.0,10-K,2023-02-16
us-gaap,SecuritiesSoldUnderAgreementsToRepurchase,USD,,2022-12-31,1177000000.0,10-Q,2023-04-27
us-gaap,SecuritiesSoldUnderAgreementsToRepurchase,USD,,2022-12-31,1177000000.0,10-Q,2023-07-28
us-gaap,SecuritiesSoldUnderAgreementsToRepurchase,USD,,2022-12-31,1177000000.0,10-Q,2023-10-27
us-gaap,SecuritiesSoldUnderAgreementsToRepurchase,USD,,2022-12-31,1177000000.0,10-K,2024-02-15
us-gaap,SecuritiesSoldUnderAgreementsToRepurchase,USD,,2023-03-31,3695000000.0,10-Q,2023-04-27
us-gaap,SecuritiesSoldUnderAgreementsToRepurchase,USD,,2023-06-30,4294000000.0,10-Q,2023-07-28
us-gaap,SecuritiesSoldUnderAgreementsToRepurchase,USD,,2023-09-30,3097000000.0,10-Q,2023-10-27
us-gaap,SecuritiesSoldUnderAgreementsToRepurchase,USD,,2023-12-31,1867000000.0,10-K,2024-02-15
us-gaap,SecuritiesSoldUnderAgreementsToRepurchase,USD,,2023-12-31,1867000000.0,10-Q,2024-05-02
us-gaap,SecuritiesSoldUnderAgreementsToRepurchase,USD,,2023-12-31,1867000000.0,10-Q,2024-08-01
us-gaap,SecuritiesSoldUnderAgreementsToRepurchase,USD,,2023-12-31,1867000000.0,10-Q,2024-10-31
us-gaap,SecuritiesSoldUnderAgreementsToRepurchase,USD,,2023-12-31,1867000000.0,10-K,2025-02-13
us-gaap,SecuritiesSoldUnderAgreementsToRepurchase,USD,,2024-03-31,3576000000.0,10-Q,2024-05-02
us-gaap,SecuritiesSoldUnderAgreementsToRepurchase,USD,,2024-06-30,2716000000.0,10-Q,2024-08-01
us-gaap,SecuritiesSoldUnderAgreementsToRepurchase,USD,,2024-09-30,2119000000.0,10-Q,2024-10-31
us-gaap,SecuritiesSoldUnderAgreementsToRepurchase,USD,,2024-12-31,3681000000.0,10-K,2025-02-13
us-gaap,SecuritiesSoldUnderAgreementsToRepurchase,USD,,2024-12-31,3681000000.0,10-Q,2025-05-01
us-gaap,SecuritiesSoldUnderAgreementsToRepurchase,USD,,2024-12-31,3681000000.0,10-Q,2025-07-31
us-gaap,SecuritiesSoldUnderAgreementsToRepurchase,USD,,2024-12-31,3681000000.0,10-Q,2025-10-30
us-gaap,SecuritiesSoldUnderAgreementsToRepurchase,USD,,2024-12-31,3681000000.0,10-K,2026-02-19
us-gaap,SecuritiesSoldUnderAgreementsToRepurchase,USD,,2025-03-31,3524000000.0,10-Q,2025-05-01
us-gaap,SecuritiesSoldUnderAgreementsToRepurchase,USD,,2025-06-30,2377000000.0,10-Q,2025-07-31
us-gaap,SecuritiesSoldUnderAgreementsToRepurchase,USD,,2025-09-30,206000000.0,10-Q,2025-10-30
us-gaap,SecuritiesSoldUnderAgreementsToRepurchase,USD,,2025-12-31,841000000.0,10-K,2026-02-19
us-gaap,SecuritiesSoldUnderAgreementsToRepurchase,USD,,2025-12-31,841000000.0,10-Q,2026-04-29
us-gaap,SecuritiesSoldUnderAgreementsToRepurchase,USD,,2025-12-31,841000000.0,10-Q,2026-07-30
us-gaap,SecuritiesSoldUnderAgreementsToRepurchase,USD,,2026-03-31,969000000.0,10-Q,2026-04-29
us-gaap,SecuritiesSoldUnderAgreementsToRepurchase,USD,,2026-06-30,395000000.0,10-Q,2026-07-30
us-gaap,TierOneLeverageCapitalToAverageAssets,pure,,2013-12-31,0.069,10-K,2015-02-20
us-gaap,TierOneLeverageCapitalToAverageAssets,pure,,2013-12-31,0.069,10-Q,2014-11-10
us-gaap,TierOneLeverageCapitalToAverageAssets,pure,,2013-12-31,0.069,10-Q,2014-08-08
us-gaap,TierOneRiskBasedCapitalToRiskWeightedAssets,pure,,2013-12-31,0.173,10-K,2015-02-20
us-gaap,TierOneRiskBasedCapitalToRiskWeightedAssets,pure,,2013-12-31,0.173,10-Q,2014-11-10
us-gaap,TierOneRiskBasedCapitalToRiskWeightedAssets,pure,,2013-12-31,0.173,10-Q,2014-08-08
us-gaap,FinancingReceivableExcludingAccruedInterestAfterAllowanceForCreditLoss,USD,,2021-12-31,32445000000.0,10-Q,2022-04-27
us-gaap,FinancingReceivableExcludingAccruedInterestAfterAllowanceForCreditLoss,USD,,2021-12-31,32445000000.0,10-Q,2022-07-28
us-gaap,FinancingReceivableExcludingAccruedInterestAfterAllowanceForCreditLoss,USD,,2021-12-31,32445000000.0,10-Q,2022-10-26
us-gaap,FinancingReceivableExcludingAccruedInterestAfterAllowanceForCreditLoss,USD,,2021-12-31,32445000000.0,10-K,2023-02-16
us-gaap,FinancingReceivableExcludingAccruedInterestAfterAllowanceForCreditLoss,USD,,2022-03-31,35055000000.0,10-Q,2022-04-27
us-gaap,FinancingReceivableExcludingAccruedInterestAfterAllowanceForCreditLoss,USD,,2022-06-30,33470000000.0,10-Q,2022-07-28
us-gaap,FinancingReceivableExcludingAccruedInterestAfterAllowanceForCreditLoss,USD,,2022-09-30,36016000000.0,10-Q,2022-10-26
us-gaap,FinancingReceivableExcludingAccruedInterestAfterAllowanceForCreditLoss,USD,,2022-12-31,32053000000.0,10-K,2023-02-16
us-gaap,FinancingReceivableExcludingAccruedInterestAfterAllowanceForCreditLoss,USD,,2022-12-31,32053000000.0,10-Q,2023-04-27
us-gaap,FinancingReceivableExcludingAccruedInterestAfterAllowanceForCreditLoss,USD,,2022-12-31,32053000000.0,10-Q,2023-07-28
us-gaap,FinancingReceivableExcludingAccruedInterestAfterAllowanceForCreditLoss,USD,,2022-12-31,32053000000.0,10-Q,2023-10-27
us-gaap,FinancingReceivableExcludingAccruedInterestAfterAllowanceForCreditLoss,USD,,2022-12-31,32053000000.0,10-K,2024-02-15
us-gaap,FinancingReceivableExcludingAccruedInterestAfterAllowanceForCreditLoss,USD,,2023-03-31,33801000000.0,10-Q,2023-04-27
us-gaap,FinancingReceivableExcludingAccruedInterestAfterAllowanceForCreditLoss,USD,,2023-06-30,34003000000.0,10-Q,2023-07-28
us-gaap,FinancingReceivableExcludingAccruedInterestAfterAllowanceForCreditLoss,USD,,2023-09-30,35317000000.0,10-Q,2023-10-27
us-gaap,FinancingReceivableExcludingAccruedInterestAfterAllowanceForCreditLoss,USD,,2023-12-31,36496000000.0,10-K,2024-02-15
us-gaap,FinancingReceivableExcludingAccruedInterestAfterAllowanceForCreditLoss,USD,,2023-12-31,36496000000.0,10-Q,2024-05-02
us-gaap,FinancingReceivableExcludingAccruedInterestAfterAllowanceForCreditLoss,USD,,2023-12-31,36496000000.0,10-Q,2024-08-01
us-gaap,FinancingReceivableExcludingAccruedInterestAfterAllowanceForCreditLoss,USD,,2023-12-31,36496000000.0,10-Q,2024-10-31
us-gaap,FinancingReceivableExcludingAccruedInterestAfterAllowanceForCreditLoss,USD,,2023-12-31,36496000000.0,10-K,2025-02-13
us-gaap,FinancingReceivableExcludingAccruedInterestAfterAllowanceForCreditLoss,USD,,2024-03-31,38500000000.0,10-Q,2024-05-02
us-gaap,FinancingReceivableExcludingAccruedInterestAfterAllowanceForCreditLoss,USD,,2024-06-30,39240000000.0,10-Q,2024-08-01
us-gaap,FinancingReceivableExcludingAccruedInterestAfterAllowanceForCreditLoss,USD,,2024-09-30,41799000000.0,10-Q,2024-10-31
us-gaap,FinancingReceivableExcludingAccruedInterestAfterAllowanceForCreditLoss,USD,,2024-12-31,43026000000.0,10-K,2025-02-13
us-gaap,FinancingReceivableExcludingAccruedInterestAfterAllowanceForCreditLoss,USD,,2024-12-31,43026000000.0,10-Q,2025-05-01
us-gaap,FinancingReceivableExcludingAccruedInterestAfterAllowanceForCreditLoss,USD,,2024-12-31,43026000000.0,10-Q,2025-07-31
us-gaap,FinancingReceivableExcludingAccruedInterestAfterAllowanceForCreditLoss,USD,,2024-12-31,43026000000.0,10-Q,2025-10-30
us-gaap,FinancingReceivableExcludingAccruedInterestAfterAllowanceForCreditLoss,USD,,2024-12-31,43026000000.0,10-K,2026-02-19
us-gaap,FinancingReceivableExcludingAccruedInterestAfterAllowanceForCreditLoss,USD,,2025-03-31,44509000000.0,10-Q,2025-05-01
us-gaap,FinancingReceivableExcludingAccruedInterestAfterAllowanceForCreditLoss,USD,,2025-06-30,47100000000.0,10-Q,2025-07-31
us-gaap,FinancingReceivableExcludingAccruedInterestAfterAllowanceForCreditLoss,USD,,2025-09-30,46470000000.0,10-Q,2025-10-30
us-gaap,FinancingReceivableExcludingAccruedInterestAfterAllowanceForCreditLoss,USD,,2025-12-31,46589000000.0,10-K,2026-02-19
us-gaap,FinancingReceivableExcludingAccruedInterestAfterAllowanceForCreditLoss,USD,,2025-12-31,46589000000.0,10-Q,2026-04-29
us-gaap,FinancingReceivableExcludingAccruedInterestAfterAllowanceForCreditLoss,USD,,2025-12-31,46589000000.0,10-Q,2026-07-30
us-gaap,FinancingReceivableExcludingAccruedInterestAfterAllowanceForCreditLoss,USD,,2026-03-31,49022000000.0,10-Q,2026-04-29
us-gaap,FinancingReceivableExcludingAccruedInterestAfterAllowanceForCreditLoss,USD,,2026-06-30,51901000000.0,10-Q,2026-07-30
us-gaap,FinancingReceivableExcludingAccruedInterestBeforeAllowanceForCreditLoss,USD,,2021-12-31,32532000000.0,10-Q,2022-04-27
us-gaap,FinancingReceivableExcludingAccruedInterestBeforeAllowanceForCreditLoss,USD,,2021-12-31,32532000000.0,10-Q,2022-07-28
us-gaap,FinancingReceivableExcludingAccruedInterestBeforeAllowanceForCreditLoss,USD,,2021-12-31,32532000000.0,10-Q,2022-10-26
us-gaap,FinancingReceivableExcludingAccruedInterestBeforeAllowanceForCreditLoss,USD,,2021-12-31,32532000000.0,10-K,2023-02-16
us-gaap,FinancingReceivableExcludingAccruedInterestBeforeAllowanceForCreditLoss,USD,,2022-03-31,35141000000.0,10-Q,2022-04-27
us-gaap,FinancingReceivableExcludingAccruedInterestBeforeAllowanceForCreditLoss,USD,,2022-06-30,33565000000.0,10-Q,2022-07-28
us-gaap,FinancingReceivableExcludingAccruedInterestBeforeAllowanceForCreditLoss,USD,,2022-09-30,36113000000.0,10-Q,2022-10-26
us-gaap,FinancingReceivableExcludingAccruedInterestBeforeAllowanceForCreditLoss,USD,,2022-12-31,32150000000.0,10-K,2023-02-16
us-gaap,FinancingReceivableExcludingAccruedInterestBeforeAllowanceForCreditLoss,USD,,2022-12-31,32150000000.0,10-Q,2023-04-27
us-gaap,FinancingReceivableExcludingAccruedInterestBeforeAllowanceForCreditLoss,USD,,2022-12-31,32150000000.0,10-Q,2023-07-28
us-gaap,FinancingReceivableExcludingAccruedInterestBeforeAllowanceForCreditLoss,USD,,2022-12-31,32150000000.0,10-Q,2023-10-27
us-gaap,FinancingReceivableExcludingAccruedInterestBeforeAllowanceForCreditLoss,USD,,2022-12-31,32150000000.0,10-K,2024-02-15
us-gaap,FinancingReceivableExcludingAccruedInterestBeforeAllowanceForCreditLoss,USD,,2023-03-31,33916000000.0,10-Q,2023-04-27
us-gaap,FinancingReceivableExcludingAccruedInterestBeforeAllowanceForCreditLoss,USD,,2023-06-30,34123000000.0,10-Q,2023-07-28
us-gaap,FinancingReceivableExcludingAccruedInterestBeforeAllowanceForCreditLoss,USD,,2023-09-30,35436000000.0,10-Q,2023-10-27
us-gaap,FinancingReceivableExcludingAccruedInterestBeforeAllowanceForCreditLoss,USD,,2023-12-31,36631000000.0,10-K,2024-02-15
us-gaap,FinancingReceivableExcludingAccruedInterestBeforeAllowanceForCreditLoss,USD,,2023-12-31,36631000000.0,10-Q,2024-05-02
us-gaap,FinancingReceivableExcludingAccruedInterestBeforeAllowanceForCreditLoss,USD,,2023-12-31,36631000000.0,10-Q,2024-08-01
us-gaap,FinancingReceivableExcludingAccruedInterestBeforeAllowanceForCreditLoss,USD,,2023-12-31,36631000000.0,10-Q,2024-10-31
us-gaap,FinancingReceivableExcludingAccruedInterestBeforeAllowanceForCreditLoss,USD,,2023-12-31,36631000000.0,10-K,2025-02-13
us-gaap,FinancingReceivableExcludingAccruedInterestBeforeAllowanceForCreditLoss,USD,,2024-03-31,38635000000.0,10-Q,2024-05-02
us-gaap,FinancingReceivableExcludingAccruedInterestBeforeAllowanceForCreditLoss,USD,,2024-06-30,39376000000.0,10-Q,2024-08-01
us-gaap,FinancingReceivableExcludingAccruedInterestBeforeAllowanceForCreditLoss,USD,,2024-09-30,41961000000.0,10-Q,2024-10-31
us-gaap,FinancingReceivableExcludingAccruedInterestBeforeAllowanceForCreditLoss,USD,,2024-12-31,43200000000.0,10-K,2025-02-13
us-gaap,FinancingReceivableExcludingAccruedInterestBeforeAllowanceForCreditLoss,USD,,2024-12-31,43200000000.0,10-Q,2025-05-01
us-gaap,FinancingReceivableExcludingAccruedInterestBeforeAllowanceForCreditLoss,USD,,2024-12-31,43200000000.0,10-Q,2025-07-31
us-gaap,FinancingReceivableExcludingAccruedInterestBeforeAllowanceForCreditLoss,USD,,2024-12-31,43200000000.0,10-Q,2025-10-30
us-gaap,FinancingReceivableExcludingAccruedInterestBeforeAllowanceForCreditLoss,USD,,2024-12-31,43200000000.0,10-K,2026-02-19
us-gaap,FinancingReceivableExcludingAccruedInterestBeforeAllowanceForCreditLoss,USD,,2025-03-31,44685000000.0,10-Q,2025-05-01
us-gaap,FinancingReceivableExcludingAccruedInterestBeforeAllowanceForCreditLoss,USD,,2025-06-30,47279000000.0,10-Q,2025-07-31
us-gaap,FinancingReceivableExcludingAccruedInterestBeforeAllowanceForCreditLoss,USD,,2025-09-30,46660000000.0,10-Q,2025-10-30
us-gaap,FinancingReceivableExcludingAccruedInterestBeforeAllowanceForCreditLoss,USD,,2025-12-31,46782000000.0,10-K,2026-02-19
us-gaap,FinancingReceivableExcludingAccruedInterestBeforeAllowanceForCreditLoss,USD,,2025-12-31,46782000000.0,10-Q,2026-04-29
us-gaap,FinancingReceivableExcludingAccruedInterestBeforeAllowanceForCreditLoss,USD,,2025-12-31,46782000000.0,10-Q,2026-07-30
us-gaap,FinancingReceivableExcludingAccruedInterestBeforeAllowanceForCreditLoss,USD,,2026-03-31,49190000000.0,10-Q,2026-04-29
us-gaap,FinancingReceivableExcludingAccruedInterestBeforeAllowanceForCreditLoss,USD,,2026-06-30,52062000000.0,10-Q,2026-07-30
us-gaap,TimeDeposits,USD,,2022-12-31,2980000000.0,10-K,2023-02-16
us-gaap,TimeDeposits,USD,,2022-12-31,2980000000.0,10-K,2024-02-15
us-gaap,TimeDeposits,USD,,2023-12-31,5800000000.0,10-K,2024-02-15
us-gaap,TimeDeposits,USD,,2023-12-31,5800000000.0,10-K,2025-02-13
us-gaap,TimeDeposits,USD,,2024-12-31,5780000000.0,10-K,2025-02-13
us-gaap,TimeDeposits,USD,,2024-12-31,5780000000.0,10-K,2026-02-19
us-gaap,TimeDeposits,USD,,2025-12-31,2670000000.0,10-K,2026-02-19
